[2026-07-06 21:25:34] [ROS] 节点已初始化: /unnamed
[2026-07-06 21:25:34] [ROS] 已订阅 /drone_field_xyz
[2026-07-06 21:25:34] [ROS] 已订阅 /radar/enemy/jam_key
[2026-07-06 21:25:34] [ROS] 已订阅 /radar/enemy/health_array
[2026-07-06 21:25:57] Messager start
[2026-07-06 21:25:57] Marked situation: [0, 0, 0, 0, 0, 0, 0]
[2026-07-06 21:25:57] have_double_effect_times: 0 , is_activating_double_effect: 0 , already_activate_double_effect_times: 0
[2026-07-06 21:25:57] Sent map info: [[0.0, 0.0], [0.0, 0.0], [2.39681, 2.36], [2.39681, 2.36], [0.5, 14.5], [2.39681, 2.36], [0.0, 0.0], [0.0, 0.0], [0.0, 0.0], [0.0, 0.0], [27.5, 0.5], [0.0, 0.0]]
[2026-07-06 21:25:57] Sent map infos: [[0.0, 0.0], [0.0, 0.0], [2.39681, 2.36], [2.39681, 2.36], [0.5, 14.5], [2.39681, 2.36], [0.0, 0.0], [0.0, 0.0], [0.0, 0.0], [0.0, 0.0], [27.5, 0.5], [0.0, 0.0]]
[2026-07-06 21:25:57] Marked situation: [0, 0, 0, 0, 0, 0, 0]
[2026-07-06 21:25:57] have_double_effect_times: 0 , is_activating_double_effect: 0 , already_activate_double_effect_times: 0
[2026-07-06 21:25:57] Marked situation: [0, 0, 0, 0, 0, 0, 0]
[2026-07-06 21:25:57] have_double_effect_times: 0 , is_activating_double_effect: 0 , already_activate_double_effect_times: 0
[2026-07-06 21:25:57] Sent map info: [[0.0, 0.0], [0.0, 0.0], [2.39681, 2.36], [2.39681, 2.36], [0.5, 14.5], [2.39681, 2.36], [0.0, 0.0], [0.0, 0.0], [0.0, 0.0], [0.0, 0.0], [27.5, 0.5], [0.0, 0.0]]
[2026-07-06 21:25:57] Sent map infos: [[0.0, 0.0], [0.0, 0.0], [2.39681, 2.36], [2.39681, 2.36], [0.5, 14.5], [2.39681, 2.36], [0.0, 0.0], [0.0, 0.0], [0.0, 0.0], [0.0, 0.0], [27.5, 0.5], [0.0, 0.0]]
[2026-07-06 21:25:58] Marked situation: [0, 0, 0, 0, 0, 0, 0]
[2026-07-06 21:25:58] have_double_effect_times: 0 , is_activating_double_effect: 0 , already_activate_double_effect_times: 0
[2026-07-06 21:25:58] Marked situation: [0, 0, 0, 0, 0, 0, 0]
[2026-07-06 21:25:58] have_double_effect_times: 0 , is_activating_double_effect: 0 , already_activate_double_effect_times: 0
[2026-07-06 21:25:58] Sent map info: [[0.0, 0.0], [0.0, 0.0], [2.39681, 2.36], [2.39681, 2.36], [0.5, 14.5], [2.39681, 2.36], [0.0, 0.0], [0.0, 0.0], [0.0, 0.0], [0.0, 0.0], [27.5, 0.5], [0.0, 0.0]]
[2026-07-06 21:25:58] Sent map infos: [[0.0, 0.0], [0.0, 0.0], [2.39681, 2.36], [2.39681, 2.36], [0.5, 14.5], [2.39681, 2.36], [0.0, 0.0], [0.0, 0.0], [0.0, 0.0], [0.0, 0.0], [27.5, 0.5], [0.0, 0.0]]
[2026-07-06 21:25:58] Marked situation: [0, 0, 0, 0, 0, 0, 0]
[2026-07-06 21:25:58] have_double_effect_times: 0 , is_activating_double_effect: 0 , already_activate_double_effect_times: 0
[2026-07-06 21:25:58] Marked situation: [0, 0, 0, 0, 0, 0, 0]
[2026-07-06 21:25:58] have_double_effect_times: 0 , is_activating_double_effect: 0 , already_activate_double_effect_times: 0
[2026-07-06 21:25:58] Sent map info: [[0.0, 0.0], [0.0, 0.0], [2.39681, 2.36], [2.39681, 2.36], [0.5, 14.5], [2.39681, 2.36], [0.0, 0.0], [0.0, 0.0], [0.0, 0.0], [0.0, 0.0], [27.5, 0.5], [0.0, 0.0]]
[2026-07-06 21:25:58] Sent map infos: [[0.0, 0.0], [0.0, 0.0], [2.39681, 2.36], [2.39681, 2.36], [0.5, 14.5], [2.39681, 2.36], [0.0, 0.0], [0.0, 0.0], [0.0, 0.0], [0.0, 0.0], [27.5, 0.5], [0.0, 0.0]]
[2026-07-06 21:25:58] Marked situation: [0, 0, 0, 0, 0, 0, 0]
[2026-07-06 21:25:58] have_double_effect_times: 0 , is_activating_double_effect: 0 , already_activate_double_effect_times: 0
[2026-07-06 21:25:59] Marked situation: [0, 0, 0, 0, 0, 0, 0]
[2026-07-06 21:25:59] have_double_effect_times: 0 , is_activating_double_effect: 0 , already_activate_double_effect_times: 0
[2026-07-06 21:25:59] Sent map info: [[0.0, 0.0], [0.0, 0.0], [2.39681, 2.36], [2.39681, 2.36], [0.5, 14.5], [2.39681, 2.36], [0.0, 0.0], [0.0, 0.0], [0.0, 0.0], [0.0, 0.0], [27.5, 0.5], [0.0, 0.0]]
[2026-07-06 21:25:59] Sent map infos: [[0.0, 0.0], [0.0, 0.0], [2.39681, 2.36], [2.39681, 2.36], [0.5, 14.5], [2.39681, 2.36], [0.0, 0.0], [0.0, 0.0], [0.0, 0.0], [0.0, 0.0], [27.5, 0.5], [0.0, 0.0]]
[2026-07-06 21:25:59] Marked situation: [0, 0, 0, 0, 0, 0, 0]
[2026-07-06 21:25:59] have_double_effect_times: 0 , is_activating_double_effect: 0 , already_activate_double_effect_times: 0
[2026-07-06 21:25:59] Marked situation: [0, 0, 0, 0, 0, 0, 0]
[2026-07-06 21:25:59] have_double_effect_times: 0 , is_activating_double_effect: 0 , already_activate_double_effect_times: 0
[2026-07-06 21:25:59] Sent map info: [[0.0, 0.0], [0.0, 0.0], [2.39681, 2.36], [2.39681, 2.36], [0.5, 14.5], [2.39681, 2.36], [0.0, 0.0], [0.0, 0.0], [0.0, 0.0], [0.0, 0.0], [27.5, 0.5], [0.0, 0.0]]
[2026-07-06 21:25:59] Sent map infos: [[0.0, 0.0], [0.0, 0.0], [2.39681, 2.36], [2.39681, 2.36], [0.5, 14.5], [2.39681, 2.36], [0.0, 0.0], [0.0, 0.0], [0.0, 0.0], [0.0, 0.0], [27.5, 0.5], [0.0, 0.0]]
[2026-07-06 21:25:59] Marked situation: [0, 0, 0, 0, 0, 0, 0]
[2026-07-06 21:25:59] have_double_effect_times: 0 , is_activating_double_effect: 0 , already_activate_double_effect_times: 0
[2026-07-06 21:25:59] Marked situation: [0, 0, 0, 0, 0, 0, 0]
[2026-07-06 21:25:59] have_double_effect_times: 0 , is_activating_double_effect: 0 , already_activate_double_effect_times: 0
[2026-07-06 21:25:59] Sent map info: [[0.0, 0.0], [0.0, 0.0], [2.39681, 2.36], [2.39681, 2.36], [0.5, 14.5], [2.39681, 2.36], [0.0, 0.0], [0.0, 0.0], [0.0, 0.0], [0.0, 0.0], [27.5, 0.5], [0.0, 0.0]]
[2026-07-06 21:25:59] Sent map infos: [[0.0, 0.0], [0.0, 0.0], [2.39681, 2.36], [2.39681, 2.36], [0.5, 14.5], [2.39681, 2.36], [0.0, 0.0], [0.0, 0.0], [0.0, 0.0], [0.0, 0.0], [27.5, 0.5], [0.0, 0.0]]
[2026-07-06 21:26:00] Marked situation: [0, 0, 0, 0, 0, 0, 0]
[2026-07-06 21:26:00] have_double_effect_times: 0 , is_activating_double_effect: 0 , already_activate_double_effect_times: 0
[2026-07-06 21:26:00] Marked situation: [0, 0, 0, 0, 0, 0, 0]
[2026-07-06 21:26:00] have_double_effect_times: 0 , is_activating_double_effect: 0 , already_activate_double_effect_times: 0
[2026-07-06 21:26:00] Sent map info: [[0.0, 0.0], [0.0, 0.0], [2.39681, 2.36], [2.39681, 2.36], [0.5, 14.5], [2.39681, 2.36], [0.0, 0.0], [0.0, 0.0], [0.0, 0.0], [0.0, 0.0], [27.5, 0.5], [0.0, 0.0]]
[2026-07-06 21:26:00] Sent map infos: [[0.0, 0.0], [0.0, 0.0], [2.39681, 2.36], [2.39681, 2.36], [0.5, 14.5], [2.39681, 2.36], [0.0, 0.0], [0.0, 0.0], [0.0, 0.0], [0.0, 0.0], [27.5, 0.5], [0.0, 0.0]]
[2026-07-06 21:26:00] Marked situation: [0, 0, 0, 0, 0, 0, 0]
[2026-07-06 21:26:00] have_double_effect_times: 0 , is_activating_double_effect: 0 , already_activate_double_effect_times: 0
[2026-07-06 21:26:00] Marked situation: [0, 0, 0, 0, 0, 0, 0]
[2026-07-06 21:26:00] have_double_effect_times: 0 , is_activating_double_effect: 0 , already_activate_double_effect_times: 0
[2026-07-06 21:26:00] Sent map info: [[0.0, 0.0], [0.0, 0.0], [2.39681, 2.36], [2.39681, 2.36], [0.5, 14.5], [2.39681, 2.36], [0.0, 0.0], [0.0, 0.0], [0.0, 0.0], [0.0, 0.0], [27.5, 0.5], [0.0, 0.0]]
[2026-07-06 21:26:00] Sent map infos: [[0.0, 0.0], [0.0, 0.0], [2.39681, 2.36], [2.39681, 2.36], [0.5, 14.5], [2.39681, 2.36], [0.0, 0.0], [0.0, 0.0], [0.0, 0.0], [0.0, 0.0], [27.5, 0.5], [0.0, 0.0]]
[2026-07-06 21:26:00] Marked situation: [0, 0, 0, 0, 0, 0, 0]
[2026-07-06 21:26:00] have_double_effect_times: 0 , is_activating_double_effect: 0 , already_activate_double_effect_times: 0
[2026-07-06 21:26:01] Marked situation: [0, 0, 0, 0, 0, 0, 0]
[2026-07-06 21:26:01] have_double_effect_times: 0 , is_activating_double_effect: 0 , already_activate_double_effect_times: 0
[2026-07-06 21:26:01] Sent map info: [[0.0, 0.0], [0.0, 0.0], [2.39681, 2.36], [2.39681, 2.36], [0.5, 14.5], [2.39681, 2.36], [0.0, 0.0], [0.0, 0.0], [0.0, 0.0], [0.0, 0.0], [27.5, 0.5], [0.0, 0.0]]
[2026-07-06 21:26:01] Sent map infos: [[0.0, 0.0], [0.0, 0.0], [2.39681, 2.36], [2.39681, 2.36], [0.5, 14.5], [2.39681, 2.36], [0.0, 0.0], [0.0, 0.0], [0.0, 0.0], [0.0, 0.0], [27.5, 0.5], [0.0, 0.0]]
[2026-07-06 21:26:01] Marked situation: [0, 0, 0, 0, 0, 0, 0]
[2026-07-06 21:26:01] have_double_effect_times: 0 , is_activating_double_effect: 0 , already_activate_double_effect_times: 0
[2026-07-06 21:26:01] Marked situation: [0, 0, 0, 0, 0, 0, 0]
[2026-07-06 21:26:01] have_double_effect_times: 0 , is_activating_double_effect: 0 , already_activate_double_effect_times: 0
[2026-07-06 21:26:01] Sent map info: [[0.0, 0.0], [0.0, 0.0], [2.39681, 2.36], [2.39681, 2.36], [0.5, 14.5], [2.39681, 2.36], [0.0, 0.0], [0.0, 0.0], [0.0, 0.0], [0.0, 0.0], [27.5, 0.5], [0.0, 0.0]]
[2026-07-06 21:26:01] Sent map infos: [[0.0, 0.0], [0.0, 0.0], [2.39681, 2.36], [2.39681, 2.36], [0.5, 14.5], [2.39681, 2.36], [0.0, 0.0], [0.0, 0.0], [0.0, 0.0], [0.0, 0.0], [27.5, 0.5], [0.0, 0.0]]
[2026-07-06 21:26:01] Marked situation: [0, 0, 0, 0, 0, 0, 0]
[2026-07-06 21:26:01] have_double_effect_times: 0 , is_activating_double_effect: 0 , already_activate_double_effect_times: 0
[2026-07-06 21:26:01] Marked situation: [0, 0, 0, 0, 0, 0, 0]
[2026-07-06 21:26:01] have_double_effect_times: 0 , is_activating_double_effect: 0 , already_activate_double_effect_times: 0
[2026-07-06 21:26:01] Sent map info: [[0.0, 0.0], [0.0, 0.0], [2.39681, 2.36], [2.39681, 2.36], [0.5, 14.5], [2.39681, 2.36], [0.0, 0.0], [0.0, 0.0], [0.0, 0.0], [0.0, 0.0], [27.5, 0.5], [0.0, 0.0]]
[2026-07-06 21:26:01] Sent map infos: [[0.0, 0.0], [0.0, 0.0], [2.39681, 2.36], [2.39681, 2.36], [0.5, 14.5], [2.39681, 2.36], [0.0, 0.0], [0.0, 0.0], [0.0, 0.0], [0.0, 0.0], [27.5, 0.5], [0.0, 0.0]]
[2026-07-06 21:26:02] Marked situation: [0, 0, 0, 0, 0, 0, 0]
[2026-07-06 21:26:02] have_double_effect_times: 0 , is_activating_double_effect: 0 , already_activate_double_effect_times: 0
[2026-07-06 21:26:02] Marked situation: [0, 0, 0, 0, 0, 0, 0]
[2026-07-06 21:26:02] have_double_effect_times: 0 , is_activating_double_effect: 0 , already_activate_double_effect_times: 0
[2026-07-06 21:26:02] Sent map info: [[0.0, 0.0], [0.0, 0.0], [2.39681, 2.36], [2.39681, 2.36], [0.5, 14.5], [2.39681, 2.36], [0.0, 0.0], [0.0, 0.0], [0.0, 0.0], [0.0, 0.0], [27.5, 0.5], [0.0, 0.0]]
[2026-07-06 21:26:02] Sent map infos: [[0.0, 0.0], [0.0, 0.0], [2.39681, 2.36], [2.39681, 2.36], [0.5, 14.5], [2.39681, 2.36], [0.0, 0.0], [0.0, 0.0], [0.0, 0.0], [0.0, 0.0], [27.5, 0.5], [0.0, 0.0]]
[2026-07-06 21:26:02] Marked situation: [0, 0, 0, 0, 0, 0, 0]
[2026-07-06 21:26:02] have_double_effect_times: 0 , is_activating_double_effect: 0 , already_activate_double_effect_times: 0
[2026-07-06 21:26:02] Marked situation: [0, 0, 0, 0, 0, 0, 0]
[2026-07-06 21:26:02] have_double_effect_times: 0 , is_activating_double_effect: 0 , already_activate_double_effect_times: 0
[2026-07-06 21:26:02] Sent map info: [[0.0, 0.0], [0.0, 0.0], [2.39681, 2.36], [2.39681, 2.36], [0.5, 14.5], [2.39681, 2.36], [0.0, 0.0], [0.0, 0.0], [0.0, 0.0], [0.0, 0.0], [27.5, 0.5], [0.0, 0.0]]
[2026-07-06 21:26:02] Sent map infos: [[0.0, 0.0], [0.0, 0.0], [2.39681, 2.36], [2.39681, 2.36], [0.5, 14.5], [2.39681, 2.36], [0.0, 0.0], [0.0, 0.0], [0.0, 0.0], [0.0, 0.0], [27.5, 0.5], [0.0, 0.0]]
[2026-07-06 21:26:02] Marked situation: [0, 0, 0, 0, 0, 0, 0]
[2026-07-06 21:26:02] have_double_effect_times: 0 , is_activating_double_effect: 0 , already_activate_double_effect_times: 0
[2026-07-06 21:26:03] Marked situation: [0, 0, 0, 0, 0, 0, 0]
[2026-07-06 21:26:03] have_double_effect_times: 0 , is_activating_double_effect: 0 , already_activate_double_effect_times: 0
[2026-07-06 21:26:03] Sent map info: [[0.0, 0.0], [0.0, 0.0], [2.39681, 2.36], [2.39681, 2.36], [0.5, 14.5], [2.39681, 2.36], [0.0, 0.0], [0.0, 0.0], [0.0, 0.0], [0.0, 0.0], [27.5, 0.5], [0.0, 0.0]]
[2026-07-06 21:26:03] Sent map infos: [[0.0, 0.0], [0.0, 0.0], [2.39681, 2.36], [2.39681, 2.36], [0.5, 14.5], [2.39681, 2.36], [0.0, 0.0], [0.0, 0.0], [0.0, 0.0], [0.0, 0.0], [27.5, 0.5], [0.0, 0.0]]
[2026-07-06 21:26:03] Marked situation: [0, 0, 0, 0, 0, 0, 0]
[2026-07-06 21:26:03] have_double_effect_times: 0 , is_activating_double_effect: 0 , already_activate_double_effect_times: 0
[2026-07-06 21:26:03] Marked situation: [0, 0, 0, 0, 0, 0, 0]
[2026-07-06 21:26:03] have_double_effect_times: 0 , is_activating_double_effect: 0 , already_activate_double_effect_times: 0
[2026-07-06 21:26:03] Sent map info: [[0.0, 0.0], [0.0, 0.0], [2.39681, 2.36], [2.39681, 2.36], [0.5, 14.5], [2.39681, 2.36], [0.0, 0.0], [0.0, 0.0], [0.0, 0.0], [0.0, 0.0], [27.5, 0.5], [0.0, 0.0]]
[2026-07-06 21:26:03] Sent map infos: [[0.0, 0.0], [0.0, 0.0], [2.39681, 2.36], [2.39681, 2.36], [0.5, 14.5], [2.39681, 2.36], [0.0, 0.0], [0.0, 0.0], [0.0, 0.0], [0.0, 0.0], [27.5, 0.5], [0.0, 0.0]]
[2026-07-06 21:26:03] Marked situation: [0, 0, 0, 0, 0, 0, 0]
[2026-07-06 21:26:03] have_double_effect_times: 0 , is_activating_double_effect: 0 , already_activate_double_effect_times: 0
[2026-07-06 21:26:03] Marked situation: [0, 0, 0, 0, 0, 0, 0]
[2026-07-06 21:26:03] have_double_effect_times: 0 , is_activating_double_effect: 0 , already_activate_double_effect_times: 0
[2026-07-06 21:26:03] Sent map info: [[0.0, 0.0], [0.0, 0.0], [2.39681, 2.36], [2.39681, 2.36], [0.5, 14.5], [2.39681, 2.36], [0.0, 0.0], [0.0, 0.0], [0.0, 0.0], [0.0, 0.0], [27.5, 0.5], [0.0, 0.0]]
[2026-07-06 21:26:03] Sent map infos: [[0.0, 0.0], [0.0, 0.0], [2.39681, 2.36], [2.39681, 2.36], [0.5, 14.5], [2.39681, 2.36], [0.0, 0.0], [0.0, 0.0], [0.0, 0.0], [0.0, 0.0], [27.5, 0.5], [0.0, 0.0]]
[2026-07-06 21:26:04] Marked situation: [0, 0, 0, 0, 0, 0, 0]
[2026-07-06 21:26:04] have_double_effect_times: 0 , is_activating_double_effect: 0 , already_activate_double_effect_times: 0
[2026-07-06 21:26:04] Marked situation: [0, 0, 0, 0, 0, 0, 0]
[2026-07-06 21:26:04] have_double_effect_times: 0 , is_activating_double_effect: 0 , already_activate_double_effect_times: 0
[2026-07-06 21:26:04] Sent map info: [[0.0, 0.0], [0.0, 0.0], [2.39681, 2.36], [2.39681, 2.36], [0.5, 14.5], [2.39681, 2.36], [0.0, 0.0], [0.0, 0.0], [0.0, 0.0], [0.0, 0.0], [27.5, 0.5], [0.0, 0.0]]
[2026-07-06 21:26:04] Sent map infos: [[0.0, 0.0], [0.0, 0.0], [2.39681, 2.36], [2.39681, 2.36], [0.5, 14.5], [2.39681, 2.36], [0.0, 0.0], [0.0, 0.0], [0.0, 0.0], [0.0, 0.0], [27.5, 0.5], [0.0, 0.0]]
[2026-07-06 21:26:04] Marked situation: [0, 0, 0, 0, 0, 0, 0]
[2026-07-06 21:26:04] have_double_effect_times: 0 , is_activating_double_effect: 0 , already_activate_double_effect_times: 0
[2026-07-06 21:26:04] Marked situation: [0, 0, 0, 0, 0, 0, 0]
[2026-07-06 21:26:04] have_double_effect_times: 0 , is_activating_double_effect: 0 , already_activate_double_effect_times: 0
[2026-07-06 21:26:04] Sent map info: [[0.0, 0.0], [0.0, 0.0], [2.39681, 2.36], [2.39681, 2.36], [0.5, 14.5], [2.39681, 2.36], [0.0, 0.0], [0.0, 0.0], [0.0, 0.0], [0.0, 0.0], [27.5, 0.5], [0.0, 0.0]]
[2026-07-06 21:26:04] Sent map infos: [[0.0, 0.0], [0.0, 0.0], [2.39681, 2.36], [2.39681, 2.36], [0.5, 14.5], [2.39681, 2.36], [0.0, 0.0], [0.0, 0.0], [0.0, 0.0], [0.0, 0.0], [27.5, 0.5], [0.0, 0.0]]
[2026-07-06 21:26:04] Marked situation: [0, 0, 0, 0, 0, 0, 0]
[2026-07-06 21:26:04] have_double_effect_times: 0 , is_activating_double_effect: 0 , already_activate_double_effect_times: 0
[2026-07-06 21:26:05] Marked situation: [0, 0, 0, 0, 0, 0, 0]
[2026-07-06 21:26:05] have_double_effect_times: 0 , is_activating_double_effect: 0 , already_activate_double_effect_times: 0
[2026-07-06 21:26:05] Sent map info: [[0.0, 0.0], [0.0, 0.0], [2.39681, 2.36], [2.39681, 2.36], [0.5, 14.5], [2.39681, 2.36], [0.0, 0.0], [0.0, 0.0], [0.0, 0.0], [0.0, 0.0], [27.5, 0.5], [0.0, 0.0]]
[2026-07-06 21:26:05] Sent map infos: [[0.0, 0.0], [0.0, 0.0], [2.39681, 2.36], [2.39681, 2.36], [0.5, 14.5], [2.39681, 2.36], [0.0, 0.0], [0.0, 0.0], [0.0, 0.0], [0.0, 0.0], [27.5, 0.5], [0.0, 0.0]]
[2026-07-06 21:26:05] Marked situation: [0, 0, 0, 0, 0, 0, 0]
[2026-07-06 21:26:05] have_double_effect_times: 0 , is_activating_double_effect: 0 , already_activate_double_effect_times: 0
[2026-07-06 21:26:05] Marked situation: [0, 0, 0, 0, 0, 0, 0]
[2026-07-06 21:26:05] have_double_effect_times: 0 , is_activating_double_effect: 0 , already_activate_double_effect_times: 0
[2026-07-06 21:26:05] Sent map info: [[0.0, 0.0], [0.0, 0.0], [2.39681, 2.36], [2.39681, 2.36], [0.5, 14.5], [2.39681, 2.36], [0.0, 0.0], [0.0, 0.0], [0.0, 0.0], [0.0, 0.0], [27.5, 0.5], [0.0, 0.0]]
[2026-07-06 21:26:05] Sent map infos: [[0.0, 0.0], [0.0, 0.0], [2.39681, 2.36], [2.39681, 2.36], [0.5, 14.5], [2.39681, 2.36], [0.0, 0.0], [0.0, 0.0], [0.0, 0.0], [0.0, 0.0], [27.5, 0.5], [0.0, 0.0]]
[2026-07-06 21:26:05] Marked situation: [0, 0, 0, 0, 0, 0, 0]
[2026-07-06 21:26:05] have_double_effect_times: 0 , is_activating_double_effect: 0 , already_activate_double_effect_times: 0
[2026-07-06 21:26:05] Marked situation: [0, 0, 0, 0, 0, 0, 0]
[2026-07-06 21:26:05] have_double_effect_times: 0 , is_activating_double_effect: 0 , already_activate_double_effect_times: 0
[2026-07-06 21:26:05] Sent map info: [[0.0, 0.0], [0.0, 0.0], [2.39681, 2.36], [2.39681, 2.36], [0.5, 14.5], [2.39681, 2.36], [0.0, 0.0], [0.0, 0.0], [0.0, 0.0], [0.0, 0.0], [27.5, 0.5], [0.0, 0.0]]
[2026-07-06 21:26:05] Sent map infos: [[0.0, 0.0], [0.0, 0.0], [2.39681, 2.36], [2.39681, 2.36], [0.5, 14.5], [2.39681, 2.36], [0.0, 0.0], [0.0, 0.0], [0.0, 0.0], [0.0, 0.0], [27.5, 0.5], [0.0, 0.0]]
[2026-07-06 21:26:06] Marked situation: [0, 0, 0, 0, 0, 0, 0]
[2026-07-06 21:26:06] have_double_effect_times: 0 , is_activating_double_effect: 0 , already_activate_double_effect_times: 0
[2026-07-06 21:26:06] Marked situation: [0, 0, 0, 0, 0, 0, 0]
[2026-07-06 21:26:06] have_double_effect_times: 0 , is_activating_double_effect: 0 , already_activate_double_effect_times: 0
[2026-07-06 21:26:06] Sent map info: [[0.0, 0.0], [0.0, 0.0], [2.39681, 2.36], [2.39681, 2.36], [0.5, 14.5], [2.39681, 2.36], [0.0, 0.0], [0.0, 0.0], [0.0, 0.0], [0.0, 0.0], [27.5, 0.5], [0.0, 0.0]]
[2026-07-06 21:26:06] Sent map infos: [[0.0, 0.0], [0.0, 0.0], [2.39681, 2.36], [2.39681, 2.36], [0.5, 14.5], [2.39681, 2.36], [0.0, 0.0], [0.0, 0.0], [0.0, 0.0], [0.0, 0.0], [27.5, 0.5], [0.0, 0.0]]
[2026-07-06 21:26:06] Marked situation: [0, 0, 0, 0, 0, 0, 0]
[2026-07-06 21:26:06] have_double_effect_times: 0 , is_activating_double_effect: 0 , already_activate_double_effect_times: 0
[2026-07-06 21:26:06] Marked situation: [0, 0, 0, 0, 0, 0, 0]
[2026-07-06 21:26:06] have_double_effect_times: 0 , is_activating_double_effect: 0 , already_activate_double_effect_times: 0
[2026-07-06 21:26:06] Sent map info: [[0.0, 0.0], [0.0, 0.0], [2.39681, 2.36], [2.39681, 2.36], [0.5, 14.5], [2.39681, 2.36], [0.0, 0.0], [0.0, 0.0], [0.0, 0.0], [0.0, 0.0], [27.5, 0.5], [0.0, 0.0]]
[2026-07-06 21:26:06] Sent map infos: [[0.0, 0.0], [0.0, 0.0], [2.39681, 2.36], [2.39681, 2.36], [0.5, 14.5], [2.39681, 2.36], [0.0, 0.0], [0.0, 0.0], [0.0, 0.0], [0.0, 0.0], [27.5, 0.5], [0.0, 0.0]]
[2026-07-06 21:26:06] Marked situation: [0, 0, 0, 0, 0, 0, 0]
[2026-07-06 21:26:06] have_double_effect_times: 0 , is_activating_double_effect: 0 , already_activate_double_effect_times: 0
[2026-07-06 21:26:07] Marked situation: [0, 0, 0, 0, 0, 0, 0]
[2026-07-06 21:26:07] have_double_effect_times: 0 , is_activating_double_effect: 0 , already_activate_double_effect_times: 0
[2026-07-06 21:26:07] Sent map info: [[0.0, 0.0], [0.0, 0.0], [2.39681, 2.36], [2.39681, 2.36], [0.5, 14.5], [2.39681, 2.36], [0.0, 0.0], [0.0, 0.0], [0.0, 0.0], [0.0, 0.0], [27.5, 0.5], [0.0, 0.0]]
[2026-07-06 21:26:07] Sent map infos: [[0.0, 0.0], [0.0, 0.0], [2.39681, 2.36], [2.39681, 2.36], [0.5, 14.5], [2.39681, 2.36], [0.0, 0.0], [0.0, 0.0], [0.0, 0.0], [0.0, 0.0], [27.5, 0.5], [0.0, 0.0]]
[2026-07-06 21:26:07] Marked situation: [0, 0, 0, 0, 0, 0, 0]
[2026-07-06 21:26:07] have_double_effect_times: 0 , is_activating_double_effect: 0 , already_activate_double_effect_times: 0
[2026-07-06 21:26:07] Marked situation: [0, 0, 0, 0, 0, 0, 0]
[2026-07-06 21:26:07] have_double_effect_times: 0 , is_activating_double_effect: 0 , already_activate_double_effect_times: 0
[2026-07-06 21:26:07] Sent map info: [[0.0, 0.0], [0.0, 0.0], [2.39681, 2.36], [2.39681, 2.36], [0.5, 14.5], [2.39681, 2.36], [0.0, 0.0], [0.0, 0.0], [0.0, 0.0], [0.0, 0.0], [27.5, 0.5], [0.0, 0.0]]
[2026-07-06 21:26:07] Sent map infos: [[0.0, 0.0], [0.0, 0.0], [2.39681, 2.36], [2.39681, 2.36], [0.5, 14.5], [2.39681, 2.36], [0.0, 0.0], [0.0, 0.0], [0.0, 0.0], [0.0, 0.0], [27.5, 0.5], [0.0, 0.0]]
[2026-07-06 21:26:07] Marked situation: [0, 0, 0, 0, 0, 0, 0]
[2026-07-06 21:26:07] have_double_effect_times: 0 , is_activating_double_effect: 0 , already_activate_double_effect_times: 0
[2026-07-06 21:26:07] Marked situation: [0, 0, 0, 0, 0, 0, 0]
[2026-07-06 21:26:07] have_double_effect_times: 0 , is_activating_double_effect: 0 , already_activate_double_effect_times: 0
[2026-07-06 21:26:07] Sent map info: [[0.0, 0.0], [0.0, 0.0], [2.39681, 2.36], [2.39681, 2.36], [0.5, 14.5], [2.39681, 2.36], [0.0, 0.0], [0.0, 0.0], [0.0, 0.0], [0.0, 0.0], [27.5, 0.5], [0.0, 0.0]]
[2026-07-06 21:26:07] Sent map infos: [[0.0, 0.0], [0.0, 0.0], [2.39681, 2.36], [2.39681, 2.36], [0.5, 14.5], [2.39681, 2.36], [0.0, 0.0], [0.0, 0.0], [0.0, 0.0], [0.0, 0.0], [27.5, 0.5], [0.0, 0.0]]
[2026-07-06 21:26:08] Marked situation: [0, 0, 0, 0, 0, 0, 0]
[2026-07-06 21:26:08] have_double_effect_times: 0 , is_activating_double_effect: 0 , already_activate_double_effect_times: 0
[2026-07-06 21:26:08] Marked situation: [0, 0, 0, 0, 0, 0, 0]
[2026-07-06 21:26:08] have_double_effect_times: 0 , is_activating_double_effect: 0 , already_activate_double_effect_times: 0
[2026-07-06 21:26:08] Sent map info: [[0.0, 0.0], [0.0, 0.0], [2.39681, 2.36], [2.39681, 2.36], [0.5, 14.5], [2.39681, 2.36], [0.0, 0.0], [0.0, 0.0], [0.0, 0.0], [0.0, 0.0], [27.5, 0.5], [0.0, 0.0]]
[2026-07-06 21:26:08] Sent map infos: [[0.0, 0.0], [0.0, 0.0], [2.39681, 2.36], [2.39681, 2.36], [0.5, 14.5], [2.39681, 2.36], [0.0, 0.0], [0.0, 0.0], [0.0, 0.0], [0.0, 0.0], [27.5, 0.5], [0.0, 0.0]]
[2026-07-06 21:26:08] Marked situation: [0, 0, 0, 0, 0, 0, 0]
[2026-07-06 21:26:08] have_double_effect_times: 0 , is_activating_double_effect: 0 , already_activate_double_effect_times: 0
[2026-07-06 21:26:08] Marked situation: [0, 0, 0, 0, 0, 0, 0]
[2026-07-06 21:26:08] have_double_effect_times: 0 , is_activating_double_effect: 0 , already_activate_double_effect_times: 0
[2026-07-06 21:26:08] Sent map info: [[0.0, 0.0], [0.0, 0.0], [2.39681, 2.36], [2.39681, 2.36], [0.5, 14.5], [2.39681, 2.36], [0.0, 0.0], [0.0, 0.0], [0.0, 0.0], [0.0, 0.0], [27.5, 0.5], [0.0, 0.0]]
[2026-07-06 21:26:08] Sent map infos: [[0.0, 0.0], [0.0, 0.0], [2.39681, 2.36], [2.39681, 2.36], [0.5, 14.5], [2.39681, 2.36], [0.0, 0.0], [0.0, 0.0], [0.0, 0.0], [0.0, 0.0], [27.5, 0.5], [0.0, 0.0]]
[2026-07-06 21:26:08] Marked situation: [0, 0, 0, 0, 0, 0, 0]
[2026-07-06 21:26:08] have_double_effect_times: 0 , is_activating_double_effect: 0 , already_activate_double_effect_times: 0
[2026-07-06 21:26:09] Marked situation: [0, 0, 0, 0, 0, 0, 0]
[2026-07-06 21:26:09] have_double_effect_times: 0 , is_activating_double_effect: 0 , already_activate_double_effect_times: 0
[2026-07-06 21:26:09] Sent map info: [[0.0, 0.0], [0.0, 0.0], [2.39681, 2.36], [2.39681, 2.36], [0.5, 14.5], [2.39681, 2.36], [0.0, 0.0], [0.0, 0.0], [0.0, 0.0], [0.0, 0.0], [27.5, 0.5], [0.0, 0.0]]
[2026-07-06 21:26:09] Sent map infos: [[0.0, 0.0], [0.0, 0.0], [2.39681, 2.36], [2.39681, 2.36], [0.5, 14.5], [2.39681, 2.36], [0.0, 0.0], [0.0, 0.0], [0.0, 0.0], [0.0, 0.0], [27.5, 0.5], [0.0, 0.0]]
[2026-07-06 21:26:09] Marked situation: [0, 0, 0, 0, 0, 0, 0]
[2026-07-06 21:26:09] have_double_effect_times: 0 , is_activating_double_effect: 0 , already_activate_double_effect_times: 0
[2026-07-06 21:26:09] Marked situation: [0, 0, 0, 0, 0, 0, 0]
[2026-07-06 21:26:09] have_double_effect_times: 0 , is_activating_double_effect: 0 , already_activate_double_effect_times: 0
[2026-07-06 21:26:09] Sent map info: [[0.0, 0.0], [0.0, 0.0], [2.39681, 2.36], [2.39681, 2.36], [0.5, 14.5], [2.39681, 2.36], [0.0, 0.0], [0.0, 0.0], [0.0, 0.0], [0.0, 0.0], [27.5, 0.5], [0.0, 0.0]]
[2026-07-06 21:26:09] Sent map infos: [[0.0, 0.0], [0.0, 0.0], [2.39681, 2.36], [2.39681, 2.36], [0.5, 14.5], [2.39681, 2.36], [0.0, 0.0], [0.0, 0.0], [0.0, 0.0], [0.0, 0.0], [27.5, 0.5], [0.0, 0.0]]
[2026-07-06 21:26:09] Marked situation: [0, 0, 0, 0, 0, 0, 0]
[2026-07-06 21:26:09] have_double_effect_times: 0 , is_activating_double_effect: 0 , already_activate_double_effect_times: 0
[2026-07-06 21:26:09] Marked situation: [0, 0, 0, 0, 0, 0, 0]
[2026-07-06 21:26:09] have_double_effect_times: 0 , is_activating_double_effect: 0 , already_activate_double_effect_times: 0
[2026-07-06 21:26:09] Sent map info: [[0.0, 0.0], [0.0, 0.0], [2.39681, 2.36], [2.39681, 2.36], [0.5, 14.5], [2.39681, 2.36], [0.0, 0.0], [0.0, 0.0], [0.0, 0.0], [0.0, 0.0], [27.5, 0.5], [0.0, 0.0]]
[2026-07-06 21:26:09] Sent map infos: [[0.0, 0.0], [0.0, 0.0], [2.39681, 2.36], [2.39681, 2.36], [0.5, 14.5], [2.39681, 2.36], [0.0, 0.0], [0.0, 0.0], [0.0, 0.0], [0.0, 0.0], [27.5, 0.5], [0.0, 0.0]]
[2026-07-06 21:26:10] Marked situation: [0, 0, 0, 0, 0, 0, 0]
[2026-07-06 21:26:10] have_double_effect_times: 0 , is_activating_double_effect: 0 , already_activate_double_effect_times: 0
[2026-07-06 21:26:10] Marked situation: [0, 0, 0, 0, 0, 0, 0]
[2026-07-06 21:26:10] have_double_effect_times: 0 , is_activating_double_effect: 0 , already_activate_double_effect_times: 0
[2026-07-06 21:26:10] Sent map info: [[0.0, 0.0], [0.0, 0.0], [2.39681, 2.36], [2.39681, 2.36], [0.5, 14.5], [2.39681, 2.36], [0.0, 0.0], [0.0, 0.0], [0.0, 0.0], [0.0, 0.0], [27.5, 0.5], [0.0, 0.0]]
[2026-07-06 21:26:10] Sent map infos: [[0.0, 0.0], [0.0, 0.0], [2.39681, 2.36], [2.39681, 2.36], [0.5, 14.5], [2.39681, 2.36], [0.0, 0.0], [0.0, 0.0], [0.0, 0.0], [0.0, 0.0], [27.5, 0.5], [0.0, 0.0]]
[2026-07-06 21:26:10] Marked situation: [0, 0, 0, 0, 0, 0, 0]
[2026-07-06 21:26:10] have_double_effect_times: 0 , is_activating_double_effect: 0 , already_activate_double_effect_times: 0
[2026-07-06 21:26:10] Marked situation: [0, 0, 0, 0, 0, 0, 0]
[2026-07-06 21:26:10] have_double_effect_times: 0 , is_activating_double_effect: 0 , already_activate_double_effect_times: 0
[2026-07-06 21:26:10] Sent map info: [[0.0, 0.0], [0.0, 0.0], [2.39681, 2.36], [2.39681, 2.36], [0.5, 14.5], [2.39681, 2.36], [0.0, 0.0], [0.0, 0.0], [0.0, 0.0], [0.0, 0.0], [27.5, 0.5], [0.0, 0.0]]
[2026-07-06 21:26:10] Sent map infos: [[0.0, 0.0], [0.0, 0.0], [2.39681, 2.36], [2.39681, 2.36], [0.5, 14.5], [2.39681, 2.36], [0.0, 0.0], [0.0, 0.0], [0.0, 0.0], [0.0, 0.0], [27.5, 0.5], [0.0, 0.0]]
[2026-07-06 21:26:10] Marked situation: [0, 0, 0, 0, 0, 0, 0]
[2026-07-06 21:26:10] have_double_effect_times: 0 , is_activating_double_effect: 0 , already_activate_double_effect_times: 0
[2026-07-06 21:26:11] Marked situation: [0, 0, 0, 0, 0, 0, 0]
[2026-07-06 21:26:11] have_double_effect_times: 0 , is_activating_double_effect: 0 , already_activate_double_effect_times: 0
[2026-07-06 21:26:11] Sent map info: [[0.0, 0.0], [0.0, 0.0], [2.39681, 2.36], [2.39681, 2.36], [0.5, 14.5], [2.39681, 2.36], [0.0, 0.0], [0.0, 0.0], [0.0, 0.0], [0.0, 0.0], [27.5, 0.5], [0.0, 0.0]]
[2026-07-06 21:26:11] Sent map infos: [[0.0, 0.0], [0.0, 0.0], [2.39681, 2.36], [2.39681, 2.36], [0.5, 14.5], [2.39681, 2.36], [0.0, 0.0], [0.0, 0.0], [0.0, 0.0], [0.0, 0.0], [27.5, 0.5], [0.0, 0.0]]
[2026-07-06 21:26:11] Marked situation: [0, 0, 0, 0, 0, 0, 0]
[2026-07-06 21:26:11] have_double_effect_times: 0 , is_activating_double_effect: 0 , already_activate_double_effect_times: 0
[2026-07-06 21:26:11] Marked situation: [0, 0, 0, 0, 0, 0, 0]
[2026-07-06 21:26:11] have_double_effect_times: 0 , is_activating_double_effect: 0 , already_activate_double_effect_times: 0
[2026-07-06 21:26:11] Sent map info: [[0.0, 0.0], [0.0, 0.0], [2.39681, 2.36], [2.39681, 2.36], [0.5, 14.5], [2.39681, 2.36], [0.0, 0.0], [0.0, 0.0], [0.0, 0.0], [0.0, 0.0], [27.5, 0.5], [0.0, 0.0]]
[2026-07-06 21:26:11] Sent map infos: [[0.0, 0.0], [0.0, 0.0], [2.39681, 2.36], [2.39681, 2.36], [0.5, 14.5], [2.39681, 2.36], [0.0, 0.0], [0.0, 0.0], [0.0, 0.0], [0.0, 0.0], [27.5, 0.5], [0.0, 0.0]]
[2026-07-06 21:26:11] Marked situation: [0, 0, 0, 0, 0, 0, 0]
[2026-07-06 21:26:11] have_double_effect_times: 0 , is_activating_double_effect: 0 , already_activate_double_effect_times: 0
[2026-07-06 21:26:11] Marked situation: [0, 0, 0, 0, 0, 0, 0]
[2026-07-06 21:26:11] have_double_effect_times: 0 , is_activating_double_effect: 0 , already_activate_double_effect_times: 0
[2026-07-06 21:26:11] Sent map info: [[0.0, 0.0], [0.0, 0.0], [2.39681, 2.36], [2.39681, 2.36], [0.5, 14.5], [2.39681, 2.36], [0.0, 0.0], [0.0, 0.0], [0.0, 0.0], [0.0, 0.0], [27.5, 0.5], [0.0, 0.0]]
[2026-07-06 21:26:11] Sent map infos: [[0.0, 0.0], [0.0, 0.0], [2.39681, 2.36], [2.39681, 2.36], [0.5, 14.5], [2.39681, 2.36], [0.0, 0.0], [0.0, 0.0], [0.0, 0.0], [0.0, 0.0], [27.5, 0.5], [0.0, 0.0]]
[2026-07-06 21:26:12] Marked situation: [0, 0, 0, 0, 0, 0, 0]
[2026-07-06 21:26:12] have_double_effect_times: 0 , is_activating_double_effect: 0 , already_activate_double_effect_times: 0
[2026-07-06 21:26:12] Marked situation: [0, 0, 0, 0, 0, 0, 0]
[2026-07-06 21:26:12] have_double_effect_times: 0 , is_activating_double_effect: 0 , already_activate_double_effect_times: 0
[2026-07-06 21:26:12] Sent map info: [[0.0, 0.0], [0.0, 0.0], [2.39681, 2.36], [2.39681, 2.36], [0.5, 14.5], [2.39681, 2.36], [0.0, 0.0], [0.0, 0.0], [0.0, 0.0], [0.0, 0.0], [27.5, 0.5], [0.0, 0.0]]
[2026-07-06 21:26:12] Sent map infos: [[0.0, 0.0], [0.0, 0.0], [2.39681, 2.36], [2.39681, 2.36], [0.5, 14.5], [2.39681, 2.36], [0.0, 0.0], [0.0, 0.0], [0.0, 0.0], [0.0, 0.0], [27.5, 0.5], [0.0, 0.0]]
[2026-07-06 21:26:12] Marked situation: [0, 0, 0, 0, 0, 0, 0]
[2026-07-06 21:26:12] have_double_effect_times: 0 , is_activating_double_effect: 0 , already_activate_double_effect_times: 0
[2026-07-06 21:26:12] Marked situation: [0, 0, 0, 0, 0, 0, 0]
[2026-07-06 21:26:12] have_double_effect_times: 0 , is_activating_double_effect: 0 , already_activate_double_effect_times: 0
[2026-07-06 21:26:12] Sent map info: [[0.0, 0.0], [0.0, 0.0], [2.39681, 2.36], [2.39681, 2.36], [0.5, 14.5], [2.39681, 2.36], [0.0, 0.0], [0.0, 0.0], [0.0, 0.0], [0.0, 0.0], [27.5, 0.5], [0.0, 0.0]]
[2026-07-06 21:26:12] Sent map infos: [[0.0, 0.0], [0.0, 0.0], [2.39681, 2.36], [2.39681, 2.36], [0.5, 14.5], [2.39681, 2.36], [0.0, 0.0], [0.0, 0.0], [0.0, 0.0], [0.0, 0.0], [27.5, 0.5], [0.0, 0.0]]
[2026-07-06 21:26:12] Marked situation: [0, 0, 0, 0, 0, 0, 0]
[2026-07-06 21:26:12] have_double_effect_times: 0 , is_activating_double_effect: 0 , already_activate_double_effect_times: 0
[2026-07-06 21:26:13] Marked situation: [0, 0, 0, 0, 0, 0, 0]
[2026-07-06 21:26:13] have_double_effect_times: 0 , is_activating_double_effect: 0 , already_activate_double_effect_times: 0
[2026-07-06 21:26:13] Sent map info: [[0.0, 0.0], [0.0, 0.0], [2.39681, 2.36], [2.39681, 2.36], [0.5, 14.5], [2.39681, 2.36], [0.0, 0.0], [0.0, 0.0], [0.0, 0.0], [0.0, 0.0], [27.5, 0.5], [0.0, 0.0]]
[2026-07-06 21:26:13] Sent map infos: [[0.0, 0.0], [0.0, 0.0], [2.39681, 2.36], [2.39681, 2.36], [0.5, 14.5], [2.39681, 2.36], [0.0, 0.0], [0.0, 0.0], [0.0, 0.0], [0.0, 0.0], [27.5, 0.5], [0.0, 0.0]]
[2026-07-06 21:26:13] Marked situation: [0, 0, 0, 0, 0, 0, 0]
[2026-07-06 21:26:13] have_double_effect_times: 0 , is_activating_double_effect: 0 , already_activate_double_effect_times: 0
[2026-07-06 21:26:13] Marked situation: [0, 0, 0, 0, 0, 0, 0]
[2026-07-06 21:26:13] have_double_effect_times: 0 , is_activating_double_effect: 0 , already_activate_double_effect_times: 0
[2026-07-06 21:26:13] Sent map info: [[0.0, 0.0], [0.0, 0.0], [2.39681, 2.36], [2.39681, 2.36], [0.5, 14.5], [2.39681, 2.36], [0.0, 0.0], [0.0, 0.0], [0.0, 0.0], [0.0, 0.0], [27.5, 0.5], [0.0, 0.0]]
[2026-07-06 21:26:13] Sent map infos: [[0.0, 0.0], [0.0, 0.0], [2.39681, 2.36], [2.39681, 2.36], [0.5, 14.5], [2.39681, 2.36], [0.0, 0.0], [0.0, 0.0], [0.0, 0.0], [0.0, 0.0], [27.5, 0.5], [0.0, 0.0]]
[2026-07-06 21:26:13] Marked situation: [0, 0, 0, 0, 0, 0, 0]
[2026-07-06 21:26:13] have_double_effect_times: 0 , is_activating_double_effect: 0 , already_activate_double_effect_times: 0
[2026-07-06 21:26:13] Marked situation: [0, 0, 0, 0, 0, 0, 0]
[2026-07-06 21:26:13] have_double_effect_times: 0 , is_activating_double_effect: 0 , already_activate_double_effect_times: 0
[2026-07-06 21:26:13] Sent map info: [[0.0, 0.0], [0.0, 0.0], [2.39681, 2.36], [2.39681, 2.36], [0.5, 14.5], [2.39681, 2.36], [0.0, 0.0], [0.0, 0.0], [0.0, 0.0], [0.0, 0.0], [27.5, 0.5], [0.0, 0.0]]
[2026-07-06 21:26:13] Sent map infos: [[0.0, 0.0], [0.0, 0.0], [2.39681, 2.36], [2.39681, 2.36], [0.5, 14.5], [2.39681, 2.36], [0.0, 0.0], [0.0, 0.0], [0.0, 0.0], [0.0, 0.0], [27.5, 0.5], [0.0, 0.0]]
[2026-07-06 21:26:14] Marked situation: [0, 0, 0, 0, 0, 0, 0]
[2026-07-06 21:26:14] have_double_effect_times: 0 , is_activating_double_effect: 0 , already_activate_double_effect_times: 0
[2026-07-06 21:26:14] Marked situation: [0, 0, 0, 0, 0, 0, 0]
[2026-07-06 21:26:14] have_double_effect_times: 0 , is_activating_double_effect: 0 , already_activate_double_effect_times: 0
[2026-07-06 21:26:14] Sent map info: [[0.0, 0.0], [0.0, 0.0], [2.39681, 2.36], [2.39681, 2.36], [0.5, 14.5], [2.39681, 2.36], [0.0, 0.0], [0.0, 0.0], [0.0, 0.0], [0.0, 0.0], [27.5, 0.5], [0.0, 0.0]]
[2026-07-06 21:26:14] Sent map infos: [[0.0, 0.0], [0.0, 0.0], [2.39681, 2.36], [2.39681, 2.36], [0.5, 14.5], [2.39681, 2.36], [0.0, 0.0], [0.0, 0.0], [0.0, 0.0], [0.0, 0.0], [27.5, 0.5], [0.0, 0.0]]
[2026-07-06 21:26:14] Marked situation: [0, 0, 0, 0, 0, 0, 0]
[2026-07-06 21:26:14] have_double_effect_times: 0 , is_activating_double_effect: 0 , already_activate_double_effect_times: 0
[2026-07-06 21:26:14] Marked situation: [0, 0, 0, 0, 0, 0, 0]
[2026-07-06 21:26:14] have_double_effect_times: 0 , is_activating_double_effect: 0 , already_activate_double_effect_times: 0
[2026-07-06 21:26:14] Sent map info: [[0.0, 0.0], [0.0, 0.0], [2.39681, 2.36], [2.39681, 2.36], [0.5, 14.5], [2.39681, 2.36], [0.0, 0.0], [0.0, 0.0], [0.0, 0.0], [0.0, 0.0], [27.5, 0.5], [0.0, 0.0]]
[2026-07-06 21:26:14] Sent map infos: [[0.0, 0.0], [0.0, 0.0], [2.39681, 2.36], [2.39681, 2.36], [0.5, 14.5], [2.39681, 2.36], [0.0, 0.0], [0.0, 0.0], [0.0, 0.0], [0.0, 0.0], [27.5, 0.5], [0.0, 0.0]]
[2026-07-06 21:26:14] Marked situation: [0, 0, 0, 0, 0, 0, 0]
[2026-07-06 21:26:14] have_double_effect_times: 0 , is_activating_double_effect: 0 , already_activate_double_effect_times: 0
[2026-07-06 21:26:15] Marked situation: [0, 0, 0, 0, 0, 0, 0]
[2026-07-06 21:26:15] have_double_effect_times: 0 , is_activating_double_effect: 0 , already_activate_double_effect_times: 0
[2026-07-06 21:26:15] Sent map info: [[0.0, 0.0], [0.0, 0.0], [2.39681, 2.36], [2.39681, 2.36], [0.5, 14.5], [2.39681, 2.36], [0.0, 0.0], [0.0, 0.0], [0.0, 0.0], [0.0, 0.0], [27.5, 0.5], [0.0, 0.0]]
[2026-07-06 21:26:15] Sent map infos: [[0.0, 0.0], [0.0, 0.0], [2.39681, 2.36], [2.39681, 2.36], [0.5, 14.5], [2.39681, 2.36], [0.0, 0.0], [0.0, 0.0], [0.0, 0.0], [0.0, 0.0], [27.5, 0.5], [0.0, 0.0]]
[2026-07-06 21:26:15] Marked situation: [0, 0, 0, 0, 0, 0, 0]
[2026-07-06 21:26:15] have_double_effect_times: 0 , is_activating_double_effect: 0 , already_activate_double_effect_times: 0
[2026-07-06 21:26:15] Marked situation: [0, 0, 0, 0, 0, 0, 0]
[2026-07-06 21:26:15] have_double_effect_times: 0 , is_activating_double_effect: 0 , already_activate_double_effect_times: 0
[2026-07-06 21:26:15] Sent map info: [[0.0, 0.0], [0.0, 0.0], [2.39681, 2.36], [2.39681, 2.36], [0.5, 14.5], [2.39681, 2.36], [0.0, 0.0], [0.0, 0.0], [0.0, 0.0], [0.0, 0.0], [27.5, 0.5], [0.0, 0.0]]
[2026-07-06 21:26:15] Sent map infos: [[0.0, 0.0], [0.0, 0.0], [2.39681, 2.36], [2.39681, 2.36], [0.5, 14.5], [2.39681, 2.36], [0.0, 0.0], [0.0, 0.0], [0.0, 0.0], [0.0, 0.0], [27.5, 0.5], [0.0, 0.0]]
[2026-07-06 21:26:15] Marked situation: [0, 0, 0, 0, 0, 0, 0]
[2026-07-06 21:26:15] have_double_effect_times: 0 , is_activating_double_effect: 0 , already_activate_double_effect_times: 0
[2026-07-06 21:26:15] Marked situation: [0, 0, 0, 0, 0, 0, 0]
[2026-07-06 21:26:15] have_double_effect_times: 0 , is_activating_double_effect: 0 , already_activate_double_effect_times: 0
[2026-07-06 21:26:15] Sent map info: [[0.0, 0.0], [0.0, 0.0], [2.39681, 2.36], [2.39681, 2.36], [0.5, 14.5], [2.39681, 2.36], [0.0, 0.0], [0.0, 0.0], [0.0, 0.0], [0.0, 0.0], [27.5, 0.5], [0.0, 0.0]]
[2026-07-06 21:26:15] Sent map infos: [[0.0, 0.0], [0.0, 0.0], [2.39681, 2.36], [2.39681, 2.36], [0.5, 14.5], [2.39681, 2.36], [0.0, 0.0], [0.0, 0.0], [0.0, 0.0], [0.0, 0.0], [27.5, 0.5], [0.0, 0.0]]
[2026-07-06 21:26:16] Marked situation: [0, 0, 0, 0, 0, 0, 0]
[2026-07-06 21:26:16] have_double_effect_times: 0 , is_activating_double_effect: 0 , already_activate_double_effect_times: 0
[2026-07-06 21:26:16] Marked situation: [0, 0, 0, 0, 0, 0, 0]
[2026-07-06 21:26:16] have_double_effect_times: 0 , is_activating_double_effect: 0 , already_activate_double_effect_times: 0
[2026-07-06 21:26:16] Sent map info: [[0.0, 0.0], [0.0, 0.0], [2.39681, 2.36], [2.39681, 2.36], [0.5, 14.5], [2.39681, 2.36], [0.0, 0.0], [0.0, 0.0], [0.0, 0.0], [0.0, 0.0], [27.5, 0.5], [0.0, 0.0]]
[2026-07-06 21:26:16] Sent map infos: [[0.0, 0.0], [0.0, 0.0], [2.39681, 2.36], [2.39681, 2.36], [0.5, 14.5], [2.39681, 2.36], [0.0, 0.0], [0.0, 0.0], [0.0, 0.0], [0.0, 0.0], [27.5, 0.5], [0.0, 0.0]]
[2026-07-06 21:26:16] Marked situation: [0, 0, 0, 0, 0, 0, 0]
[2026-07-06 21:26:16] have_double_effect_times: 0 , is_activating_double_effect: 0 , already_activate_double_effect_times: 0
[2026-07-06 21:26:16] Marked situation: [0, 0, 0, 0, 0, 0, 0]
[2026-07-06 21:26:16] have_double_effect_times: 0 , is_activating_double_effect: 0 , already_activate_double_effect_times: 0
[2026-07-06 21:26:16] Sent map info: [[0.0, 0.0], [0.0, 0.0], [2.39681, 2.36], [2.39681, 2.36], [0.5, 14.5], [2.39681, 2.36], [0.0, 0.0], [0.0, 0.0], [0.0, 0.0], [0.0, 0.0], [27.5, 0.5], [0.0, 0.0]]
[2026-07-06 21:26:16] Sent map infos: [[0.0, 0.0], [0.0, 0.0], [2.39681, 2.36], [2.39681, 2.36], [0.5, 14.5], [2.39681, 2.36], [0.0, 0.0], [0.0, 0.0], [0.0, 0.0], [0.0, 0.0], [27.5, 0.5], [0.0, 0.0]]
[2026-07-06 21:26:16] Marked situation: [0, 0, 0, 0, 0, 0, 0]
[2026-07-06 21:26:16] have_double_effect_times: 0 , is_activating_double_effect: 0 , already_activate_double_effect_times: 0
[2026-07-06 21:26:17] Marked situation: [0, 0, 0, 0, 0, 0, 0]
[2026-07-06 21:26:17] have_double_effect_times: 0 , is_activating_double_effect: 0 , already_activate_double_effect_times: 0
[2026-07-06 21:26:17] Sent map info: [[0.0, 0.0], [0.0, 0.0], [2.39681, 2.36], [2.39681, 2.36], [0.5, 14.5], [2.39681, 2.36], [0.0, 0.0], [0.0, 0.0], [0.0, 0.0], [0.0, 0.0], [27.5, 0.5], [0.0, 0.0]]
[2026-07-06 21:26:17] Sent map infos: [[0.0, 0.0], [0.0, 0.0], [2.39681, 2.36], [2.39681, 2.36], [0.5, 14.5], [2.39681, 2.36], [0.0, 0.0], [0.0, 0.0], [0.0, 0.0], [0.0, 0.0], [27.5, 0.5], [0.0, 0.0]]
[2026-07-06 21:26:17] Marked situation: [0, 0, 0, 0, 0, 0, 0]
[2026-07-06 21:26:17] have_double_effect_times: 0 , is_activating_double_effect: 0 , already_activate_double_effect_times: 0
[2026-07-06 21:26:17] Marked situation: [0, 0, 0, 0, 0, 0, 0]
[2026-07-06 21:26:17] have_double_effect_times: 0 , is_activating_double_effect: 0 , already_activate_double_effect_times: 0
[2026-07-06 21:26:17] Sent map info: [[0.0, 0.0], [0.0, 0.0], [2.39681, 2.36], [2.39681, 2.36], [0.5, 14.5], [2.39681, 2.36], [0.0, 0.0], [0.0, 0.0], [0.0, 0.0], [0.0, 0.0], [27.5, 0.5], [0.0, 0.0]]
[2026-07-06 21:26:17] Sent map infos: [[0.0, 0.0], [0.0, 0.0], [2.39681, 2.36], [2.39681, 2.36], [0.5, 14.5], [2.39681, 2.36], [0.0, 0.0], [0.0, 0.0], [0.0, 0.0], [0.0, 0.0], [27.5, 0.5], [0.0, 0.0]]
[2026-07-06 21:26:17] Marked situation: [0, 0, 0, 0, 0, 0, 0]
[2026-07-06 21:26:17] have_double_effect_times: 0 , is_activating_double_effect: 0 , already_activate_double_effect_times: 0
[2026-07-06 21:26:17] Marked situation: [0, 0, 0, 0, 0, 0, 0]
[2026-07-06 21:26:17] have_double_effect_times: 0 , is_activating_double_effect: 0 , already_activate_double_effect_times: 0
[2026-07-06 21:26:17] Sent map info: [[0.0, 0.0], [0.0, 0.0], [2.39681, 2.36], [2.39681, 2.36], [0.5, 14.5], [2.39681, 2.36], [0.0, 0.0], [0.0, 0.0], [0.0, 0.0], [0.0, 0.0], [27.5, 0.5], [0.0, 0.0]]
[2026-07-06 21:26:17] Sent map infos: [[0.0, 0.0], [0.0, 0.0], [2.39681, 2.36], [2.39681, 2.36], [0.5, 14.5], [2.39681, 2.36], [0.0, 0.0], [0.0, 0.0], [0.0, 0.0], [0.0, 0.0], [27.5, 0.5], [0.0, 0.0]]
[2026-07-06 21:26:18] Marked situation: [0, 0, 0, 0, 0, 0, 0]
[2026-07-06 21:26:18] have_double_effect_times: 0 , is_activating_double_effect: 0 , already_activate_double_effect_times: 0
[2026-07-06 21:26:18] Marked situation: [0, 0, 0, 0, 0, 0, 0]
[2026-07-06 21:26:18] have_double_effect_times: 0 , is_activating_double_effect: 0 , already_activate_double_effect_times: 0
[2026-07-06 21:26:18] Sent map info: [[0.0, 0.0], [0.0, 0.0], [2.39681, 2.36], [2.39681, 2.36], [0.5, 14.5], [2.39681, 2.36], [0.0, 0.0], [0.0, 0.0], [0.0, 0.0], [0.0, 0.0], [27.5, 0.5], [0.0, 0.0]]
[2026-07-06 21:26:18] Sent map infos: [[0.0, 0.0], [0.0, 0.0], [2.39681, 2.36], [2.39681, 2.36], [0.5, 14.5], [2.39681, 2.36], [0.0, 0.0], [0.0, 0.0], [0.0, 0.0], [0.0, 0.0], [27.5, 0.5], [0.0, 0.0]]
[2026-07-06 21:26:18] Marked situation: [0, 0, 0, 0, 0, 0, 0]
[2026-07-06 21:26:18] have_double_effect_times: 0 , is_activating_double_effect: 0 , already_activate_double_effect_times: 0
[2026-07-06 21:26:18] Marked situation: [0, 0, 0, 0, 0, 0, 0]
[2026-07-06 21:26:18] have_double_effect_times: 0 , is_activating_double_effect: 0 , already_activate_double_effect_times: 0
[2026-07-06 21:26:18] Sent map info: [[0.0, 0.0], [0.0, 0.0], [2.39681, 2.36], [2.39681, 2.36], [0.5, 14.5], [2.39681, 2.36], [0.0, 0.0], [0.0, 0.0], [0.0, 0.0], [0.0, 0.0], [27.5, 0.5], [0.0, 0.0]]
[2026-07-06 21:26:18] Sent map infos: [[0.0, 0.0], [0.0, 0.0], [2.39681, 2.36], [2.39681, 2.36], [0.5, 14.5], [2.39681, 2.36], [0.0, 0.0], [0.0, 0.0], [0.0, 0.0], [0.0, 0.0], [27.5, 0.5], [0.0, 0.0]]
[2026-07-06 21:26:18] Marked situation: [0, 0, 0, 0, 0, 0, 0]
[2026-07-06 21:26:18] have_double_effect_times: 0 , is_activating_double_effect: 0 , already_activate_double_effect_times: 0
[2026-07-06 21:26:19] Marked situation: [0, 0, 0, 0, 0, 0, 0]
[2026-07-06 21:26:19] have_double_effect_times: 0 , is_activating_double_effect: 0 , already_activate_double_effect_times: 0
[2026-07-06 21:26:19] Sent map info: [[0.0, 0.0], [0.0, 0.0], [2.39681, 2.36], [2.39681, 2.36], [0.5, 14.5], [2.39681, 2.36], [0.0, 0.0], [0.0, 0.0], [0.0, 0.0], [0.0, 0.0], [27.5, 0.5], [0.0, 0.0]]
[2026-07-06 21:26:19] Sent map infos: [[0.0, 0.0], [0.0, 0.0], [2.39681, 2.36], [2.39681, 2.36], [0.5, 14.5], [2.39681, 2.36], [0.0, 0.0], [0.0, 0.0], [0.0, 0.0], [0.0, 0.0], [27.5, 0.5], [0.0, 0.0]]
[2026-07-06 21:26:19] Marked situation: [0, 0, 0, 0, 0, 0, 0]
[2026-07-06 21:26:19] have_double_effect_times: 0 , is_activating_double_effect: 0 , already_activate_double_effect_times: 0
[2026-07-06 21:26:19] Marked situation: [0, 0, 0, 0, 0, 0, 0]
[2026-07-06 21:26:19] have_double_effect_times: 0 , is_activating_double_effect: 0 , already_activate_double_effect_times: 0
[2026-07-06 21:26:19] Sent map info: [[0.0, 0.0], [0.0, 0.0], [2.39681, 2.36], [2.39681, 2.36], [0.5, 14.5], [2.39681, 2.36], [0.0, 0.0], [0.0, 0.0], [0.0, 0.0], [0.0, 0.0], [27.5, 0.5], [0.0, 0.0]]
[2026-07-06 21:26:19] Sent map infos: [[0.0, 0.0], [0.0, 0.0], [2.39681, 2.36], [2.39681, 2.36], [0.5, 14.5], [2.39681, 2.36], [0.0, 0.0], [0.0, 0.0], [0.0, 0.0], [0.0, 0.0], [27.5, 0.5], [0.0, 0.0]]
[2026-07-06 21:26:19] Marked situation: [0, 0, 0, 0, 0, 0, 0]
[2026-07-06 21:26:19] have_double_effect_times: 0 , is_activating_double_effect: 0 , already_activate_double_effect_times: 0
[2026-07-06 21:26:19] Marked situation: [0, 0, 0, 0, 0, 0, 0]
[2026-07-06 21:26:19] have_double_effect_times: 0 , is_activating_double_effect: 0 , already_activate_double_effect_times: 0
[2026-07-06 21:26:19] Sent map info: [[0.0, 0.0], [0.0, 0.0], [2.39681, 2.36], [2.39681, 2.36], [0.5, 14.5], [2.39681, 2.36], [0.0, 0.0], [0.0, 0.0], [0.0, 0.0], [0.0, 0.0], [27.5, 0.5], [0.0, 0.0]]
[2026-07-06 21:26:19] Sent map infos: [[0.0, 0.0], [0.0, 0.0], [2.39681, 2.36], [2.39681, 2.36], [0.5, 14.5], [2.39681, 2.36], [0.0, 0.0], [0.0, 0.0], [0.0, 0.0], [0.0, 0.0], [27.5, 0.5], [0.0, 0.0]]
[2026-07-06 21:26:20] Marked situation: [0, 0, 0, 0, 0, 0, 0]
[2026-07-06 21:26:20] have_double_effect_times: 0 , is_activating_double_effect: 0 , already_activate_double_effect_times: 0
[2026-07-06 21:26:20] Marked situation: [0, 0, 0, 0, 0, 0, 0]
[2026-07-06 21:26:20] have_double_effect_times: 0 , is_activating_double_effect: 0 , already_activate_double_effect_times: 0
[2026-07-06 21:26:20] Sent map info: [[0.0, 0.0], [0.0, 0.0], [2.39681, 2.36], [2.39681, 2.36], [0.5, 14.5], [2.39681, 2.36], [0.0, 0.0], [0.0, 0.0], [0.0, 0.0], [0.0, 0.0], [27.5, 0.5], [0.0, 0.0]]
[2026-07-06 21:26:20] Sent map infos: [[0.0, 0.0], [0.0, 0.0], [2.39681, 2.36], [2.39681, 2.36], [0.5, 14.5], [2.39681, 2.36], [0.0, 0.0], [0.0, 0.0], [0.0, 0.0], [0.0, 0.0], [27.5, 0.5], [0.0, 0.0]]
[2026-07-06 21:26:20] Marked situation: [0, 0, 0, 0, 0, 0, 0]
[2026-07-06 21:26:20] have_double_effect_times: 0 , is_activating_double_effect: 0 , already_activate_double_effect_times: 0
[2026-07-06 21:26:20] Marked situation: [0, 0, 0, 0, 0, 0, 0]
[2026-07-06 21:26:20] have_double_effect_times: 0 , is_activating_double_effect: 0 , already_activate_double_effect_times: 0
[2026-07-06 21:26:20] Sent map info: [[0.0, 0.0], [0.0, 0.0], [2.39681, 2.36], [2.39681, 2.36], [0.5, 14.5], [2.39681, 2.36], [0.0, 0.0], [0.0, 0.0], [0.0, 0.0], [0.0, 0.0], [27.5, 0.5], [0.0, 0.0]]
[2026-07-06 21:26:20] Sent map infos: [[0.0, 0.0], [0.0, 0.0], [2.39681, 2.36], [2.39681, 2.36], [0.5, 14.5], [2.39681, 2.36], [0.0, 0.0], [0.0, 0.0], [0.0, 0.0], [0.0, 0.0], [27.5, 0.5], [0.0, 0.0]]
[2026-07-06 21:26:20] Marked situation: [0, 0, 0, 0, 0, 0, 0]
[2026-07-06 21:26:20] have_double_effect_times: 0 , is_activating_double_effect: 0 , already_activate_double_effect_times: 0
[2026-07-06 21:26:21] Marked situation: [0, 0, 0, 0, 0, 0, 0]
[2026-07-06 21:26:21] have_double_effect_times: 0 , is_activating_double_effect: 0 , already_activate_double_effect_times: 0
[2026-07-06 21:26:21] Sent map info: [[0.0, 0.0], [0.0, 0.0], [2.39681, 2.36], [2.39681, 2.36], [0.5, 14.5], [2.39681, 2.36], [0.0, 0.0], [0.0, 0.0], [0.0, 0.0], [0.0, 0.0], [27.5, 0.5], [0.0, 0.0]]
[2026-07-06 21:26:21] Sent map infos: [[0.0, 0.0], [0.0, 0.0], [2.39681, 2.36], [2.39681, 2.36], [0.5, 14.5], [2.39681, 2.36], [0.0, 0.0], [0.0, 0.0], [0.0, 0.0], [0.0, 0.0], [27.5, 0.5], [0.0, 0.0]]
[2026-07-06 21:26:21] Marked situation: [0, 0, 0, 0, 0, 0, 0]
[2026-07-06 21:26:21] have_double_effect_times: 0 , is_activating_double_effect: 0 , already_activate_double_effect_times: 0
[2026-07-06 21:26:21] Marked situation: [0, 0, 0, 0, 0, 0, 0]
[2026-07-06 21:26:21] have_double_effect_times: 0 , is_activating_double_effect: 0 , already_activate_double_effect_times: 0
[2026-07-06 21:26:21] Sent map info: [[0.0, 0.0], [0.0, 0.0], [2.39681, 2.36], [2.39681, 2.36], [0.5, 14.5], [2.39681, 2.36], [0.0, 0.0], [0.0, 0.0], [0.0, 0.0], [0.0, 0.0], [27.5, 0.5], [0.0, 0.0]]
[2026-07-06 21:26:21] Sent map infos: [[0.0, 0.0], [0.0, 0.0], [2.39681, 2.36], [2.39681, 2.36], [0.5, 14.5], [2.39681, 2.36], [0.0, 0.0], [0.0, 0.0], [0.0, 0.0], [0.0, 0.0], [27.5, 0.5], [0.0, 0.0]]
[2026-07-06 21:26:21] Marked situation: [0, 0, 0, 0, 0, 0, 0]
[2026-07-06 21:26:21] have_double_effect_times: 0 , is_activating_double_effect: 0 , already_activate_double_effect_times: 0
[2026-07-06 21:26:21] Marked situation: [0, 0, 0, 0, 0, 0, 0]
[2026-07-06 21:26:21] have_double_effect_times: 0 , is_activating_double_effect: 0 , already_activate_double_effect_times: 0
[2026-07-06 21:26:21] Sent map info: [[0.0, 0.0], [0.0, 0.0], [2.39681, 2.36], [2.39681, 2.36], [0.5, 14.5], [2.39681, 2.36], [0.0, 0.0], [0.0, 0.0], [0.0, 0.0], [0.0, 0.0], [27.5, 0.5], [0.0, 0.0]]
[2026-07-06 21:26:21] Sent map infos: [[0.0, 0.0], [0.0, 0.0], [2.39681, 2.36], [2.39681, 2.36], [0.5, 14.5], [2.39681, 2.36], [0.0, 0.0], [0.0, 0.0], [0.0, 0.0], [0.0, 0.0], [27.5, 0.5], [0.0, 0.0]]
[2026-07-06 21:26:22] Marked situation: [0, 0, 0, 0, 0, 0, 0]
[2026-07-06 21:26:22] have_double_effect_times: 0 , is_activating_double_effect: 0 , already_activate_double_effect_times: 0
[2026-07-06 21:26:22] Marked situation: [0, 0, 0, 0, 0, 0, 0]
[2026-07-06 21:26:22] have_double_effect_times: 0 , is_activating_double_effect: 0 , already_activate_double_effect_times: 0
[2026-07-06 21:26:22] Sent map info: [[0.0, 0.0], [0.0, 0.0], [2.39681, 2.36], [2.39681, 2.36], [0.5, 14.5], [2.39681, 2.36], [0.0, 0.0], [0.0, 0.0], [0.0, 0.0], [0.0, 0.0], [27.5, 0.5], [0.0, 0.0]]
[2026-07-06 21:26:22] Sent map infos: [[0.0, 0.0], [0.0, 0.0], [2.39681, 2.36], [2.39681, 2.36], [0.5, 14.5], [2.39681, 2.36], [0.0, 0.0], [0.0, 0.0], [0.0, 0.0], [0.0, 0.0], [27.5, 0.5], [0.0, 0.0]]
[2026-07-06 21:26:22] Marked situation: [0, 0, 0, 0, 0, 0, 0]
[2026-07-06 21:26:22] have_double_effect_times: 0 , is_activating_double_effect: 0 , already_activate_double_effect_times: 0
[2026-07-06 21:26:22] Marked situation: [0, 0, 0, 0, 0, 0, 0]
[2026-07-06 21:26:22] have_double_effect_times: 0 , is_activating_double_effect: 0 , already_activate_double_effect_times: 0
[2026-07-06 21:26:22] Sent map info: [[0.0, 0.0], [0.0, 0.0], [2.39681, 2.36], [2.39681, 2.36], [0.5, 14.5], [2.39681, 2.36], [0.0, 0.0], [0.0, 0.0], [0.0, 0.0], [0.0, 0.0], [27.5, 0.5], [0.0, 0.0]]
[2026-07-06 21:26:22] Sent map infos: [[0.0, 0.0], [0.0, 0.0], [2.39681, 2.36], [2.39681, 2.36], [0.5, 14.5], [2.39681, 2.36], [0.0, 0.0], [0.0, 0.0], [0.0, 0.0], [0.0, 0.0], [27.5, 0.5], [0.0, 0.0]]
[2026-07-06 21:26:22] Marked situation: [0, 0, 0, 0, 0, 0, 0]
[2026-07-06 21:26:22] have_double_effect_times: 0 , is_activating_double_effect: 0 , already_activate_double_effect_times: 0
[2026-07-06 21:26:23] Marked situation: [0, 0, 0, 0, 0, 0, 0]
[2026-07-06 21:26:23] have_double_effect_times: 0 , is_activating_double_effect: 0 , already_activate_double_effect_times: 0
[2026-07-06 21:26:23] Sent map info: [[0.0, 0.0], [0.0, 0.0], [2.39681, 2.36], [2.39681, 2.36], [0.5, 14.5], [2.39681, 2.36], [0.0, 0.0], [0.0, 0.0], [0.0, 0.0], [0.0, 0.0], [27.5, 0.5], [0.0, 0.0]]
[2026-07-06 21:26:23] Sent map infos: [[0.0, 0.0], [0.0, 0.0], [2.39681, 2.36], [2.39681, 2.36], [0.5, 14.5], [2.39681, 2.36], [0.0, 0.0], [0.0, 0.0], [0.0, 0.0], [0.0, 0.0], [27.5, 0.5], [0.0, 0.0]]
[2026-07-06 21:26:23] Marked situation: [0, 0, 0, 0, 0, 0, 0]
[2026-07-06 21:26:23] have_double_effect_times: 0 , is_activating_double_effect: 0 , already_activate_double_effect_times: 0
[2026-07-06 21:26:23] Marked situation: [0, 0, 0, 0, 0, 0, 0]
[2026-07-06 21:26:23] have_double_effect_times: 0 , is_activating_double_effect: 0 , already_activate_double_effect_times: 0
[2026-07-06 21:26:23] Sent map info: [[0.0, 0.0], [0.0, 0.0], [2.39681, 2.36], [2.39681, 2.36], [0.5, 14.5], [2.39681, 2.36], [0.0, 0.0], [0.0, 0.0], [0.0, 0.0], [0.0, 0.0], [27.5, 0.5], [0.0, 0.0]]
[2026-07-06 21:26:23] Sent map infos: [[0.0, 0.0], [0.0, 0.0], [2.39681, 2.36], [2.39681, 2.36], [0.5, 14.5], [2.39681, 2.36], [0.0, 0.0], [0.0, 0.0], [0.0, 0.0], [0.0, 0.0], [27.5, 0.5], [0.0, 0.0]]
[2026-07-06 21:26:23] Marked situation: [0, 0, 0, 0, 0, 0, 0]
[2026-07-06 21:26:23] have_double_effect_times: 0 , is_activating_double_effect: 0 , already_activate_double_effect_times: 0
[2026-07-06 21:26:23] Marked situation: [0, 0, 0, 0, 0, 0, 0]
[2026-07-06 21:26:23] have_double_effect_times: 0 , is_activating_double_effect: 0 , already_activate_double_effect_times: 0
[2026-07-06 21:26:23] Sent map info: [[0.0, 0.0], [0.0, 0.0], [2.39681, 2.36], [2.39681, 2.36], [0.5, 14.5], [2.39681, 2.36], [0.0, 0.0], [0.0, 0.0], [0.0, 0.0], [0.0, 0.0], [27.5, 0.5], [0.0, 0.0]]
[2026-07-06 21:26:23] Sent map infos: [[0.0, 0.0], [0.0, 0.0], [2.39681, 2.36], [2.39681, 2.36], [0.5, 14.5], [2.39681, 2.36], [0.0, 0.0], [0.0, 0.0], [0.0, 0.0], [0.0, 0.0], [27.5, 0.5], [0.0, 0.0]]
[2026-07-06 21:26:24] Marked situation: [0, 0, 0, 0, 0, 0, 0]
[2026-07-06 21:26:24] have_double_effect_times: 0 , is_activating_double_effect: 0 , already_activate_double_effect_times: 0
[2026-07-06 21:26:24] Marked situation: [0, 0, 0, 0, 0, 0, 0]
[2026-07-06 21:26:24] have_double_effect_times: 0 , is_activating_double_effect: 0 , already_activate_double_effect_times: 0
[2026-07-06 21:26:24] Sent map info: [[0.0, 0.0], [0.0, 0.0], [2.39681, 2.36], [2.39681, 2.36], [0.5, 14.5], [2.39681, 2.36], [0.0, 0.0], [0.0, 0.0], [0.0, 0.0], [0.0, 0.0], [27.5, 0.5], [0.0, 0.0]]
[2026-07-06 21:26:24] Sent map infos: [[0.0, 0.0], [0.0, 0.0], [2.39681, 2.36], [2.39681, 2.36], [0.5, 14.5], [2.39681, 2.36], [0.0, 0.0], [0.0, 0.0], [0.0, 0.0], [0.0, 0.0], [27.5, 0.5], [0.0, 0.0]]
[2026-07-06 21:26:24] Marked situation: [0, 0, 0, 0, 0, 0, 0]
[2026-07-06 21:26:24] have_double_effect_times: 0 , is_activating_double_effect: 0 , already_activate_double_effect_times: 0
[2026-07-06 21:26:24] Marked situation: [0, 0, 0, 0, 0, 0, 0]
[2026-07-06 21:26:24] have_double_effect_times: 0 , is_activating_double_effect: 0 , already_activate_double_effect_times: 0
[2026-07-06 21:26:24] Sent map info: [[0.0, 0.0], [0.0, 0.0], [2.39681, 2.36], [2.39681, 2.36], [0.5, 14.5], [2.39681, 2.36], [0.0, 0.0], [0.0, 0.0], [0.0, 0.0], [0.0, 0.0], [27.5, 0.5], [0.0, 0.0]]
[2026-07-06 21:26:24] Sent map infos: [[0.0, 0.0], [0.0, 0.0], [2.39681, 2.36], [2.39681, 2.36], [0.5, 14.5], [2.39681, 2.36], [0.0, 0.0], [0.0, 0.0], [0.0, 0.0], [0.0, 0.0], [27.5, 0.5], [0.0, 0.0]]
[2026-07-06 21:26:24] Marked situation: [0, 0, 0, 0, 0, 0, 0]
[2026-07-06 21:26:24] have_double_effect_times: 0 , is_activating_double_effect: 0 , already_activate_double_effect_times: 0
[2026-07-06 21:26:25] Marked situation: [0, 0, 0, 0, 0, 0, 0]
[2026-07-06 21:26:25] have_double_effect_times: 0 , is_activating_double_effect: 0 , already_activate_double_effect_times: 0
[2026-07-06 21:26:25] Sent map info: [[0.0, 0.0], [0.0, 0.0], [2.39681, 2.36], [2.39681, 2.36], [0.5, 14.5], [2.39681, 2.36], [0.0, 0.0], [0.0, 0.0], [0.0, 0.0], [0.0, 0.0], [27.5, 0.5], [0.0, 0.0]]
[2026-07-06 21:26:25] Sent map infos: [[0.0, 0.0], [0.0, 0.0], [2.39681, 2.36], [2.39681, 2.36], [0.5, 14.5], [2.39681, 2.36], [0.0, 0.0], [0.0, 0.0], [0.0, 0.0], [0.0, 0.0], [27.5, 0.5], [0.0, 0.0]]
[2026-07-06 21:26:25] Marked situation: [0, 0, 0, 0, 0, 0, 0]
[2026-07-06 21:26:25] have_double_effect_times: 0 , is_activating_double_effect: 0 , already_activate_double_effect_times: 0
[2026-07-06 21:26:25] Marked situation: [0, 0, 0, 0, 0, 0, 0]
[2026-07-06 21:26:25] have_double_effect_times: 0 , is_activating_double_effect: 0 , already_activate_double_effect_times: 0
[2026-07-06 21:26:25] Sent map info: [[0.0, 0.0], [0.0, 0.0], [2.39681, 2.36], [2.39681, 2.36], [0.5, 14.5], [2.39681, 2.36], [0.0, 0.0], [0.0, 0.0], [0.0, 0.0], [0.0, 0.0], [27.5, 0.5], [0.0, 0.0]]
[2026-07-06 21:26:25] Sent map infos: [[0.0, 0.0], [0.0, 0.0], [2.39681, 2.36], [2.39681, 2.36], [0.5, 14.5], [2.39681, 2.36], [0.0, 0.0], [0.0, 0.0], [0.0, 0.0], [0.0, 0.0], [27.5, 0.5], [0.0, 0.0]]
[2026-07-06 21:26:25] Marked situation: [0, 0, 0, 0, 0, 0, 0]
[2026-07-06 21:26:25] have_double_effect_times: 0 , is_activating_double_effect: 0 , already_activate_double_effect_times: 0
[2026-07-06 21:26:25] Marked situation: [0, 0, 0, 0, 0, 0, 0]
[2026-07-06 21:26:25] have_double_effect_times: 0 , is_activating_double_effect: 0 , already_activate_double_effect_times: 0
[2026-07-06 21:26:25] Sent map info: [[0.0, 0.0], [0.0, 0.0], [2.39681, 2.36], [2.39681, 2.36], [0.5, 14.5], [2.39681, 2.36], [0.0, 0.0], [0.0, 0.0], [0.0, 0.0], [0.0, 0.0], [27.5, 0.5], [0.0, 0.0]]
[2026-07-06 21:26:25] Sent map infos: [[0.0, 0.0], [0.0, 0.0], [2.39681, 2.36], [2.39681, 2.36], [0.5, 14.5], [2.39681, 2.36], [0.0, 0.0], [0.0, 0.0], [0.0, 0.0], [0.0, 0.0], [27.5, 0.5], [0.0, 0.0]]
[2026-07-06 21:26:26] Marked situation: [0, 0, 0, 0, 0, 0, 0]
[2026-07-06 21:26:26] have_double_effect_times: 0 , is_activating_double_effect: 0 , already_activate_double_effect_times: 0
[2026-07-06 21:26:26] Marked situation: [0, 0, 0, 0, 0, 0, 0]
[2026-07-06 21:26:26] have_double_effect_times: 0 , is_activating_double_effect: 0 , already_activate_double_effect_times: 0
[2026-07-06 21:26:26] Sent map info: [[0.0, 0.0], [0.0, 0.0], [2.39681, 2.36], [2.39681, 2.36], [0.5, 14.5], [2.39681, 2.36], [0.0, 0.0], [0.0, 0.0], [0.0, 0.0], [0.0, 0.0], [27.5, 0.5], [0.0, 0.0]]
[2026-07-06 21:26:26] Sent map infos: [[0.0, 0.0], [0.0, 0.0], [2.39681, 2.36], [2.39681, 2.36], [0.5, 14.5], [2.39681, 2.36], [0.0, 0.0], [0.0, 0.0], [0.0, 0.0], [0.0, 0.0], [27.5, 0.5], [0.0, 0.0]]
[2026-07-06 21:26:26] Marked situation: [0, 0, 0, 0, 0, 0, 0]
[2026-07-06 21:26:26] have_double_effect_times: 0 , is_activating_double_effect: 0 , already_activate_double_effect_times: 0
[2026-07-06 21:26:26] Marked situation: [0, 0, 0, 0, 0, 0, 0]
[2026-07-06 21:26:26] have_double_effect_times: 0 , is_activating_double_effect: 0 , already_activate_double_effect_times: 0
[2026-07-06 21:26:26] Sent map info: [[0.0, 0.0], [0.0, 0.0], [2.39681, 2.36], [2.39681, 2.36], [0.5, 14.5], [2.39681, 2.36], [0.0, 0.0], [0.0, 0.0], [0.0, 0.0], [0.0, 0.0], [27.5, 0.5], [0.0, 0.0]]
[2026-07-06 21:26:26] Sent map infos: [[0.0, 0.0], [0.0, 0.0], [2.39681, 2.36], [2.39681, 2.36], [0.5, 14.5], [2.39681, 2.36], [0.0, 0.0], [0.0, 0.0], [0.0, 0.0], [0.0, 0.0], [27.5, 0.5], [0.0, 0.0]]
[2026-07-06 21:26:26] Marked situation: [0, 0, 0, 0, 0, 0, 0]
[2026-07-06 21:26:26] have_double_effect_times: 0 , is_activating_double_effect: 0 , already_activate_double_effect_times: 0
[2026-07-06 21:26:27] Marked situation: [0, 0, 0, 0, 0, 0, 0]
[2026-07-06 21:26:27] have_double_effect_times: 0 , is_activating_double_effect: 0 , already_activate_double_effect_times: 0
[2026-07-06 21:26:27] Sent map info: [[0.0, 0.0], [0.0, 0.0], [2.39681, 2.36], [2.39681, 2.36], [0.5, 14.5], [2.39681, 2.36], [0.0, 0.0], [0.0, 0.0], [0.0, 0.0], [0.0, 0.0], [27.5, 0.5], [0.0, 0.0]]
[2026-07-06 21:26:27] Sent map infos: [[0.0, 0.0], [0.0, 0.0], [2.39681, 2.36], [2.39681, 2.36], [0.5, 14.5], [2.39681, 2.36], [0.0, 0.0], [0.0, 0.0], [0.0, 0.0], [0.0, 0.0], [27.5, 0.5], [0.0, 0.0]]
[2026-07-06 21:26:27] Marked situation: [0, 0, 0, 0, 0, 0, 0]
[2026-07-06 21:26:27] have_double_effect_times: 0 , is_activating_double_effect: 0 , already_activate_double_effect_times: 0
[2026-07-06 21:26:27] Marked situation: [0, 0, 0, 0, 0, 0, 0]
[2026-07-06 21:26:27] have_double_effect_times: 0 , is_activating_double_effect: 0 , already_activate_double_effect_times: 0
[2026-07-06 21:26:27] Sent map info: [[0.0, 0.0], [0.0, 0.0], [2.39681, 2.36], [2.39681, 2.36], [0.5, 14.5], [2.39681, 2.36], [0.0, 0.0], [0.0, 0.0], [0.0, 0.0], [0.0, 0.0], [27.5, 0.5], [0.0, 0.0]]
[2026-07-06 21:26:27] Sent map infos: [[0.0, 0.0], [0.0, 0.0], [2.39681, 2.36], [2.39681, 2.36], [0.5, 14.5], [2.39681, 2.36], [0.0, 0.0], [0.0, 0.0], [0.0, 0.0], [0.0, 0.0], [27.5, 0.5], [0.0, 0.0]]
[2026-07-06 21:26:27] Marked situation: [0, 0, 0, 0, 0, 0, 0]
[2026-07-06 21:26:27] have_double_effect_times: 0 , is_activating_double_effect: 0 , already_activate_double_effect_times: 0
[2026-07-06 21:26:27] Marked situation: [0, 0, 0, 0, 0, 0, 0]
[2026-07-06 21:26:27] have_double_effect_times: 0 , is_activating_double_effect: 0 , already_activate_double_effect_times: 0
[2026-07-06 21:26:27] Sent map info: [[0.0, 0.0], [0.0, 0.0], [2.39681, 2.36], [2.39681, 2.36], [0.5, 14.5], [2.39681, 2.36], [0.0, 0.0], [0.0, 0.0], [0.0, 0.0], [0.0, 0.0], [27.5, 0.5], [0.0, 0.0]]
[2026-07-06 21:26:27] Sent map infos: [[0.0, 0.0], [0.0, 0.0], [2.39681, 2.36], [2.39681, 2.36], [0.5, 14.5], [2.39681, 2.36], [0.0, 0.0], [0.0, 0.0], [0.0, 0.0], [0.0, 0.0], [27.5, 0.5], [0.0, 0.0]]
[2026-07-06 21:26:28] Marked situation: [0, 0, 0, 0, 0, 0, 0]
[2026-07-06 21:26:28] have_double_effect_times: 0 , is_activating_double_effect: 0 , already_activate_double_effect_times: 0
[2026-07-06 21:26:28] Marked situation: [0, 0, 0, 0, 0, 0, 0]
[2026-07-06 21:26:28] have_double_effect_times: 0 , is_activating_double_effect: 0 , already_activate_double_effect_times: 0
[2026-07-06 21:26:28] Sent map info: [[0.0, 0.0], [0.0, 0.0], [2.39681, 2.36], [2.39681, 2.36], [0.5, 14.5], [2.39681, 2.36], [0.0, 0.0], [0.0, 0.0], [0.0, 0.0], [0.0, 0.0], [27.5, 0.5], [0.0, 0.0]]
[2026-07-06 21:26:28] Sent map infos: [[0.0, 0.0], [0.0, 0.0], [2.39681, 2.36], [2.39681, 2.36], [0.5, 14.5], [2.39681, 2.36], [0.0, 0.0], [0.0, 0.0], [0.0, 0.0], [0.0, 0.0], [27.5, 0.5], [0.0, 0.0]]
[2026-07-06 21:26:28] Marked situation: [0, 0, 0, 0, 0, 0, 0]
[2026-07-06 21:26:28] have_double_effect_times: 0 , is_activating_double_effect: 0 , already_activate_double_effect_times: 0
[2026-07-06 21:26:28] Marked situation: [0, 0, 0, 0, 0, 0, 0]
[2026-07-06 21:26:28] have_double_effect_times: 0 , is_activating_double_effect: 0 , already_activate_double_effect_times: 0
[2026-07-06 21:26:28] Sent map info: [[0.0, 0.0], [0.0, 0.0], [2.39681, 2.36], [2.39681, 2.36], [0.5, 14.5], [2.39681, 2.36], [0.0, 0.0], [0.0, 0.0], [0.0, 0.0], [0.0, 0.0], [27.5, 0.5], [0.0, 0.0]]
[2026-07-06 21:26:28] Sent map infos: [[0.0, 0.0], [0.0, 0.0], [2.39681, 2.36], [2.39681, 2.36], [0.5, 14.5], [2.39681, 2.36], [0.0, 0.0], [0.0, 0.0], [0.0, 0.0], [0.0, 0.0], [27.5, 0.5], [0.0, 0.0]]
[2026-07-06 21:26:28] Marked situation: [0, 0, 0, 0, 0, 0, 0]
[2026-07-06 21:26:28] have_double_effect_times: 0 , is_activating_double_effect: 0 , already_activate_double_effect_times: 0
[2026-07-06 21:26:29] Marked situation: [0, 0, 0, 0, 0, 0, 0]
[2026-07-06 21:26:29] have_double_effect_times: 0 , is_activating_double_effect: 0 , already_activate_double_effect_times: 0
[2026-07-06 21:26:29] Sent map info: [[0.0, 0.0], [0.0, 0.0], [2.39681, 2.36], [2.39681, 2.36], [0.5, 14.5], [2.39681, 2.36], [0.0, 0.0], [0.0, 0.0], [0.0, 0.0], [0.0, 0.0], [27.5, 0.5], [0.0, 0.0]]
[2026-07-06 21:26:29] Sent map infos: [[0.0, 0.0], [0.0, 0.0], [2.39681, 2.36], [2.39681, 2.36], [0.5, 14.5], [2.39681, 2.36], [0.0, 0.0], [0.0, 0.0], [0.0, 0.0], [0.0, 0.0], [27.5, 0.5], [0.0, 0.0]]
[2026-07-06 21:26:29] Marked situation: [0, 0, 0, 0, 0, 0, 0]
[2026-07-06 21:26:29] have_double_effect_times: 0 , is_activating_double_effect: 0 , already_activate_double_effect_times: 0
[2026-07-06 21:26:29] Marked situation: [0, 0, 0, 0, 0, 0, 0]
[2026-07-06 21:26:29] have_double_effect_times: 0 , is_activating_double_effect: 0 , already_activate_double_effect_times: 0
[2026-07-06 21:26:29] Sent map info: [[0.0, 0.0], [0.0, 0.0], [2.39681, 2.36], [2.39681, 2.36], [0.5, 14.5], [2.39681, 2.36], [0.0, 0.0], [0.0, 0.0], [0.0, 0.0], [0.0, 0.0], [27.5, 0.5], [0.0, 0.0]]
[2026-07-06 21:26:29] Sent map infos: [[0.0, 0.0], [0.0, 0.0], [2.39681, 2.36], [2.39681, 2.36], [0.5, 14.5], [2.39681, 2.36], [0.0, 0.0], [0.0, 0.0], [0.0, 0.0], [0.0, 0.0], [27.5, 0.5], [0.0, 0.0]]
[2026-07-06 21:26:29] Marked situation: [0, 0, 0, 0, 0, 0, 0]
[2026-07-06 21:26:29] have_double_effect_times: 0 , is_activating_double_effect: 0 , already_activate_double_effect_times: 0
[2026-07-06 21:26:29] Marked situation: [0, 0, 0, 0, 0, 0, 0]
[2026-07-06 21:26:29] have_double_effect_times: 0 , is_activating_double_effect: 0 , already_activate_double_effect_times: 0
[2026-07-06 21:26:29] Sent map info: [[0.0, 0.0], [0.0, 0.0], [2.39681, 2.36], [2.39681, 2.36], [0.5, 14.5], [2.39681, 2.36], [0.0, 0.0], [0.0, 0.0], [0.0, 0.0], [0.0, 0.0], [27.5, 0.5], [0.0, 0.0]]
[2026-07-06 21:26:29] Sent map infos: [[0.0, 0.0], [0.0, 0.0], [2.39681, 2.36], [2.39681, 2.36], [0.5, 14.5], [2.39681, 2.36], [0.0, 0.0], [0.0, 0.0], [0.0, 0.0], [0.0, 0.0], [27.5, 0.5], [0.0, 0.0]]
[2026-07-06 21:26:30] Marked situation: [0, 0, 0, 0, 0, 0, 0]
[2026-07-06 21:26:30] have_double_effect_times: 0 , is_activating_double_effect: 0 , already_activate_double_effect_times: 0
[2026-07-06 21:26:30] Marked situation: [0, 0, 0, 0, 0, 0, 0]
[2026-07-06 21:26:30] have_double_effect_times: 0 , is_activating_double_effect: 0 , already_activate_double_effect_times: 0
[2026-07-06 21:26:30] Sent map info: [[0.0, 0.0], [0.0, 0.0], [2.39681, 2.36], [2.39681, 2.36], [0.5, 14.5], [2.39681, 2.36], [0.0, 0.0], [0.0, 0.0], [0.0, 0.0], [0.0, 0.0], [27.5, 0.5], [0.0, 0.0]]
[2026-07-06 21:26:30] Sent map infos: [[0.0, 0.0], [0.0, 0.0], [2.39681, 2.36], [2.39681, 2.36], [0.5, 14.5], [2.39681, 2.36], [0.0, 0.0], [0.0, 0.0], [0.0, 0.0], [0.0, 0.0], [27.5, 0.5], [0.0, 0.0]]
[2026-07-06 21:26:30] Marked situation: [0, 0, 0, 0, 0, 0, 0]
[2026-07-06 21:26:30] have_double_effect_times: 0 , is_activating_double_effect: 0 , already_activate_double_effect_times: 0
[2026-07-06 21:26:30] Marked situation: [0, 0, 0, 0, 0, 0, 0]
[2026-07-06 21:26:30] have_double_effect_times: 0 , is_activating_double_effect: 0 , already_activate_double_effect_times: 0
[2026-07-06 21:26:30] Sent map info: [[0.0, 0.0], [0.0, 0.0], [2.39681, 2.36], [2.39681, 2.36], [0.5, 14.5], [2.39681, 2.36], [0.0, 0.0], [0.0, 0.0], [0.0, 0.0], [0.0, 0.0], [27.5, 0.5], [0.0, 0.0]]
[2026-07-06 21:26:30] Sent map infos: [[0.0, 0.0], [0.0, 0.0], [2.39681, 2.36], [2.39681, 2.36], [0.5, 14.5], [2.39681, 2.36], [0.0, 0.0], [0.0, 0.0], [0.0, 0.0], [0.0, 0.0], [27.5, 0.5], [0.0, 0.0]]
[2026-07-06 21:26:30] Marked situation: [0, 0, 0, 0, 0, 0, 0]
[2026-07-06 21:26:30] have_double_effect_times: 0 , is_activating_double_effect: 0 , already_activate_double_effect_times: 0
[2026-07-06 21:26:31] Marked situation: [0, 0, 0, 0, 0, 0, 0]
[2026-07-06 21:26:31] have_double_effect_times: 0 , is_activating_double_effect: 0 , already_activate_double_effect_times: 0
[2026-07-06 21:26:31] Sent map info: [[0.0, 0.0], [0.0, 0.0], [2.39681, 2.36], [2.39681, 2.36], [0.5, 14.5], [2.39681, 2.36], [0.0, 0.0], [0.0, 0.0], [0.0, 0.0], [0.0, 0.0], [27.5, 0.5], [0.0, 0.0]]
[2026-07-06 21:26:31] Sent map infos: [[0.0, 0.0], [0.0, 0.0], [2.39681, 2.36], [2.39681, 2.36], [0.5, 14.5], [2.39681, 2.36], [0.0, 0.0], [0.0, 0.0], [0.0, 0.0], [0.0, 0.0], [27.5, 0.5], [0.0, 0.0]]
[2026-07-06 21:26:31] Marked situation: [0, 0, 0, 0, 0, 0, 0]
[2026-07-06 21:26:31] have_double_effect_times: 0 , is_activating_double_effect: 0 , already_activate_double_effect_times: 0
[2026-07-06 21:26:31] Marked situation: [0, 0, 0, 0, 0, 0, 0]
[2026-07-06 21:26:31] have_double_effect_times: 0 , is_activating_double_effect: 0 , already_activate_double_effect_times: 0
[2026-07-06 21:26:31] Sent map info: [[0.0, 0.0], [0.0, 0.0], [2.39681, 2.36], [2.39681, 2.36], [0.5, 14.5], [2.39681, 2.36], [0.0, 0.0], [0.0, 0.0], [0.0, 0.0], [0.0, 0.0], [27.5, 0.5], [0.0, 0.0]]
[2026-07-06 21:26:31] Sent map infos: [[0.0, 0.0], [0.0, 0.0], [2.39681, 2.36], [2.39681, 2.36], [0.5, 14.5], [2.39681, 2.36], [0.0, 0.0], [0.0, 0.0], [0.0, 0.0], [0.0, 0.0], [27.5, 0.5], [0.0, 0.0]]
[2026-07-06 21:26:31] Marked situation: [0, 0, 0, 0, 0, 0, 0]
[2026-07-06 21:26:31] have_double_effect_times: 0 , is_activating_double_effect: 0 , already_activate_double_effect_times: 0
[2026-07-06 21:26:31] Marked situation: [0, 0, 0, 0, 0, 0, 0]
[2026-07-06 21:26:31] have_double_effect_times: 0 , is_activating_double_effect: 0 , already_activate_double_effect_times: 0
[2026-07-06 21:26:31] Sent map info: [[0.0, 0.0], [0.0, 0.0], [2.39681, 2.36], [2.39681, 2.36], [0.5, 14.5], [2.39681, 2.36], [0.0, 0.0], [0.0, 0.0], [0.0, 0.0], [0.0, 0.0], [27.5, 0.5], [0.0, 0.0]]
[2026-07-06 21:26:31] Sent map infos: [[0.0, 0.0], [0.0, 0.0], [2.39681, 2.36], [2.39681, 2.36], [0.5, 14.5], [2.39681, 2.36], [0.0, 0.0], [0.0, 0.0], [0.0, 0.0], [0.0, 0.0], [27.5, 0.5], [0.0, 0.0]]
[2026-07-06 21:26:32] Marked situation: [0, 0, 0, 0, 0, 0, 0]
[2026-07-06 21:26:32] have_double_effect_times: 0 , is_activating_double_effect: 0 , already_activate_double_effect_times: 0
[2026-07-06 21:26:32] Marked situation: [0, 0, 0, 0, 0, 0, 0]
[2026-07-06 21:26:32] have_double_effect_times: 0 , is_activating_double_effect: 0 , already_activate_double_effect_times: 0
[2026-07-06 21:26:32] Sent map info: [[0.0, 0.0], [0.0, 0.0], [2.39681, 2.36], [2.39681, 2.36], [0.5, 14.5], [2.39681, 2.36], [0.0, 0.0], [0.0, 0.0], [0.0, 0.0], [0.0, 0.0], [27.5, 0.5], [0.0, 0.0]]
[2026-07-06 21:26:32] Sent map infos: [[0.0, 0.0], [0.0, 0.0], [2.39681, 2.36], [2.39681, 2.36], [0.5, 14.5], [2.39681, 2.36], [0.0, 0.0], [0.0, 0.0], [0.0, 0.0], [0.0, 0.0], [27.5, 0.5], [0.0, 0.0]]
[2026-07-06 21:26:32] Marked situation: [0, 0, 0, 0, 0, 0, 0]
[2026-07-06 21:26:32] have_double_effect_times: 0 , is_activating_double_effect: 0 , already_activate_double_effect_times: 0
[2026-07-06 21:26:32] Marked situation: [0, 0, 0, 0, 0, 0, 0]
[2026-07-06 21:26:32] have_double_effect_times: 0 , is_activating_double_effect: 0 , already_activate_double_effect_times: 0
[2026-07-06 21:26:32] Sent map info: [[0.0, 0.0], [0.0, 0.0], [2.39681, 2.36], [2.39681, 2.36], [0.5, 14.5], [2.39681, 2.36], [0.0, 0.0], [0.0, 0.0], [0.0, 0.0], [0.0, 0.0], [27.5, 0.5], [0.0, 0.0]]
[2026-07-06 21:26:32] Sent map infos: [[0.0, 0.0], [0.0, 0.0], [2.39681, 2.36], [2.39681, 2.36], [0.5, 14.5], [2.39681, 2.36], [0.0, 0.0], [0.0, 0.0], [0.0, 0.0], [0.0, 0.0], [27.5, 0.5], [0.0, 0.0]]
[2026-07-06 21:26:32] Marked situation: [0, 0, 0, 0, 0, 0, 0]
[2026-07-06 21:26:32] have_double_effect_times: 0 , is_activating_double_effect: 0 , already_activate_double_effect_times: 0
[2026-07-06 21:26:33] Marked situation: [0, 0, 0, 0, 0, 0, 0]
[2026-07-06 21:26:33] have_double_effect_times: 0 , is_activating_double_effect: 0 , already_activate_double_effect_times: 0
[2026-07-06 21:26:33] Sent map info: [[0.0, 0.0], [0.0, 0.0], [2.39681, 2.36], [2.39681, 2.36], [0.5, 14.5], [2.39681, 2.36], [0.0, 0.0], [0.0, 0.0], [0.0, 0.0], [0.0, 0.0], [27.5, 0.5], [0.0, 0.0]]
[2026-07-06 21:26:33] Sent map infos: [[0.0, 0.0], [0.0, 0.0], [2.39681, 2.36], [2.39681, 2.36], [0.5, 14.5], [2.39681, 2.36], [0.0, 0.0], [0.0, 0.0], [0.0, 0.0], [0.0, 0.0], [27.5, 0.5], [0.0, 0.0]]
[2026-07-06 21:26:33] Marked situation: [0, 0, 0, 0, 0, 0, 0]
[2026-07-06 21:26:33] have_double_effect_times: 0 , is_activating_double_effect: 0 , already_activate_double_effect_times: 0
[2026-07-06 21:26:33] Marked situation: [0, 0, 0, 0, 0, 0, 0]
[2026-07-06 21:26:33] have_double_effect_times: 0 , is_activating_double_effect: 0 , already_activate_double_effect_times: 0
[2026-07-06 21:26:33] Sent map info: [[0.0, 0.0], [0.0, 0.0], [2.39681, 2.36], [2.39681, 2.36], [0.5, 14.5], [2.39681, 2.36], [0.0, 0.0], [0.0, 0.0], [0.0, 0.0], [0.0, 0.0], [27.5, 0.5], [0.0, 0.0]]
[2026-07-06 21:26:33] Sent map infos: [[0.0, 0.0], [0.0, 0.0], [2.39681, 2.36], [2.39681, 2.36], [0.5, 14.5], [2.39681, 2.36], [0.0, 0.0], [0.0, 0.0], [0.0, 0.0], [0.0, 0.0], [27.5, 0.5], [0.0, 0.0]]
[2026-07-06 21:26:33] Marked situation: [0, 0, 0, 0, 0, 0, 0]
[2026-07-06 21:26:33] have_double_effect_times: 0 , is_activating_double_effect: 0 , already_activate_double_effect_times: 0
[2026-07-06 21:26:33] Marked situation: [0, 0, 0, 0, 0, 0, 0]
[2026-07-06 21:26:33] have_double_effect_times: 0 , is_activating_double_effect: 0 , already_activate_double_effect_times: 0
[2026-07-06 21:26:33] Sent map info: [[0.0, 0.0], [0.0, 0.0], [2.39681, 2.36], [2.39681, 2.36], [0.5, 14.5], [2.39681, 2.36], [0.0, 0.0], [0.0, 0.0], [0.0, 0.0], [0.0, 0.0], [27.5, 0.5], [0.0, 0.0]]
[2026-07-06 21:26:33] Sent map infos: [[0.0, 0.0], [0.0, 0.0], [2.39681, 2.36], [2.39681, 2.36], [0.5, 14.5], [2.39681, 2.36], [0.0, 0.0], [0.0, 0.0], [0.0, 0.0], [0.0, 0.0], [27.5, 0.5], [0.0, 0.0]]
[2026-07-06 21:26:34] Marked situation: [0, 0, 0, 0, 0, 0, 0]
[2026-07-06 21:26:34] have_double_effect_times: 0 , is_activating_double_effect: 0 , already_activate_double_effect_times: 0
[2026-07-06 21:26:34] Marked situation: [0, 0, 0, 0, 0, 0, 0]
[2026-07-06 21:26:34] have_double_effect_times: 0 , is_activating_double_effect: 0 , already_activate_double_effect_times: 0
[2026-07-06 21:26:34] Sent map info: [[0.0, 0.0], [0.0, 0.0], [2.39681, 2.36], [2.39681, 2.36], [0.5, 14.5], [2.39681, 2.36], [0.0, 0.0], [0.0, 0.0], [0.0, 0.0], [0.0, 0.0], [27.5, 0.5], [0.0, 0.0]]
[2026-07-06 21:26:34] Sent map infos: [[0.0, 0.0], [0.0, 0.0], [2.39681, 2.36], [2.39681, 2.36], [0.5, 14.5], [2.39681, 2.36], [0.0, 0.0], [0.0, 0.0], [0.0, 0.0], [0.0, 0.0], [27.5, 0.5], [0.0, 0.0]]
[2026-07-06 21:26:34] Marked situation: [0, 0, 0, 0, 0, 0, 0]
[2026-07-06 21:26:34] have_double_effect_times: 0 , is_activating_double_effect: 0 , already_activate_double_effect_times: 0
[2026-07-06 21:26:34] Marked situation: [0, 0, 0, 0, 0, 0, 0]
[2026-07-06 21:26:34] have_double_effect_times: 0 , is_activating_double_effect: 0 , already_activate_double_effect_times: 0
[2026-07-06 21:26:34] Sent map info: [[0.0, 0.0], [0.0, 0.0], [2.39681, 2.36], [2.39681, 2.36], [0.5, 14.5], [2.39681, 2.36], [0.0, 0.0], [0.0, 0.0], [0.0, 0.0], [0.0, 0.0], [27.5, 0.5], [0.0, 0.0]]
[2026-07-06 21:26:34] Sent map infos: [[0.0, 0.0], [0.0, 0.0], [2.39681, 2.36], [2.39681, 2.36], [0.5, 14.5], [2.39681, 2.36], [0.0, 0.0], [0.0, 0.0], [0.0, 0.0], [0.0, 0.0], [27.5, 0.5], [0.0, 0.0]]
[2026-07-06 21:26:34] Marked situation: [0, 0, 0, 0, 0, 0, 0]
[2026-07-06 21:26:34] have_double_effect_times: 0 , is_activating_double_effect: 0 , already_activate_double_effect_times: 0
[2026-07-06 21:26:35] Marked situation: [0, 0, 0, 0, 0, 0, 0]
[2026-07-06 21:26:35] have_double_effect_times: 0 , is_activating_double_effect: 0 , already_activate_double_effect_times: 0
[2026-07-06 21:26:35] Sent map info: [[0.0, 0.0], [0.0, 0.0], [2.39681, 2.36], [2.39681, 2.36], [0.5, 14.5], [2.39681, 2.36], [0.0, 0.0], [0.0, 0.0], [0.0, 0.0], [0.0, 0.0], [27.5, 0.5], [0.0, 0.0]]
[2026-07-06 21:26:35] Sent map infos: [[0.0, 0.0], [0.0, 0.0], [2.39681, 2.36], [2.39681, 2.36], [0.5, 14.5], [2.39681, 2.36], [0.0, 0.0], [0.0, 0.0], [0.0, 0.0], [0.0, 0.0], [27.5, 0.5], [0.0, 0.0]]
[2026-07-06 21:26:35] Marked situation: [0, 0, 0, 0, 0, 0, 0]
[2026-07-06 21:26:35] have_double_effect_times: 0 , is_activating_double_effect: 0 , already_activate_double_effect_times: 0
[2026-07-06 21:26:35] Marked situation: [0, 0, 0, 0, 0, 0, 0]
[2026-07-06 21:26:35] have_double_effect_times: 0 , is_activating_double_effect: 0 , already_activate_double_effect_times: 0
[2026-07-06 21:26:35] Sent map info: [[0.0, 0.0], [0.0, 0.0], [2.39681, 2.36], [2.39681, 2.36], [0.5, 14.5], [2.39681, 2.36], [0.0, 0.0], [0.0, 0.0], [0.0, 0.0], [0.0, 0.0], [27.5, 0.5], [0.0, 0.0]]
[2026-07-06 21:26:35] Sent map infos: [[0.0, 0.0], [0.0, 0.0], [2.39681, 2.36], [2.39681, 2.36], [0.5, 14.5], [2.39681, 2.36], [0.0, 0.0], [0.0, 0.0], [0.0, 0.0], [0.0, 0.0], [27.5, 0.5], [0.0, 0.0]]
[2026-07-06 21:26:35] Marked situation: [0, 0, 0, 0, 0, 0, 0]
[2026-07-06 21:26:35] have_double_effect_times: 0 , is_activating_double_effect: 0 , already_activate_double_effect_times: 0
[2026-07-06 21:26:35] Marked situation: [0, 0, 0, 0, 0, 0, 0]
[2026-07-06 21:26:35] have_double_effect_times: 0 , is_activating_double_effect: 0 , already_activate_double_effect_times: 0
[2026-07-06 21:26:35] Sent map info: [[0.0, 0.0], [0.0, 0.0], [2.39681, 2.36], [2.39681, 2.36], [0.5, 14.5], [2.39681, 2.36], [0.0, 0.0], [0.0, 0.0], [0.0, 0.0], [0.0, 0.0], [27.5, 0.5], [0.0, 0.0]]
[2026-07-06 21:26:35] Sent map infos: [[0.0, 0.0], [0.0, 0.0], [2.39681, 2.36], [2.39681, 2.36], [0.5, 14.5], [2.39681, 2.36], [0.0, 0.0], [0.0, 0.0], [0.0, 0.0], [0.0, 0.0], [27.5, 0.5], [0.0, 0.0]]
[2026-07-06 21:26:36] Marked situation: [0, 0, 0, 0, 0, 0, 0]
[2026-07-06 21:26:36] have_double_effect_times: 0 , is_activating_double_effect: 0 , already_activate_double_effect_times: 0
[2026-07-06 21:26:36] Marked situation: [0, 0, 0, 0, 0, 0, 0]
[2026-07-06 21:26:36] have_double_effect_times: 0 , is_activating_double_effect: 0 , already_activate_double_effect_times: 0
[2026-07-06 21:26:36] Sent map info: [[0.0, 0.0], [0.0, 0.0], [2.39681, 2.36], [2.39681, 2.36], [0.5, 14.5], [2.39681, 2.36], [0.0, 0.0], [0.0, 0.0], [0.0, 0.0], [0.0, 0.0], [27.5, 0.5], [0.0, 0.0]]
[2026-07-06 21:26:36] Sent map infos: [[0.0, 0.0], [0.0, 0.0], [2.39681, 2.36], [2.39681, 2.36], [0.5, 14.5], [2.39681, 2.36], [0.0, 0.0], [0.0, 0.0], [0.0, 0.0], [0.0, 0.0], [27.5, 0.5], [0.0, 0.0]]
[2026-07-06 21:26:36] Marked situation: [0, 0, 0, 0, 0, 0, 0]
[2026-07-06 21:26:36] have_double_effect_times: 0 , is_activating_double_effect: 0 , already_activate_double_effect_times: 0
[2026-07-06 21:26:36] Marked situation: [0, 0, 0, 0, 0, 0, 0]
[2026-07-06 21:26:36] have_double_effect_times: 0 , is_activating_double_effect: 0 , already_activate_double_effect_times: 0
[2026-07-06 21:26:36] Sent map info: [[0.0, 0.0], [0.0, 0.0], [2.39681, 2.36], [2.39681, 2.36], [0.5, 14.5], [2.39681, 2.36], [0.0, 0.0], [0.0, 0.0], [0.0, 0.0], [0.0, 0.0], [27.5, 0.5], [0.0, 0.0]]
[2026-07-06 21:26:36] Sent map infos: [[0.0, 0.0], [0.0, 0.0], [2.39681, 2.36], [2.39681, 2.36], [0.5, 14.5], [2.39681, 2.36], [0.0, 0.0], [0.0, 0.0], [0.0, 0.0], [0.0, 0.0], [27.5, 0.5], [0.0, 0.0]]
[2026-07-06 21:26:36] Marked situation: [0, 0, 0, 0, 0, 0, 0]
[2026-07-06 21:26:36] have_double_effect_times: 0 , is_activating_double_effect: 0 , already_activate_double_effect_times: 0
[2026-07-06 21:26:37] Marked situation: [0, 0, 0, 0, 0, 0, 0]
[2026-07-06 21:26:37] have_double_effect_times: 0 , is_activating_double_effect: 0 , already_activate_double_effect_times: 0
[2026-07-06 21:26:37] Sent map info: [[0.0, 0.0], [0.0, 0.0], [2.39681, 2.36], [2.39681, 2.36], [0.5, 14.5], [2.39681, 2.36], [0.0, 0.0], [0.0, 0.0], [0.0, 0.0], [0.0, 0.0], [27.5, 0.5], [0.0, 0.0]]
[2026-07-06 21:26:37] Sent map infos: [[0.0, 0.0], [0.0, 0.0], [2.39681, 2.36], [2.39681, 2.36], [0.5, 14.5], [2.39681, 2.36], [0.0, 0.0], [0.0, 0.0], [0.0, 0.0], [0.0, 0.0], [27.5, 0.5], [0.0, 0.0]]
[2026-07-06 21:26:37] Marked situation: [0, 0, 0, 0, 0, 0, 0]
[2026-07-06 21:26:37] have_double_effect_times: 0 , is_activating_double_effect: 0 , already_activate_double_effect_times: 0
[2026-07-06 21:26:37] Marked situation: [0, 0, 0, 0, 0, 0, 0]
[2026-07-06 21:26:37] have_double_effect_times: 0 , is_activating_double_effect: 0 , already_activate_double_effect_times: 0
[2026-07-06 21:26:37] Sent map info: [[0.0, 0.0], [0.0, 0.0], [2.39681, 2.36], [2.39681, 2.36], [0.5, 14.5], [2.39681, 2.36], [0.0, 0.0], [0.0, 0.0], [0.0, 0.0], [0.0, 0.0], [27.5, 0.5], [0.0, 0.0]]
[2026-07-06 21:26:37] Sent map infos: [[0.0, 0.0], [0.0, 0.0], [2.39681, 2.36], [2.39681, 2.36], [0.5, 14.5], [2.39681, 2.36], [0.0, 0.0], [0.0, 0.0], [0.0, 0.0], [0.0, 0.0], [27.5, 0.5], [0.0, 0.0]]
[2026-07-06 21:26:37] Marked situation: [0, 0, 0, 0, 0, 0, 0]
[2026-07-06 21:26:37] have_double_effect_times: 0 , is_activating_double_effect: 0 , already_activate_double_effect_times: 0
[2026-07-06 21:26:37] Marked situation: [0, 0, 0, 0, 0, 0, 0]
[2026-07-06 21:26:37] have_double_effect_times: 0 , is_activating_double_effect: 0 , already_activate_double_effect_times: 0
[2026-07-06 21:26:37] Sent map info: [[0.0, 0.0], [0.0, 0.0], [2.39681, 2.36], [2.39681, 2.36], [0.5, 14.5], [2.39681, 2.36], [0.0, 0.0], [0.0, 0.0], [0.0, 0.0], [0.0, 0.0], [27.5, 0.5], [0.0, 0.0]]
[2026-07-06 21:26:37] Sent map infos: [[0.0, 0.0], [0.0, 0.0], [2.39681, 2.36], [2.39681, 2.36], [0.5, 14.5], [2.39681, 2.36], [0.0, 0.0], [0.0, 0.0], [0.0, 0.0], [0.0, 0.0], [27.5, 0.5], [0.0, 0.0]]
[2026-07-06 21:26:38] Marked situation: [0, 0, 0, 0, 0, 0, 0]
[2026-07-06 21:26:38] have_double_effect_times: 0 , is_activating_double_effect: 0 , already_activate_double_effect_times: 0
[2026-07-06 21:26:38] Marked situation: [0, 0, 0, 0, 0, 0, 0]
[2026-07-06 21:26:38] have_double_effect_times: 0 , is_activating_double_effect: 0 , already_activate_double_effect_times: 0
[2026-07-06 21:26:38] Sent map info: [[0.0, 0.0], [0.0, 0.0], [2.39681, 2.36], [2.39681, 2.36], [0.5, 14.5], [2.39681, 2.36], [0.0, 0.0], [0.0, 0.0], [0.0, 0.0], [0.0, 0.0], [27.5, 0.5], [0.0, 0.0]]
[2026-07-06 21:26:38] Sent map infos: [[0.0, 0.0], [0.0, 0.0], [2.39681, 2.36], [2.39681, 2.36], [0.5, 14.5], [2.39681, 2.36], [0.0, 0.0], [0.0, 0.0], [0.0, 0.0], [0.0, 0.0], [27.5, 0.5], [0.0, 0.0]]
[2026-07-06 21:26:38] Marked situation: [0, 0, 0, 0, 0, 0, 0]
[2026-07-06 21:26:38] have_double_effect_times: 0 , is_activating_double_effect: 0 , already_activate_double_effect_times: 0
[2026-07-06 21:26:38] Marked situation: [0, 0, 0, 0, 0, 0, 0]
[2026-07-06 21:26:38] have_double_effect_times: 0 , is_activating_double_effect: 0 , already_activate_double_effect_times: 0
[2026-07-06 21:26:38] Sent map info: [[0.0, 0.0], [0.0, 0.0], [2.39681, 2.36], [2.39681, 2.36], [0.5, 14.5], [2.39681, 2.36], [0.0, 0.0], [0.0, 0.0], [0.0, 0.0], [0.0, 0.0], [27.5, 0.5], [0.0, 0.0]]
[2026-07-06 21:26:38] Sent map infos: [[0.0, 0.0], [0.0, 0.0], [2.39681, 2.36], [2.39681, 2.36], [0.5, 14.5], [2.39681, 2.36], [0.0, 0.0], [0.0, 0.0], [0.0, 0.0], [0.0, 0.0], [27.5, 0.5], [0.0, 0.0]]
[2026-07-06 21:26:38] Marked situation: [0, 0, 0, 0, 0, 0, 0]
[2026-07-06 21:26:38] have_double_effect_times: 0 , is_activating_double_effect: 0 , already_activate_double_effect_times: 0
[2026-07-06 21:26:39] Marked situation: [0, 0, 0, 0, 0, 0, 0]
[2026-07-06 21:26:39] have_double_effect_times: 0 , is_activating_double_effect: 0 , already_activate_double_effect_times: 0
[2026-07-06 21:26:39] Sent map info: [[0.0, 0.0], [0.0, 0.0], [2.39681, 2.36], [2.39681, 2.36], [0.5, 14.5], [2.39681, 2.36], [0.0, 0.0], [0.0, 0.0], [0.0, 0.0], [0.0, 0.0], [27.5, 0.5], [0.0, 0.0]]
[2026-07-06 21:26:39] Sent map infos: [[0.0, 0.0], [0.0, 0.0], [2.39681, 2.36], [2.39681, 2.36], [0.5, 14.5], [2.39681, 2.36], [0.0, 0.0], [0.0, 0.0], [0.0, 0.0], [0.0, 0.0], [27.5, 0.5], [0.0, 0.0]]
[2026-07-06 21:26:39] Marked situation: [0, 0, 0, 0, 0, 0, 0]
[2026-07-06 21:26:39] have_double_effect_times: 0 , is_activating_double_effect: 0 , already_activate_double_effect_times: 0
[2026-07-06 21:26:39] Marked situation: [0, 0, 0, 0, 0, 0, 0]
[2026-07-06 21:26:39] have_double_effect_times: 0 , is_activating_double_effect: 0 , already_activate_double_effect_times: 0
[2026-07-06 21:26:39] Sent map info: [[0.0, 0.0], [0.0, 0.0], [2.39681, 2.36], [2.39681, 2.36], [0.5, 14.5], [2.39681, 2.36], [0.0, 0.0], [0.0, 0.0], [0.0, 0.0], [0.0, 0.0], [27.5, 0.5], [0.0, 0.0]]
[2026-07-06 21:26:39] Sent map infos: [[0.0, 0.0], [0.0, 0.0], [2.39681, 2.36], [2.39681, 2.36], [0.5, 14.5], [2.39681, 2.36], [0.0, 0.0], [0.0, 0.0], [0.0, 0.0], [0.0, 0.0], [27.5, 0.5], [0.0, 0.0]]
[2026-07-06 21:26:39] Marked situation: [0, 0, 0, 0, 0, 0, 0]
[2026-07-06 21:26:39] have_double_effect_times: 0 , is_activating_double_effect: 0 , already_activate_double_effect_times: 0
[2026-07-06 21:26:39] Marked situation: [0, 0, 0, 0, 0, 0, 0]
[2026-07-06 21:26:39] have_double_effect_times: 0 , is_activating_double_effect: 0 , already_activate_double_effect_times: 0
[2026-07-06 21:26:39] Sent map info: [[0.0, 0.0], [0.0, 0.0], [2.39681, 2.36], [2.39681, 2.36], [0.5, 14.5], [2.39681, 2.36], [0.0, 0.0], [0.0, 0.0], [0.0, 0.0], [0.0, 0.0], [27.5, 0.5], [0.0, 0.0]]
[2026-07-06 21:26:39] Sent map infos: [[0.0, 0.0], [0.0, 0.0], [2.39681, 2.36], [2.39681, 2.36], [0.5, 14.5], [2.39681, 2.36], [0.0, 0.0], [0.0, 0.0], [0.0, 0.0], [0.0, 0.0], [27.5, 0.5], [0.0, 0.0]]
[2026-07-06 21:26:40] Marked situation: [0, 0, 0, 0, 0, 0, 0]
[2026-07-06 21:26:40] have_double_effect_times: 0 , is_activating_double_effect: 0 , already_activate_double_effect_times: 0
[2026-07-06 21:26:40] Marked situation: [0, 0, 0, 0, 0, 0, 0]
[2026-07-06 21:26:40] have_double_effect_times: 0 , is_activating_double_effect: 0 , already_activate_double_effect_times: 0
[2026-07-06 21:26:40] Sent map info: [[0.0, 0.0], [0.0, 0.0], [2.39681, 2.36], [2.39681, 2.36], [0.5, 14.5], [2.39681, 2.36], [0.0, 0.0], [0.0, 0.0], [0.0, 0.0], [0.0, 0.0], [27.5, 0.5], [0.0, 0.0]]
[2026-07-06 21:26:40] Sent map infos: [[0.0, 0.0], [0.0, 0.0], [2.39681, 2.36], [2.39681, 2.36], [0.5, 14.5], [2.39681, 2.36], [0.0, 0.0], [0.0, 0.0], [0.0, 0.0], [0.0, 0.0], [27.5, 0.5], [0.0, 0.0]]
[2026-07-06 21:26:40] Marked situation: [0, 0, 0, 0, 0, 0, 0]
[2026-07-06 21:26:40] have_double_effect_times: 0 , is_activating_double_effect: 0 , already_activate_double_effect_times: 0
[2026-07-06 21:26:40] Marked situation: [0, 0, 0, 0, 0, 0, 0]
[2026-07-06 21:26:40] have_double_effect_times: 0 , is_activating_double_effect: 0 , already_activate_double_effect_times: 0
[2026-07-06 21:26:40] Sent map info: [[0.0, 0.0], [0.0, 0.0], [2.39681, 2.36], [2.39681, 2.36], [0.5, 14.5], [2.39681, 2.36], [0.0, 0.0], [0.0, 0.0], [0.0, 0.0], [0.0, 0.0], [27.5, 0.5], [0.0, 0.0]]
[2026-07-06 21:26:40] Sent map infos: [[0.0, 0.0], [0.0, 0.0], [2.39681, 2.36], [2.39681, 2.36], [0.5, 14.5], [2.39681, 2.36], [0.0, 0.0], [0.0, 0.0], [0.0, 0.0], [0.0, 0.0], [27.5, 0.5], [0.0, 0.0]]
[2026-07-06 21:26:40] Marked situation: [0, 0, 0, 0, 0, 0, 0]
[2026-07-06 21:26:40] have_double_effect_times: 0 , is_activating_double_effect: 0 , already_activate_double_effect_times: 0
[2026-07-06 21:26:41] Marked situation: [0, 0, 0, 0, 0, 0, 0]
[2026-07-06 21:26:41] have_double_effect_times: 0 , is_activating_double_effect: 0 , already_activate_double_effect_times: 0
[2026-07-06 21:26:41] Sent map info: [[0.0, 0.0], [0.0, 0.0], [2.39681, 2.36], [2.39681, 2.36], [0.5, 14.5], [2.39681, 2.36], [0.0, 0.0], [0.0, 0.0], [0.0, 0.0], [0.0, 0.0], [27.5, 0.5], [0.0, 0.0]]
[2026-07-06 21:26:41] Sent map infos: [[0.0, 0.0], [0.0, 0.0], [2.39681, 2.36], [2.39681, 2.36], [0.5, 14.5], [2.39681, 2.36], [0.0, 0.0], [0.0, 0.0], [0.0, 0.0], [0.0, 0.0], [27.5, 0.5], [0.0, 0.0]]
[2026-07-06 21:26:41] Marked situation: [0, 0, 0, 0, 0, 0, 0]
[2026-07-06 21:26:41] have_double_effect_times: 0 , is_activating_double_effect: 0 , already_activate_double_effect_times: 0
[2026-07-06 21:26:41] Marked situation: [0, 0, 0, 0, 0, 0, 0]
[2026-07-06 21:26:41] have_double_effect_times: 0 , is_activating_double_effect: 0 , already_activate_double_effect_times: 0
[2026-07-06 21:26:41] Sent map info: [[0.0, 0.0], [0.0, 0.0], [2.39681, 2.36], [2.39681, 2.36], [0.5, 14.5], [2.39681, 2.36], [0.0, 0.0], [0.0, 0.0], [0.0, 0.0], [0.0, 0.0], [27.5, 0.5], [0.0, 0.0]]
[2026-07-06 21:26:41] Sent map infos: [[0.0, 0.0], [0.0, 0.0], [2.39681, 2.36], [2.39681, 2.36], [0.5, 14.5], [2.39681, 2.36], [0.0, 0.0], [0.0, 0.0], [0.0, 0.0], [0.0, 0.0], [27.5, 0.5], [0.0, 0.0]]
[2026-07-06 21:26:41] Marked situation: [0, 0, 0, 0, 0, 0, 0]
[2026-07-06 21:26:41] have_double_effect_times: 0 , is_activating_double_effect: 0 , already_activate_double_effect_times: 0
[2026-07-06 21:26:41] Marked situation: [0, 0, 0, 0, 0, 0, 0]
[2026-07-06 21:26:41] have_double_effect_times: 0 , is_activating_double_effect: 0 , already_activate_double_effect_times: 0
[2026-07-06 21:26:41] Sent map info: [[0.0, 0.0], [0.0, 0.0], [2.39681, 2.36], [2.39681, 2.36], [0.5, 14.5], [2.39681, 2.36], [0.0, 0.0], [0.0, 0.0], [0.0, 0.0], [0.0, 0.0], [27.5, 0.5], [0.0, 0.0]]
[2026-07-06 21:26:41] Sent map infos: [[0.0, 0.0], [0.0, 0.0], [2.39681, 2.36], [2.39681, 2.36], [0.5, 14.5], [2.39681, 2.36], [0.0, 0.0], [0.0, 0.0], [0.0, 0.0], [0.0, 0.0], [27.5, 0.5], [0.0, 0.0]]
[2026-07-06 21:26:42] Marked situation: [0, 0, 0, 0, 0, 0, 0]
[2026-07-06 21:26:42] have_double_effect_times: 0 , is_activating_double_effect: 0 , already_activate_double_effect_times: 0
[2026-07-06 21:26:42] Marked situation: [0, 0, 0, 0, 0, 0, 0]
[2026-07-06 21:26:42] have_double_effect_times: 0 , is_activating_double_effect: 0 , already_activate_double_effect_times: 0
[2026-07-06 21:26:42] Sent map info: [[0.0, 0.0], [0.0, 0.0], [2.39681, 2.36], [2.39681, 2.36], [0.5, 14.5], [2.39681, 2.36], [0.0, 0.0], [0.0, 0.0], [0.0, 0.0], [0.0, 0.0], [27.5, 0.5], [0.0, 0.0]]
[2026-07-06 21:26:42] Sent map infos: [[0.0, 0.0], [0.0, 0.0], [2.39681, 2.36], [2.39681, 2.36], [0.5, 14.5], [2.39681, 2.36], [0.0, 0.0], [0.0, 0.0], [0.0, 0.0], [0.0, 0.0], [27.5, 0.5], [0.0, 0.0]]
[2026-07-06 21:26:42] Marked situation: [0, 0, 0, 0, 0, 0, 0]
[2026-07-06 21:26:42] have_double_effect_times: 0 , is_activating_double_effect: 0 , already_activate_double_effect_times: 0
[2026-07-06 21:26:42] Marked situation: [0, 0, 0, 0, 0, 0, 0]
[2026-07-06 21:26:42] have_double_effect_times: 0 , is_activating_double_effect: 0 , already_activate_double_effect_times: 0
[2026-07-06 21:26:42] Sent map info: [[0.0, 0.0], [0.0, 0.0], [2.39681, 2.36], [2.39681, 2.36], [0.5, 14.5], [2.39681, 2.36], [0.0, 0.0], [0.0, 0.0], [0.0, 0.0], [0.0, 0.0], [27.5, 0.5], [0.0, 0.0]]
[2026-07-06 21:26:42] Sent map infos: [[0.0, 0.0], [0.0, 0.0], [2.39681, 2.36], [2.39681, 2.36], [0.5, 14.5], [2.39681, 2.36], [0.0, 0.0], [0.0, 0.0], [0.0, 0.0], [0.0, 0.0], [27.5, 0.5], [0.0, 0.0]]
[2026-07-06 21:26:42] Marked situation: [0, 0, 0, 0, 0, 0, 0]
[2026-07-06 21:26:42] have_double_effect_times: 0 , is_activating_double_effect: 0 , already_activate_double_effect_times: 0
[2026-07-06 21:26:43] Marked situation: [0, 0, 0, 0, 0, 0, 0]
[2026-07-06 21:26:43] have_double_effect_times: 0 , is_activating_double_effect: 0 , already_activate_double_effect_times: 0
[2026-07-06 21:26:43] Sent map info: [[0.0, 0.0], [0.0, 0.0], [2.39681, 2.36], [2.39681, 2.36], [0.5, 14.5], [2.39681, 2.36], [0.0, 0.0], [0.0, 0.0], [0.0, 0.0], [0.0, 0.0], [27.5, 0.5], [0.0, 0.0]]
[2026-07-06 21:26:43] Sent map infos: [[0.0, 0.0], [0.0, 0.0], [2.39681, 2.36], [2.39681, 2.36], [0.5, 14.5], [2.39681, 2.36], [0.0, 0.0], [0.0, 0.0], [0.0, 0.0], [0.0, 0.0], [27.5, 0.5], [0.0, 0.0]]
[2026-07-06 21:26:43] Marked situation: [0, 0, 0, 0, 0, 0, 0]
[2026-07-06 21:26:43] have_double_effect_times: 0 , is_activating_double_effect: 0 , already_activate_double_effect_times: 0
[2026-07-06 21:26:43] Marked situation: [0, 0, 0, 0, 0, 0, 0]
[2026-07-06 21:26:43] have_double_effect_times: 0 , is_activating_double_effect: 0 , already_activate_double_effect_times: 0
[2026-07-06 21:26:43] Sent map info: [[0.0, 0.0], [0.0, 0.0], [2.39681, 2.36], [2.39681, 2.36], [0.5, 14.5], [2.39681, 2.36], [0.0, 0.0], [0.0, 0.0], [0.0, 0.0], [0.0, 0.0], [27.5, 0.5], [0.0, 0.0]]
[2026-07-06 21:26:43] Sent map infos: [[0.0, 0.0], [0.0, 0.0], [2.39681, 2.36], [2.39681, 2.36], [0.5, 14.5], [2.39681, 2.36], [0.0, 0.0], [0.0, 0.0], [0.0, 0.0], [0.0, 0.0], [27.5, 0.5], [0.0, 0.0]]
[2026-07-06 21:26:43] Marked situation: [0, 0, 0, 0, 0, 0, 0]
[2026-07-06 21:26:43] have_double_effect_times: 0 , is_activating_double_effect: 0 , already_activate_double_effect_times: 0
[2026-07-06 21:26:43] Marked situation: [0, 0, 0, 0, 0, 0, 0]
[2026-07-06 21:26:43] have_double_effect_times: 0 , is_activating_double_effect: 0 , already_activate_double_effect_times: 0
[2026-07-06 21:26:43] Sent map info: [[0.0, 0.0], [0.0, 0.0], [2.39681, 2.36], [2.39681, 2.36], [0.5, 14.5], [2.39681, 2.36], [0.0, 0.0], [0.0, 0.0], [0.0, 0.0], [0.0, 0.0], [27.5, 0.5], [0.0, 0.0]]
[2026-07-06 21:26:43] Sent map infos: [[0.0, 0.0], [0.0, 0.0], [2.39681, 2.36], [2.39681, 2.36], [0.5, 14.5], [2.39681, 2.36], [0.0, 0.0], [0.0, 0.0], [0.0, 0.0], [0.0, 0.0], [27.5, 0.5], [0.0, 0.0]]
[2026-07-06 21:26:44] Marked situation: [0, 0, 0, 0, 0, 0, 0]
[2026-07-06 21:26:44] have_double_effect_times: 0 , is_activating_double_effect: 0 , already_activate_double_effect_times: 0
[2026-07-06 21:26:44] Marked situation: [0, 0, 0, 0, 0, 0, 0]
[2026-07-06 21:26:44] have_double_effect_times: 0 , is_activating_double_effect: 0 , already_activate_double_effect_times: 0
[2026-07-06 21:26:44] Sent map info: [[0.0, 0.0], [0.0, 0.0], [2.39681, 2.36], [2.39681, 2.36], [0.5, 14.5], [2.39681, 2.36], [0.0, 0.0], [0.0, 0.0], [0.0, 0.0], [0.0, 0.0], [27.5, 0.5], [0.0, 0.0]]
[2026-07-06 21:26:44] Sent map infos: [[0.0, 0.0], [0.0, 0.0], [2.39681, 2.36], [2.39681, 2.36], [0.5, 14.5], [2.39681, 2.36], [0.0, 0.0], [0.0, 0.0], [0.0, 0.0], [0.0, 0.0], [27.5, 0.5], [0.0, 0.0]]
[2026-07-06 21:26:44] Marked situation: [0, 0, 0, 0, 0, 0, 0]
[2026-07-06 21:26:44] have_double_effect_times: 0 , is_activating_double_effect: 0 , already_activate_double_effect_times: 0
[2026-07-06 21:26:44] Marked situation: [0, 0, 0, 0, 0, 0, 0]
[2026-07-06 21:26:44] have_double_effect_times: 0 , is_activating_double_effect: 0 , already_activate_double_effect_times: 0
[2026-07-06 21:26:44] Sent map info: [[0.0, 0.0], [0.0, 0.0], [2.39681, 2.36], [2.39681, 2.36], [0.5, 14.5], [2.39681, 2.36], [0.0, 0.0], [0.0, 0.0], [0.0, 0.0], [0.0, 0.0], [27.5, 0.5], [0.0, 0.0]]
[2026-07-06 21:26:44] Sent map infos: [[0.0, 0.0], [0.0, 0.0], [2.39681, 2.36], [2.39681, 2.36], [0.5, 14.5], [2.39681, 2.36], [0.0, 0.0], [0.0, 0.0], [0.0, 0.0], [0.0, 0.0], [27.5, 0.5], [0.0, 0.0]]
[2026-07-06 21:26:45] Marked situation: [0, 0, 0, 0, 0, 0, 0]
[2026-07-06 21:26:45] have_double_effect_times: 0 , is_activating_double_effect: 0 , already_activate_double_effect_times: 0
[2026-07-06 21:26:45] Marked situation: [0, 0, 0, 0, 0, 0, 0]
[2026-07-06 21:26:45] have_double_effect_times: 0 , is_activating_double_effect: 0 , already_activate_double_effect_times: 0
[2026-07-06 21:26:45] Sent map info: [[0.0, 0.0], [0.0, 0.0], [2.39681, 2.36], [2.39681, 2.36], [0.5, 14.5], [2.39681, 2.36], [0.0, 0.0], [0.0, 0.0], [0.0, 0.0], [0.0, 0.0], [27.5, 0.5], [0.0, 0.0]]
[2026-07-06 21:26:45] Sent map infos: [[0.0, 0.0], [0.0, 0.0], [2.39681, 2.36], [2.39681, 2.36], [0.5, 14.5], [2.39681, 2.36], [0.0, 0.0], [0.0, 0.0], [0.0, 0.0], [0.0, 0.0], [27.5, 0.5], [0.0, 0.0]]
[2026-07-06 21:26:45] Marked situation: [0, 0, 0, 0, 0, 0, 0]
[2026-07-06 21:26:45] have_double_effect_times: 0 , is_activating_double_effect: 0 , already_activate_double_effect_times: 0
[2026-07-06 21:26:45] Marked situation: [0, 0, 0, 0, 0, 0, 0]
[2026-07-06 21:26:45] have_double_effect_times: 0 , is_activating_double_effect: 0 , already_activate_double_effect_times: 0
[2026-07-06 21:26:45] Sent map info: [[0.0, 0.0], [0.0, 0.0], [2.39681, 2.36], [2.39681, 2.36], [0.5, 14.5], [2.39681, 2.36], [0.0, 0.0], [0.0, 0.0], [0.0, 0.0], [0.0, 0.0], [27.5, 0.5], [0.0, 0.0]]
[2026-07-06 21:26:45] Sent map infos: [[0.0, 0.0], [0.0, 0.0], [2.39681, 2.36], [2.39681, 2.36], [0.5, 14.5], [2.39681, 2.36], [0.0, 0.0], [0.0, 0.0], [0.0, 0.0], [0.0, 0.0], [27.5, 0.5], [0.0, 0.0]]
[2026-07-06 21:26:45] Marked situation: [0, 0, 0, 0, 0, 0, 0]
[2026-07-06 21:26:45] have_double_effect_times: 0 , is_activating_double_effect: 0 , already_activate_double_effect_times: 0
[2026-07-06 21:26:46] Marked situation: [0, 0, 0, 0, 0, 0, 0]
[2026-07-06 21:26:46] have_double_effect_times: 0 , is_activating_double_effect: 0 , already_activate_double_effect_times: 0
[2026-07-06 21:26:46] Sent map info: [[0.0, 0.0], [0.0, 0.0], [2.39681, 2.36], [2.39681, 2.36], [0.5, 14.5], [2.39681, 2.36], [0.0, 0.0], [0.0, 0.0], [0.0, 0.0], [0.0, 0.0], [27.5, 0.5], [0.0, 0.0]]
[2026-07-06 21:26:46] Sent map infos: [[0.0, 0.0], [0.0, 0.0], [2.39681, 2.36], [2.39681, 2.36], [0.5, 14.5], [2.39681, 2.36], [0.0, 0.0], [0.0, 0.0], [0.0, 0.0], [0.0, 0.0], [27.5, 0.5], [0.0, 0.0]]
[2026-07-06 21:26:46] Marked situation: [0, 0, 0, 0, 0, 0, 0]
[2026-07-06 21:26:46] have_double_effect_times: 0 , is_activating_double_effect: 0 , already_activate_double_effect_times: 0
[2026-07-06 21:26:46] Marked situation: [0, 0, 0, 0, 0, 0, 0]
[2026-07-06 21:26:46] have_double_effect_times: 0 , is_activating_double_effect: 0 , already_activate_double_effect_times: 0
[2026-07-06 21:26:46] Sent map info: [[0.0, 0.0], [0.0, 0.0], [2.39681, 2.36], [2.39681, 2.36], [0.5, 14.5], [2.39681, 2.36], [0.0, 0.0], [0.0, 0.0], [0.0, 0.0], [0.0, 0.0], [27.5, 0.5], [0.0, 0.0]]
[2026-07-06 21:26:46] Sent map infos: [[0.0, 0.0], [0.0, 0.0], [2.39681, 2.36], [2.39681, 2.36], [0.5, 14.5], [2.39681, 2.36], [0.0, 0.0], [0.0, 0.0], [0.0, 0.0], [0.0, 0.0], [27.5, 0.5], [0.0, 0.0]]
[2026-07-06 21:26:46] Marked situation: [0, 0, 0, 0, 0, 0, 0]
[2026-07-06 21:26:46] have_double_effect_times: 0 , is_activating_double_effect: 0 , already_activate_double_effect_times: 0
[2026-07-06 21:26:46] Marked situation: [0, 0, 0, 0, 0, 0, 0]
[2026-07-06 21:26:46] have_double_effect_times: 0 , is_activating_double_effect: 0 , already_activate_double_effect_times: 0
[2026-07-06 21:26:46] Sent map info: [[0.0, 0.0], [0.0, 0.0], [2.39681, 2.36], [2.39681, 2.36], [0.5, 14.5], [2.39681, 2.36], [0.0, 0.0], [0.0, 0.0], [0.0, 0.0], [0.0, 0.0], [27.5, 0.5], [0.0, 0.0]]
[2026-07-06 21:26:46] Sent map infos: [[0.0, 0.0], [0.0, 0.0], [2.39681, 2.36], [2.39681, 2.36], [0.5, 14.5], [2.39681, 2.36], [0.0, 0.0], [0.0, 0.0], [0.0, 0.0], [0.0, 0.0], [27.5, 0.5], [0.0, 0.0]]
[2026-07-06 21:26:47] Marked situation: [0, 0, 0, 0, 0, 0, 0]
[2026-07-06 21:26:47] have_double_effect_times: 0 , is_activating_double_effect: 0 , already_activate_double_effect_times: 0
[2026-07-06 21:26:47] Marked situation: [0, 0, 0, 0, 0, 0, 0]
[2026-07-06 21:26:47] have_double_effect_times: 0 , is_activating_double_effect: 0 , already_activate_double_effect_times: 0
[2026-07-06 21:26:47] Sent map info: [[0.0, 0.0], [0.0, 0.0], [2.39681, 2.36], [2.39681, 2.36], [0.5, 14.5], [2.39681, 2.36], [0.0, 0.0], [0.0, 0.0], [0.0, 0.0], [0.0, 0.0], [27.5, 0.5], [0.0, 0.0]]
[2026-07-06 21:26:47] Sent map infos: [[0.0, 0.0], [0.0, 0.0], [2.39681, 2.36], [2.39681, 2.36], [0.5, 14.5], [2.39681, 2.36], [0.0, 0.0], [0.0, 0.0], [0.0, 0.0], [0.0, 0.0], [27.5, 0.5], [0.0, 0.0]]
[2026-07-06 21:26:47] Marked situation: [0, 0, 0, 0, 0, 0, 0]
[2026-07-06 21:26:47] have_double_effect_times: 0 , is_activating_double_effect: 0 , already_activate_double_effect_times: 0
[2026-07-06 21:26:47] Marked situation: [0, 0, 0, 0, 0, 0, 0]
[2026-07-06 21:26:47] have_double_effect_times: 0 , is_activating_double_effect: 0 , already_activate_double_effect_times: 0
[2026-07-06 21:26:47] Sent map info: [[0.0, 0.0], [0.0, 0.0], [2.39681, 2.36], [2.39681, 2.36], [0.5, 14.5], [2.39681, 2.36], [0.0, 0.0], [0.0, 0.0], [0.0, 0.0], [0.0, 0.0], [27.5, 0.5], [0.0, 0.0]]
[2026-07-06 21:26:47] Sent map infos: [[0.0, 0.0], [0.0, 0.0], [2.39681, 2.36], [2.39681, 2.36], [0.5, 14.5], [2.39681, 2.36], [0.0, 0.0], [0.0, 0.0], [0.0, 0.0], [0.0, 0.0], [27.5, 0.5], [0.0, 0.0]]
[2026-07-06 21:26:47] Marked situation: [0, 0, 0, 0, 0, 0, 0]
[2026-07-06 21:26:47] have_double_effect_times: 0 , is_activating_double_effect: 0 , already_activate_double_effect_times: 0
[2026-07-06 21:26:48] Marked situation: [0, 0, 0, 0, 0, 0, 0]
[2026-07-06 21:26:48] have_double_effect_times: 0 , is_activating_double_effect: 0 , already_activate_double_effect_times: 0
[2026-07-06 21:26:48] Sent map info: [[0.0, 0.0], [0.0, 0.0], [2.39681, 2.36], [2.39681, 2.36], [0.5, 14.5], [2.39681, 2.36], [0.0, 0.0], [0.0, 0.0], [0.0, 0.0], [0.0, 0.0], [27.5, 0.5], [0.0, 0.0]]
[2026-07-06 21:26:48] Sent map infos: [[0.0, 0.0], [0.0, 0.0], [2.39681, 2.36], [2.39681, 2.36], [0.5, 14.5], [2.39681, 2.36], [0.0, 0.0], [0.0, 0.0], [0.0, 0.0], [0.0, 0.0], [27.5, 0.5], [0.0, 0.0]]
[2026-07-06 21:26:48] Marked situation: [0, 0, 0, 0, 0, 0, 0]
[2026-07-06 21:26:48] have_double_effect_times: 0 , is_activating_double_effect: 0 , already_activate_double_effect_times: 0
[2026-07-06 21:26:48] Marked situation: [0, 0, 0, 0, 0, 0, 0]
[2026-07-06 21:26:48] have_double_effect_times: 0 , is_activating_double_effect: 0 , already_activate_double_effect_times: 0
[2026-07-06 21:26:48] Sent map info: [[0.0, 0.0], [0.0, 0.0], [2.39681, 2.36], [2.39681, 2.36], [0.5, 14.5], [2.39681, 2.36], [0.0, 0.0], [0.0, 0.0], [0.0, 0.0], [0.0, 0.0], [27.5, 0.5], [0.0, 0.0]]
[2026-07-06 21:26:48] Sent map infos: [[0.0, 0.0], [0.0, 0.0], [2.39681, 2.36], [2.39681, 2.36], [0.5, 14.5], [2.39681, 2.36], [0.0, 0.0], [0.0, 0.0], [0.0, 0.0], [0.0, 0.0], [27.5, 0.5], [0.0, 0.0]]
[2026-07-06 21:26:48] Marked situation: [0, 0, 0, 0, 0, 0, 0]
[2026-07-06 21:26:48] have_double_effect_times: 0 , is_activating_double_effect: 0 , already_activate_double_effect_times: 0
[2026-07-06 21:26:48] Marked situation: [0, 0, 0, 0, 0, 0, 0]
[2026-07-06 21:26:48] have_double_effect_times: 0 , is_activating_double_effect: 0 , already_activate_double_effect_times: 0
[2026-07-06 21:26:48] Sent map info: [[0.0, 0.0], [0.0, 0.0], [2.39681, 2.36], [2.39681, 2.36], [0.5, 14.5], [2.39681, 2.36], [0.0, 0.0], [0.0, 0.0], [0.0, 0.0], [0.0, 0.0], [27.5, 0.5], [0.0, 0.0]]
[2026-07-06 21:26:48] Sent map infos: [[0.0, 0.0], [0.0, 0.0], [2.39681, 2.36], [2.39681, 2.36], [0.5, 14.5], [2.39681, 2.36], [0.0, 0.0], [0.0, 0.0], [0.0, 0.0], [0.0, 0.0], [27.5, 0.5], [0.0, 0.0]]
[2026-07-06 21:26:49] Marked situation: [0, 0, 0, 0, 0, 0, 0]
[2026-07-06 21:26:49] have_double_effect_times: 0 , is_activating_double_effect: 0 , already_activate_double_effect_times: 0
[2026-07-06 21:26:49] Marked situation: [0, 0, 0, 0, 0, 0, 0]
[2026-07-06 21:26:49] have_double_effect_times: 0 , is_activating_double_effect: 0 , already_activate_double_effect_times: 0
[2026-07-06 21:26:49] Sent map info: [[0.0, 0.0], [0.0, 0.0], [2.39681, 2.36], [2.39681, 2.36], [0.5, 14.5], [2.39681, 2.36], [0.0, 0.0], [0.0, 0.0], [0.0, 0.0], [0.0, 0.0], [27.5, 0.5], [0.0, 0.0]]
[2026-07-06 21:26:49] Sent map infos: [[0.0, 0.0], [0.0, 0.0], [2.39681, 2.36], [2.39681, 2.36], [0.5, 14.5], [2.39681, 2.36], [0.0, 0.0], [0.0, 0.0], [0.0, 0.0], [0.0, 0.0], [27.5, 0.5], [0.0, 0.0]]
[2026-07-06 21:26:49] Marked situation: [0, 0, 0, 0, 0, 0, 0]
[2026-07-06 21:26:49] have_double_effect_times: 0 , is_activating_double_effect: 0 , already_activate_double_effect_times: 0
[2026-07-06 21:26:49] Marked situation: [0, 0, 0, 0, 0, 0, 0]
[2026-07-06 21:26:49] have_double_effect_times: 0 , is_activating_double_effect: 0 , already_activate_double_effect_times: 0
[2026-07-06 21:26:49] Sent map info: [[0.0, 0.0], [0.0, 0.0], [2.39681, 2.36], [2.39681, 2.36], [0.5, 14.5], [2.39681, 2.36], [0.0, 0.0], [0.0, 0.0], [0.0, 0.0], [0.0, 0.0], [27.5, 0.5], [0.0, 0.0]]
[2026-07-06 21:26:49] Sent map infos: [[0.0, 0.0], [0.0, 0.0], [2.39681, 2.36], [2.39681, 2.36], [0.5, 14.5], [2.39681, 2.36], [0.0, 0.0], [0.0, 0.0], [0.0, 0.0], [0.0, 0.0], [27.5, 0.5], [0.0, 0.0]]
[2026-07-06 21:26:49] Marked situation: [0, 0, 0, 0, 0, 0, 0]
[2026-07-06 21:26:49] have_double_effect_times: 0 , is_activating_double_effect: 0 , already_activate_double_effect_times: 0
[2026-07-06 21:26:50] Marked situation: [0, 0, 0, 0, 0, 0, 0]
[2026-07-06 21:26:50] have_double_effect_times: 0 , is_activating_double_effect: 0 , already_activate_double_effect_times: 0
[2026-07-06 21:26:50] Sent map info: [[0.0, 0.0], [0.0, 0.0], [2.39681, 2.36], [2.39681, 2.36], [0.5, 14.5], [2.39681, 2.36], [0.0, 0.0], [0.0, 0.0], [0.0, 0.0], [0.0, 0.0], [27.5, 0.5], [0.0, 0.0]]
[2026-07-06 21:26:50] Sent map infos: [[0.0, 0.0], [0.0, 0.0], [2.39681, 2.36], [2.39681, 2.36], [0.5, 14.5], [2.39681, 2.36], [0.0, 0.0], [0.0, 0.0], [0.0, 0.0], [0.0, 0.0], [27.5, 0.5], [0.0, 0.0]]
[2026-07-06 21:26:50] Marked situation: [0, 0, 0, 0, 0, 0, 0]
[2026-07-06 21:26:50] have_double_effect_times: 0 , is_activating_double_effect: 0 , already_activate_double_effect_times: 0
[2026-07-06 21:26:50] Marked situation: [0, 0, 0, 0, 0, 0, 0]
[2026-07-06 21:26:50] have_double_effect_times: 0 , is_activating_double_effect: 0 , already_activate_double_effect_times: 0
[2026-07-06 21:26:50] Sent map info: [[0.0, 0.0], [0.0, 0.0], [2.39681, 2.36], [2.39681, 2.36], [0.5, 14.5], [2.39681, 2.36], [0.0, 0.0], [0.0, 0.0], [0.0, 0.0], [0.0, 0.0], [27.5, 0.5], [0.0, 0.0]]
[2026-07-06 21:26:50] Sent map infos: [[0.0, 0.0], [0.0, 0.0], [2.39681, 2.36], [2.39681, 2.36], [0.5, 14.5], [2.39681, 2.36], [0.0, 0.0], [0.0, 0.0], [0.0, 0.0], [0.0, 0.0], [27.5, 0.5], [0.0, 0.0]]
[2026-07-06 21:26:50] Marked situation: [0, 0, 0, 0, 0, 0, 0]
[2026-07-06 21:26:50] have_double_effect_times: 0 , is_activating_double_effect: 0 , already_activate_double_effect_times: 0
[2026-07-06 21:26:50] Marked situation: [0, 0, 0, 0, 0, 0, 0]
[2026-07-06 21:26:50] have_double_effect_times: 0 , is_activating_double_effect: 0 , already_activate_double_effect_times: 0
[2026-07-06 21:26:50] Sent map info: [[0.0, 0.0], [0.0, 0.0], [2.39681, 2.36], [2.39681, 2.36], [0.5, 14.5], [2.39681, 2.36], [0.0, 0.0], [0.0, 0.0], [0.0, 0.0], [0.0, 0.0], [27.5, 0.5], [0.0, 0.0]]
[2026-07-06 21:26:50] Sent map infos: [[0.0, 0.0], [0.0, 0.0], [2.39681, 2.36], [2.39681, 2.36], [0.5, 14.5], [2.39681, 2.36], [0.0, 0.0], [0.0, 0.0], [0.0, 0.0], [0.0, 0.0], [27.5, 0.5], [0.0, 0.0]]
[2026-07-06 21:26:51] Marked situation: [0, 0, 0, 0, 0, 0, 0]
[2026-07-06 21:26:51] have_double_effect_times: 0 , is_activating_double_effect: 0 , already_activate_double_effect_times: 0
[2026-07-06 21:26:51] Marked situation: [0, 0, 0, 0, 0, 0, 0]
[2026-07-06 21:26:51] have_double_effect_times: 0 , is_activating_double_effect: 0 , already_activate_double_effect_times: 0
[2026-07-06 21:26:51] Sent map info: [[0.0, 0.0], [0.0, 0.0], [2.39681, 2.36], [2.39681, 2.36], [0.5, 14.5], [2.39681, 2.36], [0.0, 0.0], [0.0, 0.0], [0.0, 0.0], [0.0, 0.0], [27.5, 0.5], [0.0, 0.0]]
[2026-07-06 21:26:51] Sent map infos: [[0.0, 0.0], [0.0, 0.0], [2.39681, 2.36], [2.39681, 2.36], [0.5, 14.5], [2.39681, 2.36], [0.0, 0.0], [0.0, 0.0], [0.0, 0.0], [0.0, 0.0], [27.5, 0.5], [0.0, 0.0]]
[2026-07-06 21:26:51] Marked situation: [0, 0, 0, 0, 0, 0, 0]
[2026-07-06 21:26:51] have_double_effect_times: 0 , is_activating_double_effect: 0 , already_activate_double_effect_times: 0
[2026-07-06 21:26:51] Marked situation: [0, 0, 0, 0, 0, 0, 0]
[2026-07-06 21:26:51] have_double_effect_times: 0 , is_activating_double_effect: 0 , already_activate_double_effect_times: 0
[2026-07-06 21:26:51] Sent map info: [[0.0, 0.0], [0.0, 0.0], [2.39681, 2.36], [2.39681, 2.36], [0.5, 14.5], [2.39681, 2.36], [0.0, 0.0], [0.0, 0.0], [0.0, 0.0], [0.0, 0.0], [27.5, 0.5], [0.0, 0.0]]
[2026-07-06 21:26:51] Sent map infos: [[0.0, 0.0], [0.0, 0.0], [2.39681, 2.36], [2.39681, 2.36], [0.5, 14.5], [2.39681, 2.36], [0.0, 0.0], [0.0, 0.0], [0.0, 0.0], [0.0, 0.0], [27.5, 0.5], [0.0, 0.0]]
[2026-07-06 21:26:51] Marked situation: [0, 0, 0, 0, 0, 0, 0]
[2026-07-06 21:26:51] have_double_effect_times: 0 , is_activating_double_effect: 0 , already_activate_double_effect_times: 0
[2026-07-06 21:26:52] Marked situation: [0, 0, 0, 0, 0, 0, 0]
[2026-07-06 21:26:52] have_double_effect_times: 0 , is_activating_double_effect: 0 , already_activate_double_effect_times: 0
[2026-07-06 21:26:52] Sent map info: [[0.0, 0.0], [0.0, 0.0], [2.39681, 2.36], [2.39681, 2.36], [0.5, 14.5], [2.39681, 2.36], [0.0, 0.0], [0.0, 0.0], [0.0, 0.0], [0.0, 0.0], [27.5, 0.5], [0.0, 0.0]]
[2026-07-06 21:26:52] Sent map infos: [[0.0, 0.0], [0.0, 0.0], [2.39681, 2.36], [2.39681, 2.36], [0.5, 14.5], [2.39681, 2.36], [0.0, 0.0], [0.0, 0.0], [0.0, 0.0], [0.0, 0.0], [27.5, 0.5], [0.0, 0.0]]
[2026-07-06 21:26:52] Marked situation: [0, 0, 0, 0, 0, 0, 0]
[2026-07-06 21:26:52] have_double_effect_times: 0 , is_activating_double_effect: 0 , already_activate_double_effect_times: 0
[2026-07-06 21:26:52] Marked situation: [0, 0, 0, 0, 0, 0, 0]
[2026-07-06 21:26:52] have_double_effect_times: 0 , is_activating_double_effect: 0 , already_activate_double_effect_times: 0
[2026-07-06 21:26:52] Sent map info: [[0.0, 0.0], [0.0, 0.0], [2.39681, 2.36], [2.39681, 2.36], [0.5, 14.5], [2.39681, 2.36], [0.0, 0.0], [0.0, 0.0], [0.0, 0.0], [0.0, 0.0], [27.5, 0.5], [0.0, 0.0]]
[2026-07-06 21:26:52] Sent map infos: [[0.0, 0.0], [0.0, 0.0], [2.39681, 2.36], [2.39681, 2.36], [0.5, 14.5], [2.39681, 2.36], [0.0, 0.0], [0.0, 0.0], [0.0, 0.0], [0.0, 0.0], [27.5, 0.5], [0.0, 0.0]]
[2026-07-06 21:26:52] Marked situation: [0, 0, 0, 0, 0, 0, 0]
[2026-07-06 21:26:52] have_double_effect_times: 0 , is_activating_double_effect: 0 , already_activate_double_effect_times: 0
[2026-07-06 21:26:52] Marked situation: [0, 0, 0, 0, 0, 0, 0]
[2026-07-06 21:26:52] have_double_effect_times: 0 , is_activating_double_effect: 0 , already_activate_double_effect_times: 0
[2026-07-06 21:26:52] Sent map info: [[0.0, 0.0], [0.0, 0.0], [2.39681, 2.36], [2.39681, 2.36], [0.5, 14.5], [2.39681, 2.36], [0.0, 0.0], [0.0, 0.0], [0.0, 0.0], [0.0, 0.0], [27.5, 0.5], [0.0, 0.0]]
[2026-07-06 21:26:52] Sent map infos: [[0.0, 0.0], [0.0, 0.0], [2.39681, 2.36], [2.39681, 2.36], [0.5, 14.5], [2.39681, 2.36], [0.0, 0.0], [0.0, 0.0], [0.0, 0.0], [0.0, 0.0], [27.5, 0.5], [0.0, 0.0]]
[2026-07-06 21:26:53] Marked situation: [0, 0, 0, 0, 0, 0, 0]
[2026-07-06 21:26:53] have_double_effect_times: 0 , is_activating_double_effect: 0 , already_activate_double_effect_times: 0
[2026-07-06 21:26:53] Marked situation: [0, 0, 0, 0, 0, 0, 0]
[2026-07-06 21:26:53] have_double_effect_times: 0 , is_activating_double_effect: 0 , already_activate_double_effect_times: 0
[2026-07-06 21:26:53] Sent map info: [[0.0, 0.0], [0.0, 0.0], [2.39681, 2.36], [2.39681, 2.36], [0.5, 14.5], [2.39681, 2.36], [0.0, 0.0], [0.0, 0.0], [0.0, 0.0], [0.0, 0.0], [27.5, 0.5], [0.0, 0.0]]
[2026-07-06 21:26:53] Sent map infos: [[0.0, 0.0], [0.0, 0.0], [2.39681, 2.36], [2.39681, 2.36], [0.5, 14.5], [2.39681, 2.36], [0.0, 0.0], [0.0, 0.0], [0.0, 0.0], [0.0, 0.0], [27.5, 0.5], [0.0, 0.0]]
[2026-07-06 21:26:53] Marked situation: [0, 0, 0, 0, 0, 0, 0]
[2026-07-06 21:26:53] have_double_effect_times: 0 , is_activating_double_effect: 0 , already_activate_double_effect_times: 0
[2026-07-06 21:26:53] Marked situation: [0, 0, 0, 0, 0, 0, 0]
[2026-07-06 21:26:53] have_double_effect_times: 0 , is_activating_double_effect: 0 , already_activate_double_effect_times: 0
[2026-07-06 21:26:53] Sent map info: [[0.0, 0.0], [0.0, 0.0], [2.39681, 2.36], [2.39681, 2.36], [0.5, 14.5], [2.39681, 2.36], [0.0, 0.0], [0.0, 0.0], [0.0, 0.0], [0.0, 0.0], [27.5, 0.5], [0.0, 0.0]]
[2026-07-06 21:26:53] Sent map infos: [[0.0, 0.0], [0.0, 0.0], [2.39681, 2.36], [2.39681, 2.36], [0.5, 14.5], [2.39681, 2.36], [0.0, 0.0], [0.0, 0.0], [0.0, 0.0], [0.0, 0.0], [27.5, 0.5], [0.0, 0.0]]
[2026-07-06 21:26:53] Marked situation: [0, 0, 0, 0, 0, 0, 0]
[2026-07-06 21:26:53] have_double_effect_times: 0 , is_activating_double_effect: 0 , already_activate_double_effect_times: 0
[2026-07-06 21:26:54] Marked situation: [0, 0, 0, 0, 0, 0, 0]
[2026-07-06 21:26:54] have_double_effect_times: 0 , is_activating_double_effect: 0 , already_activate_double_effect_times: 0
[2026-07-06 21:26:54] Sent map info: [[0.0, 0.0], [0.0, 0.0], [2.39681, 2.36], [2.39681, 2.36], [0.5, 14.5], [2.39681, 2.36], [0.0, 0.0], [0.0, 0.0], [0.0, 0.0], [0.0, 0.0], [27.5, 0.5], [0.0, 0.0]]
[2026-07-06 21:26:54] Sent map infos: [[0.0, 0.0], [0.0, 0.0], [2.39681, 2.36], [2.39681, 2.36], [0.5, 14.5], [2.39681, 2.36], [0.0, 0.0], [0.0, 0.0], [0.0, 0.0], [0.0, 0.0], [27.5, 0.5], [0.0, 0.0]]
[2026-07-06 21:26:54] Marked situation: [0, 0, 0, 0, 0, 0, 0]
[2026-07-06 21:26:54] have_double_effect_times: 0 , is_activating_double_effect: 0 , already_activate_double_effect_times: 0
[2026-07-06 21:26:54] Marked situation: [0, 0, 0, 0, 0, 0, 0]
[2026-07-06 21:26:54] have_double_effect_times: 0 , is_activating_double_effect: 0 , already_activate_double_effect_times: 0
[2026-07-06 21:26:54] Sent map info: [[0.0, 0.0], [0.0, 0.0], [2.39681, 2.36], [2.39681, 2.36], [0.5, 14.5], [2.39681, 2.36], [0.0, 0.0], [0.0, 0.0], [0.0, 0.0], [0.0, 0.0], [27.5, 0.5], [0.0, 0.0]]
[2026-07-06 21:26:54] Sent map infos: [[0.0, 0.0], [0.0, 0.0], [2.39681, 2.36], [2.39681, 2.36], [0.5, 14.5], [2.39681, 2.36], [0.0, 0.0], [0.0, 0.0], [0.0, 0.0], [0.0, 0.0], [27.5, 0.5], [0.0, 0.0]]
[2026-07-06 21:26:54] Marked situation: [0, 0, 0, 0, 0, 0, 0]
[2026-07-06 21:26:54] have_double_effect_times: 0 , is_activating_double_effect: 0 , already_activate_double_effect_times: 0
[2026-07-06 21:26:54] Marked situation: [0, 0, 0, 0, 0, 0, 0]
[2026-07-06 21:26:54] have_double_effect_times: 0 , is_activating_double_effect: 0 , already_activate_double_effect_times: 0
[2026-07-06 21:26:54] Sent map info: [[0.0, 0.0], [0.0, 0.0], [2.39681, 2.36], [2.39681, 2.36], [0.5, 14.5], [2.39681, 2.36], [0.0, 0.0], [0.0, 0.0], [0.0, 0.0], [0.0, 0.0], [27.5, 0.5], [0.0, 0.0]]
[2026-07-06 21:26:54] Sent map infos: [[0.0, 0.0], [0.0, 0.0], [2.39681, 2.36], [2.39681, 2.36], [0.5, 14.5], [2.39681, 2.36], [0.0, 0.0], [0.0, 0.0], [0.0, 0.0], [0.0, 0.0], [27.5, 0.5], [0.0, 0.0]]
[2026-07-06 21:26:55] Marked situation: [0, 0, 0, 0, 0, 0, 0]
[2026-07-06 21:26:55] have_double_effect_times: 0 , is_activating_double_effect: 0 , already_activate_double_effect_times: 0
[2026-07-06 21:26:55] Marked situation: [0, 0, 0, 0, 0, 0, 0]
[2026-07-06 21:26:55] have_double_effect_times: 0 , is_activating_double_effect: 0 , already_activate_double_effect_times: 0
[2026-07-06 21:26:55] Sent map info: [[0.0, 0.0], [0.0, 0.0], [2.39681, 2.36], [2.39681, 2.36], [0.5, 14.5], [2.39681, 2.36], [0.0, 0.0], [0.0, 0.0], [0.0, 0.0], [0.0, 0.0], [27.5, 0.5], [0.0, 0.0]]
[2026-07-06 21:26:55] Sent map infos: [[0.0, 0.0], [0.0, 0.0], [2.39681, 2.36], [2.39681, 2.36], [0.5, 14.5], [2.39681, 2.36], [0.0, 0.0], [0.0, 0.0], [0.0, 0.0], [0.0, 0.0], [27.5, 0.5], [0.0, 0.0]]
[2026-07-06 21:26:55] Marked situation: [0, 0, 0, 0, 0, 0, 0]
[2026-07-06 21:26:55] have_double_effect_times: 0 , is_activating_double_effect: 0 , already_activate_double_effect_times: 0
[2026-07-06 21:26:55] Marked situation: [0, 0, 0, 0, 0, 0, 0]
[2026-07-06 21:26:55] have_double_effect_times: 0 , is_activating_double_effect: 0 , already_activate_double_effect_times: 0
[2026-07-06 21:26:55] Sent map info: [[0.0, 0.0], [0.0, 0.0], [2.39681, 2.36], [2.39681, 2.36], [0.5, 14.5], [2.39681, 2.36], [0.0, 0.0], [0.0, 0.0], [0.0, 0.0], [0.0, 0.0], [27.5, 0.5], [0.0, 0.0]]
[2026-07-06 21:26:55] Sent map infos: [[0.0, 0.0], [0.0, 0.0], [2.39681, 2.36], [2.39681, 2.36], [0.5, 14.5], [2.39681, 2.36], [0.0, 0.0], [0.0, 0.0], [0.0, 0.0], [0.0, 0.0], [27.5, 0.5], [0.0, 0.0]]
[2026-07-06 21:26:55] Marked situation: [0, 0, 0, 0, 0, 0, 0]
[2026-07-06 21:26:55] have_double_effect_times: 0 , is_activating_double_effect: 0 , already_activate_double_effect_times: 0
[2026-07-06 21:26:56] Marked situation: [0, 0, 0, 0, 0, 0, 0]
[2026-07-06 21:26:56] have_double_effect_times: 0 , is_activating_double_effect: 0 , already_activate_double_effect_times: 0
[2026-07-06 21:26:56] Sent map info: [[0.0, 0.0], [0.0, 0.0], [2.39681, 2.36], [2.39681, 2.36], [0.5, 14.5], [2.39681, 2.36], [0.0, 0.0], [0.0, 0.0], [0.0, 0.0], [0.0, 0.0], [27.5, 0.5], [0.0, 0.0]]
[2026-07-06 21:26:56] Sent map infos: [[0.0, 0.0], [0.0, 0.0], [2.39681, 2.36], [2.39681, 2.36], [0.5, 14.5], [2.39681, 2.36], [0.0, 0.0], [0.0, 0.0], [0.0, 0.0], [0.0, 0.0], [27.5, 0.5], [0.0, 0.0]]
[2026-07-06 21:26:56] Marked situation: [0, 0, 0, 0, 0, 0, 0]
[2026-07-06 21:26:56] have_double_effect_times: 0 , is_activating_double_effect: 0 , already_activate_double_effect_times: 0
[2026-07-06 21:26:56] Marked situation: [0, 0, 0, 0, 0, 0, 0]
[2026-07-06 21:26:56] have_double_effect_times: 0 , is_activating_double_effect: 0 , already_activate_double_effect_times: 0
[2026-07-06 21:26:56] Sent map info: [[0.0, 0.0], [0.0, 0.0], [2.39681, 2.36], [2.39681, 2.36], [0.5, 14.5], [2.39681, 2.36], [0.0, 0.0], [0.0, 0.0], [0.0, 0.0], [0.0, 0.0], [27.5, 0.5], [0.0, 0.0]]
[2026-07-06 21:26:56] Sent map infos: [[0.0, 0.0], [0.0, 0.0], [2.39681, 2.36], [2.39681, 2.36], [0.5, 14.5], [2.39681, 2.36], [0.0, 0.0], [0.0, 0.0], [0.0, 0.0], [0.0, 0.0], [27.5, 0.5], [0.0, 0.0]]
[2026-07-06 21:26:56] Marked situation: [0, 0, 0, 0, 0, 0, 0]
[2026-07-06 21:26:56] have_double_effect_times: 0 , is_activating_double_effect: 0 , already_activate_double_effect_times: 0
[2026-07-06 21:26:56] Marked situation: [0, 0, 0, 0, 0, 0, 0]
[2026-07-06 21:26:56] have_double_effect_times: 0 , is_activating_double_effect: 0 , already_activate_double_effect_times: 0
[2026-07-06 21:26:56] Sent map info: [[0.0, 0.0], [0.0, 0.0], [2.39681, 2.36], [2.39681, 2.36], [0.5, 14.5], [2.39681, 2.36], [0.0, 0.0], [0.0, 0.0], [0.0, 0.0], [0.0, 0.0], [27.5, 0.5], [0.0, 0.0]]
[2026-07-06 21:26:56] Sent map infos: [[0.0, 0.0], [0.0, 0.0], [2.39681, 2.36], [2.39681, 2.36], [0.5, 14.5], [2.39681, 2.36], [0.0, 0.0], [0.0, 0.0], [0.0, 0.0], [0.0, 0.0], [27.5, 0.5], [0.0, 0.0]]
[2026-07-06 21:26:57] Marked situation: [0, 0, 0, 0, 0, 0, 0]
[2026-07-06 21:26:57] have_double_effect_times: 0 , is_activating_double_effect: 0 , already_activate_double_effect_times: 0
[2026-07-06 21:26:57] Marked situation: [0, 0, 0, 0, 0, 0, 0]
[2026-07-06 21:26:57] have_double_effect_times: 0 , is_activating_double_effect: 0 , already_activate_double_effect_times: 0
[2026-07-06 21:26:57] Sent map info: [[0.0, 0.0], [0.0, 0.0], [2.39681, 2.36], [2.39681, 2.36], [0.5, 14.5], [2.39681, 2.36], [0.0, 0.0], [0.0, 0.0], [0.0, 0.0], [0.0, 0.0], [27.5, 0.5], [0.0, 0.0]]
[2026-07-06 21:26:57] Sent map infos: [[0.0, 0.0], [0.0, 0.0], [2.39681, 2.36], [2.39681, 2.36], [0.5, 14.5], [2.39681, 2.36], [0.0, 0.0], [0.0, 0.0], [0.0, 0.0], [0.0, 0.0], [27.5, 0.5], [0.0, 0.0]]
[2026-07-06 21:26:57] Marked situation: [0, 0, 0, 0, 0, 0, 0]
[2026-07-06 21:26:57] have_double_effect_times: 0 , is_activating_double_effect: 0 , already_activate_double_effect_times: 0
[2026-07-06 21:26:57] Marked situation: [0, 0, 0, 0, 0, 0, 0]
[2026-07-06 21:26:57] have_double_effect_times: 0 , is_activating_double_effect: 0 , already_activate_double_effect_times: 0
[2026-07-06 21:26:57] Sent map info: [[0.0, 0.0], [0.0, 0.0], [2.39681, 2.36], [2.39681, 2.36], [0.5, 14.5], [2.39681, 2.36], [0.0, 0.0], [0.0, 0.0], [0.0, 0.0], [0.0, 0.0], [27.5, 0.5], [0.0, 0.0]]
[2026-07-06 21:26:57] Sent map infos: [[0.0, 0.0], [0.0, 0.0], [2.39681, 2.36], [2.39681, 2.36], [0.5, 14.5], [2.39681, 2.36], [0.0, 0.0], [0.0, 0.0], [0.0, 0.0], [0.0, 0.0], [27.5, 0.5], [0.0, 0.0]]
[2026-07-06 21:26:57] Marked situation: [0, 0, 0, 0, 0, 0, 0]
[2026-07-06 21:26:57] have_double_effect_times: 0 , is_activating_double_effect: 0 , already_activate_double_effect_times: 0
[2026-07-06 21:26:58] Marked situation: [0, 0, 0, 0, 0, 0, 0]
[2026-07-06 21:26:58] have_double_effect_times: 0 , is_activating_double_effect: 0 , already_activate_double_effect_times: 0
[2026-07-06 21:26:58] Sent map info: [[0.0, 0.0], [0.0, 0.0], [2.39681, 2.36], [2.39681, 2.36], [0.5, 14.5], [2.39681, 2.36], [0.0, 0.0], [0.0, 0.0], [0.0, 0.0], [0.0, 0.0], [27.5, 0.5], [0.0, 0.0]]
[2026-07-06 21:26:58] Sent map infos: [[0.0, 0.0], [0.0, 0.0], [2.39681, 2.36], [2.39681, 2.36], [0.5, 14.5], [2.39681, 2.36], [0.0, 0.0], [0.0, 0.0], [0.0, 0.0], [0.0, 0.0], [27.5, 0.5], [0.0, 0.0]]
[2026-07-06 21:26:58] Marked situation: [0, 0, 0, 0, 0, 0, 0]
[2026-07-06 21:26:58] have_double_effect_times: 0 , is_activating_double_effect: 0 , already_activate_double_effect_times: 0
[2026-07-06 21:26:58] Marked situation: [0, 0, 0, 0, 0, 0, 0]
[2026-07-06 21:26:58] have_double_effect_times: 0 , is_activating_double_effect: 0 , already_activate_double_effect_times: 0
[2026-07-06 21:26:58] Sent map info: [[0.0, 0.0], [0.0, 0.0], [2.39681, 2.36], [2.39681, 2.36], [0.5, 14.5], [2.39681, 2.36], [0.0, 0.0], [0.0, 0.0], [0.0, 0.0], [0.0, 0.0], [27.5, 0.5], [0.0, 0.0]]
[2026-07-06 21:26:58] Sent map infos: [[0.0, 0.0], [0.0, 0.0], [2.39681, 2.36], [2.39681, 2.36], [0.5, 14.5], [2.39681, 2.36], [0.0, 0.0], [0.0, 0.0], [0.0, 0.0], [0.0, 0.0], [27.5, 0.5], [0.0, 0.0]]
[2026-07-06 21:26:58] Marked situation: [0, 0, 0, 0, 0, 0, 0]
[2026-07-06 21:26:58] have_double_effect_times: 0 , is_activating_double_effect: 0 , already_activate_double_effect_times: 0
[2026-07-06 21:26:58] Marked situation: [0, 0, 0, 0, 0, 0, 0]
[2026-07-06 21:26:58] have_double_effect_times: 0 , is_activating_double_effect: 0 , already_activate_double_effect_times: 0
[2026-07-06 21:26:58] Sent map info: [[0.0, 0.0], [0.0, 0.0], [2.39681, 2.36], [2.39681, 2.36], [0.5, 14.5], [2.39681, 2.36], [0.0, 0.0], [0.0, 0.0], [0.0, 0.0], [0.0, 0.0], [27.5, 0.5], [0.0, 0.0]]
[2026-07-06 21:26:58] Sent map infos: [[0.0, 0.0], [0.0, 0.0], [2.39681, 2.36], [2.39681, 2.36], [0.5, 14.5], [2.39681, 2.36], [0.0, 0.0], [0.0, 0.0], [0.0, 0.0], [0.0, 0.0], [27.5, 0.5], [0.0, 0.0]]
[2026-07-06 21:26:59] Marked situation: [0, 0, 0, 0, 0, 0, 0]
[2026-07-06 21:26:59] have_double_effect_times: 0 , is_activating_double_effect: 0 , already_activate_double_effect_times: 0
[2026-07-06 21:26:59] Marked situation: [0, 0, 0, 0, 0, 0, 0]
[2026-07-06 21:26:59] have_double_effect_times: 0 , is_activating_double_effect: 0 , already_activate_double_effect_times: 0
[2026-07-06 21:26:59] Sent map info: [[0.0, 0.0], [0.0, 0.0], [2.39681, 2.36], [2.39681, 2.36], [0.5, 14.5], [2.39681, 2.36], [0.0, 0.0], [0.0, 0.0], [0.0, 0.0], [0.0, 0.0], [27.5, 0.5], [0.0, 0.0]]
[2026-07-06 21:26:59] Sent map infos: [[0.0, 0.0], [0.0, 0.0], [2.39681, 2.36], [2.39681, 2.36], [0.5, 14.5], [2.39681, 2.36], [0.0, 0.0], [0.0, 0.0], [0.0, 0.0], [0.0, 0.0], [27.5, 0.5], [0.0, 0.0]]
[2026-07-06 21:26:59] Marked situation: [0, 0, 0, 0, 0, 0, 0]
[2026-07-06 21:26:59] have_double_effect_times: 0 , is_activating_double_effect: 0 , already_activate_double_effect_times: 0
[2026-07-06 21:26:59] Marked situation: [0, 0, 0, 0, 0, 0, 0]
[2026-07-06 21:26:59] have_double_effect_times: 0 , is_activating_double_effect: 0 , already_activate_double_effect_times: 0
[2026-07-06 21:26:59] Sent map info: [[0.0, 0.0], [0.0, 0.0], [2.39681, 2.36], [2.39681, 2.36], [0.5, 14.5], [2.39681, 2.36], [0.0, 0.0], [0.0, 0.0], [0.0, 0.0], [0.0, 0.0], [27.5, 0.5], [0.0, 0.0]]
[2026-07-06 21:26:59] Sent map infos: [[0.0, 0.0], [0.0, 0.0], [2.39681, 2.36], [2.39681, 2.36], [0.5, 14.5], [2.39681, 2.36], [0.0, 0.0], [0.0, 0.0], [0.0, 0.0], [0.0, 0.0], [27.5, 0.5], [0.0, 0.0]]
[2026-07-06 21:26:59] Marked situation: [0, 0, 0, 0, 0, 0, 0]
[2026-07-06 21:26:59] have_double_effect_times: 0 , is_activating_double_effect: 0 , already_activate_double_effect_times: 0
[2026-07-06 21:27:00] Marked situation: [0, 0, 0, 0, 0, 0, 0]
[2026-07-06 21:27:00] have_double_effect_times: 0 , is_activating_double_effect: 0 , already_activate_double_effect_times: 0
[2026-07-06 21:27:00] Sent map info: [[0.0, 0.0], [0.0, 0.0], [2.39681, 2.36], [2.39681, 2.36], [0.5, 14.5], [2.39681, 2.36], [0.0, 0.0], [0.0, 0.0], [0.0, 0.0], [0.0, 0.0], [27.5, 0.5], [0.0, 0.0]]
[2026-07-06 21:27:00] Sent map infos: [[0.0, 0.0], [0.0, 0.0], [2.39681, 2.36], [2.39681, 2.36], [0.5, 14.5], [2.39681, 2.36], [0.0, 0.0], [0.0, 0.0], [0.0, 0.0], [0.0, 0.0], [27.5, 0.5], [0.0, 0.0]]
[2026-07-06 21:27:00] Marked situation: [0, 0, 0, 0, 0, 0, 0]
[2026-07-06 21:27:00] have_double_effect_times: 0 , is_activating_double_effect: 0 , already_activate_double_effect_times: 0
[2026-07-06 21:27:00] Marked situation: [0, 0, 0, 0, 0, 0, 0]
[2026-07-06 21:27:00] have_double_effect_times: 0 , is_activating_double_effect: 0 , already_activate_double_effect_times: 0
[2026-07-06 21:27:00] Sent map info: [[0.0, 0.0], [0.0, 0.0], [2.39681, 2.36], [2.39681, 2.36], [0.5, 14.5], [2.39681, 2.36], [0.0, 0.0], [0.0, 0.0], [0.0, 0.0], [0.0, 0.0], [27.5, 0.5], [0.0, 0.0]]
[2026-07-06 21:27:00] Sent map infos: [[0.0, 0.0], [0.0, 0.0], [2.39681, 2.36], [2.39681, 2.36], [0.5, 14.5], [2.39681, 2.36], [0.0, 0.0], [0.0, 0.0], [0.0, 0.0], [0.0, 0.0], [27.5, 0.5], [0.0, 0.0]]
[2026-07-06 21:27:00] Marked situation: [0, 0, 0, 0, 0, 0, 0]
[2026-07-06 21:27:00] have_double_effect_times: 0 , is_activating_double_effect: 0 , already_activate_double_effect_times: 0
[2026-07-06 21:27:00] Marked situation: [0, 0, 0, 0, 0, 0, 0]
[2026-07-06 21:27:00] have_double_effect_times: 0 , is_activating_double_effect: 0 , already_activate_double_effect_times: 0
[2026-07-06 21:27:00] Sent map info: [[0.0, 0.0], [0.0, 0.0], [2.39681, 2.36], [2.39681, 2.36], [0.5, 14.5], [2.39681, 2.36], [0.0, 0.0], [0.0, 0.0], [0.0, 0.0], [0.0, 0.0], [27.5, 0.5], [0.0, 0.0]]
[2026-07-06 21:27:00] Sent map infos: [[0.0, 0.0], [0.0, 0.0], [2.39681, 2.36], [2.39681, 2.36], [0.5, 14.5], [2.39681, 2.36], [0.0, 0.0], [0.0, 0.0], [0.0, 0.0], [0.0, 0.0], [27.5, 0.5], [0.0, 0.0]]
[2026-07-06 21:27:01] Marked situation: [0, 0, 0, 0, 0, 0, 0]
[2026-07-06 21:27:01] have_double_effect_times: 0 , is_activating_double_effect: 0 , already_activate_double_effect_times: 0
[2026-07-06 21:27:01] Marked situation: [0, 0, 0, 0, 0, 0, 0]
[2026-07-06 21:27:01] have_double_effect_times: 0 , is_activating_double_effect: 0 , already_activate_double_effect_times: 0
[2026-07-06 21:27:01] Sent map info: [[0.0, 0.0], [0.0, 0.0], [2.39681, 2.36], [2.39681, 2.36], [0.5, 14.5], [2.39681, 2.36], [0.0, 0.0], [0.0, 0.0], [0.0, 0.0], [0.0, 0.0], [27.5, 0.5], [0.0, 0.0]]
[2026-07-06 21:27:01] Sent map infos: [[0.0, 0.0], [0.0, 0.0], [2.39681, 2.36], [2.39681, 2.36], [0.5, 14.5], [2.39681, 2.36], [0.0, 0.0], [0.0, 0.0], [0.0, 0.0], [0.0, 0.0], [27.5, 0.5], [0.0, 0.0]]
[2026-07-06 21:27:01] Marked situation: [0, 0, 0, 0, 0, 0, 0]
[2026-07-06 21:27:01] have_double_effect_times: 0 , is_activating_double_effect: 0 , already_activate_double_effect_times: 0
[2026-07-06 21:27:01] Marked situation: [0, 0, 0, 0, 0, 0, 0]
[2026-07-06 21:27:01] have_double_effect_times: 0 , is_activating_double_effect: 0 , already_activate_double_effect_times: 0
[2026-07-06 21:27:01] Sent map info: [[0.0, 0.0], [0.0, 0.0], [2.39681, 2.36], [2.39681, 2.36], [0.5, 14.5], [2.39681, 2.36], [0.0, 0.0], [0.0, 0.0], [0.0, 0.0], [0.0, 0.0], [27.5, 0.5], [0.0, 0.0]]
[2026-07-06 21:27:01] Sent map infos: [[0.0, 0.0], [0.0, 0.0], [2.39681, 2.36], [2.39681, 2.36], [0.5, 14.5], [2.39681, 2.36], [0.0, 0.0], [0.0, 0.0], [0.0, 0.0], [0.0, 0.0], [27.5, 0.5], [0.0, 0.0]]
[2026-07-06 21:27:01] Marked situation: [0, 0, 0, 0, 0, 0, 0]
[2026-07-06 21:27:01] have_double_effect_times: 0 , is_activating_double_effect: 0 , already_activate_double_effect_times: 0
[2026-07-06 21:27:02] Marked situation: [0, 0, 0, 0, 0, 0, 0]
[2026-07-06 21:27:02] have_double_effect_times: 0 , is_activating_double_effect: 0 , already_activate_double_effect_times: 0
[2026-07-06 21:27:02] Sent map info: [[0.0, 0.0], [0.0, 0.0], [2.39681, 2.36], [2.39681, 2.36], [0.5, 14.5], [2.39681, 2.36], [0.0, 0.0], [0.0, 0.0], [0.0, 0.0], [0.0, 0.0], [27.5, 0.5], [0.0, 0.0]]
[2026-07-06 21:27:02] Sent map infos: [[0.0, 0.0], [0.0, 0.0], [2.39681, 2.36], [2.39681, 2.36], [0.5, 14.5], [2.39681, 2.36], [0.0, 0.0], [0.0, 0.0], [0.0, 0.0], [0.0, 0.0], [27.5, 0.5], [0.0, 0.0]]
[2026-07-06 21:27:02] Marked situation: [0, 0, 0, 0, 0, 0, 0]
[2026-07-06 21:27:02] have_double_effect_times: 0 , is_activating_double_effect: 0 , already_activate_double_effect_times: 0
[2026-07-06 21:27:02] Marked situation: [0, 0, 0, 0, 0, 0, 0]
[2026-07-06 21:27:02] have_double_effect_times: 0 , is_activating_double_effect: 0 , already_activate_double_effect_times: 0
[2026-07-06 21:27:02] Sent map info: [[0.0, 0.0], [0.0, 0.0], [2.39681, 2.36], [2.39681, 2.36], [0.5, 14.5], [2.39681, 2.36], [0.0, 0.0], [0.0, 0.0], [0.0, 0.0], [0.0, 0.0], [27.5, 0.5], [0.0, 0.0]]
[2026-07-06 21:27:02] Sent map infos: [[0.0, 0.0], [0.0, 0.0], [2.39681, 2.36], [2.39681, 2.36], [0.5, 14.5], [2.39681, 2.36], [0.0, 0.0], [0.0, 0.0], [0.0, 0.0], [0.0, 0.0], [27.5, 0.5], [0.0, 0.0]]
[2026-07-06 21:27:02] Marked situation: [0, 0, 0, 0, 0, 0, 0]
[2026-07-06 21:27:02] have_double_effect_times: 0 , is_activating_double_effect: 0 , already_activate_double_effect_times: 0
[2026-07-06 21:27:02] Marked situation: [0, 0, 0, 0, 0, 0, 0]
[2026-07-06 21:27:02] have_double_effect_times: 0 , is_activating_double_effect: 0 , already_activate_double_effect_times: 0
[2026-07-06 21:27:02] Sent map info: [[0.0, 0.0], [0.0, 0.0], [2.39681, 2.36], [2.39681, 2.36], [0.5, 14.5], [2.39681, 2.36], [0.0, 0.0], [0.0, 0.0], [0.0, 0.0], [0.0, 0.0], [27.5, 0.5], [0.0, 0.0]]
[2026-07-06 21:27:02] Sent map infos: [[0.0, 0.0], [0.0, 0.0], [2.39681, 2.36], [2.39681, 2.36], [0.5, 14.5], [2.39681, 2.36], [0.0, 0.0], [0.0, 0.0], [0.0, 0.0], [0.0, 0.0], [27.5, 0.5], [0.0, 0.0]]
[2026-07-06 21:27:03] Marked situation: [0, 0, 0, 0, 0, 0, 0]
[2026-07-06 21:27:03] have_double_effect_times: 0 , is_activating_double_effect: 0 , already_activate_double_effect_times: 0
[2026-07-06 21:27:03] Marked situation: [0, 0, 0, 0, 0, 0, 0]
[2026-07-06 21:27:03] have_double_effect_times: 0 , is_activating_double_effect: 0 , already_activate_double_effect_times: 0
[2026-07-06 21:27:03] Sent map info: [[0.0, 0.0], [0.0, 0.0], [2.39681, 2.36], [2.39681, 2.36], [0.5, 14.5], [2.39681, 2.36], [0.0, 0.0], [0.0, 0.0], [0.0, 0.0], [0.0, 0.0], [27.5, 0.5], [0.0, 0.0]]
[2026-07-06 21:27:03] Sent map infos: [[0.0, 0.0], [0.0, 0.0], [2.39681, 2.36], [2.39681, 2.36], [0.5, 14.5], [2.39681, 2.36], [0.0, 0.0], [0.0, 0.0], [0.0, 0.0], [0.0, 0.0], [27.5, 0.5], [0.0, 0.0]]
[2026-07-06 21:27:03] Marked situation: [0, 0, 0, 0, 0, 0, 0]
[2026-07-06 21:27:03] have_double_effect_times: 0 , is_activating_double_effect: 0 , already_activate_double_effect_times: 0
[2026-07-06 21:27:03] Marked situation: [0, 0, 0, 0, 0, 0, 0]
[2026-07-06 21:27:03] have_double_effect_times: 0 , is_activating_double_effect: 0 , already_activate_double_effect_times: 0
[2026-07-06 21:27:03] Sent map info: [[0.0, 0.0], [0.0, 0.0], [2.39681, 2.36], [2.39681, 2.36], [0.5, 14.5], [2.39681, 2.36], [0.0, 0.0], [0.0, 0.0], [0.0, 0.0], [0.0, 0.0], [27.5, 0.5], [0.0, 0.0]]
[2026-07-06 21:27:03] Sent map infos: [[0.0, 0.0], [0.0, 0.0], [2.39681, 2.36], [2.39681, 2.36], [0.5, 14.5], [2.39681, 2.36], [0.0, 0.0], [0.0, 0.0], [0.0, 0.0], [0.0, 0.0], [27.5, 0.5], [0.0, 0.0]]
[2026-07-06 21:27:03] Marked situation: [0, 0, 0, 0, 0, 0, 0]
[2026-07-06 21:27:03] have_double_effect_times: 0 , is_activating_double_effect: 0 , already_activate_double_effect_times: 0
[2026-07-06 21:27:04] Marked situation: [0, 0, 0, 0, 0, 0, 0]
[2026-07-06 21:27:04] have_double_effect_times: 0 , is_activating_double_effect: 0 , already_activate_double_effect_times: 0
[2026-07-06 21:27:04] Sent map info: [[0.0, 0.0], [0.0, 0.0], [2.39681, 2.36], [2.39681, 2.36], [0.5, 14.5], [2.39681, 2.36], [0.0, 0.0], [0.0, 0.0], [0.0, 0.0], [0.0, 0.0], [27.5, 0.5], [0.0, 0.0]]
[2026-07-06 21:27:04] Sent map infos: [[0.0, 0.0], [0.0, 0.0], [2.39681, 2.36], [2.39681, 2.36], [0.5, 14.5], [2.39681, 2.36], [0.0, 0.0], [0.0, 0.0], [0.0, 0.0], [0.0, 0.0], [27.5, 0.5], [0.0, 0.0]]
[2026-07-06 21:27:04] Marked situation: [0, 0, 0, 0, 0, 0, 0]
[2026-07-06 21:27:04] have_double_effect_times: 0 , is_activating_double_effect: 0 , already_activate_double_effect_times: 0
[2026-07-06 21:27:04] Marked situation: [0, 0, 0, 0, 0, 0, 0]
[2026-07-06 21:27:04] have_double_effect_times: 0 , is_activating_double_effect: 0 , already_activate_double_effect_times: 0
[2026-07-06 21:27:04] Sent map info: [[0.0, 0.0], [0.0, 0.0], [2.39681, 2.36], [2.39681, 2.36], [0.5, 14.5], [2.39681, 2.36], [0.0, 0.0], [0.0, 0.0], [0.0, 0.0], [0.0, 0.0], [27.5, 0.5], [0.0, 0.0]]
[2026-07-06 21:27:04] Sent map infos: [[0.0, 0.0], [0.0, 0.0], [2.39681, 2.36], [2.39681, 2.36], [0.5, 14.5], [2.39681, 2.36], [0.0, 0.0], [0.0, 0.0], [0.0, 0.0], [0.0, 0.0], [27.5, 0.5], [0.0, 0.0]]
[2026-07-06 21:27:04] Marked situation: [0, 0, 0, 0, 0, 0, 0]
[2026-07-06 21:27:04] have_double_effect_times: 0 , is_activating_double_effect: 0 , already_activate_double_effect_times: 0
[2026-07-06 21:27:04] Marked situation: [0, 0, 0, 0, 0, 0, 0]
[2026-07-06 21:27:04] have_double_effect_times: 0 , is_activating_double_effect: 0 , already_activate_double_effect_times: 0
[2026-07-06 21:27:04] Sent map info: [[0.0, 0.0], [0.0, 0.0], [2.39681, 2.36], [2.39681, 2.36], [0.5, 14.5], [2.39681, 2.36], [0.0, 0.0], [0.0, 0.0], [0.0, 0.0], [0.0, 0.0], [27.5, 0.5], [0.0, 0.0]]
[2026-07-06 21:27:04] Sent map infos: [[0.0, 0.0], [0.0, 0.0], [2.39681, 2.36], [2.39681, 2.36], [0.5, 14.5], [2.39681, 2.36], [0.0, 0.0], [0.0, 0.0], [0.0, 0.0], [0.0, 0.0], [27.5, 0.5], [0.0, 0.0]]
[2026-07-06 21:27:05] Marked situation: [0, 0, 0, 0, 0, 0, 0]
[2026-07-06 21:27:05] have_double_effect_times: 0 , is_activating_double_effect: 0 , already_activate_double_effect_times: 0
[2026-07-06 21:27:05] Marked situation: [0, 0, 0, 0, 0, 0, 0]
[2026-07-06 21:27:05] have_double_effect_times: 0 , is_activating_double_effect: 0 , already_activate_double_effect_times: 0
[2026-07-06 21:27:05] Sent map info: [[0.0, 0.0], [0.0, 0.0], [2.39681, 2.36], [2.39681, 2.36], [0.5, 14.5], [2.39681, 2.36], [0.0, 0.0], [0.0, 0.0], [0.0, 0.0], [0.0, 0.0], [27.5, 0.5], [0.0, 0.0]]
[2026-07-06 21:27:05] Sent map infos: [[0.0, 0.0], [0.0, 0.0], [2.39681, 2.36], [2.39681, 2.36], [0.5, 14.5], [2.39681, 2.36], [0.0, 0.0], [0.0, 0.0], [0.0, 0.0], [0.0, 0.0], [27.5, 0.5], [0.0, 0.0]]
[2026-07-06 21:27:05] Marked situation: [0, 0, 0, 0, 0, 0, 0]
[2026-07-06 21:27:05] have_double_effect_times: 0 , is_activating_double_effect: 0 , already_activate_double_effect_times: 0
[2026-07-06 21:27:05] Marked situation: [0, 0, 0, 0, 0, 0, 0]
[2026-07-06 21:27:05] have_double_effect_times: 0 , is_activating_double_effect: 0 , already_activate_double_effect_times: 0
[2026-07-06 21:27:05] Sent map info: [[0.0, 0.0], [0.0, 0.0], [2.39681, 2.36], [2.39681, 2.36], [0.5, 14.5], [2.39681, 2.36], [0.0, 0.0], [0.0, 0.0], [0.0, 0.0], [0.0, 0.0], [27.5, 0.5], [0.0, 0.0]]
[2026-07-06 21:27:05] Sent map infos: [[0.0, 0.0], [0.0, 0.0], [2.39681, 2.36], [2.39681, 2.36], [0.5, 14.5], [2.39681, 2.36], [0.0, 0.0], [0.0, 0.0], [0.0, 0.0], [0.0, 0.0], [27.5, 0.5], [0.0, 0.0]]
[2026-07-06 21:27:05] Marked situation: [0, 0, 0, 0, 0, 0, 0]
[2026-07-06 21:27:05] have_double_effect_times: 0 , is_activating_double_effect: 0 , already_activate_double_effect_times: 0
[2026-07-06 21:27:06] Marked situation: [0, 0, 0, 0, 0, 0, 0]
[2026-07-06 21:27:06] have_double_effect_times: 0 , is_activating_double_effect: 0 , already_activate_double_effect_times: 0
[2026-07-06 21:27:06] Sent map info: [[0.0, 0.0], [0.0, 0.0], [2.39681, 2.36], [2.39681, 2.36], [0.5, 14.5], [2.39681, 2.36], [0.0, 0.0], [0.0, 0.0], [0.0, 0.0], [0.0, 0.0], [27.5, 0.5], [0.0, 0.0]]
[2026-07-06 21:27:06] Sent map infos: [[0.0, 0.0], [0.0, 0.0], [2.39681, 2.36], [2.39681, 2.36], [0.5, 14.5], [2.39681, 2.36], [0.0, 0.0], [0.0, 0.0], [0.0, 0.0], [0.0, 0.0], [27.5, 0.5], [0.0, 0.0]]
[2026-07-06 21:27:06] Marked situation: [0, 0, 0, 0, 0, 0, 0]
[2026-07-06 21:27:06] have_double_effect_times: 0 , is_activating_double_effect: 0 , already_activate_double_effect_times: 0
[2026-07-06 21:27:06] Marked situation: [0, 0, 0, 0, 0, 0, 0]
[2026-07-06 21:27:06] have_double_effect_times: 0 , is_activating_double_effect: 0 , already_activate_double_effect_times: 0
[2026-07-06 21:27:06] Sent map info: [[0.0, 0.0], [0.0, 0.0], [2.39681, 2.36], [2.39681, 2.36], [0.5, 14.5], [2.39681, 2.36], [0.0, 0.0], [0.0, 0.0], [0.0, 0.0], [0.0, 0.0], [27.5, 0.5], [0.0, 0.0]]
[2026-07-06 21:27:06] Sent map infos: [[0.0, 0.0], [0.0, 0.0], [2.39681, 2.36], [2.39681, 2.36], [0.5, 14.5], [2.39681, 2.36], [0.0, 0.0], [0.0, 0.0], [0.0, 0.0], [0.0, 0.0], [27.5, 0.5], [0.0, 0.0]]
[2026-07-06 21:27:06] Marked situation: [0, 0, 0, 0, 0, 0, 0]
[2026-07-06 21:27:06] have_double_effect_times: 0 , is_activating_double_effect: 0 , already_activate_double_effect_times: 0
[2026-07-06 21:27:06] Marked situation: [0, 0, 0, 0, 0, 0, 0]
[2026-07-06 21:27:06] have_double_effect_times: 0 , is_activating_double_effect: 0 , already_activate_double_effect_times: 0
[2026-07-06 21:27:06] Sent map info: [[0.0, 0.0], [0.0, 0.0], [2.39681, 2.36], [2.39681, 2.36], [0.5, 14.5], [2.39681, 2.36], [0.0, 0.0], [0.0, 0.0], [0.0, 0.0], [0.0, 0.0], [27.5, 0.5], [0.0, 0.0]]
[2026-07-06 21:27:06] Sent map infos: [[0.0, 0.0], [0.0, 0.0], [2.39681, 2.36], [2.39681, 2.36], [0.5, 14.5], [2.39681, 2.36], [0.0, 0.0], [0.0, 0.0], [0.0, 0.0], [0.0, 0.0], [27.5, 0.5], [0.0, 0.0]]
[2026-07-06 21:27:07] Marked situation: [0, 0, 0, 0, 0, 0, 0]
[2026-07-06 21:27:07] have_double_effect_times: 0 , is_activating_double_effect: 0 , already_activate_double_effect_times: 0
[2026-07-06 21:27:07] Marked situation: [0, 0, 0, 0, 0, 0, 0]
[2026-07-06 21:27:07] have_double_effect_times: 0 , is_activating_double_effect: 0 , already_activate_double_effect_times: 0
[2026-07-06 21:27:07] Sent map info: [[0.0, 0.0], [0.0, 0.0], [2.39681, 2.36], [2.39681, 2.36], [0.5, 14.5], [2.39681, 2.36], [0.0, 0.0], [0.0, 0.0], [0.0, 0.0], [0.0, 0.0], [27.5, 0.5], [0.0, 0.0]]
[2026-07-06 21:27:07] Sent map infos: [[0.0, 0.0], [0.0, 0.0], [2.39681, 2.36], [2.39681, 2.36], [0.5, 14.5], [2.39681, 2.36], [0.0, 0.0], [0.0, 0.0], [0.0, 0.0], [0.0, 0.0], [27.5, 0.5], [0.0, 0.0]]
[2026-07-06 21:27:07] Marked situation: [0, 0, 0, 0, 0, 0, 0]
[2026-07-06 21:27:07] have_double_effect_times: 0 , is_activating_double_effect: 0 , already_activate_double_effect_times: 0
[2026-07-06 21:27:07] Marked situation: [0, 0, 0, 0, 0, 0, 0]
[2026-07-06 21:27:07] have_double_effect_times: 0 , is_activating_double_effect: 0 , already_activate_double_effect_times: 0
[2026-07-06 21:27:07] Sent map info: [[0.0, 0.0], [0.0, 0.0], [2.39681, 2.36], [2.39681, 2.36], [0.5, 14.5], [2.39681, 2.36], [0.0, 0.0], [0.0, 0.0], [0.0, 0.0], [0.0, 0.0], [27.5, 0.5], [0.0, 0.0]]
[2026-07-06 21:27:07] Sent map infos: [[0.0, 0.0], [0.0, 0.0], [2.39681, 2.36], [2.39681, 2.36], [0.5, 14.5], [2.39681, 2.36], [0.0, 0.0], [0.0, 0.0], [0.0, 0.0], [0.0, 0.0], [27.5, 0.5], [0.0, 0.0]]
[2026-07-06 21:27:07] Marked situation: [0, 0, 0, 0, 0, 0, 0]
[2026-07-06 21:27:07] have_double_effect_times: 0 , is_activating_double_effect: 0 , already_activate_double_effect_times: 0
[2026-07-06 21:27:08] Marked situation: [0, 0, 0, 0, 0, 0, 0]
[2026-07-06 21:27:08] have_double_effect_times: 0 , is_activating_double_effect: 0 , already_activate_double_effect_times: 0
[2026-07-06 21:27:08] Sent map info: [[0.0, 0.0], [0.0, 0.0], [2.39681, 2.36], [2.39681, 2.36], [0.5, 14.5], [2.39681, 2.36], [0.0, 0.0], [0.0, 0.0], [0.0, 0.0], [0.0, 0.0], [27.5, 0.5], [0.0, 0.0]]
[2026-07-06 21:27:08] Sent map infos: [[0.0, 0.0], [0.0, 0.0], [2.39681, 2.36], [2.39681, 2.36], [0.5, 14.5], [2.39681, 2.36], [0.0, 0.0], [0.0, 0.0], [0.0, 0.0], [0.0, 0.0], [27.5, 0.5], [0.0, 0.0]]
[2026-07-06 21:27:08] Marked situation: [0, 0, 0, 0, 0, 0, 0]
[2026-07-06 21:27:08] have_double_effect_times: 0 , is_activating_double_effect: 0 , already_activate_double_effect_times: 0
[2026-07-06 21:27:08] Marked situation: [0, 0, 0, 0, 0, 0, 0]
[2026-07-06 21:27:08] have_double_effect_times: 0 , is_activating_double_effect: 0 , already_activate_double_effect_times: 0
[2026-07-06 21:27:08] Sent map info: [[0.0, 0.0], [0.0, 0.0], [2.39681, 2.36], [2.39681, 2.36], [0.5, 14.5], [2.39681, 2.36], [0.0, 0.0], [0.0, 0.0], [0.0, 0.0], [0.0, 0.0], [27.5, 0.5], [0.0, 0.0]]
[2026-07-06 21:27:08] Sent map infos: [[0.0, 0.0], [0.0, 0.0], [2.39681, 2.36], [2.39681, 2.36], [0.5, 14.5], [2.39681, 2.36], [0.0, 0.0], [0.0, 0.0], [0.0, 0.0], [0.0, 0.0], [27.5, 0.5], [0.0, 0.0]]
[2026-07-06 21:27:08] Marked situation: [0, 0, 0, 0, 0, 0, 0]
[2026-07-06 21:27:08] have_double_effect_times: 0 , is_activating_double_effect: 0 , already_activate_double_effect_times: 0
[2026-07-06 21:27:08] Marked situation: [0, 0, 0, 0, 0, 0, 0]
[2026-07-06 21:27:08] have_double_effect_times: 0 , is_activating_double_effect: 0 , already_activate_double_effect_times: 0
[2026-07-06 21:27:08] Sent map info: [[0.0, 0.0], [0.0, 0.0], [2.39681, 2.36], [2.39681, 2.36], [0.5, 14.5], [2.39681, 2.36], [0.0, 0.0], [0.0, 0.0], [0.0, 0.0], [0.0, 0.0], [27.5, 0.5], [0.0, 0.0]]
[2026-07-06 21:27:08] Sent map infos: [[0.0, 0.0], [0.0, 0.0], [2.39681, 2.36], [2.39681, 2.36], [0.5, 14.5], [2.39681, 2.36], [0.0, 0.0], [0.0, 0.0], [0.0, 0.0], [0.0, 0.0], [27.5, 0.5], [0.0, 0.0]]
[2026-07-06 21:27:09] Marked situation: [0, 0, 0, 0, 0, 0, 0]
[2026-07-06 21:27:09] have_double_effect_times: 0 , is_activating_double_effect: 0 , already_activate_double_effect_times: 0
[2026-07-06 21:27:09] Marked situation: [0, 0, 0, 0, 0, 0, 0]
[2026-07-06 21:27:09] have_double_effect_times: 0 , is_activating_double_effect: 0 , already_activate_double_effect_times: 0
[2026-07-06 21:27:09] Sent map info: [[0.0, 0.0], [0.0, 0.0], [2.39681, 2.36], [2.39681, 2.36], [0.5, 14.5], [2.39681, 2.36], [0.0, 0.0], [0.0, 0.0], [0.0, 0.0], [0.0, 0.0], [27.5, 0.5], [0.0, 0.0]]
[2026-07-06 21:27:09] Sent map infos: [[0.0, 0.0], [0.0, 0.0], [2.39681, 2.36], [2.39681, 2.36], [0.5, 14.5], [2.39681, 2.36], [0.0, 0.0], [0.0, 0.0], [0.0, 0.0], [0.0, 0.0], [27.5, 0.5], [0.0, 0.0]]
[2026-07-06 21:27:09] Marked situation: [0, 0, 0, 0, 0, 0, 0]
[2026-07-06 21:27:09] have_double_effect_times: 0 , is_activating_double_effect: 0 , already_activate_double_effect_times: 0
[2026-07-06 21:27:09] Marked situation: [0, 0, 0, 0, 0, 0, 0]
[2026-07-06 21:27:09] have_double_effect_times: 0 , is_activating_double_effect: 0 , already_activate_double_effect_times: 0
[2026-07-06 21:27:09] Sent map info: [[0.0, 0.0], [0.0, 0.0], [2.39681, 2.36], [2.39681, 2.36], [0.5, 14.5], [2.39681, 2.36], [0.0, 0.0], [0.0, 0.0], [0.0, 0.0], [0.0, 0.0], [27.5, 0.5], [0.0, 0.0]]
[2026-07-06 21:27:09] Sent map infos: [[0.0, 0.0], [0.0, 0.0], [2.39681, 2.36], [2.39681, 2.36], [0.5, 14.5], [2.39681, 2.36], [0.0, 0.0], [0.0, 0.0], [0.0, 0.0], [0.0, 0.0], [27.5, 0.5], [0.0, 0.0]]
[2026-07-06 21:27:09] Marked situation: [0, 0, 0, 0, 0, 0, 0]
[2026-07-06 21:27:09] have_double_effect_times: 0 , is_activating_double_effect: 0 , already_activate_double_effect_times: 0
[2026-07-06 21:27:10] Marked situation: [0, 0, 0, 0, 0, 0, 0]
[2026-07-06 21:27:10] have_double_effect_times: 0 , is_activating_double_effect: 0 , already_activate_double_effect_times: 0
[2026-07-06 21:27:10] Sent map info: [[0.0, 0.0], [0.0, 0.0], [2.39681, 2.36], [2.39681, 2.36], [0.5, 14.5], [2.39681, 2.36], [0.0, 0.0], [0.0, 0.0], [0.0, 0.0], [0.0, 0.0], [27.5, 0.5], [0.0, 0.0]]
[2026-07-06 21:27:10] Sent map infos: [[0.0, 0.0], [0.0, 0.0], [2.39681, 2.36], [2.39681, 2.36], [0.5, 14.5], [2.39681, 2.36], [0.0, 0.0], [0.0, 0.0], [0.0, 0.0], [0.0, 0.0], [27.5, 0.5], [0.0, 0.0]]
[2026-07-06 21:27:10] Marked situation: [0, 0, 0, 0, 0, 0, 0]
[2026-07-06 21:27:10] have_double_effect_times: 0 , is_activating_double_effect: 0 , already_activate_double_effect_times: 0
[2026-07-06 21:27:10] Marked situation: [0, 0, 0, 0, 0, 0, 0]
[2026-07-06 21:27:10] have_double_effect_times: 0 , is_activating_double_effect: 0 , already_activate_double_effect_times: 0
[2026-07-06 21:27:10] Sent map info: [[0.0, 0.0], [0.0, 0.0], [2.39681, 2.36], [2.39681, 2.36], [0.5, 14.5], [2.39681, 2.36], [0.0, 0.0], [0.0, 0.0], [0.0, 0.0], [0.0, 0.0], [27.5, 0.5], [0.0, 0.0]]
[2026-07-06 21:27:10] Sent map infos: [[0.0, 0.0], [0.0, 0.0], [2.39681, 2.36], [2.39681, 2.36], [0.5, 14.5], [2.39681, 2.36], [0.0, 0.0], [0.0, 0.0], [0.0, 0.0], [0.0, 0.0], [27.5, 0.5], [0.0, 0.0]]
[2026-07-06 21:27:10] Marked situation: [0, 0, 0, 0, 0, 0, 0]
[2026-07-06 21:27:10] have_double_effect_times: 0 , is_activating_double_effect: 0 , already_activate_double_effect_times: 0
[2026-07-06 21:27:10] Marked situation: [0, 0, 0, 0, 0, 0, 0]
[2026-07-06 21:27:10] have_double_effect_times: 0 , is_activating_double_effect: 0 , already_activate_double_effect_times: 0
[2026-07-06 21:27:10] Sent map info: [[0.0, 0.0], [0.0, 0.0], [2.39681, 2.36], [2.39681, 2.36], [0.5, 14.5], [2.39681, 2.36], [0.0, 0.0], [0.0, 0.0], [0.0, 0.0], [0.0, 0.0], [27.5, 0.5], [0.0, 0.0]]
[2026-07-06 21:27:10] Sent map infos: [[0.0, 0.0], [0.0, 0.0], [2.39681, 2.36], [2.39681, 2.36], [0.5, 14.5], [2.39681, 2.36], [0.0, 0.0], [0.0, 0.0], [0.0, 0.0], [0.0, 0.0], [27.5, 0.5], [0.0, 0.0]]
[2026-07-06 21:27:11] Marked situation: [0, 0, 0, 0, 0, 0, 0]
[2026-07-06 21:27:11] have_double_effect_times: 0 , is_activating_double_effect: 0 , already_activate_double_effect_times: 0
[2026-07-06 21:27:11] Marked situation: [0, 0, 0, 0, 0, 0, 0]
[2026-07-06 21:27:11] have_double_effect_times: 0 , is_activating_double_effect: 0 , already_activate_double_effect_times: 0
[2026-07-06 21:27:11] Sent map info: [[0.0, 0.0], [0.0, 0.0], [2.39681, 2.36], [2.39681, 2.36], [0.5, 14.5], [2.39681, 2.36], [0.0, 0.0], [0.0, 0.0], [0.0, 0.0], [0.0, 0.0], [27.5, 0.5], [0.0, 0.0]]
[2026-07-06 21:27:11] Sent map infos: [[0.0, 0.0], [0.0, 0.0], [2.39681, 2.36], [2.39681, 2.36], [0.5, 14.5], [2.39681, 2.36], [0.0, 0.0], [0.0, 0.0], [0.0, 0.0], [0.0, 0.0], [27.5, 0.5], [0.0, 0.0]]
[2026-07-06 21:27:11] Marked situation: [0, 0, 0, 0, 0, 0, 0]
[2026-07-06 21:27:11] have_double_effect_times: 0 , is_activating_double_effect: 0 , already_activate_double_effect_times: 0
[2026-07-06 21:27:11] Marked situation: [0, 0, 0, 0, 0, 0, 0]
[2026-07-06 21:27:11] have_double_effect_times: 0 , is_activating_double_effect: 0 , already_activate_double_effect_times: 0
[2026-07-06 21:27:11] Sent map info: [[0.0, 0.0], [0.0, 0.0], [2.39681, 2.36], [2.39681, 2.36], [0.5, 14.5], [2.39681, 2.36], [0.0, 0.0], [0.0, 0.0], [0.0, 0.0], [0.0, 0.0], [27.5, 0.5], [0.0, 0.0]]
[2026-07-06 21:27:11] Sent map infos: [[0.0, 0.0], [0.0, 0.0], [2.39681, 2.36], [2.39681, 2.36], [0.5, 14.5], [2.39681, 2.36], [0.0, 0.0], [0.0, 0.0], [0.0, 0.0], [0.0, 0.0], [27.5, 0.5], [0.0, 0.0]]
[2026-07-06 21:27:11] Marked situation: [0, 0, 0, 0, 0, 0, 0]
[2026-07-06 21:27:11] have_double_effect_times: 0 , is_activating_double_effect: 0 , already_activate_double_effect_times: 0
[2026-07-06 21:27:12] Marked situation: [0, 0, 0, 0, 0, 0, 0]
[2026-07-06 21:27:12] have_double_effect_times: 0 , is_activating_double_effect: 0 , already_activate_double_effect_times: 0
[2026-07-06 21:27:12] Sent map info: [[0.0, 0.0], [0.0, 0.0], [2.39681, 2.36], [2.39681, 2.36], [0.5, 14.5], [2.39681, 2.36], [0.0, 0.0], [0.0, 0.0], [0.0, 0.0], [0.0, 0.0], [27.5, 0.5], [0.0, 0.0]]
[2026-07-06 21:27:12] Sent map infos: [[0.0, 0.0], [0.0, 0.0], [2.39681, 2.36], [2.39681, 2.36], [0.5, 14.5], [2.39681, 2.36], [0.0, 0.0], [0.0, 0.0], [0.0, 0.0], [0.0, 0.0], [27.5, 0.5], [0.0, 0.0]]
[2026-07-06 21:27:12] Marked situation: [0, 0, 0, 0, 0, 0, 0]
[2026-07-06 21:27:12] have_double_effect_times: 0 , is_activating_double_effect: 0 , already_activate_double_effect_times: 0
[2026-07-06 21:27:12] Marked situation: [0, 0, 0, 0, 0, 0, 0]
[2026-07-06 21:27:12] have_double_effect_times: 0 , is_activating_double_effect: 0 , already_activate_double_effect_times: 0
[2026-07-06 21:27:12] Sent map info: [[0.0, 0.0], [0.0, 0.0], [2.39681, 2.36], [2.39681, 2.36], [0.5, 14.5], [2.39681, 2.36], [0.0, 0.0], [0.0, 0.0], [0.0, 0.0], [0.0, 0.0], [27.5, 0.5], [0.0, 0.0]]
[2026-07-06 21:27:12] Sent map infos: [[0.0, 0.0], [0.0, 0.0], [2.39681, 2.36], [2.39681, 2.36], [0.5, 14.5], [2.39681, 2.36], [0.0, 0.0], [0.0, 0.0], [0.0, 0.0], [0.0, 0.0], [27.5, 0.5], [0.0, 0.0]]
[2026-07-06 21:27:12] Marked situation: [0, 0, 0, 0, 0, 0, 0]
[2026-07-06 21:27:12] have_double_effect_times: 0 , is_activating_double_effect: 0 , already_activate_double_effect_times: 0
[2026-07-06 21:27:12] Marked situation: [0, 0, 0, 0, 0, 0, 0]
[2026-07-06 21:27:12] have_double_effect_times: 0 , is_activating_double_effect: 0 , already_activate_double_effect_times: 0
[2026-07-06 21:27:12] Sent map info: [[0.0, 0.0], [0.0, 0.0], [2.39681, 2.36], [2.39681, 2.36], [0.5, 14.5], [2.39681, 2.36], [0.0, 0.0], [0.0, 0.0], [0.0, 0.0], [0.0, 0.0], [27.5, 0.5], [0.0, 0.0]]
[2026-07-06 21:27:12] Sent map infos: [[0.0, 0.0], [0.0, 0.0], [2.39681, 2.36], [2.39681, 2.36], [0.5, 14.5], [2.39681, 2.36], [0.0, 0.0], [0.0, 0.0], [0.0, 0.0], [0.0, 0.0], [27.5, 0.5], [0.0, 0.0]]
[2026-07-06 21:27:13] Marked situation: [0, 0, 0, 0, 0, 0, 0]
[2026-07-06 21:27:13] have_double_effect_times: 0 , is_activating_double_effect: 0 , already_activate_double_effect_times: 0
[2026-07-06 21:27:13] Marked situation: [0, 0, 0, 0, 0, 0, 0]
[2026-07-06 21:27:13] have_double_effect_times: 0 , is_activating_double_effect: 0 , already_activate_double_effect_times: 0
[2026-07-06 21:27:13] Sent map info: [[0.0, 0.0], [0.0, 0.0], [2.39681, 2.36], [2.39681, 2.36], [0.5, 14.5], [2.39681, 2.36], [0.0, 0.0], [0.0, 0.0], [0.0, 0.0], [0.0, 0.0], [27.5, 0.5], [0.0, 0.0]]
[2026-07-06 21:27:13] Sent map infos: [[0.0, 0.0], [0.0, 0.0], [2.39681, 2.36], [2.39681, 2.36], [0.5, 14.5], [2.39681, 2.36], [0.0, 0.0], [0.0, 0.0], [0.0, 0.0], [0.0, 0.0], [27.5, 0.5], [0.0, 0.0]]
[2026-07-06 21:27:13] Marked situation: [0, 0, 0, 0, 0, 0, 0]
[2026-07-06 21:27:13] have_double_effect_times: 0 , is_activating_double_effect: 0 , already_activate_double_effect_times: 0
[2026-07-06 21:27:13] Marked situation: [0, 0, 0, 0, 0, 0, 0]
[2026-07-06 21:27:13] have_double_effect_times: 0 , is_activating_double_effect: 0 , already_activate_double_effect_times: 0
[2026-07-06 21:27:13] Sent map info: [[0.0, 0.0], [0.0, 0.0], [2.39681, 2.36], [2.39681, 2.36], [0.5, 14.5], [2.39681, 2.36], [0.0, 0.0], [0.0, 0.0], [0.0, 0.0], [0.0, 0.0], [27.5, 0.5], [0.0, 0.0]]
[2026-07-06 21:27:13] Sent map infos: [[0.0, 0.0], [0.0, 0.0], [2.39681, 2.36], [2.39681, 2.36], [0.5, 14.5], [2.39681, 2.36], [0.0, 0.0], [0.0, 0.0], [0.0, 0.0], [0.0, 0.0], [27.5, 0.5], [0.0, 0.0]]
[2026-07-06 21:27:13] Marked situation: [0, 0, 0, 0, 0, 0, 0]
[2026-07-06 21:27:13] have_double_effect_times: 0 , is_activating_double_effect: 0 , already_activate_double_effect_times: 0
[2026-07-06 21:27:14] Marked situation: [0, 0, 0, 0, 0, 0, 0]
[2026-07-06 21:27:14] have_double_effect_times: 0 , is_activating_double_effect: 0 , already_activate_double_effect_times: 0
[2026-07-06 21:27:14] Sent map info: [[0.0, 0.0], [0.0, 0.0], [2.39681, 2.36], [2.39681, 2.36], [0.5, 14.5], [2.39681, 2.36], [0.0, 0.0], [0.0, 0.0], [0.0, 0.0], [0.0, 0.0], [27.5, 0.5], [0.0, 0.0]]
[2026-07-06 21:27:14] Sent map infos: [[0.0, 0.0], [0.0, 0.0], [2.39681, 2.36], [2.39681, 2.36], [0.5, 14.5], [2.39681, 2.36], [0.0, 0.0], [0.0, 0.0], [0.0, 0.0], [0.0, 0.0], [27.5, 0.5], [0.0, 0.0]]
[2026-07-06 21:27:14] Marked situation: [0, 0, 0, 0, 0, 0, 0]
[2026-07-06 21:27:14] have_double_effect_times: 0 , is_activating_double_effect: 0 , already_activate_double_effect_times: 0
[2026-07-06 21:27:14] Marked situation: [0, 0, 0, 0, 0, 0, 0]
[2026-07-06 21:27:14] have_double_effect_times: 0 , is_activating_double_effect: 0 , already_activate_double_effect_times: 0
[2026-07-06 21:27:14] Sent map info: [[0.0, 0.0], [0.0, 0.0], [2.39681, 2.36], [2.39681, 2.36], [0.5, 14.5], [2.39681, 2.36], [0.0, 0.0], [0.0, 0.0], [0.0, 0.0], [0.0, 0.0], [27.5, 0.5], [0.0, 0.0]]
[2026-07-06 21:27:14] Sent map infos: [[0.0, 0.0], [0.0, 0.0], [2.39681, 2.36], [2.39681, 2.36], [0.5, 14.5], [2.39681, 2.36], [0.0, 0.0], [0.0, 0.0], [0.0, 0.0], [0.0, 0.0], [27.5, 0.5], [0.0, 0.0]]
[2026-07-06 21:27:14] Marked situation: [0, 0, 0, 0, 0, 0, 0]
[2026-07-06 21:27:14] have_double_effect_times: 0 , is_activating_double_effect: 0 , already_activate_double_effect_times: 0
[2026-07-06 21:27:14] Marked situation: [0, 0, 0, 0, 0, 0, 0]
[2026-07-06 21:27:14] have_double_effect_times: 0 , is_activating_double_effect: 0 , already_activate_double_effect_times: 0
[2026-07-06 21:27:14] Sent map info: [[0.0, 0.0], [0.0, 0.0], [2.39681, 2.36], [2.39681, 2.36], [0.5, 14.5], [2.39681, 2.36], [0.0, 0.0], [0.0, 0.0], [0.0, 0.0], [0.0, 0.0], [27.5, 0.5], [0.0, 0.0]]
[2026-07-06 21:27:14] Sent map infos: [[0.0, 0.0], [0.0, 0.0], [2.39681, 2.36], [2.39681, 2.36], [0.5, 14.5], [2.39681, 2.36], [0.0, 0.0], [0.0, 0.0], [0.0, 0.0], [0.0, 0.0], [27.5, 0.5], [0.0, 0.0]]
[2026-07-06 21:27:15] Marked situation: [0, 0, 0, 0, 0, 0, 0]
[2026-07-06 21:27:15] have_double_effect_times: 0 , is_activating_double_effect: 0 , already_activate_double_effect_times: 0
[2026-07-06 21:27:15] Marked situation: [0, 0, 0, 0, 0, 0, 0]
[2026-07-06 21:27:15] have_double_effect_times: 0 , is_activating_double_effect: 0 , already_activate_double_effect_times: 0
[2026-07-06 21:27:15] Sent map info: [[0.0, 0.0], [0.0, 0.0], [2.39681, 2.36], [2.39681, 2.36], [0.5, 14.5], [2.39681, 2.36], [0.0, 0.0], [0.0, 0.0], [0.0, 0.0], [0.0, 0.0], [27.5, 0.5], [0.0, 0.0]]
[2026-07-06 21:27:15] Sent map infos: [[0.0, 0.0], [0.0, 0.0], [2.39681, 2.36], [2.39681, 2.36], [0.5, 14.5], [2.39681, 2.36], [0.0, 0.0], [0.0, 0.0], [0.0, 0.0], [0.0, 0.0], [27.5, 0.5], [0.0, 0.0]]
[2026-07-06 21:27:15] Marked situation: [0, 0, 0, 0, 0, 0, 0]
[2026-07-06 21:27:15] have_double_effect_times: 0 , is_activating_double_effect: 0 , already_activate_double_effect_times: 0
[2026-07-06 21:27:15] Marked situation: [0, 0, 0, 0, 0, 0, 0]
[2026-07-06 21:27:15] have_double_effect_times: 0 , is_activating_double_effect: 0 , already_activate_double_effect_times: 0
[2026-07-06 21:27:15] Sent map info: [[0.0, 0.0], [0.0, 0.0], [2.39681, 2.36], [2.39681, 2.36], [0.5, 14.5], [2.39681, 2.36], [0.0, 0.0], [0.0, 0.0], [0.0, 0.0], [0.0, 0.0], [27.5, 0.5], [0.0, 0.0]]
[2026-07-06 21:27:15] Sent map infos: [[0.0, 0.0], [0.0, 0.0], [2.39681, 2.36], [2.39681, 2.36], [0.5, 14.5], [2.39681, 2.36], [0.0, 0.0], [0.0, 0.0], [0.0, 0.0], [0.0, 0.0], [27.5, 0.5], [0.0, 0.0]]
[2026-07-06 21:27:15] Marked situation: [0, 0, 0, 0, 0, 0, 0]
[2026-07-06 21:27:15] have_double_effect_times: 0 , is_activating_double_effect: 0 , already_activate_double_effect_times: 0
[2026-07-06 21:27:16] Marked situation: [0, 0, 0, 0, 0, 0, 0]
[2026-07-06 21:27:16] have_double_effect_times: 0 , is_activating_double_effect: 0 , already_activate_double_effect_times: 0
[2026-07-06 21:27:16] Sent map info: [[0.0, 0.0], [0.0, 0.0], [2.39681, 2.36], [2.39681, 2.36], [0.5, 14.5], [2.39681, 2.36], [0.0, 0.0], [0.0, 0.0], [0.0, 0.0], [0.0, 0.0], [27.5, 0.5], [0.0, 0.0]]
[2026-07-06 21:27:16] Sent map infos: [[0.0, 0.0], [0.0, 0.0], [2.39681, 2.36], [2.39681, 2.36], [0.5, 14.5], [2.39681, 2.36], [0.0, 0.0], [0.0, 0.0], [0.0, 0.0], [0.0, 0.0], [27.5, 0.5], [0.0, 0.0]]
[2026-07-06 21:27:16] Marked situation: [0, 0, 0, 0, 0, 0, 0]
[2026-07-06 21:27:16] have_double_effect_times: 0 , is_activating_double_effect: 0 , already_activate_double_effect_times: 0
[2026-07-06 21:27:16] Marked situation: [0, 0, 0, 0, 0, 0, 0]
[2026-07-06 21:27:16] have_double_effect_times: 0 , is_activating_double_effect: 0 , already_activate_double_effect_times: 0
[2026-07-06 21:27:16] Sent map info: [[0.0, 0.0], [0.0, 0.0], [2.39681, 2.36], [2.39681, 2.36], [0.5, 14.5], [2.39681, 2.36], [0.0, 0.0], [0.0, 0.0], [0.0, 0.0], [0.0, 0.0], [27.5, 0.5], [0.0, 0.0]]
[2026-07-06 21:27:16] Sent map infos: [[0.0, 0.0], [0.0, 0.0], [2.39681, 2.36], [2.39681, 2.36], [0.5, 14.5], [2.39681, 2.36], [0.0, 0.0], [0.0, 0.0], [0.0, 0.0], [0.0, 0.0], [27.5, 0.5], [0.0, 0.0]]
[2026-07-06 21:27:16] Marked situation: [0, 0, 0, 0, 0, 0, 0]
[2026-07-06 21:27:16] have_double_effect_times: 0 , is_activating_double_effect: 0 , already_activate_double_effect_times: 0
[2026-07-06 21:27:16] Marked situation: [0, 0, 0, 0, 0, 0, 0]
[2026-07-06 21:27:16] have_double_effect_times: 0 , is_activating_double_effect: 0 , already_activate_double_effect_times: 0
[2026-07-06 21:27:16] Sent map info: [[0.0, 0.0], [0.0, 0.0], [2.39681, 2.36], [2.39681, 2.36], [0.5, 14.5], [2.39681, 2.36], [0.0, 0.0], [0.0, 0.0], [0.0, 0.0], [0.0, 0.0], [27.5, 0.5], [0.0, 0.0]]
[2026-07-06 21:27:16] Sent map infos: [[0.0, 0.0], [0.0, 0.0], [2.39681, 2.36], [2.39681, 2.36], [0.5, 14.5], [2.39681, 2.36], [0.0, 0.0], [0.0, 0.0], [0.0, 0.0], [0.0, 0.0], [27.5, 0.5], [0.0, 0.0]]
[2026-07-06 21:27:17] Marked situation: [0, 0, 0, 0, 0, 0, 0]
[2026-07-06 21:27:17] have_double_effect_times: 0 , is_activating_double_effect: 0 , already_activate_double_effect_times: 0
[2026-07-06 21:27:17] Marked situation: [0, 0, 0, 0, 0, 0, 0]
[2026-07-06 21:27:17] have_double_effect_times: 0 , is_activating_double_effect: 0 , already_activate_double_effect_times: 0
[2026-07-06 21:27:17] Sent map info: [[0.0, 0.0], [0.0, 0.0], [2.39681, 2.36], [2.39681, 2.36], [0.5, 14.5], [2.39681, 2.36], [0.0, 0.0], [0.0, 0.0], [0.0, 0.0], [0.0, 0.0], [27.5, 0.5], [0.0, 0.0]]
[2026-07-06 21:27:17] Sent map infos: [[0.0, 0.0], [0.0, 0.0], [2.39681, 2.36], [2.39681, 2.36], [0.5, 14.5], [2.39681, 2.36], [0.0, 0.0], [0.0, 0.0], [0.0, 0.0], [0.0, 0.0], [27.5, 0.5], [0.0, 0.0]]
[2026-07-06 21:27:17] Marked situation: [0, 0, 0, 0, 0, 0, 0]
[2026-07-06 21:27:17] have_double_effect_times: 0 , is_activating_double_effect: 0 , already_activate_double_effect_times: 0
[2026-07-06 21:27:17] Marked situation: [0, 0, 0, 0, 0, 0, 0]
[2026-07-06 21:27:17] have_double_effect_times: 0 , is_activating_double_effect: 0 , already_activate_double_effect_times: 0
[2026-07-06 21:27:17] Sent map info: [[0.0, 0.0], [0.0, 0.0], [2.39681, 2.36], [2.39681, 2.36], [0.5, 14.5], [2.39681, 2.36], [0.0, 0.0], [0.0, 0.0], [0.0, 0.0], [0.0, 0.0], [27.5, 0.5], [0.0, 0.0]]
[2026-07-06 21:27:17] Sent map infos: [[0.0, 0.0], [0.0, 0.0], [2.39681, 2.36], [2.39681, 2.36], [0.5, 14.5], [2.39681, 2.36], [0.0, 0.0], [0.0, 0.0], [0.0, 0.0], [0.0, 0.0], [27.5, 0.5], [0.0, 0.0]]
[2026-07-06 21:27:17] Marked situation: [0, 0, 0, 0, 0, 0, 0]
[2026-07-06 21:27:17] have_double_effect_times: 0 , is_activating_double_effect: 0 , already_activate_double_effect_times: 0
[2026-07-06 21:27:18] Marked situation: [0, 0, 0, 0, 0, 0, 0]
[2026-07-06 21:27:18] have_double_effect_times: 0 , is_activating_double_effect: 0 , already_activate_double_effect_times: 0
[2026-07-06 21:27:18] Sent map info: [[0.0, 0.0], [0.0, 0.0], [2.39681, 2.36], [2.39681, 2.36], [0.5, 14.5], [2.39681, 2.36], [0.0, 0.0], [0.0, 0.0], [0.0, 0.0], [0.0, 0.0], [27.5, 0.5], [0.0, 0.0]]
[2026-07-06 21:27:18] Sent map infos: [[0.0, 0.0], [0.0, 0.0], [2.39681, 2.36], [2.39681, 2.36], [0.5, 14.5], [2.39681, 2.36], [0.0, 0.0], [0.0, 0.0], [0.0, 0.0], [0.0, 0.0], [27.5, 0.5], [0.0, 0.0]]
[2026-07-06 21:27:18] Marked situation: [0, 0, 0, 0, 0, 0, 0]
[2026-07-06 21:27:18] have_double_effect_times: 0 , is_activating_double_effect: 0 , already_activate_double_effect_times: 0
[2026-07-06 21:27:18] Marked situation: [0, 0, 0, 0, 0, 0, 0]
[2026-07-06 21:27:18] have_double_effect_times: 0 , is_activating_double_effect: 0 , already_activate_double_effect_times: 0
[2026-07-06 21:27:18] Sent map info: [[0.0, 0.0], [0.0, 0.0], [2.39681, 2.36], [2.39681, 2.36], [0.5, 14.5], [2.39681, 2.36], [0.0, 0.0], [0.0, 0.0], [0.0, 0.0], [0.0, 0.0], [27.5, 0.5], [0.0, 0.0]]
[2026-07-06 21:27:18] Sent map infos: [[0.0, 0.0], [0.0, 0.0], [2.39681, 2.36], [2.39681, 2.36], [0.5, 14.5], [2.39681, 2.36], [0.0, 0.0], [0.0, 0.0], [0.0, 0.0], [0.0, 0.0], [27.5, 0.5], [0.0, 0.0]]
[2026-07-06 21:27:18] Marked situation: [0, 0, 0, 0, 0, 0, 0]
[2026-07-06 21:27:18] have_double_effect_times: 0 , is_activating_double_effect: 0 , already_activate_double_effect_times: 0
[2026-07-06 21:27:18] Marked situation: [0, 0, 0, 0, 0, 0, 0]
[2026-07-06 21:27:18] have_double_effect_times: 0 , is_activating_double_effect: 0 , already_activate_double_effect_times: 0
[2026-07-06 21:27:18] Sent map info: [[0.0, 0.0], [0.0, 0.0], [2.39681, 2.36], [2.39681, 2.36], [0.5, 14.5], [2.39681, 2.36], [0.0, 0.0], [0.0, 0.0], [0.0, 0.0], [0.0, 0.0], [27.5, 0.5], [0.0, 0.0]]
[2026-07-06 21:27:18] Sent map infos: [[0.0, 0.0], [0.0, 0.0], [2.39681, 2.36], [2.39681, 2.36], [0.5, 14.5], [2.39681, 2.36], [0.0, 0.0], [0.0, 0.0], [0.0, 0.0], [0.0, 0.0], [27.5, 0.5], [0.0, 0.0]]
[2026-07-06 21:27:19] Marked situation: [0, 0, 0, 0, 0, 0, 0]
[2026-07-06 21:27:19] have_double_effect_times: 0 , is_activating_double_effect: 0 , already_activate_double_effect_times: 0
[2026-07-06 21:27:19] Marked situation: [0, 0, 0, 0, 0, 0, 0]
[2026-07-06 21:27:19] have_double_effect_times: 0 , is_activating_double_effect: 0 , already_activate_double_effect_times: 0
[2026-07-06 21:27:19] Sent map info: [[0.0, 0.0], [0.0, 0.0], [2.39681, 2.36], [2.39681, 2.36], [0.5, 14.5], [2.39681, 2.36], [0.0, 0.0], [0.0, 0.0], [0.0, 0.0], [0.0, 0.0], [27.5, 0.5], [0.0, 0.0]]
[2026-07-06 21:27:19] Sent map infos: [[0.0, 0.0], [0.0, 0.0], [2.39681, 2.36], [2.39681, 2.36], [0.5, 14.5], [2.39681, 2.36], [0.0, 0.0], [0.0, 0.0], [0.0, 0.0], [0.0, 0.0], [27.5, 0.5], [0.0, 0.0]]
[2026-07-06 21:27:19] Marked situation: [0, 0, 0, 0, 0, 0, 0]
[2026-07-06 21:27:19] have_double_effect_times: 0 , is_activating_double_effect: 0 , already_activate_double_effect_times: 0
[2026-07-06 21:27:19] Marked situation: [0, 0, 0, 0, 0, 0, 0]
[2026-07-06 21:27:19] have_double_effect_times: 0 , is_activating_double_effect: 0 , already_activate_double_effect_times: 0
[2026-07-06 21:27:19] Sent map info: [[0.0, 0.0], [0.0, 0.0], [2.39681, 2.36], [2.39681, 2.36], [0.5, 14.5], [2.39681, 2.36], [0.0, 0.0], [0.0, 0.0], [0.0, 0.0], [0.0, 0.0], [27.5, 0.5], [0.0, 0.0]]
[2026-07-06 21:27:19] Sent map infos: [[0.0, 0.0], [0.0, 0.0], [2.39681, 2.36], [2.39681, 2.36], [0.5, 14.5], [2.39681, 2.36], [0.0, 0.0], [0.0, 0.0], [0.0, 0.0], [0.0, 0.0], [27.5, 0.5], [0.0, 0.0]]
[2026-07-06 21:27:19] Marked situation: [0, 0, 0, 0, 0, 0, 0]
[2026-07-06 21:27:19] have_double_effect_times: 0 , is_activating_double_effect: 0 , already_activate_double_effect_times: 0
[2026-07-06 21:27:20] Marked situation: [0, 0, 0, 0, 0, 0, 0]
[2026-07-06 21:27:20] have_double_effect_times: 0 , is_activating_double_effect: 0 , already_activate_double_effect_times: 0
[2026-07-06 21:27:20] Sent map info: [[0.0, 0.0], [0.0, 0.0], [2.39681, 2.36], [2.39681, 2.36], [0.5, 14.5], [2.39681, 2.36], [0.0, 0.0], [0.0, 0.0], [0.0, 0.0], [0.0, 0.0], [27.5, 0.5], [0.0, 0.0]]
[2026-07-06 21:27:20] Sent map infos: [[0.0, 0.0], [0.0, 0.0], [2.39681, 2.36], [2.39681, 2.36], [0.5, 14.5], [2.39681, 2.36], [0.0, 0.0], [0.0, 0.0], [0.0, 0.0], [0.0, 0.0], [27.5, 0.5], [0.0, 0.0]]
[2026-07-06 21:27:20] Marked situation: [0, 0, 0, 0, 0, 0, 0]
[2026-07-06 21:27:20] have_double_effect_times: 0 , is_activating_double_effect: 0 , already_activate_double_effect_times: 0
[2026-07-06 21:27:20] Marked situation: [0, 0, 0, 0, 0, 0, 0]
[2026-07-06 21:27:20] have_double_effect_times: 0 , is_activating_double_effect: 0 , already_activate_double_effect_times: 0
[2026-07-06 21:27:20] Sent map info: [[0.0, 0.0], [0.0, 0.0], [2.39681, 2.36], [2.39681, 2.36], [0.5, 14.5], [2.39681, 2.36], [0.0, 0.0], [0.0, 0.0], [0.0, 0.0], [0.0, 0.0], [27.5, 0.5], [0.0, 0.0]]
[2026-07-06 21:27:20] Sent map infos: [[0.0, 0.0], [0.0, 0.0], [2.39681, 2.36], [2.39681, 2.36], [0.5, 14.5], [2.39681, 2.36], [0.0, 0.0], [0.0, 0.0], [0.0, 0.0], [0.0, 0.0], [27.5, 0.5], [0.0, 0.0]]
[2026-07-06 21:27:20] Marked situation: [0, 0, 0, 0, 0, 0, 0]
[2026-07-06 21:27:20] have_double_effect_times: 0 , is_activating_double_effect: 0 , already_activate_double_effect_times: 0
[2026-07-06 21:27:20] Marked situation: [0, 0, 0, 0, 0, 0, 0]
[2026-07-06 21:27:20] have_double_effect_times: 0 , is_activating_double_effect: 0 , already_activate_double_effect_times: 0
[2026-07-06 21:27:20] Sent map info: [[0.0, 0.0], [0.0, 0.0], [2.39681, 2.36], [2.39681, 2.36], [0.5, 14.5], [2.39681, 2.36], [0.0, 0.0], [0.0, 0.0], [0.0, 0.0], [0.0, 0.0], [27.5, 0.5], [0.0, 0.0]]
[2026-07-06 21:27:20] Sent map infos: [[0.0, 0.0], [0.0, 0.0], [2.39681, 2.36], [2.39681, 2.36], [0.5, 14.5], [2.39681, 2.36], [0.0, 0.0], [0.0, 0.0], [0.0, 0.0], [0.0, 0.0], [27.5, 0.5], [0.0, 0.0]]
[2026-07-06 21:27:21] Marked situation: [0, 0, 0, 0, 0, 0, 0]
[2026-07-06 21:27:21] have_double_effect_times: 0 , is_activating_double_effect: 0 , already_activate_double_effect_times: 0
[2026-07-06 21:27:21] Marked situation: [0, 0, 0, 0, 0, 0, 0]
[2026-07-06 21:27:21] have_double_effect_times: 0 , is_activating_double_effect: 0 , already_activate_double_effect_times: 0
[2026-07-06 21:27:21] Sent map info: [[0.0, 0.0], [0.0, 0.0], [2.39681, 2.36], [2.39681, 2.36], [0.5, 14.5], [2.39681, 2.36], [0.0, 0.0], [0.0, 0.0], [0.0, 0.0], [0.0, 0.0], [27.5, 0.5], [0.0, 0.0]]
[2026-07-06 21:27:21] Sent map infos: [[0.0, 0.0], [0.0, 0.0], [2.39681, 2.36], [2.39681, 2.36], [0.5, 14.5], [2.39681, 2.36], [0.0, 0.0], [0.0, 0.0], [0.0, 0.0], [0.0, 0.0], [27.5, 0.5], [0.0, 0.0]]
[2026-07-06 21:27:21] Marked situation: [0, 0, 0, 0, 0, 0, 0]
[2026-07-06 21:27:21] have_double_effect_times: 0 , is_activating_double_effect: 0 , already_activate_double_effect_times: 0
[2026-07-06 21:27:21] Marked situation: [0, 0, 0, 0, 0, 0, 0]
[2026-07-06 21:27:21] have_double_effect_times: 0 , is_activating_double_effect: 0 , already_activate_double_effect_times: 0
[2026-07-06 21:27:21] Sent map info: [[0.0, 0.0], [0.0, 0.0], [2.39681, 2.36], [2.39681, 2.36], [0.5, 14.5], [2.39681, 2.36], [0.0, 0.0], [0.0, 0.0], [0.0, 0.0], [0.0, 0.0], [27.5, 0.5], [0.0, 0.0]]
[2026-07-06 21:27:21] Sent map infos: [[0.0, 0.0], [0.0, 0.0], [2.39681, 2.36], [2.39681, 2.36], [0.5, 14.5], [2.39681, 2.36], [0.0, 0.0], [0.0, 0.0], [0.0, 0.0], [0.0, 0.0], [27.5, 0.5], [0.0, 0.0]]
[2026-07-06 21:27:21] Marked situation: [0, 0, 0, 0, 0, 0, 0]
[2026-07-06 21:27:21] have_double_effect_times: 0 , is_activating_double_effect: 0 , already_activate_double_effect_times: 0
[2026-07-06 21:27:22] Marked situation: [0, 0, 0, 0, 0, 0, 0]
[2026-07-06 21:27:22] have_double_effect_times: 0 , is_activating_double_effect: 0 , already_activate_double_effect_times: 0
[2026-07-06 21:27:22] Sent map info: [[0.0, 0.0], [0.0, 0.0], [2.39681, 2.36], [2.39681, 2.36], [0.5, 14.5], [2.39681, 2.36], [0.0, 0.0], [0.0, 0.0], [0.0, 0.0], [0.0, 0.0], [27.5, 0.5], [0.0, 0.0]]
[2026-07-06 21:27:22] Sent map infos: [[0.0, 0.0], [0.0, 0.0], [2.39681, 2.36], [2.39681, 2.36], [0.5, 14.5], [2.39681, 2.36], [0.0, 0.0], [0.0, 0.0], [0.0, 0.0], [0.0, 0.0], [27.5, 0.5], [0.0, 0.0]]
[2026-07-06 21:27:22] Marked situation: [0, 0, 0, 0, 0, 0, 0]
[2026-07-06 21:27:22] have_double_effect_times: 0 , is_activating_double_effect: 0 , already_activate_double_effect_times: 0
[2026-07-06 21:27:22] Marked situation: [0, 0, 0, 0, 0, 0, 0]
[2026-07-06 21:27:22] have_double_effect_times: 0 , is_activating_double_effect: 0 , already_activate_double_effect_times: 0
[2026-07-06 21:27:22] Sent map info: [[0.0, 0.0], [0.0, 0.0], [2.39681, 2.36], [2.39681, 2.36], [0.5, 14.5], [2.39681, 2.36], [0.0, 0.0], [0.0, 0.0], [0.0, 0.0], [0.0, 0.0], [27.5, 0.5], [0.0, 0.0]]
[2026-07-06 21:27:22] Sent map infos: [[0.0, 0.0], [0.0, 0.0], [2.39681, 2.36], [2.39681, 2.36], [0.5, 14.5], [2.39681, 2.36], [0.0, 0.0], [0.0, 0.0], [0.0, 0.0], [0.0, 0.0], [27.5, 0.5], [0.0, 0.0]]
[2026-07-06 21:27:22] Marked situation: [0, 0, 0, 0, 0, 0, 0]
[2026-07-06 21:27:22] have_double_effect_times: 0 , is_activating_double_effect: 0 , already_activate_double_effect_times: 0
[2026-07-06 21:27:22] Marked situation: [0, 0, 0, 0, 0, 0, 0]
[2026-07-06 21:27:22] have_double_effect_times: 0 , is_activating_double_effect: 0 , already_activate_double_effect_times: 0
[2026-07-06 21:27:22] Sent map info: [[0.0, 0.0], [0.0, 0.0], [2.39681, 2.36], [2.39681, 2.36], [0.5, 14.5], [2.39681, 2.36], [0.0, 0.0], [0.0, 0.0], [0.0, 0.0], [0.0, 0.0], [27.5, 0.5], [0.0, 0.0]]
[2026-07-06 21:27:22] Sent map infos: [[0.0, 0.0], [0.0, 0.0], [2.39681, 2.36], [2.39681, 2.36], [0.5, 14.5], [2.39681, 2.36], [0.0, 0.0], [0.0, 0.0], [0.0, 0.0], [0.0, 0.0], [27.5, 0.5], [0.0, 0.0]]
[2026-07-06 21:27:23] Marked situation: [0, 0, 0, 0, 0, 0, 0]
[2026-07-06 21:27:23] have_double_effect_times: 0 , is_activating_double_effect: 0 , already_activate_double_effect_times: 0
[2026-07-06 21:27:23] Marked situation: [0, 0, 0, 0, 0, 0, 0]
[2026-07-06 21:27:23] have_double_effect_times: 0 , is_activating_double_effect: 0 , already_activate_double_effect_times: 0
[2026-07-06 21:27:23] Sent map info: [[0.0, 0.0], [0.0, 0.0], [2.39681, 2.36], [2.39681, 2.36], [0.5, 14.5], [2.39681, 2.36], [0.0, 0.0], [0.0, 0.0], [0.0, 0.0], [0.0, 0.0], [27.5, 0.5], [0.0, 0.0]]
[2026-07-06 21:27:23] Sent map infos: [[0.0, 0.0], [0.0, 0.0], [2.39681, 2.36], [2.39681, 2.36], [0.5, 14.5], [2.39681, 2.36], [0.0, 0.0], [0.0, 0.0], [0.0, 0.0], [0.0, 0.0], [27.5, 0.5], [0.0, 0.0]]
[2026-07-06 21:27:23] Marked situation: [0, 0, 0, 0, 0, 0, 0]
[2026-07-06 21:27:23] have_double_effect_times: 0 , is_activating_double_effect: 0 , already_activate_double_effect_times: 0
[2026-07-06 21:27:23] Marked situation: [0, 0, 0, 0, 0, 0, 0]
[2026-07-06 21:27:23] have_double_effect_times: 0 , is_activating_double_effect: 0 , already_activate_double_effect_times: 0
[2026-07-06 21:27:23] Sent map info: [[0.0, 0.0], [0.0, 0.0], [2.39681, 2.36], [2.39681, 2.36], [0.5, 14.5], [2.39681, 2.36], [0.0, 0.0], [0.0, 0.0], [0.0, 0.0], [0.0, 0.0], [27.5, 0.5], [0.0, 0.0]]
[2026-07-06 21:27:23] Sent map infos: [[0.0, 0.0], [0.0, 0.0], [2.39681, 2.36], [2.39681, 2.36], [0.5, 14.5], [2.39681, 2.36], [0.0, 0.0], [0.0, 0.0], [0.0, 0.0], [0.0, 0.0], [27.5, 0.5], [0.0, 0.0]]
[2026-07-06 21:27:23] Marked situation: [0, 0, 0, 0, 0, 0, 0]
[2026-07-06 21:27:23] have_double_effect_times: 0 , is_activating_double_effect: 0 , already_activate_double_effect_times: 0
[2026-07-06 21:27:24] Marked situation: [0, 0, 0, 0, 0, 0, 0]
[2026-07-06 21:27:24] have_double_effect_times: 0 , is_activating_double_effect: 0 , already_activate_double_effect_times: 0
[2026-07-06 21:27:24] Sent map info: [[0.0, 0.0], [0.0, 0.0], [2.39681, 2.36], [2.39681, 2.36], [0.5, 14.5], [2.39681, 2.36], [0.0, 0.0], [0.0, 0.0], [0.0, 0.0], [0.0, 0.0], [27.5, 0.5], [0.0, 0.0]]
[2026-07-06 21:27:24] Sent map infos: [[0.0, 0.0], [0.0, 0.0], [2.39681, 2.36], [2.39681, 2.36], [0.5, 14.5], [2.39681, 2.36], [0.0, 0.0], [0.0, 0.0], [0.0, 0.0], [0.0, 0.0], [27.5, 0.5], [0.0, 0.0]]
[2026-07-06 21:27:24] Marked situation: [0, 0, 0, 0, 0, 0, 0]
[2026-07-06 21:27:24] have_double_effect_times: 0 , is_activating_double_effect: 0 , already_activate_double_effect_times: 0
[2026-07-06 21:27:24] Marked situation: [0, 0, 0, 0, 0, 0, 0]
[2026-07-06 21:27:24] have_double_effect_times: 0 , is_activating_double_effect: 0 , already_activate_double_effect_times: 0
[2026-07-06 21:27:24] Sent map info: [[0.0, 0.0], [0.0, 0.0], [2.39681, 2.36], [2.39681, 2.36], [0.5, 14.5], [2.39681, 2.36], [0.0, 0.0], [0.0, 0.0], [0.0, 0.0], [0.0, 0.0], [27.5, 0.5], [0.0, 0.0]]
[2026-07-06 21:27:24] Sent map infos: [[0.0, 0.0], [0.0, 0.0], [2.39681, 2.36], [2.39681, 2.36], [0.5, 14.5], [2.39681, 2.36], [0.0, 0.0], [0.0, 0.0], [0.0, 0.0], [0.0, 0.0], [27.5, 0.5], [0.0, 0.0]]
[2026-07-06 21:27:24] Marked situation: [0, 0, 0, 0, 0, 0, 0]
[2026-07-06 21:27:24] have_double_effect_times: 0 , is_activating_double_effect: 0 , already_activate_double_effect_times: 0
[2026-07-06 21:27:24] Marked situation: [0, 0, 0, 0, 0, 0, 0]
[2026-07-06 21:27:24] have_double_effect_times: 0 , is_activating_double_effect: 0 , already_activate_double_effect_times: 0
[2026-07-06 21:27:24] Sent map info: [[0.0, 0.0], [0.0, 0.0], [2.39681, 2.36], [2.39681, 2.36], [0.5, 14.5], [2.39681, 2.36], [0.0, 0.0], [0.0, 0.0], [0.0, 0.0], [0.0, 0.0], [27.5, 0.5], [0.0, 0.0]]
[2026-07-06 21:27:24] Sent map infos: [[0.0, 0.0], [0.0, 0.0], [2.39681, 2.36], [2.39681, 2.36], [0.5, 14.5], [2.39681, 2.36], [0.0, 0.0], [0.0, 0.0], [0.0, 0.0], [0.0, 0.0], [27.5, 0.5], [0.0, 0.0]]
[2026-07-06 21:27:25] Marked situation: [0, 0, 0, 0, 0, 0, 0]
[2026-07-06 21:27:25] have_double_effect_times: 0 , is_activating_double_effect: 0 , already_activate_double_effect_times: 0
[2026-07-06 21:27:25] Marked situation: [0, 0, 0, 0, 0, 0, 0]
[2026-07-06 21:27:25] have_double_effect_times: 0 , is_activating_double_effect: 0 , already_activate_double_effect_times: 0
[2026-07-06 21:27:25] Sent map info: [[0.0, 0.0], [0.0, 0.0], [2.39681, 2.36], [2.39681, 2.36], [0.5, 14.5], [2.39681, 2.36], [0.0, 0.0], [0.0, 0.0], [0.0, 0.0], [0.0, 0.0], [27.5, 0.5], [0.0, 0.0]]
[2026-07-06 21:27:25] Sent map infos: [[0.0, 0.0], [0.0, 0.0], [2.39681, 2.36], [2.39681, 2.36], [0.5, 14.5], [2.39681, 2.36], [0.0, 0.0], [0.0, 0.0], [0.0, 0.0], [0.0, 0.0], [27.5, 0.5], [0.0, 0.0]]
[2026-07-06 21:27:25] Marked situation: [0, 0, 0, 0, 0, 0, 0]
[2026-07-06 21:27:25] have_double_effect_times: 0 , is_activating_double_effect: 0 , already_activate_double_effect_times: 0
[2026-07-06 21:27:25] Marked situation: [0, 0, 0, 0, 0, 0, 0]
[2026-07-06 21:27:25] have_double_effect_times: 0 , is_activating_double_effect: 0 , already_activate_double_effect_times: 0
[2026-07-06 21:27:25] Sent map info: [[0.0, 0.0], [0.0, 0.0], [2.39681, 2.36], [2.39681, 2.36], [0.5, 14.5], [2.39681, 2.36], [0.0, 0.0], [0.0, 0.0], [0.0, 0.0], [0.0, 0.0], [27.5, 0.5], [0.0, 0.0]]
[2026-07-06 21:27:25] Sent map infos: [[0.0, 0.0], [0.0, 0.0], [2.39681, 2.36], [2.39681, 2.36], [0.5, 14.5], [2.39681, 2.36], [0.0, 0.0], [0.0, 0.0], [0.0, 0.0], [0.0, 0.0], [27.5, 0.5], [0.0, 0.0]]
[2026-07-06 21:27:25] Marked situation: [0, 0, 0, 0, 0, 0, 0]
[2026-07-06 21:27:25] have_double_effect_times: 0 , is_activating_double_effect: 0 , already_activate_double_effect_times: 0
[2026-07-06 21:27:26] Marked situation: [0, 0, 0, 0, 0, 0, 0]
[2026-07-06 21:27:26] have_double_effect_times: 0 , is_activating_double_effect: 0 , already_activate_double_effect_times: 0
[2026-07-06 21:27:26] Sent map info: [[0.0, 0.0], [0.0, 0.0], [2.39681, 2.36], [2.39681, 2.36], [0.5, 14.5], [2.39681, 2.36], [0.0, 0.0], [0.0, 0.0], [0.0, 0.0], [0.0, 0.0], [27.5, 0.5], [0.0, 0.0]]
[2026-07-06 21:27:26] Sent map infos: [[0.0, 0.0], [0.0, 0.0], [2.39681, 2.36], [2.39681, 2.36], [0.5, 14.5], [2.39681, 2.36], [0.0, 0.0], [0.0, 0.0], [0.0, 0.0], [0.0, 0.0], [27.5, 0.5], [0.0, 0.0]]
[2026-07-06 21:27:26] Marked situation: [0, 0, 0, 0, 0, 0, 0]
[2026-07-06 21:27:26] have_double_effect_times: 0 , is_activating_double_effect: 0 , already_activate_double_effect_times: 0
[2026-07-06 21:27:26] Marked situation: [0, 0, 0, 0, 0, 0, 0]
[2026-07-06 21:27:26] have_double_effect_times: 0 , is_activating_double_effect: 0 , already_activate_double_effect_times: 0
[2026-07-06 21:27:26] Sent map info: [[0.0, 0.0], [0.0, 0.0], [2.39681, 2.36], [2.39681, 2.36], [0.5, 14.5], [2.39681, 2.36], [0.0, 0.0], [0.0, 0.0], [0.0, 0.0], [0.0, 0.0], [27.5, 0.5], [0.0, 0.0]]
[2026-07-06 21:27:26] Sent map infos: [[0.0, 0.0], [0.0, 0.0], [2.39681, 2.36], [2.39681, 2.36], [0.5, 14.5], [2.39681, 2.36], [0.0, 0.0], [0.0, 0.0], [0.0, 0.0], [0.0, 0.0], [27.5, 0.5], [0.0, 0.0]]
[2026-07-06 21:27:26] Marked situation: [0, 0, 0, 0, 0, 0, 0]
[2026-07-06 21:27:26] have_double_effect_times: 0 , is_activating_double_effect: 0 , already_activate_double_effect_times: 0
[2026-07-06 21:27:26] Marked situation: [0, 0, 0, 0, 0, 0, 0]
[2026-07-06 21:27:26] have_double_effect_times: 0 , is_activating_double_effect: 0 , already_activate_double_effect_times: 0
[2026-07-06 21:27:26] Sent map info: [[0.0, 0.0], [0.0, 0.0], [2.39681, 2.36], [2.39681, 2.36], [0.5, 14.5], [2.39681, 2.36], [0.0, 0.0], [0.0, 0.0], [0.0, 0.0], [0.0, 0.0], [27.5, 0.5], [0.0, 0.0]]
[2026-07-06 21:27:26] Sent map infos: [[0.0, 0.0], [0.0, 0.0], [2.39681, 2.36], [2.39681, 2.36], [0.5, 14.5], [2.39681, 2.36], [0.0, 0.0], [0.0, 0.0], [0.0, 0.0], [0.0, 0.0], [27.5, 0.5], [0.0, 0.0]]
[2026-07-06 21:27:27] Marked situation: [0, 0, 0, 0, 0, 0, 0]
[2026-07-06 21:27:27] have_double_effect_times: 0 , is_activating_double_effect: 0 , already_activate_double_effect_times: 0
[2026-07-06 21:27:27] Marked situation: [0, 0, 0, 0, 0, 0, 0]
[2026-07-06 21:27:27] have_double_effect_times: 0 , is_activating_double_effect: 0 , already_activate_double_effect_times: 0
[2026-07-06 21:27:27] Sent map info: [[0.0, 0.0], [0.0, 0.0], [2.39681, 2.36], [2.39681, 2.36], [0.5, 14.5], [2.39681, 2.36], [0.0, 0.0], [0.0, 0.0], [0.0, 0.0], [0.0, 0.0], [27.5, 0.5], [0.0, 0.0]]
[2026-07-06 21:27:27] Sent map infos: [[0.0, 0.0], [0.0, 0.0], [2.39681, 2.36], [2.39681, 2.36], [0.5, 14.5], [2.39681, 2.36], [0.0, 0.0], [0.0, 0.0], [0.0, 0.0], [0.0, 0.0], [27.5, 0.5], [0.0, 0.0]]
[2026-07-06 21:27:27] Marked situation: [0, 0, 0, 0, 0, 0, 0]
[2026-07-06 21:27:27] have_double_effect_times: 0 , is_activating_double_effect: 0 , already_activate_double_effect_times: 0
[2026-07-06 21:27:27] Marked situation: [0, 0, 0, 0, 0, 0, 0]
[2026-07-06 21:27:27] have_double_effect_times: 0 , is_activating_double_effect: 0 , already_activate_double_effect_times: 0
[2026-07-06 21:27:27] Sent map info: [[0.0, 0.0], [0.0, 0.0], [2.39681, 2.36], [2.39681, 2.36], [0.5, 14.5], [2.39681, 2.36], [0.0, 0.0], [0.0, 0.0], [0.0, 0.0], [0.0, 0.0], [27.5, 0.5], [0.0, 0.0]]
[2026-07-06 21:27:27] Sent map infos: [[0.0, 0.0], [0.0, 0.0], [2.39681, 2.36], [2.39681, 2.36], [0.5, 14.5], [2.39681, 2.36], [0.0, 0.0], [0.0, 0.0], [0.0, 0.0], [0.0, 0.0], [27.5, 0.5], [0.0, 0.0]]
[2026-07-06 21:27:27] Marked situation: [0, 0, 0, 0, 0, 0, 0]
[2026-07-06 21:27:27] have_double_effect_times: 0 , is_activating_double_effect: 0 , already_activate_double_effect_times: 0
[2026-07-06 21:27:28] Marked situation: [0, 0, 0, 0, 0, 0, 0]
[2026-07-06 21:27:28] have_double_effect_times: 0 , is_activating_double_effect: 0 , already_activate_double_effect_times: 0
[2026-07-06 21:27:28] Sent map info: [[0.0, 0.0], [0.0, 0.0], [2.39681, 2.36], [2.39681, 2.36], [0.5, 14.5], [2.39681, 2.36], [0.0, 0.0], [0.0, 0.0], [0.0, 0.0], [0.0, 0.0], [27.5, 0.5], [0.0, 0.0]]
[2026-07-06 21:27:28] Sent map infos: [[0.0, 0.0], [0.0, 0.0], [2.39681, 2.36], [2.39681, 2.36], [0.5, 14.5], [2.39681, 2.36], [0.0, 0.0], [0.0, 0.0], [0.0, 0.0], [0.0, 0.0], [27.5, 0.5], [0.0, 0.0]]
[2026-07-06 21:27:28] Marked situation: [0, 0, 0, 0, 0, 0, 0]
[2026-07-06 21:27:28] have_double_effect_times: 0 , is_activating_double_effect: 0 , already_activate_double_effect_times: 0
[2026-07-06 21:27:28] Marked situation: [0, 0, 0, 0, 0, 0, 0]
[2026-07-06 21:27:28] have_double_effect_times: 0 , is_activating_double_effect: 0 , already_activate_double_effect_times: 0
[2026-07-06 21:27:28] Sent map info: [[0.0, 0.0], [0.0, 0.0], [2.39681, 2.36], [2.39681, 2.36], [0.5, 14.5], [2.39681, 2.36], [0.0, 0.0], [0.0, 0.0], [0.0, 0.0], [0.0, 0.0], [27.5, 0.5], [0.0, 0.0]]
[2026-07-06 21:27:28] Sent map infos: [[0.0, 0.0], [0.0, 0.0], [2.39681, 2.36], [2.39681, 2.36], [0.5, 14.5], [2.39681, 2.36], [0.0, 0.0], [0.0, 0.0], [0.0, 0.0], [0.0, 0.0], [27.5, 0.5], [0.0, 0.0]]
[2026-07-06 21:27:28] Marked situation: [0, 0, 0, 0, 0, 0, 0]
[2026-07-06 21:27:28] have_double_effect_times: 0 , is_activating_double_effect: 0 , already_activate_double_effect_times: 0
[2026-07-06 21:27:28] Marked situation: [0, 0, 0, 0, 0, 0, 0]
[2026-07-06 21:27:28] have_double_effect_times: 0 , is_activating_double_effect: 0 , already_activate_double_effect_times: 0
[2026-07-06 21:27:28] Sent map info: [[0.0, 0.0], [0.0, 0.0], [2.39681, 2.36], [2.39681, 2.36], [0.5, 14.5], [2.39681, 2.36], [0.0, 0.0], [0.0, 0.0], [0.0, 0.0], [0.0, 0.0], [27.5, 0.5], [0.0, 0.0]]
[2026-07-06 21:27:28] Sent map infos: [[0.0, 0.0], [0.0, 0.0], [2.39681, 2.36], [2.39681, 2.36], [0.5, 14.5], [2.39681, 2.36], [0.0, 0.0], [0.0, 0.0], [0.0, 0.0], [0.0, 0.0], [27.5, 0.5], [0.0, 0.0]]
[2026-07-06 21:27:29] Marked situation: [0, 0, 0, 0, 0, 0, 0]
[2026-07-06 21:27:29] have_double_effect_times: 0 , is_activating_double_effect: 0 , already_activate_double_effect_times: 0
[2026-07-06 21:27:29] Marked situation: [0, 0, 0, 0, 0, 0, 0]
[2026-07-06 21:27:29] have_double_effect_times: 0 , is_activating_double_effect: 0 , already_activate_double_effect_times: 0
[2026-07-06 21:27:29] Sent map info: [[0.0, 0.0], [0.0, 0.0], [2.39681, 2.36], [2.39681, 2.36], [0.5, 14.5], [2.39681, 2.36], [0.0, 0.0], [0.0, 0.0], [0.0, 0.0], [0.0, 0.0], [27.5, 0.5], [0.0, 0.0]]
[2026-07-06 21:27:29] Sent map infos: [[0.0, 0.0], [0.0, 0.0], [2.39681, 2.36], [2.39681, 2.36], [0.5, 14.5], [2.39681, 2.36], [0.0, 0.0], [0.0, 0.0], [0.0, 0.0], [0.0, 0.0], [27.5, 0.5], [0.0, 0.0]]
[2026-07-06 21:27:29] Marked situation: [0, 0, 0, 0, 0, 0, 0]
[2026-07-06 21:27:29] have_double_effect_times: 0 , is_activating_double_effect: 0 , already_activate_double_effect_times: 0
[2026-07-06 21:27:29] Marked situation: [0, 0, 0, 0, 0, 0, 0]
[2026-07-06 21:27:29] have_double_effect_times: 0 , is_activating_double_effect: 0 , already_activate_double_effect_times: 0
[2026-07-06 21:27:29] Sent map info: [[0.0, 0.0], [0.0, 0.0], [2.39681, 2.36], [2.39681, 2.36], [0.5, 14.5], [2.39681, 2.36], [0.0, 0.0], [0.0, 0.0], [0.0, 0.0], [0.0, 0.0], [27.5, 0.5], [0.0, 0.0]]
[2026-07-06 21:27:29] Sent map infos: [[0.0, 0.0], [0.0, 0.0], [2.39681, 2.36], [2.39681, 2.36], [0.5, 14.5], [2.39681, 2.36], [0.0, 0.0], [0.0, 0.0], [0.0, 0.0], [0.0, 0.0], [27.5, 0.5], [0.0, 0.0]]
[2026-07-06 21:27:29] Marked situation: [0, 0, 0, 0, 0, 0, 0]
[2026-07-06 21:27:29] have_double_effect_times: 0 , is_activating_double_effect: 0 , already_activate_double_effect_times: 0
[2026-07-06 21:27:30] Marked situation: [0, 0, 0, 0, 0, 0, 0]
[2026-07-06 21:27:30] have_double_effect_times: 0 , is_activating_double_effect: 0 , already_activate_double_effect_times: 0
[2026-07-06 21:27:30] Sent map info: [[0.0, 0.0], [0.0, 0.0], [2.39681, 2.36], [2.39681, 2.36], [0.5, 14.5], [2.39681, 2.36], [0.0, 0.0], [0.0, 0.0], [0.0, 0.0], [0.0, 0.0], [27.5, 0.5], [0.0, 0.0]]
[2026-07-06 21:27:30] Sent map infos: [[0.0, 0.0], [0.0, 0.0], [2.39681, 2.36], [2.39681, 2.36], [0.5, 14.5], [2.39681, 2.36], [0.0, 0.0], [0.0, 0.0], [0.0, 0.0], [0.0, 0.0], [27.5, 0.5], [0.0, 0.0]]
[2026-07-06 21:27:30] Marked situation: [0, 0, 0, 0, 0, 0, 0]
[2026-07-06 21:27:30] have_double_effect_times: 0 , is_activating_double_effect: 0 , already_activate_double_effect_times: 0
[2026-07-06 21:27:30] Marked situation: [0, 0, 0, 0, 0, 0, 0]
[2026-07-06 21:27:30] have_double_effect_times: 0 , is_activating_double_effect: 0 , already_activate_double_effect_times: 0
[2026-07-06 21:27:30] Sent map info: [[0.0, 0.0], [0.0, 0.0], [2.39681, 2.36], [2.39681, 2.36], [0.5, 14.5], [2.39681, 2.36], [0.0, 0.0], [0.0, 0.0], [0.0, 0.0], [0.0, 0.0], [27.5, 0.5], [0.0, 0.0]]
[2026-07-06 21:27:30] Sent map infos: [[0.0, 0.0], [0.0, 0.0], [2.39681, 2.36], [2.39681, 2.36], [0.5, 14.5], [2.39681, 2.36], [0.0, 0.0], [0.0, 0.0], [0.0, 0.0], [0.0, 0.0], [27.5, 0.5], [0.0, 0.0]]
[2026-07-06 21:27:30] Marked situation: [0, 0, 0, 0, 0, 0, 0]
[2026-07-06 21:27:30] have_double_effect_times: 0 , is_activating_double_effect: 0 , already_activate_double_effect_times: 0
[2026-07-06 21:27:30] Marked situation: [0, 0, 0, 0, 0, 0, 0]
[2026-07-06 21:27:30] have_double_effect_times: 0 , is_activating_double_effect: 0 , already_activate_double_effect_times: 0
[2026-07-06 21:27:30] Sent map info: [[0.0, 0.0], [0.0, 0.0], [2.39681, 2.36], [2.39681, 2.36], [0.5, 14.5], [2.39681, 2.36], [0.0, 0.0], [0.0, 0.0], [0.0, 0.0], [0.0, 0.0], [27.5, 0.5], [0.0, 0.0]]
[2026-07-06 21:27:30] Sent map infos: [[0.0, 0.0], [0.0, 0.0], [2.39681, 2.36], [2.39681, 2.36], [0.5, 14.5], [2.39681, 2.36], [0.0, 0.0], [0.0, 0.0], [0.0, 0.0], [0.0, 0.0], [27.5, 0.5], [0.0, 0.0]]
[2026-07-06 21:27:31] Marked situation: [0, 0, 0, 0, 0, 0, 0]
[2026-07-06 21:27:31] have_double_effect_times: 0 , is_activating_double_effect: 0 , already_activate_double_effect_times: 0
[2026-07-06 21:27:31] Marked situation: [0, 0, 0, 0, 0, 0, 0]
[2026-07-06 21:27:31] have_double_effect_times: 0 , is_activating_double_effect: 0 , already_activate_double_effect_times: 0
[2026-07-06 21:27:31] Sent map info: [[0.0, 0.0], [0.0, 0.0], [2.39681, 2.36], [2.39681, 2.36], [0.5, 14.5], [2.39681, 2.36], [0.0, 0.0], [0.0, 0.0], [0.0, 0.0], [0.0, 0.0], [27.5, 0.5], [0.0, 0.0]]
[2026-07-06 21:27:31] Sent map infos: [[0.0, 0.0], [0.0, 0.0], [2.39681, 2.36], [2.39681, 2.36], [0.5, 14.5], [2.39681, 2.36], [0.0, 0.0], [0.0, 0.0], [0.0, 0.0], [0.0, 0.0], [27.5, 0.5], [0.0, 0.0]]
[2026-07-06 21:27:31] Marked situation: [0, 0, 0, 0, 0, 0, 0]
[2026-07-06 21:27:31] have_double_effect_times: 0 , is_activating_double_effect: 0 , already_activate_double_effect_times: 0
[2026-07-06 21:27:31] Marked situation: [0, 0, 0, 0, 0, 0, 0]
[2026-07-06 21:27:31] have_double_effect_times: 0 , is_activating_double_effect: 0 , already_activate_double_effect_times: 0
[2026-07-06 21:27:31] Sent map info: [[0.0, 0.0], [0.0, 0.0], [2.39681, 2.36], [2.39681, 2.36], [0.5, 14.5], [2.39681, 2.36], [0.0, 0.0], [0.0, 0.0], [0.0, 0.0], [0.0, 0.0], [27.5, 0.5], [0.0, 0.0]]
[2026-07-06 21:27:31] Sent map infos: [[0.0, 0.0], [0.0, 0.0], [2.39681, 2.36], [2.39681, 2.36], [0.5, 14.5], [2.39681, 2.36], [0.0, 0.0], [0.0, 0.0], [0.0, 0.0], [0.0, 0.0], [27.5, 0.5], [0.0, 0.0]]
[2026-07-06 21:27:31] Marked situation: [0, 0, 0, 0, 0, 0, 0]
[2026-07-06 21:27:31] have_double_effect_times: 0 , is_activating_double_effect: 0 , already_activate_double_effect_times: 0
[2026-07-06 21:27:32] Marked situation: [0, 0, 0, 0, 0, 0, 0]
[2026-07-06 21:27:32] have_double_effect_times: 0 , is_activating_double_effect: 0 , already_activate_double_effect_times: 0
[2026-07-06 21:27:32] Sent map info: [[0.0, 0.0], [0.0, 0.0], [2.39681, 2.36], [2.39681, 2.36], [0.5, 14.5], [2.39681, 2.36], [0.0, 0.0], [0.0, 0.0], [0.0, 0.0], [0.0, 0.0], [27.5, 0.5], [0.0, 0.0]]
[2026-07-06 21:27:32] Sent map infos: [[0.0, 0.0], [0.0, 0.0], [2.39681, 2.36], [2.39681, 2.36], [0.5, 14.5], [2.39681, 2.36], [0.0, 0.0], [0.0, 0.0], [0.0, 0.0], [0.0, 0.0], [27.5, 0.5], [0.0, 0.0]]
[2026-07-06 21:27:32] Marked situation: [0, 0, 0, 0, 0, 0, 0]
[2026-07-06 21:27:32] have_double_effect_times: 0 , is_activating_double_effect: 0 , already_activate_double_effect_times: 0
[2026-07-06 21:27:32] Marked situation: [0, 0, 0, 0, 0, 0, 0]
[2026-07-06 21:27:32] have_double_effect_times: 0 , is_activating_double_effect: 0 , already_activate_double_effect_times: 0
[2026-07-06 21:27:32] Sent map info: [[0.0, 0.0], [0.0, 0.0], [2.39681, 2.36], [2.39681, 2.36], [0.5, 14.5], [2.39681, 2.36], [0.0, 0.0], [0.0, 0.0], [0.0, 0.0], [0.0, 0.0], [27.5, 0.5], [0.0, 0.0]]
[2026-07-06 21:27:32] Sent map infos: [[0.0, 0.0], [0.0, 0.0], [2.39681, 2.36], [2.39681, 2.36], [0.5, 14.5], [2.39681, 2.36], [0.0, 0.0], [0.0, 0.0], [0.0, 0.0], [0.0, 0.0], [27.5, 0.5], [0.0, 0.0]]
[2026-07-06 21:27:32] Marked situation: [0, 0, 0, 0, 0, 0, 0]
[2026-07-06 21:27:32] have_double_effect_times: 0 , is_activating_double_effect: 0 , already_activate_double_effect_times: 0
[2026-07-06 21:27:32] Marked situation: [0, 0, 0, 0, 0, 0, 0]
[2026-07-06 21:27:32] have_double_effect_times: 0 , is_activating_double_effect: 0 , already_activate_double_effect_times: 0
[2026-07-06 21:27:32] Sent map info: [[0.0, 0.0], [0.0, 0.0], [2.39681, 2.36], [2.39681, 2.36], [0.5, 14.5], [2.39681, 2.36], [0.0, 0.0], [0.0, 0.0], [0.0, 0.0], [0.0, 0.0], [27.5, 0.5], [0.0, 0.0]]
[2026-07-06 21:27:32] Sent map infos: [[0.0, 0.0], [0.0, 0.0], [2.39681, 2.36], [2.39681, 2.36], [0.5, 14.5], [2.39681, 2.36], [0.0, 0.0], [0.0, 0.0], [0.0, 0.0], [0.0, 0.0], [27.5, 0.5], [0.0, 0.0]]
[2026-07-06 21:27:33] Marked situation: [0, 0, 0, 0, 0, 0, 0]
[2026-07-06 21:27:33] have_double_effect_times: 0 , is_activating_double_effect: 0 , already_activate_double_effect_times: 0
[2026-07-06 21:27:33] Marked situation: [0, 0, 0, 0, 0, 0, 0]
[2026-07-06 21:27:33] have_double_effect_times: 0 , is_activating_double_effect: 0 , already_activate_double_effect_times: 0
[2026-07-06 21:27:33] Sent map info: [[0.0, 0.0], [0.0, 0.0], [2.39681, 2.36], [2.39681, 2.36], [0.5, 14.5], [2.39681, 2.36], [0.0, 0.0], [0.0, 0.0], [0.0, 0.0], [0.0, 0.0], [27.5, 0.5], [0.0, 0.0]]
[2026-07-06 21:27:33] Sent map infos: [[0.0, 0.0], [0.0, 0.0], [2.39681, 2.36], [2.39681, 2.36], [0.5, 14.5], [2.39681, 2.36], [0.0, 0.0], [0.0, 0.0], [0.0, 0.0], [0.0, 0.0], [27.5, 0.5], [0.0, 0.0]]
[2026-07-06 21:27:33] Marked situation: [0, 0, 0, 0, 0, 0, 0]
[2026-07-06 21:27:33] have_double_effect_times: 0 , is_activating_double_effect: 0 , already_activate_double_effect_times: 0
[2026-07-06 21:27:33] Marked situation: [0, 0, 0, 0, 0, 0, 0]
[2026-07-06 21:27:33] have_double_effect_times: 0 , is_activating_double_effect: 0 , already_activate_double_effect_times: 0
[2026-07-06 21:27:33] Sent map info: [[0.0, 0.0], [0.0, 0.0], [2.39681, 2.36], [2.39681, 2.36], [0.5, 14.5], [2.39681, 2.36], [0.0, 0.0], [0.0, 0.0], [0.0, 0.0], [0.0, 0.0], [27.5, 0.5], [0.0, 0.0]]
[2026-07-06 21:27:33] Sent map infos: [[0.0, 0.0], [0.0, 0.0], [2.39681, 2.36], [2.39681, 2.36], [0.5, 14.5], [2.39681, 2.36], [0.0, 0.0], [0.0, 0.0], [0.0, 0.0], [0.0, 0.0], [27.5, 0.5], [0.0, 0.0]]
[2026-07-06 21:27:33] Marked situation: [0, 0, 0, 0, 0, 0, 0]
[2026-07-06 21:27:33] have_double_effect_times: 0 , is_activating_double_effect: 0 , already_activate_double_effect_times: 0
[2026-07-06 21:27:34] Marked situation: [0, 0, 0, 0, 0, 0, 0]
[2026-07-06 21:27:34] have_double_effect_times: 0 , is_activating_double_effect: 0 , already_activate_double_effect_times: 0
[2026-07-06 21:27:34] Sent map info: [[0.0, 0.0], [0.0, 0.0], [2.39681, 2.36], [2.39681, 2.36], [0.5, 14.5], [2.39681, 2.36], [0.0, 0.0], [0.0, 0.0], [0.0, 0.0], [0.0, 0.0], [27.5, 0.5], [0.0, 0.0]]
[2026-07-06 21:27:34] Sent map infos: [[0.0, 0.0], [0.0, 0.0], [2.39681, 2.36], [2.39681, 2.36], [0.5, 14.5], [2.39681, 2.36], [0.0, 0.0], [0.0, 0.0], [0.0, 0.0], [0.0, 0.0], [27.5, 0.5], [0.0, 0.0]]
[2026-07-06 21:27:34] Marked situation: [0, 0, 0, 0, 0, 0, 0]
[2026-07-06 21:27:34] have_double_effect_times: 0 , is_activating_double_effect: 0 , already_activate_double_effect_times: 0
[2026-07-06 21:27:34] Marked situation: [0, 0, 0, 0, 0, 0, 0]
[2026-07-06 21:27:34] have_double_effect_times: 0 , is_activating_double_effect: 0 , already_activate_double_effect_times: 0
[2026-07-06 21:27:34] Sent map info: [[0.0, 0.0], [0.0, 0.0], [2.39681, 2.36], [2.39681, 2.36], [0.5, 14.5], [2.39681, 2.36], [0.0, 0.0], [0.0, 0.0], [0.0, 0.0], [0.0, 0.0], [27.5, 0.5], [0.0, 0.0]]
[2026-07-06 21:27:34] Sent map infos: [[0.0, 0.0], [0.0, 0.0], [2.39681, 2.36], [2.39681, 2.36], [0.5, 14.5], [2.39681, 2.36], [0.0, 0.0], [0.0, 0.0], [0.0, 0.0], [0.0, 0.0], [27.5, 0.5], [0.0, 0.0]]
[2026-07-06 21:27:34] Marked situation: [0, 0, 0, 0, 0, 0, 0]
[2026-07-06 21:27:34] have_double_effect_times: 0 , is_activating_double_effect: 0 , already_activate_double_effect_times: 0
[2026-07-06 21:27:34] Marked situation: [0, 0, 0, 0, 0, 0, 0]
[2026-07-06 21:27:34] have_double_effect_times: 0 , is_activating_double_effect: 0 , already_activate_double_effect_times: 0
[2026-07-06 21:27:34] Sent map info: [[0.0, 0.0], [0.0, 0.0], [2.39681, 2.36], [2.39681, 2.36], [0.5, 14.5], [2.39681, 2.36], [0.0, 0.0], [0.0, 0.0], [0.0, 0.0], [0.0, 0.0], [27.5, 0.5], [0.0, 0.0]]
[2026-07-06 21:27:34] Sent map infos: [[0.0, 0.0], [0.0, 0.0], [2.39681, 2.36], [2.39681, 2.36], [0.5, 14.5], [2.39681, 2.36], [0.0, 0.0], [0.0, 0.0], [0.0, 0.0], [0.0, 0.0], [27.5, 0.5], [0.0, 0.0]]
[2026-07-06 21:27:35] Marked situation: [0, 0, 0, 0, 0, 0, 0]
[2026-07-06 21:27:35] have_double_effect_times: 0 , is_activating_double_effect: 0 , already_activate_double_effect_times: 0
[2026-07-06 21:27:35] Marked situation: [0, 0, 0, 0, 0, 0, 0]
[2026-07-06 21:27:35] have_double_effect_times: 0 , is_activating_double_effect: 0 , already_activate_double_effect_times: 0
[2026-07-06 21:27:35] Sent map info: [[0.0, 0.0], [0.0, 0.0], [2.39681, 2.36], [2.39681, 2.36], [0.5, 14.5], [2.39681, 2.36], [0.0, 0.0], [0.0, 0.0], [0.0, 0.0], [0.0, 0.0], [27.5, 0.5], [0.0, 0.0]]
[2026-07-06 21:27:35] Sent map infos: [[0.0, 0.0], [0.0, 0.0], [2.39681, 2.36], [2.39681, 2.36], [0.5, 14.5], [2.39681, 2.36], [0.0, 0.0], [0.0, 0.0], [0.0, 0.0], [0.0, 0.0], [27.5, 0.5], [0.0, 0.0]]
[2026-07-06 21:27:35] Marked situation: [0, 0, 0, 0, 0, 0, 0]
[2026-07-06 21:27:35] have_double_effect_times: 0 , is_activating_double_effect: 0 , already_activate_double_effect_times: 0
[2026-07-06 21:27:35] Marked situation: [0, 0, 0, 0, 0, 0, 0]
[2026-07-06 21:27:35] have_double_effect_times: 0 , is_activating_double_effect: 0 , already_activate_double_effect_times: 0
[2026-07-06 21:27:35] Sent map info: [[0.0, 0.0], [0.0, 0.0], [2.39681, 2.36], [2.39681, 2.36], [0.5, 14.5], [2.39681, 2.36], [0.0, 0.0], [0.0, 0.0], [0.0, 0.0], [0.0, 0.0], [27.5, 0.5], [0.0, 0.0]]
[2026-07-06 21:27:35] Sent map infos: [[0.0, 0.0], [0.0, 0.0], [2.39681, 2.36], [2.39681, 2.36], [0.5, 14.5], [2.39681, 2.36], [0.0, 0.0], [0.0, 0.0], [0.0, 0.0], [0.0, 0.0], [27.5, 0.5], [0.0, 0.0]]
[2026-07-06 21:27:35] Marked situation: [0, 0, 0, 0, 0, 0, 0]
[2026-07-06 21:27:35] have_double_effect_times: 0 , is_activating_double_effect: 0 , already_activate_double_effect_times: 0
[2026-07-06 21:27:36] Marked situation: [0, 0, 0, 0, 0, 0, 0]
[2026-07-06 21:27:36] have_double_effect_times: 0 , is_activating_double_effect: 0 , already_activate_double_effect_times: 0
[2026-07-06 21:27:36] Sent map info: [[0.0, 0.0], [0.0, 0.0], [2.39681, 2.36], [2.39681, 2.36], [0.5, 14.5], [2.39681, 2.36], [0.0, 0.0], [0.0, 0.0], [0.0, 0.0], [0.0, 0.0], [27.5, 0.5], [0.0, 0.0]]
[2026-07-06 21:27:36] Sent map infos: [[0.0, 0.0], [0.0, 0.0], [2.39681, 2.36], [2.39681, 2.36], [0.5, 14.5], [2.39681, 2.36], [0.0, 0.0], [0.0, 0.0], [0.0, 0.0], [0.0, 0.0], [27.5, 0.5], [0.0, 0.0]]
[2026-07-06 21:27:36] Marked situation: [0, 0, 0, 0, 0, 0, 0]
[2026-07-06 21:27:36] have_double_effect_times: 0 , is_activating_double_effect: 0 , already_activate_double_effect_times: 0
[2026-07-06 21:27:36] Marked situation: [0, 0, 0, 0, 0, 0, 0]
[2026-07-06 21:27:36] have_double_effect_times: 0 , is_activating_double_effect: 0 , already_activate_double_effect_times: 0
[2026-07-06 21:27:36] Sent map info: [[0.0, 0.0], [0.0, 0.0], [2.39681, 2.36], [2.39681, 2.36], [0.5, 14.5], [2.39681, 2.36], [0.0, 0.0], [0.0, 0.0], [0.0, 0.0], [0.0, 0.0], [27.5, 0.5], [0.0, 0.0]]
[2026-07-06 21:27:36] Sent map infos: [[0.0, 0.0], [0.0, 0.0], [2.39681, 2.36], [2.39681, 2.36], [0.5, 14.5], [2.39681, 2.36], [0.0, 0.0], [0.0, 0.0], [0.0, 0.0], [0.0, 0.0], [27.5, 0.5], [0.0, 0.0]]
[2026-07-06 21:27:36] Marked situation: [0, 0, 0, 0, 0, 0, 0]
[2026-07-06 21:27:36] have_double_effect_times: 0 , is_activating_double_effect: 0 , already_activate_double_effect_times: 0
[2026-07-06 21:27:36] Marked situation: [0, 0, 0, 0, 0, 0, 0]
[2026-07-06 21:27:36] have_double_effect_times: 0 , is_activating_double_effect: 0 , already_activate_double_effect_times: 0
[2026-07-06 21:27:36] Sent map info: [[0.0, 0.0], [0.0, 0.0], [2.39681, 2.36], [2.39681, 2.36], [0.5, 14.5], [2.39681, 2.36], [0.0, 0.0], [0.0, 0.0], [0.0, 0.0], [0.0, 0.0], [27.5, 0.5], [0.0, 0.0]]
[2026-07-06 21:27:36] Sent map infos: [[0.0, 0.0], [0.0, 0.0], [2.39681, 2.36], [2.39681, 2.36], [0.5, 14.5], [2.39681, 2.36], [0.0, 0.0], [0.0, 0.0], [0.0, 0.0], [0.0, 0.0], [27.5, 0.5], [0.0, 0.0]]
[2026-07-06 21:27:37] Marked situation: [0, 0, 0, 0, 0, 0, 0]
[2026-07-06 21:27:37] have_double_effect_times: 0 , is_activating_double_effect: 0 , already_activate_double_effect_times: 0
[2026-07-06 21:27:37] Marked situation: [0, 0, 0, 0, 0, 0, 0]
[2026-07-06 21:27:37] have_double_effect_times: 0 , is_activating_double_effect: 0 , already_activate_double_effect_times: 0
[2026-07-06 21:27:37] Sent map info: [[0.0, 0.0], [0.0, 0.0], [2.39681, 2.36], [2.39681, 2.36], [0.5, 14.5], [2.39681, 2.36], [0.0, 0.0], [0.0, 0.0], [0.0, 0.0], [0.0, 0.0], [27.5, 0.5], [0.0, 0.0]]
[2026-07-06 21:27:37] Sent map infos: [[0.0, 0.0], [0.0, 0.0], [2.39681, 2.36], [2.39681, 2.36], [0.5, 14.5], [2.39681, 2.36], [0.0, 0.0], [0.0, 0.0], [0.0, 0.0], [0.0, 0.0], [27.5, 0.5], [0.0, 0.0]]
[2026-07-06 21:27:37] Marked situation: [0, 0, 0, 0, 0, 0, 0]
[2026-07-06 21:27:37] have_double_effect_times: 0 , is_activating_double_effect: 0 , already_activate_double_effect_times: 0
[2026-07-06 21:27:37] Marked situation: [0, 0, 0, 0, 0, 0, 0]
[2026-07-06 21:27:37] have_double_effect_times: 0 , is_activating_double_effect: 0 , already_activate_double_effect_times: 0
[2026-07-06 21:27:37] Sent map info: [[0.0, 0.0], [0.0, 0.0], [2.39681, 2.36], [2.39681, 2.36], [0.5, 14.5], [2.39681, 2.36], [0.0, 0.0], [0.0, 0.0], [0.0, 0.0], [0.0, 0.0], [27.5, 0.5], [0.0, 0.0]]
[2026-07-06 21:27:37] Sent map infos: [[0.0, 0.0], [0.0, 0.0], [2.39681, 2.36], [2.39681, 2.36], [0.5, 14.5], [2.39681, 2.36], [0.0, 0.0], [0.0, 0.0], [0.0, 0.0], [0.0, 0.0], [27.5, 0.5], [0.0, 0.0]]
[2026-07-06 21:27:37] Marked situation: [0, 0, 0, 0, 0, 0, 0]
[2026-07-06 21:27:37] have_double_effect_times: 0 , is_activating_double_effect: 0 , already_activate_double_effect_times: 0
[2026-07-06 21:27:38] Marked situation: [0, 0, 0, 0, 0, 0, 0]
[2026-07-06 21:27:38] have_double_effect_times: 0 , is_activating_double_effect: 0 , already_activate_double_effect_times: 0
[2026-07-06 21:27:38] Sent map info: [[0.0, 0.0], [0.0, 0.0], [2.39681, 2.36], [2.39681, 2.36], [0.5, 14.5], [2.39681, 2.36], [0.0, 0.0], [0.0, 0.0], [0.0, 0.0], [0.0, 0.0], [27.5, 0.5], [0.0, 0.0]]
[2026-07-06 21:27:38] Sent map infos: [[0.0, 0.0], [0.0, 0.0], [2.39681, 2.36], [2.39681, 2.36], [0.5, 14.5], [2.39681, 2.36], [0.0, 0.0], [0.0, 0.0], [0.0, 0.0], [0.0, 0.0], [27.5, 0.5], [0.0, 0.0]]
[2026-07-06 21:27:38] Marked situation: [0, 0, 0, 0, 0, 0, 0]
[2026-07-06 21:27:38] have_double_effect_times: 0 , is_activating_double_effect: 0 , already_activate_double_effect_times: 0
[2026-07-06 21:27:38] Marked situation: [0, 0, 0, 0, 0, 0, 0]
[2026-07-06 21:27:38] have_double_effect_times: 0 , is_activating_double_effect: 0 , already_activate_double_effect_times: 0
[2026-07-06 21:27:38] Sent map info: [[0.0, 0.0], [0.0, 0.0], [2.39681, 2.36], [2.39681, 2.36], [0.5, 14.5], [2.39681, 2.36], [0.0, 0.0], [0.0, 0.0], [0.0, 0.0], [0.0, 0.0], [27.5, 0.5], [0.0, 0.0]]
[2026-07-06 21:27:38] Sent map infos: [[0.0, 0.0], [0.0, 0.0], [2.39681, 2.36], [2.39681, 2.36], [0.5, 14.5], [2.39681, 2.36], [0.0, 0.0], [0.0, 0.0], [0.0, 0.0], [0.0, 0.0], [27.5, 0.5], [0.0, 0.0]]
[2026-07-06 21:27:38] Marked situation: [0, 0, 0, 0, 0, 0, 0]
[2026-07-06 21:27:38] have_double_effect_times: 0 , is_activating_double_effect: 0 , already_activate_double_effect_times: 0
[2026-07-06 21:27:38] Marked situation: [0, 0, 0, 0, 0, 0, 0]
[2026-07-06 21:27:38] have_double_effect_times: 0 , is_activating_double_effect: 0 , already_activate_double_effect_times: 0
[2026-07-06 21:27:38] Sent map info: [[0.0, 0.0], [0.0, 0.0], [2.39681, 2.36], [2.39681, 2.36], [0.5, 14.5], [2.39681, 2.36], [0.0, 0.0], [0.0, 0.0], [0.0, 0.0], [0.0, 0.0], [27.5, 0.5], [0.0, 0.0]]
[2026-07-06 21:27:38] Sent map infos: [[0.0, 0.0], [0.0, 0.0], [2.39681, 2.36], [2.39681, 2.36], [0.5, 14.5], [2.39681, 2.36], [0.0, 0.0], [0.0, 0.0], [0.0, 0.0], [0.0, 0.0], [27.5, 0.5], [0.0, 0.0]]
[2026-07-06 21:27:39] Marked situation: [0, 0, 0, 0, 0, 0, 0]
[2026-07-06 21:27:39] have_double_effect_times: 0 , is_activating_double_effect: 0 , already_activate_double_effect_times: 0
[2026-07-06 21:27:39] Marked situation: [0, 0, 0, 0, 0, 0, 0]
[2026-07-06 21:27:39] have_double_effect_times: 0 , is_activating_double_effect: 0 , already_activate_double_effect_times: 0
[2026-07-06 21:27:39] Sent map info: [[0.0, 0.0], [0.0, 0.0], [2.39681, 2.36], [2.39681, 2.36], [0.5, 14.5], [2.39681, 2.36], [0.0, 0.0], [0.0, 0.0], [0.0, 0.0], [0.0, 0.0], [27.5, 0.5], [0.0, 0.0]]
[2026-07-06 21:27:39] Sent map infos: [[0.0, 0.0], [0.0, 0.0], [2.39681, 2.36], [2.39681, 2.36], [0.5, 14.5], [2.39681, 2.36], [0.0, 0.0], [0.0, 0.0], [0.0, 0.0], [0.0, 0.0], [27.5, 0.5], [0.0, 0.0]]
[2026-07-06 21:27:39] Marked situation: [0, 0, 0, 0, 0, 0, 0]
[2026-07-06 21:27:39] have_double_effect_times: 0 , is_activating_double_effect: 0 , already_activate_double_effect_times: 0
[2026-07-06 21:27:39] Marked situation: [0, 0, 0, 0, 0, 0, 0]
[2026-07-06 21:27:39] have_double_effect_times: 0 , is_activating_double_effect: 0 , already_activate_double_effect_times: 0
[2026-07-06 21:27:39] Sent map info: [[0.0, 0.0], [0.0, 0.0], [2.39681, 2.36], [2.39681, 2.36], [0.5, 14.5], [2.39681, 2.36], [0.0, 0.0], [0.0, 0.0], [0.0, 0.0], [0.0, 0.0], [27.5, 0.5], [0.0, 0.0]]
[2026-07-06 21:27:39] Sent map infos: [[0.0, 0.0], [0.0, 0.0], [2.39681, 2.36], [2.39681, 2.36], [0.5, 14.5], [2.39681, 2.36], [0.0, 0.0], [0.0, 0.0], [0.0, 0.0], [0.0, 0.0], [27.5, 0.5], [0.0, 0.0]]
[2026-07-06 21:27:39] Marked situation: [0, 0, 0, 0, 0, 0, 0]
[2026-07-06 21:27:39] have_double_effect_times: 0 , is_activating_double_effect: 0 , already_activate_double_effect_times: 0
[2026-07-06 21:27:40] Marked situation: [0, 0, 0, 0, 0, 0, 0]
[2026-07-06 21:27:40] have_double_effect_times: 0 , is_activating_double_effect: 0 , already_activate_double_effect_times: 0
[2026-07-06 21:27:40] Sent map info: [[0.0, 0.0], [0.0, 0.0], [2.39681, 2.36], [2.39681, 2.36], [0.5, 14.5], [2.39681, 2.36], [0.0, 0.0], [0.0, 0.0], [0.0, 0.0], [0.0, 0.0], [27.5, 0.5], [0.0, 0.0]]
[2026-07-06 21:27:40] Sent map infos: [[0.0, 0.0], [0.0, 0.0], [2.39681, 2.36], [2.39681, 2.36], [0.5, 14.5], [2.39681, 2.36], [0.0, 0.0], [0.0, 0.0], [0.0, 0.0], [0.0, 0.0], [27.5, 0.5], [0.0, 0.0]]
[2026-07-06 21:27:40] Marked situation: [0, 0, 0, 0, 0, 0, 0]
[2026-07-06 21:27:40] have_double_effect_times: 0 , is_activating_double_effect: 0 , already_activate_double_effect_times: 0
[2026-07-06 21:27:40] Marked situation: [0, 0, 0, 0, 0, 0, 0]
[2026-07-06 21:27:40] have_double_effect_times: 0 , is_activating_double_effect: 0 , already_activate_double_effect_times: 0
[2026-07-06 21:27:40] Sent map info: [[0.0, 0.0], [0.0, 0.0], [2.39681, 2.36], [2.39681, 2.36], [0.5, 14.5], [2.39681, 2.36], [0.0, 0.0], [0.0, 0.0], [0.0, 0.0], [0.0, 0.0], [27.5, 0.5], [0.0, 0.0]]
[2026-07-06 21:27:40] Sent map infos: [[0.0, 0.0], [0.0, 0.0], [2.39681, 2.36], [2.39681, 2.36], [0.5, 14.5], [2.39681, 2.36], [0.0, 0.0], [0.0, 0.0], [0.0, 0.0], [0.0, 0.0], [27.5, 0.5], [0.0, 0.0]]
[2026-07-06 21:27:40] Marked situation: [0, 0, 0, 0, 0, 0, 0]
[2026-07-06 21:27:40] have_double_effect_times: 0 , is_activating_double_effect: 0 , already_activate_double_effect_times: 0
[2026-07-06 21:27:40] Marked situation: [0, 0, 0, 0, 0, 0, 0]
[2026-07-06 21:27:40] have_double_effect_times: 0 , is_activating_double_effect: 0 , already_activate_double_effect_times: 0
[2026-07-06 21:27:40] Sent map info: [[0.0, 0.0], [0.0, 0.0], [2.39681, 2.36], [2.39681, 2.36], [0.5, 14.5], [2.39681, 2.36], [0.0, 0.0], [0.0, 0.0], [0.0, 0.0], [0.0, 0.0], [27.5, 0.5], [0.0, 0.0]]
[2026-07-06 21:27:40] Sent map infos: [[0.0, 0.0], [0.0, 0.0], [2.39681, 2.36], [2.39681, 2.36], [0.5, 14.5], [2.39681, 2.36], [0.0, 0.0], [0.0, 0.0], [0.0, 0.0], [0.0, 0.0], [27.5, 0.5], [0.0, 0.0]]
[2026-07-06 21:27:41] Marked situation: [0, 0, 0, 0, 0, 0, 0]
[2026-07-06 21:27:41] have_double_effect_times: 0 , is_activating_double_effect: 0 , already_activate_double_effect_times: 0
[2026-07-06 21:27:41] Marked situation: [0, 0, 0, 0, 0, 0, 0]
[2026-07-06 21:27:41] have_double_effect_times: 0 , is_activating_double_effect: 0 , already_activate_double_effect_times: 0
[2026-07-06 21:27:41] Sent map info: [[0.0, 0.0], [0.0, 0.0], [2.39681, 2.36], [2.39681, 2.36], [0.5, 14.5], [2.39681, 2.36], [0.0, 0.0], [0.0, 0.0], [0.0, 0.0], [0.0, 0.0], [27.5, 0.5], [0.0, 0.0]]
[2026-07-06 21:27:41] Sent map infos: [[0.0, 0.0], [0.0, 0.0], [2.39681, 2.36], [2.39681, 2.36], [0.5, 14.5], [2.39681, 2.36], [0.0, 0.0], [0.0, 0.0], [0.0, 0.0], [0.0, 0.0], [27.5, 0.5], [0.0, 0.0]]
[2026-07-06 21:27:41] Marked situation: [0, 0, 0, 0, 0, 0, 0]
[2026-07-06 21:27:41] have_double_effect_times: 0 , is_activating_double_effect: 0 , already_activate_double_effect_times: 0
[2026-07-06 21:27:41] Marked situation: [0, 0, 0, 0, 0, 0, 0]
[2026-07-06 21:27:41] have_double_effect_times: 0 , is_activating_double_effect: 0 , already_activate_double_effect_times: 0
[2026-07-06 21:27:41] Sent map info: [[0.0, 0.0], [0.0, 0.0], [2.39681, 2.36], [2.39681, 2.36], [0.5, 14.5], [2.39681, 2.36], [0.0, 0.0], [0.0, 0.0], [0.0, 0.0], [0.0, 0.0], [27.5, 0.5], [0.0, 0.0]]
[2026-07-06 21:27:41] Sent map infos: [[0.0, 0.0], [0.0, 0.0], [2.39681, 2.36], [2.39681, 2.36], [0.5, 14.5], [2.39681, 2.36], [0.0, 0.0], [0.0, 0.0], [0.0, 0.0], [0.0, 0.0], [27.5, 0.5], [0.0, 0.0]]
[2026-07-06 21:27:41] Marked situation: [0, 0, 0, 0, 0, 0, 0]
[2026-07-06 21:27:41] have_double_effect_times: 0 , is_activating_double_effect: 0 , already_activate_double_effect_times: 0
[2026-07-06 21:27:42] Marked situation: [0, 0, 0, 0, 0, 0, 0]
[2026-07-06 21:27:42] have_double_effect_times: 0 , is_activating_double_effect: 0 , already_activate_double_effect_times: 0
[2026-07-06 21:27:42] Sent map info: [[0.0, 0.0], [0.0, 0.0], [2.39681, 2.36], [2.39681, 2.36], [0.5, 14.5], [2.39681, 2.36], [0.0, 0.0], [0.0, 0.0], [0.0, 0.0], [0.0, 0.0], [27.5, 0.5], [0.0, 0.0]]
[2026-07-06 21:27:42] Sent map infos: [[0.0, 0.0], [0.0, 0.0], [2.39681, 2.36], [2.39681, 2.36], [0.5, 14.5], [2.39681, 2.36], [0.0, 0.0], [0.0, 0.0], [0.0, 0.0], [0.0, 0.0], [27.5, 0.5], [0.0, 0.0]]
[2026-07-06 21:27:42] Marked situation: [0, 0, 0, 0, 0, 0, 0]
[2026-07-06 21:27:42] have_double_effect_times: 0 , is_activating_double_effect: 0 , already_activate_double_effect_times: 0
[2026-07-06 21:27:42] Marked situation: [0, 0, 0, 0, 0, 0, 0]
[2026-07-06 21:27:42] have_double_effect_times: 0 , is_activating_double_effect: 0 , already_activate_double_effect_times: 0
[2026-07-06 21:27:42] Sent map info: [[0.0, 0.0], [0.0, 0.0], [2.39681, 2.36], [2.39681, 2.36], [0.5, 14.5], [2.39681, 2.36], [0.0, 0.0], [0.0, 0.0], [0.0, 0.0], [0.0, 0.0], [27.5, 0.5], [0.0, 0.0]]
[2026-07-06 21:27:42] Sent map infos: [[0.0, 0.0], [0.0, 0.0], [2.39681, 2.36], [2.39681, 2.36], [0.5, 14.5], [2.39681, 2.36], [0.0, 0.0], [0.0, 0.0], [0.0, 0.0], [0.0, 0.0], [27.5, 0.5], [0.0, 0.0]]
[2026-07-06 21:27:42] Marked situation: [0, 0, 0, 0, 0, 0, 0]
[2026-07-06 21:27:42] have_double_effect_times: 0 , is_activating_double_effect: 0 , already_activate_double_effect_times: 0
[2026-07-06 21:27:42] Marked situation: [0, 0, 0, 0, 0, 0, 0]
[2026-07-06 21:27:42] have_double_effect_times: 0 , is_activating_double_effect: 0 , already_activate_double_effect_times: 0
[2026-07-06 21:27:42] Sent map info: [[0.0, 0.0], [0.0, 0.0], [2.39681, 2.36], [2.39681, 2.36], [0.5, 14.5], [2.39681, 2.36], [0.0, 0.0], [0.0, 0.0], [0.0, 0.0], [0.0, 0.0], [27.5, 0.5], [0.0, 0.0]]
[2026-07-06 21:27:42] Sent map infos: [[0.0, 0.0], [0.0, 0.0], [2.39681, 2.36], [2.39681, 2.36], [0.5, 14.5], [2.39681, 2.36], [0.0, 0.0], [0.0, 0.0], [0.0, 0.0], [0.0, 0.0], [27.5, 0.5], [0.0, 0.0]]
[2026-07-06 21:27:43] Marked situation: [0, 0, 0, 0, 0, 0, 0]
[2026-07-06 21:27:43] have_double_effect_times: 0 , is_activating_double_effect: 0 , already_activate_double_effect_times: 0
[2026-07-06 21:27:43] Marked situation: [0, 0, 0, 0, 0, 0, 0]
[2026-07-06 21:27:43] have_double_effect_times: 0 , is_activating_double_effect: 0 , already_activate_double_effect_times: 0
[2026-07-06 21:27:43] Sent map info: [[0.0, 0.0], [0.0, 0.0], [2.39681, 2.36], [2.39681, 2.36], [0.5, 14.5], [2.39681, 2.36], [0.0, 0.0], [0.0, 0.0], [0.0, 0.0], [0.0, 0.0], [27.5, 0.5], [0.0, 0.0]]
[2026-07-06 21:27:43] Sent map infos: [[0.0, 0.0], [0.0, 0.0], [2.39681, 2.36], [2.39681, 2.36], [0.5, 14.5], [2.39681, 2.36], [0.0, 0.0], [0.0, 0.0], [0.0, 0.0], [0.0, 0.0], [27.5, 0.5], [0.0, 0.0]]
[2026-07-06 21:27:43] Marked situation: [0, 0, 0, 0, 0, 0, 0]
[2026-07-06 21:27:43] have_double_effect_times: 0 , is_activating_double_effect: 0 , already_activate_double_effect_times: 0
[2026-07-06 21:27:43] Marked situation: [0, 0, 0, 0, 0, 0, 0]
[2026-07-06 21:27:43] have_double_effect_times: 0 , is_activating_double_effect: 0 , already_activate_double_effect_times: 0
[2026-07-06 21:27:43] Sent map info: [[0.0, 0.0], [0.0, 0.0], [2.39681, 2.36], [2.39681, 2.36], [0.5, 14.5], [2.39681, 2.36], [0.0, 0.0], [0.0, 0.0], [0.0, 0.0], [0.0, 0.0], [27.5, 0.5], [0.0, 0.0]]
[2026-07-06 21:27:43] Sent map infos: [[0.0, 0.0], [0.0, 0.0], [2.39681, 2.36], [2.39681, 2.36], [0.5, 14.5], [2.39681, 2.36], [0.0, 0.0], [0.0, 0.0], [0.0, 0.0], [0.0, 0.0], [27.5, 0.5], [0.0, 0.0]]
[2026-07-06 21:27:43] Marked situation: [0, 0, 0, 0, 0, 0, 0]
[2026-07-06 21:27:43] have_double_effect_times: 0 , is_activating_double_effect: 0 , already_activate_double_effect_times: 0
[2026-07-06 21:27:44] Marked situation: [0, 0, 0, 0, 0, 0, 0]
[2026-07-06 21:27:44] have_double_effect_times: 0 , is_activating_double_effect: 0 , already_activate_double_effect_times: 0
[2026-07-06 21:27:44] Sent map info: [[0.0, 0.0], [0.0, 0.0], [2.39681, 2.36], [2.39681, 2.36], [0.5, 14.5], [2.39681, 2.36], [0.0, 0.0], [0.0, 0.0], [0.0, 0.0], [0.0, 0.0], [27.5, 0.5], [0.0, 0.0]]
[2026-07-06 21:27:44] Sent map infos: [[0.0, 0.0], [0.0, 0.0], [2.39681, 2.36], [2.39681, 2.36], [0.5, 14.5], [2.39681, 2.36], [0.0, 0.0], [0.0, 0.0], [0.0, 0.0], [0.0, 0.0], [27.5, 0.5], [0.0, 0.0]]
[2026-07-06 21:27:44] Marked situation: [0, 0, 0, 0, 0, 0, 0]
[2026-07-06 21:27:44] have_double_effect_times: 0 , is_activating_double_effect: 0 , already_activate_double_effect_times: 0
[2026-07-06 21:27:44] Marked situation: [0, 0, 0, 0, 0, 0, 0]
[2026-07-06 21:27:44] have_double_effect_times: 0 , is_activating_double_effect: 0 , already_activate_double_effect_times: 0
[2026-07-06 21:27:44] Sent map info: [[0.0, 0.0], [0.0, 0.0], [2.39681, 2.36], [2.39681, 2.36], [0.5, 14.5], [2.39681, 2.36], [0.0, 0.0], [0.0, 0.0], [0.0, 0.0], [0.0, 0.0], [27.5, 0.5], [0.0, 0.0]]
[2026-07-06 21:27:44] Sent map infos: [[0.0, 0.0], [0.0, 0.0], [2.39681, 2.36], [2.39681, 2.36], [0.5, 14.5], [2.39681, 2.36], [0.0, 0.0], [0.0, 0.0], [0.0, 0.0], [0.0, 0.0], [27.5, 0.5], [0.0, 0.0]]
[2026-07-06 21:27:44] Marked situation: [0, 0, 0, 0, 0, 0, 0]
[2026-07-06 21:27:44] have_double_effect_times: 0 , is_activating_double_effect: 0 , already_activate_double_effect_times: 0
[2026-07-06 21:27:44] Marked situation: [0, 0, 0, 0, 0, 0, 0]
[2026-07-06 21:27:44] have_double_effect_times: 0 , is_activating_double_effect: 0 , already_activate_double_effect_times: 0
[2026-07-06 21:27:44] Sent map info: [[0.0, 0.0], [0.0, 0.0], [2.39681, 2.36], [2.39681, 2.36], [0.5, 14.5], [2.39681, 2.36], [0.0, 0.0], [0.0, 0.0], [0.0, 0.0], [0.0, 0.0], [27.5, 0.5], [0.0, 0.0]]
[2026-07-06 21:27:44] Sent map infos: [[0.0, 0.0], [0.0, 0.0], [2.39681, 2.36], [2.39681, 2.36], [0.5, 14.5], [2.39681, 2.36], [0.0, 0.0], [0.0, 0.0], [0.0, 0.0], [0.0, 0.0], [27.5, 0.5], [0.0, 0.0]]
[2026-07-06 21:27:45] Marked situation: [0, 0, 0, 0, 0, 0, 0]
[2026-07-06 21:27:45] have_double_effect_times: 0 , is_activating_double_effect: 0 , already_activate_double_effect_times: 0
[2026-07-06 21:27:45] Marked situation: [0, 0, 0, 0, 0, 0, 0]
[2026-07-06 21:27:45] have_double_effect_times: 0 , is_activating_double_effect: 0 , already_activate_double_effect_times: 0
[2026-07-06 21:27:45] Sent map info: [[0.0, 0.0], [0.0, 0.0], [2.39681, 2.36], [2.39681, 2.36], [0.5, 14.5], [2.39681, 2.36], [0.0, 0.0], [0.0, 0.0], [0.0, 0.0], [0.0, 0.0], [27.5, 0.5], [0.0, 0.0]]
[2026-07-06 21:27:45] Sent map infos: [[0.0, 0.0], [0.0, 0.0], [2.39681, 2.36], [2.39681, 2.36], [0.5, 14.5], [2.39681, 2.36], [0.0, 0.0], [0.0, 0.0], [0.0, 0.0], [0.0, 0.0], [27.5, 0.5], [0.0, 0.0]]
[2026-07-06 21:27:45] Marked situation: [0, 0, 0, 0, 0, 0, 0]
[2026-07-06 21:27:45] have_double_effect_times: 0 , is_activating_double_effect: 0 , already_activate_double_effect_times: 0
[2026-07-06 21:27:45] Marked situation: [0, 0, 0, 0, 0, 0, 0]
[2026-07-06 21:27:45] have_double_effect_times: 0 , is_activating_double_effect: 0 , already_activate_double_effect_times: 0
[2026-07-06 21:27:45] Sent map info: [[0.0, 0.0], [0.0, 0.0], [2.39681, 2.36], [2.39681, 2.36], [0.5, 14.5], [2.39681, 2.36], [0.0, 0.0], [0.0, 0.0], [0.0, 0.0], [0.0, 0.0], [27.5, 0.5], [0.0, 0.0]]
[2026-07-06 21:27:45] Sent map infos: [[0.0, 0.0], [0.0, 0.0], [2.39681, 2.36], [2.39681, 2.36], [0.5, 14.5], [2.39681, 2.36], [0.0, 0.0], [0.0, 0.0], [0.0, 0.0], [0.0, 0.0], [27.5, 0.5], [0.0, 0.0]]
[2026-07-06 21:27:45] Marked situation: [0, 0, 0, 0, 0, 0, 0]
[2026-07-06 21:27:45] have_double_effect_times: 0 , is_activating_double_effect: 0 , already_activate_double_effect_times: 0
[2026-07-06 21:27:46] Marked situation: [0, 0, 0, 0, 0, 0, 0]
[2026-07-06 21:27:46] have_double_effect_times: 0 , is_activating_double_effect: 0 , already_activate_double_effect_times: 0
[2026-07-06 21:27:46] Sent map info: [[0.0, 0.0], [0.0, 0.0], [2.39681, 2.36], [2.39681, 2.36], [0.5, 14.5], [2.39681, 2.36], [0.0, 0.0], [0.0, 0.0], [0.0, 0.0], [0.0, 0.0], [27.5, 0.5], [0.0, 0.0]]
[2026-07-06 21:27:46] Sent map infos: [[0.0, 0.0], [0.0, 0.0], [2.39681, 2.36], [2.39681, 2.36], [0.5, 14.5], [2.39681, 2.36], [0.0, 0.0], [0.0, 0.0], [0.0, 0.0], [0.0, 0.0], [27.5, 0.5], [0.0, 0.0]]
[2026-07-06 21:27:46] Marked situation: [0, 0, 0, 0, 0, 0, 0]
[2026-07-06 21:27:46] have_double_effect_times: 0 , is_activating_double_effect: 0 , already_activate_double_effect_times: 0
[2026-07-06 21:27:46] Marked situation: [0, 0, 0, 0, 0, 0, 0]
[2026-07-06 21:27:46] have_double_effect_times: 0 , is_activating_double_effect: 0 , already_activate_double_effect_times: 0
[2026-07-06 21:27:46] Sent map info: [[0.0, 0.0], [0.0, 0.0], [2.39681, 2.36], [2.39681, 2.36], [0.5, 14.5], [2.39681, 2.36], [0.0, 0.0], [0.0, 0.0], [0.0, 0.0], [0.0, 0.0], [27.5, 0.5], [0.0, 0.0]]
[2026-07-06 21:27:46] Sent map infos: [[0.0, 0.0], [0.0, 0.0], [2.39681, 2.36], [2.39681, 2.36], [0.5, 14.5], [2.39681, 2.36], [0.0, 0.0], [0.0, 0.0], [0.0, 0.0], [0.0, 0.0], [27.5, 0.5], [0.0, 0.0]]
[2026-07-06 21:27:46] Marked situation: [0, 0, 0, 0, 0, 0, 0]
[2026-07-06 21:27:46] have_double_effect_times: 0 , is_activating_double_effect: 0 , already_activate_double_effect_times: 0
[2026-07-06 21:27:46] Marked situation: [0, 0, 0, 0, 0, 0, 0]
[2026-07-06 21:27:46] have_double_effect_times: 0 , is_activating_double_effect: 0 , already_activate_double_effect_times: 0
[2026-07-06 21:27:46] Sent map info: [[0.0, 0.0], [0.0, 0.0], [2.39681, 2.36], [2.39681, 2.36], [0.5, 14.5], [2.39681, 2.36], [0.0, 0.0], [0.0, 0.0], [0.0, 0.0], [0.0, 0.0], [27.5, 0.5], [0.0, 0.0]]
[2026-07-06 21:27:46] Sent map infos: [[0.0, 0.0], [0.0, 0.0], [2.39681, 2.36], [2.39681, 2.36], [0.5, 14.5], [2.39681, 2.36], [0.0, 0.0], [0.0, 0.0], [0.0, 0.0], [0.0, 0.0], [27.5, 0.5], [0.0, 0.0]]
[2026-07-06 21:27:47] Marked situation: [0, 0, 0, 0, 0, 0, 0]
[2026-07-06 21:27:47] have_double_effect_times: 0 , is_activating_double_effect: 0 , already_activate_double_effect_times: 0
[2026-07-06 21:27:47] Marked situation: [0, 0, 0, 0, 0, 0, 0]
[2026-07-06 21:27:47] have_double_effect_times: 0 , is_activating_double_effect: 0 , already_activate_double_effect_times: 0
[2026-07-06 21:27:47] Sent map info: [[0.0, 0.0], [0.0, 0.0], [2.39681, 2.36], [2.39681, 2.36], [0.5, 14.5], [2.39681, 2.36], [0.0, 0.0], [0.0, 0.0], [0.0, 0.0], [0.0, 0.0], [27.5, 0.5], [0.0, 0.0]]
[2026-07-06 21:27:47] Sent map infos: [[0.0, 0.0], [0.0, 0.0], [2.39681, 2.36], [2.39681, 2.36], [0.5, 14.5], [2.39681, 2.36], [0.0, 0.0], [0.0, 0.0], [0.0, 0.0], [0.0, 0.0], [27.5, 0.5], [0.0, 0.0]]
[2026-07-06 21:27:47] Marked situation: [0, 0, 0, 0, 0, 0, 0]
[2026-07-06 21:27:47] have_double_effect_times: 0 , is_activating_double_effect: 0 , already_activate_double_effect_times: 0
[2026-07-06 21:27:47] Marked situation: [0, 0, 0, 0, 0, 0, 0]
[2026-07-06 21:27:47] have_double_effect_times: 0 , is_activating_double_effect: 0 , already_activate_double_effect_times: 0
[2026-07-06 21:27:47] Sent map info: [[0.0, 0.0], [0.0, 0.0], [2.39681, 2.36], [2.39681, 2.36], [0.5, 14.5], [2.39681, 2.36], [0.0, 0.0], [0.0, 0.0], [0.0, 0.0], [0.0, 0.0], [27.5, 0.5], [0.0, 0.0]]
[2026-07-06 21:27:47] Sent map infos: [[0.0, 0.0], [0.0, 0.0], [2.39681, 2.36], [2.39681, 2.36], [0.5, 14.5], [2.39681, 2.36], [0.0, 0.0], [0.0, 0.0], [0.0, 0.0], [0.0, 0.0], [27.5, 0.5], [0.0, 0.0]]
[2026-07-06 21:27:47] Marked situation: [0, 0, 0, 0, 0, 0, 0]
[2026-07-06 21:27:47] have_double_effect_times: 0 , is_activating_double_effect: 0 , already_activate_double_effect_times: 0
[2026-07-06 21:27:48] Marked situation: [0, 0, 0, 0, 0, 0, 0]
[2026-07-06 21:27:48] have_double_effect_times: 0 , is_activating_double_effect: 0 , already_activate_double_effect_times: 0
[2026-07-06 21:27:48] Sent map info: [[0.0, 0.0], [0.0, 0.0], [2.39681, 2.36], [2.39681, 2.36], [0.5, 14.5], [2.39681, 2.36], [0.0, 0.0], [0.0, 0.0], [0.0, 0.0], [0.0, 0.0], [27.5, 0.5], [0.0, 0.0]]
[2026-07-06 21:27:48] Sent map infos: [[0.0, 0.0], [0.0, 0.0], [2.39681, 2.36], [2.39681, 2.36], [0.5, 14.5], [2.39681, 2.36], [0.0, 0.0], [0.0, 0.0], [0.0, 0.0], [0.0, 0.0], [27.5, 0.5], [0.0, 0.0]]
[2026-07-06 21:27:48] Marked situation: [0, 0, 0, 0, 0, 0, 0]
[2026-07-06 21:27:48] have_double_effect_times: 0 , is_activating_double_effect: 0 , already_activate_double_effect_times: 0
[2026-07-06 21:27:48] Marked situation: [0, 0, 0, 0, 0, 0, 0]
[2026-07-06 21:27:48] have_double_effect_times: 0 , is_activating_double_effect: 0 , already_activate_double_effect_times: 0
[2026-07-06 21:27:48] Sent map info: [[0.0, 0.0], [0.0, 0.0], [2.39681, 2.36], [2.39681, 2.36], [0.5, 14.5], [2.39681, 2.36], [0.0, 0.0], [0.0, 0.0], [0.0, 0.0], [0.0, 0.0], [27.5, 0.5], [0.0, 0.0]]
[2026-07-06 21:27:48] Sent map infos: [[0.0, 0.0], [0.0, 0.0], [2.39681, 2.36], [2.39681, 2.36], [0.5, 14.5], [2.39681, 2.36], [0.0, 0.0], [0.0, 0.0], [0.0, 0.0], [0.0, 0.0], [27.5, 0.5], [0.0, 0.0]]
[2026-07-06 21:27:48] Marked situation: [0, 0, 0, 0, 0, 0, 0]
[2026-07-06 21:27:48] have_double_effect_times: 0 , is_activating_double_effect: 0 , already_activate_double_effect_times: 0
[2026-07-06 21:27:48] Marked situation: [0, 0, 0, 0, 0, 0, 0]
[2026-07-06 21:27:48] have_double_effect_times: 0 , is_activating_double_effect: 0 , already_activate_double_effect_times: 0
[2026-07-06 21:27:48] Sent map info: [[0.0, 0.0], [0.0, 0.0], [2.39681, 2.36], [2.39681, 2.36], [0.5, 14.5], [2.39681, 2.36], [0.0, 0.0], [0.0, 0.0], [0.0, 0.0], [0.0, 0.0], [27.5, 0.5], [0.0, 0.0]]
[2026-07-06 21:27:48] Sent map infos: [[0.0, 0.0], [0.0, 0.0], [2.39681, 2.36], [2.39681, 2.36], [0.5, 14.5], [2.39681, 2.36], [0.0, 0.0], [0.0, 0.0], [0.0, 0.0], [0.0, 0.0], [27.5, 0.5], [0.0, 0.0]]
[2026-07-06 21:27:49] Marked situation: [0, 0, 0, 0, 0, 0, 0]
[2026-07-06 21:27:49] have_double_effect_times: 0 , is_activating_double_effect: 0 , already_activate_double_effect_times: 0
[2026-07-06 21:27:49] Marked situation: [0, 0, 0, 0, 0, 0, 0]
[2026-07-06 21:27:49] have_double_effect_times: 0 , is_activating_double_effect: 0 , already_activate_double_effect_times: 0
[2026-07-06 21:27:49] Sent map info: [[0.0, 0.0], [0.0, 0.0], [2.39681, 2.36], [2.39681, 2.36], [0.5, 14.5], [2.39681, 2.36], [0.0, 0.0], [0.0, 0.0], [0.0, 0.0], [0.0, 0.0], [27.5, 0.5], [0.0, 0.0]]
[2026-07-06 21:27:49] Sent map infos: [[0.0, 0.0], [0.0, 0.0], [2.39681, 2.36], [2.39681, 2.36], [0.5, 14.5], [2.39681, 2.36], [0.0, 0.0], [0.0, 0.0], [0.0, 0.0], [0.0, 0.0], [27.5, 0.5], [0.0, 0.0]]
[2026-07-06 21:27:49] Marked situation: [0, 0, 0, 0, 0, 0, 0]
[2026-07-06 21:27:49] have_double_effect_times: 0 , is_activating_double_effect: 0 , already_activate_double_effect_times: 0
[2026-07-06 21:27:49] Marked situation: [0, 0, 0, 0, 0, 0, 0]
[2026-07-06 21:27:49] have_double_effect_times: 0 , is_activating_double_effect: 0 , already_activate_double_effect_times: 0
[2026-07-06 21:27:49] Sent map info: [[0.0, 0.0], [0.0, 0.0], [2.39681, 2.36], [2.39681, 2.36], [0.5, 14.5], [2.39681, 2.36], [0.0, 0.0], [0.0, 0.0], [0.0, 0.0], [0.0, 0.0], [27.5, 0.5], [0.0, 0.0]]
[2026-07-06 21:27:49] Sent map infos: [[0.0, 0.0], [0.0, 0.0], [2.39681, 2.36], [2.39681, 2.36], [0.5, 14.5], [2.39681, 2.36], [0.0, 0.0], [0.0, 0.0], [0.0, 0.0], [0.0, 0.0], [27.5, 0.5], [0.0, 0.0]]
[2026-07-06 21:27:49] Marked situation: [0, 0, 0, 0, 0, 0, 0]
[2026-07-06 21:27:49] have_double_effect_times: 0 , is_activating_double_effect: 0 , already_activate_double_effect_times: 0
[2026-07-06 21:27:50] Marked situation: [0, 0, 0, 0, 0, 0, 0]
[2026-07-06 21:27:50] have_double_effect_times: 0 , is_activating_double_effect: 0 , already_activate_double_effect_times: 0
[2026-07-06 21:27:50] Sent map info: [[0.0, 0.0], [0.0, 0.0], [2.39681, 2.36], [2.39681, 2.36], [0.5, 14.5], [2.39681, 2.36], [0.0, 0.0], [0.0, 0.0], [0.0, 0.0], [0.0, 0.0], [27.5, 0.5], [0.0, 0.0]]
[2026-07-06 21:27:50] Sent map infos: [[0.0, 0.0], [0.0, 0.0], [2.39681, 2.36], [2.39681, 2.36], [0.5, 14.5], [2.39681, 2.36], [0.0, 0.0], [0.0, 0.0], [0.0, 0.0], [0.0, 0.0], [27.5, 0.5], [0.0, 0.0]]
[2026-07-06 21:27:50] Marked situation: [0, 0, 0, 0, 0, 0, 0]
[2026-07-06 21:27:50] have_double_effect_times: 0 , is_activating_double_effect: 0 , already_activate_double_effect_times: 0
[2026-07-06 21:27:50] Marked situation: [0, 0, 0, 0, 0, 0, 0]
[2026-07-06 21:27:50] have_double_effect_times: 0 , is_activating_double_effect: 0 , already_activate_double_effect_times: 0
[2026-07-06 21:27:50] Sent map info: [[0.0, 0.0], [0.0, 0.0], [2.39681, 2.36], [2.39681, 2.36], [0.5, 14.5], [2.39681, 2.36], [0.0, 0.0], [0.0, 0.0], [0.0, 0.0], [0.0, 0.0], [27.5, 0.5], [0.0, 0.0]]
[2026-07-06 21:27:50] Sent map infos: [[0.0, 0.0], [0.0, 0.0], [2.39681, 2.36], [2.39681, 2.36], [0.5, 14.5], [2.39681, 2.36], [0.0, 0.0], [0.0, 0.0], [0.0, 0.0], [0.0, 0.0], [27.5, 0.5], [0.0, 0.0]]
[2026-07-06 21:27:50] Marked situation: [0, 0, 0, 0, 0, 0, 0]
[2026-07-06 21:27:50] have_double_effect_times: 0 , is_activating_double_effect: 0 , already_activate_double_effect_times: 0
[2026-07-06 21:27:50] Marked situation: [0, 0, 0, 0, 0, 0, 0]
[2026-07-06 21:27:50] have_double_effect_times: 0 , is_activating_double_effect: 0 , already_activate_double_effect_times: 0
[2026-07-06 21:27:50] Sent map info: [[0.0, 0.0], [0.0, 0.0], [2.39681, 2.36], [2.39681, 2.36], [0.5, 14.5], [2.39681, 2.36], [0.0, 0.0], [0.0, 0.0], [0.0, 0.0], [0.0, 0.0], [27.5, 0.5], [0.0, 0.0]]
[2026-07-06 21:27:50] Sent map infos: [[0.0, 0.0], [0.0, 0.0], [2.39681, 2.36], [2.39681, 2.36], [0.5, 14.5], [2.39681, 2.36], [0.0, 0.0], [0.0, 0.0], [0.0, 0.0], [0.0, 0.0], [27.5, 0.5], [0.0, 0.0]]
[2026-07-06 21:27:51] Marked situation: [0, 0, 0, 0, 0, 0, 0]
[2026-07-06 21:27:51] have_double_effect_times: 0 , is_activating_double_effect: 0 , already_activate_double_effect_times: 0
[2026-07-06 21:27:51] Marked situation: [0, 0, 0, 0, 0, 0, 0]
[2026-07-06 21:27:51] have_double_effect_times: 0 , is_activating_double_effect: 0 , already_activate_double_effect_times: 0
[2026-07-06 21:27:51] Sent map info: [[0.0, 0.0], [0.0, 0.0], [2.39681, 2.36], [2.39681, 2.36], [0.5, 14.5], [2.39681, 2.36], [0.0, 0.0], [0.0, 0.0], [0.0, 0.0], [0.0, 0.0], [27.5, 0.5], [0.0, 0.0]]
[2026-07-06 21:27:51] Sent map infos: [[0.0, 0.0], [0.0, 0.0], [2.39681, 2.36], [2.39681, 2.36], [0.5, 14.5], [2.39681, 2.36], [0.0, 0.0], [0.0, 0.0], [0.0, 0.0], [0.0, 0.0], [27.5, 0.5], [0.0, 0.0]]
[2026-07-06 21:27:51] Marked situation: [0, 0, 0, 0, 0, 0, 0]
[2026-07-06 21:27:51] have_double_effect_times: 0 , is_activating_double_effect: 0 , already_activate_double_effect_times: 0
[2026-07-06 21:27:51] Marked situation: [0, 0, 0, 0, 0, 0, 0]
[2026-07-06 21:27:51] have_double_effect_times: 0 , is_activating_double_effect: 0 , already_activate_double_effect_times: 0
[2026-07-06 21:27:51] Sent map info: [[0.0, 0.0], [0.0, 0.0], [2.39681, 2.36], [2.39681, 2.36], [0.5, 14.5], [2.39681, 2.36], [0.0, 0.0], [0.0, 0.0], [0.0, 0.0], [0.0, 0.0], [27.5, 0.5], [0.0, 0.0]]
[2026-07-06 21:27:51] Sent map infos: [[0.0, 0.0], [0.0, 0.0], [2.39681, 2.36], [2.39681, 2.36], [0.5, 14.5], [2.39681, 2.36], [0.0, 0.0], [0.0, 0.0], [0.0, 0.0], [0.0, 0.0], [27.5, 0.5], [0.0, 0.0]]
[2026-07-06 21:27:51] Marked situation: [0, 0, 0, 0, 0, 0, 0]
[2026-07-06 21:27:51] have_double_effect_times: 0 , is_activating_double_effect: 0 , already_activate_double_effect_times: 0
[2026-07-06 21:27:52] Marked situation: [0, 0, 0, 0, 0, 0, 0]
[2026-07-06 21:27:52] have_double_effect_times: 0 , is_activating_double_effect: 0 , already_activate_double_effect_times: 0
[2026-07-06 21:27:52] Sent map info: [[0.0, 0.0], [0.0, 0.0], [2.39681, 2.36], [2.39681, 2.36], [0.5, 14.5], [2.39681, 2.36], [0.0, 0.0], [0.0, 0.0], [0.0, 0.0], [0.0, 0.0], [27.5, 0.5], [0.0, 0.0]]
[2026-07-06 21:27:52] Sent map infos: [[0.0, 0.0], [0.0, 0.0], [2.39681, 2.36], [2.39681, 2.36], [0.5, 14.5], [2.39681, 2.36], [0.0, 0.0], [0.0, 0.0], [0.0, 0.0], [0.0, 0.0], [27.5, 0.5], [0.0, 0.0]]
[2026-07-06 21:27:52] Marked situation: [0, 0, 0, 0, 0, 0, 0]
[2026-07-06 21:27:52] have_double_effect_times: 0 , is_activating_double_effect: 0 , already_activate_double_effect_times: 0
[2026-07-06 21:27:52] Marked situation: [0, 0, 0, 0, 0, 0, 0]
[2026-07-06 21:27:52] have_double_effect_times: 0 , is_activating_double_effect: 0 , already_activate_double_effect_times: 0
[2026-07-06 21:27:52] Sent map info: [[0.0, 0.0], [0.0, 0.0], [2.39681, 2.36], [2.39681, 2.36], [0.5, 14.5], [2.39681, 2.36], [0.0, 0.0], [0.0, 0.0], [0.0, 0.0], [0.0, 0.0], [27.5, 0.5], [0.0, 0.0]]
[2026-07-06 21:27:52] Sent map infos: [[0.0, 0.0], [0.0, 0.0], [2.39681, 2.36], [2.39681, 2.36], [0.5, 14.5], [2.39681, 2.36], [0.0, 0.0], [0.0, 0.0], [0.0, 0.0], [0.0, 0.0], [27.5, 0.5], [0.0, 0.0]]
[2026-07-06 21:27:52] Marked situation: [0, 0, 0, 0, 0, 0, 0]
[2026-07-06 21:27:52] have_double_effect_times: 0 , is_activating_double_effect: 0 , already_activate_double_effect_times: 0
[2026-07-06 21:27:52] Marked situation: [0, 0, 0, 0, 0, 0, 0]
[2026-07-06 21:27:52] have_double_effect_times: 0 , is_activating_double_effect: 0 , already_activate_double_effect_times: 0
[2026-07-06 21:27:52] Sent map info: [[0.0, 0.0], [0.0, 0.0], [2.39681, 2.36], [2.39681, 2.36], [0.5, 14.5], [2.39681, 2.36], [0.0, 0.0], [0.0, 0.0], [0.0, 0.0], [0.0, 0.0], [27.5, 0.5], [0.0, 0.0]]
[2026-07-06 21:27:52] Sent map infos: [[0.0, 0.0], [0.0, 0.0], [2.39681, 2.36], [2.39681, 2.36], [0.5, 14.5], [2.39681, 2.36], [0.0, 0.0], [0.0, 0.0], [0.0, 0.0], [0.0, 0.0], [27.5, 0.5], [0.0, 0.0]]
[2026-07-06 21:27:53] Marked situation: [0, 0, 0, 0, 0, 0, 0]
[2026-07-06 21:27:53] have_double_effect_times: 0 , is_activating_double_effect: 0 , already_activate_double_effect_times: 0
[2026-07-06 21:27:53] Marked situation: [0, 0, 0, 0, 0, 0, 0]
[2026-07-06 21:27:53] have_double_effect_times: 0 , is_activating_double_effect: 0 , already_activate_double_effect_times: 0
[2026-07-06 21:27:53] Sent map info: [[0.0, 0.0], [0.0, 0.0], [2.39681, 2.36], [2.39681, 2.36], [0.5, 14.5], [2.39681, 2.36], [0.0, 0.0], [0.0, 0.0], [0.0, 0.0], [0.0, 0.0], [27.5, 0.5], [0.0, 0.0]]
[2026-07-06 21:27:53] Sent map infos: [[0.0, 0.0], [0.0, 0.0], [2.39681, 2.36], [2.39681, 2.36], [0.5, 14.5], [2.39681, 2.36], [0.0, 0.0], [0.0, 0.0], [0.0, 0.0], [0.0, 0.0], [27.5, 0.5], [0.0, 0.0]]
[2026-07-06 21:27:53] Marked situation: [0, 0, 0, 0, 0, 0, 0]
[2026-07-06 21:27:53] have_double_effect_times: 0 , is_activating_double_effect: 0 , already_activate_double_effect_times: 0
[2026-07-06 21:27:53] Marked situation: [0, 0, 0, 0, 0, 0, 0]
[2026-07-06 21:27:53] have_double_effect_times: 0 , is_activating_double_effect: 0 , already_activate_double_effect_times: 0
[2026-07-06 21:27:53] Sent map info: [[0.0, 0.0], [0.0, 0.0], [2.39681, 2.36], [2.39681, 2.36], [0.5, 14.5], [2.39681, 2.36], [0.0, 0.0], [0.0, 0.0], [0.0, 0.0], [0.0, 0.0], [27.5, 0.5], [0.0, 0.0]]
[2026-07-06 21:27:53] Sent map infos: [[0.0, 0.0], [0.0, 0.0], [2.39681, 2.36], [2.39681, 2.36], [0.5, 14.5], [2.39681, 2.36], [0.0, 0.0], [0.0, 0.0], [0.0, 0.0], [0.0, 0.0], [27.5, 0.5], [0.0, 0.0]]
[2026-07-06 21:27:53] Marked situation: [0, 0, 0, 0, 0, 0, 0]
[2026-07-06 21:27:53] have_double_effect_times: 0 , is_activating_double_effect: 0 , already_activate_double_effect_times: 0
[2026-07-06 21:27:54] Marked situation: [0, 0, 0, 0, 0, 0, 0]
[2026-07-06 21:27:54] have_double_effect_times: 0 , is_activating_double_effect: 0 , already_activate_double_effect_times: 0
[2026-07-06 21:27:54] Sent map info: [[0.0, 0.0], [0.0, 0.0], [2.39681, 2.36], [2.39681, 2.36], [0.5, 14.5], [2.39681, 2.36], [0.0, 0.0], [0.0, 0.0], [0.0, 0.0], [0.0, 0.0], [27.5, 0.5], [0.0, 0.0]]
[2026-07-06 21:27:54] Sent map infos: [[0.0, 0.0], [0.0, 0.0], [2.39681, 2.36], [2.39681, 2.36], [0.5, 14.5], [2.39681, 2.36], [0.0, 0.0], [0.0, 0.0], [0.0, 0.0], [0.0, 0.0], [27.5, 0.5], [0.0, 0.0]]
[2026-07-06 21:27:54] Marked situation: [0, 0, 0, 0, 0, 0, 0]
[2026-07-06 21:27:54] have_double_effect_times: 0 , is_activating_double_effect: 0 , already_activate_double_effect_times: 0
[2026-07-06 21:27:54] Marked situation: [0, 0, 0, 0, 0, 0, 0]
[2026-07-06 21:27:54] have_double_effect_times: 0 , is_activating_double_effect: 0 , already_activate_double_effect_times: 0
[2026-07-06 21:27:54] Sent map info: [[0.0, 0.0], [0.0, 0.0], [2.39681, 2.36], [2.39681, 2.36], [0.5, 14.5], [2.39681, 2.36], [0.0, 0.0], [0.0, 0.0], [0.0, 0.0], [0.0, 0.0], [27.5, 0.5], [0.0, 0.0]]
[2026-07-06 21:27:54] Sent map infos: [[0.0, 0.0], [0.0, 0.0], [2.39681, 2.36], [2.39681, 2.36], [0.5, 14.5], [2.39681, 2.36], [0.0, 0.0], [0.0, 0.0], [0.0, 0.0], [0.0, 0.0], [27.5, 0.5], [0.0, 0.0]]
[2026-07-06 21:27:54] Marked situation: [0, 0, 0, 0, 0, 0, 0]
[2026-07-06 21:27:54] have_double_effect_times: 0 , is_activating_double_effect: 0 , already_activate_double_effect_times: 0
[2026-07-06 21:27:54] Marked situation: [0, 0, 0, 0, 0, 0, 0]
[2026-07-06 21:27:54] have_double_effect_times: 0 , is_activating_double_effect: 0 , already_activate_double_effect_times: 0
[2026-07-06 21:27:54] Sent map info: [[0.0, 0.0], [0.0, 0.0], [2.39681, 2.36], [2.39681, 2.36], [0.5, 14.5], [2.39681, 2.36], [0.0, 0.0], [0.0, 0.0], [0.0, 0.0], [0.0, 0.0], [27.5, 0.5], [0.0, 0.0]]
[2026-07-06 21:27:54] Sent map infos: [[0.0, 0.0], [0.0, 0.0], [2.39681, 2.36], [2.39681, 2.36], [0.5, 14.5], [2.39681, 2.36], [0.0, 0.0], [0.0, 0.0], [0.0, 0.0], [0.0, 0.0], [27.5, 0.5], [0.0, 0.0]]
[2026-07-06 21:27:55] Marked situation: [0, 0, 0, 0, 0, 0, 0]
[2026-07-06 21:27:55] have_double_effect_times: 0 , is_activating_double_effect: 0 , already_activate_double_effect_times: 0
[2026-07-06 21:27:55] Marked situation: [0, 0, 0, 0, 0, 0, 0]
[2026-07-06 21:27:55] have_double_effect_times: 0 , is_activating_double_effect: 0 , already_activate_double_effect_times: 0
[2026-07-06 21:27:55] Sent map info: [[0.0, 0.0], [0.0, 0.0], [2.39681, 2.36], [2.39681, 2.36], [0.5, 14.5], [2.39681, 2.36], [0.0, 0.0], [0.0, 0.0], [0.0, 0.0], [0.0, 0.0], [27.5, 0.5], [0.0, 0.0]]
[2026-07-06 21:27:55] Sent map infos: [[0.0, 0.0], [0.0, 0.0], [2.39681, 2.36], [2.39681, 2.36], [0.5, 14.5], [2.39681, 2.36], [0.0, 0.0], [0.0, 0.0], [0.0, 0.0], [0.0, 0.0], [27.5, 0.5], [0.0, 0.0]]
[2026-07-06 21:27:55] Marked situation: [0, 0, 0, 0, 0, 0, 0]
[2026-07-06 21:27:55] have_double_effect_times: 0 , is_activating_double_effect: 0 , already_activate_double_effect_times: 0
[2026-07-06 21:27:55] Marked situation: [0, 0, 0, 0, 0, 0, 0]
[2026-07-06 21:27:55] have_double_effect_times: 0 , is_activating_double_effect: 0 , already_activate_double_effect_times: 0
[2026-07-06 21:27:55] Sent map info: [[0.0, 0.0], [0.0, 0.0], [2.39681, 2.36], [2.39681, 2.36], [0.5, 14.5], [2.39681, 2.36], [0.0, 0.0], [0.0, 0.0], [0.0, 0.0], [0.0, 0.0], [27.5, 0.5], [0.0, 0.0]]
[2026-07-06 21:27:55] Sent map infos: [[0.0, 0.0], [0.0, 0.0], [2.39681, 2.36], [2.39681, 2.36], [0.5, 14.5], [2.39681, 2.36], [0.0, 0.0], [0.0, 0.0], [0.0, 0.0], [0.0, 0.0], [27.5, 0.5], [0.0, 0.0]]
[2026-07-06 21:27:55] Marked situation: [0, 0, 0, 0, 0, 0, 0]
[2026-07-06 21:27:55] have_double_effect_times: 0 , is_activating_double_effect: 0 , already_activate_double_effect_times: 0
[2026-07-06 21:27:56] Marked situation: [0, 0, 0, 0, 0, 0, 0]
[2026-07-06 21:27:56] have_double_effect_times: 0 , is_activating_double_effect: 0 , already_activate_double_effect_times: 0
[2026-07-06 21:27:56] Sent map info: [[0.0, 0.0], [0.0, 0.0], [2.39681, 2.36], [2.39681, 2.36], [0.5, 14.5], [2.39681, 2.36], [0.0, 0.0], [0.0, 0.0], [0.0, 0.0], [0.0, 0.0], [27.5, 0.5], [0.0, 0.0]]
[2026-07-06 21:27:56] Sent map infos: [[0.0, 0.0], [0.0, 0.0], [2.39681, 2.36], [2.39681, 2.36], [0.5, 14.5], [2.39681, 2.36], [0.0, 0.0], [0.0, 0.0], [0.0, 0.0], [0.0, 0.0], [27.5, 0.5], [0.0, 0.0]]
[2026-07-06 21:27:56] Marked situation: [0, 0, 0, 0, 0, 0, 0]
[2026-07-06 21:27:56] have_double_effect_times: 0 , is_activating_double_effect: 0 , already_activate_double_effect_times: 0
