[2026-07-07 15:26:09] [ROS] 节点已初始化: /radar_vision_main_325280_1783409169296
[2026-07-07 15:26:09] [ROS] 已订阅 /drone_field_xyz
[2026-07-07 15:26:09] [ROS] 已订阅 /radar/enemy/jam_key
[2026-07-07 15:26:09] [ROS] 已订阅 /radar/enemy/health_array
[2026-07-07 15:26:21] Messager start
[2026-07-07 15:26:21] Marked situation: [0, 0, 0, 0, 0, 0, 0]
[2026-07-07 15:26:21] have_double_effect_times: 0 , is_activating_double_effect: 0 , already_activate_double_effect_times: 0
[2026-07-07 15:26:21] Sent map info: [[0.0, 0.0], [0.0, 0.0], [2.39681, 2.36], [2.39681, 2.36], [0.5, 14.5], [2.39681, 2.36], [0.0, 0.0], [0.0, 0.0], [0.0, 0.0], [0.0, 0.0], [27.5, 0.5], [0.0, 0.0]]
[2026-07-07 15:26:21] Sent map infos: [[0.0, 0.0], [0.0, 0.0], [2.39681, 2.36], [2.39681, 2.36], [0.5, 14.5], [2.39681, 2.36], [0.0, 0.0], [0.0, 0.0], [0.0, 0.0], [0.0, 0.0], [27.5, 0.5], [0.0, 0.0]]
[2026-07-07 15:26:21] update time left375
[2026-07-07 15:26:21] Marked situation: [0, 0, 0, 0, 0, 0, 0]
[2026-07-07 15:26:21] have_double_effect_times: 0 , is_activating_double_effect: 0 , already_activate_double_effect_times: 0
[2026-07-07 15:26:22] update time left374
[2026-07-07 15:26:22] Marked situation: [0, 0, 0, 0, 0, 0, 0]
[2026-07-07 15:26:22] have_double_effect_times: 0 , is_activating_double_effect: 0 , already_activate_double_effect_times: 0
[2026-07-07 15:26:22] Sent map info: [[0.0, 0.0], [0.0, 0.0], [2.39681, 2.36], [2.39681, 2.36], [0.5, 14.5], [2.39681, 2.36], [0.0, 0.0], [0.0, 0.0], [0.0, 0.0], [0.0, 0.0], [27.5, 0.5], [0.0, 0.0]]
[2026-07-07 15:26:22] Sent map infos: [[0.0, 0.0], [0.0, 0.0], [2.39681, 2.36], [2.39681, 2.36], [0.5, 14.5], [2.39681, 2.36], [0.0, 0.0], [0.0, 0.0], [0.0, 0.0], [0.0, 0.0], [27.5, 0.5], [0.0, 0.0]]
[2026-07-07 15:26:22] Marked situation: [0, 0, 0, 0, 0, 0, 0]
[2026-07-07 15:26:22] have_double_effect_times: 0 , is_activating_double_effect: 0 , already_activate_double_effect_times: 0
[2026-07-07 15:26:22] Marked situation: [0, 0, 0, 0, 0, 0, 0]
[2026-07-07 15:26:22] have_double_effect_times: 0 , is_activating_double_effect: 0 , already_activate_double_effect_times: 0
[2026-07-07 15:26:22] Sent map info: [[0.0, 0.0], [0.0, 0.0], [2.39681, 2.36], [2.39681, 2.36], [0.5, 14.5], [2.39681, 2.36], [0.0, 0.0], [0.0, 0.0], [0.0, 0.0], [0.0, 0.0], [27.5, 0.5], [0.0, 0.0]]
[2026-07-07 15:26:22] Sent map infos: [[0.0, 0.0], [0.0, 0.0], [2.39681, 2.36], [2.39681, 2.36], [0.5, 14.5], [2.39681, 2.36], [0.0, 0.0], [0.0, 0.0], [0.0, 0.0], [0.0, 0.0], [27.5, 0.5], [0.0, 0.0]]
[2026-07-07 15:26:22] Marked situation: [0, 0, 0, 0, 0, 0, 0]
[2026-07-07 15:26:22] have_double_effect_times: 0 , is_activating_double_effect: 0 , already_activate_double_effect_times: 0
[2026-07-07 15:26:22] Marked situation: [0, 0, 0, 0, 0, 0, 0]
[2026-07-07 15:26:22] have_double_effect_times: 0 , is_activating_double_effect: 0 , already_activate_double_effect_times: 0
[2026-07-07 15:26:22] Sent map info: [[0.0, 0.0], [0.0, 0.0], [2.39681, 2.36], [2.39681, 2.36], [0.5, 14.5], [2.39681, 2.36], [0.0, 0.0], [0.0, 0.0], [0.0, 0.0], [0.0, 0.0], [27.5, 0.5], [0.0, 0.0]]
[2026-07-07 15:26:22] Sent map infos: [[0.0, 0.0], [0.0, 0.0], [2.39681, 2.36], [2.39681, 2.36], [0.5, 14.5], [2.39681, 2.36], [0.0, 0.0], [0.0, 0.0], [0.0, 0.0], [0.0, 0.0], [27.5, 0.5], [0.0, 0.0]]
[2026-07-07 15:26:23] update time left373
[2026-07-07 15:26:23] Marked situation: [0, 0, 0, 0, 0, 0, 0]
[2026-07-07 15:26:23] have_double_effect_times: 0 , is_activating_double_effect: 0 , already_activate_double_effect_times: 0
[2026-07-07 15:26:23] Marked situation: [0, 0, 0, 0, 0, 0, 0]
[2026-07-07 15:26:23] have_double_effect_times: 0 , is_activating_double_effect: 0 , already_activate_double_effect_times: 0
[2026-07-07 15:26:23] Sent map info: [[0.0, 0.0], [0.0, 0.0], [2.39681, 2.36], [2.39681, 2.36], [0.5, 14.5], [2.39681, 2.36], [0.0, 0.0], [0.0, 0.0], [0.0, 0.0], [0.0, 0.0], [27.5, 0.5], [0.0, 0.0]]
[2026-07-07 15:26:23] Sent map infos: [[0.0, 0.0], [0.0, 0.0], [2.39681, 2.36], [2.39681, 2.36], [0.5, 14.5], [2.39681, 2.36], [0.0, 0.0], [0.0, 0.0], [0.0, 0.0], [0.0, 0.0], [27.5, 0.5], [0.0, 0.0]]
[2026-07-07 15:26:23] Marked situation: [0, 0, 0, 0, 0, 0, 0]
[2026-07-07 15:26:23] have_double_effect_times: 0 , is_activating_double_effect: 0 , already_activate_double_effect_times: 0
[2026-07-07 15:26:23] Marked situation: [0, 0, 0, 0, 0, 0, 0]
[2026-07-07 15:26:23] have_double_effect_times: 0 , is_activating_double_effect: 0 , already_activate_double_effect_times: 0
[2026-07-07 15:26:23] Sent map info: [[0.0, 0.0], [0.0, 0.0], [2.39681, 2.36], [2.39681, 2.36], [0.5, 14.5], [2.39681, 2.36], [0.0, 0.0], [0.0, 0.0], [0.0, 0.0], [0.0, 0.0], [27.5, 0.5], [0.0, 0.0]]
[2026-07-07 15:26:23] Sent map infos: [[0.0, 0.0], [0.0, 0.0], [2.39681, 2.36], [2.39681, 2.36], [0.5, 14.5], [2.39681, 2.36], [0.0, 0.0], [0.0, 0.0], [0.0, 0.0], [0.0, 0.0], [27.5, 0.5], [0.0, 0.0]]
[2026-07-07 15:26:23] Marked situation: [0, 0, 0, 0, 0, 0, 0]
[2026-07-07 15:26:23] have_double_effect_times: 0 , is_activating_double_effect: 0 , already_activate_double_effect_times: 0
[2026-07-07 15:26:24] update time left372
[2026-07-07 15:26:24] Marked situation: [0, 0, 0, 0, 0, 0, 0]
[2026-07-07 15:26:24] have_double_effect_times: 0 , is_activating_double_effect: 0 , already_activate_double_effect_times: 0
[2026-07-07 15:26:24] Sent map info: [[0.0, 0.0], [8.198535919189453, 6.098303318023682], [2.39681, 2.36], [2.39681, 2.36], [0.5, 14.5], [7.306438446044922, 5.019903659820557], [0.0, 0.0], [10.99374008178711, 10.494935035705566], [10.998044967651367, 10.490151405334473], [16.739985466003418, 6.588184833526611], [27.5, 0.5], [0.0, 0.0]]
[2026-07-07 15:26:24] Sent map infos: [[0.0, 0.0], [8.198535919189453, 6.098303318023682], [2.39681, 2.36], [2.39681, 2.36], [0.5, 14.5], [7.306438446044922, 5.019903659820557], [0.0, 0.0], [10.99374008178711, 10.494935035705566], [10.998044967651367, 10.490151405334473], [16.739985466003418, 6.588184833526611], [27.5, 0.5], [0.0, 0.0]]
[2026-07-07 15:26:24] Marked situation: [0, 0, 0, 0, 0, 0, 0]
[2026-07-07 15:26:24] have_double_effect_times: 0 , is_activating_double_effect: 0 , already_activate_double_effect_times: 0
[2026-07-07 15:26:24] Marked situation: [0, 0, 0, 0, 0, 0, 0]
[2026-07-07 15:26:24] have_double_effect_times: 0 , is_activating_double_effect: 0 , already_activate_double_effect_times: 0
[2026-07-07 15:26:24] Sent map info: [[0.0, 0.0], [8.209257125854492, 6.12441873550415], [2.39681, 2.36], [2.39681, 2.36], [0.5, 14.5], [7.223896026611328, 5.023048400878906], [0.0, 0.0], [10.691524505615234, 10.50394344329834], [10.796152114868164, 10.468533515930176], [16.78112506866455, 6.545673370361328], [27.5, 0.5], [0.0, 0.0]]
[2026-07-07 15:26:24] Sent map infos: [[0.0, 0.0], [8.209257125854492, 6.12441873550415], [2.39681, 2.36], [2.39681, 2.36], [0.5, 14.5], [7.223896026611328, 5.023048400878906], [0.0, 0.0], [10.691524505615234, 10.50394344329834], [10.796152114868164, 10.468533515930176], [16.78112506866455, 6.545673370361328], [27.5, 0.5], [0.0, 0.0]]
[2026-07-07 15:26:24] Marked situation: [0, 0, 0, 0, 0, 0, 0]
[2026-07-07 15:26:24] have_double_effect_times: 0 , is_activating_double_effect: 0 , already_activate_double_effect_times: 0
[2026-07-07 15:26:24] update time left371
[2026-07-07 15:26:24] Marked situation: [0, 0, 0, 0, 0, 0, 0]
[2026-07-07 15:26:24] have_double_effect_times: 0 , is_activating_double_effect: 0 , already_activate_double_effect_times: 0
[2026-07-07 15:26:24] Sent map info: [[0.0, 0.0], [8.579744338989258, 5.9300408363342285], [2.39681, 2.36], [2.39681, 2.36], [0.5, 14.5], [7.248071670532227, 5.027078628540039], [0.0, 0.0], [10.531578063964844, 10.643013000488281], [10.796152114868164, 10.468533515930176], [16.740578651428223, 6.58757209777832], [27.5, 0.5], [0.0, 0.0]]
[2026-07-07 15:26:24] Sent map infos: [[0.0, 0.0], [8.579744338989258, 5.9300408363342285], [2.39681, 2.36], [2.39681, 2.36], [0.5, 14.5], [7.248071670532227, 5.027078628540039], [0.0, 0.0], [10.531578063964844, 10.643013000488281], [10.796152114868164, 10.468533515930176], [16.740578651428223, 6.58757209777832], [27.5, 0.5], [0.0, 0.0]]
[2026-07-07 15:26:25] Marked situation: [0, 0, 0, 0, 0, 0, 0]
[2026-07-07 15:26:25] have_double_effect_times: 0 , is_activating_double_effect: 0 , already_activate_double_effect_times: 0
[2026-07-07 15:26:25] Marked situation: [0, 0, 0, 0, 0, 0, 0]
[2026-07-07 15:26:25] have_double_effect_times: 0 , is_activating_double_effect: 0 , already_activate_double_effect_times: 0
[2026-07-07 15:26:25] Sent map info: [[0.0, 0.0], [8.712310791015625, 5.9525146484375], [2.39681, 2.36], [2.39681, 2.36], [0.5, 14.5], [7.224712371826172, 5.021787166595459], [0.0, 0.0], [10.569463729858398, 10.681890487670898], [10.796152114868164, 10.468533515930176], [16.77549934387207, 6.649230480194092], [27.5, 0.5], [13.394314765930176, 7.14848518371582]]
[2026-07-07 15:26:25] Sent map infos: [[0.0, 0.0], [8.712310791015625, 5.9525146484375], [2.39681, 2.36], [2.39681, 2.36], [0.5, 14.5], [7.224712371826172, 5.021787166595459], [0.0, 0.0], [10.569463729858398, 10.681890487670898], [10.796152114868164, 10.468533515930176], [16.77549934387207, 6.649230480194092], [27.5, 0.5], [13.394314765930176, 7.14848518371582]]
[2026-07-07 15:26:25] Marked situation: [0, 0, 0, 0, 0, 0, 0]
[2026-07-07 15:26:25] have_double_effect_times: 0 , is_activating_double_effect: 0 , already_activate_double_effect_times: 0
[2026-07-07 15:26:25] Marked situation: [0, 0, 0, 0, 0, 0, 0]
[2026-07-07 15:26:25] have_double_effect_times: 0 , is_activating_double_effect: 0 , already_activate_double_effect_times: 0
[2026-07-07 15:26:25] Sent map info: [[0.0, 0.0], [8.762569427490234, 5.965864181518555], [2.39681, 2.36], [2.39681, 2.36], [0.5, 14.5], [7.24681282043457, 5.029021263122559], [0.0, 0.0], [10.609092712402344, 10.637409210205078], [10.731803894042969, 10.540657997131348], [16.766350746154785, 6.609812259674072], [27.5, 0.5], [13.354137420654297, 7.1486968994140625]]
[2026-07-07 15:26:25] Sent map infos: [[0.0, 0.0], [8.762569427490234, 5.965864181518555], [2.39681, 2.36], [2.39681, 2.36], [0.5, 14.5], [7.24681282043457, 5.029021263122559], [0.0, 0.0], [10.609092712402344, 10.637409210205078], [10.731803894042969, 10.540657997131348], [16.766350746154785, 6.609812259674072], [27.5, 0.5], [13.354137420654297, 7.1486968994140625]]
[2026-07-07 15:26:25] Marked situation: [0, 0, 0, 0, 0, 0, 0]
[2026-07-07 15:26:25] have_double_effect_times: 0 , is_activating_double_effect: 0 , already_activate_double_effect_times: 0
[2026-07-07 15:26:26] update time left370
[2026-07-07 15:26:26] Marked situation: [0, 0, 0, 0, 0, 0, 0]
[2026-07-07 15:26:26] have_double_effect_times: 0 , is_activating_double_effect: 0 , already_activate_double_effect_times: 0
[2026-07-07 15:26:26] Sent map info: [[0.0, 0.0], [8.263011932373047, 6.1305251121521], [2.39681, 2.36], [2.39681, 2.36], [0.5, 14.5], [7.264699935913086, 5.00141716003418], [0.0, 0.0], [10.751739501953125, 10.436260223388672], [10.827892303466797, 10.391823768615723], [16.858471870422363, 6.465746879577637], [27.5, 0.5], [13.29970932006836, 7.165231227874756]]
[2026-07-07 15:26:26] Sent map infos: [[0.0, 0.0], [8.263011932373047, 6.1305251121521], [2.39681, 2.36], [2.39681, 2.36], [0.5, 14.5], [7.264699935913086, 5.00141716003418], [0.0, 0.0], [10.751739501953125, 10.436260223388672], [10.827892303466797, 10.391823768615723], [16.858471870422363, 6.465746879577637], [27.5, 0.5], [13.29970932006836, 7.165231227874756]]
[2026-07-07 15:26:26] Marked situation: [0, 0, 0, 0, 0, 0, 0]
[2026-07-07 15:26:26] have_double_effect_times: 0 , is_activating_double_effect: 0 , already_activate_double_effect_times: 0
[2026-07-07 15:26:26] Marked situation: [0, 0, 0, 0, 0, 0, 0]
[2026-07-07 15:26:26] have_double_effect_times: 0 , is_activating_double_effect: 0 , already_activate_double_effect_times: 0
[2026-07-07 15:26:26] Sent map info: [[0.0, 0.0], [8.444740295410156, 6.079779624938965], [2.39681, 2.36], [2.39681, 2.36], [0.5, 14.5], [7.221805572509766, 5.026278495788574], [0.0, 0.0], [10.751739501953125, 10.436260223388672], [10.746971130371094, 10.277244567871094], [16.891427040100098, 6.333477020263672], [27.5, 0.5], [13.274543762207031, 7.284446716308594]]
[2026-07-07 15:26:26] Sent map infos: [[0.0, 0.0], [8.444740295410156, 6.079779624938965], [2.39681, 2.36], [2.39681, 2.36], [0.5, 14.5], [7.221805572509766, 5.026278495788574], [0.0, 0.0], [10.751739501953125, 10.436260223388672], [10.746971130371094, 10.277244567871094], [16.891427040100098, 6.333477020263672], [27.5, 0.5], [13.274543762207031, 7.284446716308594]]
[2026-07-07 15:26:26] Marked situation: [0, 0, 0, 0, 0, 0, 0]
[2026-07-07 15:26:26] have_double_effect_times: 0 , is_activating_double_effect: 0 , already_activate_double_effect_times: 0
[2026-07-07 15:26:26] Marked situation: [0, 0, 0, 0, 0, 0, 0]
[2026-07-07 15:26:26] have_double_effect_times: 0 , is_activating_double_effect: 0 , already_activate_double_effect_times: 0
[2026-07-07 15:26:26] Sent map info: [[0.0, 0.0], [8.261333465576172, 6.091391086578369], [2.39681, 2.36], [2.39681, 2.36], [0.5, 14.5], [7.2306365966796875, 5.012635707855225], [0.0, 0.0], [10.751739501953125, 10.436260223388672], [10.88392448425293, 10.205107688903809], [16.72422981262207, 6.653273105621338], [27.5, 0.5], [13.160341262817383, 7.639115333557129]]
[2026-07-07 15:26:26] Sent map infos: [[0.0, 0.0], [8.261333465576172, 6.091391086578369], [2.39681, 2.36], [2.39681, 2.36], [0.5, 14.5], [7.2306365966796875, 5.012635707855225], [0.0, 0.0], [10.751739501953125, 10.436260223388672], [10.88392448425293, 10.205107688903809], [16.72422981262207, 6.653273105621338], [27.5, 0.5], [13.160341262817383, 7.639115333557129]]
[2026-07-07 15:26:27] update time left369
[2026-07-07 15:26:27] Marked situation: [0, 0, 0, 0, 0, 0, 0]
[2026-07-07 15:26:27] have_double_effect_times: 0 , is_activating_double_effect: 0 , already_activate_double_effect_times: 0
[2026-07-07 15:26:27] Marked situation: [0, 0, 0, 0, 0, 0, 0]
[2026-07-07 15:26:27] have_double_effect_times: 0 , is_activating_double_effect: 0 , already_activate_double_effect_times: 0
[2026-07-07 15:26:27] Sent map info: [[0.0, 0.0], [8.239816665649414, 6.080650806427002], [2.39681, 2.36], [2.39681, 2.36], [0.5, 14.5], [7.230171203613281, 5.013355255126953], [0.0, 0.0], [10.751739501953125, 10.436260223388672], [11.884954452514648, 10.352325439453125], [16.800086975097656, 6.819187641143799], [27.5, 0.5], [13.102486610412598, 7.838743209838867]]
[2026-07-07 15:26:27] Sent map infos: [[0.0, 0.0], [8.239816665649414, 6.080650806427002], [2.39681, 2.36], [2.39681, 2.36], [0.5, 14.5], [7.230171203613281, 5.013355255126953], [0.0, 0.0], [10.751739501953125, 10.436260223388672], [11.884954452514648, 10.352325439453125], [16.800086975097656, 6.819187641143799], [27.5, 0.5], [13.102486610412598, 7.838743209838867]]
[2026-07-07 15:26:27] Marked situation: [0, 0, 0, 0, 0, 0, 0]
[2026-07-07 15:26:27] have_double_effect_times: 0 , is_activating_double_effect: 0 , already_activate_double_effect_times: 0
[2026-07-07 15:26:27] Marked situation: [0, 0, 0, 0, 0, 0, 0]
[2026-07-07 15:26:27] have_double_effect_times: 0 , is_activating_double_effect: 0 , already_activate_double_effect_times: 0
[2026-07-07 15:26:27] Sent map info: [[0.0, 0.0], [8.35185432434082, 6.045265197753906], [2.39681, 2.36], [2.39681, 2.36], [0.5, 14.5], [7.270929336547852, 5.033199310302734], [0.0, 0.0], [10.751739501953125, 10.436260223388672], [13.131196975708008, 10.662918090820312], [16.78347682952881, 6.689851760864258], [27.5, 0.5], [13.06714916229248, 7.923101425170898]]
[2026-07-07 15:26:27] Sent map infos: [[0.0, 0.0], [8.35185432434082, 6.045265197753906], [2.39681, 2.36], [2.39681, 2.36], [0.5, 14.5], [7.270929336547852, 5.033199310302734], [0.0, 0.0], [10.751739501953125, 10.436260223388672], [13.131196975708008, 10.662918090820312], [16.78347682952881, 6.689851760864258], [27.5, 0.5], [13.06714916229248, 7.923101425170898]]
[2026-07-07 15:26:27] Marked situation: [0, 0, 0, 0, 0, 0, 0]
[2026-07-07 15:26:27] have_double_effect_times: 0 , is_activating_double_effect: 0 , already_activate_double_effect_times: 0
[2026-07-07 15:26:28] update time left368
[2026-07-07 15:26:28] Marked situation: [0, 0, 0, 0, 0, 0, 0]
[2026-07-07 15:26:28] have_double_effect_times: 0 , is_activating_double_effect: 0 , already_activate_double_effect_times: 0
[2026-07-07 15:26:28] Sent map info: [[0.0, 0.0], [8.406517028808594, 6.09239387512207], [2.39681, 2.36], [2.39681, 2.36], [0.5, 14.5], [7.304464340209961, 5.022940635681152], [0.0, 0.0], [10.751739501953125, 10.436260223388672], [14.824581146240234, 11.184687614440918], [16.753077507019043, 6.769889831542969], [27.5, 0.5], [13.23874282836914, 8.223616600036621]]
[2026-07-07 15:26:28] Sent map infos: [[0.0, 0.0], [8.406517028808594, 6.09239387512207], [2.39681, 2.36], [2.39681, 2.36], [0.5, 14.5], [7.304464340209961, 5.022940635681152], [0.0, 0.0], [10.751739501953125, 10.436260223388672], [14.824581146240234, 11.184687614440918], [16.753077507019043, 6.769889831542969], [27.5, 0.5], [13.23874282836914, 8.223616600036621]]
[2026-07-07 15:26:28] Marked situation: [0, 0, 0, 0, 0, 0, 0]
[2026-07-07 15:26:28] have_double_effect_times: 0 , is_activating_double_effect: 0 , already_activate_double_effect_times: 0
[2026-07-07 15:26:28] Marked situation: [0, 0, 0, 0, 0, 0, 0]
[2026-07-07 15:26:28] have_double_effect_times: 0 , is_activating_double_effect: 0 , already_activate_double_effect_times: 0
[2026-07-07 15:26:28] Sent map info: [[0.0, 0.0], [8.435871124267578, 6.008930683135986], [2.39681, 2.36], [2.39681, 2.36], [0.5, 14.5], [7.235498428344727, 5.046478748321533], [0.0, 0.0], [10.751739501953125, 10.436260223388672], [15.737256050109863, 11.680997848510742], [16.81524085998535, 6.706034183502197], [27.5, 0.5], [13.704503059387207, 8.387475967407227]]
[2026-07-07 15:26:28] Sent map infos: [[0.0, 0.0], [8.435871124267578, 6.008930683135986], [2.39681, 2.36], [2.39681, 2.36], [0.5, 14.5], [7.235498428344727, 5.046478748321533], [0.0, 0.0], [10.751739501953125, 10.436260223388672], [15.737256050109863, 11.680997848510742], [16.81524085998535, 6.706034183502197], [27.5, 0.5], [13.704503059387207, 8.387475967407227]]
[2026-07-07 15:26:28] Marked situation: [0, 0, 0, 0, 0, 0, 0]
[2026-07-07 15:26:28] have_double_effect_times: 0 , is_activating_double_effect: 0 , already_activate_double_effect_times: 0
[2026-07-07 15:26:28] Marked situation: [0, 0, 0, 0, 0, 0, 0]
[2026-07-07 15:26:28] have_double_effect_times: 0 , is_activating_double_effect: 0 , already_activate_double_effect_times: 0
[2026-07-07 15:26:28] Sent map info: [[0.0, 0.0], [8.5142822265625, 5.8554253578186035], [2.39681, 2.36], [2.39681, 2.36], [0.5, 14.5], [7.302677154541016, 5.025694370269775], [0.0, 0.0], [10.751739501953125, 10.436260223388672], [15.61213493347168, 12.37322998046875], [16.72427463531494, 6.11474084854126], [27.5, 0.5], [14.179266929626465, 8.557600021362305]]
[2026-07-07 15:26:28] Sent map infos: [[0.0, 0.0], [8.5142822265625, 5.8554253578186035], [2.39681, 2.36], [2.39681, 2.36], [0.5, 14.5], [7.302677154541016, 5.025694370269775], [0.0, 0.0], [10.751739501953125, 10.436260223388672], [15.61213493347168, 12.37322998046875], [16.72427463531494, 6.11474084854126], [27.5, 0.5], [14.179266929626465, 8.557600021362305]]
[2026-07-07 15:26:29] update time left367
[2026-07-07 15:26:29] Marked situation: [0, 0, 0, 0, 0, 0, 0]
[2026-07-07 15:26:29] have_double_effect_times: 0 , is_activating_double_effect: 0 , already_activate_double_effect_times: 0
[2026-07-07 15:26:29] Marked situation: [0, 0, 0, 0, 0, 0, 0]
[2026-07-07 15:26:29] have_double_effect_times: 0 , is_activating_double_effect: 0 , already_activate_double_effect_times: 0
[2026-07-07 15:26:29] Sent map info: [[1.813720703125, 4.2228522300720215], [8.731502532958984, 5.672645092010498], [2.39681, 2.36], [2.39681, 2.36], [0.5, 14.5], [7.258274078369141, 5.052706241607666], [0.0, 0.0], [10.751739501953125, 10.436260223388672], [16.525068283081055, 12.747371673583984], [16.694669723510742, 6.145789623260498], [27.5, 0.5], [13.801660537719727, 8.911796569824219]]
[2026-07-07 15:26:29] Sent map infos: [[1.813720703125, 4.2228522300720215], [8.731502532958984, 5.672645092010498], [2.39681, 2.36], [2.39681, 2.36], [0.5, 14.5], [7.258274078369141, 5.052706241607666], [0.0, 0.0], [10.751739501953125, 10.436260223388672], [16.525068283081055, 12.747371673583984], [16.694669723510742, 6.145789623260498], [27.5, 0.5], [13.801660537719727, 8.911796569824219]]
[2026-07-07 15:26:29] Marked situation: [0, 0, 0, 0, 0, 0, 0]
[2026-07-07 15:26:29] have_double_effect_times: 0 , is_activating_double_effect: 0 , already_activate_double_effect_times: 0
[2026-07-07 15:26:29] Marked situation: [0, 0, 0, 0, 0, 0, 0]
[2026-07-07 15:26:29] have_double_effect_times: 0 , is_activating_double_effect: 0 , already_activate_double_effect_times: 0
[2026-07-07 15:26:29] Sent map info: [[3.588083267211914, 3.9445018768310547], [8.783884048461914, 5.682844161987305], [2.39681, 2.36], [2.39681, 2.36], [0.5, 14.5], [7.256135940551758, 5.055999755859375], [0.0, 0.0], [10.751739501953125, 10.436260223388672], [17.90779972076416, 12.513497352600098], [16.86481761932373, 5.769784927368164], [27.5, 0.5], [13.405288696289062, 9.242838859558105]]
[2026-07-07 15:26:29] Sent map infos: [[3.588083267211914, 3.9445018768310547], [8.783884048461914, 5.682844161987305], [2.39681, 2.36], [2.39681, 2.36], [0.5, 14.5], [7.256135940551758, 5.055999755859375], [0.0, 0.0], [10.751739501953125, 10.436260223388672], [17.90779972076416, 12.513497352600098], [16.86481761932373, 5.769784927368164], [27.5, 0.5], [13.405288696289062, 9.242838859558105]]
[2026-07-07 15:26:29] Marked situation: [0, 0, 0, 0, 0, 0, 0]
[2026-07-07 15:26:29] have_double_effect_times: 0 , is_activating_double_effect: 0 , already_activate_double_effect_times: 0
[2026-07-07 15:26:30] update time left366
[2026-07-07 15:26:30] Marked situation: [0, 0, 0, 0, 0, 0, 0]
[2026-07-07 15:26:30] have_double_effect_times: 0 , is_activating_double_effect: 0 , already_activate_double_effect_times: 0
[2026-07-07 15:26:30] Sent map info: [[3.2301998138427734, 4.27957820892334], [8.743165969848633, 5.698310375213623], [2.39681, 2.36], [2.39681, 2.36], [0.5, 14.5], [7.24443244934082, 5.032693386077881], [0.0, 0.0], [10.751739501953125, 10.436260223388672], [19.167920112609863, 12.109082221984863], [17.148252487182617, 5.27098274230957], [27.5, 0.5], [13.703237533569336, 9.593546867370605]]
[2026-07-07 15:26:30] Sent map infos: [[3.2301998138427734, 4.27957820892334], [8.743165969848633, 5.698310375213623], [2.39681, 2.36], [2.39681, 2.36], [0.5, 14.5], [7.24443244934082, 5.032693386077881], [0.0, 0.0], [10.751739501953125, 10.436260223388672], [19.167920112609863, 12.109082221984863], [17.148252487182617, 5.27098274230957], [27.5, 0.5], [13.703237533569336, 9.593546867370605]]
[2026-07-07 15:26:30] Marked situation: [0, 0, 0, 0, 0, 0, 0]
[2026-07-07 15:26:30] have_double_effect_times: 0 , is_activating_double_effect: 0 , already_activate_double_effect_times: 0
[2026-07-07 15:26:30] Marked situation: [0, 0, 0, 0, 0, 0, 0]
[2026-07-07 15:26:30] have_double_effect_times: 0 , is_activating_double_effect: 0 , already_activate_double_effect_times: 0
[2026-07-07 15:26:30] Sent map info: [[2.747539520263672, 5.132563591003418], [8.801469802856445, 5.700214385986328], [2.39681, 2.36], [2.39681, 2.36], [0.5, 14.5], [7.215801239013672, 5.076874256134033], [0.0, 0.0], [10.751739501953125, 10.436260223388672], [19.86820125579834, 11.93995475769043], [17.108875274658203, 4.610571384429932], [27.5, 0.5], [13.771714210510254, 9.832380294799805]]
[2026-07-07 15:26:30] Sent map infos: [[2.747539520263672, 5.132563591003418], [8.801469802856445, 5.700214385986328], [2.39681, 2.36], [2.39681, 2.36], [0.5, 14.5], [7.215801239013672, 5.076874256134033], [0.0, 0.0], [10.751739501953125, 10.436260223388672], [19.86820125579834, 11.93995475769043], [17.108875274658203, 4.610571384429932], [27.5, 0.5], [13.771714210510254, 9.832380294799805]]
[2026-07-07 15:26:30] Marked situation: [0, 0, 0, 0, 0, 0, 0]
[2026-07-07 15:26:30] have_double_effect_times: 0 , is_activating_double_effect: 0 , already_activate_double_effect_times: 0
[2026-07-07 15:26:30] Marked situation: [0, 0, 0, 0, 0, 0, 0]
[2026-07-07 15:26:30] have_double_effect_times: 0 , is_activating_double_effect: 0 , already_activate_double_effect_times: 0
[2026-07-07 15:26:30] Sent map info: [[2.596364974975586, 5.386595249176025], [8.753093719482422, 5.68423318862915], [2.39681, 2.36], [2.39681, 2.36], [0.5, 14.5], [7.213001251220703, 5.039880752563477], [0.0, 0.0], [10.751739501953125, 10.436260223388672], [19.86820125579834, 11.93995475769043], [17.03949737548828, 4.836348533630371], [27.5, 0.5], [13.61600112915039, 9.948375701904297]]
[2026-07-07 15:26:30] Sent map infos: [[2.596364974975586, 5.386595249176025], [8.753093719482422, 5.68423318862915], [2.39681, 2.36], [2.39681, 2.36], [0.5, 14.5], [7.213001251220703, 5.039880752563477], [0.0, 0.0], [10.751739501953125, 10.436260223388672], [19.86820125579834, 11.93995475769043], [17.03949737548828, 4.836348533630371], [27.5, 0.5], [13.61600112915039, 9.948375701904297]]
[2026-07-07 15:26:31] update time left365
[2026-07-07 15:26:31] Marked situation: [0, 0, 0, 0, 0, 0, 0]
[2026-07-07 15:26:31] have_double_effect_times: 0 , is_activating_double_effect: 0 , already_activate_double_effect_times: 0
[2026-07-07 15:26:31] Marked situation: [0, 0, 0, 0, 0, 0, 0]
[2026-07-07 15:26:31] have_double_effect_times: 0 , is_activating_double_effect: 0 , already_activate_double_effect_times: 0
[2026-07-07 15:26:31] Sent map info: [[3.441255569458008, 5.4524006843566895], [8.837137222290039, 5.649763584136963], [2.39681, 2.36], [2.39681, 2.36], [0.5, 14.5], [7.233285903930664, 5.0498948097229], [0.0, 0.0], [20.636579990386963, 10.886075019836426], [19.86820125579834, 11.93995475769043], [16.84274387359619, 5.6941819190979], [27.5, 0.5], [13.545248985290527, 9.977288246154785]]
[2026-07-07 15:26:31] Sent map infos: [[3.441255569458008, 5.4524006843566895], [8.837137222290039, 5.649763584136963], [2.39681, 2.36], [2.39681, 2.36], [0.5, 14.5], [7.233285903930664, 5.0498948097229], [0.0, 0.0], [20.636579990386963, 10.886075019836426], [19.86820125579834, 11.93995475769043], [16.84274387359619, 5.6941819190979], [27.5, 0.5], [13.545248985290527, 9.977288246154785]]
[2026-07-07 15:26:31] Marked situation: [0, 0, 0, 0, 0, 0, 0]
[2026-07-07 15:26:31] have_double_effect_times: 0 , is_activating_double_effect: 0 , already_activate_double_effect_times: 0
[2026-07-07 15:26:31] Marked situation: [0, 0, 0, 0, 0, 0, 0]
[2026-07-07 15:26:31] have_double_effect_times: 0 , is_activating_double_effect: 0 , already_activate_double_effect_times: 0
[2026-07-07 15:26:31] Sent map info: [[3.585489273071289, 5.301985263824463], [9.168487548828125, 5.6088385581970215], [2.39681, 2.36], [2.39681, 2.36], [0.5, 14.5], [7.266729354858398, 5.081034183502197], [0.0, 0.0], [20.124126434326172, 10.90102481842041], [19.582347869873047, 10.949830055236816], [16.671693801879883, 6.46355676651001], [27.5, 0.5], [13.58112621307373, 9.9842529296875]]
[2026-07-07 15:26:31] Sent map infos: [[3.585489273071289, 5.301985263824463], [9.168487548828125, 5.6088385581970215], [2.39681, 2.36], [2.39681, 2.36], [0.5, 14.5], [7.266729354858398, 5.081034183502197], [0.0, 0.0], [20.124126434326172, 10.90102481842041], [19.582347869873047, 10.949830055236816], [16.671693801879883, 6.46355676651001], [27.5, 0.5], [13.58112621307373, 9.9842529296875]]
[2026-07-07 15:26:31] Marked situation: [0, 0, 0, 0, 0, 0, 0]
[2026-07-07 15:26:31] have_double_effect_times: 0 , is_activating_double_effect: 0 , already_activate_double_effect_times: 0
[2026-07-07 15:26:32] update time left364
[2026-07-07 15:26:32] Marked situation: [0, 0, 0, 0, 0, 0, 0]
[2026-07-07 15:26:32] have_double_effect_times: 0 , is_activating_double_effect: 0 , already_activate_double_effect_times: 0
[2026-07-07 15:26:32] Sent map info: [[3.5515060424804688, 5.2115797996521], [9.00596809387207, 5.7086639404296875], [2.39681, 2.36], [2.39681, 2.36], [0.5, 14.5], [7.265445709228516, 5.041652679443359], [0.0, 0.0], [18.327624320983887, 10.602255821228027], [19.582347869873047, 10.949830055236816], [16.82338237762451, 6.844114780426025], [27.5, 0.5], [13.615130424499512, 9.993224143981934]]
[2026-07-07 15:26:32] Sent map infos: [[3.5515060424804688, 5.2115797996521], [9.00596809387207, 5.7086639404296875], [2.39681, 2.36], [2.39681, 2.36], [0.5, 14.5], [7.265445709228516, 5.041652679443359], [0.0, 0.0], [18.327624320983887, 10.602255821228027], [19.582347869873047, 10.949830055236816], [16.82338237762451, 6.844114780426025], [27.5, 0.5], [13.615130424499512, 9.993224143981934]]
[2026-07-07 15:26:32] Marked situation: [0, 0, 0, 0, 0, 0, 0]
[2026-07-07 15:26:32] have_double_effect_times: 0 , is_activating_double_effect: 0 , already_activate_double_effect_times: 0
[2026-07-07 15:26:32] Marked situation: [0, 0, 0, 0, 0, 0, 0]
[2026-07-07 15:26:32] have_double_effect_times: 0 , is_activating_double_effect: 0 , already_activate_double_effect_times: 0
[2026-07-07 15:26:32] Sent map info: [[3.7239551544189453, 4.701128005981445], [8.687261581420898, 5.777584075927734], [2.39681, 2.36], [2.39681, 2.36], [0.5, 14.5], [7.267423629760742, 5.079963207244873], [0.0, 0.0], [18.29700469970703, 10.580765724182129], [18.48126220703125, 10.517701148986816], [16.745656967163086, 6.826235771179199], [27.5, 0.5], [13.616772651672363, 9.991538047790527]]
[2026-07-07 15:26:32] Sent map infos: [[3.7239551544189453, 4.701128005981445], [8.687261581420898, 5.777584075927734], [2.39681, 2.36], [2.39681, 2.36], [0.5, 14.5], [7.267423629760742, 5.079963207244873], [0.0, 0.0], [18.29700469970703, 10.580765724182129], [18.48126220703125, 10.517701148986816], [16.745656967163086, 6.826235771179199], [27.5, 0.5], [13.616772651672363, 9.991538047790527]]
[2026-07-07 15:26:32] Marked situation: [0, 0, 0, 0, 0, 0, 0]
[2026-07-07 15:26:32] have_double_effect_times: 0 , is_activating_double_effect: 0 , already_activate_double_effect_times: 0
[2026-07-07 15:26:32] Marked situation: [0, 0, 0, 0, 0, 0, 0]
[2026-07-07 15:26:32] have_double_effect_times: 0 , is_activating_double_effect: 0 , already_activate_double_effect_times: 0
[2026-07-07 15:26:32] Sent map info: [[5.257963180541992, 4.323934078216553], [8.478736877441406, 5.822328567504883], [2.39681, 2.36], [2.39681, 2.36], [0.5, 14.5], [7.202573776245117, 5.05599308013916], [0.0, 0.0], [18.29700469970703, 10.580765724182129], [19.44282054901123, 10.182403564453125], [16.503515243530273, 6.395022869110107], [27.5, 0.5], [13.616402626037598, 9.991917610168457]]
[2026-07-07 15:26:32] Sent map infos: [[5.257963180541992, 4.323934078216553], [8.478736877441406, 5.822328567504883], [2.39681, 2.36], [2.39681, 2.36], [0.5, 14.5], [7.202573776245117, 5.05599308013916], [0.0, 0.0], [18.29700469970703, 10.580765724182129], [19.44282054901123, 10.182403564453125], [16.503515243530273, 6.395022869110107], [27.5, 0.5], [13.616402626037598, 9.991917610168457]]
[2026-07-07 15:26:33] update time left363
[2026-07-07 15:26:33] Marked situation: [0, 0, 0, 0, 0, 0, 0]
[2026-07-07 15:26:33] have_double_effect_times: 0 , is_activating_double_effect: 0 , already_activate_double_effect_times: 0
[2026-07-07 15:26:33] Marked situation: [0, 0, 0, 0, 0, 0, 0]
[2026-07-07 15:26:33] have_double_effect_times: 0 , is_activating_double_effect: 0 , already_activate_double_effect_times: 0
[2026-07-07 15:26:33] Sent map info: [[6.200599670410156, 3.7365641593933105], [8.449636459350586, 5.822035789489746], [2.39681, 2.36], [2.39681, 2.36], [0.5, 14.5], [7.230463027954102, 5.0542497634887695], [0.0, 0.0], [18.29700469970703, 10.580765724182129], [20.03138017654419, 10.033222198486328], [16.816465377807617, 5.474447727203369], [27.5, 0.5], [13.615860939025879, 9.992473602294922]]
[2026-07-07 15:26:33] Sent map infos: [[6.200599670410156, 3.7365641593933105], [8.449636459350586, 5.822035789489746], [2.39681, 2.36], [2.39681, 2.36], [0.5, 14.5], [7.230463027954102, 5.0542497634887695], [0.0, 0.0], [18.29700469970703, 10.580765724182129], [20.03138017654419, 10.033222198486328], [16.816465377807617, 5.474447727203369], [27.5, 0.5], [13.615860939025879, 9.992473602294922]]
[2026-07-07 15:26:33] Marked situation: [0, 0, 0, 0, 0, 0, 0]
[2026-07-07 15:26:33] have_double_effect_times: 0 , is_activating_double_effect: 0 , already_activate_double_effect_times: 0
[2026-07-07 15:26:33] Marked situation: [0, 0, 0, 0, 0, 0, 0]
[2026-07-07 15:26:33] have_double_effect_times: 0 , is_activating_double_effect: 0 , already_activate_double_effect_times: 0
[2026-07-07 15:26:33] Sent map info: [[5.412315368652344, 3.976032018661499], [8.234758377075195, 5.9215922355651855], [2.39681, 2.36], [2.39681, 2.36], [0.5, 14.5], [7.237369537353516, 5.08492374420166], [0.0, 0.0], [18.29700469970703, 10.580765724182129], [20.03138017654419, 10.033222198486328], [17.475132942199707, 4.366607189178467], [27.5, 0.5], [13.616311073303223, 9.992012023925781]]
[2026-07-07 15:26:33] Sent map infos: [[5.412315368652344, 3.976032018661499], [8.234758377075195, 5.9215922355651855], [2.39681, 2.36], [2.39681, 2.36], [0.5, 14.5], [7.237369537353516, 5.08492374420166], [0.0, 0.0], [18.29700469970703, 10.580765724182129], [20.03138017654419, 10.033222198486328], [17.475132942199707, 4.366607189178467], [27.5, 0.5], [13.616311073303223, 9.992012023925781]]
[2026-07-07 15:26:33] Marked situation: [0, 0, 0, 0, 0, 0, 0]
[2026-07-07 15:26:33] have_double_effect_times: 0 , is_activating_double_effect: 0 , already_activate_double_effect_times: 0
[2026-07-07 15:26:34] update time left362
[2026-07-07 15:26:34] Marked situation: [0, 0, 0, 0, 0, 0, 0]
[2026-07-07 15:26:34] have_double_effect_times: 0 , is_activating_double_effect: 0 , already_activate_double_effect_times: 0
[2026-07-07 15:26:34] Sent map info: [[4.635110855102539, 4.734821796417236], [8.305438995361328, 5.945004463195801], [2.39681, 2.36], [2.39681, 2.36], [0.5, 14.5], [7.34144401550293, 5.090347766876221], [0.0, 0.0], [18.29700469970703, 10.580765724182129], [20.03138017654419, 10.033222198486328], [17.736042022705078, 3.6227025985717773], [27.5, 0.5], [13.581707000732422, 9.983654975891113]]
[2026-07-07 15:26:34] Sent map infos: [[4.635110855102539, 4.734821796417236], [8.305438995361328, 5.945004463195801], [2.39681, 2.36], [2.39681, 2.36], [0.5, 14.5], [7.34144401550293, 5.090347766876221], [0.0, 0.0], [18.29700469970703, 10.580765724182129], [20.03138017654419, 10.033222198486328], [17.736042022705078, 3.6227025985717773], [27.5, 0.5], [13.581707000732422, 9.983654975891113]]
[2026-07-07 15:26:34] Marked situation: [0, 0, 0, 0, 0, 0, 0]
[2026-07-07 15:26:34] have_double_effect_times: 0 , is_activating_double_effect: 0 , already_activate_double_effect_times: 0
[2026-07-07 15:26:34] Marked situation: [0, 0, 0, 0, 0, 0, 0]
[2026-07-07 15:26:34] have_double_effect_times: 0 , is_activating_double_effect: 0 , already_activate_double_effect_times: 0
[2026-07-07 15:26:34] Sent map info: [[4.171049118041992, 5.3215484619140625], [8.234045028686523, 5.922618865966797], [2.39681, 2.36], [2.39681, 2.36], [0.5, 14.5], [7.191249847412109, 5.073487758636475], [0.0, 0.0], [18.29700469970703, 10.580765724182129], [20.03138017654419, 10.033222198486328], [18.157047271728516, 2.2708752155303955], [27.5, 0.5], [13.617417335510254, 9.990875244140625]]
[2026-07-07 15:26:34] Sent map infos: [[4.171049118041992, 5.3215484619140625], [8.234045028686523, 5.922618865966797], [2.39681, 2.36], [2.39681, 2.36], [0.5, 14.5], [7.191249847412109, 5.073487758636475], [0.0, 0.0], [18.29700469970703, 10.580765724182129], [20.03138017654419, 10.033222198486328], [18.157047271728516, 2.2708752155303955], [27.5, 0.5], [13.617417335510254, 9.990875244140625]]
[2026-07-07 15:26:34] Marked situation: [0, 0, 0, 0, 0, 0, 0]
[2026-07-07 15:26:34] have_double_effect_times: 0 , is_activating_double_effect: 0 , already_activate_double_effect_times: 0
[2026-07-07 15:26:34] update time left361
[2026-07-07 15:26:34] Marked situation: [0, 0, 0, 0, 0, 0, 0]
[2026-07-07 15:26:34] have_double_effect_times: 0 , is_activating_double_effect: 0 , already_activate_double_effect_times: 0
[2026-07-07 15:26:34] Sent map info: [[4.840019226074219, 6.2154130935668945], [8.07345199584961, 5.946730136871338], [2.39681, 2.36], [2.39681, 2.36], [0.5, 14.5], [7.242643356323242, 5.076797962188721], [0.0, 0.0], [18.29700469970703, 10.580765724182129], [20.03138017654419, 10.033222198486328], [17.470260620117188, 1.370754599571228], [27.5, 0.5], [13.617417335510254, 9.990875244140625]]
[2026-07-07 15:26:34] Sent map infos: [[4.840019226074219, 6.2154130935668945], [8.07345199584961, 5.946730136871338], [2.39681, 2.36], [2.39681, 2.36], [0.5, 14.5], [7.242643356323242, 5.076797962188721], [0.0, 0.0], [18.29700469970703, 10.580765724182129], [20.03138017654419, 10.033222198486328], [17.470260620117188, 1.370754599571228], [27.5, 0.5], [13.617417335510254, 9.990875244140625]]
[2026-07-07 15:26:35] Marked situation: [0, 0, 0, 0, 0, 0, 0]
[2026-07-07 15:26:35] have_double_effect_times: 0 , is_activating_double_effect: 0 , already_activate_double_effect_times: 0
[2026-07-07 15:26:35] Marked situation: [0, 0, 0, 0, 0, 0, 0]
[2026-07-07 15:26:35] have_double_effect_times: 0 , is_activating_double_effect: 0 , already_activate_double_effect_times: 0
[2026-07-07 15:26:35] Sent map info: [[5.121574401855469, 7.060194969177246], [8.143728256225586, 5.844949722290039], [2.39681, 2.36], [2.39681, 2.36], [0.5, 14.5], [7.186407089233398, 5.0809712409973145], [0.0, 0.0], [18.29700469970703, 10.580765724182129], [20.03138017654419, 10.033222198486328], [17.383952140808105, 1.314078450202942], [27.5, 0.5], [13.617417335510254, 9.990875244140625]]
[2026-07-07 15:26:35] Sent map infos: [[5.121574401855469, 7.060194969177246], [8.143728256225586, 5.844949722290039], [2.39681, 2.36], [2.39681, 2.36], [0.5, 14.5], [7.186407089233398, 5.0809712409973145], [0.0, 0.0], [18.29700469970703, 10.580765724182129], [20.03138017654419, 10.033222198486328], [17.383952140808105, 1.314078450202942], [27.5, 0.5], [13.617417335510254, 9.990875244140625]]
[2026-07-07 15:26:35] Marked situation: [0, 0, 0, 0, 0, 0, 0]
[2026-07-07 15:26:35] have_double_effect_times: 0 , is_activating_double_effect: 0 , already_activate_double_effect_times: 0
[2026-07-07 15:26:35] Marked situation: [0, 0, 0, 0, 0, 0, 0]
[2026-07-07 15:26:35] have_double_effect_times: 0 , is_activating_double_effect: 0 , already_activate_double_effect_times: 0
[2026-07-07 15:26:35] Sent map info: [[5.317359924316406, 6.861681938171387], [7.49995231628418, 6.167710304260254], [2.39681, 2.36], [2.39681, 2.36], [0.5, 14.5], [7.202089309692383, 5.056739807128906], [0.0, 0.0], [18.29700469970703, 10.580765724182129], [20.03138017654419, 10.033222198486328], [17.572303771972656, 1.2513060569763184], [27.5, 0.5], [13.617417335510254, 9.990875244140625]]
[2026-07-07 15:26:35] Sent map infos: [[5.317359924316406, 6.861681938171387], [7.49995231628418, 6.167710304260254], [2.39681, 2.36], [2.39681, 2.36], [0.5, 14.5], [7.202089309692383, 5.056739807128906], [0.0, 0.0], [18.29700469970703, 10.580765724182129], [20.03138017654419, 10.033222198486328], [17.572303771972656, 1.2513060569763184], [27.5, 0.5], [13.617417335510254, 9.990875244140625]]
[2026-07-07 15:26:35] update time left360
[2026-07-07 15:26:35] Marked situation: [0, 0, 0, 0, 0, 0, 0]
[2026-07-07 15:26:35] have_double_effect_times: 0 , is_activating_double_effect: 0 , already_activate_double_effect_times: 0
[2026-07-07 15:26:36] Marked situation: [0, 0, 0, 0, 0, 0, 0]
[2026-07-07 15:26:36] have_double_effect_times: 0 , is_activating_double_effect: 0 , already_activate_double_effect_times: 0
[2026-07-07 15:26:36] Sent map info: [[4.893222808837891, 6.7037763595581055], [7.242908477783203, 6.30422830581665], [2.39681, 2.36], [2.39681, 2.36], [0.5, 14.5], [7.228355407714844, 5.0575032234191895], [0.0, 0.0], [18.29700469970703, 10.580765724182129], [20.03138017654419, 10.033222198486328], [17.96546745300293, 1.164518117904663], [27.5, 0.5], [13.617417335510254, 9.990875244140625]]
[2026-07-07 15:26:36] Sent map infos: [[4.893222808837891, 6.7037763595581055], [7.242908477783203, 6.30422830581665], [2.39681, 2.36], [2.39681, 2.36], [0.5, 14.5], [7.228355407714844, 5.0575032234191895], [0.0, 0.0], [18.29700469970703, 10.580765724182129], [20.03138017654419, 10.033222198486328], [17.96546745300293, 1.164518117904663], [27.5, 0.5], [13.617417335510254, 9.990875244140625]]
[2026-07-07 15:26:36] Marked situation: [0, 0, 0, 0, 0, 0, 0]
[2026-07-07 15:26:36] have_double_effect_times: 0 , is_activating_double_effect: 0 , already_activate_double_effect_times: 0
[2026-07-07 15:26:36] Marked situation: [0, 0, 0, 0, 0, 0, 0]
[2026-07-07 15:26:36] have_double_effect_times: 0 , is_activating_double_effect: 0 , already_activate_double_effect_times: 0
[2026-07-07 15:26:36] Sent map info: [[4.7419281005859375, 6.761778354644775], [7.242908477783203, 6.30422830581665], [2.39681, 2.36], [2.39681, 2.36], [0.5, 14.5], [7.148811340332031, 5.015308856964111], [0.0, 0.0], [18.29700469970703, 10.580765724182129], [20.03138017654419, 10.033222198486328], [17.707871437072754, 1.2516045570373535], [27.5, 0.5], [13.617417335510254, 9.990875244140625]]
[2026-07-07 15:26:36] Sent map infos: [[4.7419281005859375, 6.761778354644775], [7.242908477783203, 6.30422830581665], [2.39681, 2.36], [2.39681, 2.36], [0.5, 14.5], [7.148811340332031, 5.015308856964111], [0.0, 0.0], [18.29700469970703, 10.580765724182129], [20.03138017654419, 10.033222198486328], [17.707871437072754, 1.2516045570373535], [27.5, 0.5], [13.617417335510254, 9.990875244140625]]
[2026-07-07 15:26:36] Marked situation: [0, 0, 0, 0, 0, 0, 0]
[2026-07-07 15:26:36] have_double_effect_times: 0 , is_activating_double_effect: 0 , already_activate_double_effect_times: 0
[2026-07-07 15:26:36] Marked situation: [0, 0, 0, 0, 0, 0, 0]
[2026-07-07 15:26:36] have_double_effect_times: 0 , is_activating_double_effect: 0 , already_activate_double_effect_times: 0
[2026-07-07 15:26:36] Sent map info: [[5.370025634765625, 7.008812427520752], [7.242908477783203, 6.30422830581665], [2.39681, 2.36], [2.39681, 2.36], [0.5, 14.5], [7.141519546508789, 5.026613235473633], [0.0, 0.0], [18.29700469970703, 10.580765724182129], [20.03138017654419, 10.033222198486328], [17.826930046081543, 1.2190319299697876], [27.5, 0.5], [13.617417335510254, 9.990875244140625]]
[2026-07-07 15:26:36] Sent map infos: [[5.370025634765625, 7.008812427520752], [7.242908477783203, 6.30422830581665], [2.39681, 2.36], [2.39681, 2.36], [0.5, 14.5], [7.141519546508789, 5.026613235473633], [0.0, 0.0], [18.29700469970703, 10.580765724182129], [20.03138017654419, 10.033222198486328], [17.826930046081543, 1.2190319299697876], [27.5, 0.5], [13.617417335510254, 9.990875244140625]]
[2026-07-07 15:26:37] update time left359
[2026-07-07 15:26:37] Marked situation: [0, 0, 0, 0, 0, 0, 0]
[2026-07-07 15:26:37] have_double_effect_times: 0 , is_activating_double_effect: 0 , already_activate_double_effect_times: 0
[2026-07-07 15:26:37] Marked situation: [0, 0, 0, 0, 0, 0, 0]
[2026-07-07 15:26:37] have_double_effect_times: 0 , is_activating_double_effect: 0 , already_activate_double_effect_times: 0
[2026-07-07 15:26:37] Sent map info: [[5.979240417480469, 7.49009370803833], [0.0, 0.0], [2.39681, 2.36], [2.39681, 2.36], [0.5, 14.5], [7.137760162353516, 5.073700428009033], [0.0, 0.0], [18.29700469970703, 10.580765724182129], [20.03138017654419, 10.033222198486328], [17.94522476196289, 1.0282347202301025], [27.5, 0.5], [13.617417335510254, 9.990875244140625]]
[2026-07-07 15:26:37] Sent map infos: [[5.979240417480469, 7.49009370803833], [0.0, 0.0], [2.39681, 2.36], [2.39681, 2.36], [0.5, 14.5], [7.137760162353516, 5.073700428009033], [0.0, 0.0], [18.29700469970703, 10.580765724182129], [20.03138017654419, 10.033222198486328], [17.94522476196289, 1.0282347202301025], [27.5, 0.5], [13.617417335510254, 9.990875244140625]]
[2026-07-07 15:26:37] Marked situation: [0, 0, 0, 0, 0, 0, 0]
[2026-07-07 15:26:37] have_double_effect_times: 0 , is_activating_double_effect: 0 , already_activate_double_effect_times: 0
[2026-07-07 15:26:37] Marked situation: [0, 0, 0, 0, 0, 0, 0]
[2026-07-07 15:26:37] have_double_effect_times: 0 , is_activating_double_effect: 0 , already_activate_double_effect_times: 0
[2026-07-07 15:26:37] Sent map info: [[6.106439590454102, 7.877778053283691], [0.0, 0.0], [2.39681, 2.36], [2.39681, 2.36], [0.5, 14.5], [7.199249267578125, 5.061129093170166], [0.0, 0.0], [18.29700469970703, 10.580765724182129], [20.03138017654419, 10.033222198486328], [17.526878356933594, 0.9344242811203003], [27.5, 0.5], [13.617417335510254, 9.990875244140625]]
[2026-07-07 15:26:37] Sent map infos: [[6.106439590454102, 7.877778053283691], [0.0, 0.0], [2.39681, 2.36], [2.39681, 2.36], [0.5, 14.5], [7.199249267578125, 5.061129093170166], [0.0, 0.0], [18.29700469970703, 10.580765724182129], [20.03138017654419, 10.033222198486328], [17.526878356933594, 0.9344242811203003], [27.5, 0.5], [13.617417335510254, 9.990875244140625]]
[2026-07-07 15:26:37] Marked situation: [0, 0, 0, 0, 0, 0, 0]
[2026-07-07 15:26:37] have_double_effect_times: 0 , is_activating_double_effect: 0 , already_activate_double_effect_times: 0
[2026-07-07 15:26:38] update time left358
[2026-07-07 15:26:38] Marked situation: [0, 0, 0, 0, 0, 0, 0]
[2026-07-07 15:26:38] have_double_effect_times: 0 , is_activating_double_effect: 0 , already_activate_double_effect_times: 0
[2026-07-07 15:26:38] Sent map info: [[5.975044250488281, 8.417475700378418], [0.0, 0.0], [2.39681, 2.36], [3.542776107788086, 2.7279975414276123], [0.5, 14.5], [7.215898513793945, 5.076725006103516], [0.0, 0.0], [18.29700469970703, 10.580765724182129], [20.03138017654419, 10.033222198486328], [17.545205116271973, 0.965755820274353], [27.5, 0.5], [13.617417335510254, 9.990875244140625]]
[2026-07-07 15:26:38] Sent map infos: [[5.975044250488281, 8.417475700378418], [0.0, 0.0], [2.39681, 2.36], [3.542776107788086, 2.7279975414276123], [0.5, 14.5], [7.215898513793945, 5.076725006103516], [0.0, 0.0], [18.29700469970703, 10.580765724182129], [20.03138017654419, 10.033222198486328], [17.545205116271973, 0.965755820274353], [27.5, 0.5], [13.617417335510254, 9.990875244140625]]
[2026-07-07 15:26:38] Marked situation: [0, 0, 0, 0, 0, 0, 0]
[2026-07-07 15:26:38] have_double_effect_times: 0 , is_activating_double_effect: 0 , already_activate_double_effect_times: 0
[2026-07-07 15:26:38] Marked situation: [0, 0, 0, 0, 0, 0, 0]
[2026-07-07 15:26:38] have_double_effect_times: 0 , is_activating_double_effect: 0 , already_activate_double_effect_times: 0
[2026-07-07 15:26:38] Sent map info: [[5.901254653930664, 9.05516529083252], [0.0, 0.0], [2.39681, 2.36], [7.4789581298828125, 3.2337985038757324], [0.5, 14.5], [7.17732048034668, 5.095010280609131], [0.0, 0.0], [18.29700469970703, 10.580765724182129], [20.03138017654419, 10.033222198486328], [18.707782745361328, 0.9007228016853333], [27.5, 0.5], [13.617417335510254, 9.990875244140625]]
[2026-07-07 15:26:38] Sent map infos: [[5.901254653930664, 9.05516529083252], [0.0, 0.0], [2.39681, 2.36], [7.4789581298828125, 3.2337985038757324], [0.5, 14.5], [7.17732048034668, 5.095010280609131], [0.0, 0.0], [18.29700469970703, 10.580765724182129], [20.03138017654419, 10.033222198486328], [18.707782745361328, 0.9007228016853333], [27.5, 0.5], [13.617417335510254, 9.990875244140625]]
[2026-07-07 15:26:38] Marked situation: [0, 0, 0, 0, 0, 0, 0]
[2026-07-07 15:26:38] have_double_effect_times: 0 , is_activating_double_effect: 0 , already_activate_double_effect_times: 0
[2026-07-07 15:26:38] update time left357
[2026-07-07 15:26:38] Marked situation: [0, 0, 0, 0, 0, 0, 0]
[2026-07-07 15:26:38] have_double_effect_times: 0 , is_activating_double_effect: 0 , already_activate_double_effect_times: 0
[2026-07-07 15:26:38] Sent map info: [[6.856754302978516, 9.4136381149292], [0.0, 0.0], [2.39681, 2.36], [10.159339904785156, 3.9580185413360596], [0.5, 14.5], [7.197216033935547, 5.064271450042725], [0.0, 0.0], [18.29700469970703, 10.580765724182129], [20.03138017654419, 10.033222198486328], [19.510767936706543, 1.1391030550003052], [27.5, 0.5], [13.617417335510254, 9.990875244140625]]
[2026-07-07 15:26:38] Sent map infos: [[6.856754302978516, 9.4136381149292], [0.0, 0.0], [2.39681, 2.36], [10.159339904785156, 3.9580185413360596], [0.5, 14.5], [7.197216033935547, 5.064271450042725], [0.0, 0.0], [18.29700469970703, 10.580765724182129], [20.03138017654419, 10.033222198486328], [19.510767936706543, 1.1391030550003052], [27.5, 0.5], [13.617417335510254, 9.990875244140625]]
[2026-07-07 15:26:39] Marked situation: [0, 0, 0, 0, 0, 0, 0]
[2026-07-07 15:26:39] have_double_effect_times: 0 , is_activating_double_effect: 0 , already_activate_double_effect_times: 0
[2026-07-07 15:26:39] Marked situation: [0, 0, 0, 0, 0, 0, 0]
[2026-07-07 15:26:39] have_double_effect_times: 0 , is_activating_double_effect: 0 , already_activate_double_effect_times: 0
[2026-07-07 15:26:39] Sent map info: [[7.100454330444336, 9.694579124450684], [0.0, 0.0], [2.39681, 2.36], [10.9224853515625, 4.382962226867676], [0.5, 14.5], [7.129581451416016, 5.08636474609375], [0.0, 0.0], [18.704282760620117, 10.373815536499023], [20.03138017654419, 10.033222198486328], [19.19869041442871, 10.193584442138672], [27.5, 0.5], [13.617417335510254, 9.990875244140625]]
[2026-07-07 15:26:39] Sent map infos: [[7.100454330444336, 9.694579124450684], [0.0, 0.0], [2.39681, 2.36], [10.9224853515625, 4.382962226867676], [0.5, 14.5], [7.129581451416016, 5.08636474609375], [0.0, 0.0], [18.704282760620117, 10.373815536499023], [20.03138017654419, 10.033222198486328], [19.19869041442871, 10.193584442138672], [27.5, 0.5], [13.617417335510254, 9.990875244140625]]
[2026-07-07 15:26:39] Marked situation: [0, 0, 0, 0, 0, 0, 0]
[2026-07-07 15:26:39] have_double_effect_times: 0 , is_activating_double_effect: 0 , already_activate_double_effect_times: 0
[2026-07-07 15:26:39] Marked situation: [0, 0, 0, 0, 0, 0, 0]
[2026-07-07 15:26:39] have_double_effect_times: 0 , is_activating_double_effect: 0 , already_activate_double_effect_times: 0
[2026-07-07 15:26:39] Sent map info: [[7.037382125854492, 9.66477108001709], [0.0, 0.0], [2.39681, 2.36], [14.003973960876465, 5.944061279296875], [0.5, 14.5], [7.233104705810547, 5.091498374938965], [0.0, 0.0], [17.811548233032227, 10.62192440032959], [20.03138017654419, 10.033222198486328], [17.492072105407715, 10.713794708251953], [27.5, 0.5], [13.617417335510254, 9.990875244140625]]
[2026-07-07 15:26:39] Sent map infos: [[7.037382125854492, 9.66477108001709], [0.0, 0.0], [2.39681, 2.36], [14.003973960876465, 5.944061279296875], [0.5, 14.5], [7.233104705810547, 5.091498374938965], [0.0, 0.0], [17.811548233032227, 10.62192440032959], [20.03138017654419, 10.033222198486328], [17.492072105407715, 10.713794708251953], [27.5, 0.5], [13.617417335510254, 9.990875244140625]]
[2026-07-07 15:26:39] Marked situation: [0, 0, 0, 0, 0, 0, 0]
[2026-07-07 15:26:39] have_double_effect_times: 0 , is_activating_double_effect: 0 , already_activate_double_effect_times: 0
[2026-07-07 15:26:40] update time left356
[2026-07-07 15:26:40] Marked situation: [0, 0, 0, 0, 0, 0, 0]
[2026-07-07 15:26:40] have_double_effect_times: 0 , is_activating_double_effect: 0 , already_activate_double_effect_times: 0
[2026-07-07 15:26:40] Sent map info: [[7.013799667358398, 9.658384323120117], [0.0, 0.0], [2.39681, 2.36], [13.246994018554688, 7.406091213226318], [0.5, 14.5], [7.054689407348633, 5.078967094421387], [0.0, 0.0], [17.811548233032227, 10.62192440032959], [20.03138017654419, 10.033222198486328], [17.492072105407715, 10.713794708251953], [27.5, 0.5], [13.617417335510254, 9.990875244140625]]
[2026-07-07 15:26:40] Sent map infos: [[7.013799667358398, 9.658384323120117], [0.0, 0.0], [2.39681, 2.36], [13.246994018554688, 7.406091213226318], [0.5, 14.5], [7.054689407348633, 5.078967094421387], [0.0, 0.0], [17.811548233032227, 10.62192440032959], [20.03138017654419, 10.033222198486328], [17.492072105407715, 10.713794708251953], [27.5, 0.5], [13.617417335510254, 9.990875244140625]]
[2026-07-07 15:26:40] Marked situation: [0, 0, 0, 0, 0, 0, 0]
[2026-07-07 15:26:40] have_double_effect_times: 0 , is_activating_double_effect: 0 , already_activate_double_effect_times: 0
[2026-07-07 15:26:40] Marked situation: [0, 0, 0, 0, 0, 0, 0]
[2026-07-07 15:26:40] have_double_effect_times: 0 , is_activating_double_effect: 0 , already_activate_double_effect_times: 0
[2026-07-07 15:26:40] Sent map info: [[7.015951156616211, 9.655479431152344], [0.0, 0.0], [2.39681, 2.36], [12.714446067810059, 8.802138328552246], [0.5, 14.5], [7.155550003051758, 5.087408542633057], [0.0, 0.0], [17.811548233032227, 10.62192440032959], [20.03138017654419, 10.033222198486328], [17.492072105407715, 10.713794708251953], [27.5, 0.5], [13.617417335510254, 9.990875244140625]]
[2026-07-07 15:26:40] Sent map infos: [[7.015951156616211, 9.655479431152344], [0.0, 0.0], [2.39681, 2.36], [12.714446067810059, 8.802138328552246], [0.5, 14.5], [7.155550003051758, 5.087408542633057], [0.0, 0.0], [17.811548233032227, 10.62192440032959], [20.03138017654419, 10.033222198486328], [17.492072105407715, 10.713794708251953], [27.5, 0.5], [13.617417335510254, 9.990875244140625]]
[2026-07-07 15:26:40] Marked situation: [0, 0, 0, 0, 0, 0, 0]
[2026-07-07 15:26:40] have_double_effect_times: 0 , is_activating_double_effect: 0 , already_activate_double_effect_times: 0
[2026-07-07 15:26:40] update time left355
[2026-07-07 15:26:40] Marked situation: [0, 0, 0, 0, 0, 0, 0]
[2026-07-07 15:26:40] have_double_effect_times: 0 , is_activating_double_effect: 0 , already_activate_double_effect_times: 0
[2026-07-07 15:26:40] Sent map info: [[7.016241073608398, 9.6550874710083], [0.0, 0.0], [2.39681, 2.36], [12.314942359924316, 9.716559410095215], [0.5, 14.5], [7.211326599121094, 5.083781719207764], [0.0, 0.0], [17.811548233032227, 10.62192440032959], [20.03138017654419, 10.033222198486328], [20.484081745147705, 11.157289505004883], [27.5, 0.5], [13.617417335510254, 9.990875244140625]]
[2026-07-07 15:26:40] Sent map infos: [[7.016241073608398, 9.6550874710083], [0.0, 0.0], [2.39681, 2.36], [12.314942359924316, 9.716559410095215], [0.5, 14.5], [7.211326599121094, 5.083781719207764], [0.0, 0.0], [17.811548233032227, 10.62192440032959], [20.03138017654419, 10.033222198486328], [20.484081745147705, 11.157289505004883], [27.5, 0.5], [13.617417335510254, 9.990875244140625]]
[2026-07-07 15:26:41] Marked situation: [0, 0, 0, 0, 0, 0, 0]
[2026-07-07 15:26:41] have_double_effect_times: 0 , is_activating_double_effect: 0 , already_activate_double_effect_times: 0
[2026-07-07 15:26:41] Marked situation: [0, 0, 0, 0, 0, 0, 0]
[2026-07-07 15:26:41] have_double_effect_times: 0 , is_activating_double_effect: 0 , already_activate_double_effect_times: 0
[2026-07-07 15:26:41] Sent map info: [[7.015996932983398, 9.655417442321777], [0.0, 0.0], [2.39681, 2.36], [12.030936241149902, 10.36394214630127], [0.5, 14.5], [7.103265762329102, 5.085929870605469], [0.0, 0.0], [17.811548233032227, 10.62192440032959], [20.03138017654419, 10.033222198486328], [20.79696750640869, 11.358263969421387], [27.5, 0.5], [13.617417335510254, 9.990875244140625]]
[2026-07-07 15:26:41] Sent map infos: [[7.015996932983398, 9.655417442321777], [0.0, 0.0], [2.39681, 2.36], [12.030936241149902, 10.36394214630127], [0.5, 14.5], [7.103265762329102, 5.085929870605469], [0.0, 0.0], [17.811548233032227, 10.62192440032959], [20.03138017654419, 10.033222198486328], [20.79696750640869, 11.358263969421387], [27.5, 0.5], [13.617417335510254, 9.990875244140625]]
[2026-07-07 15:26:41] Marked situation: [0, 0, 0, 0, 0, 0, 0]
[2026-07-07 15:26:41] have_double_effect_times: 0 , is_activating_double_effect: 0 , already_activate_double_effect_times: 0
[2026-07-07 15:26:41] Marked situation: [0, 0, 0, 0, 0, 0, 0]
[2026-07-07 15:26:41] have_double_effect_times: 0 , is_activating_double_effect: 0 , already_activate_double_effect_times: 0
[2026-07-07 15:26:41] Sent map info: [[7.01801872253418, 9.652689933776855], [0.0, 0.0], [2.39681, 2.36], [11.784196853637695, 10.166658401489258], [0.5, 14.5], [7.184621810913086, 5.083729267120361], [0.0, 0.0], [17.811548233032227, 10.62192440032959], [20.03138017654419, 10.033222198486328], [20.09881353378296, 12.149333000183105], [27.5, 0.5], [13.617417335510254, 9.990875244140625]]
[2026-07-07 15:26:41] Sent map infos: [[7.01801872253418, 9.652689933776855], [0.0, 0.0], [2.39681, 2.36], [11.784196853637695, 10.166658401489258], [0.5, 14.5], [7.184621810913086, 5.083729267120361], [0.0, 0.0], [17.811548233032227, 10.62192440032959], [20.03138017654419, 10.033222198486328], [20.09881353378296, 12.149333000183105], [27.5, 0.5], [13.617417335510254, 9.990875244140625]]
[2026-07-07 15:26:41] update time left354
[2026-07-07 15:26:41] Marked situation: [0, 0, 0, 0, 0, 0, 0]
[2026-07-07 15:26:41] have_double_effect_times: 0 , is_activating_double_effect: 0 , already_activate_double_effect_times: 0
[2026-07-07 15:26:42] Marked situation: [0, 0, 0, 0, 0, 0, 0]
[2026-07-07 15:26:42] have_double_effect_times: 0 , is_activating_double_effect: 0 , already_activate_double_effect_times: 0
[2026-07-07 15:26:42] Sent map info: [[7.043691635131836, 9.656264305114746], [0.0, 0.0], [2.39681, 2.36], [12.30952262878418, 9.593618392944336], [0.5, 14.5], [7.15955924987793, 5.081206798553467], [0.0, 0.0], [17.811548233032227, 10.62192440032959], [20.03138017654419, 10.033222198486328], [19.805540084838867, 12.32866382598877], [27.5, 0.5], [13.617417335510254, 9.990875244140625]]
[2026-07-07 15:26:42] Sent map infos: [[7.043691635131836, 9.656264305114746], [0.0, 0.0], [2.39681, 2.36], [12.30952262878418, 9.593618392944336], [0.5, 14.5], [7.15955924987793, 5.081206798553467], [0.0, 0.0], [17.811548233032227, 10.62192440032959], [20.03138017654419, 10.033222198486328], [19.805540084838867, 12.32866382598877], [27.5, 0.5], [13.617417335510254, 9.990875244140625]]
[2026-07-07 15:26:42] Marked situation: [0, 0, 0, 0, 0, 0, 0]
[2026-07-07 15:26:42] have_double_effect_times: 0 , is_activating_double_effect: 0 , already_activate_double_effect_times: 0
[2026-07-07 15:26:42] Marked situation: [0, 0, 0, 0, 0, 0, 0]
[2026-07-07 15:26:42] have_double_effect_times: 0 , is_activating_double_effect: 0 , already_activate_double_effect_times: 0
[2026-07-07 15:26:42] Sent map info: [[7.078035354614258, 9.648232460021973], [0.0, 0.0], [2.39681, 2.36], [13.081546783447266, 9.10417366027832], [0.5, 14.5], [7.090536117553711, 5.1056671142578125], [0.0, 0.0], [17.811548233032227, 10.62192440032959], [20.03138017654419, 10.033222198486328], [17.996745109558105, 12.440831184387207], [27.5, 0.5], [13.61788272857666, 9.990397453308105]]
[2026-07-07 15:26:42] Sent map infos: [[7.078035354614258, 9.648232460021973], [0.0, 0.0], [2.39681, 2.36], [13.081546783447266, 9.10417366027832], [0.5, 14.5], [7.090536117553711, 5.1056671142578125], [0.0, 0.0], [17.811548233032227, 10.62192440032959], [20.03138017654419, 10.033222198486328], [17.996745109558105, 12.440831184387207], [27.5, 0.5], [13.61788272857666, 9.990397453308105]]
[2026-07-07 15:26:42] Marked situation: [0, 0, 0, 0, 0, 0, 0]
[2026-07-07 15:26:42] have_double_effect_times: 0 , is_activating_double_effect: 0 , already_activate_double_effect_times: 0
[2026-07-07 15:26:42] update time left353
[2026-07-07 15:26:42] Marked situation: [0, 0, 0, 0, 0, 0, 0]
[2026-07-07 15:26:42] have_double_effect_times: 0 , is_activating_double_effect: 0 , already_activate_double_effect_times: 0
[2026-07-07 15:26:42] Sent map info: [[7.129167556762695, 9.656024932861328], [0.0, 0.0], [2.39681, 2.36], [13.995294570922852, 8.931873321533203], [0.5, 14.5], [7.182640075683594, 5.086789131164551], [0.0, 0.0], [17.811548233032227, 10.62192440032959], [20.03138017654419, 10.033222198486328], [16.572986602783203, 12.34511947631836], [27.5, 0.5], [13.550119400024414, 9.972270011901855]]
[2026-07-07 15:26:42] Sent map infos: [[7.129167556762695, 9.656024932861328], [0.0, 0.0], [2.39681, 2.36], [13.995294570922852, 8.931873321533203], [0.5, 14.5], [7.182640075683594, 5.086789131164551], [0.0, 0.0], [17.811548233032227, 10.62192440032959], [20.03138017654419, 10.033222198486328], [16.572986602783203, 12.34511947631836], [27.5, 0.5], [13.550119400024414, 9.972270011901855]]
[2026-07-07 15:26:43] Marked situation: [0, 0, 0, 0, 0, 0, 0]
[2026-07-07 15:26:43] have_double_effect_times: 0 , is_activating_double_effect: 0 , already_activate_double_effect_times: 0
[2026-07-07 15:26:43] Marked situation: [0, 0, 0, 0, 0, 0, 0]
[2026-07-07 15:26:43] have_double_effect_times: 0 , is_activating_double_effect: 0 , already_activate_double_effect_times: 0
[2026-07-07 15:26:43] Sent map info: [[7.129171371459961, 9.656020164489746], [0.0, 0.0], [2.39681, 2.36], [13.778496742248535, 9.114975929260254], [0.5, 14.5], [7.09962272644043, 5.091579437255859], [0.0, 0.0], [17.811548233032227, 10.62192440032959], [20.03138017654419, 10.033222198486328], [15.015892028808594, 12.19965934753418], [27.5, 0.5], [13.586771011352539, 9.978446006774902]]
[2026-07-07 15:26:43] Sent map infos: [[7.129171371459961, 9.656020164489746], [0.0, 0.0], [2.39681, 2.36], [13.778496742248535, 9.114975929260254], [0.5, 14.5], [7.09962272644043, 5.091579437255859], [0.0, 0.0], [17.811548233032227, 10.62192440032959], [20.03138017654419, 10.033222198486328], [15.015892028808594, 12.19965934753418], [27.5, 0.5], [13.586771011352539, 9.978446006774902]]
[2026-07-07 15:26:43] Marked situation: [0, 0, 0, 0, 0, 0, 0]
[2026-07-07 15:26:43] have_double_effect_times: 0 , is_activating_double_effect: 0 , already_activate_double_effect_times: 0
[2026-07-07 15:26:43] Marked situation: [0, 0, 0, 0, 0, 0, 0]
[2026-07-07 15:26:43] have_double_effect_times: 0 , is_activating_double_effect: 0 , already_activate_double_effect_times: 0
[2026-07-07 15:26:43] Sent map info: [[7.130500793457031, 9.654233932495117], [0.0, 0.0], [2.39681, 2.36], [13.892600059509277, 9.173906326293945], [0.5, 14.5], [7.125694274902344, 5.092385768890381], [0.0, 0.0], [17.811548233032227, 10.62192440032959], [20.03138017654419, 10.033222198486328], [13.955850601196289, 12.092379570007324], [27.5, 0.5], [13.54642391204834, 9.976078033447266]]
[2026-07-07 15:26:43] Sent map infos: [[7.130500793457031, 9.654233932495117], [0.0, 0.0], [2.39681, 2.36], [13.892600059509277, 9.173906326293945], [0.5, 14.5], [7.125694274902344, 5.092385768890381], [0.0, 0.0], [17.811548233032227, 10.62192440032959], [20.03138017654419, 10.033222198486328], [13.955850601196289, 12.092379570007324], [27.5, 0.5], [13.54642391204834, 9.976078033447266]]
[2026-07-07 15:26:43] Marked situation: [0, 0, 0, 0, 0, 0, 0]
[2026-07-07 15:26:43] have_double_effect_times: 0 , is_activating_double_effect: 0 , already_activate_double_effect_times: 0
[2026-07-07 15:26:44] update time left352
[2026-07-07 15:26:44] Marked situation: [0, 0, 0, 0, 0, 0, 0]
[2026-07-07 15:26:44] have_double_effect_times: 0 , is_activating_double_effect: 0 , already_activate_double_effect_times: 0
[2026-07-07 15:26:44] Sent map info: [[7.130908966064453, 9.6536865234375], [0.0, 0.0], [2.39681, 2.36], [13.321624755859375, 9.243435859680176], [0.5, 14.5], [7.153354644775391, 5.090806484222412], [0.0, 0.0], [17.811548233032227, 10.62192440032959], [20.03138017654419, 10.033222198486328], [13.07790756225586, 12.333659172058105], [27.5, 0.5], [13.521110534667969, 10.089802742004395]]
[2026-07-07 15:26:44] Sent map infos: [[7.130908966064453, 9.6536865234375], [0.0, 0.0], [2.39681, 2.36], [13.321624755859375, 9.243435859680176], [0.5, 14.5], [7.153354644775391, 5.090806484222412], [0.0, 0.0], [17.811548233032227, 10.62192440032959], [20.03138017654419, 10.033222198486328], [13.07790756225586, 12.333659172058105], [27.5, 0.5], [13.521110534667969, 10.089802742004395]]
[2026-07-07 15:26:44] Marked situation: [0, 0, 0, 0, 0, 0, 0]
[2026-07-07 15:26:44] have_double_effect_times: 0 , is_activating_double_effect: 0 , already_activate_double_effect_times: 0
[2026-07-07 15:26:44] Marked situation: [0, 0, 0, 0, 0, 0, 0]
[2026-07-07 15:26:44] have_double_effect_times: 0 , is_activating_double_effect: 0 , already_activate_double_effect_times: 0
[2026-07-07 15:26:44] Sent map info: [[7.130071640014648, 9.654810905456543], [0.0, 0.0], [2.39681, 2.36], [12.488569259643555, 9.78661823272705], [0.5, 14.5], [7.118200302124023, 5.103992462158203], [0.0, 0.0], [17.811548233032227, 10.62192440032959], [20.03138017654419, 10.033222198486328], [13.810243606567383, 12.144001007080078], [27.5, 0.5], [13.590190887451172, 10.325521469116211]]
[2026-07-07 15:26:44] Sent map infos: [[7.130071640014648, 9.654810905456543], [0.0, 0.0], [2.39681, 2.36], [12.488569259643555, 9.78661823272705], [0.5, 14.5], [7.118200302124023, 5.103992462158203], [0.0, 0.0], [17.811548233032227, 10.62192440032959], [20.03138017654419, 10.033222198486328], [13.810243606567383, 12.144001007080078], [27.5, 0.5], [13.590190887451172, 10.325521469116211]]
[2026-07-07 15:26:44] Marked situation: [0, 0, 0, 0, 0, 0, 0]
[2026-07-07 15:26:44] have_double_effect_times: 0 , is_activating_double_effect: 0 , already_activate_double_effect_times: 0
[2026-07-07 15:26:44] update time left351
[2026-07-07 15:26:44] Marked situation: [0, 0, 0, 0, 0, 0, 0]
[2026-07-07 15:26:44] have_double_effect_times: 0 , is_activating_double_effect: 0 , already_activate_double_effect_times: 0
[2026-07-07 15:26:44] Sent map info: [[7.130870819091797, 9.653738021850586], [0.0, 0.0], [2.39681, 2.36], [12.144054412841797, 10.538951873779297], [0.5, 14.5], [7.150056838989258, 5.095905303955078], [0.0, 0.0], [17.811548233032227, 10.62192440032959], [20.03138017654419, 10.033222198486328], [13.554489135742188, 12.045300483703613], [27.5, 0.5], [13.784507751464844, 10.52309513092041]]
[2026-07-07 15:26:44] Sent map infos: [[7.130870819091797, 9.653738021850586], [0.0, 0.0], [2.39681, 2.36], [12.144054412841797, 10.538951873779297], [0.5, 14.5], [7.150056838989258, 5.095905303955078], [0.0, 0.0], [17.811548233032227, 10.62192440032959], [20.03138017654419, 10.033222198486328], [13.554489135742188, 12.045300483703613], [27.5, 0.5], [13.784507751464844, 10.52309513092041]]
[2026-07-07 15:26:45] Marked situation: [0, 0, 0, 0, 0, 0, 0]
[2026-07-07 15:26:45] have_double_effect_times: 0 , is_activating_double_effect: 0 , already_activate_double_effect_times: 0
[2026-07-07 15:26:45] Marked situation: [0, 0, 0, 0, 0, 0, 0]
[2026-07-07 15:26:45] have_double_effect_times: 0 , is_activating_double_effect: 0 , already_activate_double_effect_times: 0
[2026-07-07 15:26:45] Sent map info: [[7.130916595458984, 9.653675079345703], [0.0, 0.0], [2.39681, 2.36], [12.486427307128906, 10.474040985107422], [0.5, 14.5], [7.126502990722656, 5.091132164001465], [0.0, 0.0], [17.811548233032227, 10.62192440032959], [20.03138017654419, 10.033222198486328], [13.598309516906738, 11.96058464050293], [27.5, 0.5], [14.193927764892578, 10.64349365234375]]
[2026-07-07 15:26:45] Sent map infos: [[7.130916595458984, 9.653675079345703], [0.0, 0.0], [2.39681, 2.36], [12.486427307128906, 10.474040985107422], [0.5, 14.5], [7.126502990722656, 5.091132164001465], [0.0, 0.0], [17.811548233032227, 10.62192440032959], [20.03138017654419, 10.033222198486328], [13.598309516906738, 11.96058464050293], [27.5, 0.5], [14.193927764892578, 10.64349365234375]]
[2026-07-07 15:26:45] Marked situation: [0, 0, 0, 0, 0, 0, 0]
[2026-07-07 15:26:45] have_double_effect_times: 0 , is_activating_double_effect: 0 , already_activate_double_effect_times: 0
[2026-07-07 15:26:45] Marked situation: [0, 0, 0, 0, 0, 0, 0]
[2026-07-07 15:26:45] have_double_effect_times: 0 , is_activating_double_effect: 0 , already_activate_double_effect_times: 0
[2026-07-07 15:26:45] Sent map info: [[7.131311416625977, 9.653146743774414], [0.0, 0.0], [2.39681, 2.36], [13.259157180786133, 10.054485321044922], [0.5, 14.5], [7.088220596313477, 5.109259128570557], [0.0, 0.0], [17.811548233032227, 10.62192440032959], [20.03138017654419, 10.033222198486328], [13.694415092468262, 11.954167366027832], [27.5, 0.5], [14.642013549804688, 10.60411548614502]]
[2026-07-07 15:26:45] Sent map infos: [[7.131311416625977, 9.653146743774414], [0.0, 0.0], [2.39681, 2.36], [13.259157180786133, 10.054485321044922], [0.5, 14.5], [7.088220596313477, 5.109259128570557], [0.0, 0.0], [17.811548233032227, 10.62192440032959], [20.03138017654419, 10.033222198486328], [13.694415092468262, 11.954167366027832], [27.5, 0.5], [14.642013549804688, 10.60411548614502]]
[2026-07-07 15:26:45] Marked situation: [0, 0, 0, 0, 0, 0, 0]
[2026-07-07 15:26:45] have_double_effect_times: 0 , is_activating_double_effect: 0 , already_activate_double_effect_times: 0
[2026-07-07 15:26:46] update time left350
[2026-07-07 15:26:46] Marked situation: [0, 0, 0, 0, 0, 0, 0]
[2026-07-07 15:26:46] have_double_effect_times: 0 , is_activating_double_effect: 0 , already_activate_double_effect_times: 0
[2026-07-07 15:26:46] Sent map info: [[7.128305435180664, 9.657181739807129], [0.0, 0.0], [2.39681, 2.36], [14.287338256835938, 9.840457916259766], [0.5, 14.5], [7.170978546142578, 5.104808330535889], [0.0, 0.0], [17.811548233032227, 10.62192440032959], [20.03138017654419, 10.033222198486328], [13.148303985595703, 12.392208099365234], [27.5, 0.5], [15.033098220825195, 10.584405899047852]]
[2026-07-07 15:26:46] Sent map infos: [[7.128305435180664, 9.657181739807129], [0.0, 0.0], [2.39681, 2.36], [14.287338256835938, 9.840457916259766], [0.5, 14.5], [7.170978546142578, 5.104808330535889], [0.0, 0.0], [17.811548233032227, 10.62192440032959], [20.03138017654419, 10.033222198486328], [13.148303985595703, 12.392208099365234], [27.5, 0.5], [15.033098220825195, 10.584405899047852]]
[2026-07-07 15:26:46] Marked situation: [0, 0, 0, 0, 0, 0, 0]
[2026-07-07 15:26:46] have_double_effect_times: 0 , is_activating_double_effect: 0 , already_activate_double_effect_times: 0
[2026-07-07 15:26:46] Marked situation: [0, 0, 0, 0, 0, 0, 0]
[2026-07-07 15:26:46] have_double_effect_times: 0 , is_activating_double_effect: 0 , already_activate_double_effect_times: 0
[2026-07-07 15:26:46] Sent map info: [[7.130947113037109, 9.65363597869873], [0.0, 0.0], [2.39681, 2.36], [15.36890983581543, 9.715518951416016], [0.5, 14.5], [7.121950149536133, 5.0981831550598145], [0.0, 0.0], [17.811548233032227, 10.62192440032959], [20.03138017654419, 10.033222198486328], [13.344408988952637, 12.331153869628906], [27.5, 0.5], [15.375624656677246, 10.708699226379395]]
[2026-07-07 15:26:46] Sent map infos: [[7.130947113037109, 9.65363597869873], [0.0, 0.0], [2.39681, 2.36], [15.36890983581543, 9.715518951416016], [0.5, 14.5], [7.121950149536133, 5.0981831550598145], [0.0, 0.0], [17.811548233032227, 10.62192440032959], [20.03138017654419, 10.033222198486328], [13.344408988952637, 12.331153869628906], [27.5, 0.5], [15.375624656677246, 10.708699226379395]]
[2026-07-07 15:26:46] Marked situation: [0, 0, 0, 0, 0, 0, 0]
[2026-07-07 15:26:46] have_double_effect_times: 0 , is_activating_double_effect: 0 , already_activate_double_effect_times: 0
[2026-07-07 15:26:46] update time left349
[2026-07-07 15:26:46] Marked situation: [0, 0, 0, 0, 0, 0, 0]
[2026-07-07 15:26:46] have_double_effect_times: 0 , is_activating_double_effect: 0 , already_activate_double_effect_times: 0
[2026-07-07 15:26:46] Sent map info: [[7.127321243286133, 9.658503532409668], [0.0, 0.0], [2.39681, 2.36], [15.171673774719238, 10.044414520263672], [0.5, 14.5], [7.104969024658203, 5.124485015869141], [0.0, 0.0], [17.811548233032227, 10.62192440032959], [20.03138017654419, 10.033222198486328], [13.974617958068848, 12.289604187011719], [27.5, 0.5], [15.525203704833984, 10.839213371276855]]
[2026-07-07 15:26:46] Sent map infos: [[7.127321243286133, 9.658503532409668], [0.0, 0.0], [2.39681, 2.36], [15.171673774719238, 10.044414520263672], [0.5, 14.5], [7.104969024658203, 5.124485015869141], [0.0, 0.0], [17.811548233032227, 10.62192440032959], [20.03138017654419, 10.033222198486328], [13.974617958068848, 12.289604187011719], [27.5, 0.5], [15.525203704833984, 10.839213371276855]]
[2026-07-07 15:26:47] Marked situation: [0, 0, 0, 0, 0, 0, 0]
[2026-07-07 15:26:47] have_double_effect_times: 0 , is_activating_double_effect: 0 , already_activate_double_effect_times: 0
[2026-07-07 15:26:47] Marked situation: [0, 0, 0, 0, 0, 0, 0]
[2026-07-07 15:26:47] have_double_effect_times: 0 , is_activating_double_effect: 0 , already_activate_double_effect_times: 0
[2026-07-07 15:26:47] Sent map info: [[7.1307220458984375, 9.653937339782715], [0.0, 0.0], [2.39681, 2.36], [15.515320777893066, 10.167491912841797], [0.5, 14.5], [7.169042587280273, 5.1077985763549805], [0.0, 0.0], [17.811548233032227, 10.62192440032959], [20.03138017654419, 10.033222198486328], [14.492766380310059, 12.543946266174316], [27.5, 0.5], [15.451031684875488, 11.088796615600586]]
[2026-07-07 15:26:47] Sent map infos: [[7.1307220458984375, 9.653937339782715], [0.0, 0.0], [2.39681, 2.36], [15.515320777893066, 10.167491912841797], [0.5, 14.5], [7.169042587280273, 5.1077985763549805], [0.0, 0.0], [17.811548233032227, 10.62192440032959], [20.03138017654419, 10.033222198486328], [14.492766380310059, 12.543946266174316], [27.5, 0.5], [15.451031684875488, 11.088796615600586]]
[2026-07-07 15:26:47] Marked situation: [0, 0, 0, 0, 0, 0, 0]
[2026-07-07 15:26:47] have_double_effect_times: 0 , is_activating_double_effect: 0 , already_activate_double_effect_times: 0
[2026-07-07 15:26:47] Marked situation: [0, 0, 0, 0, 0, 0, 0]
[2026-07-07 15:26:47] have_double_effect_times: 0 , is_activating_double_effect: 0 , already_activate_double_effect_times: 0
[2026-07-07 15:26:47] Sent map info: [[7.131277084350586, 9.653192520141602], [0.0, 0.0], [2.39681, 2.36], [15.036745071411133, 10.446059226989746], [0.5, 14.5], [7.110279083251953, 5.116260051727295], [0.0, 0.0], [17.811548233032227, 10.62192440032959], [20.03138017654419, 10.033222198486328], [15.02743911743164, 12.496310234069824], [27.5, 0.5], [15.360641479492188, 11.262490272521973]]
[2026-07-07 15:26:47] Sent map infos: [[7.131277084350586, 9.653192520141602], [0.0, 0.0], [2.39681, 2.36], [15.036745071411133, 10.446059226989746], [0.5, 14.5], [7.110279083251953, 5.116260051727295], [0.0, 0.0], [17.811548233032227, 10.62192440032959], [20.03138017654419, 10.033222198486328], [15.02743911743164, 12.496310234069824], [27.5, 0.5], [15.360641479492188, 11.262490272521973]]
[2026-07-07 15:26:47] update time left348
[2026-07-07 15:26:47] Marked situation: [0, 0, 0, 0, 0, 0, 0]
[2026-07-07 15:26:47] have_double_effect_times: 0 , is_activating_double_effect: 0 , already_activate_double_effect_times: 0
[2026-07-07 15:26:48] Marked situation: [0, 0, 0, 0, 0, 0, 0]
[2026-07-07 15:26:48] have_double_effect_times: 0 , is_activating_double_effect: 0 , already_activate_double_effect_times: 0
[2026-07-07 15:26:48] Sent map info: [[7.128622055053711, 9.656757354736328], [0.0, 0.0], [2.39681, 2.36], [15.272737503051758, 10.445026397705078], [0.5, 14.5], [7.099449157714844, 5.133031845092773], [0.0, 0.0], [17.811548233032227, 10.62192440032959], [20.03138017654419, 10.033222198486328], [15.544145584106445, 12.344582557678223], [27.5, 0.5], [15.395520210266113, 11.275025367736816]]
[2026-07-07 15:26:48] Sent map infos: [[7.128622055053711, 9.656757354736328], [0.0, 0.0], [2.39681, 2.36], [15.272737503051758, 10.445026397705078], [0.5, 14.5], [7.099449157714844, 5.133031845092773], [0.0, 0.0], [17.811548233032227, 10.62192440032959], [20.03138017654419, 10.033222198486328], [15.544145584106445, 12.344582557678223], [27.5, 0.5], [15.395520210266113, 11.275025367736816]]
[2026-07-07 15:26:48] Marked situation: [0, 0, 0, 0, 0, 0, 0]
[2026-07-07 15:26:48] have_double_effect_times: 0 , is_activating_double_effect: 0 , already_activate_double_effect_times: 0
[2026-07-07 15:26:48] Marked situation: [0, 0, 0, 0, 0, 0, 0]
[2026-07-07 15:26:48] have_double_effect_times: 0 , is_activating_double_effect: 0 , already_activate_double_effect_times: 0
[2026-07-07 15:26:48] Sent map info: [[7.1301422119140625, 9.654715538024902], [0.0, 0.0], [2.39681, 2.36], [15.73469066619873, 10.278223991394043], [0.5, 14.5], [7.161624908447266, 5.119258403778076], [0.0, 0.0], [17.811548233032227, 10.62192440032959], [20.03138017654419, 10.033222198486328], [15.306714057922363, 12.466777801513672], [27.5, 0.5], [15.44530200958252, 11.273873329162598]]
[2026-07-07 15:26:48] Sent map infos: [[7.1301422119140625, 9.654715538024902], [0.0, 0.0], [2.39681, 2.36], [15.73469066619873, 10.278223991394043], [0.5, 14.5], [7.161624908447266, 5.119258403778076], [0.0, 0.0], [17.811548233032227, 10.62192440032959], [20.03138017654419, 10.033222198486328], [15.306714057922363, 12.466777801513672], [27.5, 0.5], [15.44530200958252, 11.273873329162598]]
[2026-07-07 15:26:48] Marked situation: [0, 0, 0, 0, 0, 0, 0]
[2026-07-07 15:26:48] have_double_effect_times: 0 , is_activating_double_effect: 0 , already_activate_double_effect_times: 0
[2026-07-07 15:26:48] update time left347
[2026-07-07 15:26:48] Marked situation: [0, 0, 0, 0, 0, 0, 0]
[2026-07-07 15:26:48] have_double_effect_times: 0 , is_activating_double_effect: 0 , already_activate_double_effect_times: 0
[2026-07-07 15:26:48] Sent map info: [[7.130298614501953, 9.654504776000977], [0.0, 0.0], [2.39681, 2.36], [15.55647087097168, 10.310505867004395], [0.5, 14.5], [7.077770233154297, 5.125461578369141], [0.0, 0.0], [15.2388334274292, 12.571043014526367], [20.03138017654419, 10.033222198486328], [15.20081901550293, 12.560867309570312], [27.5, 0.5], [15.410341262817383, 11.26131534576416]]
[2026-07-07 15:26:48] Sent map infos: [[7.130298614501953, 9.654504776000977], [0.0, 0.0], [2.39681, 2.36], [15.55647087097168, 10.310505867004395], [0.5, 14.5], [7.077770233154297, 5.125461578369141], [0.0, 0.0], [15.2388334274292, 12.571043014526367], [20.03138017654419, 10.033222198486328], [15.20081901550293, 12.560867309570312], [27.5, 0.5], [15.410341262817383, 11.26131534576416]]
[2026-07-07 15:26:49] Marked situation: [0, 0, 0, 0, 0, 0, 0]
[2026-07-07 15:26:49] have_double_effect_times: 0 , is_activating_double_effect: 0 , already_activate_double_effect_times: 0
[2026-07-07 15:26:49] Marked situation: [0, 0, 0, 0, 0, 0, 0]
[2026-07-07 15:26:49] have_double_effect_times: 0 , is_activating_double_effect: 0 , already_activate_double_effect_times: 0
[2026-07-07 15:26:49] Sent map info: [[7.130626678466797, 9.654067039489746], [0.0, 0.0], [2.39681, 2.36], [15.057926177978516, 10.515637397766113], [0.5, 14.5], [7.085048675537109, 5.114175796508789], [0.0, 0.0], [15.283756256103516, 12.575185775756836], [20.03138017654419, 10.033222198486328], [15.555048942565918, 12.600698471069336], [27.5, 0.5], [15.410341262817383, 11.26131534576416]]
[2026-07-07 15:26:49] Sent map infos: [[7.130626678466797, 9.654067039489746], [0.0, 0.0], [2.39681, 2.36], [15.057926177978516, 10.515637397766113], [0.5, 14.5], [7.085048675537109, 5.114175796508789], [0.0, 0.0], [15.283756256103516, 12.575185775756836], [20.03138017654419, 10.033222198486328], [15.555048942565918, 12.600698471069336], [27.5, 0.5], [15.410341262817383, 11.26131534576416]]
[2026-07-07 15:26:49] Marked situation: [0, 0, 0, 0, 0, 0, 0]
[2026-07-07 15:26:49] have_double_effect_times: 0 , is_activating_double_effect: 0 , already_activate_double_effect_times: 0
[2026-07-07 15:26:49] Marked situation: [0, 0, 0, 0, 0, 0, 0]
[2026-07-07 15:26:49] have_double_effect_times: 0 , is_activating_double_effect: 0 , already_activate_double_effect_times: 0
[2026-07-07 15:26:49] Sent map info: [[7.130319595336914, 9.654478073120117], [0.0, 0.0], [2.39681, 2.36], [14.355341911315918, 10.970654487609863], [0.5, 14.5], [7.159543991088867, 5.122473239898682], [0.0, 0.0], [15.283756256103516, 12.575185775756836], [20.03138017654419, 10.033222198486328], [16.44466495513916, 12.545287132263184], [27.5, 0.5], [15.410341262817383, 11.26131534576416]]
[2026-07-07 15:26:49] Sent map infos: [[7.130319595336914, 9.654478073120117], [0.0, 0.0], [2.39681, 2.36], [14.355341911315918, 10.970654487609863], [0.5, 14.5], [7.159543991088867, 5.122473239898682], [0.0, 0.0], [15.283756256103516, 12.575185775756836], [20.03138017654419, 10.033222198486328], [16.44466495513916, 12.545287132263184], [27.5, 0.5], [15.410341262817383, 11.26131534576416]]
[2026-07-07 15:26:49] update time left346
[2026-07-07 15:26:49] Marked situation: [0, 0, 0, 0, 0, 0, 0]
[2026-07-07 15:26:49] have_double_effect_times: 0 , is_activating_double_effect: 0 , already_activate_double_effect_times: 0
[2026-07-07 15:26:50] Marked situation: [0, 0, 0, 0, 0, 0, 0]
[2026-07-07 15:26:50] have_double_effect_times: 0 , is_activating_double_effect: 0 , already_activate_double_effect_times: 0
[2026-07-07 15:26:50] Sent map info: [[7.129184722900391, 9.656001091003418], [0.0, 0.0], [2.39681, 2.36], [14.122785568237305, 11.501065254211426], [0.5, 14.5], [7.098268508911133, 5.134862422943115], [0.0, 0.0], [15.283756256103516, 12.575185775756836], [20.03138017654419, 10.033222198486328], [18.21099090576172, 12.312695503234863], [27.5, 0.5], [15.410341262817383, 11.26131534576416]]
[2026-07-07 15:26:50] Sent map infos: [[7.129184722900391, 9.656001091003418], [0.0, 0.0], [2.39681, 2.36], [14.122785568237305, 11.501065254211426], [0.5, 14.5], [7.098268508911133, 5.134862422943115], [0.0, 0.0], [15.283756256103516, 12.575185775756836], [20.03138017654419, 10.033222198486328], [18.21099090576172, 12.312695503234863], [27.5, 0.5], [15.410341262817383, 11.26131534576416]]
[2026-07-07 15:26:50] Marked situation: [0, 0, 0, 0, 0, 0, 0]
[2026-07-07 15:26:50] have_double_effect_times: 0 , is_activating_double_effect: 0 , already_activate_double_effect_times: 0
[2026-07-07 15:26:50] Marked situation: [0, 0, 0, 0, 0, 0, 0]
[2026-07-07 15:26:50] have_double_effect_times: 0 , is_activating_double_effect: 0 , already_activate_double_effect_times: 0
[2026-07-07 15:26:50] Sent map info: [[7.130712509155273, 9.653949737548828], [0.0, 0.0], [2.39681, 2.36], [14.53510856628418, 11.94012451171875], [0.5, 14.5], [7.153038024902344, 5.132525444030762], [0.0, 0.0], [15.283756256103516, 12.575185775756836], [20.03138017654419, 10.033222198486328], [19.443218231201172, 12.03394603729248], [27.5, 0.5], [15.410341262817383, 11.26131534576416]]
[2026-07-07 15:26:50] Sent map infos: [[7.130712509155273, 9.653949737548828], [0.0, 0.0], [2.39681, 2.36], [14.53510856628418, 11.94012451171875], [0.5, 14.5], [7.153038024902344, 5.132525444030762], [0.0, 0.0], [15.283756256103516, 12.575185775756836], [20.03138017654419, 10.033222198486328], [19.443218231201172, 12.03394603729248], [27.5, 0.5], [15.410341262817383, 11.26131534576416]]
[2026-07-07 15:26:50] Marked situation: [0, 0, 0, 0, 0, 0, 0]
[2026-07-07 15:26:50] have_double_effect_times: 0 , is_activating_double_effect: 0 , already_activate_double_effect_times: 0
[2026-07-07 15:26:50] update time left345
[2026-07-07 15:26:50] Marked situation: [0, 0, 0, 0, 0, 0, 0]
[2026-07-07 15:26:50] have_double_effect_times: 0 , is_activating_double_effect: 0 , already_activate_double_effect_times: 0
[2026-07-07 15:26:50] Sent map info: [[7.125862121582031, 9.6604642868042], [0.0, 0.0], [2.39681, 2.36], [14.93960952758789, 12.3563871383667], [0.5, 14.5], [7.129222869873047, 5.128134250640869], [0.0, 0.0], [15.283756256103516, 12.575185775756836], [20.03138017654419, 10.033222198486328], [19.9048490524292, 11.959794044494629], [27.5, 0.5], [15.410341262817383, 11.26131534576416]]
[2026-07-07 15:26:50] Sent map infos: [[7.125862121582031, 9.6604642868042], [0.0, 0.0], [2.39681, 2.36], [14.93960952758789, 12.3563871383667], [0.5, 14.5], [7.129222869873047, 5.128134250640869], [0.0, 0.0], [15.283756256103516, 12.575185775756836], [20.03138017654419, 10.033222198486328], [19.9048490524292, 11.959794044494629], [27.5, 0.5], [15.410341262817383, 11.26131534576416]]
[2026-07-07 15:26:51] Marked situation: [0, 0, 0, 0, 0, 0, 0]
[2026-07-07 15:26:51] have_double_effect_times: 0 , is_activating_double_effect: 0 , already_activate_double_effect_times: 0
[2026-07-07 15:26:51] Marked situation: [0, 0, 0, 0, 0, 0, 0]
[2026-07-07 15:26:51] have_double_effect_times: 0 , is_activating_double_effect: 0 , already_activate_double_effect_times: 0
[2026-07-07 15:26:51] Sent map info: [[7.12843132019043, 9.657014846801758], [0.0, 0.0], [2.39681, 2.36], [16.266231536865234, 12.202950477600098], [0.5, 14.5], [7.142829895019531, 5.148297309875488], [0.0, 0.0], [21.07072639465332, 10.841776847839355], [20.03138017654419, 10.033222198486328], [21.002321243286133, 10.895934104919434], [27.5, 0.5], [15.410341262817383, 11.26131534576416]]
[2026-07-07 15:26:51] Sent map infos: [[7.12843132019043, 9.657014846801758], [0.0, 0.0], [2.39681, 2.36], [16.266231536865234, 12.202950477600098], [0.5, 14.5], [7.142829895019531, 5.148297309875488], [0.0, 0.0], [21.07072639465332, 10.841776847839355], [20.03138017654419, 10.033222198486328], [21.002321243286133, 10.895934104919434], [27.5, 0.5], [15.410341262817383, 11.26131534576416]]
[2026-07-07 15:26:51] Marked situation: [0, 0, 0, 0, 0, 0, 0]
[2026-07-07 15:26:51] have_double_effect_times: 0 , is_activating_double_effect: 0 , already_activate_double_effect_times: 0
[2026-07-07 15:26:51] Marked situation: [0, 0, 0, 0, 0, 0, 0]
[2026-07-07 15:26:51] have_double_effect_times: 0 , is_activating_double_effect: 0 , already_activate_double_effect_times: 0
[2026-07-07 15:26:51] Sent map info: [[7.131229400634766, 9.6532564163208], [0.0, 0.0], [2.39681, 2.36], [16.581046104431152, 12.065742492675781], [0.5, 14.5], [7.176565170288086, 5.137423038482666], [0.0, 0.0], [21.17015504837036, 10.763056755065918], [20.03138017654419, 10.033222198486328], [21.002321243286133, 10.895934104919434], [27.5, 0.5], [15.410341262817383, 11.26131534576416]]
[2026-07-07 15:26:51] Sent map infos: [[7.131229400634766, 9.6532564163208], [0.0, 0.0], [2.39681, 2.36], [16.581046104431152, 12.065742492675781], [0.5, 14.5], [7.176565170288086, 5.137423038482666], [0.0, 0.0], [21.17015504837036, 10.763056755065918], [20.03138017654419, 10.033222198486328], [21.002321243286133, 10.895934104919434], [27.5, 0.5], [15.410341262817383, 11.26131534576416]]
[2026-07-07 15:26:51] update time left344
[2026-07-07 15:26:51] Marked situation: [0, 0, 0, 0, 0, 0, 0]
[2026-07-07 15:26:51] have_double_effect_times: 0 , is_activating_double_effect: 0 , already_activate_double_effect_times: 0
[2026-07-07 15:26:52] Marked situation: [0, 0, 0, 0, 0, 0, 0]
[2026-07-07 15:26:52] have_double_effect_times: 0 , is_activating_double_effect: 0 , already_activate_double_effect_times: 0
[2026-07-07 15:26:52] Sent map info: [[7.152669906616211, 9.6627836227417], [0.0, 0.0], [2.39681, 2.36], [16.67212677001953, 12.214701652526855], [0.5, 14.5], [7.06480598449707, 5.145565509796143], [0.0, 0.0], [21.17015504837036, 10.763056755065918], [20.03138017654419, 10.033222198486328], [21.002321243286133, 10.895934104919434], [27.5, 0.5], [15.410341262817383, 11.26131534576416]]
[2026-07-07 15:26:52] Sent map infos: [[7.152669906616211, 9.6627836227417], [0.0, 0.0], [2.39681, 2.36], [16.67212677001953, 12.214701652526855], [0.5, 14.5], [7.06480598449707, 5.145565509796143], [0.0, 0.0], [21.17015504837036, 10.763056755065918], [20.03138017654419, 10.033222198486328], [21.002321243286133, 10.895934104919434], [27.5, 0.5], [15.410341262817383, 11.26131534576416]]
[2026-07-07 15:26:52] Marked situation: [0, 0, 0, 0, 0, 0, 0]
[2026-07-07 15:26:52] have_double_effect_times: 0 , is_activating_double_effect: 0 , already_activate_double_effect_times: 0
[2026-07-07 15:26:52] Marked situation: [0, 0, 0, 0, 0, 0, 0]
[2026-07-07 15:26:52] have_double_effect_times: 0 , is_activating_double_effect: 0 , already_activate_double_effect_times: 0
[2026-07-07 15:26:52] Sent map info: [[7.130390167236328, 9.65438175201416], [0.0, 0.0], [2.39681, 2.36], [16.687331199645996, 12.201652526855469], [0.5, 14.5], [7.171487808227539, 5.145258903503418], [0.0, 0.0], [21.17015504837036, 10.763056755065918], [20.03138017654419, 10.033222198486328], [21.002321243286133, 10.895934104919434], [27.5, 0.5], [15.410341262817383, 11.26131534576416]]
[2026-07-07 15:26:52] Sent map infos: [[7.130390167236328, 9.65438175201416], [0.0, 0.0], [2.39681, 2.36], [16.687331199645996, 12.201652526855469], [0.5, 14.5], [7.171487808227539, 5.145258903503418], [0.0, 0.0], [21.17015504837036, 10.763056755065918], [20.03138017654419, 10.033222198486328], [21.002321243286133, 10.895934104919434], [27.5, 0.5], [15.410341262817383, 11.26131534576416]]
[2026-07-07 15:26:52] Marked situation: [0, 0, 0, 0, 0, 0, 0]
[2026-07-07 15:26:52] have_double_effect_times: 0 , is_activating_double_effect: 0 , already_activate_double_effect_times: 0
[2026-07-07 15:26:52] update time left343
[2026-07-07 15:26:52] Marked situation: [0, 0, 0, 0, 0, 0, 0]
[2026-07-07 15:26:52] have_double_effect_times: 0 , is_activating_double_effect: 0 , already_activate_double_effect_times: 0
[2026-07-07 15:26:52] Sent map info: [[7.15447998046875, 9.660356521606445], [0.0, 0.0], [2.39681, 2.36], [16.723475456237793, 12.261709213256836], [0.5, 14.5], [7.124959945678711, 5.134729385375977], [0.0, 0.0], [21.17015504837036, 10.763056755065918], [20.03138017654419, 10.033222198486328], [21.002321243286133, 10.895934104919434], [27.5, 0.5], [15.410341262817383, 11.26131534576416]]
[2026-07-07 15:26:52] Sent map infos: [[7.15447998046875, 9.660356521606445], [0.0, 0.0], [2.39681, 2.36], [16.723475456237793, 12.261709213256836], [0.5, 14.5], [7.124959945678711, 5.134729385375977], [0.0, 0.0], [21.17015504837036, 10.763056755065918], [20.03138017654419, 10.033222198486328], [21.002321243286133, 10.895934104919434], [27.5, 0.5], [15.410341262817383, 11.26131534576416]]
[2026-07-07 15:26:53] Marked situation: [0, 0, 0, 0, 0, 0, 0]
[2026-07-07 15:26:53] have_double_effect_times: 0 , is_activating_double_effect: 0 , already_activate_double_effect_times: 0
[2026-07-07 15:26:53] Marked situation: [0, 0, 0, 0, 0, 0, 0]
[2026-07-07 15:26:53] have_double_effect_times: 0 , is_activating_double_effect: 0 , already_activate_double_effect_times: 0
[2026-07-07 15:26:53] Sent map info: [[7.153850555419922, 9.661201477050781], [0.0, 0.0], [2.39681, 2.36], [17.228891372680664, 12.428226470947266], [0.5, 14.5], [7.113502502441406, 5.1524529457092285], [0.0, 0.0], [21.17015504837036, 10.763056755065918], [20.03138017654419, 10.033222198486328], [21.002321243286133, 10.895934104919434], [27.5, 0.5], [15.410341262817383, 11.26131534576416]]
[2026-07-07 15:26:53] Sent map infos: [[7.153850555419922, 9.661201477050781], [0.0, 0.0], [2.39681, 2.36], [17.228891372680664, 12.428226470947266], [0.5, 14.5], [7.113502502441406, 5.1524529457092285], [0.0, 0.0], [21.17015504837036, 10.763056755065918], [20.03138017654419, 10.033222198486328], [21.002321243286133, 10.895934104919434], [27.5, 0.5], [15.410341262817383, 11.26131534576416]]
[2026-07-07 15:26:53] Marked situation: [0, 0, 0, 0, 0, 0, 0]
[2026-07-07 15:26:53] have_double_effect_times: 0 , is_activating_double_effect: 0 , already_activate_double_effect_times: 0
[2026-07-07 15:26:53] Marked situation: [0, 0, 0, 0, 0, 0, 0]
[2026-07-07 15:26:53] have_double_effect_times: 0 , is_activating_double_effect: 0 , already_activate_double_effect_times: 0
[2026-07-07 15:26:53] Sent map info: [[7.153097152709961, 9.662212371826172], [0.0, 0.0], [2.39681, 2.36], [16.900527000427246, 12.338766098022461], [0.5, 14.5], [7.148040771484375, 5.140244960784912], [0.0, 0.0], [21.17015504837036, 10.763056755065918], [20.03138017654419, 10.033222198486328], [19.53982162475586, 0.8878437876701355], [27.5, 0.5], [15.410341262817383, 11.26131534576416]]
[2026-07-07 15:26:53] Sent map infos: [[7.153097152709961, 9.662212371826172], [0.0, 0.0], [2.39681, 2.36], [16.900527000427246, 12.338766098022461], [0.5, 14.5], [7.148040771484375, 5.140244960784912], [0.0, 0.0], [21.17015504837036, 10.763056755065918], [20.03138017654419, 10.033222198486328], [19.53982162475586, 0.8878437876701355], [27.5, 0.5], [15.410341262817383, 11.26131534576416]]
[2026-07-07 15:26:53] update time left342
[2026-07-07 15:26:53] Marked situation: [0, 0, 0, 0, 0, 0, 0]
[2026-07-07 15:26:53] have_double_effect_times: 0 , is_activating_double_effect: 0 , already_activate_double_effect_times: 0
[2026-07-07 15:26:54] Marked situation: [0, 0, 0, 0, 0, 0, 0]
[2026-07-07 15:26:54] have_double_effect_times: 0 , is_activating_double_effect: 0 , already_activate_double_effect_times: 0
[2026-07-07 15:26:54] Sent map info: [[7.133249282836914, 9.650545120239258], [0.0, 0.0], [2.39681, 2.36], [15.994266510009766, 12.349982261657715], [0.5, 14.5], [7.109737396240234, 5.158275604248047], [0.0, 0.0], [21.17015504837036, 10.763056755065918], [20.03138017654419, 10.033222198486328], [18.07990550994873, 1.08525812625885], [27.5, 0.5], [15.410341262817383, 11.26131534576416]]
[2026-07-07 15:26:54] Sent map infos: [[7.133249282836914, 9.650545120239258], [0.0, 0.0], [2.39681, 2.36], [15.994266510009766, 12.349982261657715], [0.5, 14.5], [7.109737396240234, 5.158275604248047], [0.0, 0.0], [21.17015504837036, 10.763056755065918], [20.03138017654419, 10.033222198486328], [18.07990550994873, 1.08525812625885], [27.5, 0.5], [15.410341262817383, 11.26131534576416]]
[2026-07-07 15:26:54] Marked situation: [0, 0, 0, 0, 0, 0, 0]
[2026-07-07 15:26:54] have_double_effect_times: 0 , is_activating_double_effect: 0 , already_activate_double_effect_times: 0
[2026-07-07 15:26:54] Marked situation: [0, 0, 0, 0, 0, 0, 0]
[2026-07-07 15:26:54] have_double_effect_times: 0 , is_activating_double_effect: 0 , already_activate_double_effect_times: 0
[2026-07-07 15:26:54] Sent map info: [[7.154924392700195, 9.659761428833008], [0.0, 0.0], [2.39681, 2.36], [14.936495780944824, 12.359198570251465], [0.5, 14.5], [7.149890899658203, 5.178586483001709], [0.0, 0.0], [21.17015504837036, 10.763056755065918], [20.03138017654419, 10.033222198486328], [18.121503829956055, 1.9940062761306763], [27.5, 0.5], [15.410341262817383, 11.26131534576416]]
[2026-07-07 15:26:54] Sent map infos: [[7.154924392700195, 9.659761428833008], [0.0, 0.0], [2.39681, 2.36], [14.936495780944824, 12.359198570251465], [0.5, 14.5], [7.149890899658203, 5.178586483001709], [0.0, 0.0], [21.17015504837036, 10.763056755065918], [20.03138017654419, 10.033222198486328], [18.121503829956055, 1.9940062761306763], [27.5, 0.5], [15.410341262817383, 11.26131534576416]]
[2026-07-07 15:26:54] Marked situation: [0, 0, 0, 0, 0, 0, 0]
[2026-07-07 15:26:54] have_double_effect_times: 0 , is_activating_double_effect: 0 , already_activate_double_effect_times: 0
[2026-07-07 15:26:55] update time left341
[2026-07-07 15:26:55] Marked situation: [0, 0, 0, 0, 0, 0, 0]
[2026-07-07 15:26:55] have_double_effect_times: 0 , is_activating_double_effect: 0 , already_activate_double_effect_times: 0
[2026-07-07 15:26:55] Sent map info: [[7.125295639038086, 9.661224365234375], [0.0, 0.0], [2.39681, 2.36], [14.433880805969238, 12.077698707580566], [0.5, 14.5], [7.120990753173828, 5.140868663787842], [0.0, 0.0], [21.17015504837036, 10.763056755065918], [20.03138017654419, 10.033222198486328], [18.574249267578125, 2.4423818588256836], [27.5, 0.5], [15.410341262817383, 11.26131534576416]]
[2026-07-07 15:26:55] Sent map infos: [[7.125295639038086, 9.661224365234375], [0.0, 0.0], [2.39681, 2.36], [14.433880805969238, 12.077698707580566], [0.5, 14.5], [7.120990753173828, 5.140868663787842], [0.0, 0.0], [21.17015504837036, 10.763056755065918], [20.03138017654419, 10.033222198486328], [18.574249267578125, 2.4423818588256836], [27.5, 0.5], [15.410341262817383, 11.26131534576416]]
[2026-07-07 15:26:55] Marked situation: [0, 0, 0, 0, 0, 0, 0]
[2026-07-07 15:26:55] have_double_effect_times: 0 , is_activating_double_effect: 0 , already_activate_double_effect_times: 0
[2026-07-07 15:26:55] Marked situation: [0, 0, 0, 0, 0, 0, 0]
[2026-07-07 15:26:55] have_double_effect_times: 0 , is_activating_double_effect: 0 , already_activate_double_effect_times: 0
[2026-07-07 15:26:55] Sent map info: [[7.148962020874023, 9.667757034301758], [0.0, 0.0], [2.39681, 2.36], [13.65124797821045, 11.909809112548828], [0.5, 14.5], [7.1042633056640625, 5.166741847991943], [0.0, 0.0], [21.17015504837036, 10.763056755065918], [20.03138017654419, 10.033222198486328], [18.9982328414917, 2.6710140705108643], [27.5, 0.5], [15.410341262817383, 11.26131534576416]]
[2026-07-07 15:26:55] Sent map infos: [[7.148962020874023, 9.667757034301758], [0.0, 0.0], [2.39681, 2.36], [13.65124797821045, 11.909809112548828], [0.5, 14.5], [7.1042633056640625, 5.166741847991943], [0.0, 0.0], [21.17015504837036, 10.763056755065918], [20.03138017654419, 10.033222198486328], [18.9982328414917, 2.6710140705108643], [27.5, 0.5], [15.410341262817383, 11.26131534576416]]
[2026-07-07 15:26:55] Marked situation: [0, 0, 0, 0, 0, 0, 0]
[2026-07-07 15:26:55] have_double_effect_times: 0 , is_activating_double_effect: 0 , already_activate_double_effect_times: 0
[2026-07-07 15:26:55] Marked situation: [0, 0, 0, 0, 0, 0, 0]
[2026-07-07 15:26:55] have_double_effect_times: 0 , is_activating_double_effect: 0 , already_activate_double_effect_times: 0
[2026-07-07 15:26:55] Sent map info: [[7.150594711303711, 9.665568351745605], [0.0, 0.0], [2.39681, 2.36], [13.456266403198242, 11.412797927856445], [0.5, 14.5], [7.192056655883789, 5.1547675132751465], [0.0, 0.0], [21.17015504837036, 10.763056755065918], [20.03138017654419, 10.033222198486328], [17.98051929473877, 3.8732776641845703], [27.5, 0.5], [15.410341262817383, 11.26131534576416]]
[2026-07-07 15:26:55] Sent map infos: [[7.150594711303711, 9.665568351745605], [0.0, 0.0], [2.39681, 2.36], [13.456266403198242, 11.412797927856445], [0.5, 14.5], [7.192056655883789, 5.1547675132751465], [0.0, 0.0], [21.17015504837036, 10.763056755065918], [20.03138017654419, 10.033222198486328], [17.98051929473877, 3.8732776641845703], [27.5, 0.5], [15.410341262817383, 11.26131534576416]]
[2026-07-07 15:26:56] update time left340
[2026-07-07 15:26:56] Marked situation: [0, 0, 0, 0, 0, 0, 0]
[2026-07-07 15:26:56] have_double_effect_times: 0 , is_activating_double_effect: 0 , already_activate_double_effect_times: 0
[2026-07-07 15:26:56] Marked situation: [0, 0, 0, 0, 0, 0, 0]
[2026-07-07 15:26:56] have_double_effect_times: 0 , is_activating_double_effect: 0 , already_activate_double_effect_times: 0
[2026-07-07 15:26:56] Sent map info: [[7.131048202514648, 9.6535005569458], [0.0, 0.0], [2.39681, 2.36], [13.381686210632324, 10.797417640686035], [0.5, 14.5], [7.13372802734375, 5.162358283996582], [0.0, 0.0], [21.17015504837036, 10.763056755065918], [20.03138017654419, 10.033222198486328], [16.724735260009766, 4.527426719665527], [27.5, 0.5], [15.410341262817383, 11.26131534576416]]
[2026-07-07 15:26:56] Sent map infos: [[7.131048202514648, 9.6535005569458], [0.0, 0.0], [2.39681, 2.36], [13.381686210632324, 10.797417640686035], [0.5, 14.5], [7.13372802734375, 5.162358283996582], [0.0, 0.0], [21.17015504837036, 10.763056755065918], [20.03138017654419, 10.033222198486328], [16.724735260009766, 4.527426719665527], [27.5, 0.5], [15.410341262817383, 11.26131534576416]]
[2026-07-07 15:26:56] Marked situation: [0, 0, 0, 0, 0, 0, 0]
[2026-07-07 15:26:56] have_double_effect_times: 0 , is_activating_double_effect: 0 , already_activate_double_effect_times: 0
[2026-07-07 15:26:56] Marked situation: [0, 0, 0, 0, 0, 0, 0]
[2026-07-07 15:26:56] have_double_effect_times: 0 , is_activating_double_effect: 0 , already_activate_double_effect_times: 0
[2026-07-07 15:26:56] Sent map info: [[7.097574234008789, 9.660199165344238], [0.0, 0.0], [2.39681, 2.36], [13.705307006835938, 9.900594711303711], [0.5, 14.5], [7.167240142822266, 5.193014144897461], [0.0, 0.0], [21.17015504837036, 10.763056755065918], [20.03138017654419, 10.033222198486328], [15.756965637207031, 5.736202716827393], [27.5, 0.5], [15.410341262817383, 11.26131534576416]]
[2026-07-07 15:26:56] Sent map infos: [[7.097574234008789, 9.660199165344238], [0.0, 0.0], [2.39681, 2.36], [13.705307006835938, 9.900594711303711], [0.5, 14.5], [7.167240142822266, 5.193014144897461], [0.0, 0.0], [21.17015504837036, 10.763056755065918], [20.03138017654419, 10.033222198486328], [15.756965637207031, 5.736202716827393], [27.5, 0.5], [15.410341262817383, 11.26131534576416]]
[2026-07-07 15:26:56] Marked situation: [0, 0, 0, 0, 0, 0, 0]
[2026-07-07 15:26:56] have_double_effect_times: 0 , is_activating_double_effect: 0 , already_activate_double_effect_times: 0
[2026-07-07 15:26:57] update time left339
[2026-07-07 15:26:57] Marked situation: [0, 0, 0, 0, 0, 0, 0]
[2026-07-07 15:26:57] have_double_effect_times: 0 , is_activating_double_effect: 0 , already_activate_double_effect_times: 0
[2026-07-07 15:26:57] Sent map info: [[7.074995040893555, 9.652325630187988], [0.0, 0.0], [2.39681, 2.36], [13.568862915039062, 9.379756927490234], [0.5, 14.5], [7.138084411621094, 5.155630111694336], [0.0, 0.0], [21.17015504837036, 10.763056755065918], [20.03138017654419, 10.033222198486328], [15.503767967224121, 6.061235427856445], [27.5, 0.5], [15.410341262817383, 11.26131534576416]]
[2026-07-07 15:26:57] Sent map infos: [[7.074995040893555, 9.652325630187988], [0.0, 0.0], [2.39681, 2.36], [13.568862915039062, 9.379756927490234], [0.5, 14.5], [7.138084411621094, 5.155630111694336], [0.0, 0.0], [21.17015504837036, 10.763056755065918], [20.03138017654419, 10.033222198486328], [15.503767967224121, 6.061235427856445], [27.5, 0.5], [15.410341262817383, 11.26131534576416]]
[2026-07-07 15:26:57] Marked situation: [0, 0, 0, 0, 0, 0, 0]
[2026-07-07 15:26:57] have_double_effect_times: 0 , is_activating_double_effect: 0 , already_activate_double_effect_times: 0
[2026-07-07 15:26:57] Marked situation: [0, 0, 0, 0, 0, 0, 0]
[2026-07-07 15:26:57] have_double_effect_times: 0 , is_activating_double_effect: 0 , already_activate_double_effect_times: 0
[2026-07-07 15:26:57] Sent map info: [[7.070745468139648, 9.658047676086426], [0.0, 0.0], [2.39681, 2.36], [13.447529792785645, 8.620375633239746], [0.5, 14.5], [7.116619110107422, 5.1887946128845215], [0.0, 0.0], [21.17015504837036, 10.763056755065918], [20.03138017654419, 10.033222198486328], [15.627256393432617, 6.070870876312256], [27.5, 0.5], [15.410341262817383, 11.26131534576416]]
[2026-07-07 15:26:57] Sent map infos: [[7.070745468139648, 9.658047676086426], [0.0, 0.0], [2.39681, 2.36], [13.447529792785645, 8.620375633239746], [0.5, 14.5], [7.116619110107422, 5.1887946128845215], [0.0, 0.0], [21.17015504837036, 10.763056755065918], [20.03138017654419, 10.033222198486328], [15.627256393432617, 6.070870876312256], [27.5, 0.5], [15.410341262817383, 11.26131534576416]]
[2026-07-07 15:26:57] Marked situation: [0, 0, 0, 0, 0, 0, 0]
[2026-07-07 15:26:57] have_double_effect_times: 0 , is_activating_double_effect: 0 , already_activate_double_effect_times: 0
[2026-07-07 15:26:57] Marked situation: [0, 0, 0, 0, 0, 0, 0]
[2026-07-07 15:26:57] have_double_effect_times: 0 , is_activating_double_effect: 0 , already_activate_double_effect_times: 0
[2026-07-07 15:26:57] Sent map info: [[7.060382843017578, 9.6719970703125], [0.0, 0.0], [2.39681, 2.36], [12.317553520202637, 8.458208084106445], [0.5, 14.5], [7.101566314697266, 5.170914173126221], [0.0, 0.0], [21.17015504837036, 10.763056755065918], [20.03138017654419, 10.033222198486328], [15.056506156921387, 5.979872703552246], [27.5, 0.5], [15.410341262817383, 11.26131534576416]]
[2026-07-07 15:26:57] Sent map infos: [[7.060382843017578, 9.6719970703125], [0.0, 0.0], [2.39681, 2.36], [12.317553520202637, 8.458208084106445], [0.5, 14.5], [7.101566314697266, 5.170914173126221], [0.0, 0.0], [21.17015504837036, 10.763056755065918], [20.03138017654419, 10.033222198486328], [15.056506156921387, 5.979872703552246], [27.5, 0.5], [15.410341262817383, 11.26131534576416]]
[2026-07-07 15:26:58] update time left338
[2026-07-07 15:26:58] Marked situation: [0, 0, 0, 0, 0, 0, 0]
[2026-07-07 15:26:58] have_double_effect_times: 0 , is_activating_double_effect: 0 , already_activate_double_effect_times: 0
[2026-07-07 15:26:58] Marked situation: [0, 0, 0, 0, 0, 0, 0]
[2026-07-07 15:26:58] have_double_effect_times: 0 , is_activating_double_effect: 0 , already_activate_double_effect_times: 0
[2026-07-07 15:26:58] Sent map info: [[6.976720809936523, 9.670292854309082], [0.0, 0.0], [2.39681, 2.36], [11.086027145385742, 8.120658874511719], [0.5, 14.5], [7.289379119873047, 5.004764080047607], [0.0, 0.0], [21.17015504837036, 10.763056755065918], [20.03138017654419, 10.033222198486328], [14.597070693969727, 6.11401891708374], [27.5, 0.5], [15.410341262817383, 11.26131534576416]]
[2026-07-07 15:26:58] Sent map infos: [[6.976720809936523, 9.670292854309082], [0.0, 0.0], [2.39681, 2.36], [11.086027145385742, 8.120658874511719], [0.5, 14.5], [7.289379119873047, 5.004764080047607], [0.0, 0.0], [21.17015504837036, 10.763056755065918], [20.03138017654419, 10.033222198486328], [14.597070693969727, 6.11401891708374], [27.5, 0.5], [15.410341262817383, 11.26131534576416]]
[2026-07-07 15:26:58] Marked situation: [0, 0, 0, 0, 0, 0, 0]
[2026-07-07 15:26:58] have_double_effect_times: 0 , is_activating_double_effect: 0 , already_activate_double_effect_times: 0
[2026-07-07 15:26:58] Marked situation: [0, 0, 0, 0, 0, 0, 0]
[2026-07-07 15:26:58] have_double_effect_times: 0 , is_activating_double_effect: 0 , already_activate_double_effect_times: 0
[2026-07-07 15:26:58] Sent map info: [[6.717828750610352, 9.717811584472656], [0.0, 0.0], [2.39681, 2.36], [7.252542495727539, 7.095652103424072], [0.5, 14.5], [7.286642074584961, 5.008981704711914], [0.0, 0.0], [21.17015504837036, 10.763056755065918], [20.03138017654419, 10.033222198486328], [14.870512008666992, 6.091768264770508], [27.5, 0.5], [15.410341262817383, 11.26131534576416]]
[2026-07-07 15:26:58] Sent map infos: [[6.717828750610352, 9.717811584472656], [0.0, 0.0], [2.39681, 2.36], [7.252542495727539, 7.095652103424072], [0.5, 14.5], [7.286642074584961, 5.008981704711914], [0.0, 0.0], [21.17015504837036, 10.763056755065918], [20.03138017654419, 10.033222198486328], [14.870512008666992, 6.091768264770508], [27.5, 0.5], [15.410341262817383, 11.26131534576416]]
[2026-07-07 15:26:58] Marked situation: [0, 0, 0, 0, 0, 0, 0]
[2026-07-07 15:26:58] have_double_effect_times: 0 , is_activating_double_effect: 0 , already_activate_double_effect_times: 0
[2026-07-07 15:26:59] update time left337
[2026-07-07 15:26:59] Marked situation: [0, 0, 0, 0, 0, 0, 0]
[2026-07-07 15:26:59] have_double_effect_times: 0 , is_activating_double_effect: 0 , already_activate_double_effect_times: 0
[2026-07-07 15:26:59] Sent map info: [[6.353252410888672, 9.503434181213379], [0.0, 0.0], [2.39681, 2.36], [4.957065582275391, 5.903408050537109], [0.5, 14.5], [7.208002090454102, 5.006271839141846], [0.0, 0.0], [21.17015504837036, 10.763056755065918], [20.03138017654419, 10.033222198486328], [15.862174987792969, 6.2507004737854], [27.5, 0.5], [15.410341262817383, 11.26131534576416]]
[2026-07-07 15:26:59] Sent map infos: [[6.353252410888672, 9.503434181213379], [0.0, 0.0], [2.39681, 2.36], [4.957065582275391, 5.903408050537109], [0.5, 14.5], [7.208002090454102, 5.006271839141846], [0.0, 0.0], [21.17015504837036, 10.763056755065918], [20.03138017654419, 10.033222198486328], [15.862174987792969, 6.2507004737854], [27.5, 0.5], [15.410341262817383, 11.26131534576416]]
[2026-07-07 15:26:59] Marked situation: [0, 0, 0, 0, 0, 0, 0]
[2026-07-07 15:26:59] have_double_effect_times: 0 , is_activating_double_effect: 0 , already_activate_double_effect_times: 0
[2026-07-07 15:26:59] Marked situation: [0, 0, 0, 0, 0, 0, 0]
[2026-07-07 15:26:59] have_double_effect_times: 0 , is_activating_double_effect: 0 , already_activate_double_effect_times: 0
[2026-07-07 15:26:59] Sent map info: [[6.322990417480469, 9.319400787353516], [0.0, 0.0], [2.39681, 2.36], [2.9852027893066406, 4.7126336097717285], [0.5, 14.5], [7.273054122924805, 5.029923915863037], [0.0, 0.0], [18.013421058654785, 10.778613090515137], [20.03138017654419, 10.033222198486328], [15.8655424118042, 6.150533199310303], [27.5, 0.5], [15.410341262817383, 11.26131534576416]]
[2026-07-07 15:26:59] Sent map infos: [[6.322990417480469, 9.319400787353516], [0.0, 0.0], [2.39681, 2.36], [2.9852027893066406, 4.7126336097717285], [0.5, 14.5], [7.273054122924805, 5.029923915863037], [0.0, 0.0], [18.013421058654785, 10.778613090515137], [20.03138017654419, 10.033222198486328], [15.8655424118042, 6.150533199310303], [27.5, 0.5], [15.410341262817383, 11.26131534576416]]
[2026-07-07 15:26:59] Marked situation: [0, 0, 0, 0, 0, 0, 0]
[2026-07-07 15:26:59] have_double_effect_times: 0 , is_activating_double_effect: 0 , already_activate_double_effect_times: 0
[2026-07-07 15:26:59] Marked situation: [0, 0, 0, 0, 0, 0, 0]
[2026-07-07 15:26:59] have_double_effect_times: 0 , is_activating_double_effect: 0 , already_activate_double_effect_times: 0
[2026-07-07 15:26:59] Sent map info: [[6.366670608520508, 9.333552360534668], [0.0, 0.0], [2.39681, 2.36], [2.792724609375, 4.514533042907715], [0.5, 14.5], [7.288414001464844, 5.006249904632568], [0.0, 0.0], [20.626657962799072, 11.043811798095703], [20.03138017654419, 10.033222198486328], [16.063737869262695, 6.325112819671631], [27.5, 0.5], [15.410341262817383, 11.26131534576416]]
[2026-07-07 15:26:59] Sent map infos: [[6.366670608520508, 9.333552360534668], [0.0, 0.0], [2.39681, 2.36], [2.792724609375, 4.514533042907715], [0.5, 14.5], [7.288414001464844, 5.006249904632568], [0.0, 0.0], [20.626657962799072, 11.043811798095703], [20.03138017654419, 10.033222198486328], [16.063737869262695, 6.325112819671631], [27.5, 0.5], [15.410341262817383, 11.26131534576416]]
[2026-07-07 15:27:00] update time left336
[2026-07-07 15:27:00] Marked situation: [0, 0, 0, 0, 0, 0, 0]
[2026-07-07 15:27:00] have_double_effect_times: 0 , is_activating_double_effect: 0 , already_activate_double_effect_times: 0
[2026-07-07 15:27:00] Marked situation: [0, 0, 0, 0, 0, 0, 0]
[2026-07-07 15:27:00] have_double_effect_times: 0 , is_activating_double_effect: 0 , already_activate_double_effect_times: 0
[2026-07-07 15:27:00] Sent map info: [[6.368024826049805, 9.331647872924805], [0.0, 0.0], [2.39681, 2.36], [2.792724609375, 4.514533042907715], [0.5, 14.5], [7.295841217041016, 5.036216735839844], [0.0, 0.0], [20.962599277496338, 11.228515625], [20.03138017654419, 10.033222198486328], [16.513352394104004, 6.628152847290039], [27.5, 0.5], [15.410341262817383, 11.26131534576416]]
[2026-07-07 15:27:00] Sent map infos: [[6.368024826049805, 9.331647872924805], [0.0, 0.0], [2.39681, 2.36], [2.792724609375, 4.514533042907715], [0.5, 14.5], [7.295841217041016, 5.036216735839844], [0.0, 0.0], [20.962599277496338, 11.228515625], [20.03138017654419, 10.033222198486328], [16.513352394104004, 6.628152847290039], [27.5, 0.5], [15.410341262817383, 11.26131534576416]]
[2026-07-07 15:27:00] Marked situation: [0, 0, 0, 0, 0, 0, 0]
[2026-07-07 15:27:00] have_double_effect_times: 0 , is_activating_double_effect: 0 , already_activate_double_effect_times: 0
[2026-07-07 15:27:00] Marked situation: [0, 0, 0, 0, 0, 0, 0]
[2026-07-07 15:27:00] have_double_effect_times: 0 , is_activating_double_effect: 0 , already_activate_double_effect_times: 0
[2026-07-07 15:27:00] Sent map info: [[6.321239471435547, 9.321868896484375], [0.0, 0.0], [2.39681, 2.36], [2.792724609375, 4.514533042907715], [0.5, 14.5], [7.283781051635742, 5.013391494750977], [0.0, 0.0], [20.91072416305542, 11.319169044494629], [20.03138017654419, 10.033222198486328], [17.04157829284668, 6.866143226623535], [27.5, 0.5], [15.410341262817383, 11.26131534576416]]
[2026-07-07 15:27:00] Sent map infos: [[6.321239471435547, 9.321868896484375], [0.0, 0.0], [2.39681, 2.36], [2.792724609375, 4.514533042907715], [0.5, 14.5], [7.283781051635742, 5.013391494750977], [0.0, 0.0], [20.91072416305542, 11.319169044494629], [20.03138017654419, 10.033222198486328], [17.04157829284668, 6.866143226623535], [27.5, 0.5], [15.410341262817383, 11.26131534576416]]
[2026-07-07 15:27:00] Marked situation: [0, 0, 0, 0, 0, 0, 0]
[2026-07-07 15:27:00] have_double_effect_times: 0 , is_activating_double_effect: 0 , already_activate_double_effect_times: 0
[2026-07-07 15:27:01] update time left335
[2026-07-07 15:27:01] Marked situation: [0, 0, 0, 0, 0, 0, 0]
[2026-07-07 15:27:01] have_double_effect_times: 0 , is_activating_double_effect: 0 , already_activate_double_effect_times: 0
[2026-07-07 15:27:01] Sent map info: [[6.369846343994141, 9.329089164733887], [0.0, 0.0], [2.39681, 2.36], [2.39681, 2.36], [0.5, 14.5], [7.183504104614258, 5.002856254577637], [0.0, 0.0], [20.91072416305542, 11.319169044494629], [20.03138017654419, 10.033222198486328], [18.905831336975098, 12.318415641784668], [27.5, 0.5], [15.410341262817383, 11.26131534576416]]
[2026-07-07 15:27:01] Sent map infos: [[6.369846343994141, 9.329089164733887], [0.0, 0.0], [2.39681, 2.36], [2.39681, 2.36], [0.5, 14.5], [7.183504104614258, 5.002856254577637], [0.0, 0.0], [20.91072416305542, 11.319169044494629], [20.03138017654419, 10.033222198486328], [18.905831336975098, 12.318415641784668], [27.5, 0.5], [15.410341262817383, 11.26131534576416]]
[2026-07-07 15:27:01] Marked situation: [0, 0, 0, 0, 0, 0, 0]
[2026-07-07 15:27:01] have_double_effect_times: 0 , is_activating_double_effect: 0 , already_activate_double_effect_times: 0
[2026-07-07 15:27:01] Marked situation: [0, 0, 0, 0, 0, 0, 0]
[2026-07-07 15:27:01] have_double_effect_times: 0 , is_activating_double_effect: 0 , already_activate_double_effect_times: 0
[2026-07-07 15:27:01] Sent map info: [[6.403434753417969, 9.357613563537598], [0.0, 0.0], [2.39681, 2.36], [2.39681, 2.36], [0.5, 14.5], [7.317216873168945, 5.0033111572265625], [0.0, 0.0], [20.91072416305542, 11.319169044494629], [20.03138017654419, 10.033222198486328], [17.39906597137451, 12.654051780700684], [27.5, 0.5], [15.410341262817383, 11.26131534576416]]
[2026-07-07 15:27:01] Sent map infos: [[6.403434753417969, 9.357613563537598], [0.0, 0.0], [2.39681, 2.36], [2.39681, 2.36], [0.5, 14.5], [7.317216873168945, 5.0033111572265625], [0.0, 0.0], [20.91072416305542, 11.319169044494629], [20.03138017654419, 10.033222198486328], [17.39906597137451, 12.654051780700684], [27.5, 0.5], [15.410341262817383, 11.26131534576416]]
[2026-07-07 15:27:01] Marked situation: [0, 0, 0, 0, 0, 0, 0]
[2026-07-07 15:27:01] have_double_effect_times: 0 , is_activating_double_effect: 0 , already_activate_double_effect_times: 0
[2026-07-07 15:27:01] Marked situation: [0, 0, 0, 0, 0, 0, 0]
[2026-07-07 15:27:01] have_double_effect_times: 0 , is_activating_double_effect: 0 , already_activate_double_effect_times: 0
[2026-07-07 15:27:01] Sent map info: [[6.38398551940918, 9.34705924987793], [0.0, 0.0], [2.39681, 2.36], [2.39681, 2.36], [0.5, 14.5], [7.281898498535156, 5.016291618347168], [0.0, 0.0], [20.91072416305542, 11.319169044494629], [20.03138017654419, 10.033222198486328], [16.39150619506836, 12.590680122375488], [27.5, 0.5], [15.410341262817383, 11.26131534576416]]
[2026-07-07 15:27:01] Sent map infos: [[6.38398551940918, 9.34705924987793], [0.0, 0.0], [2.39681, 2.36], [2.39681, 2.36], [0.5, 14.5], [7.281898498535156, 5.016291618347168], [0.0, 0.0], [20.91072416305542, 11.319169044494629], [20.03138017654419, 10.033222198486328], [16.39150619506836, 12.590680122375488], [27.5, 0.5], [15.410341262817383, 11.26131534576416]]
[2026-07-07 15:27:02] update time left334
[2026-07-07 15:27:02] Marked situation: [0, 0, 0, 0, 0, 0, 0]
[2026-07-07 15:27:02] have_double_effect_times: 0 , is_activating_double_effect: 0 , already_activate_double_effect_times: 0
[2026-07-07 15:27:02] Marked situation: [0, 0, 0, 0, 0, 0, 0]
[2026-07-07 15:27:02] have_double_effect_times: 0 , is_activating_double_effect: 0 , already_activate_double_effect_times: 0
[2026-07-07 15:27:02] Sent map info: [[6.401140213012695, 9.36082935333252], [0.0, 0.0], [2.39681, 2.36], [2.39681, 2.36], [0.5, 14.5], [7.334453582763672, 5.018233776092529], [0.0, 0.0], [20.91072416305542, 11.319169044494629], [20.03138017654419, 10.033222198486328], [15.501481056213379, 12.204983711242676], [27.5, 0.5], [15.51994514465332, 11.294872283935547]]
[2026-07-07 15:27:02] Sent map infos: [[6.401140213012695, 9.36082935333252], [0.0, 0.0], [2.39681, 2.36], [2.39681, 2.36], [0.5, 14.5], [7.334453582763672, 5.018233776092529], [0.0, 0.0], [20.91072416305542, 11.319169044494629], [20.03138017654419, 10.033222198486328], [15.501481056213379, 12.204983711242676], [27.5, 0.5], [15.51994514465332, 11.294872283935547]]
[2026-07-07 15:27:02] Marked situation: [0, 0, 0, 0, 0, 0, 0]
[2026-07-07 15:27:02] have_double_effect_times: 0 , is_activating_double_effect: 0 , already_activate_double_effect_times: 0
[2026-07-07 15:27:02] Marked situation: [0, 0, 0, 0, 0, 0, 0]
[2026-07-07 15:27:02] have_double_effect_times: 0 , is_activating_double_effect: 0 , already_activate_double_effect_times: 0
[2026-07-07 15:27:02] Sent map info: [[6.383611679077148, 9.347583770751953], [0.0, 0.0], [2.39681, 2.36], [2.39681, 2.36], [0.5, 14.5], [7.275554656982422, 5.026069164276123], [0.0, 0.0], [20.91072416305542, 11.319169044494629], [20.03138017654419, 10.033222198486328], [14.560277938842773, 11.960402488708496], [27.5, 0.5], [15.354436874389648, 11.402533531188965]]
[2026-07-07 15:27:02] Sent map infos: [[6.383611679077148, 9.347583770751953], [0.0, 0.0], [2.39681, 2.36], [2.39681, 2.36], [0.5, 14.5], [7.275554656982422, 5.026069164276123], [0.0, 0.0], [20.91072416305542, 11.319169044494629], [20.03138017654419, 10.033222198486328], [14.560277938842773, 11.960402488708496], [27.5, 0.5], [15.354436874389648, 11.402533531188965]]
[2026-07-07 15:27:02] Marked situation: [0, 0, 0, 0, 0, 0, 0]
[2026-07-07 15:27:02] have_double_effect_times: 0 , is_activating_double_effect: 0 , already_activate_double_effect_times: 0
[2026-07-07 15:27:03] update time left333
[2026-07-07 15:27:03] Marked situation: [0, 0, 0, 0, 0, 0, 0]
[2026-07-07 15:27:03] have_double_effect_times: 0 , is_activating_double_effect: 0 , already_activate_double_effect_times: 0
[2026-07-07 15:27:03] Sent map info: [[6.403491973876953, 9.357531547546387], [0.0, 0.0], [2.39681, 2.36], [2.39681, 2.36], [0.5, 14.5], [7.201486587524414, 5.016351222991943], [0.0, 0.0], [20.91072416305542, 11.319169044494629], [20.03138017654419, 10.033222198486328], [12.993141174316406, 11.952577590942383], [27.5, 0.5], [15.432875633239746, 11.643451690673828]]
[2026-07-07 15:27:03] Sent map infos: [[6.403491973876953, 9.357531547546387], [0.0, 0.0], [2.39681, 2.36], [2.39681, 2.36], [0.5, 14.5], [7.201486587524414, 5.016351222991943], [0.0, 0.0], [20.91072416305542, 11.319169044494629], [20.03138017654419, 10.033222198486328], [12.993141174316406, 11.952577590942383], [27.5, 0.5], [15.432875633239746, 11.643451690673828]]
[2026-07-07 15:27:03] Marked situation: [0, 0, 0, 0, 0, 0, 0]
[2026-07-07 15:27:03] have_double_effect_times: 0 , is_activating_double_effect: 0 , already_activate_double_effect_times: 0
[2026-07-07 15:27:03] Marked situation: [0, 0, 0, 0, 0, 0, 0]
[2026-07-07 15:27:03] have_double_effect_times: 0 , is_activating_double_effect: 0 , already_activate_double_effect_times: 0
[2026-07-07 15:27:03] Sent map info: [[6.380306243896484, 9.352226257324219], [0.0, 0.0], [2.39681, 2.36], [2.39681, 2.36], [0.5, 14.5], [7.242053985595703, 5.03636360168457], [0.0, 0.0], [20.91072416305542, 11.319169044494629], [20.03138017654419, 10.033222198486328], [12.233924865722656, 11.745810508728027], [27.5, 0.5], [15.260004997253418, 11.845474243164062]]
[2026-07-07 15:27:03] Sent map infos: [[6.380306243896484, 9.352226257324219], [0.0, 0.0], [2.39681, 2.36], [2.39681, 2.36], [0.5, 14.5], [7.242053985595703, 5.03636360168457], [0.0, 0.0], [20.91072416305542, 11.319169044494629], [20.03138017654419, 10.033222198486328], [12.233924865722656, 11.745810508728027], [27.5, 0.5], [15.260004997253418, 11.845474243164062]]
[2026-07-07 15:27:03] Marked situation: [0, 0, 0, 0, 0, 0, 0]
[2026-07-07 15:27:03] have_double_effect_times: 0 , is_activating_double_effect: 0 , already_activate_double_effect_times: 0
[2026-07-07 15:27:03] Marked situation: [0, 0, 0, 0, 0, 0, 0]
[2026-07-07 15:27:03] have_double_effect_times: 0 , is_activating_double_effect: 0 , already_activate_double_effect_times: 0
[2026-07-07 15:27:03] Sent map info: [[6.380306243896484, 9.352226257324219], [0.0, 0.0], [2.39681, 2.36], [2.39681, 2.36], [0.5, 14.5], [7.327112197875977, 5.0709404945373535], [0.0, 0.0], [20.91072416305542, 11.319169044494629], [11.54939079284668, 11.500819206237793], [16.871180534362793, 6.550651550292969], [27.5, 0.5], [15.260004997253418, 11.845474243164062]]
[2026-07-07 15:27:03] Sent map infos: [[6.380306243896484, 9.352226257324219], [0.0, 0.0], [2.39681, 2.36], [2.39681, 2.36], [0.5, 14.5], [7.327112197875977, 5.0709404945373535], [0.0, 0.0], [20.91072416305542, 11.319169044494629], [11.54939079284668, 11.500819206237793], [16.871180534362793, 6.550651550292969], [27.5, 0.5], [15.260004997253418, 11.845474243164062]]
[2026-07-07 15:27:04] update time left332
[2026-07-07 15:27:04] Marked situation: [0, 0, 0, 0, 0, 0, 0]
[2026-07-07 15:27:04] have_double_effect_times: 0 , is_activating_double_effect: 0 , already_activate_double_effect_times: 0
[2026-07-07 15:27:04] Marked situation: [0, 0, 0, 0, 0, 0, 0]
[2026-07-07 15:27:04] have_double_effect_times: 0 , is_activating_double_effect: 0 , already_activate_double_effect_times: 0
[2026-07-07 15:27:04] Sent map info: [[6.380306243896484, 9.352226257324219], [0.0, 0.0], [2.39681, 2.36], [2.39681, 2.36], [0.5, 14.5], [7.317667007446289, 5.04404354095459], [0.0, 0.0], [15.327637672424316, 12.094621658325195], [11.063880920410156, 11.238965034484863], [16.84674072265625, 6.526865482330322], [27.5, 0.5], [15.260004997253418, 11.845474243164062]]
[2026-07-07 15:27:04] Sent map infos: [[6.380306243896484, 9.352226257324219], [0.0, 0.0], [2.39681, 2.36], [2.39681, 2.36], [0.5, 14.5], [7.317667007446289, 5.04404354095459], [0.0, 0.0], [15.327637672424316, 12.094621658325195], [11.063880920410156, 11.238965034484863], [16.84674072265625, 6.526865482330322], [27.5, 0.5], [15.260004997253418, 11.845474243164062]]
[2026-07-07 15:27:04] Marked situation: [0, 0, 0, 0, 0, 0, 0]
[2026-07-07 15:27:04] have_double_effect_times: 0 , is_activating_double_effect: 0 , already_activate_double_effect_times: 0
[2026-07-07 15:27:04] Marked situation: [0, 0, 0, 0, 0, 0, 0]
[2026-07-07 15:27:04] have_double_effect_times: 0 , is_activating_double_effect: 0 , already_activate_double_effect_times: 0
[2026-07-07 15:27:04] Sent map info: [[6.380306243896484, 9.352226257324219], [0.0, 0.0], [2.39681, 2.36], [2.39681, 2.36], [0.5, 14.5], [7.219057083129883, 5.030525207519531], [0.0, 0.0], [15.555030822753906, 12.20171070098877], [11.27859115600586, 11.048284530639648], [16.770764350891113, 6.8004841804504395], [27.5, 0.5], [15.260004997253418, 11.845474243164062]]
[2026-07-07 15:27:04] Sent map infos: [[6.380306243896484, 9.352226257324219], [0.0, 0.0], [2.39681, 2.36], [2.39681, 2.36], [0.5, 14.5], [7.219057083129883, 5.030525207519531], [0.0, 0.0], [15.555030822753906, 12.20171070098877], [11.27859115600586, 11.048284530639648], [16.770764350891113, 6.8004841804504395], [27.5, 0.5], [15.260004997253418, 11.845474243164062]]
[2026-07-07 15:27:04] Marked situation: [0, 0, 0, 0, 0, 0, 0]
[2026-07-07 15:27:04] have_double_effect_times: 0 , is_activating_double_effect: 0 , already_activate_double_effect_times: 0
[2026-07-07 15:27:05] update time left331
[2026-07-07 15:27:05] Marked situation: [0, 0, 0, 0, 0, 0, 0]
[2026-07-07 15:27:05] have_double_effect_times: 0 , is_activating_double_effect: 0 , already_activate_double_effect_times: 0
[2026-07-07 15:27:05] Sent map info: [[4.86, 11.92], [0.0, 0.0], [2.39681, 2.36], [2.39681, 2.36], [0.5, 14.5], [7.243627548217773, 5.033936500549316], [0.0, 0.0], [15.700270652770996, 12.295432090759277], [10.634071350097656, 10.975931167602539], [16.770764350891113, 6.8004841804504395], [27.5, 0.5], [15.260004997253418, 11.845474243164062]]
[2026-07-07 15:27:05] Sent map infos: [[4.86, 11.92], [0.0, 0.0], [2.39681, 2.36], [2.39681, 2.36], [0.5, 14.5], [7.243627548217773, 5.033936500549316], [0.0, 0.0], [15.700270652770996, 12.295432090759277], [10.634071350097656, 10.975931167602539], [16.770764350891113, 6.8004841804504395], [27.5, 0.5], [15.260004997253418, 11.845474243164062]]
[2026-07-07 15:27:05] Marked situation: [0, 0, 0, 0, 0, 0, 0]
[2026-07-07 15:27:05] have_double_effect_times: 0 , is_activating_double_effect: 0 , already_activate_double_effect_times: 0
[2026-07-07 15:27:05] Marked situation: [0, 0, 0, 0, 0, 0, 0]
[2026-07-07 15:27:05] have_double_effect_times: 0 , is_activating_double_effect: 0 , already_activate_double_effect_times: 0
[2026-07-07 15:27:05] Sent map info: [[4.86, 11.92], [0.0, 0.0], [2.39681, 2.36], [2.39681, 2.36], [0.5, 14.5], [7.290178298950195, 5.044935703277588], [0.0, 0.0], [15.984481811523438, 12.358519554138184], [11.464265823364258, 10.598904609680176], [16.770764350891113, 6.8004841804504395], [27.5, 0.5], [15.260004997253418, 11.845474243164062]]
[2026-07-07 15:27:05] Sent map infos: [[4.86, 11.92], [0.0, 0.0], [2.39681, 2.36], [2.39681, 2.36], [0.5, 14.5], [7.290178298950195, 5.044935703277588], [0.0, 0.0], [15.984481811523438, 12.358519554138184], [11.464265823364258, 10.598904609680176], [16.770764350891113, 6.8004841804504395], [27.5, 0.5], [15.260004997253418, 11.845474243164062]]
[2026-07-07 15:27:05] Marked situation: [0, 0, 0, 0, 0, 0, 0]
[2026-07-07 15:27:05] have_double_effect_times: 0 , is_activating_double_effect: 0 , already_activate_double_effect_times: 0
[2026-07-07 15:27:05] Marked situation: [0, 0, 0, 0, 0, 0, 0]
[2026-07-07 15:27:05] have_double_effect_times: 0 , is_activating_double_effect: 0 , already_activate_double_effect_times: 0
[2026-07-07 15:27:05] Sent map info: [[4.86, 11.92], [0.0, 0.0], [2.39681, 2.36], [2.39681, 2.36], [0.5, 14.5], [7.266500473022461, 5.081384658813477], [0.0, 0.0], [16.37215518951416, 12.291691780090332], [13.103557586669922, 10.389132499694824], [16.770764350891113, 6.8004841804504395], [27.5, 0.5], [15.260004997253418, 11.845474243164062]]
[2026-07-07 15:27:05] Sent map infos: [[4.86, 11.92], [0.0, 0.0], [2.39681, 2.36], [2.39681, 2.36], [0.5, 14.5], [7.266500473022461, 5.081384658813477], [0.0, 0.0], [16.37215518951416, 12.291691780090332], [13.103557586669922, 10.389132499694824], [16.770764350891113, 6.8004841804504395], [27.5, 0.5], [15.260004997253418, 11.845474243164062]]
[2026-07-07 15:27:06] update time left330
[2026-07-07 15:27:06] Marked situation: [0, 0, 0, 0, 0, 0, 0]
[2026-07-07 15:27:06] have_double_effect_times: 0 , is_activating_double_effect: 0 , already_activate_double_effect_times: 0
[2026-07-07 15:27:06] Marked situation: [0, 0, 0, 0, 0, 0, 0]
[2026-07-07 15:27:06] have_double_effect_times: 0 , is_activating_double_effect: 0 , already_activate_double_effect_times: 0
[2026-07-07 15:27:06] Sent map info: [[4.86, 11.92], [0.0, 0.0], [2.39681, 2.36], [2.39681, 2.36], [0.5, 14.5], [7.310823440551758, 5.054568290710449], [0.0, 0.0], [16.851848602294922, 12.243243217468262], [14.553634643554688, 10.601095199584961], [17.091870307922363, 6.6187214851379395], [27.5, 0.5], [15.260004997253418, 11.845474243164062]]
[2026-07-07 15:27:06] Sent map infos: [[4.86, 11.92], [0.0, 0.0], [2.39681, 2.36], [2.39681, 2.36], [0.5, 14.5], [7.310823440551758, 5.054568290710449], [0.0, 0.0], [16.851848602294922, 12.243243217468262], [14.553634643554688, 10.601095199584961], [17.091870307922363, 6.6187214851379395], [27.5, 0.5], [15.260004997253418, 11.845474243164062]]
[2026-07-07 15:27:06] Marked situation: [0, 0, 0, 0, 0, 0, 0]
[2026-07-07 15:27:06] have_double_effect_times: 0 , is_activating_double_effect: 0 , already_activate_double_effect_times: 0
[2026-07-07 15:27:06] Marked situation: [0, 0, 0, 0, 0, 0, 0]
[2026-07-07 15:27:06] have_double_effect_times: 0 , is_activating_double_effect: 0 , already_activate_double_effect_times: 0
[2026-07-07 15:27:06] Sent map info: [[4.86, 11.92], [0.0, 0.0], [2.39681, 2.36], [2.39681, 2.36], [0.5, 14.5], [7.224922180175781, 5.06279993057251], [0.0, 0.0], [17.232855796813965, 12.195093154907227], [15.178703308105469, 11.208011627197266], [17.02819538116455, 6.781790256500244], [27.5, 0.5], [15.260004997253418, 11.845474243164062]]
[2026-07-07 15:27:06] Sent map infos: [[4.86, 11.92], [0.0, 0.0], [2.39681, 2.36], [2.39681, 2.36], [0.5, 14.5], [7.224922180175781, 5.06279993057251], [0.0, 0.0], [17.232855796813965, 12.195093154907227], [15.178703308105469, 11.208011627197266], [17.02819538116455, 6.781790256500244], [27.5, 0.5], [15.260004997253418, 11.845474243164062]]
[2026-07-07 15:27:06] Marked situation: [0, 0, 0, 0, 0, 0, 0]
[2026-07-07 15:27:06] have_double_effect_times: 0 , is_activating_double_effect: 0 , already_activate_double_effect_times: 0
[2026-07-07 15:27:07] update time left329
[2026-07-07 15:27:07] Marked situation: [0, 0, 0, 0, 0, 0, 0]
[2026-07-07 15:27:07] have_double_effect_times: 0 , is_activating_double_effect: 0 , already_activate_double_effect_times: 0
[2026-07-07 15:27:07] Sent map info: [[4.86, 11.92], [0.0, 0.0], [2.39681, 2.36], [2.39681, 2.36], [0.5, 14.5], [7.22960090637207, 5.0555806159973145], [0.0, 0.0], [17.35959529876709, 12.180501937866211], [15.657504081726074, 11.708084106445312], [17.476853370666504, 6.968428134918213], [27.5, 0.5], [15.260004997253418, 11.845474243164062]]
[2026-07-07 15:27:07] Sent map infos: [[4.86, 11.92], [0.0, 0.0], [2.39681, 2.36], [2.39681, 2.36], [0.5, 14.5], [7.22960090637207, 5.0555806159973145], [0.0, 0.0], [17.35959529876709, 12.180501937866211], [15.657504081726074, 11.708084106445312], [17.476853370666504, 6.968428134918213], [27.5, 0.5], [15.260004997253418, 11.845474243164062]]
[2026-07-07 15:27:07] Marked situation: [0, 0, 0, 0, 0, 0, 0]
[2026-07-07 15:27:07] have_double_effect_times: 0 , is_activating_double_effect: 0 , already_activate_double_effect_times: 0
[2026-07-07 15:27:07] Marked situation: [0, 0, 0, 0, 0, 0, 0]
[2026-07-07 15:27:07] have_double_effect_times: 0 , is_activating_double_effect: 0 , already_activate_double_effect_times: 0
[2026-07-07 15:27:07] Sent map info: [[4.86, 11.92], [0.0, 0.0], [2.39681, 2.36], [1.743551254272461, 3.3488733768463135], [0.5, 14.5], [7.306173324584961, 5.061717510223389], [0.0, 0.0], [17.94682216644287, 12.108455657958984], [15.434099197387695, 12.618623733520508], [17.476853370666504, 6.968428134918213], [27.5, 0.5], [15.260004997253418, 11.845474243164062]]
[2026-07-07 15:27:07] Sent map infos: [[4.86, 11.92], [0.0, 0.0], [2.39681, 2.36], [1.743551254272461, 3.3488733768463135], [0.5, 14.5], [7.306173324584961, 5.061717510223389], [0.0, 0.0], [17.94682216644287, 12.108455657958984], [15.434099197387695, 12.618623733520508], [17.476853370666504, 6.968428134918213], [27.5, 0.5], [15.260004997253418, 11.845474243164062]]
[2026-07-07 15:27:07] Marked situation: [0, 0, 0, 0, 0, 0, 0]
[2026-07-07 15:27:07] have_double_effect_times: 0 , is_activating_double_effect: 0 , already_activate_double_effect_times: 0
[2026-07-07 15:27:07] Marked situation: [0, 0, 0, 0, 0, 0, 0]
[2026-07-07 15:27:07] have_double_effect_times: 0 , is_activating_double_effect: 0 , already_activate_double_effect_times: 0
[2026-07-07 15:27:07] Sent map info: [[4.86, 11.92], [0.0, 0.0], [2.39681, 2.36], [6.462062835693359, 3.0456836223602295], [0.5, 14.5], [7.236154556274414, 5.086796760559082], [0.0, 0.0], [18.287549018859863, 12.06207275390625], [15.992067337036133, 12.66467571258545], [17.476853370666504, 6.968428134918213], [27.5, 0.5], [15.260004997253418, 11.845474243164062]]
[2026-07-07 15:27:07] Sent map infos: [[4.86, 11.92], [0.0, 0.0], [2.39681, 2.36], [6.462062835693359, 3.0456836223602295], [0.5, 14.5], [7.236154556274414, 5.086796760559082], [0.0, 0.0], [18.287549018859863, 12.06207275390625], [15.992067337036133, 12.66467571258545], [17.476853370666504, 6.968428134918213], [27.5, 0.5], [15.260004997253418, 11.845474243164062]]
[2026-07-07 15:27:08] update time left328
[2026-07-07 15:27:08] Marked situation: [0, 0, 0, 0, 0, 0, 0]
[2026-07-07 15:27:08] have_double_effect_times: 0 , is_activating_double_effect: 0 , already_activate_double_effect_times: 0
[2026-07-07 15:27:08] Marked situation: [0, 0, 0, 0, 0, 0, 0]
[2026-07-07 15:27:08] have_double_effect_times: 0 , is_activating_double_effect: 0 , already_activate_double_effect_times: 0
[2026-07-07 15:27:08] Sent map info: [[4.86, 11.92], [0.0, 0.0], [2.39681, 2.36], [9.58525276184082, 3.8454816341400146], [0.5, 14.5], [7.351802825927734, 5.074459075927734], [0.0, 0.0], [18.755878448486328, 12.011139869689941], [17.133254051208496, 12.370869636535645], [15.366591453552246, 9.534674644470215], [27.5, 0.5], [15.260004997253418, 11.845474243164062]]
[2026-07-07 15:27:08] Sent map infos: [[4.86, 11.92], [0.0, 0.0], [2.39681, 2.36], [9.58525276184082, 3.8454816341400146], [0.5, 14.5], [7.351802825927734, 5.074459075927734], [0.0, 0.0], [18.755878448486328, 12.011139869689941], [17.133254051208496, 12.370869636535645], [15.366591453552246, 9.534674644470215], [27.5, 0.5], [15.260004997253418, 11.845474243164062]]
[2026-07-07 15:27:08] Marked situation: [0, 0, 0, 0, 0, 0, 0]
[2026-07-07 15:27:08] have_double_effect_times: 0 , is_activating_double_effect: 0 , already_activate_double_effect_times: 0
[2026-07-07 15:27:08] Marked situation: [0, 0, 0, 0, 0, 0, 0]
[2026-07-07 15:27:08] have_double_effect_times: 0 , is_activating_double_effect: 0 , already_activate_double_effect_times: 0
[2026-07-07 15:27:08] Sent map info: [[4.86, 11.92], [0.0, 0.0], [2.39681, 2.36], [10.95182991027832, 4.298342704772949], [0.5, 14.5], [7.248056411743164, 5.06845235824585], [0.0, 0.0], [18.755878448486328, 12.011139869689941], [18.242267608642578, 12.568277359008789], [15.739933013916016, 9.39925479888916], [27.5, 0.5], [15.260004997253418, 11.845474243164062]]
[2026-07-07 15:27:08] Sent map infos: [[4.86, 11.92], [0.0, 0.0], [2.39681, 2.36], [10.95182991027832, 4.298342704772949], [0.5, 14.5], [7.248056411743164, 5.06845235824585], [0.0, 0.0], [18.755878448486328, 12.011139869689941], [18.242267608642578, 12.568277359008789], [15.739933013916016, 9.39925479888916], [27.5, 0.5], [15.260004997253418, 11.845474243164062]]
[2026-07-07 15:27:08] Marked situation: [0, 0, 0, 0, 0, 0, 0]
[2026-07-07 15:27:08] have_double_effect_times: 0 , is_activating_double_effect: 0 , already_activate_double_effect_times: 0
[2026-07-07 15:27:09] update time left327
[2026-07-07 15:27:09] Marked situation: [0, 0, 0, 0, 0, 0, 0]
[2026-07-07 15:27:09] have_double_effect_times: 0 , is_activating_double_effect: 0 , already_activate_double_effect_times: 0
[2026-07-07 15:27:09] Sent map info: [[4.86, 11.92], [0.0, 0.0], [2.39681, 2.36], [9.330886840820312, 3.554702043533325], [0.5, 14.5], [7.254934310913086, 5.057851314544678], [0.0, 0.0], [19.858149528503418, 12.190774917602539], [18.645106315612793, 12.432258605957031], [16.367048263549805, 9.117144584655762], [27.5, 0.5], [15.260004997253418, 11.845474243164062]]
[2026-07-07 15:27:09] Sent map infos: [[4.86, 11.92], [0.0, 0.0], [2.39681, 2.36], [9.330886840820312, 3.554702043533325], [0.5, 14.5], [7.254934310913086, 5.057851314544678], [0.0, 0.0], [19.858149528503418, 12.190774917602539], [18.645106315612793, 12.432258605957031], [16.367048263549805, 9.117144584655762], [27.5, 0.5], [15.260004997253418, 11.845474243164062]]
[2026-07-07 15:27:09] Marked situation: [0, 0, 0, 0, 0, 0, 0]
[2026-07-07 15:27:09] have_double_effect_times: 0 , is_activating_double_effect: 0 , already_activate_double_effect_times: 0
[2026-07-07 15:27:09] Marked situation: [0, 0, 0, 0, 0, 0, 0]
[2026-07-07 15:27:09] have_double_effect_times: 0 , is_activating_double_effect: 0 , already_activate_double_effect_times: 0
[2026-07-07 15:27:09] Sent map info: [[4.86, 11.92], [0.0, 0.0], [2.39681, 2.36], [9.117416381835938, 3.430344820022583], [0.5, 14.5], [7.3176116943359375, 5.0855302810668945], [0.0, 0.0], [20.16907024383545, 12.192451477050781], [18.645106315612793, 12.432258605957031], [16.367048263549805, 9.117144584655762], [27.5, 0.5], [15.260004997253418, 11.845474243164062]]
[2026-07-07 15:27:09] Sent map infos: [[4.86, 11.92], [0.0, 0.0], [2.39681, 2.36], [9.117416381835938, 3.430344820022583], [0.5, 14.5], [7.3176116943359375, 5.0855302810668945], [0.0, 0.0], [20.16907024383545, 12.192451477050781], [18.645106315612793, 12.432258605957031], [16.367048263549805, 9.117144584655762], [27.5, 0.5], [15.260004997253418, 11.845474243164062]]
[2026-07-07 15:27:09] Marked situation: [0, 0, 0, 0, 0, 0, 0]
[2026-07-07 15:27:09] have_double_effect_times: 0 , is_activating_double_effect: 0 , already_activate_double_effect_times: 0
[2026-07-07 15:27:09] Marked situation: [0, 0, 0, 0, 0, 0, 0]
[2026-07-07 15:27:09] have_double_effect_times: 0 , is_activating_double_effect: 0 , already_activate_double_effect_times: 0
[2026-07-07 15:27:09] Sent map info: [[4.86, 11.92], [0.0, 0.0], [2.39681, 2.36], [10.005836486816406, 2.6519391536712646], [0.5, 14.5], [7.334924697875977, 5.058942794799805], [0.0, 0.0], [20.244115829467773, 12.18328857421875], [18.645106315612793, 12.432258605957031], [20.13521909713745, 12.12106704711914], [27.5, 0.5], [15.260004997253418, 11.845474243164062]]
[2026-07-07 15:27:09] Sent map infos: [[4.86, 11.92], [0.0, 0.0], [2.39681, 2.36], [10.005836486816406, 2.6519391536712646], [0.5, 14.5], [7.334924697875977, 5.058942794799805], [0.0, 0.0], [20.244115829467773, 12.18328857421875], [18.645106315612793, 12.432258605957031], [20.13521909713745, 12.12106704711914], [27.5, 0.5], [15.260004997253418, 11.845474243164062]]
[2026-07-07 15:27:10] update time left326
[2026-07-07 15:27:10] Marked situation: [0, 0, 0, 0, 0, 0, 0]
[2026-07-07 15:27:10] have_double_effect_times: 0 , is_activating_double_effect: 0 , already_activate_double_effect_times: 0
[2026-07-07 15:27:10] Marked situation: [0, 0, 0, 0, 0, 0, 0]
[2026-07-07 15:27:10] have_double_effect_times: 0 , is_activating_double_effect: 0 , already_activate_double_effect_times: 0
[2026-07-07 15:27:10] Sent map info: [[4.86, 11.92], [0.0, 0.0], [2.39681, 2.36], [9.771556854248047, 2.8612496852874756], [0.5, 14.5], [7.2203369140625, 5.0698771476745605], [0.0, 0.0], [20.244115829467773, 12.18328857421875], [18.645106315612793, 12.432258605957031], [20.28184223175049, 12.056230545043945], [27.5, 0.5], [15.260004997253418, 11.845474243164062]]
[2026-07-07 15:27:10] Sent map infos: [[4.86, 11.92], [0.0, 0.0], [2.39681, 2.36], [9.771556854248047, 2.8612496852874756], [0.5, 14.5], [7.2203369140625, 5.0698771476745605], [0.0, 0.0], [20.244115829467773, 12.18328857421875], [18.645106315612793, 12.432258605957031], [20.28184223175049, 12.056230545043945], [27.5, 0.5], [15.260004997253418, 11.845474243164062]]
[2026-07-07 15:27:10] Marked situation: [0, 0, 0, 0, 0, 0, 0]
[2026-07-07 15:27:10] have_double_effect_times: 0 , is_activating_double_effect: 0 , already_activate_double_effect_times: 0
[2026-07-07 15:27:10] Marked situation: [0, 0, 0, 0, 0, 0, 0]
[2026-07-07 15:27:10] have_double_effect_times: 0 , is_activating_double_effect: 0 , already_activate_double_effect_times: 0
[2026-07-07 15:27:10] Sent map info: [[4.86, 11.92], [0.0, 0.0], [2.39681, 2.36], [9.110139846801758, 3.7045633792877197], [0.5, 14.5], [7.202503204345703, 5.056100368499756], [0.0, 0.0], [20.244115829467773, 12.18328857421875], [18.645106315612793, 12.432258605957031], [20.28184223175049, 12.056230545043945], [27.5, 0.5], [15.260004997253418, 11.845474243164062]]
[2026-07-07 15:27:10] Sent map infos: [[4.86, 11.92], [0.0, 0.0], [2.39681, 2.36], [9.110139846801758, 3.7045633792877197], [0.5, 14.5], [7.202503204345703, 5.056100368499756], [0.0, 0.0], [20.244115829467773, 12.18328857421875], [18.645106315612793, 12.432258605957031], [20.28184223175049, 12.056230545043945], [27.5, 0.5], [15.260004997253418, 11.845474243164062]]
[2026-07-07 15:27:10] Marked situation: [0, 0, 0, 0, 0, 0, 0]
[2026-07-07 15:27:10] have_double_effect_times: 0 , is_activating_double_effect: 0 , already_activate_double_effect_times: 0
[2026-07-07 15:27:11] update time left325
[2026-07-07 15:27:11] Marked situation: [0, 0, 0, 0, 0, 0, 0]
[2026-07-07 15:27:11] have_double_effect_times: 0 , is_activating_double_effect: 0 , already_activate_double_effect_times: 0
[2026-07-07 15:27:11] Sent map info: [[4.86, 11.92], [0.0, 0.0], [2.39681, 2.36], [8.12700080871582, 4.567520618438721], [0.5, 14.5], [7.265668869018555, 5.082664489746094], [0.0, 0.0], [20.244115829467773, 12.18328857421875], [18.645106315612793, 12.432258605957031], [20.28184223175049, 12.056230545043945], [27.5, 0.5], [15.260004997253418, 11.845474243164062]]
[2026-07-07 15:27:11] Sent map infos: [[4.86, 11.92], [0.0, 0.0], [2.39681, 2.36], [8.12700080871582, 4.567520618438721], [0.5, 14.5], [7.265668869018555, 5.082664489746094], [0.0, 0.0], [20.244115829467773, 12.18328857421875], [18.645106315612793, 12.432258605957031], [20.28184223175049, 12.056230545043945], [27.5, 0.5], [15.260004997253418, 11.845474243164062]]
[2026-07-07 15:27:11] Marked situation: [0, 0, 0, 0, 0, 0, 0]
[2026-07-07 15:27:11] have_double_effect_times: 0 , is_activating_double_effect: 0 , already_activate_double_effect_times: 0
[2026-07-07 15:27:11] Marked situation: [0, 0, 0, 0, 0, 0, 0]
[2026-07-07 15:27:11] have_double_effect_times: 0 , is_activating_double_effect: 0 , already_activate_double_effect_times: 0
[2026-07-07 15:27:11] Sent map info: [[4.86, 11.92], [0.0, 0.0], [2.39681, 2.36], [7.377140045166016, 4.869495868682861], [0.5, 14.5], [7.072267532348633, 5.010429859161377], [0.0, 0.0], [20.244115829467773, 12.18328857421875], [18.645106315612793, 12.432258605957031], [20.28184223175049, 12.056230545043945], [27.5, 0.5], [15.260004997253418, 11.845474243164062]]
[2026-07-07 15:27:11] Sent map infos: [[4.86, 11.92], [0.0, 0.0], [2.39681, 2.36], [7.377140045166016, 4.869495868682861], [0.5, 14.5], [7.072267532348633, 5.010429859161377], [0.0, 0.0], [20.244115829467773, 12.18328857421875], [18.645106315612793, 12.432258605957031], [20.28184223175049, 12.056230545043945], [27.5, 0.5], [15.260004997253418, 11.845474243164062]]
[2026-07-07 15:27:11] Marked situation: [0, 0, 0, 0, 0, 0, 0]
[2026-07-07 15:27:11] have_double_effect_times: 0 , is_activating_double_effect: 0 , already_activate_double_effect_times: 0
[2026-07-07 15:27:11] Marked situation: [0, 0, 0, 0, 0, 0, 0]
[2026-07-07 15:27:11] have_double_effect_times: 0 , is_activating_double_effect: 0 , already_activate_double_effect_times: 0
[2026-07-07 15:27:11] Sent map info: [[4.86, 11.92], [0.0, 0.0], [2.39681, 2.36], [7.784614562988281, 6.242070198059082], [0.5, 14.5], [6.97271728515625, 5.165346622467041], [0.0, 0.0], [20.244115829467773, 12.18328857421875], [18.645106315612793, 12.432258605957031], [21.419718265533447, 10.718079566955566], [27.5, 0.5], [15.260004997253418, 11.845474243164062]]
[2026-07-07 15:27:11] Sent map infos: [[4.86, 11.92], [0.0, 0.0], [2.39681, 2.36], [7.784614562988281, 6.242070198059082], [0.5, 14.5], [6.97271728515625, 5.165346622467041], [0.0, 0.0], [20.244115829467773, 12.18328857421875], [18.645106315612793, 12.432258605957031], [21.419718265533447, 10.718079566955566], [27.5, 0.5], [15.260004997253418, 11.845474243164062]]
[2026-07-07 15:27:12] update time left324
[2026-07-07 15:27:12] Marked situation: [0, 0, 0, 0, 0, 0, 0]
[2026-07-07 15:27:12] have_double_effect_times: 0 , is_activating_double_effect: 0 , already_activate_double_effect_times: 0
[2026-07-07 15:27:12] Marked situation: [0, 0, 0, 0, 0, 0, 0]
[2026-07-07 15:27:12] have_double_effect_times: 0 , is_activating_double_effect: 0 , already_activate_double_effect_times: 0
[2026-07-07 15:27:12] Sent map info: [[4.86, 11.92], [0.0, 0.0], [2.39681, 2.36], [7.206348419189453, 7.441624641418457], [0.5, 14.5], [7.281797409057617, 5.016447067260742], [0.0, 0.0], [20.244115829467773, 12.18328857421875], [18.645106315612793, 12.432258605957031], [16.265100479125977, 9.215537071228027], [27.5, 0.5], [15.260004997253418, 11.845474243164062]]
[2026-07-07 15:27:12] Sent map infos: [[4.86, 11.92], [0.0, 0.0], [2.39681, 2.36], [7.206348419189453, 7.441624641418457], [0.5, 14.5], [7.281797409057617, 5.016447067260742], [0.0, 0.0], [20.244115829467773, 12.18328857421875], [18.645106315612793, 12.432258605957031], [16.265100479125977, 9.215537071228027], [27.5, 0.5], [15.260004997253418, 11.845474243164062]]
[2026-07-07 15:27:12] Marked situation: [0, 0, 0, 0, 0, 0, 0]
[2026-07-07 15:27:12] have_double_effect_times: 0 , is_activating_double_effect: 0 , already_activate_double_effect_times: 0
[2026-07-07 15:27:12] Marked situation: [0, 0, 0, 0, 0, 0, 0]
[2026-07-07 15:27:12] have_double_effect_times: 0 , is_activating_double_effect: 0 , already_activate_double_effect_times: 0
[2026-07-07 15:27:12] Sent map info: [[4.86, 11.92], [0.0, 0.0], [2.39681, 2.36], [6.98747444152832, 7.559082984924316], [0.5, 14.5], [7.252313613891602, 5.0205302238464355], [0.0, 0.0], [18.195932388305664, 10.716032028198242], [18.645106315612793, 12.432258605957031], [16.04072666168213, 9.245798110961914], [27.5, 0.5], [15.260004997253418, 11.845474243164062]]
[2026-07-07 15:27:12] Sent map infos: [[4.86, 11.92], [0.0, 0.0], [2.39681, 2.36], [6.98747444152832, 7.559082984924316], [0.5, 14.5], [7.252313613891602, 5.0205302238464355], [0.0, 0.0], [18.195932388305664, 10.716032028198242], [18.645106315612793, 12.432258605957031], [16.04072666168213, 9.245798110961914], [27.5, 0.5], [15.260004997253418, 11.845474243164062]]
[2026-07-07 15:27:12] Marked situation: [0, 0, 0, 0, 0, 0, 0]
[2026-07-07 15:27:12] have_double_effect_times: 0 , is_activating_double_effect: 0 , already_activate_double_effect_times: 0
[2026-07-07 15:27:13] update time left323
[2026-07-07 15:27:13] Marked situation: [0, 0, 0, 0, 0, 0, 0]
[2026-07-07 15:27:13] have_double_effect_times: 0 , is_activating_double_effect: 0 , already_activate_double_effect_times: 0
[2026-07-07 15:27:13] Sent map info: [[4.86, 11.92], [0.0, 0.0], [2.39681, 2.36], [7.128499984741211, 7.2755279541015625], [0.5, 14.5], [7.306690216064453, 5.019515037536621], [0.0, 0.0], [18.755632400512695, 10.329599380493164], [18.645106315612793, 12.432258605957031], [14.843560218811035, 9.732933044433594], [27.5, 0.5], [15.260004997253418, 11.845474243164062]]
[2026-07-07 15:27:13] Sent map infos: [[4.86, 11.92], [0.0, 0.0], [2.39681, 2.36], [7.128499984741211, 7.2755279541015625], [0.5, 14.5], [7.306690216064453, 5.019515037536621], [0.0, 0.0], [18.755632400512695, 10.329599380493164], [18.645106315612793, 12.432258605957031], [14.843560218811035, 9.732933044433594], [27.5, 0.5], [15.260004997253418, 11.845474243164062]]
[2026-07-07 15:27:13] Marked situation: [0, 0, 0, 0, 0, 0, 0]
[2026-07-07 15:27:13] have_double_effect_times: 0 , is_activating_double_effect: 0 , already_activate_double_effect_times: 0
[2026-07-07 15:27:13] Marked situation: [0, 0, 0, 0, 0, 0, 0]
[2026-07-07 15:27:13] have_double_effect_times: 0 , is_activating_double_effect: 0 , already_activate_double_effect_times: 0
[2026-07-07 15:27:13] Sent map info: [[4.86, 11.92], [0.0, 0.0], [2.39681, 2.36], [6.282539367675781, 7.770330905914307], [0.5, 14.5], [7.26811408996582, 5.037538528442383], [0.0, 0.0], [19.129667282104492, 9.958440780639648], [18.645106315612793, 12.432258605957031], [13.21020793914795, 10.452472686767578], [27.5, 0.5], [15.260004997253418, 11.845474243164062]]
[2026-07-07 15:27:13] Sent map infos: [[4.86, 11.92], [0.0, 0.0], [2.39681, 2.36], [6.282539367675781, 7.770330905914307], [0.5, 14.5], [7.26811408996582, 5.037538528442383], [0.0, 0.0], [19.129667282104492, 9.958440780639648], [18.645106315612793, 12.432258605957031], [13.21020793914795, 10.452472686767578], [27.5, 0.5], [15.260004997253418, 11.845474243164062]]
[2026-07-07 15:27:13] Marked situation: [0, 0, 0, 0, 0, 0, 0]
[2026-07-07 15:27:13] have_double_effect_times: 0 , is_activating_double_effect: 0 , already_activate_double_effect_times: 0
[2026-07-07 15:27:13] Marked situation: [0, 0, 0, 0, 0, 0, 0]
[2026-07-07 15:27:13] have_double_effect_times: 0 , is_activating_double_effect: 0 , already_activate_double_effect_times: 0
[2026-07-07 15:27:13] Sent map info: [[6.401252746582031, 9.360671997070312], [0.0, 0.0], [2.39681, 2.36], [5.188350677490234, 8.691568374633789], [0.5, 14.5], [7.3240509033203125, 5.034228324890137], [0.0, 0.0], [19.34592914581299, 9.77191162109375], [18.645106315612793, 12.432258605957031], [12.256526947021484, 11.22116470336914], [27.5, 0.5], [15.260004997253418, 11.845474243164062]]
[2026-07-07 15:27:13] Sent map infos: [[6.401252746582031, 9.360671997070312], [0.0, 0.0], [2.39681, 2.36], [5.188350677490234, 8.691568374633789], [0.5, 14.5], [7.3240509033203125, 5.034228324890137], [0.0, 0.0], [19.34592914581299, 9.77191162109375], [18.645106315612793, 12.432258605957031], [12.256526947021484, 11.22116470336914], [27.5, 0.5], [15.260004997253418, 11.845474243164062]]
[2026-07-07 15:27:14] update time left322
[2026-07-07 15:27:14] Marked situation: [0, 0, 0, 0, 0, 0, 0]
[2026-07-07 15:27:14] have_double_effect_times: 0 , is_activating_double_effect: 0 , already_activate_double_effect_times: 0
[2026-07-07 15:27:14] Marked situation: [0, 0, 0, 0, 0, 0, 0]
[2026-07-07 15:27:14] have_double_effect_times: 0 , is_activating_double_effect: 0 , already_activate_double_effect_times: 0
[2026-07-07 15:27:14] Sent map info: [[6.382768630981445, 9.348769187927246], [0.0, 0.0], [2.39681, 2.36], [5.114995956420898, 10.086645126342773], [0.5, 14.5], [7.229774475097656, 5.013967514038086], [0.0, 0.0], [19.389002799987793, 9.734759330749512], [18.645106315612793, 12.432258605957031], [11.977697372436523, 11.259668350219727], [27.5, 0.5], [15.260004997253418, 11.845474243164062]]
[2026-07-07 15:27:14] Sent map infos: [[6.382768630981445, 9.348769187927246], [0.0, 0.0], [2.39681, 2.36], [5.114995956420898, 10.086645126342773], [0.5, 14.5], [7.229774475097656, 5.013967514038086], [0.0, 0.0], [19.389002799987793, 9.734759330749512], [18.645106315612793, 12.432258605957031], [11.977697372436523, 11.259668350219727], [27.5, 0.5], [15.260004997253418, 11.845474243164062]]
[2026-07-07 15:27:14] Marked situation: [0, 0, 0, 0, 0, 0, 0]
[2026-07-07 15:27:14] have_double_effect_times: 0 , is_activating_double_effect: 0 , already_activate_double_effect_times: 0
[2026-07-07 15:27:14] Marked situation: [0, 0, 0, 0, 0, 0, 0]
[2026-07-07 15:27:14] have_double_effect_times: 0 , is_activating_double_effect: 0 , already_activate_double_effect_times: 0
[2026-07-07 15:27:14] Sent map info: [[6.385541915893555, 9.344874382019043], [0.0, 0.0], [2.39681, 2.36], [6.005836486816406, 10.100494384765625], [0.5, 14.5], [7.309478759765625, 5.056633472442627], [0.0, 0.0], [19.389002799987793, 9.734759330749512], [18.645106315612793, 12.432258605957031], [12.737833023071289, 10.681097030639648], [27.5, 0.5], [15.260004997253418, 11.845474243164062]]
[2026-07-07 15:27:14] Sent map infos: [[6.385541915893555, 9.344874382019043], [0.0, 0.0], [2.39681, 2.36], [6.005836486816406, 10.100494384765625], [0.5, 14.5], [7.309478759765625, 5.056633472442627], [0.0, 0.0], [19.389002799987793, 9.734759330749512], [18.645106315612793, 12.432258605957031], [12.737833023071289, 10.681097030639648], [27.5, 0.5], [15.260004997253418, 11.845474243164062]]
[2026-07-07 15:27:14] Marked situation: [0, 0, 0, 0, 0, 0, 0]
[2026-07-07 15:27:14] have_double_effect_times: 0 , is_activating_double_effect: 0 , already_activate_double_effect_times: 0
[2026-07-07 15:27:15] update time left321
[2026-07-07 15:27:15] Marked situation: [0, 0, 0, 0, 0, 0, 0]
[2026-07-07 15:27:15] have_double_effect_times: 0 , is_activating_double_effect: 0 , already_activate_double_effect_times: 0
[2026-07-07 15:27:15] Sent map info: [[6.146751403808594, 9.304750442504883], [0.0, 0.0], [2.39681, 2.36], [5.159521102905273, 10.167021751403809], [0.5, 14.5], [7.31666374206543, 5.045588970184326], [0.0, 0.0], [19.389002799987793, 9.734759330749512], [18.645106315612793, 12.432258605957031], [13.071877479553223, 10.508138656616211], [27.5, 0.5], [15.260004997253418, 11.845474243164062]]
[2026-07-07 15:27:15] Sent map infos: [[6.146751403808594, 9.304750442504883], [0.0, 0.0], [2.39681, 2.36], [5.159521102905273, 10.167021751403809], [0.5, 14.5], [7.31666374206543, 5.045588970184326], [0.0, 0.0], [19.389002799987793, 9.734759330749512], [18.645106315612793, 12.432258605957031], [13.071877479553223, 10.508138656616211], [27.5, 0.5], [15.260004997253418, 11.845474243164062]]
[2026-07-07 15:27:15] Marked situation: [0, 0, 0, 0, 0, 0, 0]
[2026-07-07 15:27:15] have_double_effect_times: 0 , is_activating_double_effect: 0 , already_activate_double_effect_times: 0
[2026-07-07 15:27:15] Marked situation: [0, 0, 0, 0, 0, 0, 0]
[2026-07-07 15:27:15] have_double_effect_times: 0 , is_activating_double_effect: 0 , already_activate_double_effect_times: 0
[2026-07-07 15:27:15] Sent map info: [[4.14093017578125, 9.069040298461914], [0.0, 0.0], [2.39681, 2.36], [4.75889778137207, 9.779528617858887], [0.5, 14.5], [7.237823486328125, 5.0428924560546875], [0.0, 0.0], [19.389002799987793, 9.734759330749512], [18.645106315612793, 12.432258605957031], [12.18542766571045, 10.706299781799316], [27.5, 0.5], [15.260004997253418, 11.845474243164062]]
[2026-07-07 15:27:15] Sent map infos: [[4.14093017578125, 9.069040298461914], [0.0, 0.0], [2.39681, 2.36], [4.75889778137207, 9.779528617858887], [0.5, 14.5], [7.237823486328125, 5.0428924560546875], [0.0, 0.0], [19.389002799987793, 9.734759330749512], [18.645106315612793, 12.432258605957031], [12.18542766571045, 10.706299781799316], [27.5, 0.5], [15.260004997253418, 11.845474243164062]]
[2026-07-07 15:27:15] Marked situation: [0, 0, 0, 0, 0, 0, 0]
[2026-07-07 15:27:15] have_double_effect_times: 0 , is_activating_double_effect: 0 , already_activate_double_effect_times: 0
[2026-07-07 15:27:15] Marked situation: [0, 0, 0, 0, 0, 0, 0]
[2026-07-07 15:27:15] have_double_effect_times: 0 , is_activating_double_effect: 0 , already_activate_double_effect_times: 0
[2026-07-07 15:27:15] Sent map info: [[1.1297836303710938, 9.132357597351074], [0.0, 0.0], [2.39681, 2.36], [5.442901611328125, 9.756597518920898], [0.5, 14.5], [7.243398666381836, 5.034289836883545], [0.0, 0.0], [19.389002799987793, 9.734759330749512], [18.645106315612793, 12.432258605957031], [11.295251846313477, 10.575736045837402], [27.5, 0.5], [15.260004997253418, 11.845474243164062]]
[2026-07-07 15:27:15] Sent map infos: [[1.1297836303710938, 9.132357597351074], [0.0, 0.0], [2.39681, 2.36], [5.442901611328125, 9.756597518920898], [0.5, 14.5], [7.243398666381836, 5.034289836883545], [0.0, 0.0], [19.389002799987793, 9.734759330749512], [18.645106315612793, 12.432258605957031], [11.295251846313477, 10.575736045837402], [27.5, 0.5], [15.260004997253418, 11.845474243164062]]
[2026-07-07 15:27:16] update time left320
[2026-07-07 15:27:16] Marked situation: [0, 0, 0, 0, 0, 0, 0]
[2026-07-07 15:27:16] have_double_effect_times: 0 , is_activating_double_effect: 0 , already_activate_double_effect_times: 0
[2026-07-07 15:27:16] Marked situation: [0, 0, 0, 0, 0, 0, 0]
[2026-07-07 15:27:16] have_double_effect_times: 0 , is_activating_double_effect: 0 , already_activate_double_effect_times: 0
[2026-07-07 15:27:16] Sent map info: [[0.2642707824707031, 9.397543907165527], [0.0, 0.0], [2.39681, 2.36], [6.606288909912109, 9.378030776977539], [0.5, 14.5], [7.294694900512695, 5.037981986999512], [0.0, 0.0], [19.389002799987793, 9.734759330749512], [18.645106315612793, 12.432258605957031], [11.768697738647461, 10.477865219116211], [27.5, 0.5], [15.260004997253418, 11.845474243164062]]
[2026-07-07 15:27:16] Sent map infos: [[0.2642707824707031, 9.397543907165527], [0.0, 0.0], [2.39681, 2.36], [6.606288909912109, 9.378030776977539], [0.5, 14.5], [7.294694900512695, 5.037981986999512], [0.0, 0.0], [19.389002799987793, 9.734759330749512], [18.645106315612793, 12.432258605957031], [11.768697738647461, 10.477865219116211], [27.5, 0.5], [15.260004997253418, 11.845474243164062]]
[2026-07-07 15:27:16] Marked situation: [0, 0, 0, 0, 0, 0, 0]
[2026-07-07 15:27:16] have_double_effect_times: 0 , is_activating_double_effect: 0 , already_activate_double_effect_times: 0
[2026-07-07 15:27:16] Marked situation: [0, 0, 0, 0, 0, 0, 0]
[2026-07-07 15:27:16] have_double_effect_times: 0 , is_activating_double_effect: 0 , already_activate_double_effect_times: 0
[2026-07-07 15:27:16] Sent map info: [[0.3309803009033203, 8.969656944274902], [0.0, 0.0], [2.39681, 2.36], [6.558338165283203, 9.10229778289795], [0.5, 14.5], [7.2474517822265625, 5.0693864822387695], [0.0, 0.0], [19.389002799987793, 9.734759330749512], [18.645106315612793, 12.432258605957031], [13.145459175109863, 10.172499656677246], [27.5, 0.5], [15.260004997253418, 11.845474243164062]]
[2026-07-07 15:27:16] Sent map infos: [[0.3309803009033203, 8.969656944274902], [0.0, 0.0], [2.39681, 2.36], [6.558338165283203, 9.10229778289795], [0.5, 14.5], [7.2474517822265625, 5.0693864822387695], [0.0, 0.0], [19.389002799987793, 9.734759330749512], [18.645106315612793, 12.432258605957031], [13.145459175109863, 10.172499656677246], [27.5, 0.5], [15.260004997253418, 11.845474243164062]]
[2026-07-07 15:27:16] Marked situation: [0, 0, 0, 0, 0, 0, 0]
[2026-07-07 15:27:16] have_double_effect_times: 0 , is_activating_double_effect: 0 , already_activate_double_effect_times: 0
[2026-07-07 15:27:17] update time left319
[2026-07-07 15:27:17] Marked situation: [0, 0, 0, 0, 0, 0, 0]
[2026-07-07 15:27:17] have_double_effect_times: 0 , is_activating_double_effect: 0 , already_activate_double_effect_times: 0
[2026-07-07 15:27:17] Sent map info: [[0.3309803009033203, 8.969656944274902], [0.0, 0.0], [2.39681, 2.36], [6.129720687866211, 9.666609764099121], [0.5, 14.5], [7.312902450561523, 5.051370143890381], [0.0, 0.0], [19.389002799987793, 9.734759330749512], [18.645106315612793, 12.432258605957031], [14.934915542602539, 9.778136253356934], [27.5, 0.5], [15.260004997253418, 11.845474243164062]]
[2026-07-07 15:27:17] Sent map infos: [[0.3309803009033203, 8.969656944274902], [0.0, 0.0], [2.39681, 2.36], [6.129720687866211, 9.666609764099121], [0.5, 14.5], [7.312902450561523, 5.051370143890381], [0.0, 0.0], [19.389002799987793, 9.734759330749512], [18.645106315612793, 12.432258605957031], [14.934915542602539, 9.778136253356934], [27.5, 0.5], [15.260004997253418, 11.845474243164062]]
[2026-07-07 15:27:17] Marked situation: [0, 0, 0, 0, 0, 0, 0]
[2026-07-07 15:27:17] have_double_effect_times: 0 , is_activating_double_effect: 0 , already_activate_double_effect_times: 0
[2026-07-07 15:27:17] Marked situation: [0, 0, 0, 0, 0, 0, 0]
[2026-07-07 15:27:17] have_double_effect_times: 0 , is_activating_double_effect: 0 , already_activate_double_effect_times: 0
[2026-07-07 15:27:17] Sent map info: [[0.3309803009033203, 8.969656944274902], [0.0, 0.0], [2.39681, 2.36], [5.852666854858398, 9.722805976867676], [0.5, 14.5], [7.244579315185547, 5.073812007904053], [0.0, 0.0], [19.389002799987793, 9.734759330749512], [18.645106315612793, 12.432258605957031], [16.099787712097168, 9.328465461730957], [27.5, 0.5], [15.260004997253418, 11.845474243164062]]
[2026-07-07 15:27:17] Sent map infos: [[0.3309803009033203, 8.969656944274902], [0.0, 0.0], [2.39681, 2.36], [5.852666854858398, 9.722805976867676], [0.5, 14.5], [7.244579315185547, 5.073812007904053], [0.0, 0.0], [19.389002799987793, 9.734759330749512], [18.645106315612793, 12.432258605957031], [16.099787712097168, 9.328465461730957], [27.5, 0.5], [15.260004997253418, 11.845474243164062]]
[2026-07-07 15:27:17] Marked situation: [0, 0, 0, 0, 0, 0, 0]
[2026-07-07 15:27:17] have_double_effect_times: 0 , is_activating_double_effect: 0 , already_activate_double_effect_times: 0
[2026-07-07 15:27:17] Marked situation: [0, 0, 0, 0, 0, 0, 0]
[2026-07-07 15:27:17] have_double_effect_times: 0 , is_activating_double_effect: 0 , already_activate_double_effect_times: 0
[2026-07-07 15:27:17] Sent map info: [[0.3309803009033203, 8.969656944274902], [0.0, 0.0], [2.39681, 2.36], [6.062389373779297, 9.048418045043945], [0.5, 14.5], [7.236595153808594, 5.044788837432861], [0.0, 0.0], [19.389002799987793, 9.734759330749512], [18.645106315612793, 12.432258605957031], [16.82775592803955, 9.148054122924805], [27.5, 0.5], [15.260004997253418, 11.845474243164062]]
[2026-07-07 15:27:17] Sent map infos: [[0.3309803009033203, 8.969656944274902], [0.0, 0.0], [2.39681, 2.36], [6.062389373779297, 9.048418045043945], [0.5, 14.5], [7.236595153808594, 5.044788837432861], [0.0, 0.0], [19.389002799987793, 9.734759330749512], [18.645106315612793, 12.432258605957031], [16.82775592803955, 9.148054122924805], [27.5, 0.5], [15.260004997253418, 11.845474243164062]]
[2026-07-07 15:27:18] update time left318
[2026-07-07 15:27:18] Marked situation: [0, 0, 0, 0, 0, 0, 0]
[2026-07-07 15:27:18] have_double_effect_times: 0 , is_activating_double_effect: 0 , already_activate_double_effect_times: 0
[2026-07-07 15:27:18] Marked situation: [0, 0, 0, 0, 0, 0, 0]
[2026-07-07 15:27:18] have_double_effect_times: 0 , is_activating_double_effect: 0 , already_activate_double_effect_times: 0
[2026-07-07 15:27:18] Sent map info: [[4.86, 11.92], [0.0, 0.0], [2.39681, 2.36], [6.596256256103516, 8.31867790222168], [0.5, 14.5], [7.283962249755859, 5.054504871368408], [0.0, 0.0], [19.389002799987793, 9.734759330749512], [18.645106315612793, 12.432258605957031], [16.977133750915527, 9.101333618164062], [27.5, 0.5], [15.260004997253418, 11.845474243164062]]
[2026-07-07 15:27:18] Sent map infos: [[4.86, 11.92], [0.0, 0.0], [2.39681, 2.36], [6.596256256103516, 8.31867790222168], [0.5, 14.5], [7.283962249755859, 5.054504871368408], [0.0, 0.0], [19.389002799987793, 9.734759330749512], [18.645106315612793, 12.432258605957031], [16.977133750915527, 9.101333618164062], [27.5, 0.5], [15.260004997253418, 11.845474243164062]]
[2026-07-07 15:27:18] Marked situation: [0, 0, 0, 0, 0, 0, 0]
[2026-07-07 15:27:18] have_double_effect_times: 0 , is_activating_double_effect: 0 , already_activate_double_effect_times: 0
[2026-07-07 15:27:18] Marked situation: [0, 0, 0, 0, 0, 0, 0]
[2026-07-07 15:27:18] have_double_effect_times: 0 , is_activating_double_effect: 0 , already_activate_double_effect_times: 0
[2026-07-07 15:27:18] Sent map info: [[4.86, 11.92], [0.0, 0.0], [2.39681, 2.36], [7.012304306030273, 7.720577716827393], [0.5, 14.5], [7.267618179321289, 5.079665184020996], [0.0, 0.0], [19.389002799987793, 9.734759330749512], [18.645106315612793, 12.432258605957031], [16.977133750915527, 9.101333618164062], [27.5, 0.5], [15.260004997253418, 11.845474243164062]]
[2026-07-07 15:27:18] Sent map infos: [[4.86, 11.92], [0.0, 0.0], [2.39681, 2.36], [7.012304306030273, 7.720577716827393], [0.5, 14.5], [7.267618179321289, 5.079665184020996], [0.0, 0.0], [19.389002799987793, 9.734759330749512], [18.645106315612793, 12.432258605957031], [16.977133750915527, 9.101333618164062], [27.5, 0.5], [15.260004997253418, 11.845474243164062]]
[2026-07-07 15:27:18] Marked situation: [0, 0, 0, 0, 0, 0, 0]
[2026-07-07 15:27:18] have_double_effect_times: 0 , is_activating_double_effect: 0 , already_activate_double_effect_times: 0
[2026-07-07 15:27:19] update time left317
[2026-07-07 15:27:19] Marked situation: [0, 0, 0, 0, 0, 0, 0]
[2026-07-07 15:27:19] have_double_effect_times: 0 , is_activating_double_effect: 0 , already_activate_double_effect_times: 0
[2026-07-07 15:27:19] Sent map info: [[4.86, 11.92], [0.0, 0.0], [2.39681, 2.36], [6.871286392211914, 7.96245813369751], [0.5, 14.5], [7.286863327026367, 5.050039291381836], [0.0, 0.0], [19.389002799987793, 9.734759330749512], [18.645106315612793, 12.432258605957031], [16.977133750915527, 9.101333618164062], [27.5, 0.5], [15.260004997253418, 11.845474243164062]]
[2026-07-07 15:27:19] Sent map infos: [[4.86, 11.92], [0.0, 0.0], [2.39681, 2.36], [6.871286392211914, 7.96245813369751], [0.5, 14.5], [7.286863327026367, 5.050039291381836], [0.0, 0.0], [19.389002799987793, 9.734759330749512], [18.645106315612793, 12.432258605957031], [16.977133750915527, 9.101333618164062], [27.5, 0.5], [15.260004997253418, 11.845474243164062]]
[2026-07-07 15:27:19] Marked situation: [0, 0, 0, 0, 0, 0, 0]
[2026-07-07 15:27:19] have_double_effect_times: 0 , is_activating_double_effect: 0 , already_activate_double_effect_times: 0
[2026-07-07 15:27:19] Marked situation: [0, 0, 0, 0, 0, 0, 0]
[2026-07-07 15:27:19] have_double_effect_times: 0 , is_activating_double_effect: 0 , already_activate_double_effect_times: 0
[2026-07-07 15:27:19] Sent map info: [[4.86, 11.92], [0.0, 0.0], [2.39681, 2.36], [6.818363189697266, 8.62135124206543], [0.5, 14.5], [7.258676528930664, 5.093430042266846], [0.0, 0.0], [19.389002799987793, 9.734759330749512], [18.645106315612793, 12.432258605957031], [16.977133750915527, 9.101333618164062], [27.5, 0.5], [15.260004997253418, 11.845474243164062]]
[2026-07-07 15:27:19] Sent map infos: [[4.86, 11.92], [0.0, 0.0], [2.39681, 2.36], [6.818363189697266, 8.62135124206543], [0.5, 14.5], [7.258676528930664, 5.093430042266846], [0.0, 0.0], [19.389002799987793, 9.734759330749512], [18.645106315612793, 12.432258605957031], [16.977133750915527, 9.101333618164062], [27.5, 0.5], [15.260004997253418, 11.845474243164062]]
[2026-07-07 15:27:19] Marked situation: [0, 0, 0, 0, 0, 0, 0]
[2026-07-07 15:27:19] have_double_effect_times: 0 , is_activating_double_effect: 0 , already_activate_double_effect_times: 0
[2026-07-07 15:27:19] Marked situation: [0, 0, 0, 0, 0, 0, 0]
[2026-07-07 15:27:19] have_double_effect_times: 0 , is_activating_double_effect: 0 , already_activate_double_effect_times: 0
[2026-07-07 15:27:19] Sent map info: [[4.86, 11.92], [0.0, 0.0], [2.39681, 2.36], [6.516683578491211, 9.540241241455078], [0.5, 14.5], [7.294000625610352, 5.080434799194336], [0.0, 0.0], [18.920345306396484, 10.187768936157227], [18.645106315612793, 12.432258605957031], [18.52122974395752, 7.788203239440918], [27.5, 0.5], [15.260004997253418, 11.845474243164062]]
[2026-07-07 15:27:19] Sent map infos: [[4.86, 11.92], [0.0, 0.0], [2.39681, 2.36], [6.516683578491211, 9.540241241455078], [0.5, 14.5], [7.294000625610352, 5.080434799194336], [0.0, 0.0], [18.920345306396484, 10.187768936157227], [18.645106315612793, 12.432258605957031], [18.52122974395752, 7.788203239440918], [27.5, 0.5], [15.260004997253418, 11.845474243164062]]
[2026-07-07 15:27:20] update time left316
[2026-07-07 15:27:20] Marked situation: [0, 0, 0, 0, 0, 0, 0]
[2026-07-07 15:27:20] have_double_effect_times: 0 , is_activating_double_effect: 0 , already_activate_double_effect_times: 0
[2026-07-07 15:27:20] Marked situation: [0, 0, 0, 0, 0, 0, 0]
[2026-07-07 15:27:20] have_double_effect_times: 0 , is_activating_double_effect: 0 , already_activate_double_effect_times: 0
[2026-07-07 15:27:20] Sent map info: [[4.86, 11.92], [0.0, 0.0], [2.39681, 2.36], [6.749078750610352, 9.750984191894531], [0.5, 14.5], [7.246984481811523, 5.070106029510498], [0.0, 0.0], [17.832895278930664, 10.793022155761719], [18.645106315612793, 12.432258605957031], [19.546656608581543, 7.892361164093018], [27.5, 0.5], [15.260004997253418, 11.845474243164062]]
[2026-07-07 15:27:20] Sent map infos: [[4.86, 11.92], [0.0, 0.0], [2.39681, 2.36], [6.749078750610352, 9.750984191894531], [0.5, 14.5], [7.246984481811523, 5.070106029510498], [0.0, 0.0], [17.832895278930664, 10.793022155761719], [18.645106315612793, 12.432258605957031], [19.546656608581543, 7.892361164093018], [27.5, 0.5], [15.260004997253418, 11.845474243164062]]
[2026-07-07 15:27:20] Marked situation: [0, 0, 0, 0, 0, 0, 0]
[2026-07-07 15:27:20] have_double_effect_times: 0 , is_activating_double_effect: 0 , already_activate_double_effect_times: 0
[2026-07-07 15:27:20] Marked situation: [0, 0, 0, 0, 0, 0, 0]
[2026-07-07 15:27:20] have_double_effect_times: 0 , is_activating_double_effect: 0 , already_activate_double_effect_times: 0
[2026-07-07 15:27:20] Sent map info: [[4.86, 11.92], [0.0, 0.0], [2.39681, 2.36], [6.58851432800293, 9.478606224060059], [0.5, 14.5], [7.246738433837891, 5.070485591888428], [0.0, 0.0], [17.832895278930664, 10.793022155761719], [18.645106315612793, 12.432258605957031], [20.00383996963501, 7.936469554901123], [27.5, 0.5], [15.260004997253418, 11.845474243164062]]
[2026-07-07 15:27:20] Sent map infos: [[4.86, 11.92], [0.0, 0.0], [2.39681, 2.36], [6.58851432800293, 9.478606224060059], [0.5, 14.5], [7.246738433837891, 5.070485591888428], [0.0, 0.0], [17.832895278930664, 10.793022155761719], [18.645106315612793, 12.432258605957031], [20.00383996963501, 7.936469554901123], [27.5, 0.5], [15.260004997253418, 11.845474243164062]]
[2026-07-07 15:27:20] Marked situation: [0, 0, 0, 0, 0, 0, 0]
[2026-07-07 15:27:20] have_double_effect_times: 0 , is_activating_double_effect: 0 , already_activate_double_effect_times: 0
[2026-07-07 15:27:21] update time left315
[2026-07-07 15:27:21] Marked situation: [0, 0, 0, 0, 0, 0, 0]
[2026-07-07 15:27:21] have_double_effect_times: 0 , is_activating_double_effect: 0 , already_activate_double_effect_times: 0
[2026-07-07 15:27:21] Sent map info: [[4.86, 11.92], [0.0, 0.0], [2.39681, 2.36], [6.416194915771484, 8.997942924499512], [0.5, 14.5], [7.196809768676758, 5.064897537231445], [0.0, 0.0], [17.832895278930664, 10.793022155761719], [18.645106315612793, 12.432258605957031], [20.00383996963501, 7.936469554901123], [27.5, 0.5], [15.260004997253418, 11.845474243164062]]
[2026-07-07 15:27:21] Sent map infos: [[4.86, 11.92], [0.0, 0.0], [2.39681, 2.36], [6.416194915771484, 8.997942924499512], [0.5, 14.5], [7.196809768676758, 5.064897537231445], [0.0, 0.0], [17.832895278930664, 10.793022155761719], [18.645106315612793, 12.432258605957031], [20.00383996963501, 7.936469554901123], [27.5, 0.5], [15.260004997253418, 11.845474243164062]]
[2026-07-07 15:27:21] Marked situation: [0, 0, 0, 0, 0, 0, 0]
[2026-07-07 15:27:21] have_double_effect_times: 0 , is_activating_double_effect: 0 , already_activate_double_effect_times: 0
[2026-07-07 15:27:21] Marked situation: [0, 0, 0, 0, 0, 0, 0]
[2026-07-07 15:27:21] have_double_effect_times: 0 , is_activating_double_effect: 0 , already_activate_double_effect_times: 0
[2026-07-07 15:27:21] Sent map info: [[4.86, 11.92], [0.0, 0.0], [2.39681, 2.36], [6.837028503417969, 8.323490142822266], [0.5, 14.5], [7.256319046020508, 5.097060203552246], [0.0, 0.0], [17.832895278930664, 10.793022155761719], [18.645106315612793, 12.432258605957031], [20.00383996963501, 7.936469554901123], [27.5, 0.5], [15.260004997253418, 11.845474243164062]]
[2026-07-07 15:27:21] Sent map infos: [[4.86, 11.92], [0.0, 0.0], [2.39681, 2.36], [6.837028503417969, 8.323490142822266], [0.5, 14.5], [7.256319046020508, 5.097060203552246], [0.0, 0.0], [17.832895278930664, 10.793022155761719], [18.645106315612793, 12.432258605957031], [20.00383996963501, 7.936469554901123], [27.5, 0.5], [15.260004997253418, 11.845474243164062]]
[2026-07-07 15:27:21] Marked situation: [0, 0, 0, 0, 0, 0, 0]
[2026-07-07 15:27:21] have_double_effect_times: 0 , is_activating_double_effect: 0 , already_activate_double_effect_times: 0
[2026-07-07 15:27:21] Marked situation: [0, 0, 0, 0, 0, 0, 0]
[2026-07-07 15:27:21] have_double_effect_times: 0 , is_activating_double_effect: 0 , already_activate_double_effect_times: 0
[2026-07-07 15:27:21] Sent map info: [[4.86, 11.92], [0.0, 0.0], [2.39681, 2.36], [6.677328109741211, 8.627655982971191], [0.5, 14.5], [7.277116775512695, 5.065042495727539], [0.0, 0.0], [17.832895278930664, 10.793022155761719], [18.645106315612793, 12.432258605957031], [20.00383996963501, 7.936469554901123], [27.5, 0.5], [15.260004997253418, 11.845474243164062]]
[2026-07-07 15:27:21] Sent map infos: [[4.86, 11.92], [0.0, 0.0], [2.39681, 2.36], [6.677328109741211, 8.627655982971191], [0.5, 14.5], [7.277116775512695, 5.065042495727539], [0.0, 0.0], [17.832895278930664, 10.793022155761719], [18.645106315612793, 12.432258605957031], [20.00383996963501, 7.936469554901123], [27.5, 0.5], [15.260004997253418, 11.845474243164062]]
[2026-07-07 15:27:22] update time left314
[2026-07-07 15:27:22] Marked situation: [0, 0, 0, 0, 0, 0, 0]
[2026-07-07 15:27:22] have_double_effect_times: 0 , is_activating_double_effect: 0 , already_activate_double_effect_times: 0
[2026-07-07 15:27:22] Marked situation: [0, 0, 0, 0, 0, 0, 0]
[2026-07-07 15:27:22] have_double_effect_times: 0 , is_activating_double_effect: 0 , already_activate_double_effect_times: 0
[2026-07-07 15:27:22] Sent map info: [[4.86, 11.92], [0.0, 0.0], [2.39681, 2.36], [6.631439208984375, 9.760231971740723], [0.5, 14.5], [7.274236679077148, 5.1108222007751465], [0.0, 0.0], [17.832895278930664, 10.793022155761719], [18.645106315612793, 12.432258605957031], [18.577674865722656, 10.82010269165039], [27.5, 0.5], [15.260004997253418, 11.845474243164062]]
[2026-07-07 15:27:22] Sent map infos: [[4.86, 11.92], [0.0, 0.0], [2.39681, 2.36], [6.631439208984375, 9.760231971740723], [0.5, 14.5], [7.274236679077148, 5.1108222007751465], [0.0, 0.0], [17.832895278930664, 10.793022155761719], [18.645106315612793, 12.432258605957031], [18.577674865722656, 10.82010269165039], [27.5, 0.5], [15.260004997253418, 11.845474243164062]]
[2026-07-07 15:27:22] Marked situation: [0, 0, 0, 0, 0, 0, 0]
[2026-07-07 15:27:22] have_double_effect_times: 0 , is_activating_double_effect: 0 , already_activate_double_effect_times: 0
[2026-07-07 15:27:22] Marked situation: [0, 0, 0, 0, 0, 0, 0]
[2026-07-07 15:27:22] have_double_effect_times: 0 , is_activating_double_effect: 0 , already_activate_double_effect_times: 0
[2026-07-07 15:27:22] Sent map info: [[4.86, 11.92], [0.0, 0.0], [2.39681, 2.36], [7.531099319458008, 10.694214820861816], [0.5, 14.5], [7.267637252807617, 5.0796356201171875], [0.0, 0.0], [17.832895278930664, 10.793022155761719], [18.645106315612793, 12.432258605957031], [19.575304985046387, 11.151187896728516], [27.5, 0.5], [15.260004997253418, 11.845474243164062]]
[2026-07-07 15:27:22] Sent map infos: [[4.86, 11.92], [0.0, 0.0], [2.39681, 2.36], [7.531099319458008, 10.694214820861816], [0.5, 14.5], [7.267637252807617, 5.0796356201171875], [0.0, 0.0], [17.832895278930664, 10.793022155761719], [18.645106315612793, 12.432258605957031], [19.575304985046387, 11.151187896728516], [27.5, 0.5], [15.260004997253418, 11.845474243164062]]
[2026-07-07 15:27:22] Marked situation: [0, 0, 0, 0, 0, 0, 0]
[2026-07-07 15:27:22] have_double_effect_times: 0 , is_activating_double_effect: 0 , already_activate_double_effect_times: 0
[2026-07-07 15:27:23] update time left313
[2026-07-07 15:27:23] Marked situation: [0, 0, 0, 0, 0, 0, 0]
[2026-07-07 15:27:23] have_double_effect_times: 0 , is_activating_double_effect: 0 , already_activate_double_effect_times: 0
[2026-07-07 15:27:23] Sent map info: [[4.86, 11.92], [0.0, 0.0], [2.39681, 2.36], [8.741947174072266, 11.356218338012695], [0.5, 14.5], [7.233369827270508, 5.091089248657227], [0.0, 0.0], [17.832895278930664, 10.793022155761719], [18.645106315612793, 12.432258605957031], [20.606000423431396, 11.060253143310547], [27.5, 0.5], [15.260004997253418, 11.845474243164062]]
[2026-07-07 15:27:23] Sent map infos: [[4.86, 11.92], [0.0, 0.0], [2.39681, 2.36], [8.741947174072266, 11.356218338012695], [0.5, 14.5], [7.233369827270508, 5.091089248657227], [0.0, 0.0], [17.832895278930664, 10.793022155761719], [18.645106315612793, 12.432258605957031], [20.606000423431396, 11.060253143310547], [27.5, 0.5], [15.260004997253418, 11.845474243164062]]
[2026-07-07 15:27:23] Marked situation: [0, 0, 0, 0, 0, 0, 0]
[2026-07-07 15:27:23] have_double_effect_times: 0 , is_activating_double_effect: 0 , already_activate_double_effect_times: 0
[2026-07-07 15:27:23] Marked situation: [0, 0, 0, 0, 0, 0, 0]
[2026-07-07 15:27:23] have_double_effect_times: 0 , is_activating_double_effect: 0 , already_activate_double_effect_times: 0
[2026-07-07 15:27:23] Sent map info: [[4.86, 11.92], [0.0, 0.0], [2.39681, 2.36], [8.73917007446289, 11.398150444030762], [0.5, 14.5], [7.202373504638672, 5.097597599029541], [0.0, 0.0], [17.832895278930664, 10.793022155761719], [18.645106315612793, 12.432258605957031], [20.90365982055664, 11.224650382995605], [27.5, 0.5], [15.260004997253418, 11.845474243164062]]
[2026-07-07 15:27:23] Sent map infos: [[4.86, 11.92], [0.0, 0.0], [2.39681, 2.36], [8.73917007446289, 11.398150444030762], [0.5, 14.5], [7.202373504638672, 5.097597599029541], [0.0, 0.0], [17.832895278930664, 10.793022155761719], [18.645106315612793, 12.432258605957031], [20.90365982055664, 11.224650382995605], [27.5, 0.5], [15.260004997253418, 11.845474243164062]]
[2026-07-07 15:27:23] Marked situation: [0, 0, 0, 0, 0, 0, 0]
[2026-07-07 15:27:23] have_double_effect_times: 0 , is_activating_double_effect: 0 , already_activate_double_effect_times: 0
[2026-07-07 15:27:23] Marked situation: [0, 0, 0, 0, 0, 0, 0]
[2026-07-07 15:27:23] have_double_effect_times: 0 , is_activating_double_effect: 0 , already_activate_double_effect_times: 0
[2026-07-07 15:27:23] Sent map info: [[4.86, 11.92], [0.0, 0.0], [2.39681, 2.36], [8.73917007446289, 11.398150444030762], [0.5, 14.5], [7.26524543762207, 5.083315849304199], [22.206108570098877, 8.580565452575684], [17.832895278930664, 10.793022155761719], [18.645106315612793, 12.432258605957031], [20.908878803253174, 11.370598793029785], [27.5, 0.5], [15.260004997253418, 11.845474243164062]]
[2026-07-07 15:27:23] Sent map infos: [[4.86, 11.92], [0.0, 0.0], [2.39681, 2.36], [8.73917007446289, 11.398150444030762], [0.5, 14.5], [7.26524543762207, 5.083315849304199], [22.206108570098877, 8.580565452575684], [17.832895278930664, 10.793022155761719], [18.645106315612793, 12.432258605957031], [20.908878803253174, 11.370598793029785], [27.5, 0.5], [15.260004997253418, 11.845474243164062]]
[2026-07-07 15:27:24] update time left312
[2026-07-07 15:27:24] Marked situation: [0, 0, 0, 0, 0, 0, 0]
[2026-07-07 15:27:24] have_double_effect_times: 0 , is_activating_double_effect: 0 , already_activate_double_effect_times: 0
[2026-07-07 15:27:24] Marked situation: [0, 0, 0, 0, 0, 0, 0]
[2026-07-07 15:27:24] have_double_effect_times: 0 , is_activating_double_effect: 0 , already_activate_double_effect_times: 0
[2026-07-07 15:27:24] Sent map info: [[4.86, 11.92], [0.0, 0.0], [2.39681, 2.36], [8.73917007446289, 11.398150444030762], [0.5, 14.5], [7.267942428588867, 5.120500564575195], [21.37306261062622, 8.701109886169434], [17.832895278930664, 10.793022155761719], [18.645106315612793, 12.432258605957031], [19.584978103637695, 12.114720344543457], [27.5, 0.5], [15.260004997253418, 11.845474243164062]]
[2026-07-07 15:27:24] Sent map infos: [[4.86, 11.92], [0.0, 0.0], [2.39681, 2.36], [8.73917007446289, 11.398150444030762], [0.5, 14.5], [7.267942428588867, 5.120500564575195], [21.37306261062622, 8.701109886169434], [17.832895278930664, 10.793022155761719], [18.645106315612793, 12.432258605957031], [19.584978103637695, 12.114720344543457], [27.5, 0.5], [15.260004997253418, 11.845474243164062]]
[2026-07-07 15:27:24] Marked situation: [0, 0, 0, 0, 0, 0, 0]
[2026-07-07 15:27:24] have_double_effect_times: 0 , is_activating_double_effect: 0 , already_activate_double_effect_times: 0
[2026-07-07 15:27:24] Marked situation: [0, 0, 0, 0, 0, 0, 0]
[2026-07-07 15:27:24] have_double_effect_times: 0 , is_activating_double_effect: 0 , already_activate_double_effect_times: 0
[2026-07-07 15:27:24] Sent map info: [[4.86, 11.92], [0.0, 0.0], [2.39681, 2.36], [2.39681, 2.36], [0.5, 14.5], [7.276679992675781, 5.1070661544799805], [21.37306261062622, 8.701109886169434], [17.832895278930664, 10.793022155761719], [18.645106315612793, 12.432258605957031], [18.378692626953125, 12.364192008972168], [27.5, 0.5], [15.260004997253418, 11.845474243164062]]
[2026-07-07 15:27:24] Sent map infos: [[4.86, 11.92], [0.0, 0.0], [2.39681, 2.36], [2.39681, 2.36], [0.5, 14.5], [7.276679992675781, 5.1070661544799805], [21.37306261062622, 8.701109886169434], [17.832895278930664, 10.793022155761719], [18.645106315612793, 12.432258605957031], [18.378692626953125, 12.364192008972168], [27.5, 0.5], [15.260004997253418, 11.845474243164062]]
[2026-07-07 15:27:24] Marked situation: [0, 0, 0, 0, 0, 0, 0]
[2026-07-07 15:27:24] have_double_effect_times: 0 , is_activating_double_effect: 0 , already_activate_double_effect_times: 0
[2026-07-07 15:27:25] update time left311
[2026-07-07 15:27:25] Marked situation: [0, 0, 0, 0, 0, 0, 0]
[2026-07-07 15:27:25] have_double_effect_times: 0 , is_activating_double_effect: 0 , already_activate_double_effect_times: 0
[2026-07-07 15:27:25] Sent map info: [[4.86, 11.92], [0.0, 0.0], [2.39681, 2.36], [2.39681, 2.36], [0.5, 14.5], [7.215764999389648, 5.118224620819092], [21.37306261062622, 8.701109886169434], [17.832895278930664, 10.793022155761719], [18.645106315612793, 12.432258605957031], [16.94495964050293, 12.529237747192383], [27.5, 0.5], [15.260004997253418, 11.845474243164062]]
[2026-07-07 15:27:25] Sent map infos: [[4.86, 11.92], [0.0, 0.0], [2.39681, 2.36], [2.39681, 2.36], [0.5, 14.5], [7.215764999389648, 5.118224620819092], [21.37306261062622, 8.701109886169434], [17.832895278930664, 10.793022155761719], [18.645106315612793, 12.432258605957031], [16.94495964050293, 12.529237747192383], [27.5, 0.5], [15.260004997253418, 11.845474243164062]]
[2026-07-07 15:27:25] Marked situation: [0, 0, 0, 0, 0, 0, 0]
[2026-07-07 15:27:25] have_double_effect_times: 0 , is_activating_double_effect: 0 , already_activate_double_effect_times: 0
[2026-07-07 15:27:25] Marked situation: [0, 0, 0, 0, 0, 0, 0]
[2026-07-07 15:27:25] have_double_effect_times: 0 , is_activating_double_effect: 0 , already_activate_double_effect_times: 0
[2026-07-07 15:27:25] Sent map info: [[4.86, 11.92], [0.0, 0.0], [2.39681, 2.36], [2.39681, 2.36], [0.5, 14.5], [7.2987060546875, 5.114564418792725], [21.37306261062622, 8.701109886169434], [17.832895278930664, 10.793022155761719], [18.645106315612793, 12.432258605957031], [15.978829383850098, 12.631507873535156], [27.5, 0.5], [15.260004997253418, 11.845474243164062]]
[2026-07-07 15:27:25] Sent map infos: [[4.86, 11.92], [0.0, 0.0], [2.39681, 2.36], [2.39681, 2.36], [0.5, 14.5], [7.2987060546875, 5.114564418792725], [21.37306261062622, 8.701109886169434], [17.832895278930664, 10.793022155761719], [18.645106315612793, 12.432258605957031], [15.978829383850098, 12.631507873535156], [27.5, 0.5], [15.260004997253418, 11.845474243164062]]
[2026-07-07 15:27:25] Marked situation: [0, 0, 0, 0, 0, 0, 0]
[2026-07-07 15:27:25] have_double_effect_times: 0 , is_activating_double_effect: 0 , already_activate_double_effect_times: 0
[2026-07-07 15:27:25] Marked situation: [0, 0, 0, 0, 0, 0, 0]
[2026-07-07 15:27:25] have_double_effect_times: 0 , is_activating_double_effect: 0 , already_activate_double_effect_times: 0
[2026-07-07 15:27:25] Sent map info: [[4.86, 11.92], [0.0, 0.0], [2.39681, 2.36], [2.39681, 2.36], [0.5, 14.5], [7.191581726074219, 5.1142497062683105], [21.37306261062622, 8.701109886169434], [17.832895278930664, 10.793022155761719], [18.645106315612793, 12.432258605957031], [16.04118061065674, 12.443458557128906], [27.5, 0.5], [15.260004997253418, 11.845474243164062]]
[2026-07-07 15:27:25] Sent map infos: [[4.86, 11.92], [0.0, 0.0], [2.39681, 2.36], [2.39681, 2.36], [0.5, 14.5], [7.191581726074219, 5.1142497062683105], [21.37306261062622, 8.701109886169434], [17.832895278930664, 10.793022155761719], [18.645106315612793, 12.432258605957031], [16.04118061065674, 12.443458557128906], [27.5, 0.5], [15.260004997253418, 11.845474243164062]]
[2026-07-07 15:27:26] update time left310
[2026-07-07 15:27:26] Marked situation: [0, 0, 0, 0, 0, 0, 0]
[2026-07-07 15:27:26] have_double_effect_times: 0 , is_activating_double_effect: 0 , already_activate_double_effect_times: 0
[2026-07-07 15:27:26] Marked situation: [0, 0, 0, 0, 0, 0, 0]
[2026-07-07 15:27:26] have_double_effect_times: 0 , is_activating_double_effect: 0 , already_activate_double_effect_times: 0
[2026-07-07 15:27:26] Sent map info: [[0, 8.434820175170898], [0.0, 0.0], [2.39681, 2.36], [2.39681, 2.36], [0.5, 14.5], [7.223531723022461, 5.106253623962402], [21.37306261062622, 8.701109886169434], [17.832895278930664, 10.793022155761719], [18.645106315612793, 12.432258605957031], [16.169093132019043, 12.287432670593262], [27.5, 0.5], [15.260004997253418, 11.845474243164062]]
[2026-07-07 15:27:26] Sent map infos: [[0, 8.434820175170898], [0.0, 0.0], [2.39681, 2.36], [2.39681, 2.36], [0.5, 14.5], [7.223531723022461, 5.106253623962402], [21.37306261062622, 8.701109886169434], [17.832895278930664, 10.793022155761719], [18.645106315612793, 12.432258605957031], [16.169093132019043, 12.287432670593262], [27.5, 0.5], [15.260004997253418, 11.845474243164062]]
[2026-07-07 15:27:26] Marked situation: [0, 0, 0, 0, 0, 0, 0]
[2026-07-07 15:27:26] have_double_effect_times: 0 , is_activating_double_effect: 0 , already_activate_double_effect_times: 0
[2026-07-07 15:27:26] Marked situation: [0, 0, 0, 0, 0, 0, 0]
[2026-07-07 15:27:26] have_double_effect_times: 0 , is_activating_double_effect: 0 , already_activate_double_effect_times: 0
[2026-07-07 15:27:26] Sent map info: [[0.3251171112060547, 8.848699569702148], [0.0, 0.0], [2.39681, 2.36], [2.39681, 2.36], [0.5, 14.5], [7.274774551391602, 5.109994888305664], [21.37306261062622, 8.701109886169434], [17.832895278930664, 10.793022155761719], [18.645106315612793, 12.432258605957031], [16.012368202209473, 12.378974914550781], [27.5, 0.5], [15.260004997253418, 11.845474243164062]]
[2026-07-07 15:27:26] Sent map infos: [[0.3251171112060547, 8.848699569702148], [0.0, 0.0], [2.39681, 2.36], [2.39681, 2.36], [0.5, 14.5], [7.274774551391602, 5.109994888305664], [21.37306261062622, 8.701109886169434], [17.832895278930664, 10.793022155761719], [18.645106315612793, 12.432258605957031], [16.012368202209473, 12.378974914550781], [27.5, 0.5], [15.260004997253418, 11.845474243164062]]
[2026-07-07 15:27:26] Marked situation: [0, 0, 0, 0, 0, 0, 0]
[2026-07-07 15:27:26] have_double_effect_times: 0 , is_activating_double_effect: 0 , already_activate_double_effect_times: 0
[2026-07-07 15:27:27] update time left309
[2026-07-07 15:27:27] Marked situation: [0, 0, 0, 0, 0, 0, 0]
[2026-07-07 15:27:27] have_double_effect_times: 0 , is_activating_double_effect: 0 , already_activate_double_effect_times: 0
[2026-07-07 15:27:27] Sent map info: [[0.5751590728759766, 8.854567527770996], [0.0, 0.0], [2.39681, 2.36], [2.39681, 2.36], [0.5, 14.5], [7.236549377441406, 5.127493858337402], [21.37306261062622, 8.701109886169434], [17.832895278930664, 10.793022155761719], [19.35336685180664, 8.118995666503906], [15.80738639831543, 12.602012634277344], [27.5, 0.5], [15.260004997253418, 11.845474243164062]]
[2026-07-07 15:27:27] Sent map infos: [[0.5751590728759766, 8.854567527770996], [0.0, 0.0], [2.39681, 2.36], [2.39681, 2.36], [0.5, 14.5], [7.236549377441406, 5.127493858337402], [21.37306261062622, 8.701109886169434], [17.832895278930664, 10.793022155761719], [19.35336685180664, 8.118995666503906], [15.80738639831543, 12.602012634277344], [27.5, 0.5], [15.260004997253418, 11.845474243164062]]
[2026-07-07 15:27:27] Marked situation: [0, 0, 0, 0, 0, 0, 0]
[2026-07-07 15:27:27] have_double_effect_times: 0 , is_activating_double_effect: 0 , already_activate_double_effect_times: 0
[2026-07-07 15:27:27] Marked situation: [0, 0, 0, 0, 0, 0, 0]
[2026-07-07 15:27:27] have_double_effect_times: 0 , is_activating_double_effect: 0 , already_activate_double_effect_times: 0
[2026-07-07 15:27:27] Sent map info: [[0.2736225128173828, 8.818634986877441], [0.0, 0.0], [2.39681, 2.36], [2.39681, 2.36], [0.5, 14.5], [7.2488250732421875, 5.108595371246338], [19.316625595092773, 8.253023147583008], [17.832895278930664, 10.793022155761719], [19.35336685180664, 8.118995666503906], [15.57981014251709, 12.799938201904297], [27.5, 0.5], [15.260004997253418, 11.845474243164062]]
[2026-07-07 15:27:27] Sent map infos: [[0.2736225128173828, 8.818634986877441], [0.0, 0.0], [2.39681, 2.36], [2.39681, 2.36], [0.5, 14.5], [7.2488250732421875, 5.108595371246338], [19.316625595092773, 8.253023147583008], [17.832895278930664, 10.793022155761719], [19.35336685180664, 8.118995666503906], [15.57981014251709, 12.799938201904297], [27.5, 0.5], [15.260004997253418, 11.845474243164062]]
[2026-07-07 15:27:27] Marked situation: [0, 0, 0, 0, 0, 0, 0]
[2026-07-07 15:27:27] have_double_effect_times: 0 , is_activating_double_effect: 0 , already_activate_double_effect_times: 0
[2026-07-07 15:27:27] Marked situation: [0, 0, 0, 0, 0, 0, 0]
[2026-07-07 15:27:27] have_double_effect_times: 0 , is_activating_double_effect: 0 , already_activate_double_effect_times: 0
[2026-07-07 15:27:27] Sent map info: [[0.19192886352539062, 8.082399368286133], [0.0, 0.0], [2.39681, 2.36], [2.39681, 2.36], [0.5, 14.5], [7.237789154052734, 5.125584125518799], [19.125346183776855, 8.42659854888916], [15.535643577575684, 12.838350296020508], [19.35336685180664, 8.118995666503906], [15.502262115478516, 12.779300689697266], [27.5, 0.5], [15.260004997253418, 11.845474243164062]]
[2026-07-07 15:27:27] Sent map infos: [[0.19192886352539062, 8.082399368286133], [0.0, 0.0], [2.39681, 2.36], [2.39681, 2.36], [0.5, 14.5], [7.237789154052734, 5.125584125518799], [19.125346183776855, 8.42659854888916], [15.535643577575684, 12.838350296020508], [19.35336685180664, 8.118995666503906], [15.502262115478516, 12.779300689697266], [27.5, 0.5], [15.260004997253418, 11.845474243164062]]
[2026-07-07 15:27:28] update time left308
[2026-07-07 15:27:28] Marked situation: [0, 0, 0, 0, 0, 0, 0]
[2026-07-07 15:27:28] have_double_effect_times: 0 , is_activating_double_effect: 0 , already_activate_double_effect_times: 0
[2026-07-07 15:27:28] Marked situation: [0, 0, 0, 0, 0, 0, 0]
[2026-07-07 15:27:28] have_double_effect_times: 0 , is_activating_double_effect: 0 , already_activate_double_effect_times: 0
[2026-07-07 15:27:28] Sent map info: [[0.6154403686523438, 7.142063617706299], [0.0, 0.0], [2.39681, 2.36], [2.39681, 2.36], [0.5, 14.5], [7.289283752441406, 5.12903356552124], [19.125346183776855, 8.42659854888916], [15.535643577575684, 12.838350296020508], [19.35336685180664, 8.118995666503906], [15.103802680969238, 12.42790699005127], [27.5, 0.5], [15.260004997253418, 11.845474243164062]]
[2026-07-07 15:27:28] Sent map infos: [[0.6154403686523438, 7.142063617706299], [0.0, 0.0], [2.39681, 2.36], [2.39681, 2.36], [0.5, 14.5], [7.289283752441406, 5.12903356552124], [19.125346183776855, 8.42659854888916], [15.535643577575684, 12.838350296020508], [19.35336685180664, 8.118995666503906], [15.103802680969238, 12.42790699005127], [27.5, 0.5], [15.260004997253418, 11.845474243164062]]
[2026-07-07 15:27:28] Marked situation: [0, 0, 0, 0, 0, 0, 0]
[2026-07-07 15:27:28] have_double_effect_times: 0 , is_activating_double_effect: 0 , already_activate_double_effect_times: 0
[2026-07-07 15:27:28] Marked situation: [0, 0, 0, 0, 0, 0, 0]
[2026-07-07 15:27:28] have_double_effect_times: 0 , is_activating_double_effect: 0 , already_activate_double_effect_times: 0
[2026-07-07 15:27:28] Sent map info: [[1.2069473266601562, 6.245030879974365], [0.0, 0.0], [2.39681, 2.36], [2.39681, 2.36], [0.5, 14.5], [7.269174575805664, 5.118605136871338], [19.125346183776855, 8.42659854888916], [15.535643577575684, 12.838350296020508], [19.35336685180664, 8.118995666503906], [14.831123352050781, 11.841117858886719], [27.5, 0.5], [15.260004997253418, 11.845474243164062]]
[2026-07-07 15:27:28] Sent map infos: [[1.2069473266601562, 6.245030879974365], [0.0, 0.0], [2.39681, 2.36], [2.39681, 2.36], [0.5, 14.5], [7.269174575805664, 5.118605136871338], [19.125346183776855, 8.42659854888916], [15.535643577575684, 12.838350296020508], [19.35336685180664, 8.118995666503906], [14.831123352050781, 11.841117858886719], [27.5, 0.5], [15.260004997253418, 11.845474243164062]]
[2026-07-07 15:27:28] Marked situation: [0, 0, 0, 0, 0, 0, 0]
[2026-07-07 15:27:28] have_double_effect_times: 0 , is_activating_double_effect: 0 , already_activate_double_effect_times: 0
[2026-07-07 15:27:29] update time left307
[2026-07-07 15:27:29] Marked situation: [0, 0, 0, 0, 0, 0, 0]
[2026-07-07 15:27:29] have_double_effect_times: 0 , is_activating_double_effect: 0 , already_activate_double_effect_times: 0
[2026-07-07 15:27:29] Sent map info: [[1.3954391479492188, 6.47037410736084], [0.0, 0.0], [8.632938385009766, 13.23095417022705], [2.39681, 2.36], [0.5, 14.5], [7.275932312011719, 5.149538516998291], [19.125346183776855, 8.42659854888916], [15.535643577575684, 12.838350296020508], [19.35336685180664, 8.118995666503906], [15.203386306762695, 10.961075782775879], [27.5, 0.5], [15.260004997253418, 11.845474243164062]]
[2026-07-07 15:27:29] Sent map infos: [[1.3954391479492188, 6.47037410736084], [0.0, 0.0], [8.632938385009766, 13.23095417022705], [2.39681, 2.36], [0.5, 14.5], [7.275932312011719, 5.149538516998291], [19.125346183776855, 8.42659854888916], [15.535643577575684, 12.838350296020508], [19.35336685180664, 8.118995666503906], [15.203386306762695, 10.961075782775879], [27.5, 0.5], [15.260004997253418, 11.845474243164062]]
[2026-07-07 15:27:29] Marked situation: [0, 0, 0, 0, 0, 0, 0]
[2026-07-07 15:27:29] have_double_effect_times: 0 , is_activating_double_effect: 0 , already_activate_double_effect_times: 0
[2026-07-07 15:27:29] Marked situation: [0, 0, 0, 0, 0, 0, 0]
[2026-07-07 15:27:29] have_double_effect_times: 0 , is_activating_double_effect: 0 , already_activate_double_effect_times: 0
[2026-07-07 15:27:29] Sent map info: [[1.3954391479492188, 6.47037410736084], [0.0, 0.0], [8.662469863891602, 13.23574161529541], [8.681718826293945, 13.251946449279785], [0.5, 14.5], [7.289552688598633, 5.128620147705078], [19.72964382171631, 7.929080963134766], [15.535643577575684, 12.838350296020508], [19.35336685180664, 8.118995666503906], [16.091705322265625, 9.708373069763184], [27.5, 0.5], [15.260004997253418, 11.845474243164062]]
[2026-07-07 15:27:29] Sent map infos: [[1.3954391479492188, 6.47037410736084], [0.0, 0.0], [8.662469863891602, 13.23574161529541], [8.681718826293945, 13.251946449279785], [0.5, 14.5], [7.289552688598633, 5.128620147705078], [19.72964382171631, 7.929080963134766], [15.535643577575684, 12.838350296020508], [19.35336685180664, 8.118995666503906], [16.091705322265625, 9.708373069763184], [27.5, 0.5], [15.260004997253418, 11.845474243164062]]
[2026-07-07 15:27:29] Marked situation: [0, 0, 0, 0, 0, 0, 0]
[2026-07-07 15:27:29] have_double_effect_times: 0 , is_activating_double_effect: 0 , already_activate_double_effect_times: 0
[2026-07-07 15:27:29] Marked situation: [0, 0, 0, 0, 0, 0, 0]
[2026-07-07 15:27:29] have_double_effect_times: 0 , is_activating_double_effect: 0 , already_activate_double_effect_times: 0
[2026-07-07 15:27:29] Sent map info: [[1.3954391479492188, 6.47037410736084], [0.0, 0.0], [8.662469863891602, 13.23574161529541], [8.462678909301758, 13.121343612670898], [0.5, 14.5], [7.280582427978516, 5.142397880554199], [19.40396022796631, 8.27448844909668], [15.535643577575684, 12.838350296020508], [19.35336685180664, 8.118995666503906], [16.60409450531006, 9.172026634216309], [27.5, 0.5], [15.260004997253418, 11.845474243164062]]
[2026-07-07 15:27:29] Sent map infos: [[1.3954391479492188, 6.47037410736084], [0.0, 0.0], [8.662469863891602, 13.23574161529541], [8.462678909301758, 13.121343612670898], [0.5, 14.5], [7.280582427978516, 5.142397880554199], [19.40396022796631, 8.27448844909668], [15.535643577575684, 12.838350296020508], [19.35336685180664, 8.118995666503906], [16.60409450531006, 9.172026634216309], [27.5, 0.5], [15.260004997253418, 11.845474243164062]]
[2026-07-07 15:27:30] update time left306
[2026-07-07 15:27:30] Marked situation: [0, 0, 0, 0, 0, 0, 0]
[2026-07-07 15:27:30] have_double_effect_times: 0 , is_activating_double_effect: 0 , already_activate_double_effect_times: 0
[2026-07-07 15:27:30] Marked situation: [0, 0, 0, 0, 0, 0, 0]
[2026-07-07 15:27:30] have_double_effect_times: 0 , is_activating_double_effect: 0 , already_activate_double_effect_times: 0
[2026-07-07 15:27:30] Sent map info: [[1.3954391479492188, 6.47037410736084], [0.0, 0.0], [8.662469863891602, 13.23574161529541], [8.462678909301758, 13.121343612670898], [0.5, 14.5], [7.274934768676758, 5.151071071624756], [19.37727642059326, 8.59984302520752], [18.802361488342285, 6.766756057739258], [19.35336685180664, 8.118995666503906], [16.60409450531006, 9.172026634216309], [27.5, 0.5], [15.260004997253418, 11.845474243164062]]
[2026-07-07 15:27:30] Sent map infos: [[1.3954391479492188, 6.47037410736084], [0.0, 0.0], [8.662469863891602, 13.23574161529541], [8.462678909301758, 13.121343612670898], [0.5, 14.5], [7.274934768676758, 5.151071071624756], [19.37727642059326, 8.59984302520752], [18.802361488342285, 6.766756057739258], [19.35336685180664, 8.118995666503906], [16.60409450531006, 9.172026634216309], [27.5, 0.5], [15.260004997253418, 11.845474243164062]]
[2026-07-07 15:27:30] Marked situation: [0, 0, 0, 0, 0, 0, 0]
[2026-07-07 15:27:30] have_double_effect_times: 0 , is_activating_double_effect: 0 , already_activate_double_effect_times: 0
[2026-07-07 15:27:30] Marked situation: [0, 0, 0, 0, 0, 0, 0]
[2026-07-07 15:27:30] have_double_effect_times: 0 , is_activating_double_effect: 0 , already_activate_double_effect_times: 0
[2026-07-07 15:27:30] Sent map info: [[4.86, 11.92], [0.0, 0.0], [2.39681, 2.36], [8.462678909301758, 13.121343612670898], [0.5, 14.5], [7.259799957275391, 5.13301944732666], [19.37727642059326, 8.59984302520752], [19.62170696258545, 9.832365036010742], [18.79909324645996, 6.46550989151001], [16.60409450531006, 9.172026634216309], [27.5, 0.5], [15.260004997253418, 11.845474243164062]]
[2026-07-07 15:27:30] Sent map infos: [[4.86, 11.92], [0.0, 0.0], [2.39681, 2.36], [8.462678909301758, 13.121343612670898], [0.5, 14.5], [7.259799957275391, 5.13301944732666], [19.37727642059326, 8.59984302520752], [19.62170696258545, 9.832365036010742], [18.79909324645996, 6.46550989151001], [16.60409450531006, 9.172026634216309], [27.5, 0.5], [15.260004997253418, 11.845474243164062]]
[2026-07-07 15:27:30] Marked situation: [0, 0, 0, 0, 0, 0, 0]
[2026-07-07 15:27:30] have_double_effect_times: 0 , is_activating_double_effect: 0 , already_activate_double_effect_times: 0
[2026-07-07 15:27:31] update time left305
[2026-07-07 15:27:31] Marked situation: [0, 0, 0, 0, 0, 0, 0]
[2026-07-07 15:27:31] have_double_effect_times: 0 , is_activating_double_effect: 0 , already_activate_double_effect_times: 0
[2026-07-07 15:27:31] Sent map info: [[4.86, 11.92], [0.0, 0.0], [2.39681, 2.36], [2.39681, 2.36], [0.5, 14.5], [7.278114318847656, 5.146186351776123], [19.37727642059326, 8.59984302520752], [19.196681022644043, 10.048097610473633], [18.537155151367188, 6.670224189758301], [16.60409450531006, 9.172026634216309], [27.5, 0.5], [15.260004997253418, 11.845474243164062]]
[2026-07-07 15:27:31] Sent map infos: [[4.86, 11.92], [0.0, 0.0], [2.39681, 2.36], [2.39681, 2.36], [0.5, 14.5], [7.278114318847656, 5.146186351776123], [19.37727642059326, 8.59984302520752], [19.196681022644043, 10.048097610473633], [18.537155151367188, 6.670224189758301], [16.60409450531006, 9.172026634216309], [27.5, 0.5], [15.260004997253418, 11.845474243164062]]
[2026-07-07 15:27:31] Marked situation: [0, 0, 0, 0, 0, 0, 0]
[2026-07-07 15:27:31] have_double_effect_times: 0 , is_activating_double_effect: 0 , already_activate_double_effect_times: 0
[2026-07-07 15:27:31] Marked situation: [0, 0, 0, 0, 0, 0, 0]
[2026-07-07 15:27:31] have_double_effect_times: 0 , is_activating_double_effect: 0 , already_activate_double_effect_times: 0
[2026-07-07 15:27:31] Sent map info: [[4.86, 11.92], [0.0, 0.0], [2.39681, 2.36], [2.39681, 2.36], [0.5, 14.5], [7.27308464050293, 5.15391206741333], [19.37727642059326, 8.59984302520752], [18.937907218933105, 10.3189058303833], [18.828442573547363, 6.944097518920898], [16.60409450531006, 9.172026634216309], [27.5, 0.5], [15.260004997253418, 11.845474243164062]]
[2026-07-07 15:27:31] Sent map infos: [[4.86, 11.92], [0.0, 0.0], [2.39681, 2.36], [2.39681, 2.36], [0.5, 14.5], [7.27308464050293, 5.15391206741333], [19.37727642059326, 8.59984302520752], [18.937907218933105, 10.3189058303833], [18.828442573547363, 6.944097518920898], [16.60409450531006, 9.172026634216309], [27.5, 0.5], [15.260004997253418, 11.845474243164062]]
[2026-07-07 15:27:31] Marked situation: [0, 0, 0, 0, 0, 0, 0]
[2026-07-07 15:27:31] have_double_effect_times: 0 , is_activating_double_effect: 0 , already_activate_double_effect_times: 0
[2026-07-07 15:27:31] Marked situation: [0, 0, 0, 0, 0, 0, 0]
[2026-07-07 15:27:31] have_double_effect_times: 0 , is_activating_double_effect: 0 , already_activate_double_effect_times: 0
[2026-07-07 15:27:31] Sent map info: [[0.04392814636230469, 8.916726112365723], [0.0, 0.0], [2.39681, 2.36], [2.39681, 2.36], [0.5, 14.5], [7.195497512817383, 5.149462699890137], [19.37727642059326, 8.59984302520752], [18.781097412109375, 10.598590850830078], [18.828442573547363, 6.944097518920898], [16.60409450531006, 9.172026634216309], [27.5, 0.5], [15.260004997253418, 11.845474243164062]]
[2026-07-07 15:27:31] Sent map infos: [[0.04392814636230469, 8.916726112365723], [0.0, 0.0], [2.39681, 2.36], [2.39681, 2.36], [0.5, 14.5], [7.195497512817383, 5.149462699890137], [19.37727642059326, 8.59984302520752], [18.781097412109375, 10.598590850830078], [18.828442573547363, 6.944097518920898], [16.60409450531006, 9.172026634216309], [27.5, 0.5], [15.260004997253418, 11.845474243164062]]
[2026-07-07 15:27:32] update time left304
[2026-07-07 15:27:32] Marked situation: [0, 0, 0, 0, 0, 0, 0]
[2026-07-07 15:27:32] have_double_effect_times: 0 , is_activating_double_effect: 0 , already_activate_double_effect_times: 0
[2026-07-07 15:27:32] Marked situation: [0, 0, 0, 0, 0, 0, 0]
[2026-07-07 15:27:32] have_double_effect_times: 0 , is_activating_double_effect: 0 , already_activate_double_effect_times: 0
[2026-07-07 15:27:32] Sent map info: [[2.5076904296875, 9.321687698364258], [0.0, 0.0], [2.39681, 2.36], [8.358177185058594, 13.052146911621094], [0.5, 14.5], [7.246221542358398, 5.153897762298584], [19.37727642059326, 8.59984302520752], [18.767155647277832, 10.658844947814941], [18.828442573547363, 6.944097518920898], [17.93698501586914, 8.094051361083984], [27.5, 0.5], [15.260004997253418, 11.845474243164062]]
[2026-07-07 15:27:32] Sent map infos: [[2.5076904296875, 9.321687698364258], [0.0, 0.0], [2.39681, 2.36], [8.358177185058594, 13.052146911621094], [0.5, 14.5], [7.246221542358398, 5.153897762298584], [19.37727642059326, 8.59984302520752], [18.767155647277832, 10.658844947814941], [18.828442573547363, 6.944097518920898], [17.93698501586914, 8.094051361083984], [27.5, 0.5], [15.260004997253418, 11.845474243164062]]
[2026-07-07 15:27:32] Marked situation: [0, 0, 0, 0, 0, 0, 0]
[2026-07-07 15:27:32] have_double_effect_times: 0 , is_activating_double_effect: 0 , already_activate_double_effect_times: 0
[2026-07-07 15:27:32] Marked situation: [0, 0, 0, 0, 0, 0, 0]
[2026-07-07 15:27:32] have_double_effect_times: 0 , is_activating_double_effect: 0 , already_activate_double_effect_times: 0
[2026-07-07 15:27:32] Sent map info: [[3.7958850860595703, 9.11645793914795], [0.0, 0.0], [2.39681, 2.36], [8.915313720703125, 13.258453369140625], [0.5, 14.5], [7.236635208129883, 5.168637752532959], [19.37727642059326, 8.59984302520752], [18.767155647277832, 10.658844947814941], [18.828442573547363, 6.944097518920898], [17.93698501586914, 8.094051361083984], [27.5, 0.5], [15.260004997253418, 11.845474243164062]]
[2026-07-07 15:27:32] Sent map infos: [[3.7958850860595703, 9.11645793914795], [0.0, 0.0], [2.39681, 2.36], [8.915313720703125, 13.258453369140625], [0.5, 14.5], [7.236635208129883, 5.168637752532959], [19.37727642059326, 8.59984302520752], [18.767155647277832, 10.658844947814941], [18.828442573547363, 6.944097518920898], [17.93698501586914, 8.094051361083984], [27.5, 0.5], [15.260004997253418, 11.845474243164062]]
[2026-07-07 15:27:32] Marked situation: [0, 0, 0, 0, 0, 0, 0]
[2026-07-07 15:27:32] have_double_effect_times: 0 , is_activating_double_effect: 0 , already_activate_double_effect_times: 0
[2026-07-07 15:27:33] update time left303
[2026-07-07 15:27:33] Marked situation: [0, 0, 0, 0, 0, 0, 0]
[2026-07-07 15:27:33] have_double_effect_times: 0 , is_activating_double_effect: 0 , already_activate_double_effect_times: 0
[2026-07-07 15:27:33] Sent map info: [[5.095865249633789, 8.236027717590332], [0.0, 0.0], [2.39681, 2.36], [8.915313720703125, 13.258453369140625], [0.5, 14.5], [7.230396270751953, 5.178231239318848], [19.37727642059326, 8.59984302520752], [18.767155647277832, 10.658844947814941], [17.378591537475586, 6.177048206329346], [17.93698501586914, 8.094051361083984], [27.5, 0.5], [15.260004997253418, 11.845474243164062]]
[2026-07-07 15:27:33] Sent map infos: [[5.095865249633789, 8.236027717590332], [0.0, 0.0], [2.39681, 2.36], [8.915313720703125, 13.258453369140625], [0.5, 14.5], [7.230396270751953, 5.178231239318848], [19.37727642059326, 8.59984302520752], [18.767155647277832, 10.658844947814941], [17.378591537475586, 6.177048206329346], [17.93698501586914, 8.094051361083984], [27.5, 0.5], [15.260004997253418, 11.845474243164062]]
[2026-07-07 15:27:33] Marked situation: [0, 0, 0, 0, 0, 0, 0]
[2026-07-07 15:27:33] have_double_effect_times: 0 , is_activating_double_effect: 0 , already_activate_double_effect_times: 0
[2026-07-07 15:27:33] Marked situation: [0, 0, 0, 0, 0, 0, 0]
[2026-07-07 15:27:33] have_double_effect_times: 0 , is_activating_double_effect: 0 , already_activate_double_effect_times: 0
[2026-07-07 15:27:33] Sent map info: [[6.058042526245117, 7.486752510070801], [7.2346038818359375, 5.171762466430664], [2.39681, 2.36], [8.915313720703125, 13.258453369140625], [0.5, 14.5], [7.211538314819336, 5.1659979820251465], [19.37727642059326, 8.59984302520752], [19.775650024414062, 10.790816307067871], [17.220684051513672, 4.590509414672852], [17.93698501586914, 8.094051361083984], [27.5, 0.5], [15.260004997253418, 11.845474243164062]]
[2026-07-07 15:27:33] Sent map infos: [[6.058042526245117, 7.486752510070801], [7.2346038818359375, 5.171762466430664], [2.39681, 2.36], [8.915313720703125, 13.258453369140625], [0.5, 14.5], [7.211538314819336, 5.1659979820251465], [19.37727642059326, 8.59984302520752], [19.775650024414062, 10.790816307067871], [17.220684051513672, 4.590509414672852], [17.93698501586914, 8.094051361083984], [27.5, 0.5], [15.260004997253418, 11.845474243164062]]
[2026-07-07 15:27:33] Marked situation: [0, 0, 0, 0, 0, 0, 0]
[2026-07-07 15:27:33] have_double_effect_times: 0 , is_activating_double_effect: 0 , already_activate_double_effect_times: 0
[2026-07-07 15:27:33] Marked situation: [0, 0, 0, 0, 0, 0, 0]
[2026-07-07 15:27:33] have_double_effect_times: 0 , is_activating_double_effect: 0 , already_activate_double_effect_times: 0
[2026-07-07 15:27:33] Sent map info: [[5.167613983154297, 8.275036811828613], [7.232019424438477, 5.175736427307129], [2.39681, 2.36], [2.39681, 2.36], [0.5, 14.5], [7.233928680419922, 5.1728010177612305], [19.37727642059326, 8.59984302520752], [20.132497310638428, 10.894233703613281], [17.60885524749756, 2.624722480773926], [17.93698501586914, 8.094051361083984], [27.5, 0.5], [15.260004997253418, 11.845474243164062]]
[2026-07-07 15:27:33] Sent map infos: [[5.167613983154297, 8.275036811828613], [7.232019424438477, 5.175736427307129], [2.39681, 2.36], [2.39681, 2.36], [0.5, 14.5], [7.233928680419922, 5.1728010177612305], [19.37727642059326, 8.59984302520752], [20.132497310638428, 10.894233703613281], [17.60885524749756, 2.624722480773926], [17.93698501586914, 8.094051361083984], [27.5, 0.5], [15.260004997253418, 11.845474243164062]]
[2026-07-07 15:27:34] update time left302
[2026-07-07 15:27:34] Marked situation: [0, 0, 0, 0, 0, 0, 0]
[2026-07-07 15:27:34] have_double_effect_times: 0 , is_activating_double_effect: 0 , already_activate_double_effect_times: 0
[2026-07-07 15:27:34] Marked situation: [0, 0, 0, 0, 0, 0, 0]
[2026-07-07 15:27:34] have_double_effect_times: 0 , is_activating_double_effect: 0 , already_activate_double_effect_times: 0
[2026-07-07 15:27:34] Sent map info: [[4.177423477172852, 9.551114082336426], [7.22804069519043, 5.181853771209717], [2.39681, 2.36], [2.39681, 2.36], [0.5, 14.5], [7.231864929199219, 5.175972938537598], [19.37727642059326, 8.59984302520752], [20.580799102783203, 10.930706024169922], [15.80180835723877, 2.419553756713867], [17.93698501586914, 8.094051361083984], [27.5, 0.5], [15.260004997253418, 11.845474243164062]]
[2026-07-07 15:27:34] Sent map infos: [[4.177423477172852, 9.551114082336426], [7.22804069519043, 5.181853771209717], [2.39681, 2.36], [2.39681, 2.36], [0.5, 14.5], [7.231864929199219, 5.175972938537598], [19.37727642059326, 8.59984302520752], [20.580799102783203, 10.930706024169922], [15.80180835723877, 2.419553756713867], [17.93698501586914, 8.094051361083984], [27.5, 0.5], [15.260004997253418, 11.845474243164062]]
[2026-07-07 15:27:34] Marked situation: [0, 0, 0, 0, 0, 0, 0]
[2026-07-07 15:27:34] have_double_effect_times: 0 , is_activating_double_effect: 0 , already_activate_double_effect_times: 0
[2026-07-07 15:27:34] Marked situation: [0, 0, 0, 0, 0, 0, 0]
[2026-07-07 15:27:34] have_double_effect_times: 0 , is_activating_double_effect: 0 , already_activate_double_effect_times: 0
[2026-07-07 15:27:34] Sent map info: [[3.2490768432617188, 9.787324905395508], [7.23200798034668, 5.175753593444824], [2.39681, 2.36], [2.39681, 2.36], [0.5, 14.5], [7.251041412353516, 5.187763690948486], [19.37727642059326, 8.59984302520752], [20.728240489959717, 10.962961196899414], [15.494453430175781, 2.4877262115478516], [17.93698501586914, 8.094051361083984], [27.5, 0.5], [15.260004997253418, 11.845474243164062]]
[2026-07-07 15:27:34] Sent map infos: [[3.2490768432617188, 9.787324905395508], [7.23200798034668, 5.175753593444824], [2.39681, 2.36], [2.39681, 2.36], [0.5, 14.5], [7.251041412353516, 5.187763690948486], [19.37727642059326, 8.59984302520752], [20.728240489959717, 10.962961196899414], [15.494453430175781, 2.4877262115478516], [17.93698501586914, 8.094051361083984], [27.5, 0.5], [15.260004997253418, 11.845474243164062]]
[2026-07-07 15:27:34] Marked situation: [0, 0, 0, 0, 0, 0, 0]
[2026-07-07 15:27:34] have_double_effect_times: 0 , is_activating_double_effect: 0 , already_activate_double_effect_times: 0
[2026-07-07 15:27:35] update time left301
[2026-07-07 15:27:35] Marked situation: [0, 0, 0, 0, 0, 0, 0]
[2026-07-07 15:27:35] have_double_effect_times: 0 , is_activating_double_effect: 0 , already_activate_double_effect_times: 0
[2026-07-07 15:27:35] Sent map info: [[2.0124340057373047, 9.35805606842041], [7.23200798034668, 5.175753593444824], [2.39681, 2.36], [8.108556747436523, 11.040763854980469], [0.5, 14.5], [7.2659759521484375, 5.206108093261719], [19.37727642059326, 8.59984302520752], [21.048198699951172, 10.909992218017578], [16.140448570251465, 2.6744632720947266], [17.93698501586914, 8.094051361083984], [27.5, 0.5], [15.260004997253418, 11.845474243164062]]
[2026-07-07 15:27:35] Sent map infos: [[2.0124340057373047, 9.35805606842041], [7.23200798034668, 5.175753593444824], [2.39681, 2.36], [8.108556747436523, 11.040763854980469], [0.5, 14.5], [7.2659759521484375, 5.206108093261719], [19.37727642059326, 8.59984302520752], [21.048198699951172, 10.909992218017578], [16.140448570251465, 2.6744632720947266], [17.93698501586914, 8.094051361083984], [27.5, 0.5], [15.260004997253418, 11.845474243164062]]
[2026-07-07 15:27:35] Marked situation: [0, 0, 0, 0, 0, 0, 0]
[2026-07-07 15:27:35] have_double_effect_times: 0 , is_activating_double_effect: 0 , already_activate_double_effect_times: 0
[2026-07-07 15:27:35] Marked situation: [0, 0, 0, 0, 0, 0, 0]
[2026-07-07 15:27:35] have_double_effect_times: 0 , is_activating_double_effect: 0 , already_activate_double_effect_times: 0
[2026-07-07 15:27:35] Sent map info: [[0.7474613189697266, 8.887099266052246], [7.23200798034668, 5.175753593444824], [2.39681, 2.36], [6.868608474731445, 10.081521034240723], [0.5, 14.5], [7.294858932495117, 4.996316432952881], [19.37727642059326, 8.59984302520752], [21.022764205932617, 11.131183624267578], [16.140448570251465, 2.6744632720947266], [17.93698501586914, 8.094051361083984], [27.5, 0.5], [15.260004997253418, 11.845474243164062]]
[2026-07-07 15:27:35] Sent map infos: [[0.7474613189697266, 8.887099266052246], [7.23200798034668, 5.175753593444824], [2.39681, 2.36], [6.868608474731445, 10.081521034240723], [0.5, 14.5], [7.294858932495117, 4.996316432952881], [19.37727642059326, 8.59984302520752], [21.022764205932617, 11.131183624267578], [16.140448570251465, 2.6744632720947266], [17.93698501586914, 8.094051361083984], [27.5, 0.5], [15.260004997253418, 11.845474243164062]]
[2026-07-07 15:27:35] Marked situation: [0, 0, 0, 0, 0, 0, 0]
[2026-07-07 15:27:35] have_double_effect_times: 0 , is_activating_double_effect: 0 , already_activate_double_effect_times: 0
[2026-07-07 15:27:35] Marked situation: [0, 0, 0, 0, 0, 0, 0]
[2026-07-07 15:27:35] have_double_effect_times: 0 , is_activating_double_effect: 0 , already_activate_double_effect_times: 0
[2026-07-07 15:27:35] Sent map info: [[0.7087554931640625, 8.323057174682617], [7.23200798034668, 5.175753593444824], [2.39681, 2.36], [6.196695327758789, 8.85510540008545], [0.5, 14.5], [7.35125732421875, 5.0338592529296875], [19.37727642059326, 8.59984302520752], [21.101831912994385, 11.069134712219238], [16.140448570251465, 2.6744632720947266], [17.93698501586914, 8.094051361083984], [27.5, 0.5], [15.260004997253418, 11.845474243164062]]
[2026-07-07 15:27:35] Sent map infos: [[0.7087554931640625, 8.323057174682617], [7.23200798034668, 5.175753593444824], [2.39681, 2.36], [6.196695327758789, 8.85510540008545], [0.5, 14.5], [7.35125732421875, 5.0338592529296875], [19.37727642059326, 8.59984302520752], [21.101831912994385, 11.069134712219238], [16.140448570251465, 2.6744632720947266], [17.93698501586914, 8.094051361083984], [27.5, 0.5], [15.260004997253418, 11.845474243164062]]
[2026-07-07 15:27:36] update time left300
[2026-07-07 15:27:36] Marked situation: [0, 0, 0, 0, 0, 0, 0]
[2026-07-07 15:27:36] have_double_effect_times: 0 , is_activating_double_effect: 0 , already_activate_double_effect_times: 0
[2026-07-07 15:27:36] Marked situation: [0, 0, 0, 0, 0, 0, 0]
[2026-07-07 15:27:36] have_double_effect_times: 0 , is_activating_double_effect: 0 , already_activate_double_effect_times: 0
[2026-07-07 15:27:36] Sent map info: [[0.7087554931640625, 8.323057174682617], [0.0, 0.0], [2.39681, 2.36], [6.316181182861328, 9.328996658325195], [0.5, 14.5], [7.2783966064453125, 5.021691799163818], [19.37727642059326, 8.59984302520752], [21.082300662994385, 11.185002326965332], [15.804529190063477, 2.0619053840637207], [20.911152839660645, 11.31883430480957], [27.5, 0.5], [15.260004997253418, 11.845474243164062]]
[2026-07-07 15:27:36] Sent map infos: [[0.7087554931640625, 8.323057174682617], [0.0, 0.0], [2.39681, 2.36], [6.316181182861328, 9.328996658325195], [0.5, 14.5], [7.2783966064453125, 5.021691799163818], [19.37727642059326, 8.59984302520752], [21.082300662994385, 11.185002326965332], [15.804529190063477, 2.0619053840637207], [20.911152839660645, 11.31883430480957], [27.5, 0.5], [15.260004997253418, 11.845474243164062]]
[2026-07-07 15:27:36] Marked situation: [0, 0, 0, 0, 0, 0, 0]
[2026-07-07 15:27:36] have_double_effect_times: 0 , is_activating_double_effect: 0 , already_activate_double_effect_times: 0
[2026-07-07 15:27:36] Marked situation: [0, 0, 0, 0, 0, 0, 0]
[2026-07-07 15:27:36] have_double_effect_times: 0 , is_activating_double_effect: 0 , already_activate_double_effect_times: 0
[2026-07-07 15:27:36] Sent map info: [[0.7087554931640625, 8.323057174682617], [0.0, 0.0], [2.39681, 2.36], [6.650571823120117, 9.696211814880371], [0.5, 14.5], [7.35627555847168, 5.026151657104492], [19.37727642059326, 8.59984302520752], [21.082300662994385, 11.185002326965332], [15.557092666625977, 2.160076141357422], [20.911152839660645, 11.31883430480957], [27.5, 0.5], [15.260004997253418, 11.845474243164062]]
[2026-07-07 15:27:36] Sent map infos: [[0.7087554931640625, 8.323057174682617], [0.0, 0.0], [2.39681, 2.36], [6.650571823120117, 9.696211814880371], [0.5, 14.5], [7.35627555847168, 5.026151657104492], [19.37727642059326, 8.59984302520752], [21.082300662994385, 11.185002326965332], [15.557092666625977, 2.160076141357422], [20.911152839660645, 11.31883430480957], [27.5, 0.5], [15.260004997253418, 11.845474243164062]]
[2026-07-07 15:27:36] Marked situation: [0, 0, 0, 0, 0, 0, 0]
[2026-07-07 15:27:36] have_double_effect_times: 0 , is_activating_double_effect: 0 , already_activate_double_effect_times: 0
[2026-07-07 15:27:37] update time left299
[2026-07-07 15:27:37] Marked situation: [0, 0, 0, 0, 0, 0, 0]
[2026-07-07 15:27:37] have_double_effect_times: 0 , is_activating_double_effect: 0 , already_activate_double_effect_times: 0
[2026-07-07 15:27:37] Sent map info: [[0.7087554931640625, 8.323057174682617], [0.0, 0.0], [2.39681, 2.36], [6.508167266845703, 9.552048683166504], [0.5, 14.5], [7.330209732055664, 5.0247578620910645], [19.37727642059326, 8.59984302520752], [21.082300662994385, 11.185002326965332], [15.538908004760742, 2.131784677505493], [20.911152839660645, 11.31883430480957], [27.5, 0.5], [15.260004997253418, 11.845474243164062]]
[2026-07-07 15:27:37] Sent map infos: [[0.7087554931640625, 8.323057174682617], [0.0, 0.0], [2.39681, 2.36], [6.508167266845703, 9.552048683166504], [0.5, 14.5], [7.330209732055664, 5.0247578620910645], [19.37727642059326, 8.59984302520752], [21.082300662994385, 11.185002326965332], [15.538908004760742, 2.131784677505493], [20.911152839660645, 11.31883430480957], [27.5, 0.5], [15.260004997253418, 11.845474243164062]]
[2026-07-07 15:27:37] Marked situation: [0, 0, 0, 0, 0, 0, 0]
[2026-07-07 15:27:37] have_double_effect_times: 0 , is_activating_double_effect: 0 , already_activate_double_effect_times: 0
[2026-07-07 15:27:37] Marked situation: [0, 0, 0, 0, 0, 0, 0]
[2026-07-07 15:27:37] have_double_effect_times: 0 , is_activating_double_effect: 0 , already_activate_double_effect_times: 0
[2026-07-07 15:27:37] Sent map info: [[4.86, 11.92], [7.357154846191406, 5.024802207946777], [2.39681, 2.36], [6.071683883666992, 8.61817455291748], [0.5, 14.5], [7.308473587036133, 5.0167694091796875], [19.37727642059326, 8.59984302520752], [21.082300662994385, 11.185002326965332], [15.473955154418945, 2.160637617111206], [20.911152839660645, 11.31883430480957], [27.5, 0.5], [15.260004997253418, 11.845474243164062]]
[2026-07-07 15:27:37] Sent map infos: [[4.86, 11.92], [7.357154846191406, 5.024802207946777], [2.39681, 2.36], [6.071683883666992, 8.61817455291748], [0.5, 14.5], [7.308473587036133, 5.0167694091796875], [19.37727642059326, 8.59984302520752], [21.082300662994385, 11.185002326965332], [15.473955154418945, 2.160637617111206], [20.911152839660645, 11.31883430480957], [27.5, 0.5], [15.260004997253418, 11.845474243164062]]
[2026-07-07 15:27:37] Marked situation: [0, 0, 0, 0, 0, 0, 0]
[2026-07-07 15:27:37] have_double_effect_times: 0 , is_activating_double_effect: 0 , already_activate_double_effect_times: 0
[2026-07-07 15:27:37] Marked situation: [0, 0, 0, 0, 0, 0, 0]
[2026-07-07 15:27:37] have_double_effect_times: 0 , is_activating_double_effect: 0 , already_activate_double_effect_times: 0
[2026-07-07 15:27:37] Sent map info: [[4.86, 11.92], [7.376920700073242, 5.035928249359131], [2.39681, 2.36], [6.368598937988281, 8.760649681091309], [0.5, 14.5], [7.308473587036133, 5.0167694091796875], [19.884796142578125, 7.8905792236328125], [21.082300662994385, 11.185002326965332], [15.320904731750488, 2.1468005180358887], [19.710759162902832, 8.199857711791992], [27.5, 0.5], [15.260004997253418, 11.845474243164062]]
[2026-07-07 15:27:37] Sent map infos: [[4.86, 11.92], [7.376920700073242, 5.035928249359131], [2.39681, 2.36], [6.368598937988281, 8.760649681091309], [0.5, 14.5], [7.308473587036133, 5.0167694091796875], [19.884796142578125, 7.8905792236328125], [21.082300662994385, 11.185002326965332], [15.320904731750488, 2.1468005180358887], [19.710759162902832, 8.199857711791992], [27.5, 0.5], [15.260004997253418, 11.845474243164062]]
[2026-07-07 15:27:38] update time left298
[2026-07-07 15:27:38] Marked situation: [0, 0, 0, 0, 0, 0, 0]
[2026-07-07 15:27:38] have_double_effect_times: 0 , is_activating_double_effect: 0 , already_activate_double_effect_times: 0
[2026-07-07 15:27:38] Marked situation: [0, 0, 0, 0, 0, 0, 0]
[2026-07-07 15:27:38] have_double_effect_times: 0 , is_activating_double_effect: 0 , already_activate_double_effect_times: 0
[2026-07-07 15:27:38] Sent map info: [[4.86, 11.92], [7.328420639038086, 5.027510166168213], [2.39681, 2.36], [6.006702423095703, 9.090914726257324], [0.5, 14.5], [7.308473587036133, 5.0167694091796875], [19.884796142578125, 7.8905792236328125], [21.082300662994385, 11.185002326965332], [15.096299171447754, 2.2228238582611084], [18.67004108428955, 12.128219604492188], [27.5, 0.5], [15.260004997253418, 11.845474243164062]]
[2026-07-07 15:27:38] Sent map infos: [[4.86, 11.92], [7.328420639038086, 5.027510166168213], [2.39681, 2.36], [6.006702423095703, 9.090914726257324], [0.5, 14.5], [7.308473587036133, 5.0167694091796875], [19.884796142578125, 7.8905792236328125], [21.082300662994385, 11.185002326965332], [15.096299171447754, 2.2228238582611084], [18.67004108428955, 12.128219604492188], [27.5, 0.5], [15.260004997253418, 11.845474243164062]]
[2026-07-07 15:27:38] Marked situation: [0, 0, 0, 0, 0, 0, 0]
[2026-07-07 15:27:38] have_double_effect_times: 0 , is_activating_double_effect: 0 , already_activate_double_effect_times: 0
[2026-07-07 15:27:38] Marked situation: [0, 0, 0, 0, 0, 0, 0]
[2026-07-07 15:27:38] have_double_effect_times: 0 , is_activating_double_effect: 0 , already_activate_double_effect_times: 0
[2026-07-07 15:27:38] Sent map info: [[4.86, 11.92], [7.295001983642578, 5.0375075340271], [2.39681, 2.36], [6.107582092285156, 9.247566223144531], [0.5, 14.5], [2.39681, 2.36], [20.07297945022583, 7.976650714874268], [21.082300662994385, 11.185002326965332], [15.495255470275879, 2.436544895172119], [18.211045265197754, 12.218828201293945], [27.5, 0.5], [15.260004997253418, 11.845474243164062]]
[2026-07-07 15:27:38] Sent map infos: [[4.86, 11.92], [7.295001983642578, 5.0375075340271], [2.39681, 2.36], [6.107582092285156, 9.247566223144531], [0.5, 14.5], [2.39681, 2.36], [20.07297945022583, 7.976650714874268], [21.082300662994385, 11.185002326965332], [15.495255470275879, 2.436544895172119], [18.211045265197754, 12.218828201293945], [27.5, 0.5], [15.260004997253418, 11.845474243164062]]
[2026-07-07 15:27:38] Marked situation: [0, 0, 0, 0, 0, 0, 0]
[2026-07-07 15:27:38] have_double_effect_times: 0 , is_activating_double_effect: 0 , already_activate_double_effect_times: 0
[2026-07-07 15:27:39] update time left297
[2026-07-07 15:27:39] Marked situation: [0, 0, 0, 0, 0, 0, 0]
[2026-07-07 15:27:39] have_double_effect_times: 0 , is_activating_double_effect: 0 , already_activate_double_effect_times: 0
[2026-07-07 15:27:39] Sent map info: [[4.86, 11.92], [7.269493103027344, 5.03541374206543], [2.39681, 2.36], [6.318214416503906, 9.665266990661621], [0.5, 14.5], [2.39681, 2.36], [19.818991661071777, 8.406965255737305], [21.082300662994385, 11.185002326965332], [16.222472190856934, 2.4252593517303467], [17.718161582946777, 12.2978515625], [27.5, 0.5], [15.260004997253418, 11.845474243164062]]
[2026-07-07 15:27:39] Sent map infos: [[4.86, 11.92], [7.269493103027344, 5.03541374206543], [2.39681, 2.36], [6.318214416503906, 9.665266990661621], [0.5, 14.5], [2.39681, 2.36], [19.818991661071777, 8.406965255737305], [21.082300662994385, 11.185002326965332], [16.222472190856934, 2.4252593517303467], [17.718161582946777, 12.2978515625], [27.5, 0.5], [15.260004997253418, 11.845474243164062]]
[2026-07-07 15:27:39] Marked situation: [0, 0, 0, 0, 0, 0, 0]
[2026-07-07 15:27:39] have_double_effect_times: 0 , is_activating_double_effect: 0 , already_activate_double_effect_times: 0
[2026-07-07 15:27:39] Marked situation: [0, 0, 0, 0, 0, 0, 0]
[2026-07-07 15:27:39] have_double_effect_times: 0 , is_activating_double_effect: 0 , already_activate_double_effect_times: 0
[2026-07-07 15:27:39] Sent map info: [[4.86, 11.92], [7.296960830688477, 5.034493446350098], [2.39681, 2.36], [6.5781097412109375, 9.682260513305664], [0.5, 14.5], [2.39681, 2.36], [19.813395500183105, 8.563713073730469], [21.082300662994385, 11.185002326965332], [16.644558906555176, 2.4911205768585205], [17.233155250549316, 12.332809448242188], [27.5, 0.5], [15.260004997253418, 11.845474243164062]]
[2026-07-07 15:27:39] Sent map infos: [[4.86, 11.92], [7.296960830688477, 5.034493446350098], [2.39681, 2.36], [6.5781097412109375, 9.682260513305664], [0.5, 14.5], [2.39681, 2.36], [19.813395500183105, 8.563713073730469], [21.082300662994385, 11.185002326965332], [16.644558906555176, 2.4911205768585205], [17.233155250549316, 12.332809448242188], [27.5, 0.5], [15.260004997253418, 11.845474243164062]]
[2026-07-07 15:27:39] Marked situation: [0, 0, 0, 0, 0, 0, 0]
[2026-07-07 15:27:39] have_double_effect_times: 0 , is_activating_double_effect: 0 , already_activate_double_effect_times: 0
[2026-07-07 15:27:39] Marked situation: [0, 0, 0, 0, 0, 0, 0]
[2026-07-07 15:27:39] have_double_effect_times: 0 , is_activating_double_effect: 0 , already_activate_double_effect_times: 0
[2026-07-07 15:27:39] Sent map info: [[4.86, 11.92], [2.459911346435547, 5.649880886077881], [2.39681, 2.36], [6.601268768310547, 9.688217163085938], [0.5, 14.5], [7.265331268310547, 5.041828155517578], [19.813395500183105, 8.563713073730469], [21.082300662994385, 11.185002326965332], [17.934152603149414, 3.7684531211853027], [17.234536170959473, 12.331650733947754], [27.5, 0.5], [15.260004997253418, 11.845474243164062]]
[2026-07-07 15:27:39] Sent map infos: [[4.86, 11.92], [2.459911346435547, 5.649880886077881], [2.39681, 2.36], [6.601268768310547, 9.688217163085938], [0.5, 14.5], [7.265331268310547, 5.041828155517578], [19.813395500183105, 8.563713073730469], [21.082300662994385, 11.185002326965332], [17.934152603149414, 3.7684531211853027], [17.234536170959473, 12.331650733947754], [27.5, 0.5], [15.260004997253418, 11.845474243164062]]
[2026-07-07 15:27:40] update time left296
[2026-07-07 15:27:40] Marked situation: [0, 0, 0, 0, 0, 0, 0]
[2026-07-07 15:27:40] have_double_effect_times: 0 , is_activating_double_effect: 0 , already_activate_double_effect_times: 0
[2026-07-07 15:27:40] Marked situation: [0, 0, 0, 0, 0, 0, 0]
[2026-07-07 15:27:40] have_double_effect_times: 0 , is_activating_double_effect: 0 , already_activate_double_effect_times: 0
[2026-07-07 15:27:40] Sent map info: [[4.86, 11.92], [4.791818618774414, 5.9485697746276855], [2.39681, 2.36], [6.664861679077148, 9.029365539550781], [0.5, 14.5], [7.262311935424805, 5.046482086181641], [19.813395500183105, 8.563713073730469], [21.082300662994385, 11.185002326965332], [18.303634643554688, 5.074824810028076], [17.234536170959473, 12.331650733947754], [27.5, 0.5], [15.260004997253418, 11.845474243164062]]
[2026-07-07 15:27:40] Sent map infos: [[4.86, 11.92], [4.791818618774414, 5.9485697746276855], [2.39681, 2.36], [6.664861679077148, 9.029365539550781], [0.5, 14.5], [7.262311935424805, 5.046482086181641], [19.813395500183105, 8.563713073730469], [21.082300662994385, 11.185002326965332], [18.303634643554688, 5.074824810028076], [17.234536170959473, 12.331650733947754], [27.5, 0.5], [15.260004997253418, 11.845474243164062]]
[2026-07-07 15:27:40] Marked situation: [0, 0, 0, 0, 0, 0, 0]
[2026-07-07 15:27:40] have_double_effect_times: 0 , is_activating_double_effect: 0 , already_activate_double_effect_times: 0
[2026-07-07 15:27:40] Marked situation: [0, 0, 0, 0, 0, 0, 0]
[2026-07-07 15:27:40] have_double_effect_times: 0 , is_activating_double_effect: 0 , already_activate_double_effect_times: 0
[2026-07-07 15:27:40] Sent map info: [[4.86, 11.92], [5.732492446899414, 6.550594329833984], [2.39681, 2.36], [6.7681121826171875, 8.76928424835205], [0.5, 14.5], [7.279277801513672, 5.061715126037598], [19.813395500183105, 8.563713073730469], [21.082300662994385, 11.185002326965332], [18.43862247467041, 6.463953495025635], [17.234536170959473, 12.331650733947754], [27.5, 0.5], [15.260004997253418, 11.845474243164062]]
[2026-07-07 15:27:40] Sent map infos: [[4.86, 11.92], [5.732492446899414, 6.550594329833984], [2.39681, 2.36], [6.7681121826171875, 8.76928424835205], [0.5, 14.5], [7.279277801513672, 5.061715126037598], [19.813395500183105, 8.563713073730469], [21.082300662994385, 11.185002326965332], [18.43862247467041, 6.463953495025635], [17.234536170959473, 12.331650733947754], [27.5, 0.5], [15.260004997253418, 11.845474243164062]]
[2026-07-07 15:27:40] Marked situation: [0, 0, 0, 0, 0, 0, 0]
[2026-07-07 15:27:40] have_double_effect_times: 0 , is_activating_double_effect: 0 , already_activate_double_effect_times: 0
[2026-07-07 15:27:41] update time left295
[2026-07-07 15:27:41] Marked situation: [0, 0, 0, 0, 0, 0, 0]
[2026-07-07 15:27:41] have_double_effect_times: 0 , is_activating_double_effect: 0 , already_activate_double_effect_times: 0
[2026-07-07 15:27:41] Sent map info: [[4.86, 11.92], [6.156883239746094, 6.750277519226074], [2.39681, 2.36], [6.407632827758789, 9.691413879394531], [0.5, 14.5], [7.279817581176758, 5.060884952545166], [19.813395500183105, 8.563713073730469], [21.082300662994385, 11.185002326965332], [18.38752841949463, 7.765353202819824], [17.234536170959473, 12.331650733947754], [27.5, 0.5], [15.260004997253418, 11.845474243164062]]
[2026-07-07 15:27:41] Sent map infos: [[4.86, 11.92], [6.156883239746094, 6.750277519226074], [2.39681, 2.36], [6.407632827758789, 9.691413879394531], [0.5, 14.5], [7.279817581176758, 5.060884952545166], [19.813395500183105, 8.563713073730469], [21.082300662994385, 11.185002326965332], [18.38752841949463, 7.765353202819824], [17.234536170959473, 12.331650733947754], [27.5, 0.5], [15.260004997253418, 11.845474243164062]]
[2026-07-07 15:27:41] Marked situation: [0, 0, 0, 0, 0, 0, 0]
[2026-07-07 15:27:41] have_double_effect_times: 0 , is_activating_double_effect: 0 , already_activate_double_effect_times: 0
[2026-07-07 15:27:41] Marked situation: [0, 0, 0, 0, 0, 0, 0]
[2026-07-07 15:27:41] have_double_effect_times: 0 , is_activating_double_effect: 0 , already_activate_double_effect_times: 0
[2026-07-07 15:27:41] Sent map info: [[4.86, 11.92], [6.797382354736328, 7.59863805770874], [2.39681, 2.36], [7.088226318359375, 10.357246398925781], [0.5, 14.5], [7.298912048339844, 5.072881698608398], [19.813395500183105, 8.563713073730469], [21.082300662994385, 11.185002326965332], [18.259892463684082, 7.985172748565674], [17.234536170959473, 12.331650733947754], [27.5, 0.5], [15.260004997253418, 11.845474243164062]]
[2026-07-07 15:27:41] Sent map infos: [[4.86, 11.92], [6.797382354736328, 7.59863805770874], [2.39681, 2.36], [7.088226318359375, 10.357246398925781], [0.5, 14.5], [7.298912048339844, 5.072881698608398], [19.813395500183105, 8.563713073730469], [21.082300662994385, 11.185002326965332], [18.259892463684082, 7.985172748565674], [17.234536170959473, 12.331650733947754], [27.5, 0.5], [15.260004997253418, 11.845474243164062]]
[2026-07-07 15:27:41] Marked situation: [0, 0, 0, 0, 0, 0, 0]
[2026-07-07 15:27:41] have_double_effect_times: 0 , is_activating_double_effect: 0 , already_activate_double_effect_times: 0
[2026-07-07 15:27:41] Marked situation: [0, 0, 0, 0, 0, 0, 0]
[2026-07-07 15:27:41] have_double_effect_times: 0 , is_activating_double_effect: 0 , already_activate_double_effect_times: 0
[2026-07-07 15:27:41] Sent map info: [[4.86, 11.92], [7.614011764526367, 7.500171184539795], [2.39681, 2.36], [7.572408676147461, 10.755716323852539], [0.5, 14.5], [7.2432098388671875, 5.075923919677734], [19.813395500183105, 8.563713073730469], [21.082300662994385, 11.185002326965332], [14.80965805053711, 9.811787605285645], [17.234536170959473, 12.331650733947754], [27.5, 0.5], [15.260004997253418, 11.845474243164062]]
[2026-07-07 15:27:41] Sent map infos: [[4.86, 11.92], [7.614011764526367, 7.500171184539795], [2.39681, 2.36], [7.572408676147461, 10.755716323852539], [0.5, 14.5], [7.2432098388671875, 5.075923919677734], [19.813395500183105, 8.563713073730469], [21.082300662994385, 11.185002326965332], [14.80965805053711, 9.811787605285645], [17.234536170959473, 12.331650733947754], [27.5, 0.5], [15.260004997253418, 11.845474243164062]]
[2026-07-07 15:27:42] update time left294
[2026-07-07 15:27:42] Marked situation: [0, 0, 0, 0, 0, 0, 0]
[2026-07-07 15:27:42] have_double_effect_times: 0 , is_activating_double_effect: 0 , already_activate_double_effect_times: 0
[2026-07-07 15:27:42] Marked situation: [0, 0, 0, 0, 0, 0, 0]
[2026-07-07 15:27:42] have_double_effect_times: 0 , is_activating_double_effect: 0 , already_activate_double_effect_times: 0
[2026-07-07 15:27:42] Sent map info: [[4.86, 11.92], [7.939821243286133, 7.446340560913086], [2.39681, 2.36], [8.523344039916992, 11.345458030700684], [0.5, 14.5], [7.198213577270508, 5.062727928161621], [19.813395500183105, 8.563713073730469], [21.082300662994385, 11.185002326965332], [12.27749252319336, 10.947108268737793], [17.234536170959473, 12.331650733947754], [27.5, 0.5], [15.260004997253418, 11.845474243164062]]
[2026-07-07 15:27:42] Sent map infos: [[4.86, 11.92], [7.939821243286133, 7.446340560913086], [2.39681, 2.36], [8.523344039916992, 11.345458030700684], [0.5, 14.5], [7.198213577270508, 5.062727928161621], [19.813395500183105, 8.563713073730469], [21.082300662994385, 11.185002326965332], [12.27749252319336, 10.947108268737793], [17.234536170959473, 12.331650733947754], [27.5, 0.5], [15.260004997253418, 11.845474243164062]]
[2026-07-07 15:27:42] Marked situation: [0, 0, 0, 0, 0, 0, 0]
[2026-07-07 15:27:42] have_double_effect_times: 0 , is_activating_double_effect: 0 , already_activate_double_effect_times: 0
[2026-07-07 15:27:42] Marked situation: [0, 0, 0, 0, 0, 0, 0]
[2026-07-07 15:27:42] have_double_effect_times: 0 , is_activating_double_effect: 0 , already_activate_double_effect_times: 0
[2026-07-07 15:27:42] Sent map info: [[4.86, 11.92], [8.008102416992188, 7.472765922546387], [2.39681, 2.36], [8.523344039916992, 11.345458030700684], [0.5, 14.5], [7.248569488525391, 5.067663192749023], [19.813395500183105, 8.563713073730469], [21.082300662994385, 11.185002326965332], [11.12912368774414, 11.086555480957031], [17.234536170959473, 12.331650733947754], [27.5, 0.5], [15.260004997253418, 11.845474243164062]]
[2026-07-07 15:27:42] Sent map infos: [[4.86, 11.92], [8.008102416992188, 7.472765922546387], [2.39681, 2.36], [8.523344039916992, 11.345458030700684], [0.5, 14.5], [7.248569488525391, 5.067663192749023], [19.813395500183105, 8.563713073730469], [21.082300662994385, 11.185002326965332], [11.12912368774414, 11.086555480957031], [17.234536170959473, 12.331650733947754], [27.5, 0.5], [15.260004997253418, 11.845474243164062]]
[2026-07-07 15:27:42] Marked situation: [0, 0, 0, 0, 0, 0, 0]
[2026-07-07 15:27:42] have_double_effect_times: 0 , is_activating_double_effect: 0 , already_activate_double_effect_times: 0
[2026-07-07 15:27:43] update time left293
[2026-07-07 15:27:43] Marked situation: [0, 0, 0, 0, 0, 0, 0]
[2026-07-07 15:27:43] have_double_effect_times: 0 , is_activating_double_effect: 0 , already_activate_double_effect_times: 0
[2026-07-07 15:27:43] Sent map info: [[4.86, 11.92], [7.961402893066406, 7.456731796264648], [2.39681, 2.36], [8.340330123901367, 11.142147064208984], [0.5, 14.5], [7.221454620361328, 5.068150520324707], [19.813395500183105, 8.563713073730469], [21.082300662994385, 11.185002326965332], [11.691617965698242, 9.677010536193848], [17.234536170959473, 12.331650733947754], [27.5, 0.5], [15.260004997253418, 11.845474243164062]]
[2026-07-07 15:27:43] Sent map infos: [[4.86, 11.92], [7.961402893066406, 7.456731796264648], [2.39681, 2.36], [8.340330123901367, 11.142147064208984], [0.5, 14.5], [7.221454620361328, 5.068150520324707], [19.813395500183105, 8.563713073730469], [21.082300662994385, 11.185002326965332], [11.691617965698242, 9.677010536193848], [17.234536170959473, 12.331650733947754], [27.5, 0.5], [15.260004997253418, 11.845474243164062]]
[2026-07-07 15:27:43] Marked situation: [0, 0, 0, 0, 0, 0, 0]
[2026-07-07 15:27:43] have_double_effect_times: 0 , is_activating_double_effect: 0 , already_activate_double_effect_times: 0
[2026-07-07 15:27:43] Marked situation: [0, 0, 0, 0, 0, 0, 0]
[2026-07-07 15:27:43] have_double_effect_times: 0 , is_activating_double_effect: 0 , already_activate_double_effect_times: 0
[2026-07-07 15:27:43] Sent map info: [[4.86, 11.92], [7.964599609375, 7.452289581298828], [2.39681, 2.36], [7.644216537475586, 10.013315200805664], [0.5, 14.5], [7.318876266479492, 5.083588600158691], [19.813395500183105, 8.563713073730469], [21.082300662994385, 11.185002326965332], [13.402165412902832, 7.728233337402344], [17.234536170959473, 12.331650733947754], [27.5, 0.5], [15.260004997253418, 11.845474243164062]]
[2026-07-07 15:27:43] Sent map infos: [[4.86, 11.92], [7.964599609375, 7.452289581298828], [2.39681, 2.36], [7.644216537475586, 10.013315200805664], [0.5, 14.5], [7.318876266479492, 5.083588600158691], [19.813395500183105, 8.563713073730469], [21.082300662994385, 11.185002326965332], [13.402165412902832, 7.728233337402344], [17.234536170959473, 12.331650733947754], [27.5, 0.5], [15.260004997253418, 11.845474243164062]]
[2026-07-07 15:27:43] Marked situation: [0, 0, 0, 0, 0, 0, 0]
[2026-07-07 15:27:43] have_double_effect_times: 0 , is_activating_double_effect: 0 , already_activate_double_effect_times: 0
[2026-07-07 15:27:43] Marked situation: [0, 0, 0, 0, 0, 0, 0]
[2026-07-07 15:27:43] have_double_effect_times: 0 , is_activating_double_effect: 0 , already_activate_double_effect_times: 0
[2026-07-07 15:27:43] Sent map info: [[4.86, 11.92], [7.960134506225586, 7.458496570587158], [2.39681, 2.36], [6.314516067504883, 8.609073638916016], [0.5, 14.5], [7.321645736694336, 5.079336166381836], [19.813395500183105, 8.563713073730469], [21.082300662994385, 11.185002326965332], [14.299036979675293, 5.509435653686523], [17.234536170959473, 12.331650733947754], [27.5, 0.5], [15.260004997253418, 11.845474243164062]]
[2026-07-07 15:27:43] Sent map infos: [[4.86, 11.92], [7.960134506225586, 7.458496570587158], [2.39681, 2.36], [6.314516067504883, 8.609073638916016], [0.5, 14.5], [7.321645736694336, 5.079336166381836], [19.813395500183105, 8.563713073730469], [21.082300662994385, 11.185002326965332], [14.299036979675293, 5.509435653686523], [17.234536170959473, 12.331650733947754], [27.5, 0.5], [15.260004997253418, 11.845474243164062]]
[2026-07-07 15:27:44] update time left292
[2026-07-07 15:27:44] Marked situation: [0, 0, 0, 0, 0, 0, 0]
[2026-07-07 15:27:44] have_double_effect_times: 0 , is_activating_double_effect: 0 , already_activate_double_effect_times: 0
[2026-07-07 15:27:44] Marked situation: [0, 0, 0, 0, 0, 0, 0]
[2026-07-07 15:27:44] have_double_effect_times: 0 , is_activating_double_effect: 0 , already_activate_double_effect_times: 0
[2026-07-07 15:27:44] Sent map info: [[4.86, 11.92], [7.984413146972656, 7.465191841125488], [2.39681, 2.36], [5.367368698120117, 7.43477725982666], [0.5, 14.5], [7.27861213684082, 5.062739372253418], [19.813395500183105, 8.563713073730469], [21.082300662994385, 11.185002326965332], [15.444561004638672, 4.381372451782227], [17.234536170959473, 12.331650733947754], [27.5, 0.5], [15.260004997253418, 11.845474243164062]]
[2026-07-07 15:27:44] Sent map infos: [[4.86, 11.92], [7.984413146972656, 7.465191841125488], [2.39681, 2.36], [5.367368698120117, 7.43477725982666], [0.5, 14.5], [7.27861213684082, 5.062739372253418], [19.813395500183105, 8.563713073730469], [21.082300662994385, 11.185002326965332], [15.444561004638672, 4.381372451782227], [17.234536170959473, 12.331650733947754], [27.5, 0.5], [15.260004997253418, 11.845474243164062]]
[2026-07-07 15:27:44] Marked situation: [0, 0, 0, 0, 0, 0, 0]
[2026-07-07 15:27:44] have_double_effect_times: 0 , is_activating_double_effect: 0 , already_activate_double_effect_times: 0
[2026-07-07 15:27:44] Marked situation: [0, 0, 0, 0, 0, 0, 0]
[2026-07-07 15:27:44] have_double_effect_times: 0 , is_activating_double_effect: 0 , already_activate_double_effect_times: 0
[2026-07-07 15:27:44] Sent map info: [[4.86, 11.92], [7.986600875854492, 7.462157249450684], [2.39681, 2.36], [6.0223236083984375, 6.879488468170166], [0.5, 14.5], [7.274255752563477, 5.069445610046387], [19.813395500183105, 8.563713073730469], [21.082300662994385, 11.185002326965332], [15.709641456604004, 4.667472839355469], [17.234536170959473, 12.331650733947754], [27.5, 0.5], [15.260004997253418, 11.845474243164062]]
[2026-07-07 15:27:44] Sent map infos: [[4.86, 11.92], [7.986600875854492, 7.462157249450684], [2.39681, 2.36], [6.0223236083984375, 6.879488468170166], [0.5, 14.5], [7.274255752563477, 5.069445610046387], [19.813395500183105, 8.563713073730469], [21.082300662994385, 11.185002326965332], [15.709641456604004, 4.667472839355469], [17.234536170959473, 12.331650733947754], [27.5, 0.5], [15.260004997253418, 11.845474243164062]]
[2026-07-07 15:27:44] Marked situation: [0, 0, 0, 0, 0, 0, 0]
[2026-07-07 15:27:44] have_double_effect_times: 0 , is_activating_double_effect: 0 , already_activate_double_effect_times: 0
[2026-07-07 15:27:45] update time left291
[2026-07-07 15:27:45] Marked situation: [0, 0, 0, 0, 0, 0, 0]
[2026-07-07 15:27:45] have_double_effect_times: 0 , is_activating_double_effect: 0 , already_activate_double_effect_times: 0
[2026-07-07 15:27:45] Sent map info: [[4.86, 11.92], [8.009637832641602, 7.470638751983643], [2.39681, 2.36], [5.898183822631836, 7.032384872436523], [0.5, 14.5], [7.307403564453125, 5.101207733154297], [19.813395500183105, 8.563713073730469], [21.082300662994385, 11.185002326965332], [15.498096466064453, 3.975559949874878], [20.91095209121704, 6.806260108947754], [27.5, 0.5], [15.260004997253418, 11.845474243164062]]
[2026-07-07 15:27:45] Sent map infos: [[4.86, 11.92], [8.009637832641602, 7.470638751983643], [2.39681, 2.36], [5.898183822631836, 7.032384872436523], [0.5, 14.5], [7.307403564453125, 5.101207733154297], [19.813395500183105, 8.563713073730469], [21.082300662994385, 11.185002326965332], [15.498096466064453, 3.975559949874878], [20.91095209121704, 6.806260108947754], [27.5, 0.5], [15.260004997253418, 11.845474243164062]]
[2026-07-07 15:27:45] Marked situation: [0, 0, 0, 0, 0, 0, 0]
[2026-07-07 15:27:45] have_double_effect_times: 0 , is_activating_double_effect: 0 , already_activate_double_effect_times: 0
[2026-07-07 15:27:45] Marked situation: [0, 0, 0, 0, 0, 0, 0]
[2026-07-07 15:27:45] have_double_effect_times: 0 , is_activating_double_effect: 0 , already_activate_double_effect_times: 0
[2026-07-07 15:27:45] Sent map info: [[4.86, 11.92], [7.381038665771484, 7.43049955368042], [2.39681, 2.36], [5.229101181030273, 6.772156238555908], [0.5, 14.5], [7.289640426635742, 5.087138652801514], [19.813395500183105, 8.563713073730469], [21.082300662994385, 11.185002326965332], [15.396888732910156, 3.6003172397613525], [20.839255809783936, 6.81881856918335], [27.5, 0.5], [15.260004997253418, 11.845474243164062]]
[2026-07-07 15:27:45] Sent map infos: [[4.86, 11.92], [7.381038665771484, 7.43049955368042], [2.39681, 2.36], [5.229101181030273, 6.772156238555908], [0.5, 14.5], [7.289640426635742, 5.087138652801514], [19.813395500183105, 8.563713073730469], [21.082300662994385, 11.185002326965332], [15.396888732910156, 3.6003172397613525], [20.839255809783936, 6.81881856918335], [27.5, 0.5], [15.260004997253418, 11.845474243164062]]
[2026-07-07 15:27:45] Marked situation: [0, 0, 0, 0, 0, 0, 0]
[2026-07-07 15:27:45] have_double_effect_times: 0 , is_activating_double_effect: 0 , already_activate_double_effect_times: 0
[2026-07-07 15:27:45] Marked situation: [0, 0, 0, 0, 0, 0, 0]
[2026-07-07 15:27:45] have_double_effect_times: 0 , is_activating_double_effect: 0 , already_activate_double_effect_times: 0
[2026-07-07 15:27:45] Sent map info: [[0.5956001281738281, 8.881351470947266], [7.628753662109375, 7.358962059020996], [2.39681, 2.36], [5.250307083129883, 7.045693397521973], [0.5, 14.5], [7.280141830444336, 5.101741790771484], [19.813395500183105, 8.563713073730469], [21.082300662994385, 11.185002326965332], [16.455498695373535, 2.3542802333831787], [20.837984085083008, 6.819974422454834], [27.5, 0.5], [15.260004997253418, 11.845474243164062]]
[2026-07-07 15:27:45] Sent map infos: [[0.5956001281738281, 8.881351470947266], [7.628753662109375, 7.358962059020996], [2.39681, 2.36], [5.250307083129883, 7.045693397521973], [0.5, 14.5], [7.280141830444336, 5.101741790771484], [19.813395500183105, 8.563713073730469], [21.082300662994385, 11.185002326965332], [16.455498695373535, 2.3542802333831787], [20.837984085083008, 6.819974422454834], [27.5, 0.5], [15.260004997253418, 11.845474243164062]]
[2026-07-07 15:27:46] update time left290
[2026-07-07 15:27:46] Marked situation: [0, 0, 0, 0, 0, 0, 0]
[2026-07-07 15:27:46] have_double_effect_times: 0 , is_activating_double_effect: 0 , already_activate_double_effect_times: 0
[2026-07-07 15:27:46] Marked situation: [0, 0, 0, 0, 0, 0, 0]
[2026-07-07 15:27:46] have_double_effect_times: 0 , is_activating_double_effect: 0 , already_activate_double_effect_times: 0
[2026-07-07 15:27:46] Sent map info: [[1.4270763397216797, 9.08631706237793], [7.750925064086914, 7.347552299499512], [2.39681, 2.36], [4.673025131225586, 6.417781352996826], [0.5, 14.5], [7.2995452880859375, 5.113274097442627], [19.813395500183105, 8.563713073730469], [21.082300662994385, 11.185002326965332], [15.201493263244629, 2.0929641723632812], [20.844660758972168, 6.813906192779541], [27.5, 0.5], [15.260004997253418, 11.845474243164062]]
[2026-07-07 15:27:46] Sent map infos: [[1.4270763397216797, 9.08631706237793], [7.750925064086914, 7.347552299499512], [2.39681, 2.36], [4.673025131225586, 6.417781352996826], [0.5, 14.5], [7.2995452880859375, 5.113274097442627], [19.813395500183105, 8.563713073730469], [21.082300662994385, 11.185002326965332], [15.201493263244629, 2.0929641723632812], [20.844660758972168, 6.813906192779541], [27.5, 0.5], [15.260004997253418, 11.845474243164062]]
[2026-07-07 15:27:46] Marked situation: [0, 0, 0, 0, 0, 0, 0]
[2026-07-07 15:27:46] have_double_effect_times: 0 , is_activating_double_effect: 0 , already_activate_double_effect_times: 0
[2026-07-07 15:27:46] Marked situation: [0, 0, 0, 0, 0, 0, 0]
[2026-07-07 15:27:46] have_double_effect_times: 0 , is_activating_double_effect: 0 , already_activate_double_effect_times: 0
[2026-07-07 15:27:46] Sent map info: [[1.9760799407958984, 9.114466667175293], [7.804941177368164, 7.352266788482666], [2.39681, 2.36], [5.314479827880859, 4.90733528137207], [0.5, 14.5], [7.319019317626953, 5.1247453689575195], [19.813395500183105, 8.563713073730469], [21.082300662994385, 11.185002326965332], [14.576944351196289, 1.9247770309448242], [20.85072135925293, 6.8083977699279785], [27.5, 0.5], [15.260004997253418, 11.845474243164062]]
[2026-07-07 15:27:46] Sent map infos: [[1.9760799407958984, 9.114466667175293], [7.804941177368164, 7.352266788482666], [2.39681, 2.36], [5.314479827880859, 4.90733528137207], [0.5, 14.5], [7.319019317626953, 5.1247453689575195], [19.813395500183105, 8.563713073730469], [21.082300662994385, 11.185002326965332], [14.576944351196289, 1.9247770309448242], [20.85072135925293, 6.8083977699279785], [27.5, 0.5], [15.260004997253418, 11.845474243164062]]
[2026-07-07 15:27:46] Marked situation: [0, 0, 0, 0, 0, 0, 0]
[2026-07-07 15:27:46] have_double_effect_times: 0 , is_activating_double_effect: 0 , already_activate_double_effect_times: 0
[2026-07-07 15:27:47] update time left289
[2026-07-07 15:27:47] Marked situation: [0, 0, 0, 0, 0, 0, 0]
[2026-07-07 15:27:47] have_double_effect_times: 0 , is_activating_double_effect: 0 , already_activate_double_effect_times: 0
[2026-07-07 15:27:47] Sent map info: [[1.9834403991699219, 9.135651588439941], [7.828098297119141, 7.360125541687012], [2.39681, 2.36], [6.315347671508789, 3.0010156631469727], [0.5, 14.5], [7.222637176513672, 5.107632637023926], [19.813395500183105, 8.563713073730469], [21.082300662994385, 11.185002326965332], [14.648550987243652, 1.9337340593338013], [20.381242752075195, 6.767263889312744], [27.5, 0.5], [15.260004997253418, 11.845474243164062]]
[2026-07-07 15:27:47] Sent map infos: [[1.9834403991699219, 9.135651588439941], [7.828098297119141, 7.360125541687012], [2.39681, 2.36], [6.315347671508789, 3.0010156631469727], [0.5, 14.5], [7.222637176513672, 5.107632637023926], [19.813395500183105, 8.563713073730469], [21.082300662994385, 11.185002326965332], [14.648550987243652, 1.9337340593338013], [20.381242752075195, 6.767263889312744], [27.5, 0.5], [15.260004997253418, 11.845474243164062]]
[2026-07-07 15:27:47] Marked situation: [0, 0, 0, 0, 0, 0, 0]
[2026-07-07 15:27:47] have_double_effect_times: 0 , is_activating_double_effect: 0 , already_activate_double_effect_times: 0
[2026-07-07 15:27:47] Marked situation: [0, 0, 0, 0, 0, 0, 0]
[2026-07-07 15:27:47] have_double_effect_times: 0 , is_activating_double_effect: 0 , already_activate_double_effect_times: 0
[2026-07-07 15:27:47] Sent map info: [[1.3545398712158203, 9.152426719665527], [7.454156875610352, 7.486179351806641], [2.39681, 2.36], [6.9595184326171875, 2.1181299686431885], [0.5, 14.5], [7.269172668457031, 5.118610382080078], [19.813395500183105, 8.563713073730469], [21.082300662994385, 11.185002326965332], [15.393655776977539, 2.409299612045288], [20.351871490478516, 7.002408981323242], [27.5, 0.5], [15.260004997253418, 11.845474243164062]]
[2026-07-07 15:27:47] Sent map infos: [[1.3545398712158203, 9.152426719665527], [7.454156875610352, 7.486179351806641], [2.39681, 2.36], [6.9595184326171875, 2.1181299686431885], [0.5, 14.5], [7.269172668457031, 5.118610382080078], [19.813395500183105, 8.563713073730469], [21.082300662994385, 11.185002326965332], [15.393655776977539, 2.409299612045288], [20.351871490478516, 7.002408981323242], [27.5, 0.5], [15.260004997253418, 11.845474243164062]]
[2026-07-07 15:27:47] Marked situation: [0, 0, 0, 0, 0, 0, 0]
[2026-07-07 15:27:47] have_double_effect_times: 0 , is_activating_double_effect: 0 , already_activate_double_effect_times: 0
[2026-07-07 15:27:47] Marked situation: [0, 0, 0, 0, 0, 0, 0]
[2026-07-07 15:27:47] have_double_effect_times: 0 , is_activating_double_effect: 0 , already_activate_double_effect_times: 0
[2026-07-07 15:27:47] Sent map info: [[1.2299575805664062, 9.113539695739746], [7.273759841918945, 7.464261054992676], [2.39681, 2.36], [7.179925918579102, 1.0448992252349854], [0.5, 14.5], [7.311717987060547, 5.135943412780762], [19.813395500183105, 8.563713073730469], [21.082300662994385, 11.185002326965332], [17.12590503692627, 3.6800928115844727], [20.351871490478516, 7.002408981323242], [27.5, 0.5], [15.260004997253418, 11.845474243164062]]
[2026-07-07 15:27:47] Sent map infos: [[1.2299575805664062, 9.113539695739746], [7.273759841918945, 7.464261054992676], [2.39681, 2.36], [7.179925918579102, 1.0448992252349854], [0.5, 14.5], [7.311717987060547, 5.135943412780762], [19.813395500183105, 8.563713073730469], [21.082300662994385, 11.185002326965332], [17.12590503692627, 3.6800928115844727], [20.351871490478516, 7.002408981323242], [27.5, 0.5], [15.260004997253418, 11.845474243164062]]
[2026-07-07 15:27:48] update time left288
[2026-07-07 15:27:48] Marked situation: [0, 0, 0, 0, 0, 0, 0]
[2026-07-07 15:27:48] have_double_effect_times: 0 , is_activating_double_effect: 0 , already_activate_double_effect_times: 0
[2026-07-07 15:27:48] Marked situation: [0, 0, 0, 0, 0, 0, 0]
[2026-07-07 15:27:48] have_double_effect_times: 0 , is_activating_double_effect: 0 , already_activate_double_effect_times: 0
[2026-07-07 15:27:48] Sent map info: [[1.229705810546875, 9.114009857177734], [7.677083969116211, 7.3308563232421875], [2.39681, 2.36], [7.270954132080078, 2.111943006515503], [0.5, 14.5], [7.264455795288086, 5.125860691070557], [19.813395500183105, 8.563713073730469], [21.082300662994385, 11.185002326965332], [17.87094497680664, 4.759364604949951], [20.351871490478516, 7.002408981323242], [27.5, 0.5], [14.919293403625488, 10.64881420135498]]
[2026-07-07 15:27:48] Sent map infos: [[1.229705810546875, 9.114009857177734], [7.677083969116211, 7.3308563232421875], [2.39681, 2.36], [7.270954132080078, 2.111943006515503], [0.5, 14.5], [7.264455795288086, 5.125860691070557], [19.813395500183105, 8.563713073730469], [21.082300662994385, 11.185002326965332], [17.87094497680664, 4.759364604949951], [20.351871490478516, 7.002408981323242], [27.5, 0.5], [14.919293403625488, 10.64881420135498]]
[2026-07-07 15:27:48] Marked situation: [0, 0, 0, 0, 0, 0, 0]
[2026-07-07 15:27:48] have_double_effect_times: 0 , is_activating_double_effect: 0 , already_activate_double_effect_times: 0
[2026-07-07 15:27:48] Marked situation: [0, 0, 0, 0, 0, 0, 0]
[2026-07-07 15:27:48] have_double_effect_times: 0 , is_activating_double_effect: 0 , already_activate_double_effect_times: 0
[2026-07-07 15:27:48] Sent map info: [[2.2085094451904297, 9.046948432922363], [7.795131683349609, 7.3660359382629395], [2.39681, 2.36], [7.3786163330078125, 2.7536211013793945], [0.5, 14.5], [7.263677597045898, 5.127058982849121], [19.813395500183105, 8.563713073730469], [21.082300662994385, 11.185002326965332], [17.959643363952637, 6.135526180267334], [14.86197280883789, 10.569735527038574], [27.5, 0.5], [14.881263732910156, 10.551116943359375]]
[2026-07-07 15:27:48] Sent map infos: [[2.2085094451904297, 9.046948432922363], [7.795131683349609, 7.3660359382629395], [2.39681, 2.36], [7.3786163330078125, 2.7536211013793945], [0.5, 14.5], [7.263677597045898, 5.127058982849121], [19.813395500183105, 8.563713073730469], [21.082300662994385, 11.185002326965332], [17.959643363952637, 6.135526180267334], [14.86197280883789, 10.569735527038574], [27.5, 0.5], [14.881263732910156, 10.551116943359375]]
[2026-07-07 15:27:48] Marked situation: [0, 0, 0, 0, 0, 0, 0]
[2026-07-07 15:27:48] have_double_effect_times: 0 , is_activating_double_effect: 0 , already_activate_double_effect_times: 0
[2026-07-07 15:27:49] update time left287
[2026-07-07 15:27:49] Marked situation: [0, 0, 0, 0, 0, 0, 0]
[2026-07-07 15:27:49] have_double_effect_times: 0 , is_activating_double_effect: 0 , already_activate_double_effect_times: 0
[2026-07-07 15:27:49] Sent map info: [[2.209686279296875, 9.148347854614258], [7.878139495849609, 7.3708038330078125], [2.39681, 2.36], [8.831985473632812, 2.31650972366333], [0.5, 14.5], [7.28938102722168, 5.128884792327881], [19.813395500183105, 8.563713073730469], [21.082300662994385, 11.185002326965332], [17.71465301513672, 6.9294538497924805], [14.524956703186035, 10.762131690979004], [27.5, 0.5], [14.881263732910156, 10.551116943359375]]
[2026-07-07 15:27:49] Sent map infos: [[2.209686279296875, 9.148347854614258], [7.878139495849609, 7.3708038330078125], [2.39681, 2.36], [8.831985473632812, 2.31650972366333], [0.5, 14.5], [7.28938102722168, 5.128884792327881], [19.813395500183105, 8.563713073730469], [21.082300662994385, 11.185002326965332], [17.71465301513672, 6.9294538497924805], [14.524956703186035, 10.762131690979004], [27.5, 0.5], [14.881263732910156, 10.551116943359375]]
[2026-07-07 15:27:49] Marked situation: [0, 0, 0, 0, 0, 0, 0]
[2026-07-07 15:27:49] have_double_effect_times: 0 , is_activating_double_effect: 0 , already_activate_double_effect_times: 0
[2026-07-07 15:27:49] Marked situation: [0, 0, 0, 0, 0, 0, 0]
[2026-07-07 15:27:49] have_double_effect_times: 0 , is_activating_double_effect: 0 , already_activate_double_effect_times: 0
[2026-07-07 15:27:49] Sent map info: [[1.1917705535888672, 9.218273162841797], [7.90233039855957, 7.377394676208496], [2.39681, 2.36], [8.863800048828125, 2.4893839359283447], [0.5, 14.5], [7.258672714233398, 5.134754657745361], [19.813395500183105, 8.563713073730469], [21.082300662994385, 11.185002326965332], [17.71465301513672, 6.9294538497924805], [14.364519119262695, 10.917695045471191], [27.5, 0.5], [14.881263732910156, 10.551116943359375]]
[2026-07-07 15:27:49] Sent map infos: [[1.1917705535888672, 9.218273162841797], [7.90233039855957, 7.377394676208496], [2.39681, 2.36], [8.863800048828125, 2.4893839359283447], [0.5, 14.5], [7.258672714233398, 5.134754657745361], [19.813395500183105, 8.563713073730469], [21.082300662994385, 11.185002326965332], [17.71465301513672, 6.9294538497924805], [14.364519119262695, 10.917695045471191], [27.5, 0.5], [14.881263732910156, 10.551116943359375]]
[2026-07-07 15:27:49] Marked situation: [0, 0, 0, 0, 0, 0, 0]
[2026-07-07 15:27:49] have_double_effect_times: 0 , is_activating_double_effect: 0 , already_activate_double_effect_times: 0
[2026-07-07 15:27:49] Marked situation: [0, 0, 0, 0, 0, 0, 0]
[2026-07-07 15:27:49] have_double_effect_times: 0 , is_activating_double_effect: 0 , already_activate_double_effect_times: 0
[2026-07-07 15:27:49] Sent map info: [[0.15795516967773438, 9.4757661819458], [8.053085327148438, 7.329316139221191], [2.39681, 2.36], [8.592264175415039, 2.9089086055755615], [0.5, 14.5], [7.251285552978516, 5.146111965179443], [19.813395500183105, 8.563713073730469], [21.082300662994385, 11.185002326965332], [17.71465301513672, 6.9294538497924805], [14.341118812561035, 10.940383911132812], [27.5, 0.5], [14.881263732910156, 10.551116943359375]]
[2026-07-07 15:27:49] Sent map infos: [[0.15795516967773438, 9.4757661819458], [8.053085327148438, 7.329316139221191], [2.39681, 2.36], [8.592264175415039, 2.9089086055755615], [0.5, 14.5], [7.251285552978516, 5.146111965179443], [19.813395500183105, 8.563713073730469], [21.082300662994385, 11.185002326965332], [17.71465301513672, 6.9294538497924805], [14.341118812561035, 10.940383911132812], [27.5, 0.5], [14.881263732910156, 10.551116943359375]]
[2026-07-07 15:27:50] update time left286
[2026-07-07 15:27:50] Marked situation: [0, 0, 0, 0, 0, 0, 0]
[2026-07-07 15:27:50] have_double_effect_times: 0 , is_activating_double_effect: 0 , already_activate_double_effect_times: 0
[2026-07-07 15:27:50] Marked situation: [0, 0, 0, 0, 0, 0, 0]
[2026-07-07 15:27:50] have_double_effect_times: 0 , is_activating_double_effect: 0 , already_activate_double_effect_times: 0
[2026-07-07 15:27:50] Sent map info: [[0, 9.394362449645996], [8.080249786376953, 7.332172393798828], [2.39681, 2.36], [9.445842742919922, 2.762430191040039], [0.5, 14.5], [7.291954040527344, 5.166260719299316], [19.813395500183105, 8.563713073730469], [21.082300662994385, 11.185002326965332], [17.71465301513672, 6.9294538497924805], [14.341118812561035, 10.940383911132812], [27.5, 0.5], [14.881263732910156, 10.551116943359375]]
[2026-07-07 15:27:50] Sent map infos: [[0, 9.394362449645996], [8.080249786376953, 7.332172393798828], [2.39681, 2.36], [9.445842742919922, 2.762430191040039], [0.5, 14.5], [7.291954040527344, 5.166260719299316], [19.813395500183105, 8.563713073730469], [21.082300662994385, 11.185002326965332], [17.71465301513672, 6.9294538497924805], [14.341118812561035, 10.940383911132812], [27.5, 0.5], [14.881263732910156, 10.551116943359375]]
[2026-07-07 15:27:50] Marked situation: [0, 0, 0, 0, 0, 0, 0]
[2026-07-07 15:27:50] have_double_effect_times: 0 , is_activating_double_effect: 0 , already_activate_double_effect_times: 0
[2026-07-07 15:27:50] Marked situation: [0, 0, 0, 0, 0, 0, 0]
[2026-07-07 15:27:50] have_double_effect_times: 0 , is_activating_double_effect: 0 , already_activate_double_effect_times: 0
[2026-07-07 15:27:50] Sent map info: [[0, 9.334651947021484], [8.057077407836914, 7.323767185211182], [2.39681, 2.36], [8.715349197387695, 1.785886287689209], [0.5, 14.5], [7.261192321777344, 5.130878448486328], [19.813395500183105, 8.563713073730469], [21.082300662994385, 11.185002326965332], [18.010533332824707, 8.367685317993164], [14.341118812561035, 10.940383911132812], [27.5, 0.5], [14.881263732910156, 10.551116943359375]]
[2026-07-07 15:27:50] Sent map infos: [[0, 9.334651947021484], [8.057077407836914, 7.323767185211182], [2.39681, 2.36], [8.715349197387695, 1.785886287689209], [0.5, 14.5], [7.261192321777344, 5.130878448486328], [19.813395500183105, 8.563713073730469], [21.082300662994385, 11.185002326965332], [18.010533332824707, 8.367685317993164], [14.341118812561035, 10.940383911132812], [27.5, 0.5], [14.881263732910156, 10.551116943359375]]
[2026-07-07 15:27:50] Marked situation: [0, 0, 0, 0, 0, 0, 0]
[2026-07-07 15:27:50] have_double_effect_times: 0 , is_activating_double_effect: 0 , already_activate_double_effect_times: 0
[2026-07-07 15:27:51] update time left285
[2026-07-07 15:27:51] Marked situation: [0, 0, 0, 0, 0, 0, 0]
[2026-07-07 15:27:51] have_double_effect_times: 0 , is_activating_double_effect: 0 , already_activate_double_effect_times: 0
[2026-07-07 15:27:51] Sent map info: [[0, 9.035490989685059], [8.079492568969727, 7.333223819732666], [2.39681, 2.36], [7.077186584472656, 0.8713529706001282], [0.5, 14.5], [7.249485015869141, 5.148879528045654], [19.813395500183105, 8.563713073730469], [21.082300662994385, 11.185002326965332], [18.010533332824707, 8.367685317993164], [14.341118812561035, 10.940383911132812], [27.5, 0.5], [14.881263732910156, 10.551116943359375]]
[2026-07-07 15:27:51] Sent map infos: [[0, 9.035490989685059], [8.079492568969727, 7.333223819732666], [2.39681, 2.36], [7.077186584472656, 0.8713529706001282], [0.5, 14.5], [7.249485015869141, 5.148879528045654], [19.813395500183105, 8.563713073730469], [21.082300662994385, 11.185002326965332], [18.010533332824707, 8.367685317993164], [14.341118812561035, 10.940383911132812], [27.5, 0.5], [14.881263732910156, 10.551116943359375]]
[2026-07-07 15:27:51] Marked situation: [0, 0, 0, 0, 0, 0, 0]
[2026-07-07 15:27:51] have_double_effect_times: 0 , is_activating_double_effect: 0 , already_activate_double_effect_times: 0
[2026-07-07 15:27:51] Marked situation: [0, 0, 0, 0, 0, 0, 0]
[2026-07-07 15:27:51] have_double_effect_times: 0 , is_activating_double_effect: 0 , already_activate_double_effect_times: 0
[2026-07-07 15:27:51] Sent map info: [[0.34166908264160156, 8.882176399230957], [8.105770111083984, 7.337373733520508], [2.39681, 2.36], [5.048807144165039, 0.5695152282714844], [0.5, 14.5], [7.343994140625, 5.1691975593566895], [19.813395500183105, 8.563713073730469], [21.082300662994385, 11.185002326965332], [15.95807933807373, 9.186426162719727], [14.341118812561035, 10.940383911132812], [27.5, 0.5], [14.881263732910156, 10.551116943359375]]
[2026-07-07 15:27:51] Sent map infos: [[0.34166908264160156, 8.882176399230957], [8.105770111083984, 7.337373733520508], [2.39681, 2.36], [5.048807144165039, 0.5695152282714844], [0.5, 14.5], [7.343994140625, 5.1691975593566895], [19.813395500183105, 8.563713073730469], [21.082300662994385, 11.185002326965332], [15.95807933807373, 9.186426162719727], [14.341118812561035, 10.940383911132812], [27.5, 0.5], [14.881263732910156, 10.551116943359375]]
[2026-07-07 15:27:51] Marked situation: [0, 0, 0, 0, 0, 0, 0]
[2026-07-07 15:27:51] have_double_effect_times: 0 , is_activating_double_effect: 0 , already_activate_double_effect_times: 0
[2026-07-07 15:27:51] Marked situation: [0, 0, 0, 0, 0, 0, 0]
[2026-07-07 15:27:51] have_double_effect_times: 0 , is_activating_double_effect: 0 , already_activate_double_effect_times: 0
[2026-07-07 15:27:51] Sent map info: [[0.34038734436035156, 9.182360649108887], [8.057994842529297, 7.322492599487305], [2.39681, 2.36], [4.923973083496094, 0.2580423951148987], [0.5, 14.5], [7.3058319091796875, 5.144970893859863], [19.813395500183105, 8.563713073730469], [21.082300662994385, 11.185002326965332], [14.605377197265625, 9.429268836975098], [14.341118812561035, 10.940383911132812], [27.5, 0.5], [14.881263732910156, 10.551116943359375]]
[2026-07-07 15:27:51] Sent map infos: [[0.34038734436035156, 9.182360649108887], [8.057994842529297, 7.322492599487305], [2.39681, 2.36], [4.923973083496094, 0.2580423951148987], [0.5, 14.5], [7.3058319091796875, 5.144970893859863], [19.813395500183105, 8.563713073730469], [21.082300662994385, 11.185002326965332], [14.605377197265625, 9.429268836975098], [14.341118812561035, 10.940383911132812], [27.5, 0.5], [14.881263732910156, 10.551116943359375]]
[2026-07-07 15:27:52] update time left284
[2026-07-07 15:27:52] Marked situation: [0, 0, 0, 0, 0, 0, 0]
[2026-07-07 15:27:52] have_double_effect_times: 0 , is_activating_double_effect: 0 , already_activate_double_effect_times: 0
[2026-07-07 15:27:52] Marked situation: [0, 0, 0, 0, 0, 0, 0]
[2026-07-07 15:27:52] have_double_effect_times: 0 , is_activating_double_effect: 0 , already_activate_double_effect_times: 0
[2026-07-07 15:27:52] Sent map info: [[0.05529022216796875, 8.992514610290527], [8.056026458740234, 7.325229644775391], [2.39681, 2.36], [4.923973083496094, 0.2580423951148987], [0.5, 14.5], [7.237524032592773, 5.167270660400391], [19.813395500183105, 8.563713073730469], [21.082300662994385, 11.185002326965332], [13.169836044311523, 9.580297470092773], [14.341118812561035, 10.940383911132812], [27.5, 0.5], [14.881263732910156, 10.551116943359375]]
[2026-07-07 15:27:52] Sent map infos: [[0.05529022216796875, 8.992514610290527], [8.056026458740234, 7.325229644775391], [2.39681, 2.36], [4.923973083496094, 0.2580423951148987], [0.5, 14.5], [7.237524032592773, 5.167270660400391], [19.813395500183105, 8.563713073730469], [21.082300662994385, 11.185002326965332], [13.169836044311523, 9.580297470092773], [14.341118812561035, 10.940383911132812], [27.5, 0.5], [14.881263732910156, 10.551116943359375]]
[2026-07-07 15:27:52] Marked situation: [0, 0, 0, 0, 0, 0, 0]
[2026-07-07 15:27:52] have_double_effect_times: 0 , is_activating_double_effect: 0 , already_activate_double_effect_times: 0
[2026-07-07 15:27:52] Marked situation: [0, 0, 0, 0, 0, 0, 0]
[2026-07-07 15:27:52] have_double_effect_times: 0 , is_activating_double_effect: 0 , already_activate_double_effect_times: 0
[2026-07-07 15:27:52] Sent map info: [[0.05529022216796875, 8.992514610290527], [8.188102722167969, 7.548471450805664], [2.39681, 2.36], [4.923973083496094, 0.2580423951148987], [0.5, 14.5], [7.276374816894531, 5.148859977722168], [19.813395500183105, 8.563713073730469], [21.082300662994385, 11.185002326965332], [12.425614356994629, 9.207533836364746], [14.341118812561035, 10.940383911132812], [27.5, 0.5], [14.881263732910156, 10.551116943359375]]
[2026-07-07 15:27:52] Sent map infos: [[0.05529022216796875, 8.992514610290527], [8.188102722167969, 7.548471450805664], [2.39681, 2.36], [4.923973083496094, 0.2580423951148987], [0.5, 14.5], [7.276374816894531, 5.148859977722168], [19.813395500183105, 8.563713073730469], [21.082300662994385, 11.185002326965332], [12.425614356994629, 9.207533836364746], [14.341118812561035, 10.940383911132812], [27.5, 0.5], [14.881263732910156, 10.551116943359375]]
[2026-07-07 15:27:52] Marked situation: [0, 0, 0, 0, 0, 0, 0]
[2026-07-07 15:27:52] have_double_effect_times: 0 , is_activating_double_effect: 0 , already_activate_double_effect_times: 0
[2026-07-07 15:27:53] update time left283
[2026-07-07 15:27:53] Marked situation: [0, 0, 0, 0, 0, 0, 0]
[2026-07-07 15:27:53] have_double_effect_times: 0 , is_activating_double_effect: 0 , already_activate_double_effect_times: 0
[2026-07-07 15:27:53] Sent map info: [[0.05529022216796875, 8.992514610290527], [8.193143844604492, 7.744030475616455], [2.39681, 2.36], [2.39681, 2.36], [0.5, 14.5], [7.326465606689453, 5.1546854972839355], [19.813395500183105, 8.563713073730469], [21.082300662994385, 11.185002326965332], [12.738272666931152, 8.731968879699707], [14.341118812561035, 10.940383911132812], [27.5, 0.5], [14.881263732910156, 10.551116943359375]]
[2026-07-07 15:27:53] Sent map infos: [[0.05529022216796875, 8.992514610290527], [8.193143844604492, 7.744030475616455], [2.39681, 2.36], [2.39681, 2.36], [0.5, 14.5], [7.326465606689453, 5.1546854972839355], [19.813395500183105, 8.563713073730469], [21.082300662994385, 11.185002326965332], [12.738272666931152, 8.731968879699707], [14.341118812561035, 10.940383911132812], [27.5, 0.5], [14.881263732910156, 10.551116943359375]]
[2026-07-07 15:27:53] Marked situation: [0, 0, 0, 0, 0, 0, 0]
[2026-07-07 15:27:53] have_double_effect_times: 0 , is_activating_double_effect: 0 , already_activate_double_effect_times: 0
[2026-07-07 15:27:53] Marked situation: [0, 0, 0, 0, 0, 0, 0]
[2026-07-07 15:27:53] have_double_effect_times: 0 , is_activating_double_effect: 0 , already_activate_double_effect_times: 0
[2026-07-07 15:27:53] Sent map info: [[0.05529022216796875, 8.992514610290527], [8.156259536743164, 7.753942966461182], [2.39681, 2.36], [2.39681, 2.36], [0.5, 14.5], [7.261447906494141, 5.171781539916992], [19.813395500183105, 8.563713073730469], [21.082300662994385, 11.185002326965332], [13.006133079528809, 8.435981750488281], [14.341118812561035, 10.940383911132812], [27.5, 0.5], [14.881263732910156, 10.551116943359375]]
[2026-07-07 15:27:53] Sent map infos: [[0.05529022216796875, 8.992514610290527], [8.156259536743164, 7.753942966461182], [2.39681, 2.36], [2.39681, 2.36], [0.5, 14.5], [7.261447906494141, 5.171781539916992], [19.813395500183105, 8.563713073730469], [21.082300662994385, 11.185002326965332], [13.006133079528809, 8.435981750488281], [14.341118812561035, 10.940383911132812], [27.5, 0.5], [14.881263732910156, 10.551116943359375]]
[2026-07-07 15:27:53] Marked situation: [0, 0, 0, 0, 0, 0, 0]
[2026-07-07 15:27:53] have_double_effect_times: 0 , is_activating_double_effect: 0 , already_activate_double_effect_times: 0
[2026-07-07 15:27:53] Marked situation: [0, 0, 0, 0, 0, 0, 0]
[2026-07-07 15:27:53] have_double_effect_times: 0 , is_activating_double_effect: 0 , already_activate_double_effect_times: 0
[2026-07-07 15:27:53] Sent map info: [[4.86, 11.92], [8.145013809204102, 7.526599407196045], [2.39681, 2.36], [13.644161224365234, 0], [0.5, 14.5], [7.30140495300293, 5.151761531829834], [19.813395500183105, 8.563713073730469], [21.082300662994385, 11.185002326965332], [13.12222957611084, 8.218644142150879], [14.341118812561035, 10.940383911132812], [27.5, 0.5], [14.881263732910156, 10.551116943359375]]
[2026-07-07 15:27:53] Sent map infos: [[4.86, 11.92], [8.145013809204102, 7.526599407196045], [2.39681, 2.36], [13.644161224365234, 0], [0.5, 14.5], [7.30140495300293, 5.151761531829834], [19.813395500183105, 8.563713073730469], [21.082300662994385, 11.185002326965332], [13.12222957611084, 8.218644142150879], [14.341118812561035, 10.940383911132812], [27.5, 0.5], [14.881263732910156, 10.551116943359375]]
[2026-07-07 15:27:54] update time left282
[2026-07-07 15:27:54] Marked situation: [0, 0, 0, 0, 0, 0, 0]
[2026-07-07 15:27:54] have_double_effect_times: 0 , is_activating_double_effect: 0 , already_activate_double_effect_times: 0
[2026-07-07 15:27:54] Marked situation: [0, 0, 0, 0, 0, 0, 0]
[2026-07-07 15:27:54] have_double_effect_times: 0 , is_activating_double_effect: 0 , already_activate_double_effect_times: 0
[2026-07-07 15:27:54] Sent map info: [[4.86, 11.92], [8.108858108520508, 7.657217025756836], [2.39681, 2.36], [14.949195861816406, 1.5037752389907837], [0.5, 14.5], [7.2901458740234375, 5.169033527374268], [19.813395500183105, 8.563713073730469], [21.082300662994385, 11.185002326965332], [12.355287551879883, 8.981810569763184], [14.341118812561035, 10.940383911132812], [27.5, 0.5], [14.881263732910156, 10.551116943359375]]
[2026-07-07 15:27:54] Sent map infos: [[4.86, 11.92], [8.108858108520508, 7.657217025756836], [2.39681, 2.36], [14.949195861816406, 1.5037752389907837], [0.5, 14.5], [7.2901458740234375, 5.169033527374268], [19.813395500183105, 8.563713073730469], [21.082300662994385, 11.185002326965332], [12.355287551879883, 8.981810569763184], [14.341118812561035, 10.940383911132812], [27.5, 0.5], [14.881263732910156, 10.551116943359375]]
[2026-07-07 15:27:54] Marked situation: [0, 0, 0, 0, 0, 0, 0]
[2026-07-07 15:27:54] have_double_effect_times: 0 , is_activating_double_effect: 0 , already_activate_double_effect_times: 0
[2026-07-07 15:27:54] Marked situation: [0, 0, 0, 0, 0, 0, 0]
[2026-07-07 15:27:54] have_double_effect_times: 0 , is_activating_double_effect: 0 , already_activate_double_effect_times: 0
[2026-07-07 15:27:54] Sent map info: [[4.86, 11.92], [7.710285186767578, 8.243863105773926], [2.39681, 2.36], [16.16060733795166, 2.7013821601867676], [0.5, 14.5], [7.2292938232421875, 5.179928302764893], [19.813395500183105, 8.563713073730469], [21.082300662994385, 11.185002326965332], [12.465758323669434, 8.859041213989258], [14.341118812561035, 10.940383911132812], [27.5, 0.5], [14.881263732910156, 10.551116943359375]]
[2026-07-07 15:27:54] Sent map infos: [[4.86, 11.92], [7.710285186767578, 8.243863105773926], [2.39681, 2.36], [16.16060733795166, 2.7013821601867676], [0.5, 14.5], [7.2292938232421875, 5.179928302764893], [19.813395500183105, 8.563713073730469], [21.082300662994385, 11.185002326965332], [12.465758323669434, 8.859041213989258], [14.341118812561035, 10.940383911132812], [27.5, 0.5], [14.881263732910156, 10.551116943359375]]
[2026-07-07 15:27:54] Marked situation: [0, 0, 0, 0, 0, 0, 0]
[2026-07-07 15:27:54] have_double_effect_times: 0 , is_activating_double_effect: 0 , already_activate_double_effect_times: 0
[2026-07-07 15:27:55] update time left281
[2026-07-07 15:27:55] Marked situation: [0, 0, 0, 0, 0, 0, 0]
[2026-07-07 15:27:55] have_double_effect_times: 0 , is_activating_double_effect: 0 , already_activate_double_effect_times: 0
[2026-07-07 15:27:55] Sent map info: [[4.86, 11.92], [7.926801681518555, 7.8669352531433105], [2.39681, 2.36], [15.79793643951416, 4.173124313354492], [0.5, 14.5], [7.2403564453125, 5.16291618347168], [19.813395500183105, 8.563713073730469], [21.082300662994385, 11.185002326965332], [12.439443588256836, 8.888285636901855], [14.341118812561035, 10.940383911132812], [27.5, 0.5], [14.881263732910156, 10.551116943359375]]
[2026-07-07 15:27:55] Sent map infos: [[4.86, 11.92], [7.926801681518555, 7.8669352531433105], [2.39681, 2.36], [15.79793643951416, 4.173124313354492], [0.5, 14.5], [7.2403564453125, 5.16291618347168], [19.813395500183105, 8.563713073730469], [21.082300662994385, 11.185002326965332], [12.439443588256836, 8.888285636901855], [14.341118812561035, 10.940383911132812], [27.5, 0.5], [14.881263732910156, 10.551116943359375]]
[2026-07-07 15:27:55] Marked situation: [0, 0, 0, 0, 0, 0, 0]
[2026-07-07 15:27:55] have_double_effect_times: 0 , is_activating_double_effect: 0 , already_activate_double_effect_times: 0
[2026-07-07 15:27:55] Marked situation: [0, 0, 0, 0, 0, 0, 0]
[2026-07-07 15:27:55] have_double_effect_times: 0 , is_activating_double_effect: 0 , already_activate_double_effect_times: 0
[2026-07-07 15:27:55] Sent map info: [[4.86, 11.92], [7.485435485839844, 7.800800323486328], [2.39681, 2.36], [15.24578857421875, 4.852867126464844], [0.5, 14.5], [7.2535247802734375, 5.183950424194336], [19.813395500183105, 8.563713073730469], [21.082300662994385, 11.185002326965332], [12.43854808807373, 8.889280319213867], [14.341118812561035, 10.940383911132812], [27.5, 0.5], [14.881263732910156, 10.551116943359375]]
[2026-07-07 15:27:55] Sent map infos: [[4.86, 11.92], [7.485435485839844, 7.800800323486328], [2.39681, 2.36], [15.24578857421875, 4.852867126464844], [0.5, 14.5], [7.2535247802734375, 5.183950424194336], [19.813395500183105, 8.563713073730469], [21.082300662994385, 11.185002326965332], [12.43854808807373, 8.889280319213867], [14.341118812561035, 10.940383911132812], [27.5, 0.5], [14.881263732910156, 10.551116943359375]]
[2026-07-07 15:27:55] Marked situation: [0, 0, 0, 0, 0, 0, 0]
[2026-07-07 15:27:55] have_double_effect_times: 0 , is_activating_double_effect: 0 , already_activate_double_effect_times: 0
[2026-07-07 15:27:55] Marked situation: [0, 0, 0, 0, 0, 0, 0]
[2026-07-07 15:27:55] have_double_effect_times: 0 , is_activating_double_effect: 0 , already_activate_double_effect_times: 0
[2026-07-07 15:27:55] Sent map info: [[4.86, 11.92], [7.650306701660156, 7.689438819885254], [2.39681, 2.36], [15.349577903747559, 5.316535472869873], [0.5, 14.5], [7.239164352416992, 5.164748668670654], [19.813395500183105, 8.563713073730469], [21.082300662994385, 11.185002326965332], [12.460644721984863, 8.908269882202148], [14.341118812561035, 10.940383911132812], [27.5, 0.5], [14.881263732910156, 10.551116943359375]]
[2026-07-07 15:27:55] Sent map infos: [[4.86, 11.92], [7.650306701660156, 7.689438819885254], [2.39681, 2.36], [15.349577903747559, 5.316535472869873], [0.5, 14.5], [7.239164352416992, 5.164748668670654], [19.813395500183105, 8.563713073730469], [21.082300662994385, 11.185002326965332], [12.460644721984863, 8.908269882202148], [14.341118812561035, 10.940383911132812], [27.5, 0.5], [14.881263732910156, 10.551116943359375]]
[2026-07-07 15:27:56] update time left280
[2026-07-07 15:27:56] Marked situation: [0, 0, 0, 0, 0, 0, 0]
[2026-07-07 15:27:56] have_double_effect_times: 0 , is_activating_double_effect: 0 , already_activate_double_effect_times: 0
[2026-07-07 15:27:56] Marked situation: [0, 0, 0, 0, 0, 0, 0]
[2026-07-07 15:27:56] have_double_effect_times: 0 , is_activating_double_effect: 0 , already_activate_double_effect_times: 0
[2026-07-07 15:27:56] Sent map info: [[4.86, 11.92], [7.746883392333984, 7.71481466293335], [2.39681, 2.36], [14.774768829345703, 5.914282321929932], [0.5, 14.5], [7.33784294128418, 5.095869541168213], [19.813395500183105, 8.563713073730469], [21.082300662994385, 11.185002326965332], [12.557353973388672, 8.931884765625], [14.341118812561035, 10.940383911132812], [27.5, 0.5], [11.500789642333984, 9.805205345153809]]
[2026-07-07 15:27:56] Sent map infos: [[4.86, 11.92], [7.746883392333984, 7.71481466293335], [2.39681, 2.36], [14.774768829345703, 5.914282321929932], [0.5, 14.5], [7.33784294128418, 5.095869541168213], [19.813395500183105, 8.563713073730469], [21.082300662994385, 11.185002326965332], [12.557353973388672, 8.931884765625], [14.341118812561035, 10.940383911132812], [27.5, 0.5], [11.500789642333984, 9.805205345153809]]
[2026-07-07 15:27:56] Marked situation: [0, 0, 0, 0, 0, 0, 0]
[2026-07-07 15:27:56] have_double_effect_times: 0 , is_activating_double_effect: 0 , already_activate_double_effect_times: 0
[2026-07-07 15:27:56] Marked situation: [0, 0, 0, 0, 0, 0, 0]
[2026-07-07 15:27:56] have_double_effect_times: 0 , is_activating_double_effect: 0 , already_activate_double_effect_times: 0
[2026-07-07 15:27:56] Sent map info: [[4.86, 11.92], [7.653995513916016, 7.844071388244629], [2.39681, 2.36], [13.795559883117676, 6.323391437530518], [0.5, 14.5], [7.312803268432617, 5.092915058135986], [19.813395500183105, 8.563713073730469], [21.082300662994385, 11.185002326965332], [12.843629837036133, 8.923307418823242], [14.341118812561035, 10.940383911132812], [27.5, 0.5], [11.65797233581543, 9.502569198608398]]
[2026-07-07 15:27:56] Sent map infos: [[4.86, 11.92], [7.653995513916016, 7.844071388244629], [2.39681, 2.36], [13.795559883117676, 6.323391437530518], [0.5, 14.5], [7.312803268432617, 5.092915058135986], [19.813395500183105, 8.563713073730469], [21.082300662994385, 11.185002326965332], [12.843629837036133, 8.923307418823242], [14.341118812561035, 10.940383911132812], [27.5, 0.5], [11.65797233581543, 9.502569198608398]]
[2026-07-07 15:27:56] Marked situation: [0, 0, 0, 0, 0, 0, 0]
[2026-07-07 15:27:56] have_double_effect_times: 0 , is_activating_double_effect: 0 , already_activate_double_effect_times: 0
[2026-07-07 15:27:57] update time left279
[2026-07-07 15:27:57] Marked situation: [0, 0, 0, 0, 0, 0, 0]
[2026-07-07 15:27:57] have_double_effect_times: 0 , is_activating_double_effect: 0 , already_activate_double_effect_times: 0
[2026-07-07 15:27:57] Sent map info: [[4.86, 11.92], [7.628702163696289, 7.839402675628662], [2.39681, 2.36], [13.345454216003418, 6.474493980407715], [0.5, 14.5], [7.346887588500977, 5.123396396636963], [19.813395500183105, 8.563713073730469], [21.082300662994385, 11.185002326965332], [13.14535140991211, 8.903010368347168], [14.341118812561035, 10.940383911132812], [27.5, 0.5], [11.800933837890625, 9.256940841674805]]
[2026-07-07 15:27:57] Sent map infos: [[4.86, 11.92], [7.628702163696289, 7.839402675628662], [2.39681, 2.36], [13.345454216003418, 6.474493980407715], [0.5, 14.5], [7.346887588500977, 5.123396396636963], [19.813395500183105, 8.563713073730469], [21.082300662994385, 11.185002326965332], [13.14535140991211, 8.903010368347168], [14.341118812561035, 10.940383911132812], [27.5, 0.5], [11.800933837890625, 9.256940841674805]]
[2026-07-07 15:27:57] Marked situation: [0, 0, 0, 0, 0, 0, 0]
[2026-07-07 15:27:57] have_double_effect_times: 0 , is_activating_double_effect: 0 , already_activate_double_effect_times: 0
[2026-07-07 15:27:57] Marked situation: [0, 0, 0, 0, 0, 0, 0]
[2026-07-07 15:27:57] have_double_effect_times: 0 , is_activating_double_effect: 0 , already_activate_double_effect_times: 0
[2026-07-07 15:27:57] Sent map info: [[4.86, 11.92], [7.545936584472656, 7.87520170211792], [2.39681, 2.36], [13.115679740905762, 6.468073844909668], [0.5, 14.5], [7.382787704467773, 5.109835624694824], [19.813395500183105, 8.563713073730469], [21.082300662994385, 11.185002326965332], [12.73660659790039, 9.909242630004883], [14.341118812561035, 10.940383911132812], [27.5, 0.5], [11.98342514038086, 8.965743064880371]]
[2026-07-07 15:27:57] Sent map infos: [[4.86, 11.92], [7.545936584472656, 7.87520170211792], [2.39681, 2.36], [13.115679740905762, 6.468073844909668], [0.5, 14.5], [7.382787704467773, 5.109835624694824], [19.813395500183105, 8.563713073730469], [21.082300662994385, 11.185002326965332], [12.73660659790039, 9.909242630004883], [14.341118812561035, 10.940383911132812], [27.5, 0.5], [11.98342514038086, 8.965743064880371]]
[2026-07-07 15:27:57] Marked situation: [0, 0, 0, 0, 0, 0, 0]
[2026-07-07 15:27:57] have_double_effect_times: 0 , is_activating_double_effect: 0 , already_activate_double_effect_times: 0
[2026-07-07 15:27:57] Marked situation: [0, 0, 0, 0, 0, 0, 0]
[2026-07-07 15:27:57] have_double_effect_times: 0 , is_activating_double_effect: 0 , already_activate_double_effect_times: 0
[2026-07-07 15:27:57] Sent map info: [[4.86, 11.92], [7.246364593505859, 7.820766925811768], [2.39681, 2.36], [12.043999671936035, 7.14990234375], [0.5, 14.5], [7.326364517211914, 5.113476276397705], [19.813395500183105, 8.563713073730469], [21.082300662994385, 11.185002326965332], [12.985868453979492, 11.409063339233398], [14.341118812561035, 10.940383911132812], [27.5, 0.5], [12.230029106140137, 8.731212615966797]]
[2026-07-07 15:27:57] Sent map infos: [[4.86, 11.92], [7.246364593505859, 7.820766925811768], [2.39681, 2.36], [12.043999671936035, 7.14990234375], [0.5, 14.5], [7.326364517211914, 5.113476276397705], [19.813395500183105, 8.563713073730469], [21.082300662994385, 11.185002326965332], [12.985868453979492, 11.409063339233398], [14.341118812561035, 10.940383911132812], [27.5, 0.5], [12.230029106140137, 8.731212615966797]]
[2026-07-07 15:27:58] update time left278
[2026-07-07 15:27:58] Marked situation: [0, 0, 0, 0, 0, 0, 0]
[2026-07-07 15:27:58] have_double_effect_times: 0 , is_activating_double_effect: 0 , already_activate_double_effect_times: 0
[2026-07-07 15:27:58] Marked situation: [0, 0, 0, 0, 0, 0, 0]
[2026-07-07 15:27:58] have_double_effect_times: 0 , is_activating_double_effect: 0 , already_activate_double_effect_times: 0
[2026-07-07 15:27:58] Sent map info: [[4.86, 11.92], [7.137151718139648, 7.81797456741333], [2.39681, 2.36], [12.087061882019043, 7.716069221496582], [0.5, 14.5], [7.348381042480469, 5.121109962463379], [19.813395500183105, 8.563713073730469], [21.082300662994385, 11.185002326965332], [14.322458267211914, 11.833821296691895], [14.341118812561035, 10.940383911132812], [27.5, 0.5], [12.314985275268555, 8.417430877685547]]
[2026-07-07 15:27:58] Sent map infos: [[4.86, 11.92], [7.137151718139648, 7.81797456741333], [2.39681, 2.36], [12.087061882019043, 7.716069221496582], [0.5, 14.5], [7.348381042480469, 5.121109962463379], [19.813395500183105, 8.563713073730469], [21.082300662994385, 11.185002326965332], [14.322458267211914, 11.833821296691895], [14.341118812561035, 10.940383911132812], [27.5, 0.5], [12.314985275268555, 8.417430877685547]]
[2026-07-07 15:27:58] Marked situation: [0, 0, 0, 0, 0, 0, 0]
[2026-07-07 15:27:58] have_double_effect_times: 0 , is_activating_double_effect: 0 , already_activate_double_effect_times: 0
[2026-07-07 15:27:58] Marked situation: [0, 0, 0, 0, 0, 0, 0]
[2026-07-07 15:27:58] have_double_effect_times: 0 , is_activating_double_effect: 0 , already_activate_double_effect_times: 0
[2026-07-07 15:27:58] Sent map info: [[0, 8.710625648498535], [7.259929656982422, 7.80153226852417], [2.39681, 2.36], [12.178502082824707, 7.5651021003723145], [0.5, 14.5], [7.372901916503906, 5.124961853027344], [19.813395500183105, 8.563713073730469], [21.082300662994385, 11.185002326965332], [15.586188316345215, 12.484813690185547], [14.341118812561035, 10.940383911132812], [27.5, 0.5], [12.546487808227539, 8.331055641174316]]
[2026-07-07 15:27:58] Sent map infos: [[0, 8.710625648498535], [7.259929656982422, 7.80153226852417], [2.39681, 2.36], [12.178502082824707, 7.5651021003723145], [0.5, 14.5], [7.372901916503906, 5.124961853027344], [19.813395500183105, 8.563713073730469], [21.082300662994385, 11.185002326965332], [15.586188316345215, 12.484813690185547], [14.341118812561035, 10.940383911132812], [27.5, 0.5], [12.546487808227539, 8.331055641174316]]
[2026-07-07 15:27:58] Marked situation: [0, 0, 0, 0, 0, 0, 0]
[2026-07-07 15:27:58] have_double_effect_times: 0 , is_activating_double_effect: 0 , already_activate_double_effect_times: 0
[2026-07-07 15:27:59] update time left277
[2026-07-07 15:27:59] Marked situation: [0, 0, 0, 0, 0, 0, 0]
[2026-07-07 15:27:59] have_double_effect_times: 0 , is_activating_double_effect: 0 , already_activate_double_effect_times: 0
[2026-07-07 15:27:59] Sent map info: [[1.1972827911376953, 9.375778198242188], [7.284458160400391, 7.766749858856201], [2.39681, 2.36], [12.396172523498535, 7.132308006286621], [0.5, 14.5], [7.305967330932617, 5.103414058685303], [19.813395500183105, 8.563713073730469], [21.082300662994385, 11.185002326965332], [17.399670600891113, 12.377534866333008], [14.341118812561035, 10.940383911132812], [27.5, 0.5], [12.627314567565918, 8.284021377563477]]
[2026-07-07 15:27:59] Sent map infos: [[1.1972827911376953, 9.375778198242188], [7.284458160400391, 7.766749858856201], [2.39681, 2.36], [12.396172523498535, 7.132308006286621], [0.5, 14.5], [7.305967330932617, 5.103414058685303], [19.813395500183105, 8.563713073730469], [21.082300662994385, 11.185002326965332], [17.399670600891113, 12.377534866333008], [14.341118812561035, 10.940383911132812], [27.5, 0.5], [12.627314567565918, 8.284021377563477]]
[2026-07-07 15:27:59] Marked situation: [0, 0, 0, 0, 0, 0, 0]
[2026-07-07 15:27:59] have_double_effect_times: 0 , is_activating_double_effect: 0 , already_activate_double_effect_times: 0
[2026-07-07 15:27:59] Marked situation: [0, 0, 0, 0, 0, 0, 0]
[2026-07-07 15:27:59] have_double_effect_times: 0 , is_activating_double_effect: 0 , already_activate_double_effect_times: 0
[2026-07-07 15:27:59] Sent map info: [[3.406190872192383, 9.883374214172363], [7.285163879394531, 7.765749931335449], [2.39681, 2.36], [11.790197372436523, 7.320804119110107], [0.5, 14.5], [7.023582458496094, 5.0861945152282715], [19.813395500183105, 8.563713073730469], [21.082300662994385, 11.185002326965332], [18.989948272705078, 12.251230239868164], [14.341118812561035, 10.940383911132812], [27.5, 0.5], [12.691396713256836, 8.344261169433594]]
[2026-07-07 15:27:59] Sent map infos: [[3.406190872192383, 9.883374214172363], [7.285163879394531, 7.765749931335449], [2.39681, 2.36], [11.790197372436523, 7.320804119110107], [0.5, 14.5], [7.023582458496094, 5.0861945152282715], [19.813395500183105, 8.563713073730469], [21.082300662994385, 11.185002326965332], [18.989948272705078, 12.251230239868164], [14.341118812561035, 10.940383911132812], [27.5, 0.5], [12.691396713256836, 8.344261169433594]]
[2026-07-07 15:27:59] Marked situation: [0, 0, 0, 0, 0, 0, 0]
[2026-07-07 15:27:59] have_double_effect_times: 0 , is_activating_double_effect: 0 , already_activate_double_effect_times: 0
[2026-07-07 15:27:59] Marked situation: [0, 0, 0, 0, 0, 0, 0]
[2026-07-07 15:27:59] have_double_effect_times: 0 , is_activating_double_effect: 0 , already_activate_double_effect_times: 0
[2026-07-07 15:27:59] Sent map info: [[5.425386428833008, 10.184521675109863], [7.236291885375977, 7.755919456481934], [2.39681, 2.36], [12.356657028198242, 7.089785575866699], [0.5, 14.5], [5.9907379150390625, 4.902453899383545], [19.813395500183105, 8.563713073730469], [21.082300662994385, 11.185002326965332], [19.358509063720703, 12.197373390197754], [19.81850242614746, 12.027674674987793], [27.5, 0.5], [12.781524658203125, 8.41993522644043]]
[2026-07-07 15:27:59] Sent map infos: [[5.425386428833008, 10.184521675109863], [7.236291885375977, 7.755919456481934], [2.39681, 2.36], [12.356657028198242, 7.089785575866699], [0.5, 14.5], [5.9907379150390625, 4.902453899383545], [19.813395500183105, 8.563713073730469], [21.082300662994385, 11.185002326965332], [19.358509063720703, 12.197373390197754], [19.81850242614746, 12.027674674987793], [27.5, 0.5], [12.781524658203125, 8.41993522644043]]
[2026-07-07 15:28:00] update time left276
[2026-07-07 15:28:00] Marked situation: [0, 0, 0, 0, 0, 0, 0]
[2026-07-07 15:28:00] have_double_effect_times: 0 , is_activating_double_effect: 0 , already_activate_double_effect_times: 0
[2026-07-07 15:28:00] Marked situation: [0, 0, 0, 0, 0, 0, 0]
[2026-07-07 15:28:00] have_double_effect_times: 0 , is_activating_double_effect: 0 , already_activate_double_effect_times: 0
[2026-07-07 15:28:00] Sent map info: [[7.428932189941406, 10.06308650970459], [7.2158203125, 7.745455265045166], [2.39681, 2.36], [12.427633285522461, 6.91663932800293], [0.5, 14.5], [4.282495498657227, 4.655570983886719], [19.813395500183105, 8.563713073730469], [21.082300662994385, 11.185002326965332], [19.358509063720703, 12.197373390197754], [19.947230339050293, 11.975208282470703], [27.5, 0.5], [12.812141418457031, 8.474096298217773]]
[2026-07-07 15:28:00] Sent map infos: [[7.428932189941406, 10.06308650970459], [7.2158203125, 7.745455265045166], [2.39681, 2.36], [12.427633285522461, 6.91663932800293], [0.5, 14.5], [4.282495498657227, 4.655570983886719], [19.813395500183105, 8.563713073730469], [21.082300662994385, 11.185002326965332], [19.358509063720703, 12.197373390197754], [19.947230339050293, 11.975208282470703], [27.5, 0.5], [12.812141418457031, 8.474096298217773]]
[2026-07-07 15:28:00] Marked situation: [0, 0, 0, 0, 0, 0, 0]
[2026-07-07 15:28:00] have_double_effect_times: 0 , is_activating_double_effect: 0 , already_activate_double_effect_times: 0
[2026-07-07 15:28:00] Marked situation: [0, 0, 0, 0, 0, 0, 0]
[2026-07-07 15:28:00] have_double_effect_times: 0 , is_activating_double_effect: 0 , already_activate_double_effect_times: 0
[2026-07-07 15:28:00] Sent map info: [[7.476154327392578, 10.078086853027344], [7.240070343017578, 7.750549793243408], [2.39681, 2.36], [12.171463966369629, 6.953556060791016], [0.5, 14.5], [3.009012222290039, 4.437294006347656], [19.813395500183105, 8.563713073730469], [21.020546436309814, 10.47774887084961], [19.358509063720703, 12.197373390197754], [21.126038551330566, 10.84847354888916], [27.5, 0.5], [12.772462844848633, 8.474126815795898]]
[2026-07-07 15:28:00] Sent map infos: [[7.476154327392578, 10.078086853027344], [7.240070343017578, 7.750549793243408], [2.39681, 2.36], [12.171463966369629, 6.953556060791016], [0.5, 14.5], [3.009012222290039, 4.437294006347656], [19.813395500183105, 8.563713073730469], [21.020546436309814, 10.47774887084961], [19.358509063720703, 12.197373390197754], [21.126038551330566, 10.84847354888916], [27.5, 0.5], [12.772462844848633, 8.474126815795898]]
[2026-07-07 15:28:00] Marked situation: [0, 0, 0, 0, 0, 0, 0]
[2026-07-07 15:28:00] have_double_effect_times: 0 , is_activating_double_effect: 0 , already_activate_double_effect_times: 0
[2026-07-07 15:28:01] update time left275
[2026-07-07 15:28:01] Marked situation: [0, 0, 0, 0, 0, 0, 0]
[2026-07-07 15:28:01] have_double_effect_times: 0 , is_activating_double_effect: 0 , already_activate_double_effect_times: 0
[2026-07-07 15:28:01] Sent map info: [[7.4492950439453125, 10.074798583984375], [7.896278381347656, 7.668015956878662], [2.39681, 2.36], [12.512622833251953, 6.501410007476807], [0.5, 14.5], [2.644073486328125, 4.350017070770264], [19.813395500183105, 8.563713073730469], [21.020546436309814, 10.47774887084961], [19.358509063720703, 12.197373390197754], [21.126038551330566, 10.84847354888916], [27.5, 0.5], [12.798921585083008, 8.488788604736328]]
[2026-07-07 15:28:01] Sent map infos: [[7.4492950439453125, 10.074798583984375], [7.896278381347656, 7.668015956878662], [2.39681, 2.36], [12.512622833251953, 6.501410007476807], [0.5, 14.5], [2.644073486328125, 4.350017070770264], [19.813395500183105, 8.563713073730469], [21.020546436309814, 10.47774887084961], [19.358509063720703, 12.197373390197754], [21.126038551330566, 10.84847354888916], [27.5, 0.5], [12.798921585083008, 8.488788604736328]]
[2026-07-07 15:28:01] Marked situation: [0, 0, 0, 0, 0, 0, 0]
[2026-07-07 15:28:01] have_double_effect_times: 0 , is_activating_double_effect: 0 , already_activate_double_effect_times: 0
[2026-07-07 15:28:01] Marked situation: [0, 0, 0, 0, 0, 0, 0]
[2026-07-07 15:28:01] have_double_effect_times: 0 , is_activating_double_effect: 0 , already_activate_double_effect_times: 0
[2026-07-07 15:28:01] Sent map info: [[7.453639984130859, 10.06912899017334], [8.159875869750977, 7.587206840515137], [2.39681, 2.36], [12.83214282989502, 5.9371018409729], [0.5, 14.5], [2.644073486328125, 4.350017070770264], [19.813395500183105, 8.563713073730469], [21.020546436309814, 10.47774887084961], [19.358509063720703, 12.197373390197754], [21.126038551330566, 10.84847354888916], [27.5, 0.5], [12.803449630737305, 8.483756065368652]]
[2026-07-07 15:28:01] Sent map infos: [[7.453639984130859, 10.06912899017334], [8.159875869750977, 7.587206840515137], [2.39681, 2.36], [12.83214282989502, 5.9371018409729], [0.5, 14.5], [2.644073486328125, 4.350017070770264], [19.813395500183105, 8.563713073730469], [21.020546436309814, 10.47774887084961], [19.358509063720703, 12.197373390197754], [21.126038551330566, 10.84847354888916], [27.5, 0.5], [12.803449630737305, 8.483756065368652]]
[2026-07-07 15:28:01] Marked situation: [0, 0, 0, 0, 0, 0, 0]
[2026-07-07 15:28:01] have_double_effect_times: 0 , is_activating_double_effect: 0 , already_activate_double_effect_times: 0
[2026-07-07 15:28:01] Marked situation: [0, 0, 0, 0, 0, 0, 0]
[2026-07-07 15:28:01] have_double_effect_times: 0 , is_activating_double_effect: 0 , already_activate_double_effect_times: 0
[2026-07-07 15:28:01] Sent map info: [[7.42503547668457, 10.0681791305542], [8.281866073608398, 7.5418314933776855], [2.39681, 2.36], [14.40027904510498, 5.72368860244751], [0.5, 14.5], [2.644073486328125, 4.350017070770264], [19.813395500183105, 8.563713073730469], [21.020546436309814, 10.47774887084961], [19.358509063720703, 12.197373390197754], [20.813738346099854, 6.999313831329346], [27.5, 0.5], [12.801543235778809, 8.48587417602539]]
[2026-07-07 15:28:01] Sent map infos: [[7.42503547668457, 10.0681791305542], [8.281866073608398, 7.5418314933776855], [2.39681, 2.36], [14.40027904510498, 5.72368860244751], [0.5, 14.5], [2.644073486328125, 4.350017070770264], [19.813395500183105, 8.563713073730469], [21.020546436309814, 10.47774887084961], [19.358509063720703, 12.197373390197754], [20.813738346099854, 6.999313831329346], [27.5, 0.5], [12.801543235778809, 8.48587417602539]]
[2026-07-07 15:28:02] update time left274
[2026-07-07 15:28:02] Marked situation: [0, 0, 0, 0, 0, 0, 0]
[2026-07-07 15:28:02] have_double_effect_times: 0 , is_activating_double_effect: 0 , already_activate_double_effect_times: 0
[2026-07-07 15:28:02] Marked situation: [0, 0, 0, 0, 0, 0, 0]
[2026-07-07 15:28:02] have_double_effect_times: 0 , is_activating_double_effect: 0 , already_activate_double_effect_times: 0
[2026-07-07 15:28:02] Sent map info: [[7.425580978393555, 10.06746768951416], [8.335073471069336, 7.550504207611084], [2.39681, 2.36], [16.088658332824707, 4.783496379852295], [0.5, 14.5], [2.644073486328125, 4.350017070770264], [19.813395500183105, 8.563713073730469], [23.23671054840088, 6.140657901763916], [19.358509063720703, 12.197373390197754], [20.831226348876953, 6.983495712280273], [27.5, 0.5], [12.801992416381836, 8.485374450683594]]
[2026-07-07 15:28:02] Sent map infos: [[7.425580978393555, 10.06746768951416], [8.335073471069336, 7.550504207611084], [2.39681, 2.36], [16.088658332824707, 4.783496379852295], [0.5, 14.5], [2.644073486328125, 4.350017070770264], [19.813395500183105, 8.563713073730469], [23.23671054840088, 6.140657901763916], [19.358509063720703, 12.197373390197754], [20.831226348876953, 6.983495712280273], [27.5, 0.5], [12.801992416381836, 8.485374450683594]]
[2026-07-07 15:28:02] Marked situation: [0, 0, 0, 0, 0, 0, 0]
[2026-07-07 15:28:02] have_double_effect_times: 0 , is_activating_double_effect: 0 , already_activate_double_effect_times: 0
[2026-07-07 15:28:02] Marked situation: [0, 0, 0, 0, 0, 0, 0]
[2026-07-07 15:28:02] have_double_effect_times: 0 , is_activating_double_effect: 0 , already_activate_double_effect_times: 0
[2026-07-07 15:28:02] Sent map info: [[7.45245361328125, 10.070674896240234], [8.376802444458008, 7.5343403816223145], [2.39681, 2.36], [16.69682216644287, 3.8043434619903564], [0.5, 14.5], [2.39681, 2.36], [19.813395500183105, 8.563713073730469], [23.23671054840088, 6.140657901763916], [19.358509063720703, 12.197373390197754], [21.067662239074707, 6.980426788330078], [27.5, 0.5], [12.802366256713867, 8.484959602355957]]
[2026-07-07 15:28:02] Sent map infos: [[7.45245361328125, 10.070674896240234], [8.376802444458008, 7.5343403816223145], [2.39681, 2.36], [16.69682216644287, 3.8043434619903564], [0.5, 14.5], [2.39681, 2.36], [19.813395500183105, 8.563713073730469], [23.23671054840088, 6.140657901763916], [19.358509063720703, 12.197373390197754], [21.067662239074707, 6.980426788330078], [27.5, 0.5], [12.802366256713867, 8.484959602355957]]
[2026-07-07 15:28:02] Marked situation: [0, 0, 0, 0, 0, 0, 0]
[2026-07-07 15:28:02] have_double_effect_times: 0 , is_activating_double_effect: 0 , already_activate_double_effect_times: 0
[2026-07-07 15:28:03] update time left273
[2026-07-07 15:28:03] Marked situation: [0, 0, 0, 0, 0, 0, 0]
[2026-07-07 15:28:03] have_double_effect_times: 0 , is_activating_double_effect: 0 , already_activate_double_effect_times: 0
[2026-07-07 15:28:03] Sent map info: [[7.459653854370117, 10.061278343200684], [8.406623840332031, 7.493729591369629], [2.39681, 2.36], [16.773690223693848, 3.616802930831909], [0.5, 14.5], [2.39681, 2.36], [19.813395500183105, 8.563713073730469], [23.23671054840088, 6.140657901763916], [19.358509063720703, 12.197373390197754], [20.872466564178467, 6.99865198135376], [27.5, 0.5], [12.804747581481934, 8.48231315612793]]
[2026-07-07 15:28:03] Sent map infos: [[7.459653854370117, 10.061278343200684], [8.406623840332031, 7.493729591369629], [2.39681, 2.36], [16.773690223693848, 3.616802930831909], [0.5, 14.5], [2.39681, 2.36], [19.813395500183105, 8.563713073730469], [23.23671054840088, 6.140657901763916], [19.358509063720703, 12.197373390197754], [20.872466564178467, 6.99865198135376], [27.5, 0.5], [12.804747581481934, 8.48231315612793]]
[2026-07-07 15:28:03] Marked situation: [0, 0, 0, 0, 0, 0, 0]
[2026-07-07 15:28:03] have_double_effect_times: 0 , is_activating_double_effect: 0 , already_activate_double_effect_times: 0
[2026-07-07 15:28:03] Marked situation: [0, 0, 0, 0, 0, 0, 0]
[2026-07-07 15:28:03] have_double_effect_times: 0 , is_activating_double_effect: 0 , already_activate_double_effect_times: 0
[2026-07-07 15:28:03] Sent map info: [[7.510215759277344, 10.072068214416504], [9.072084426879883, 7.6688642501831055], [2.39681, 2.36], [16.766420364379883, 2.297624111175537], [0.5, 14.5], [2.39681, 2.36], [19.813395500183105, 8.563713073730469], [23.23671054840088, 6.140657901763916], [19.358509063720703, 12.197373390197754], [20.815005779266357, 6.998167514801025], [27.5, 0.5], [12.83653450012207, 8.491127967834473]]
[2026-07-07 15:28:03] Sent map infos: [[7.510215759277344, 10.072068214416504], [9.072084426879883, 7.6688642501831055], [2.39681, 2.36], [16.766420364379883, 2.297624111175537], [0.5, 14.5], [2.39681, 2.36], [19.813395500183105, 8.563713073730469], [23.23671054840088, 6.140657901763916], [19.358509063720703, 12.197373390197754], [20.815005779266357, 6.998167514801025], [27.5, 0.5], [12.83653450012207, 8.491127967834473]]
[2026-07-07 15:28:03] Marked situation: [0, 0, 0, 0, 0, 0, 0]
[2026-07-07 15:28:03] have_double_effect_times: 0 , is_activating_double_effect: 0 , already_activate_double_effect_times: 0
[2026-07-07 15:28:03] Marked situation: [0, 0, 0, 0, 0, 0, 0]
[2026-07-07 15:28:03] have_double_effect_times: 0 , is_activating_double_effect: 0 , already_activate_double_effect_times: 0
[2026-07-07 15:28:03] Sent map info: [[7.515655517578125, 10.064990043640137], [9.611330032348633, 7.796888828277588], [2.39681, 2.36], [15.849568367004395, 1.3441680669784546], [0.5, 14.5], [2.39681, 2.36], [19.813395500183105, 8.563713073730469], [23.23671054840088, 6.140657901763916], [19.358509063720703, 12.197373390197754], [20.750433921813965, 7.004263401031494], [27.5, 0.5], [12.834596633911133, 8.493278503417969]]
[2026-07-07 15:28:03] Sent map infos: [[7.515655517578125, 10.064990043640137], [9.611330032348633, 7.796888828277588], [2.39681, 2.36], [15.849568367004395, 1.3441680669784546], [0.5, 14.5], [2.39681, 2.36], [19.813395500183105, 8.563713073730469], [23.23671054840088, 6.140657901763916], [19.358509063720703, 12.197373390197754], [20.750433921813965, 7.004263401031494], [27.5, 0.5], [12.834596633911133, 8.493278503417969]]
[2026-07-07 15:28:04] update time left272
[2026-07-07 15:28:04] Marked situation: [0, 0, 0, 0, 0, 0, 0]
[2026-07-07 15:28:04] have_double_effect_times: 0 , is_activating_double_effect: 0 , already_activate_double_effect_times: 0
[2026-07-07 15:28:04] Marked situation: [0, 0, 0, 0, 0, 0, 0]
[2026-07-07 15:28:04] have_double_effect_times: 0 , is_activating_double_effect: 0 , already_activate_double_effect_times: 0
[2026-07-07 15:28:04] Sent map info: [[7.484794616699219, 10.066826820373535], [9.909950256347656, 7.7501420974731445], [2.39681, 2.36], [15.751115798950195, 0], [0.5, 14.5], [2.39681, 2.36], [19.813395500183105, 8.563713073730469], [23.23671054840088, 6.140657901763916], [19.358509063720703, 12.197373390197754], [20.76802349090576, 6.9883270263671875], [27.5, 0.5], [12.898355484008789, 8.510918617248535]]
[2026-07-07 15:28:04] Sent map infos: [[7.484794616699219, 10.066826820373535], [9.909950256347656, 7.7501420974731445], [2.39681, 2.36], [15.751115798950195, 0], [0.5, 14.5], [2.39681, 2.36], [19.813395500183105, 8.563713073730469], [23.23671054840088, 6.140657901763916], [19.358509063720703, 12.197373390197754], [20.76802349090576, 6.9883270263671875], [27.5, 0.5], [12.898355484008789, 8.510918617248535]]
[2026-07-07 15:28:04] Marked situation: [0, 0, 0, 0, 0, 0, 0]
[2026-07-07 15:28:04] have_double_effect_times: 0 , is_activating_double_effect: 0 , already_activate_double_effect_times: 0
[2026-07-07 15:28:04] Marked situation: [0, 0, 0, 0, 0, 0, 0]
[2026-07-07 15:28:04] have_double_effect_times: 0 , is_activating_double_effect: 0 , already_activate_double_effect_times: 0
[2026-07-07 15:28:04] Sent map info: [[7.485647201538086, 10.065715789794922], [10.256877899169922, 7.775897979736328], [2.39681, 2.36], [14.797344207763672, 0], [0.5, 14.5], [2.39681, 2.36], [19.813395500183105, 8.563713073730469], [23.23671054840088, 6.140657901763916], [19.358509063720703, 12.197373390197754], [20.753021717071533, 7.001918792724609], [27.5, 0.5], [12.897103309631348, 8.512304306030273]]
[2026-07-07 15:28:04] Sent map infos: [[7.485647201538086, 10.065715789794922], [10.256877899169922, 7.775897979736328], [2.39681, 2.36], [14.797344207763672, 0], [0.5, 14.5], [2.39681, 2.36], [19.813395500183105, 8.563713073730469], [23.23671054840088, 6.140657901763916], [19.358509063720703, 12.197373390197754], [20.753021717071533, 7.001918792724609], [27.5, 0.5], [12.897103309631348, 8.512304306030273]]
[2026-07-07 15:28:04] Marked situation: [0, 0, 0, 0, 0, 0, 0]
[2026-07-07 15:28:04] have_double_effect_times: 0 , is_activating_double_effect: 0 , already_activate_double_effect_times: 0
[2026-07-07 15:28:05] update time left271
[2026-07-07 15:28:05] Marked situation: [0, 0, 0, 0, 0, 0, 0]
[2026-07-07 15:28:05] have_double_effect_times: 0 , is_activating_double_effect: 0 , already_activate_double_effect_times: 0
[2026-07-07 15:28:05] Sent map info: [[7.484607696533203, 10.067069053649902], [10.964754104614258, 7.838979721069336], [2.39681, 2.36], [13.39979362487793, 0], [0.5, 14.5], [2.39681, 2.36], [19.813395500183105, 8.563713073730469], [23.23671054840088, 6.140657901763916], [19.358509063720703, 12.197373390197754], [20.71251916885376, 6.986327171325684], [27.5, 0.5], [12.897103309631348, 8.512304306030273]]
[2026-07-07 15:28:05] Sent map infos: [[7.484607696533203, 10.067069053649902], [10.964754104614258, 7.838979721069336], [2.39681, 2.36], [13.39979362487793, 0], [0.5, 14.5], [2.39681, 2.36], [19.813395500183105, 8.563713073730469], [23.23671054840088, 6.140657901763916], [19.358509063720703, 12.197373390197754], [20.71251916885376, 6.986327171325684], [27.5, 0.5], [12.897103309631348, 8.512304306030273]]
[2026-07-07 15:28:05] Marked situation: [0, 0, 0, 0, 0, 0, 0]
[2026-07-07 15:28:05] have_double_effect_times: 0 , is_activating_double_effect: 0 , already_activate_double_effect_times: 0
[2026-07-07 15:28:05] Marked situation: [0, 0, 0, 0, 0, 0, 0]
[2026-07-07 15:28:05] have_double_effect_times: 0 , is_activating_double_effect: 0 , already_activate_double_effect_times: 0
[2026-07-07 15:28:05] Sent map info: [[7.488742828369141, 10.06167984008789], [11.27397346496582, 7.852368354797363], [2.39681, 2.36], [12.929240226745605, 0], [0.5, 14.5], [2.39681, 2.36], [19.813395500183105, 8.563713073730469], [23.23671054840088, 6.140657901763916], [19.358509063720703, 12.197373390197754], [20.768030166625977, 6.988321304321289], [27.5, 0.5], [12.897103309631348, 8.512304306030273]]
[2026-07-07 15:28:05] Sent map infos: [[7.488742828369141, 10.06167984008789], [11.27397346496582, 7.852368354797363], [2.39681, 2.36], [12.929240226745605, 0], [0.5, 14.5], [2.39681, 2.36], [19.813395500183105, 8.563713073730469], [23.23671054840088, 6.140657901763916], [19.358509063720703, 12.197373390197754], [20.768030166625977, 6.988321304321289], [27.5, 0.5], [12.897103309631348, 8.512304306030273]]
[2026-07-07 15:28:05] Marked situation: [0, 0, 0, 0, 0, 0, 0]
[2026-07-07 15:28:05] have_double_effect_times: 0 , is_activating_double_effect: 0 , already_activate_double_effect_times: 0
[2026-07-07 15:28:05] Marked situation: [0, 0, 0, 0, 0, 0, 0]
[2026-07-07 15:28:05] have_double_effect_times: 0 , is_activating_double_effect: 0 , already_activate_double_effect_times: 0
[2026-07-07 15:28:05] Sent map info: [[7.489938735961914, 10.060120582580566], [11.033561706542969, 7.841237545013428], [2.39681, 2.36], [13.766003608703613, 0], [0.5, 14.5], [2.39681, 2.36], [19.813395500183105, 8.563713073730469], [23.23671054840088, 6.140657901763916], [19.358509063720703, 12.197373390197754], [20.715774536132812, 6.983373165130615], [27.5, 0.5], [12.897103309631348, 8.512304306030273]]
[2026-07-07 15:28:05] Sent map infos: [[7.489938735961914, 10.060120582580566], [11.033561706542969, 7.841237545013428], [2.39681, 2.36], [13.766003608703613, 0], [0.5, 14.5], [2.39681, 2.36], [19.813395500183105, 8.563713073730469], [23.23671054840088, 6.140657901763916], [19.358509063720703, 12.197373390197754], [20.715774536132812, 6.983373165130615], [27.5, 0.5], [12.897103309631348, 8.512304306030273]]
[2026-07-07 15:28:06] update time left270
[2026-07-07 15:28:06] Marked situation: [0, 0, 0, 0, 0, 0, 0]
[2026-07-07 15:28:06] have_double_effect_times: 0 , is_activating_double_effect: 0 , already_activate_double_effect_times: 0
[2026-07-07 15:28:06] Marked situation: [0, 0, 0, 0, 0, 0, 0]
[2026-07-07 15:28:06] have_double_effect_times: 0 , is_activating_double_effect: 0 , already_activate_double_effect_times: 0
[2026-07-07 15:28:06] Sent map info: [[7.510124206542969, 10.072187423706055], [12.149636268615723, 7.7309064865112305], [2.39681, 2.36], [15.01788330078125, 0], [0.5, 14.5], [2.39681, 2.36], [19.813395500183105, 8.563713073730469], [23.23671054840088, 6.140657901763916], [19.358509063720703, 12.197373390197754], [20.778330326080322, 6.978989601135254], [27.5, 0.5], [12.897103309631348, 8.512304306030273]]
[2026-07-07 15:28:06] Sent map infos: [[7.510124206542969, 10.072187423706055], [12.149636268615723, 7.7309064865112305], [2.39681, 2.36], [15.01788330078125, 0], [0.5, 14.5], [2.39681, 2.36], [19.813395500183105, 8.563713073730469], [23.23671054840088, 6.140657901763916], [19.358509063720703, 12.197373390197754], [20.778330326080322, 6.978989601135254], [27.5, 0.5], [12.897103309631348, 8.512304306030273]]
[2026-07-07 15:28:06] Marked situation: [0, 0, 0, 0, 0, 0, 0]
[2026-07-07 15:28:06] have_double_effect_times: 0 , is_activating_double_effect: 0 , already_activate_double_effect_times: 0
[2026-07-07 15:28:06] Marked situation: [0, 0, 0, 0, 0, 0, 0]
[2026-07-07 15:28:06] have_double_effect_times: 0 , is_activating_double_effect: 0 , already_activate_double_effect_times: 0
[2026-07-07 15:28:06] Sent map info: [[7.485435485839844, 10.065991401672363], [13.26091194152832, 7.705924034118652], [2.39681, 2.36], [16.04210090637207, 0.22603964805603027], [0.5, 14.5], [2.39681, 2.36], [19.813395500183105, 8.563713073730469], [23.23671054840088, 6.140657901763916], [19.358509063720703, 12.197373390197754], [20.82816982269287, 6.986260414123535], [27.5, 0.5], [12.897103309631348, 8.512304306030273]]
[2026-07-07 15:28:06] Sent map infos: [[7.485435485839844, 10.065991401672363], [13.26091194152832, 7.705924034118652], [2.39681, 2.36], [16.04210090637207, 0.22603964805603027], [0.5, 14.5], [2.39681, 2.36], [19.813395500183105, 8.563713073730469], [23.23671054840088, 6.140657901763916], [19.358509063720703, 12.197373390197754], [20.82816982269287, 6.986260414123535], [27.5, 0.5], [12.897103309631348, 8.512304306030273]]
[2026-07-07 15:28:06] Marked situation: [0, 0, 0, 0, 0, 0, 0]
[2026-07-07 15:28:06] have_double_effect_times: 0 , is_activating_double_effect: 0 , already_activate_double_effect_times: 0
[2026-07-07 15:28:07] update time left269
[2026-07-07 15:28:07] Marked situation: [0, 0, 0, 0, 0, 0, 0]
[2026-07-07 15:28:07] have_double_effect_times: 0 , is_activating_double_effect: 0 , already_activate_double_effect_times: 0
[2026-07-07 15:28:07] Sent map info: [[7.509960174560547, 10.072402954101562], [13.56733226776123, 7.63483190536499], [2.39681, 2.36], [16.20029926300049, 0.4442816972732544], [0.5, 14.5], [2.39681, 2.36], [19.813395500183105, 8.563713073730469], [23.23671054840088, 6.140657901763916], [19.358509063720703, 12.197373390197754], [20.82701301574707, 6.987307071685791], [27.5, 0.5], [12.897103309631348, 8.512304306030273]]
[2026-07-07 15:28:07] Sent map infos: [[7.509960174560547, 10.072402954101562], [13.56733226776123, 7.63483190536499], [2.39681, 2.36], [16.20029926300049, 0.4442816972732544], [0.5, 14.5], [2.39681, 2.36], [19.813395500183105, 8.563713073730469], [23.23671054840088, 6.140657901763916], [19.358509063720703, 12.197373390197754], [20.82701301574707, 6.987307071685791], [27.5, 0.5], [12.897103309631348, 8.512304306030273]]
[2026-07-07 15:28:07] Marked situation: [0, 0, 0, 0, 0, 0, 0]
[2026-07-07 15:28:07] have_double_effect_times: 0 , is_activating_double_effect: 0 , already_activate_double_effect_times: 0
[2026-07-07 15:28:07] Marked situation: [0, 0, 0, 0, 0, 0, 0]
[2026-07-07 15:28:07] have_double_effect_times: 0 , is_activating_double_effect: 0 , already_activate_double_effect_times: 0
[2026-07-07 15:28:07] Sent map info: [[7.50938606262207, 10.073148727416992], [13.853437423706055, 7.9094743728637695], [2.39681, 2.36], [15.988321304321289, 1.0186221599578857], [0.5, 14.5], [1.3355693817138672, 4.374267101287842], [19.813395500183105, 8.563713073730469], [23.23671054840088, 6.140657901763916], [19.358509063720703, 12.197373390197754], [20.774909496307373, 6.982088565826416], [27.5, 0.5], [12.897103309631348, 8.512304306030273]]
[2026-07-07 15:28:07] Sent map infos: [[7.50938606262207, 10.073148727416992], [13.853437423706055, 7.9094743728637695], [2.39681, 2.36], [15.988321304321289, 1.0186221599578857], [0.5, 14.5], [1.3355693817138672, 4.374267101287842], [19.813395500183105, 8.563713073730469], [23.23671054840088, 6.140657901763916], [19.358509063720703, 12.197373390197754], [20.774909496307373, 6.982088565826416], [27.5, 0.5], [12.897103309631348, 8.512304306030273]]
[2026-07-07 15:28:07] Marked situation: [0, 0, 0, 0, 0, 0, 0]
[2026-07-07 15:28:07] have_double_effect_times: 0 , is_activating_double_effect: 0 , already_activate_double_effect_times: 0
[2026-07-07 15:28:07] Marked situation: [0, 0, 0, 0, 0, 0, 0]
[2026-07-07 15:28:07] have_double_effect_times: 0 , is_activating_double_effect: 0 , already_activate_double_effect_times: 0
[2026-07-07 15:28:07] Sent map info: [[7.479616165161133, 10.073576927185059], [13.791411399841309, 7.931811332702637], [2.39681, 2.36], [16.676321983337402, 1.5777736902236938], [0.5, 14.5], [3.8649349212646484, 4.712587833404541], [19.813395500183105, 8.563713073730469], [23.23671054840088, 6.140657901763916], [19.358509063720703, 12.197373390197754], [20.718751430511475, 6.9806718826293945], [27.5, 0.5], [12.897103309631348, 8.512304306030273]]
[2026-07-07 15:28:07] Sent map infos: [[7.479616165161133, 10.073576927185059], [13.791411399841309, 7.931811332702637], [2.39681, 2.36], [16.676321983337402, 1.5777736902236938], [0.5, 14.5], [3.8649349212646484, 4.712587833404541], [19.813395500183105, 8.563713073730469], [23.23671054840088, 6.140657901763916], [19.358509063720703, 12.197373390197754], [20.718751430511475, 6.9806718826293945], [27.5, 0.5], [12.897103309631348, 8.512304306030273]]
[2026-07-07 15:28:08] update time left268
[2026-07-07 15:28:08] Marked situation: [0, 0, 0, 0, 0, 0, 0]
[2026-07-07 15:28:08] have_double_effect_times: 0 , is_activating_double_effect: 0 , already_activate_double_effect_times: 0
[2026-07-07 15:28:08] Marked situation: [0, 0, 0, 0, 0, 0, 0]
[2026-07-07 15:28:08] have_double_effect_times: 0 , is_activating_double_effect: 0 , already_activate_double_effect_times: 0
[2026-07-07 15:28:08] Sent map info: [[7.487735748291016, 10.062992095947266], [14.39936351776123, 7.5910444259643555], [2.39681, 2.36], [16.967257499694824, 1.9076910018920898], [0.5, 14.5], [5.9898223876953125, 5.06532096862793], [19.813395500183105, 8.563713073730469], [23.23671054840088, 6.140657901763916], [19.358509063720703, 12.197373390197754], [20.771331310272217, 6.985330104827881], [27.5, 0.5], [12.897103309631348, 8.512304306030273]]
[2026-07-07 15:28:08] Sent map infos: [[7.487735748291016, 10.062992095947266], [14.39936351776123, 7.5910444259643555], [2.39681, 2.36], [16.967257499694824, 1.9076910018920898], [0.5, 14.5], [5.9898223876953125, 5.06532096862793], [19.813395500183105, 8.563713073730469], [23.23671054840088, 6.140657901763916], [19.358509063720703, 12.197373390197754], [20.771331310272217, 6.985330104827881], [27.5, 0.5], [12.897103309631348, 8.512304306030273]]
[2026-07-07 15:28:08] Marked situation: [0, 0, 0, 0, 0, 0, 0]
[2026-07-07 15:28:08] have_double_effect_times: 0 , is_activating_double_effect: 0 , already_activate_double_effect_times: 0
[2026-07-07 15:28:08] Marked situation: [0, 0, 0, 0, 0, 0, 0]
[2026-07-07 15:28:08] have_double_effect_times: 0 , is_activating_double_effect: 0 , already_activate_double_effect_times: 0
[2026-07-07 15:28:08] Sent map info: [[7.50566291809082, 10.077997207641602], [14.35718822479248, 7.5906081199646], [2.39681, 2.36], [17.00115394592285, 2.3340671062469482], [0.5, 14.5], [7.152557373046875, 4.9681878089904785], [19.813395500183105, 8.563713073730469], [23.23671054840088, 6.140657901763916], [19.358509063720703, 12.197373390197754], [20.78385639190674, 6.973982810974121], [27.5, 0.5], [12.897103309631348, 8.512304306030273]]
[2026-07-07 15:28:08] Sent map infos: [[7.50566291809082, 10.077997207641602], [14.35718822479248, 7.5906081199646], [2.39681, 2.36], [17.00115394592285, 2.3340671062469482], [0.5, 14.5], [7.152557373046875, 4.9681878089904785], [19.813395500183105, 8.563713073730469], [23.23671054840088, 6.140657901763916], [19.358509063720703, 12.197373390197754], [20.78385639190674, 6.973982810974121], [27.5, 0.5], [12.897103309631348, 8.512304306030273]]
[2026-07-07 15:28:08] Marked situation: [0, 0, 0, 0, 0, 0, 0]
[2026-07-07 15:28:08] have_double_effect_times: 0 , is_activating_double_effect: 0 , already_activate_double_effect_times: 0
[2026-07-07 15:28:09] update time left267
[2026-07-07 15:28:09] Marked situation: [0, 0, 0, 0, 0, 0, 0]
[2026-07-07 15:28:09] have_double_effect_times: 0 , is_activating_double_effect: 0 , already_activate_double_effect_times: 0
[2026-07-07 15:28:09] Sent map info: [[7.486040115356445, 10.065202713012695], [14.123749732971191, 7.751977920532227], [2.39681, 2.36], [17.46800136566162, 2.7316794395446777], [0.5, 14.5], [7.260890960693359, 4.965892791748047], [19.813395500183105, 8.563713073730469], [23.23671054840088, 6.140657901763916], [19.358509063720703, 12.197373390197754], [20.82739782333374, 6.986958980560303], [27.5, 0.5], [12.897103309631348, 8.512304306030273]]
[2026-07-07 15:28:09] Sent map infos: [[7.486040115356445, 10.065202713012695], [14.123749732971191, 7.751977920532227], [2.39681, 2.36], [17.46800136566162, 2.7316794395446777], [0.5, 14.5], [7.260890960693359, 4.965892791748047], [19.813395500183105, 8.563713073730469], [23.23671054840088, 6.140657901763916], [19.358509063720703, 12.197373390197754], [20.82739782333374, 6.986958980560303], [27.5, 0.5], [12.897103309631348, 8.512304306030273]]
[2026-07-07 15:28:09] Marked situation: [0, 0, 0, 0, 0, 0, 0]
[2026-07-07 15:28:09] have_double_effect_times: 0 , is_activating_double_effect: 0 , already_activate_double_effect_times: 0
[2026-07-07 15:28:09] Marked situation: [0, 0, 0, 0, 0, 0, 0]
[2026-07-07 15:28:09] have_double_effect_times: 0 , is_activating_double_effect: 0 , already_activate_double_effect_times: 0
[2026-07-07 15:28:09] Sent map info: [[7.483953475952148, 10.067923545837402], [14.127725601196289, 7.747659683227539], [2.39681, 2.36], [17.46800136566162, 2.7316794395446777], [0.5, 14.5], [7.150876998901367, 4.970797061920166], [19.813395500183105, 8.563713073730469], [23.23671054840088, 6.140657901763916], [19.358509063720703, 12.197373390197754], [20.777482986450195, 6.979757308959961], [27.5, 0.5], [12.897103309631348, 8.512304306030273]]
[2026-07-07 15:28:09] Sent map infos: [[7.483953475952148, 10.067923545837402], [14.127725601196289, 7.747659683227539], [2.39681, 2.36], [17.46800136566162, 2.7316794395446777], [0.5, 14.5], [7.150876998901367, 4.970797061920166], [19.813395500183105, 8.563713073730469], [23.23671054840088, 6.140657901763916], [19.358509063720703, 12.197373390197754], [20.777482986450195, 6.979757308959961], [27.5, 0.5], [12.897103309631348, 8.512304306030273]]
[2026-07-07 15:28:09] Marked situation: [0, 0, 0, 0, 0, 0, 0]
[2026-07-07 15:28:09] have_double_effect_times: 0 , is_activating_double_effect: 0 , already_activate_double_effect_times: 0
[2026-07-07 15:28:09] Marked situation: [0, 0, 0, 0, 0, 0, 0]
[2026-07-07 15:28:09] have_double_effect_times: 0 , is_activating_double_effect: 0 , already_activate_double_effect_times: 0
[2026-07-07 15:28:09] Sent map info: [[7.488960266113281, 10.061395645141602], [14.258679389953613, 7.697292327880859], [2.39681, 2.36], [16.958433151245117, 4.3714728355407715], [0.5, 14.5], [7.239458084106445, 4.99900484085083], [19.813395500183105, 8.563713073730469], [23.23671054840088, 6.140657901763916], [19.358509063720703, 12.197373390197754], [20.762478351593018, 6.993350982666016], [27.5, 0.5], [12.897103309631348, 8.512304306030273]]
[2026-07-07 15:28:09] Sent map infos: [[7.488960266113281, 10.061395645141602], [14.258679389953613, 7.697292327880859], [2.39681, 2.36], [16.958433151245117, 4.3714728355407715], [0.5, 14.5], [7.239458084106445, 4.99900484085083], [19.813395500183105, 8.563713073730469], [23.23671054840088, 6.140657901763916], [19.358509063720703, 12.197373390197754], [20.762478351593018, 6.993350982666016], [27.5, 0.5], [12.897103309631348, 8.512304306030273]]
[2026-07-07 15:28:10] update time left266
[2026-07-07 15:28:10] Marked situation: [0, 0, 0, 0, 0, 0, 0]
[2026-07-07 15:28:10] have_double_effect_times: 0 , is_activating_double_effect: 0 , already_activate_double_effect_times: 0
[2026-07-07 15:28:10] Marked situation: [0, 0, 0, 0, 0, 0, 0]
[2026-07-07 15:28:10] have_double_effect_times: 0 , is_activating_double_effect: 0 , already_activate_double_effect_times: 0
[2026-07-07 15:28:10] Sent map info: [[7.486150741577148, 10.065058708190918], [14.308661460876465, 7.689131259918213], [2.39681, 2.36], [16.6643648147583, 5.339956760406494], [0.5, 14.5], [7.150867462158203, 4.970810890197754], [19.813395500183105, 8.563713073730469], [23.23671054840088, 6.140657901763916], [19.358509063720703, 12.197373390197754], [20.83435869216919, 6.980662822723389], [27.5, 0.5], [12.897103309631348, 8.512304306030273]]
[2026-07-07 15:28:10] Sent map infos: [[7.486150741577148, 10.065058708190918], [14.308661460876465, 7.689131259918213], [2.39681, 2.36], [16.6643648147583, 5.339956760406494], [0.5, 14.5], [7.150867462158203, 4.970810890197754], [19.813395500183105, 8.563713073730469], [23.23671054840088, 6.140657901763916], [19.358509063720703, 12.197373390197754], [20.83435869216919, 6.980662822723389], [27.5, 0.5], [12.897103309631348, 8.512304306030273]]
[2026-07-07 15:28:10] Marked situation: [0, 0, 0, 0, 0, 0, 0]
[2026-07-07 15:28:10] have_double_effect_times: 0 , is_activating_double_effect: 0 , already_activate_double_effect_times: 0
[2026-07-07 15:28:10] Marked situation: [0, 0, 0, 0, 0, 0, 0]
[2026-07-07 15:28:10] have_double_effect_times: 0 , is_activating_double_effect: 0 , already_activate_double_effect_times: 0
[2026-07-07 15:28:10] Sent map info: [[7.511077880859375, 10.070947647094727], [14.103920936584473, 7.773514270782471], [2.39681, 2.36], [16.970372200012207, 6.153079032897949], [0.5, 14.5], [7.14643669128418, 4.977689743041992], [19.813395500183105, 8.563713073730469], [23.23671054840088, 6.140657901763916], [19.358509063720703, 12.197373390197754], [20.823694229125977, 6.99030876159668], [27.5, 0.5], [12.897103309631348, 8.512304306030273]]
[2026-07-07 15:28:10] Sent map infos: [[7.511077880859375, 10.070947647094727], [14.103920936584473, 7.773514270782471], [2.39681, 2.36], [16.970372200012207, 6.153079032897949], [0.5, 14.5], [7.14643669128418, 4.977689743041992], [19.813395500183105, 8.563713073730469], [23.23671054840088, 6.140657901763916], [19.358509063720703, 12.197373390197754], [20.823694229125977, 6.99030876159668], [27.5, 0.5], [12.897103309631348, 8.512304306030273]]
[2026-07-07 15:28:10] Marked situation: [0, 0, 0, 0, 0, 0, 0]
[2026-07-07 15:28:10] have_double_effect_times: 0 , is_activating_double_effect: 0 , already_activate_double_effect_times: 0
[2026-07-07 15:28:11] update time left265
[2026-07-07 15:28:11] Marked situation: [0, 0, 0, 0, 0, 0, 0]
[2026-07-07 15:28:11] have_double_effect_times: 0 , is_activating_double_effect: 0 , already_activate_double_effect_times: 0
[2026-07-07 15:28:11] Sent map info: [[7.483942031860352, 10.067937850952148], [14.125330924987793, 7.704495906829834], [2.39681, 2.36], [18.025273323059082, 5.86771297454834], [0.5, 14.5], [7.185426712036133, 4.999878406524658], [19.813395500183105, 8.563713073730469], [23.23671054840088, 6.140657901763916], [19.358509063720703, 12.197373390197754], [20.77604103088379, 6.981063365936279], [27.5, 0.5], [12.897103309631348, 8.512304306030273]]
[2026-07-07 15:28:11] Sent map infos: [[7.483942031860352, 10.067937850952148], [14.125330924987793, 7.704495906829834], [2.39681, 2.36], [18.025273323059082, 5.86771297454834], [0.5, 14.5], [7.185426712036133, 4.999878406524658], [19.813395500183105, 8.563713073730469], [23.23671054840088, 6.140657901763916], [19.358509063720703, 12.197373390197754], [20.77604103088379, 6.981063365936279], [27.5, 0.5], [12.897103309631348, 8.512304306030273]]
[2026-07-07 15:28:11] Marked situation: [0, 0, 0, 0, 0, 0, 0]
[2026-07-07 15:28:11] have_double_effect_times: 0 , is_activating_double_effect: 0 , already_activate_double_effect_times: 0
[2026-07-07 15:28:11] Marked situation: [0, 0, 0, 0, 0, 0, 0]
[2026-07-07 15:28:11] have_double_effect_times: 0 , is_activating_double_effect: 0 , already_activate_double_effect_times: 0
[2026-07-07 15:28:11] Sent map info: [[7.482328414916992, 10.070040702819824], [14.182926177978516, 7.779331684112549], [2.39681, 2.36], [19.101326942443848, 5.708383083343506], [0.5, 14.5], [7.120296478271484, 4.976994514465332], [19.813395500183105, 8.563713073730469], [23.23671054840088, 6.140657901763916], [19.358509063720703, 12.197373390197754], [20.7575044631958, 6.997857570648193], [27.5, 0.5], [12.897103309631348, 8.512304306030273]]
[2026-07-07 15:28:11] Sent map infos: [[7.482328414916992, 10.070040702819824], [14.182926177978516, 7.779331684112549], [2.39681, 2.36], [19.101326942443848, 5.708383083343506], [0.5, 14.5], [7.120296478271484, 4.976994514465332], [19.813395500183105, 8.563713073730469], [23.23671054840088, 6.140657901763916], [19.358509063720703, 12.197373390197754], [20.7575044631958, 6.997857570648193], [27.5, 0.5], [12.897103309631348, 8.512304306030273]]
[2026-07-07 15:28:11] Marked situation: [0, 0, 0, 0, 0, 0, 0]
[2026-07-07 15:28:11] have_double_effect_times: 0 , is_activating_double_effect: 0 , already_activate_double_effect_times: 0
[2026-07-07 15:28:11] Marked situation: [0, 0, 0, 0, 0, 0, 0]
[2026-07-07 15:28:11] have_double_effect_times: 0 , is_activating_double_effect: 0 , already_activate_double_effect_times: 0
[2026-07-07 15:28:11] Sent map info: [[7.48505973815918, 10.066481590270996], [14.174522399902344, 7.834191799163818], [2.39681, 2.36], [19.184401512145996, 5.781219482421875], [0.5, 14.5], [7.163610458374023, 4.992359161376953], [19.813395500183105, 8.563713073730469], [23.23671054840088, 6.140657901763916], [19.358509063720703, 12.197373390197754], [20.77134084701538, 6.985321998596191], [27.5, 0.5], [12.897103309631348, 8.512304306030273]]
[2026-07-07 15:28:11] Sent map infos: [[7.48505973815918, 10.066481590270996], [14.174522399902344, 7.834191799163818], [2.39681, 2.36], [19.184401512145996, 5.781219482421875], [0.5, 14.5], [7.163610458374023, 4.992359161376953], [19.813395500183105, 8.563713073730469], [23.23671054840088, 6.140657901763916], [19.358509063720703, 12.197373390197754], [20.77134084701538, 6.985321998596191], [27.5, 0.5], [12.897103309631348, 8.512304306030273]]
[2026-07-07 15:28:12] update time left264
[2026-07-07 15:28:12] Marked situation: [0, 0, 0, 0, 0, 0, 0]
[2026-07-07 15:28:12] have_double_effect_times: 0 , is_activating_double_effect: 0 , already_activate_double_effect_times: 0
[2026-07-07 15:28:12] Marked situation: [0, 0, 0, 0, 0, 0, 0]
[2026-07-07 15:28:12] have_double_effect_times: 0 , is_activating_double_effect: 0 , already_activate_double_effect_times: 0
[2026-07-07 15:28:12] Sent map info: [[7.48426628112793, 10.067514419555664], [14.151409149169922, 7.767714500427246], [2.39681, 2.36], [19.244369506835938, 5.825549125671387], [0.5, 14.5], [7.186912536621094, 4.997575283050537], [19.813395500183105, 8.563713073730469], [22.15326499938965, 8.095714569091797], [19.358509063720703, 12.197373390197754], [20.767481803894043, 6.988818168640137], [27.5, 0.5], [12.897103309631348, 8.512304306030273]]
[2026-07-07 15:28:12] Sent map infos: [[7.48426628112793, 10.067514419555664], [14.151409149169922, 7.767714500427246], [2.39681, 2.36], [19.244369506835938, 5.825549125671387], [0.5, 14.5], [7.186912536621094, 4.997575283050537], [19.813395500183105, 8.563713073730469], [22.15326499938965, 8.095714569091797], [19.358509063720703, 12.197373390197754], [20.767481803894043, 6.988818168640137], [27.5, 0.5], [12.897103309631348, 8.512304306030273]]
[2026-07-07 15:28:12] Marked situation: [0, 0, 0, 0, 0, 0, 0]
[2026-07-07 15:28:12] have_double_effect_times: 0 , is_activating_double_effect: 0 , already_activate_double_effect_times: 0
[2026-07-07 15:28:12] Marked situation: [0, 0, 0, 0, 0, 0, 0]
[2026-07-07 15:28:12] have_double_effect_times: 0 , is_activating_double_effect: 0 , already_activate_double_effect_times: 0
[2026-07-07 15:28:12] Sent map info: [[7.483556747436523, 10.068440437316895], [14.049552917480469, 7.741246700286865], [2.39681, 2.36], [19.24606227874756, 5.823890209197998], [0.5, 14.5], [7.167430877685547, 4.986438274383545], [19.813395500183105, 8.563713073730469], [22.277085304260254, 8.097716331481934], [19.358509063720703, 12.197373390197754], [20.777721405029297, 6.979541301727295], [27.5, 0.5], [12.897103309631348, 8.512304306030273]]
[2026-07-07 15:28:12] Sent map infos: [[7.483556747436523, 10.068440437316895], [14.049552917480469, 7.741246700286865], [2.39681, 2.36], [19.24606227874756, 5.823890209197998], [0.5, 14.5], [7.167430877685547, 4.986438274383545], [19.813395500183105, 8.563713073730469], [22.277085304260254, 8.097716331481934], [19.358509063720703, 12.197373390197754], [20.777721405029297, 6.979541301727295], [27.5, 0.5], [12.897103309631348, 8.512304306030273]]
[2026-07-07 15:28:12] Marked situation: [0, 0, 0, 0, 0, 0, 0]
[2026-07-07 15:28:12] have_double_effect_times: 0 , is_activating_double_effect: 0 , already_activate_double_effect_times: 0
[2026-07-07 15:28:13] update time left263
[2026-07-07 15:28:13] Marked situation: [0, 0, 0, 0, 0, 0, 0]
[2026-07-07 15:28:13] have_double_effect_times: 0 , is_activating_double_effect: 0 , already_activate_double_effect_times: 0
[2026-07-07 15:28:13] Sent map info: [[7.486366271972656, 10.064778327941895], [13.785721778869629, 7.892685413360596], [2.39681, 2.36], [19.25156593322754, 5.818495750427246], [0.5, 14.5], [7.203815460205078, 5.012750148773193], [19.813395500183105, 8.563713073730469], [22.27512216567993, 8.311626434326172], [19.358509063720703, 12.197373390197754], [20.772948265075684, 6.983865261077881], [27.5, 0.5], [12.897103309631348, 8.512304306030273]]
[2026-07-07 15:28:13] Sent map infos: [[7.486366271972656, 10.064778327941895], [13.785721778869629, 7.892685413360596], [2.39681, 2.36], [19.25156593322754, 5.818495750427246], [0.5, 14.5], [7.203815460205078, 5.012750148773193], [19.813395500183105, 8.563713073730469], [22.27512216567993, 8.311626434326172], [19.358509063720703, 12.197373390197754], [20.772948265075684, 6.983865261077881], [27.5, 0.5], [12.897103309631348, 8.512304306030273]]
[2026-07-07 15:28:13] Marked situation: [0, 0, 0, 0, 0, 0, 0]
[2026-07-07 15:28:13] have_double_effect_times: 0 , is_activating_double_effect: 0 , already_activate_double_effect_times: 0
[2026-07-07 15:28:13] Marked situation: [0, 0, 0, 0, 0, 0, 0]
[2026-07-07 15:28:13] have_double_effect_times: 0 , is_activating_double_effect: 0 , already_activate_double_effect_times: 0
[2026-07-07 15:28:13] Sent map info: [[7.48701286315918, 10.063934326171875], [13.827425003051758, 7.892469882965088], [2.39681, 2.36], [19.154294967651367, 5.862341403961182], [0.5, 14.5], [7.1331939697265625, 4.9982500076293945], [19.813395500183105, 8.563713073730469], [22.366943836212158, 8.394319534301758], [19.358509063720703, 12.197373390197754], [20.76578950881958, 6.99035120010376], [27.5, 0.5], [12.897103309631348, 8.512304306030273]]
[2026-07-07 15:28:13] Sent map infos: [[7.48701286315918, 10.063934326171875], [13.827425003051758, 7.892469882965088], [2.39681, 2.36], [19.154294967651367, 5.862341403961182], [0.5, 14.5], [7.1331939697265625, 4.9982500076293945], [19.813395500183105, 8.563713073730469], [22.366943836212158, 8.394319534301758], [19.358509063720703, 12.197373390197754], [20.76578950881958, 6.99035120010376], [27.5, 0.5], [12.897103309631348, 8.512304306030273]]
[2026-07-07 15:28:13] Marked situation: [0, 0, 0, 0, 0, 0, 0]
[2026-07-07 15:28:13] have_double_effect_times: 0 , is_activating_double_effect: 0 , already_activate_double_effect_times: 0
[2026-07-07 15:28:13] Marked situation: [0, 0, 0, 0, 0, 0, 0]
[2026-07-07 15:28:13] have_double_effect_times: 0 , is_activating_double_effect: 0 , already_activate_double_effect_times: 0
[2026-07-07 15:28:13] Sent map info: [[7.485692977905273, 10.065656661987305], [13.84211254119873, 7.876425743103027], [2.39681, 2.36], [19.31190013885498, 5.862728595733643], [0.5, 14.5], [7.130939483642578, 5.001749515533447], [19.813395500183105, 8.563713073730469], [19.480481147766113, 8.457114219665527], [19.358509063720703, 12.197373390197754], [20.77254629135132, 6.984229564666748], [27.5, 0.5], [12.897103309631348, 8.512304306030273]]
[2026-07-07 15:28:13] Sent map infos: [[7.485692977905273, 10.065656661987305], [13.84211254119873, 7.876425743103027], [2.39681, 2.36], [19.31190013885498, 5.862728595733643], [0.5, 14.5], [7.130939483642578, 5.001749515533447], [19.813395500183105, 8.563713073730469], [19.480481147766113, 8.457114219665527], [19.358509063720703, 12.197373390197754], [20.77254629135132, 6.984229564666748], [27.5, 0.5], [12.897103309631348, 8.512304306030273]]
[2026-07-07 15:28:14] update time left262
[2026-07-07 15:28:14] Marked situation: [0, 0, 0, 0, 0, 0, 0]
[2026-07-07 15:28:14] have_double_effect_times: 0 , is_activating_double_effect: 0 , already_activate_double_effect_times: 0
[2026-07-07 15:28:14] Marked situation: [0, 0, 0, 0, 0, 0, 0]
[2026-07-07 15:28:14] have_double_effect_times: 0 , is_activating_double_effect: 0 , already_activate_double_effect_times: 0
[2026-07-07 15:28:14] Sent map info: [[7.486658096313477, 10.064397811889648], [13.739649772644043, 7.897791862487793], [2.39681, 2.36], [18.698925018310547, 6.461680889129639], [0.5, 14.5], [7.216514587402344, 5.03445291519165], [19.813395500183105, 8.563713073730469], [22.478597164154053, 8.779272079467773], [19.358509063720703, 12.197373390197754], [20.826658725738525, 6.9876275062561035], [27.5, 0.5], [12.897103309631348, 8.512304306030273]]
[2026-07-07 15:28:14] Sent map infos: [[7.486658096313477, 10.064397811889648], [13.739649772644043, 7.897791862487793], [2.39681, 2.36], [18.698925018310547, 6.461680889129639], [0.5, 14.5], [7.216514587402344, 5.03445291519165], [19.813395500183105, 8.563713073730469], [22.478597164154053, 8.779272079467773], [19.358509063720703, 12.197373390197754], [20.826658725738525, 6.9876275062561035], [27.5, 0.5], [12.897103309631348, 8.512304306030273]]
[2026-07-07 15:28:14] Marked situation: [0, 0, 0, 0, 0, 0, 0]
[2026-07-07 15:28:14] have_double_effect_times: 0 , is_activating_double_effect: 0 , already_activate_double_effect_times: 0
[2026-07-07 15:28:14] Marked situation: [0, 0, 0, 0, 0, 0, 0]
[2026-07-07 15:28:14] have_double_effect_times: 0 , is_activating_double_effect: 0 , already_activate_double_effect_times: 0
[2026-07-07 15:28:14] Sent map info: [[7.483945846557617, 10.06793212890625], [13.698695182800293, 7.897401332855225], [2.39681, 2.36], [18.513602256774902, 6.894662380218506], [0.5, 14.5], [7.185342788696289, 5.000006198883057], [21.805022716522217, 8.9127779006958], [22.478597164154053, 8.779272079467773], [19.358509063720703, 12.197373390197754], [20.868340969085693, 7.002377986907959], [27.5, 0.5], [12.897103309631348, 8.512304306030273]]
[2026-07-07 15:28:14] Sent map infos: [[7.483945846557617, 10.06793212890625], [13.698695182800293, 7.897401332855225], [2.39681, 2.36], [18.513602256774902, 6.894662380218506], [0.5, 14.5], [7.185342788696289, 5.000006198883057], [21.805022716522217, 8.9127779006958], [22.478597164154053, 8.779272079467773], [19.358509063720703, 12.197373390197754], [20.868340969085693, 7.002377986907959], [27.5, 0.5], [12.897103309631348, 8.512304306030273]]
[2026-07-07 15:28:14] Marked situation: [0, 0, 0, 0, 0, 0, 0]
[2026-07-07 15:28:14] have_double_effect_times: 0 , is_activating_double_effect: 0 , already_activate_double_effect_times: 0
[2026-07-07 15:28:15] update time left261
[2026-07-07 15:28:15] Marked situation: [0, 0, 0, 0, 0, 0, 0]
[2026-07-07 15:28:15] have_double_effect_times: 0 , is_activating_double_effect: 0 , already_activate_double_effect_times: 0
[2026-07-07 15:28:15] Sent map info: [[7.484165191650391, 10.067647933959961], [13.747916221618652, 7.888735771179199], [2.39681, 2.36], [18.575242042541504, 6.784482479095459], [0.5, 14.5], [7.179685592651367, 5.008768081665039], [22.1900372505188, 8.541098594665527], [22.478597164154053, 8.779272079467773], [19.358509063720703, 12.197373390197754], [20.868340969085693, 7.002377986907959], [27.5, 0.5], [12.897103309631348, 8.512304306030273]]
[2026-07-07 15:28:15] Sent map infos: [[7.484165191650391, 10.067647933959961], [13.747916221618652, 7.888735771179199], [2.39681, 2.36], [18.575242042541504, 6.784482479095459], [0.5, 14.5], [7.179685592651367, 5.008768081665039], [22.1900372505188, 8.541098594665527], [22.478597164154053, 8.779272079467773], [19.358509063720703, 12.197373390197754], [20.868340969085693, 7.002377986907959], [27.5, 0.5], [12.897103309631348, 8.512304306030273]]
[2026-07-07 15:28:15] Marked situation: [0, 0, 0, 0, 0, 0, 0]
[2026-07-07 15:28:15] have_double_effect_times: 0 , is_activating_double_effect: 0 , already_activate_double_effect_times: 0
[2026-07-07 15:28:15] Marked situation: [0, 0, 0, 0, 0, 0, 0]
[2026-07-07 15:28:15] have_double_effect_times: 0 , is_activating_double_effect: 0 , already_activate_double_effect_times: 0
[2026-07-07 15:28:15] Sent map info: [[7.488580703735352, 10.06189250946045], [13.683591842651367, 7.913971424102783], [2.39681, 2.36], [18.264999389648438, 6.383400917053223], [0.5, 14.5], [7.170774459838867, 5.022570610046387], [22.19485092163086, 8.537105560302734], [22.478597164154053, 8.779272079467773], [19.358509063720703, 12.197373390197754], [20.868340969085693, 7.002377986907959], [27.5, 0.5], [12.897103309631348, 8.512304306030273]]
[2026-07-07 15:28:15] Sent map infos: [[7.488580703735352, 10.06189250946045], [13.683591842651367, 7.913971424102783], [2.39681, 2.36], [18.264999389648438, 6.383400917053223], [0.5, 14.5], [7.170774459838867, 5.022570610046387], [22.19485092163086, 8.537105560302734], [22.478597164154053, 8.779272079467773], [19.358509063720703, 12.197373390197754], [20.868340969085693, 7.002377986907959], [27.5, 0.5], [12.897103309631348, 8.512304306030273]]
[2026-07-07 15:28:15] Marked situation: [0, 0, 0, 0, 0, 0, 0]
[2026-07-07 15:28:15] have_double_effect_times: 0 , is_activating_double_effect: 0 , already_activate_double_effect_times: 0
[2026-07-07 15:28:15] Marked situation: [0, 0, 0, 0, 0, 0, 0]
[2026-07-07 15:28:15] have_double_effect_times: 0 , is_activating_double_effect: 0 , already_activate_double_effect_times: 0
[2026-07-07 15:28:15] Sent map info: [[7.485677719116211, 10.065675735473633], [13.694571495056152, 7.901925086975098], [2.39681, 2.36], [17.362736701965332, 5.043382167816162], [0.5, 14.5], [7.154167175292969, 5.007003307342529], [22.19485092163086, 8.537105560302734], [22.478597164154053, 8.779272079467773], [19.358509063720703, 12.197373390197754], [20.868340969085693, 7.002377986907959], [27.5, 0.5], [12.897103309631348, 8.512304306030273]]
[2026-07-07 15:28:15] Sent map infos: [[7.485677719116211, 10.065675735473633], [13.694571495056152, 7.901925086975098], [2.39681, 2.36], [17.362736701965332, 5.043382167816162], [0.5, 14.5], [7.154167175292969, 5.007003307342529], [22.19485092163086, 8.537105560302734], [22.478597164154053, 8.779272079467773], [19.358509063720703, 12.197373390197754], [20.868340969085693, 7.002377986907959], [27.5, 0.5], [12.897103309631348, 8.512304306030273]]
[2026-07-07 15:28:16] update time left260
[2026-07-07 15:28:16] Marked situation: [0, 0, 0, 0, 0, 0, 0]
[2026-07-07 15:28:16] have_double_effect_times: 0 , is_activating_double_effect: 0 , already_activate_double_effect_times: 0
[2026-07-07 15:28:16] Marked situation: [0, 0, 0, 0, 0, 0, 0]
[2026-07-07 15:28:16] have_double_effect_times: 0 , is_activating_double_effect: 0 , already_activate_double_effect_times: 0
[2026-07-07 15:28:16] Sent map info: [[7.510730743408203, 10.071399688720703], [13.729777336120605, 7.908607482910156], [2.39681, 2.36], [17.190529823303223, 4.522141456604004], [0.5, 14.5], [7.19697380065918, 5.023333549499512], [22.19485092163086, 8.537105560302734], [22.478597164154053, 8.779272079467773], [19.358509063720703, 12.197373390197754], [20.826866149902344, 6.9874396324157715], [27.5, 0.5], [12.897103309631348, 8.512304306030273]]
[2026-07-07 15:28:16] Sent map infos: [[7.510730743408203, 10.071399688720703], [13.729777336120605, 7.908607482910156], [2.39681, 2.36], [17.190529823303223, 4.522141456604004], [0.5, 14.5], [7.19697380065918, 5.023333549499512], [22.19485092163086, 8.537105560302734], [22.478597164154053, 8.779272079467773], [19.358509063720703, 12.197373390197754], [20.826866149902344, 6.9874396324157715], [27.5, 0.5], [12.897103309631348, 8.512304306030273]]
[2026-07-07 15:28:16] Marked situation: [0, 0, 0, 0, 0, 0, 0]
[2026-07-07 15:28:16] have_double_effect_times: 0 , is_activating_double_effect: 0 , already_activate_double_effect_times: 0
[2026-07-07 15:28:16] Marked situation: [0, 0, 0, 0, 0, 0, 0]
[2026-07-07 15:28:16] have_double_effect_times: 0 , is_activating_double_effect: 0 , already_activate_double_effect_times: 0
[2026-07-07 15:28:16] Sent map info: [[7.485107421875, 10.066418647766113], [13.69034481048584, 7.906562805175781], [2.39681, 2.36], [16.93792152404785, 4.09134578704834], [0.5, 14.5], [7.198942184448242, 5.020287036895752], [22.19485092163086, 8.537105560302734], [22.478597164154053, 8.779272079467773], [19.358509063720703, 12.197373390197754], [20.83733081817627, 6.977973937988281], [27.5, 0.5], [12.897103309631348, 8.512304306030273]]
[2026-07-07 15:28:16] Sent map infos: [[7.485107421875, 10.066418647766113], [13.69034481048584, 7.906562805175781], [2.39681, 2.36], [16.93792152404785, 4.09134578704834], [0.5, 14.5], [7.198942184448242, 5.020287036895752], [22.19485092163086, 8.537105560302734], [22.478597164154053, 8.779272079467773], [19.358509063720703, 12.197373390197754], [20.83733081817627, 6.977973937988281], [27.5, 0.5], [12.897103309631348, 8.512304306030273]]
[2026-07-07 15:28:16] Marked situation: [0, 0, 0, 0, 0, 0, 0]
[2026-07-07 15:28:16] have_double_effect_times: 0 , is_activating_double_effect: 0 , already_activate_double_effect_times: 0
[2026-07-07 15:28:17] update time left259
[2026-07-07 15:28:17] Marked situation: [0, 0, 0, 0, 0, 0, 0]
[2026-07-07 15:28:17] have_double_effect_times: 0 , is_activating_double_effect: 0 , already_activate_double_effect_times: 0
[2026-07-07 15:28:17] Sent map info: [[7.507804870605469, 10.07520866394043], [13.862000465393066, 7.078127384185791], [2.39681, 2.36], [16.7907657623291, 3.5975825786590576], [0.5, 14.5], [7.081035614013672, 4.996787071228027], [22.19485092163086, 8.537105560302734], [22.478597164154053, 8.779272079467773], [19.358509063720703, 12.197373390197754], [20.88902711868286, 6.983696937561035], [27.5, 0.5], [12.897103309631348, 8.512304306030273]]
[2026-07-07 15:28:17] Sent map infos: [[7.507804870605469, 10.07520866394043], [13.862000465393066, 7.078127384185791], [2.39681, 2.36], [16.7907657623291, 3.5975825786590576], [0.5, 14.5], [7.081035614013672, 4.996787071228027], [22.19485092163086, 8.537105560302734], [22.478597164154053, 8.779272079467773], [19.358509063720703, 12.197373390197754], [20.88902711868286, 6.983696937561035], [27.5, 0.5], [12.897103309631348, 8.512304306030273]]
[2026-07-07 15:28:17] Marked situation: [0, 0, 0, 0, 0, 0, 0]
[2026-07-07 15:28:17] have_double_effect_times: 0 , is_activating_double_effect: 0 , already_activate_double_effect_times: 0
[2026-07-07 15:28:17] Marked situation: [0, 0, 0, 0, 0, 0, 0]
[2026-07-07 15:28:17] have_double_effect_times: 0 , is_activating_double_effect: 0 , already_activate_double_effect_times: 0
[2026-07-07 15:28:17] Sent map info: [[7.484165191650391, 10.067647933959961], [14.781451225280762, 5.8117899894714355], [2.39681, 2.36], [16.841020584106445, 3.591768264770508], [0.5, 14.5], [7.1858062744140625, 5.040607452392578], [22.19485092163086, 8.537105560302734], [22.478597164154053, 8.779272079467773], [19.358509063720703, 12.197373390197754], [20.831336498260498, 6.983396053314209], [27.5, 0.5], [12.897103309631348, 8.512304306030273]]
[2026-07-07 15:28:17] Sent map infos: [[7.484165191650391, 10.067647933959961], [14.781451225280762, 5.8117899894714355], [2.39681, 2.36], [16.841020584106445, 3.591768264770508], [0.5, 14.5], [7.1858062744140625, 5.040607452392578], [22.19485092163086, 8.537105560302734], [22.478597164154053, 8.779272079467773], [19.358509063720703, 12.197373390197754], [20.831336498260498, 6.983396053314209], [27.5, 0.5], [12.897103309631348, 8.512304306030273]]
[2026-07-07 15:28:17] Marked situation: [0, 0, 0, 0, 0, 0, 0]
[2026-07-07 15:28:17] have_double_effect_times: 0 , is_activating_double_effect: 0 , already_activate_double_effect_times: 0
[2026-07-07 15:28:17] Marked situation: [0, 0, 0, 0, 0, 0, 0]
[2026-07-07 15:28:17] have_double_effect_times: 0 , is_activating_double_effect: 0 , already_activate_double_effect_times: 0
[2026-07-07 15:28:17] Sent map info: [[7.485572814941406, 10.065812110900879], [16.22054386138916, 4.933426856994629], [2.39681, 2.36], [15.430978775024414, 2.4642703533172607], [0.5, 14.5], [7.075960159301758, 5.004683494567871], [22.19485092163086, 8.537105560302734], [22.478597164154053, 8.779272079467773], [19.358509063720703, 12.197373390197754], [20.765441417694092, 6.99066686630249], [27.5, 0.5], [12.897103309631348, 8.512304306030273]]
[2026-07-07 15:28:17] Sent map infos: [[7.485572814941406, 10.065812110900879], [16.22054386138916, 4.933426856994629], [2.39681, 2.36], [15.430978775024414, 2.4642703533172607], [0.5, 14.5], [7.075960159301758, 5.004683494567871], [22.19485092163086, 8.537105560302734], [22.478597164154053, 8.779272079467773], [19.358509063720703, 12.197373390197754], [20.765441417694092, 6.99066686630249], [27.5, 0.5], [12.897103309631348, 8.512304306030273]]
[2026-07-07 15:28:18] update time left258
[2026-07-07 15:28:18] Marked situation: [0, 0, 0, 0, 0, 0, 0]
[2026-07-07 15:28:18] have_double_effect_times: 0 , is_activating_double_effect: 0 , already_activate_double_effect_times: 0
[2026-07-07 15:28:18] Marked situation: [0, 0, 0, 0, 0, 0, 0]
[2026-07-07 15:28:18] have_double_effect_times: 0 , is_activating_double_effect: 0 , already_activate_double_effect_times: 0
[2026-07-07 15:28:18] Sent map info: [[7.477695465087891, 10.076080322265625], [17.14077663421631, 3.6635658740997314], [2.39681, 2.36], [14.95944881439209, 1.4908108711242676], [0.5, 14.5], [7.189159393310547, 5.035419464111328], [22.19485092163086, 8.537105560302734], [22.478597164154053, 8.779272079467773], [19.358509063720703, 12.197373390197754], [20.768014430999756, 6.988335609436035], [27.5, 0.5], [12.897103309631348, 8.512304306030273]]
[2026-07-07 15:28:18] Sent map infos: [[7.477695465087891, 10.076080322265625], [17.14077663421631, 3.6635658740997314], [2.39681, 2.36], [14.95944881439209, 1.4908108711242676], [0.5, 14.5], [7.189159393310547, 5.035419464111328], [22.19485092163086, 8.537105560302734], [22.478597164154053, 8.779272079467773], [19.358509063720703, 12.197373390197754], [20.768014430999756, 6.988335609436035], [27.5, 0.5], [12.897103309631348, 8.512304306030273]]
[2026-07-07 15:28:18] Marked situation: [0, 0, 0, 0, 0, 0, 0]
[2026-07-07 15:28:18] have_double_effect_times: 0 , is_activating_double_effect: 0 , already_activate_double_effect_times: 0
[2026-07-07 15:28:18] Marked situation: [0, 0, 0, 0, 0, 0, 0]
[2026-07-07 15:28:18] have_double_effect_times: 0 , is_activating_double_effect: 0 , already_activate_double_effect_times: 0
[2026-07-07 15:28:18] Sent map info: [[7.483610153198242, 10.068368911743164], [17.66014289855957, 2.2537147998809814], [2.39681, 2.36], [13.973260879516602, 0], [0.5, 14.5], [7.141218185424805, 5.027082443237305], [22.19485092163086, 8.537105560302734], [22.478597164154053, 8.779272079467773], [19.358509063720703, 12.197373390197754], [20.842081546783447, 6.973677158355713], [27.5, 0.5], [12.897103309631348, 8.512304306030273]]
[2026-07-07 15:28:18] Sent map infos: [[7.483610153198242, 10.068368911743164], [17.66014289855957, 2.2537147998809814], [2.39681, 2.36], [13.973260879516602, 0], [0.5, 14.5], [7.141218185424805, 5.027082443237305], [22.19485092163086, 8.537105560302734], [22.478597164154053, 8.779272079467773], [19.358509063720703, 12.197373390197754], [20.842081546783447, 6.973677158355713], [27.5, 0.5], [12.897103309631348, 8.512304306030273]]
[2026-07-07 15:28:18] Marked situation: [0, 0, 0, 0, 0, 0, 0]
[2026-07-07 15:28:18] have_double_effect_times: 0 , is_activating_double_effect: 0 , already_activate_double_effect_times: 0
[2026-07-07 15:28:19] update time left257
[2026-07-07 15:28:19] Marked situation: [0, 0, 0, 0, 0, 0, 0]
[2026-07-07 15:28:19] have_double_effect_times: 0 , is_activating_double_effect: 0 , already_activate_double_effect_times: 0
[2026-07-07 15:28:19] Sent map info: [[7.486270904541016, 10.064903259277344], [16.88990879058838, 0.8521009683609009], [2.39681, 2.36], [12.64251708984375, 0], [0.5, 14.5], [7.208431243896484, 5.046943187713623], [22.19485092163086, 8.537105560302734], [22.478597164154053, 8.779272079467773], [19.358509063720703, 12.197373390197754], [20.821107387542725, 6.992648601531982], [27.5, 0.5], [12.897103309631348, 8.512304306030273]]
[2026-07-07 15:28:19] Sent map infos: [[7.486270904541016, 10.064903259277344], [16.88990879058838, 0.8521009683609009], [2.39681, 2.36], [12.64251708984375, 0], [0.5, 14.5], [7.208431243896484, 5.046943187713623], [22.19485092163086, 8.537105560302734], [22.478597164154053, 8.779272079467773], [19.358509063720703, 12.197373390197754], [20.821107387542725, 6.992648601531982], [27.5, 0.5], [12.897103309631348, 8.512304306030273]]
[2026-07-07 15:28:19] Marked situation: [0, 0, 0, 0, 0, 0, 0]
[2026-07-07 15:28:19] have_double_effect_times: 0 , is_activating_double_effect: 0 , already_activate_double_effect_times: 0
[2026-07-07 15:28:19] Marked situation: [0, 0, 0, 0, 0, 0, 0]
[2026-07-07 15:28:19] have_double_effect_times: 0 , is_activating_double_effect: 0 , already_activate_double_effect_times: 0
[2026-07-07 15:28:19] Sent map info: [[7.486429214477539, 10.064695358276367], [16.071053504943848, 0], [2.39681, 2.36], [12.766261100769043, 0], [0.5, 14.5], [7.089521408081055, 5.02482795715332], [22.19485092163086, 8.537105560302734], [22.478597164154053, 8.779272079467773], [19.358509063720703, 12.197373390197754], [20.772666931152344, 6.9841203689575195], [27.5, 0.5], [12.897103309631348, 8.512304306030273]]
[2026-07-07 15:28:19] Sent map infos: [[7.486429214477539, 10.064695358276367], [16.071053504943848, 0], [2.39681, 2.36], [12.766261100769043, 0], [0.5, 14.5], [7.089521408081055, 5.02482795715332], [22.19485092163086, 8.537105560302734], [22.478597164154053, 8.779272079467773], [19.358509063720703, 12.197373390197754], [20.772666931152344, 6.9841203689575195], [27.5, 0.5], [12.897103309631348, 8.512304306030273]]
[2026-07-07 15:28:19] Marked situation: [0, 0, 0, 0, 0, 0, 0]
[2026-07-07 15:28:19] have_double_effect_times: 0 , is_activating_double_effect: 0 , already_activate_double_effect_times: 0
[2026-07-07 15:28:19] Marked situation: [0, 0, 0, 0, 0, 0, 0]
[2026-07-07 15:28:19] have_double_effect_times: 0 , is_activating_double_effect: 0 , already_activate_double_effect_times: 0
[2026-07-07 15:28:19] Sent map info: [[7.487369537353516, 10.063471794128418], [14.67565631866455, 0], [2.39681, 2.36], [10.811849594116211, 0], [0.5, 14.5], [7.199169158935547, 5.061252117156982], [22.19485092163086, 8.537105560302734], [22.478597164154053, 8.779272079467773], [19.358509063720703, 12.197373390197754], [20.78628444671631, 6.97178316116333], [27.5, 0.5], [12.897103309631348, 8.512304306030273]]
[2026-07-07 15:28:19] Sent map infos: [[7.487369537353516, 10.063471794128418], [14.67565631866455, 0], [2.39681, 2.36], [10.811849594116211, 0], [0.5, 14.5], [7.199169158935547, 5.061252117156982], [22.19485092163086, 8.537105560302734], [22.478597164154053, 8.779272079467773], [19.358509063720703, 12.197373390197754], [20.78628444671631, 6.97178316116333], [27.5, 0.5], [12.897103309631348, 8.512304306030273]]
[2026-07-07 15:28:20] update time left256
[2026-07-07 15:28:20] Marked situation: [0, 0, 0, 0, 0, 0, 0]
[2026-07-07 15:28:20] have_double_effect_times: 0 , is_activating_double_effect: 0 , already_activate_double_effect_times: 0
[2026-07-07 15:28:20] Marked situation: [0, 0, 0, 0, 0, 0, 0]
[2026-07-07 15:28:20] have_double_effect_times: 0 , is_activating_double_effect: 0 , already_activate_double_effect_times: 0
[2026-07-07 15:28:20] Sent map info: [[7.485170364379883, 10.066336631774902], [12.853084564208984, 0], [2.39681, 2.36], [6.908472061157227, 1.2962300777435303], [0.5, 14.5], [7.137241363525391, 5.0332489013671875], [22.19485092163086, 8.537105560302734], [22.478597164154053, 8.779272079467773], [19.358509063720703, 12.197373390197754], [20.82810640335083, 6.9863176345825195], [27.5, 0.5], [12.777081489562988, 8.468986511230469]]
[2026-07-07 15:28:20] Sent map infos: [[7.485170364379883, 10.066336631774902], [12.853084564208984, 0], [2.39681, 2.36], [6.908472061157227, 1.2962300777435303], [0.5, 14.5], [7.137241363525391, 5.0332489013671875], [22.19485092163086, 8.537105560302734], [22.478597164154053, 8.779272079467773], [19.358509063720703, 12.197373390197754], [20.82810640335083, 6.9863176345825195], [27.5, 0.5], [12.777081489562988, 8.468986511230469]]
[2026-07-07 15:28:20] Marked situation: [0, 0, 0, 0, 0, 0, 0]
[2026-07-07 15:28:20] have_double_effect_times: 0 , is_activating_double_effect: 0 , already_activate_double_effect_times: 0
[2026-07-07 15:28:20] Marked situation: [0, 0, 0, 0, 0, 0, 0]
[2026-07-07 15:28:20] have_double_effect_times: 0 , is_activating_double_effect: 0 , already_activate_double_effect_times: 0
[2026-07-07 15:28:20] Sent map info: [[7.485801696777344, 10.065512657165527], [11.688909530639648, 0], [2.39681, 2.36], [5.000171661376953, 2.7108094692230225], [0.5, 14.5], [7.212375640869141, 5.040848731994629], [22.19485092163086, 8.537105560302734], [22.478597164154053, 8.779272079467773], [19.358509063720703, 12.197373390197754], [20.829581260681152, 6.984983921051025], [27.5, 0.5], [12.781784057617188, 8.463753700256348]]
[2026-07-07 15:28:20] Sent map infos: [[7.485801696777344, 10.065512657165527], [11.688909530639648, 0], [2.39681, 2.36], [5.000171661376953, 2.7108094692230225], [0.5, 14.5], [7.212375640869141, 5.040848731994629], [22.19485092163086, 8.537105560302734], [22.478597164154053, 8.779272079467773], [19.358509063720703, 12.197373390197754], [20.829581260681152, 6.984983921051025], [27.5, 0.5], [12.781784057617188, 8.463753700256348]]
[2026-07-07 15:28:20] Marked situation: [0, 0, 0, 0, 0, 0, 0]
[2026-07-07 15:28:20] have_double_effect_times: 0 , is_activating_double_effect: 0 , already_activate_double_effect_times: 0
[2026-07-07 15:28:21] update time left255
[2026-07-07 15:28:21] Marked situation: [0, 0, 0, 0, 0, 0, 0]
[2026-07-07 15:28:21] have_double_effect_times: 0 , is_activating_double_effect: 0 , already_activate_double_effect_times: 0
[2026-07-07 15:28:21] Sent map info: [[7.493396759033203, 10.055614471435547], [11.688909530639648, 0], [2.39681, 2.36], [3.4882335662841797, 3.4298315048217773], [0.5, 14.5], [7.137359619140625, 5.0330657958984375], [22.763086318969727, 8.226319313049316], [22.478597164154053, 8.779272079467773], [19.358509063720703, 12.197373390197754], [20.826775550842285, 6.987521648406982], [27.5, 0.5], [12.806929588317871, 8.479887962341309]]
[2026-07-07 15:28:21] Sent map infos: [[7.493396759033203, 10.055614471435547], [11.688909530639648, 0], [2.39681, 2.36], [3.4882335662841797, 3.4298315048217773], [0.5, 14.5], [7.137359619140625, 5.0330657958984375], [22.763086318969727, 8.226319313049316], [22.478597164154053, 8.779272079467773], [19.358509063720703, 12.197373390197754], [20.826775550842285, 6.987521648406982], [27.5, 0.5], [12.806929588317871, 8.479887962341309]]
[2026-07-07 15:28:21] Marked situation: [0, 0, 0, 0, 0, 0, 0]
[2026-07-07 15:28:21] have_double_effect_times: 0 , is_activating_double_effect: 0 , already_activate_double_effect_times: 0
[2026-07-07 15:28:21] Marked situation: [0, 0, 0, 0, 0, 0, 0]
[2026-07-07 15:28:21] have_double_effect_times: 0 , is_activating_double_effect: 0 , already_activate_double_effect_times: 0
[2026-07-07 15:28:21] Sent map info: [[7.487810134887695, 10.062895774841309], [11.688909530639648, 0], [2.39681, 2.36], [2.996610641479492, 3.883734941482544], [0.5, 14.5], [7.211727142333984, 5.04185152053833], [22.763086318969727, 8.226319313049316], [22.478597164154053, 8.779272079467773], [19.358509063720703, 12.197373390197754], [20.827077388763428, 6.98724889755249], [27.5, 0.5], [12.782035827636719, 8.463473320007324]]
[2026-07-07 15:28:21] Sent map infos: [[7.487810134887695, 10.062895774841309], [11.688909530639648, 0], [2.39681, 2.36], [2.996610641479492, 3.883734941482544], [0.5, 14.5], [7.211727142333984, 5.04185152053833], [22.763086318969727, 8.226319313049316], [22.478597164154053, 8.779272079467773], [19.358509063720703, 12.197373390197754], [20.827077388763428, 6.98724889755249], [27.5, 0.5], [12.782035827636719, 8.463473320007324]]
[2026-07-07 15:28:21] Marked situation: [0, 0, 0, 0, 0, 0, 0]
[2026-07-07 15:28:21] have_double_effect_times: 0 , is_activating_double_effect: 0 , already_activate_double_effect_times: 0
[2026-07-07 15:28:21] Marked situation: [0, 0, 0, 0, 0, 0, 0]
[2026-07-07 15:28:21] have_double_effect_times: 0 , is_activating_double_effect: 0 , already_activate_double_effect_times: 0
[2026-07-07 15:28:21] Sent map info: [[7.482755661010742, 10.069482803344727], [11.688909530639648, 0], [2.39681, 2.36], [2.996610641479492, 3.883734941482544], [0.5, 14.5], [7.089574813842773, 5.024746417999268], [22.763086318969727, 8.226319313049316], [22.478597164154053, 8.779272079467773], [19.358509063720703, 12.197373390197754], [20.826361656188965, 6.987895965576172], [27.5, 0.5], [12.78194522857666, 8.463573455810547]]
[2026-07-07 15:28:21] Sent map infos: [[7.482755661010742, 10.069482803344727], [11.688909530639648, 0], [2.39681, 2.36], [2.996610641479492, 3.883734941482544], [0.5, 14.5], [7.089574813842773, 5.024746417999268], [22.763086318969727, 8.226319313049316], [22.478597164154053, 8.779272079467773], [19.358509063720703, 12.197373390197754], [20.826361656188965, 6.987895965576172], [27.5, 0.5], [12.78194522857666, 8.463573455810547]]
[2026-07-07 15:28:22] update time left254
[2026-07-07 15:28:22] Marked situation: [0, 0, 0, 0, 0, 0, 0]
[2026-07-07 15:28:22] have_double_effect_times: 0 , is_activating_double_effect: 0 , already_activate_double_effect_times: 0
[2026-07-07 15:28:22] Marked situation: [0, 0, 0, 0, 0, 0, 0]
[2026-07-07 15:28:22] have_double_effect_times: 0 , is_activating_double_effect: 0 , already_activate_double_effect_times: 0
[2026-07-07 15:28:22] Sent map info: [[7.5112762451171875, 10.07068920135498], [0.0, 0.0], [2.39681, 2.36], [2.996610641479492, 3.883734941482544], [0.5, 14.5], [7.09099006652832, 5.022545337677002], [22.763086318969727, 8.226319313049316], [22.478597164154053, 8.779272079467773], [19.358509063720703, 12.197373390197754], [20.828655242919922, 6.98582124710083], [27.5, 0.5], [12.788370132446289, 8.456422805786133]]
[2026-07-07 15:28:22] Sent map infos: [[7.5112762451171875, 10.07068920135498], [0.0, 0.0], [2.39681, 2.36], [2.996610641479492, 3.883734941482544], [0.5, 14.5], [7.09099006652832, 5.022545337677002], [22.763086318969727, 8.226319313049316], [22.478597164154053, 8.779272079467773], [19.358509063720703, 12.197373390197754], [20.828655242919922, 6.98582124710083], [27.5, 0.5], [12.788370132446289, 8.456422805786133]]
[2026-07-07 15:28:22] Marked situation: [0, 0, 0, 0, 0, 0, 0]
[2026-07-07 15:28:22] have_double_effect_times: 0 , is_activating_double_effect: 0 , already_activate_double_effect_times: 0
[2026-07-07 15:28:22] Marked situation: [0, 0, 0, 0, 0, 0, 0]
[2026-07-07 15:28:22] have_double_effect_times: 0 , is_activating_double_effect: 0 , already_activate_double_effect_times: 0
[2026-07-07 15:28:22] Sent map info: [[7.488101959228516, 10.062514305114746], [0.0, 0.0], [2.39681, 2.36], [2.39681, 2.36], [0.5, 14.5], [7.205810546875, 5.050991058349609], [22.763086318969727, 8.226319313049316], [22.478597164154053, 8.779272079467773], [19.358509063720703, 12.197373390197754], [20.763998985290527, 6.991973400115967], [27.5, 0.5], [12.773090362548828, 8.473428726196289]]
[2026-07-07 15:28:22] Sent map infos: [[7.488101959228516, 10.062514305114746], [0.0, 0.0], [2.39681, 2.36], [2.39681, 2.36], [0.5, 14.5], [7.205810546875, 5.050991058349609], [22.763086318969727, 8.226319313049316], [22.478597164154053, 8.779272079467773], [19.358509063720703, 12.197373390197754], [20.763998985290527, 6.991973400115967], [27.5, 0.5], [12.773090362548828, 8.473428726196289]]
[2026-07-07 15:28:22] Marked situation: [0, 0, 0, 0, 0, 0, 0]
[2026-07-07 15:28:22] have_double_effect_times: 0 , is_activating_double_effect: 0 , already_activate_double_effect_times: 0
[2026-07-07 15:28:23] update time left253
[2026-07-07 15:28:23] Marked situation: [0, 0, 0, 0, 0, 0, 0]
[2026-07-07 15:28:23] have_double_effect_times: 0 , is_activating_double_effect: 0 , already_activate_double_effect_times: 0
[2026-07-07 15:28:23] Sent map info: [[7.486782073974609, 10.064234733581543], [0.0, 0.0], [2.39681, 2.36], [2.39681, 2.36], [0.5, 14.5], [7.1494293212890625, 5.01434850692749], [22.763086318969727, 8.226319313049316], [22.478597164154053, 8.779272079467773], [19.358509063720703, 12.197373390197754], [20.826117515563965, 6.98811674118042], [27.5, 0.5], [12.762687683105469, 8.52905559539795]]
[2026-07-07 15:28:23] Sent map infos: [[7.486782073974609, 10.064234733581543], [0.0, 0.0], [2.39681, 2.36], [2.39681, 2.36], [0.5, 14.5], [7.1494293212890625, 5.01434850692749], [22.763086318969727, 8.226319313049316], [22.478597164154053, 8.779272079467773], [19.358509063720703, 12.197373390197754], [20.826117515563965, 6.98811674118042], [27.5, 0.5], [12.762687683105469, 8.52905559539795]]
[2026-07-07 15:28:23] Marked situation: [0, 0, 0, 0, 0, 0, 0]
[2026-07-07 15:28:23] have_double_effect_times: 0 , is_activating_double_effect: 0 , already_activate_double_effect_times: 0
[2026-07-07 15:28:23] Marked situation: [0, 0, 0, 0, 0, 0, 0]
[2026-07-07 15:28:23] have_double_effect_times: 0 , is_activating_double_effect: 0 , already_activate_double_effect_times: 0
[2026-07-07 15:28:23] Sent map info: [[7.45953369140625, 10.06143569946289], [0.0, 0.0], [2.39681, 2.36], [2.39681, 2.36], [0.5, 14.5], [7.209783554077148, 5.044853687286377], [22.763086318969727, 8.226319313049316], [22.478597164154053, 8.779272079467773], [19.358509063720703, 12.197373390197754], [20.833821296691895, 6.981148719787598], [27.5, 0.5], [12.824647903442383, 8.68053913116455]]
[2026-07-07 15:28:23] Sent map infos: [[7.45953369140625, 10.06143569946289], [0.0, 0.0], [2.39681, 2.36], [2.39681, 2.36], [0.5, 14.5], [7.209783554077148, 5.044853687286377], [22.763086318969727, 8.226319313049316], [22.478597164154053, 8.779272079467773], [19.358509063720703, 12.197373390197754], [20.833821296691895, 6.981148719787598], [27.5, 0.5], [12.824647903442383, 8.68053913116455]]
[2026-07-07 15:28:23] Marked situation: [0, 0, 0, 0, 0, 0, 0]
[2026-07-07 15:28:23] have_double_effect_times: 0 , is_activating_double_effect: 0 , already_activate_double_effect_times: 0
[2026-07-07 15:28:23] Marked situation: [0, 0, 0, 0, 0, 0, 0]
[2026-07-07 15:28:23] have_double_effect_times: 0 , is_activating_double_effect: 0 , already_activate_double_effect_times: 0
[2026-07-07 15:28:23] Sent map info: [[7.483465194702148, 10.068558692932129], [4.886327743530273, 0.4596729278564453], [3.0096092224121094, 0.3816368877887726], [2.39681, 2.36], [0.5, 14.5], [7.143779754638672, 5.023110389709473], [22.763086318969727, 8.226319313049316], [17.845297813415527, 10.734786033630371], [19.358509063720703, 12.197373390197754], [20.783201694488525, 6.974575996398926], [27.5, 0.5], [12.964652061462402, 8.746835708618164]]
[2026-07-07 15:28:23] Sent map infos: [[7.483465194702148, 10.068558692932129], [4.886327743530273, 0.4596729278564453], [3.0096092224121094, 0.3816368877887726], [2.39681, 2.36], [0.5, 14.5], [7.143779754638672, 5.023110389709473], [22.763086318969727, 8.226319313049316], [17.845297813415527, 10.734786033630371], [19.358509063720703, 12.197373390197754], [20.783201694488525, 6.974575996398926], [27.5, 0.5], [12.964652061462402, 8.746835708618164]]
[2026-07-07 15:28:24] update time left252
[2026-07-07 15:28:24] Marked situation: [0, 0, 0, 0, 0, 0, 0]
[2026-07-07 15:28:24] have_double_effect_times: 0 , is_activating_double_effect: 0 , already_activate_double_effect_times: 0
[2026-07-07 15:28:24] Marked situation: [0, 0, 0, 0, 0, 0, 0]
[2026-07-07 15:28:24] have_double_effect_times: 0 , is_activating_double_effect: 0 , already_activate_double_effect_times: 0
[2026-07-07 15:28:24] Sent map info: [[7.46002197265625, 10.060797691345215], [5.586296081542969, 1.8482712507247925], [3.0096092224121094, 0.3816368877887726], [2.39681, 2.36], [0.5, 14.5], [7.206821441650391, 5.049428939819336], [22.763086318969727, 8.226319313049316], [17.808510780334473, 10.766886711120605], [19.358509063720703, 12.197373390197754], [20.821714878082275, 6.992098808288574], [27.5, 0.5], [13.077349662780762, 8.800225257873535]]
[2026-07-07 15:28:24] Sent map infos: [[7.46002197265625, 10.060797691345215], [5.586296081542969, 1.8482712507247925], [3.0096092224121094, 0.3816368877887726], [2.39681, 2.36], [0.5, 14.5], [7.206821441650391, 5.049428939819336], [22.763086318969727, 8.226319313049316], [17.808510780334473, 10.766886711120605], [19.358509063720703, 12.197373390197754], [20.821714878082275, 6.992098808288574], [27.5, 0.5], [13.077349662780762, 8.800225257873535]]
[2026-07-07 15:28:24] Marked situation: [0, 0, 0, 0, 0, 0, 0]
[2026-07-07 15:28:24] have_double_effect_times: 0 , is_activating_double_effect: 0 , already_activate_double_effect_times: 0
[2026-07-07 15:28:24] Marked situation: [0, 0, 0, 0, 0, 0, 0]
[2026-07-07 15:28:24] have_double_effect_times: 0 , is_activating_double_effect: 0 , already_activate_double_effect_times: 0
[2026-07-07 15:28:24] Sent map info: [[7.485433578491211, 10.065993309020996], [4.043085098266602, 2.6759445667266846], [3.0096092224121094, 0.3816368877887726], [2.39681, 2.36], [0.5, 14.5], [7.156490325927734, 5.0446906089782715], [22.763086318969727, 8.226319313049316], [17.808510780334473, 10.766886711120605], [19.358509063720703, 12.197373390197754], [20.774729251861572, 6.98225212097168], [27.5, 0.5], [13.2011137008667, 8.842619895935059]]
[2026-07-07 15:28:24] Sent map infos: [[7.485433578491211, 10.065993309020996], [4.043085098266602, 2.6759445667266846], [3.0096092224121094, 0.3816368877887726], [2.39681, 2.36], [0.5, 14.5], [7.156490325927734, 5.0446906089782715], [22.763086318969727, 8.226319313049316], [17.808510780334473, 10.766886711120605], [19.358509063720703, 12.197373390197754], [20.774729251861572, 6.98225212097168], [27.5, 0.5], [13.2011137008667, 8.842619895935059]]
[2026-07-07 15:28:24] Marked situation: [0, 0, 0, 0, 0, 0, 0]
[2026-07-07 15:28:24] have_double_effect_times: 0 , is_activating_double_effect: 0 , already_activate_double_effect_times: 0
[2026-07-07 15:28:25] update time left251
[2026-07-07 15:28:25] Marked situation: [0, 0, 0, 0, 0, 0, 0]
[2026-07-07 15:28:25] have_double_effect_times: 0 , is_activating_double_effect: 0 , already_activate_double_effect_times: 0
[2026-07-07 15:28:25] Sent map info: [[7.483247756958008, 10.068841934204102], [3.5193653106689453, 3.290377378463745], [2.39681, 2.36], [2.39681, 2.36], [0.5, 14.5], [7.17973518371582, 5.008690357208252], [22.763086318969727, 8.226319313049316], [17.808510780334473, 10.766886711120605], [19.358509063720703, 12.197373390197754], [20.885945320129395, 6.986479759216309], [27.5, 0.5], [13.31927490234375, 8.892172813415527]]
[2026-07-07 15:28:25] Sent map infos: [[7.483247756958008, 10.068841934204102], [3.5193653106689453, 3.290377378463745], [2.39681, 2.36], [2.39681, 2.36], [0.5, 14.5], [7.17973518371582, 5.008690357208252], [22.763086318969727, 8.226319313049316], [17.808510780334473, 10.766886711120605], [19.358509063720703, 12.197373390197754], [20.885945320129395, 6.986479759216309], [27.5, 0.5], [13.31927490234375, 8.892172813415527]]
[2026-07-07 15:28:25] Marked situation: [0, 0, 0, 0, 0, 0, 0]
[2026-07-07 15:28:25] have_double_effect_times: 0 , is_activating_double_effect: 0 , already_activate_double_effect_times: 0
[2026-07-07 15:28:25] Marked situation: [0, 0, 0, 0, 0, 0, 0]
[2026-07-07 15:28:25] have_double_effect_times: 0 , is_activating_double_effect: 0 , already_activate_double_effect_times: 0
[2026-07-07 15:28:25] Sent map info: [[7.488079071044922, 10.062545776367188], [3.5193653106689453, 3.290377378463745], [2.39681, 2.36], [2.39681, 2.36], [0.5, 14.5], [7.3625335693359375, 4.5587286949157715], [22.763086318969727, 8.226319313049316], [17.75814723968506, 10.763500213623047], [17.771076202392578, 10.799551963806152], [20.830595016479492, 6.984066963195801], [27.5, 0.5], [13.416519165039062, 8.965168952941895]]
[2026-07-07 15:28:25] Sent map infos: [[7.488079071044922, 10.062545776367188], [3.5193653106689453, 3.290377378463745], [2.39681, 2.36], [2.39681, 2.36], [0.5, 14.5], [7.3625335693359375, 4.5587286949157715], [22.763086318969727, 8.226319313049316], [17.75814723968506, 10.763500213623047], [17.771076202392578, 10.799551963806152], [20.830595016479492, 6.984066963195801], [27.5, 0.5], [13.416519165039062, 8.965168952941895]]
[2026-07-07 15:28:25] Marked situation: [0, 0, 0, 0, 0, 0, 0]
[2026-07-07 15:28:25] have_double_effect_times: 0 , is_activating_double_effect: 0 , already_activate_double_effect_times: 0
[2026-07-07 15:28:25] Marked situation: [0, 0, 0, 0, 0, 0, 0]
[2026-07-07 15:28:25] have_double_effect_times: 0 , is_activating_double_effect: 0 , already_activate_double_effect_times: 0
[2026-07-07 15:28:25] Sent map info: [[7.482999801635742, 10.069165229797363], [3.5193653106689453, 3.290377378463745], [2.39681, 2.36], [2.39681, 2.36], [0.5, 14.5], [7.625726699829102, 4.022253513336182], [22.763086318969727, 8.226319313049316], [17.75814723968506, 10.763500213623047], [17.771076202392578, 10.799551963806152], [20.81852102279663, 6.994987964630127], [27.5, 0.5], [13.554632186889648, 9.039922714233398]]
[2026-07-07 15:28:25] Sent map infos: [[7.482999801635742, 10.069165229797363], [3.5193653106689453, 3.290377378463745], [2.39681, 2.36], [2.39681, 2.36], [0.5, 14.5], [7.625726699829102, 4.022253513336182], [22.763086318969727, 8.226319313049316], [17.75814723968506, 10.763500213623047], [17.771076202392578, 10.799551963806152], [20.81852102279663, 6.994987964630127], [27.5, 0.5], [13.554632186889648, 9.039922714233398]]
[2026-07-07 15:28:26] update time left250
[2026-07-07 15:28:26] Marked situation: [0, 0, 0, 0, 0, 0, 0]
[2026-07-07 15:28:26] have_double_effect_times: 0 , is_activating_double_effect: 0 , already_activate_double_effect_times: 0
[2026-07-07 15:28:26] Marked situation: [0, 0, 0, 0, 0, 0, 0]
[2026-07-07 15:28:26] have_double_effect_times: 0 , is_activating_double_effect: 0 , already_activate_double_effect_times: 0
[2026-07-07 15:28:26] Sent map info: [[7.486539840698242, 10.06455135345459], [0.0, 0.0], [2.39681, 2.36], [2.39681, 2.36], [0.5, 14.5], [7.941135406494141, 3.4007375240325928], [22.763086318969727, 8.226319313049316], [17.75814723968506, 10.763500213623047], [17.771076202392578, 10.799551963806152], [20.831838130950928, 6.9829421043396], [27.5, 0.5], [13.63204288482666, 9.09126091003418]]
[2026-07-07 15:28:26] Sent map infos: [[7.486539840698242, 10.06455135345459], [0.0, 0.0], [2.39681, 2.36], [2.39681, 2.36], [0.5, 14.5], [7.941135406494141, 3.4007375240325928], [22.763086318969727, 8.226319313049316], [17.75814723968506, 10.763500213623047], [17.771076202392578, 10.799551963806152], [20.831838130950928, 6.9829421043396], [27.5, 0.5], [13.63204288482666, 9.09126091003418]]
[2026-07-07 15:28:26] Marked situation: [0, 0, 0, 0, 0, 0, 0]
[2026-07-07 15:28:26] have_double_effect_times: 0 , is_activating_double_effect: 0 , already_activate_double_effect_times: 0
[2026-07-07 15:28:26] Marked situation: [0, 0, 0, 0, 0, 0, 0]
[2026-07-07 15:28:26] have_double_effect_times: 0 , is_activating_double_effect: 0 , already_activate_double_effect_times: 0
[2026-07-07 15:28:26] Sent map info: [[7.488214492797852, 10.062369346618652], [0.0, 0.0], [2.39681, 2.36], [2.39681, 2.36], [0.5, 14.5], [8.229934692382812, 2.5987091064453125], [22.763086318969727, 8.226319313049316], [17.75814723968506, 10.763500213623047], [17.771076202392578, 10.799551963806152], [20.828684329986572, 6.985795021057129], [27.5, 0.5], [13.698598861694336, 9.154513359069824]]
[2026-07-07 15:28:26] Sent map infos: [[7.488214492797852, 10.062369346618652], [0.0, 0.0], [2.39681, 2.36], [2.39681, 2.36], [0.5, 14.5], [8.229934692382812, 2.5987091064453125], [22.763086318969727, 8.226319313049316], [17.75814723968506, 10.763500213623047], [17.771076202392578, 10.799551963806152], [20.828684329986572, 6.985795021057129], [27.5, 0.5], [13.698598861694336, 9.154513359069824]]
[2026-07-07 15:28:26] Marked situation: [0, 0, 0, 0, 0, 0, 0]
[2026-07-07 15:28:26] have_double_effect_times: 0 , is_activating_double_effect: 0 , already_activate_double_effect_times: 0
[2026-07-07 15:28:27] update time left249
[2026-07-07 15:28:27] Marked situation: [0, 0, 0, 0, 0, 0, 0]
[2026-07-07 15:28:27] have_double_effect_times: 0 , is_activating_double_effect: 0 , already_activate_double_effect_times: 0
[2026-07-07 15:28:27] Sent map info: [[7.482540130615234, 10.069764137268066], [0.0, 0.0], [2.39681, 2.36], [2.39681, 2.36], [0.5, 14.5], [8.13084602355957, 1.921881914138794], [22.763086318969727, 8.226319313049316], [17.75814723968506, 10.763500213623047], [17.771076202392578, 10.799551963806152], [20.8315691947937, 6.983185768127441], [27.5, 0.5], [13.71850299835205, 9.178081512451172]]
[2026-07-07 15:28:27] Sent map infos: [[7.482540130615234, 10.069764137268066], [0.0, 0.0], [2.39681, 2.36], [2.39681, 2.36], [0.5, 14.5], [8.13084602355957, 1.921881914138794], [22.763086318969727, 8.226319313049316], [17.75814723968506, 10.763500213623047], [17.771076202392578, 10.799551963806152], [20.8315691947937, 6.983185768127441], [27.5, 0.5], [13.71850299835205, 9.178081512451172]]
[2026-07-07 15:28:27] Marked situation: [0, 0, 0, 0, 0, 0, 0]
[2026-07-07 15:28:27] have_double_effect_times: 0 , is_activating_double_effect: 0 , already_activate_double_effect_times: 0
[2026-07-07 15:28:27] Marked situation: [0, 0, 0, 0, 0, 0, 0]
[2026-07-07 15:28:27] have_double_effect_times: 0 , is_activating_double_effect: 0 , already_activate_double_effect_times: 0
[2026-07-07 15:28:27] Sent map info: [[7.485712051391602, 10.065630912780762], [0.0, 0.0], [2.39681, 2.36], [2.39681, 2.36], [0.5, 14.5], [7.478899002075195, 1.1493085622787476], [22.763086318969727, 8.226319313049316], [17.75814723968506, 10.763500213623047], [17.771076202392578, 10.799551963806152], [20.897269248962402, 6.976253509521484], [27.5, 0.5], [13.633561134338379, 9.178592681884766]]
[2026-07-07 15:28:27] Sent map infos: [[7.485712051391602, 10.065630912780762], [0.0, 0.0], [2.39681, 2.36], [2.39681, 2.36], [0.5, 14.5], [7.478899002075195, 1.1493085622787476], [22.763086318969727, 8.226319313049316], [17.75814723968506, 10.763500213623047], [17.771076202392578, 10.799551963806152], [20.897269248962402, 6.976253509521484], [27.5, 0.5], [13.633561134338379, 9.178592681884766]]
[2026-07-07 15:28:27] Marked situation: [0, 0, 0, 0, 0, 0, 0]
[2026-07-07 15:28:27] have_double_effect_times: 0 , is_activating_double_effect: 0 , already_activate_double_effect_times: 0
[2026-07-07 15:28:27] Marked situation: [0, 0, 0, 0, 0, 0, 0]
[2026-07-07 15:28:27] have_double_effect_times: 0 , is_activating_double_effect: 0 , already_activate_double_effect_times: 0
[2026-07-07 15:28:27] Sent map info: [[7.487979888916016, 10.062674522399902], [0.0, 0.0], [2.39681, 2.36], [2.39681, 2.36], [0.5, 14.5], [6.9451446533203125, 0.6627117991447449], [22.763086318969727, 8.226319313049316], [17.75814723968506, 10.763500213623047], [17.771076202392578, 10.799551963806152], [20.825689792633057, 6.988503932952881], [27.5, 0.5], [13.68412971496582, 9.169754981994629]]
[2026-07-07 15:28:27] Sent map infos: [[7.487979888916016, 10.062674522399902], [0.0, 0.0], [2.39681, 2.36], [2.39681, 2.36], [0.5, 14.5], [6.9451446533203125, 0.6627117991447449], [22.763086318969727, 8.226319313049316], [17.75814723968506, 10.763500213623047], [17.771076202392578, 10.799551963806152], [20.825689792633057, 6.988503932952881], [27.5, 0.5], [13.68412971496582, 9.169754981994629]]
[2026-07-07 15:28:28] update time left248
[2026-07-07 15:28:28] Marked situation: [0, 0, 0, 0, 0, 0, 0]
[2026-07-07 15:28:28] have_double_effect_times: 0 , is_activating_double_effect: 0 , already_activate_double_effect_times: 0
[2026-07-07 15:28:28] Marked situation: [0, 0, 0, 0, 0, 0, 0]
[2026-07-07 15:28:28] have_double_effect_times: 0 , is_activating_double_effect: 0 , already_activate_double_effect_times: 0
[2026-07-07 15:28:28] Sent map info: [[7.484464645385742, 10.067256927490234], [0.0, 0.0], [2.39681, 2.36], [2.39681, 2.36], [0.5, 14.5], [6.36529541015625, 0.5604302287101746], [22.763086318969727, 8.226319313049316], [17.75814723968506, 10.763500213623047], [17.771076202392578, 10.799551963806152], [20.82054328918457, 6.99315881729126], [27.5, 0.5], [13.720808982849121, 9.175655364990234]]
[2026-07-07 15:28:28] Sent map infos: [[7.484464645385742, 10.067256927490234], [0.0, 0.0], [2.39681, 2.36], [2.39681, 2.36], [0.5, 14.5], [6.36529541015625, 0.5604302287101746], [22.763086318969727, 8.226319313049316], [17.75814723968506, 10.763500213623047], [17.771076202392578, 10.799551963806152], [20.82054328918457, 6.99315881729126], [27.5, 0.5], [13.720808982849121, 9.175655364990234]]
[2026-07-07 15:28:28] Marked situation: [0, 0, 0, 0, 0, 0, 0]
[2026-07-07 15:28:28] have_double_effect_times: 0 , is_activating_double_effect: 0 , already_activate_double_effect_times: 0
[2026-07-07 15:28:28] Marked situation: [0, 0, 0, 0, 0, 0, 0]
[2026-07-07 15:28:28] have_double_effect_times: 0 , is_activating_double_effect: 0 , already_activate_double_effect_times: 0
[2026-07-07 15:28:28] Sent map info: [[7.482175827026367, 10.070240020751953], [0.0, 0.0], [2.39681, 2.36], [2.39681, 2.36], [0.5, 14.5], [6.25102424621582, 0.37605589628219604], [22.763086318969727, 8.226319313049316], [17.75814723968506, 10.763500213623047], [17.771076202392578, 10.799551963806152], [20.832053661346436, 6.982747554779053], [27.5, 0.5], [13.685816764831543, 9.167977333068848]]
[2026-07-07 15:28:28] Sent map infos: [[7.482175827026367, 10.070240020751953], [0.0, 0.0], [2.39681, 2.36], [2.39681, 2.36], [0.5, 14.5], [6.25102424621582, 0.37605589628219604], [22.763086318969727, 8.226319313049316], [17.75814723968506, 10.763500213623047], [17.771076202392578, 10.799551963806152], [20.832053661346436, 6.982747554779053], [27.5, 0.5], [13.685816764831543, 9.167977333068848]]
[2026-07-07 15:28:28] Marked situation: [0, 0, 0, 0, 0, 0, 0]
[2026-07-07 15:28:28] have_double_effect_times: 0 , is_activating_double_effect: 0 , already_activate_double_effect_times: 0
[2026-07-07 15:28:29] update time left247
[2026-07-07 15:28:29] Marked situation: [0, 0, 0, 0, 0, 0, 0]
[2026-07-07 15:28:29] have_double_effect_times: 0 , is_activating_double_effect: 0 , already_activate_double_effect_times: 0
[2026-07-07 15:28:29] Sent map info: [[7.483310699462891, 10.06875991821289], [0.0, 0.0], [2.39681, 2.36], [2.39681, 2.36], [0.5, 14.5], [6.265913009643555, 0.3924403786659241], [22.763086318969727, 8.226319313049316], [17.75814723968506, 10.763500213623047], [17.771076202392578, 10.799551963806152], [20.884565353393555, 6.987726211547852], [27.5, 0.5], [13.676107406616211, 9.178205490112305]]
[2026-07-07 15:28:29] Sent map infos: [[7.483310699462891, 10.06875991821289], [0.0, 0.0], [2.39681, 2.36], [2.39681, 2.36], [0.5, 14.5], [6.265913009643555, 0.3924403786659241], [22.763086318969727, 8.226319313049316], [17.75814723968506, 10.763500213623047], [17.771076202392578, 10.799551963806152], [20.884565353393555, 6.987726211547852], [27.5, 0.5], [13.676107406616211, 9.178205490112305]]
[2026-07-07 15:28:29] Marked situation: [0, 0, 0, 0, 0, 0, 0]
[2026-07-07 15:28:29] have_double_effect_times: 0 , is_activating_double_effect: 0 , already_activate_double_effect_times: 0
[2026-07-07 15:28:29] Marked situation: [0, 0, 0, 0, 0, 0, 0]
[2026-07-07 15:28:29] have_double_effect_times: 0 , is_activating_double_effect: 0 , already_activate_double_effect_times: 0
[2026-07-07 15:28:29] Sent map info: [[7.484647750854492, 10.067018508911133], [0.0, 0.0], [2.39681, 2.36], [2.39681, 2.36], [0.5, 14.5], [6.059253692626953, 0.3805391192436218], [22.763086318969727, 8.226319313049316], [17.75814723968506, 10.763500213623047], [17.771076202392578, 10.799551963806152], [20.83967876434326, 6.975850582122803], [27.5, 0.5], [13.721931457519531, 9.174474716186523]]
[2026-07-07 15:28:29] Sent map infos: [[7.484647750854492, 10.067018508911133], [0.0, 0.0], [2.39681, 2.36], [2.39681, 2.36], [0.5, 14.5], [6.059253692626953, 0.3805391192436218], [22.763086318969727, 8.226319313049316], [17.75814723968506, 10.763500213623047], [17.771076202392578, 10.799551963806152], [20.83967876434326, 6.975850582122803], [27.5, 0.5], [13.721931457519531, 9.174474716186523]]
[2026-07-07 15:28:29] Marked situation: [0, 0, 0, 0, 0, 0, 0]
[2026-07-07 15:28:29] have_double_effect_times: 0 , is_activating_double_effect: 0 , already_activate_double_effect_times: 0
[2026-07-07 15:28:29] Marked situation: [0, 0, 0, 0, 0, 0, 0]
[2026-07-07 15:28:29] have_double_effect_times: 0 , is_activating_double_effect: 0 , already_activate_double_effect_times: 0
[2026-07-07 15:28:29] Sent map info: [[7.480348587036133, 10.07262134552002], [0.0, 0.0], [2.39681, 2.36], [2.39681, 2.36], [0.5, 14.5], [6.089485168457031, 0.4117027819156647], [22.763086318969727, 8.226319313049316], [17.75814723968506, 10.763500213623047], [17.771076202392578, 10.799551963806152], [20.883275032043457, 6.988891124725342], [27.5, 0.5], [13.72859001159668, 9.167470932006836]]
[2026-07-07 15:28:29] Sent map infos: [[7.480348587036133, 10.07262134552002], [0.0, 0.0], [2.39681, 2.36], [2.39681, 2.36], [0.5, 14.5], [6.089485168457031, 0.4117027819156647], [22.763086318969727, 8.226319313049316], [17.75814723968506, 10.763500213623047], [17.771076202392578, 10.799551963806152], [20.883275032043457, 6.988891124725342], [27.5, 0.5], [13.72859001159668, 9.167470932006836]]
[2026-07-07 15:28:30] update time left246
[2026-07-07 15:28:30] Marked situation: [0, 0, 0, 0, 0, 0, 0]
[2026-07-07 15:28:30] have_double_effect_times: 0 , is_activating_double_effect: 0 , already_activate_double_effect_times: 0
[2026-07-07 15:28:30] Marked situation: [0, 0, 0, 0, 0, 0, 0]
[2026-07-07 15:28:30] have_double_effect_times: 0 , is_activating_double_effect: 0 , already_activate_double_effect_times: 0
[2026-07-07 15:28:30] Sent map info: [[7.453641891479492, 10.069125175476074], [0.0, 0.0], [2.39681, 2.36], [2.39681, 2.36], [0.5, 14.5], [6.130914688110352, 0.4223685562610626], [22.763086318969727, 8.226319313049316], [17.75814723968506, 10.763500213623047], [17.771076202392578, 10.799551963806152], [20.880682945251465, 6.991232395172119], [27.5, 0.5], [13.710652351379395, 9.186339378356934]]
[2026-07-07 15:28:30] Sent map infos: [[7.453641891479492, 10.069125175476074], [0.0, 0.0], [2.39681, 2.36], [2.39681, 2.36], [0.5, 14.5], [6.130914688110352, 0.4223685562610626], [22.763086318969727, 8.226319313049316], [17.75814723968506, 10.763500213623047], [17.771076202392578, 10.799551963806152], [20.880682945251465, 6.991232395172119], [27.5, 0.5], [13.710652351379395, 9.186339378356934]]
[2026-07-07 15:28:30] Marked situation: [0, 0, 0, 0, 0, 0, 0]
[2026-07-07 15:28:30] have_double_effect_times: 0 , is_activating_double_effect: 0 , already_activate_double_effect_times: 0
[2026-07-07 15:28:30] Marked situation: [0, 0, 0, 0, 0, 0, 0]
[2026-07-07 15:28:30] have_double_effect_times: 0 , is_activating_double_effect: 0 , already_activate_double_effect_times: 0
[2026-07-07 15:28:30] Sent map info: [[7.452419281005859, 10.070721626281738], [0.0, 0.0], [2.39681, 2.36], [1.0503044128417969, 4.3236212730407715], [0.5, 14.5], [6.246065139770508, 0.4287935793399811], [22.763086318969727, 8.226319313049316], [17.75814723968506, 10.763500213623047], [17.771076202392578, 10.799551963806152], [20.84255313873291, 6.973250389099121], [27.5, 0.5], [13.910576820373535, 9.33374309539795]]
[2026-07-07 15:28:30] Sent map infos: [[7.452419281005859, 10.070721626281738], [0.0, 0.0], [2.39681, 2.36], [1.0503044128417969, 4.3236212730407715], [0.5, 14.5], [6.246065139770508, 0.4287935793399811], [22.763086318969727, 8.226319313049316], [17.75814723968506, 10.763500213623047], [17.771076202392578, 10.799551963806152], [20.84255313873291, 6.973250389099121], [27.5, 0.5], [13.910576820373535, 9.33374309539795]]
[2026-07-07 15:28:30] Marked situation: [0, 0, 0, 0, 0, 0, 0]
[2026-07-07 15:28:30] have_double_effect_times: 0 , is_activating_double_effect: 0 , already_activate_double_effect_times: 0
[2026-07-07 15:28:31] update time left245
[2026-07-07 15:28:31] Marked situation: [0, 0, 0, 0, 0, 0, 0]
[2026-07-07 15:28:31] have_double_effect_times: 0 , is_activating_double_effect: 0 , already_activate_double_effect_times: 0
[2026-07-07 15:28:31] Sent map info: [[6.81151008605957, 10.157995223999023], [0.0, 0.0], [2.39681, 2.36], [4.2226409912109375, 4.724184513092041], [0.5, 14.5], [6.302875518798828, 0.45583730936050415], [22.763086318969727, 8.226319313049316], [17.75814723968506, 10.763500213623047], [17.771076202392578, 10.799551963806152], [20.817577362060547, 6.9958415031433105], [27.5, 0.5], [14.136773109436035, 9.54681396484375]]
[2026-07-07 15:28:31] Sent map infos: [[6.81151008605957, 10.157995223999023], [0.0, 0.0], [2.39681, 2.36], [4.2226409912109375, 4.724184513092041], [0.5, 14.5], [6.302875518798828, 0.45583730936050415], [22.763086318969727, 8.226319313049316], [17.75814723968506, 10.763500213623047], [17.771076202392578, 10.799551963806152], [20.817577362060547, 6.9958415031433105], [27.5, 0.5], [14.136773109436035, 9.54681396484375]]
[2026-07-07 15:28:31] Marked situation: [0, 0, 0, 0, 0, 0, 0]
[2026-07-07 15:28:31] have_double_effect_times: 0 , is_activating_double_effect: 0 , already_activate_double_effect_times: 0
[2026-07-07 15:28:31] Marked situation: [0, 0, 0, 0, 0, 0, 0]
[2026-07-07 15:28:31] have_double_effect_times: 0 , is_activating_double_effect: 0 , already_activate_double_effect_times: 0
[2026-07-07 15:28:31] Sent map info: [[6.0499420166015625, 9.853235244750977], [0.0, 0.0], [2.39681, 2.36], [6.465118408203125, 4.740393161773682], [0.5, 14.5], [6.288959503173828, 0.48124200105667114], [22.763086318969727, 8.226319313049316], [17.75814723968506, 10.763500213623047], [17.771076202392578, 10.799551963806152], [20.834064483642578, 6.980928897857666], [27.5, 0.5], [14.195551872253418, 9.665512084960938]]
[2026-07-07 15:28:31] Sent map infos: [[6.0499420166015625, 9.853235244750977], [0.0, 0.0], [2.39681, 2.36], [6.465118408203125, 4.740393161773682], [0.5, 14.5], [6.288959503173828, 0.48124200105667114], [22.763086318969727, 8.226319313049316], [17.75814723968506, 10.763500213623047], [17.771076202392578, 10.799551963806152], [20.834064483642578, 6.980928897857666], [27.5, 0.5], [14.195551872253418, 9.665512084960938]]
[2026-07-07 15:28:31] Marked situation: [0, 0, 0, 0, 0, 0, 0]
[2026-07-07 15:28:31] have_double_effect_times: 0 , is_activating_double_effect: 0 , already_activate_double_effect_times: 0
[2026-07-07 15:28:31] Marked situation: [0, 0, 0, 0, 0, 0, 0]
[2026-07-07 15:28:31] have_double_effect_times: 0 , is_activating_double_effect: 0 , already_activate_double_effect_times: 0
[2026-07-07 15:28:31] Sent map info: [[3.945516586303711, 9.378259658813477], [0.0, 0.0], [2.39681, 2.36], [6.470998764038086, 5.34151029586792], [0.5, 14.5], [6.290498733520508, 0.6091858744621277], [22.763086318969727, 8.226319313049316], [17.75814723968506, 10.763500213623047], [17.771076202392578, 10.799551963806152], [20.82949161529541, 6.985064506530762], [27.5, 0.5], [14.391695022583008, 9.735174179077148]]
[2026-07-07 15:28:31] Sent map infos: [[3.945516586303711, 9.378259658813477], [0.0, 0.0], [2.39681, 2.36], [6.470998764038086, 5.34151029586792], [0.5, 14.5], [6.290498733520508, 0.6091858744621277], [22.763086318969727, 8.226319313049316], [17.75814723968506, 10.763500213623047], [17.771076202392578, 10.799551963806152], [20.82949161529541, 6.985064506530762], [27.5, 0.5], [14.391695022583008, 9.735174179077148]]
[2026-07-07 15:28:32] update time left244
[2026-07-07 15:28:32] Marked situation: [0, 0, 0, 0, 0, 0, 0]
[2026-07-07 15:28:32] have_double_effect_times: 0 , is_activating_double_effect: 0 , already_activate_double_effect_times: 0
[2026-07-07 15:28:32] Marked situation: [0, 0, 0, 0, 0, 0, 0]
[2026-07-07 15:28:32] have_double_effect_times: 0 , is_activating_double_effect: 0 , already_activate_double_effect_times: 0
[2026-07-07 15:28:32] Sent map info: [[1.331888198852539, 8.957592964172363], [0.0, 0.0], [2.39681, 2.36], [6.248115539550781, 6.372282981872559], [0.5, 14.5], [6.310665130615234, 0.6596007347106934], [22.763086318969727, 8.226319313049316], [17.75814723968506, 10.763500213623047], [17.771076202392578, 10.799551963806152], [20.82053804397583, 6.993163585662842], [27.5, 0.5], [14.60658073425293, 9.878625869750977]]
[2026-07-07 15:28:32] Sent map infos: [[1.331888198852539, 8.957592964172363], [0.0, 0.0], [2.39681, 2.36], [6.248115539550781, 6.372282981872559], [0.5, 14.5], [6.310665130615234, 0.6596007347106934], [22.763086318969727, 8.226319313049316], [17.75814723968506, 10.763500213623047], [17.771076202392578, 10.799551963806152], [20.82053804397583, 6.993163585662842], [27.5, 0.5], [14.60658073425293, 9.878625869750977]]
[2026-07-07 15:28:32] Marked situation: [0, 0, 0, 0, 0, 0, 0]
[2026-07-07 15:28:32] have_double_effect_times: 0 , is_activating_double_effect: 0 , already_activate_double_effect_times: 0
[2026-07-07 15:28:32] Marked situation: [0, 0, 0, 0, 0, 0, 0]
[2026-07-07 15:28:32] have_double_effect_times: 0 , is_activating_double_effect: 0 , already_activate_double_effect_times: 0
[2026-07-07 15:28:32] Sent map info: [[0.6708202362060547, 8.66734504699707], [0.0, 0.0], [2.39681, 2.36], [6.080162048339844, 7.569536209106445], [0.5, 14.5], [6.273698806762695, 0.6397523880004883], [22.763086318969727, 8.226319313049316], [17.75814723968506, 10.763500213623047], [17.771076202392578, 10.799551963806152], [20.831273555755615, 6.983452796936035], [27.5, 0.5], [14.71084976196289, 10.044713973999023]]
[2026-07-07 15:28:32] Sent map infos: [[0.6708202362060547, 8.66734504699707], [0.0, 0.0], [2.39681, 2.36], [6.080162048339844, 7.569536209106445], [0.5, 14.5], [6.273698806762695, 0.6397523880004883], [22.763086318969727, 8.226319313049316], [17.75814723968506, 10.763500213623047], [17.771076202392578, 10.799551963806152], [20.831273555755615, 6.983452796936035], [27.5, 0.5], [14.71084976196289, 10.044713973999023]]
[2026-07-07 15:28:32] Marked situation: [0, 0, 0, 0, 0, 0, 0]
[2026-07-07 15:28:32] have_double_effect_times: 0 , is_activating_double_effect: 0 , already_activate_double_effect_times: 0
[2026-07-07 15:28:33] update time left243
[2026-07-07 15:28:33] Marked situation: [0, 0, 0, 0, 0, 0, 0]
[2026-07-07 15:28:33] have_double_effect_times: 0 , is_activating_double_effect: 0 , already_activate_double_effect_times: 0
[2026-07-07 15:28:33] Sent map info: [[0.6284008026123047, 8.549007415771484], [0.0, 0.0], [2.39681, 2.36], [5.986164093017578, 8.553266525268555], [0.5, 14.5], [6.294670104980469, 0.6451308727264404], [22.763086318969727, 8.226319313049316], [17.75814723968506, 10.763500213623047], [17.771076202392578, 10.799551963806152], [20.844132900238037, 6.9718217849731445], [27.5, 0.5], [14.698534965515137, 10.101767539978027]]
[2026-07-07 15:28:33] Sent map infos: [[0.6284008026123047, 8.549007415771484], [0.0, 0.0], [2.39681, 2.36], [5.986164093017578, 8.553266525268555], [0.5, 14.5], [6.294670104980469, 0.6451308727264404], [22.763086318969727, 8.226319313049316], [17.75814723968506, 10.763500213623047], [17.771076202392578, 10.799551963806152], [20.844132900238037, 6.9718217849731445], [27.5, 0.5], [14.698534965515137, 10.101767539978027]]
[2026-07-07 15:28:33] Marked situation: [0, 0, 0, 0, 0, 0, 0]
[2026-07-07 15:28:33] have_double_effect_times: 0 , is_activating_double_effect: 0 , already_activate_double_effect_times: 0
[2026-07-07 15:28:33] Marked situation: [0, 0, 0, 0, 0, 0, 0]
[2026-07-07 15:28:33] have_double_effect_times: 0 , is_activating_double_effect: 0 , already_activate_double_effect_times: 0
[2026-07-07 15:28:33] Sent map info: [[0.6284008026123047, 8.549007415771484], [0.0, 0.0], [2.39681, 2.36], [6.0569000244140625, 8.905179023742676], [0.5, 14.5], [6.2990570068359375, 0.6371607780456543], [22.763086318969727, 8.226319313049316], [17.75814723968506, 10.763500213623047], [17.771076202392578, 10.799551963806152], [20.823996543884277, 6.990035533905029], [27.5, 0.5], [14.796984672546387, 10.094679832458496]]
[2026-07-07 15:28:33] Sent map infos: [[0.6284008026123047, 8.549007415771484], [0.0, 0.0], [2.39681, 2.36], [6.0569000244140625, 8.905179023742676], [0.5, 14.5], [6.2990570068359375, 0.6371607780456543], [22.763086318969727, 8.226319313049316], [17.75814723968506, 10.763500213623047], [17.771076202392578, 10.799551963806152], [20.823996543884277, 6.990035533905029], [27.5, 0.5], [14.796984672546387, 10.094679832458496]]
[2026-07-07 15:28:33] Marked situation: [0, 0, 0, 0, 0, 0, 0]
[2026-07-07 15:28:33] have_double_effect_times: 0 , is_activating_double_effect: 0 , already_activate_double_effect_times: 0
[2026-07-07 15:28:33] Marked situation: [0, 0, 0, 0, 0, 0, 0]
[2026-07-07 15:28:33] have_double_effect_times: 0 , is_activating_double_effect: 0 , already_activate_double_effect_times: 0
[2026-07-07 15:28:33] Sent map info: [[0.6284008026123047, 8.549007415771484], [0.0, 0.0], [2.39681, 2.36], [6.078071594238281, 8.91241455078125], [0.5, 14.5], [6.297878265380859, 0.6393018364906311], [22.763086318969727, 8.226319313049316], [17.75814723968506, 10.763500213623047], [17.771076202392578, 10.799551963806152], [20.827910900115967, 6.986494541168213], [27.5, 0.5], [14.83812141418457, 10.099258422851562]]
[2026-07-07 15:28:33] Sent map infos: [[0.6284008026123047, 8.549007415771484], [0.0, 0.0], [2.39681, 2.36], [6.078071594238281, 8.91241455078125], [0.5, 14.5], [6.297878265380859, 0.6393018364906311], [22.763086318969727, 8.226319313049316], [17.75814723968506, 10.763500213623047], [17.771076202392578, 10.799551963806152], [20.827910900115967, 6.986494541168213], [27.5, 0.5], [14.83812141418457, 10.099258422851562]]
[2026-07-07 15:28:34] update time left242
[2026-07-07 15:28:34] Marked situation: [0, 0, 0, 0, 0, 0, 0]
[2026-07-07 15:28:34] have_double_effect_times: 0 , is_activating_double_effect: 0 , already_activate_double_effect_times: 0
[2026-07-07 15:28:34] Marked situation: [0, 0, 0, 0, 0, 0, 0]
[2026-07-07 15:28:34] have_double_effect_times: 0 , is_activating_double_effect: 0 , already_activate_double_effect_times: 0
[2026-07-07 15:28:34] Sent map info: [[4.86, 11.92], [0.0, 0.0], [2.39681, 2.36], [6.075925827026367, 8.763945579528809], [0.5, 14.5], [6.290260314941406, 0.6531445980072021], [22.763086318969727, 8.226319313049316], [17.75814723968506, 10.763500213623047], [17.771076202392578, 10.799551963806152], [20.776668548583984, 6.980494976043701], [27.5, 0.5], [14.843361854553223, 10.09411334991455]]
[2026-07-07 15:28:34] Sent map infos: [[4.86, 11.92], [0.0, 0.0], [2.39681, 2.36], [6.075925827026367, 8.763945579528809], [0.5, 14.5], [6.290260314941406, 0.6531445980072021], [22.763086318969727, 8.226319313049316], [17.75814723968506, 10.763500213623047], [17.771076202392578, 10.799551963806152], [20.776668548583984, 6.980494976043701], [27.5, 0.5], [14.843361854553223, 10.09411334991455]]
[2026-07-07 15:28:34] Marked situation: [0, 0, 0, 0, 0, 0, 0]
[2026-07-07 15:28:34] have_double_effect_times: 0 , is_activating_double_effect: 0 , already_activate_double_effect_times: 0
[2026-07-07 15:28:34] Marked situation: [0, 0, 0, 0, 0, 0, 0]
[2026-07-07 15:28:34] have_double_effect_times: 0 , is_activating_double_effect: 0 , already_activate_double_effect_times: 0
[2026-07-07 15:28:34] Sent map info: [[4.86, 11.92], [0.0, 0.0], [2.39681, 2.36], [6.211261749267578, 8.567449569702148], [0.5, 14.5], [6.295291900634766, 0.6440023183822632], [22.763086318969727, 8.226319313049316], [17.75814723968506, 10.763500213623047], [17.771076202392578, 10.799551963806152], [20.833561420440674, 6.981383800506592], [27.5, 0.5], [14.83800220489502, 10.099374771118164]]
[2026-07-07 15:28:34] Sent map infos: [[4.86, 11.92], [0.0, 0.0], [2.39681, 2.36], [6.211261749267578, 8.567449569702148], [0.5, 14.5], [6.295291900634766, 0.6440023183822632], [22.763086318969727, 8.226319313049316], [17.75814723968506, 10.763500213623047], [17.771076202392578, 10.799551963806152], [20.833561420440674, 6.981383800506592], [27.5, 0.5], [14.83800220489502, 10.099374771118164]]
[2026-07-07 15:28:34] Marked situation: [0, 0, 0, 0, 0, 0, 0]
[2026-07-07 15:28:34] have_double_effect_times: 0 , is_activating_double_effect: 0 , already_activate_double_effect_times: 0
[2026-07-07 15:28:35] update time left241
[2026-07-07 15:28:35] Marked situation: [0, 0, 0, 0, 0, 0, 0]
[2026-07-07 15:28:35] have_double_effect_times: 0 , is_activating_double_effect: 0 , already_activate_double_effect_times: 0
[2026-07-07 15:28:35] Sent map info: [[4.86, 11.92], [0.0, 0.0], [2.39681, 2.36], [6.308656692504883, 8.310855865478516], [0.5, 14.5], [6.289337158203125, 0.6548231244087219], [22.763086318969727, 8.226319313049316], [17.75814723968506, 10.763500213623047], [17.771076202392578, 10.799551963806152], [20.83461618423462, 6.980429649353027], [27.5, 0.5], [14.834497451782227, 10.102815628051758]]
[2026-07-07 15:28:35] Sent map infos: [[4.86, 11.92], [0.0, 0.0], [2.39681, 2.36], [6.308656692504883, 8.310855865478516], [0.5, 14.5], [6.289337158203125, 0.6548231244087219], [22.763086318969727, 8.226319313049316], [17.75814723968506, 10.763500213623047], [17.771076202392578, 10.799551963806152], [20.83461618423462, 6.980429649353027], [27.5, 0.5], [14.834497451782227, 10.102815628051758]]
[2026-07-07 15:28:35] Marked situation: [0, 0, 0, 0, 0, 0, 0]
[2026-07-07 15:28:35] have_double_effect_times: 0 , is_activating_double_effect: 0 , already_activate_double_effect_times: 0
[2026-07-07 15:28:35] Marked situation: [0, 0, 0, 0, 0, 0, 0]
[2026-07-07 15:28:35] have_double_effect_times: 0 , is_activating_double_effect: 0 , already_activate_double_effect_times: 0
[2026-07-07 15:28:35] Sent map info: [[4.86, 11.92], [0.0, 0.0], [2.39681, 2.36], [6.316625595092773, 8.835086822509766], [0.5, 14.5], [6.311557769775391, 0.7014893889427185], [22.763086318969727, 8.226319313049316], [17.75814723968506, 10.763500213623047], [17.771076202392578, 10.799551963806152], [20.840389251708984, 6.975207805633545], [27.5, 0.5], [14.824714660644531, 10.112419128417969]]
[2026-07-07 15:28:35] Sent map infos: [[4.86, 11.92], [0.0, 0.0], [2.39681, 2.36], [6.316625595092773, 8.835086822509766], [0.5, 14.5], [6.311557769775391, 0.7014893889427185], [22.763086318969727, 8.226319313049316], [17.75814723968506, 10.763500213623047], [17.771076202392578, 10.799551963806152], [20.840389251708984, 6.975207805633545], [27.5, 0.5], [14.824714660644531, 10.112419128417969]]
[2026-07-07 15:28:35] Marked situation: [0, 0, 0, 0, 0, 0, 0]
[2026-07-07 15:28:35] have_double_effect_times: 0 , is_activating_double_effect: 0 , already_activate_double_effect_times: 0
[2026-07-07 15:28:35] Marked situation: [0, 0, 0, 0, 0, 0, 0]
[2026-07-07 15:28:35] have_double_effect_times: 0 , is_activating_double_effect: 0 , already_activate_double_effect_times: 0
[2026-07-07 15:28:35] Sent map info: [[4.86, 11.92], [0.0, 0.0], [2.39681, 2.36], [6.705921173095703, 9.544425964355469], [0.5, 14.5], [6.372358322143555, 0.7219585180282593], [22.763086318969727, 8.226319313049316], [17.75814723968506, 10.763500213623047], [17.771076202392578, 10.799551963806152], [20.83129596710205, 6.983432769775391], [27.5, 0.5], [14.874638557434082, 10.288398742675781]]
[2026-07-07 15:28:35] Sent map infos: [[4.86, 11.92], [0.0, 0.0], [2.39681, 2.36], [6.705921173095703, 9.544425964355469], [0.5, 14.5], [6.372358322143555, 0.7219585180282593], [22.763086318969727, 8.226319313049316], [17.75814723968506, 10.763500213623047], [17.771076202392578, 10.799551963806152], [20.83129596710205, 6.983432769775391], [27.5, 0.5], [14.874638557434082, 10.288398742675781]]
[2026-07-07 15:28:36] update time left240
[2026-07-07 15:28:36] Marked situation: [0, 0, 0, 0, 0, 0, 0]
[2026-07-07 15:28:36] have_double_effect_times: 0 , is_activating_double_effect: 0 , already_activate_double_effect_times: 0
[2026-07-07 15:28:36] Marked situation: [0, 0, 0, 0, 0, 0, 0]
[2026-07-07 15:28:36] have_double_effect_times: 0 , is_activating_double_effect: 0 , already_activate_double_effect_times: 0
[2026-07-07 15:28:36] Sent map info: [[4.86, 11.92], [0.0, 0.0], [2.39681, 2.36], [7.198728561401367, 10.250082015991211], [0.5, 14.5], [6.368799209594727, 0.7283918857574463], [22.763086318969727, 8.226319313049316], [17.75814723968506, 10.763500213623047], [17.771076202392578, 10.799551963806152], [20.830565929412842, 6.984093189239502], [27.5, 0.5], [14.936810493469238, 10.452628135681152]]
[2026-07-07 15:28:36] Sent map infos: [[4.86, 11.92], [0.0, 0.0], [2.39681, 2.36], [7.198728561401367, 10.250082015991211], [0.5, 14.5], [6.368799209594727, 0.7283918857574463], [22.763086318969727, 8.226319313049316], [17.75814723968506, 10.763500213623047], [17.771076202392578, 10.799551963806152], [20.830565929412842, 6.984093189239502], [27.5, 0.5], [14.936810493469238, 10.452628135681152]]
[2026-07-07 15:28:36] Marked situation: [0, 0, 0, 0, 0, 0, 0]
[2026-07-07 15:28:36] have_double_effect_times: 0 , is_activating_double_effect: 0 , already_activate_double_effect_times: 0
[2026-07-07 15:28:36] Marked situation: [0, 0, 0, 0, 0, 0, 0]
[2026-07-07 15:28:36] have_double_effect_times: 0 , is_activating_double_effect: 0 , already_activate_double_effect_times: 0
[2026-07-07 15:28:36] Sent map info: [[4.86, 11.92], [0.0, 0.0], [2.39681, 2.36], [7.840553283691406, 10.913484573364258], [0.5, 14.5], [6.362171173095703, 0.7403690218925476], [22.763086318969727, 8.226319313049316], [17.75814723968506, 10.763500213623047], [17.771076202392578, 10.799551963806152], [20.897921562194824, 6.9756646156311035], [27.5, 0.5], [15.08613395690918, 10.62345027923584]]
[2026-07-07 15:28:36] Sent map infos: [[4.86, 11.92], [0.0, 0.0], [2.39681, 2.36], [7.840553283691406, 10.913484573364258], [0.5, 14.5], [6.362171173095703, 0.7403690218925476], [22.763086318969727, 8.226319313049316], [17.75814723968506, 10.763500213623047], [17.771076202392578, 10.799551963806152], [20.897921562194824, 6.9756646156311035], [27.5, 0.5], [15.08613395690918, 10.62345027923584]]
[2026-07-07 15:28:36] Marked situation: [0, 0, 0, 0, 0, 0, 0]
[2026-07-07 15:28:36] have_double_effect_times: 0 , is_activating_double_effect: 0 , already_activate_double_effect_times: 0
[2026-07-07 15:28:37] update time left239
[2026-07-07 15:28:37] Marked situation: [0, 0, 0, 0, 0, 0, 0]
[2026-07-07 15:28:37] have_double_effect_times: 0 , is_activating_double_effect: 0 , already_activate_double_effect_times: 0
[2026-07-07 15:28:37] Sent map info: [[4.86, 11.92], [0.0, 0.0], [2.39681, 2.36], [8.66254997253418, 11.295578956604004], [0.5, 14.5], [6.419284820556641, 0.7243444919586182], [22.763086318969727, 8.226319313049316], [17.59807777404785, 10.761938095092773], [17.771076202392578, 10.799551963806152], [20.822795391082764, 6.991121768951416], [27.5, 0.5], [15.148880958557129, 10.698408126831055]]
[2026-07-07 15:28:37] Sent map infos: [[4.86, 11.92], [0.0, 0.0], [2.39681, 2.36], [8.66254997253418, 11.295578956604004], [0.5, 14.5], [6.419284820556641, 0.7243444919586182], [22.763086318969727, 8.226319313049316], [17.59807777404785, 10.761938095092773], [17.771076202392578, 10.799551963806152], [20.822795391082764, 6.991121768951416], [27.5, 0.5], [15.148880958557129, 10.698408126831055]]
[2026-07-07 15:28:37] Marked situation: [0, 0, 0, 0, 0, 0, 0]
[2026-07-07 15:28:37] have_double_effect_times: 0 , is_activating_double_effect: 0 , already_activate_double_effect_times: 0
[2026-07-07 15:28:37] Marked situation: [0, 0, 0, 0, 0, 0, 0]
[2026-07-07 15:28:37] have_double_effect_times: 0 , is_activating_double_effect: 0 , already_activate_double_effect_times: 0
[2026-07-07 15:28:37] Sent map info: [[4.86, 11.92], [0.0, 0.0], [2.39681, 2.36], [8.836736679077148, 11.360703468322754], [0.5, 14.5], [6.480546951293945, 0.7448103427886963], [22.763086318969727, 8.226319313049316], [17.59807777404785, 10.761938095092773], [17.771076202392578, 10.799551963806152], [20.893733024597168, 6.979446887969971], [27.5, 0.5], [15.104114532470703, 10.696121215820312]]
[2026-07-07 15:28:37] Sent map infos: [[4.86, 11.92], [0.0, 0.0], [2.39681, 2.36], [8.836736679077148, 11.360703468322754], [0.5, 14.5], [6.480546951293945, 0.7448103427886963], [22.763086318969727, 8.226319313049316], [17.59807777404785, 10.761938095092773], [17.771076202392578, 10.799551963806152], [20.893733024597168, 6.979446887969971], [27.5, 0.5], [15.104114532470703, 10.696121215820312]]
[2026-07-07 15:28:37] Marked situation: [0, 0, 0, 0, 0, 0, 0]
[2026-07-07 15:28:37] have_double_effect_times: 0 , is_activating_double_effect: 0 , already_activate_double_effect_times: 0
[2026-07-07 15:28:37] Marked situation: [0, 0, 0, 0, 0, 0, 0]
[2026-07-07 15:28:37] have_double_effect_times: 0 , is_activating_double_effect: 0 , already_activate_double_effect_times: 0
[2026-07-07 15:28:37] Sent map info: [[4.86, 11.92], [0.0, 0.0], [2.39681, 2.36], [8.836736679077148, 11.360703468322754], [0.5, 14.5], [6.618686676025391, 0.6718431115150452], [22.763086318969727, 8.226319313049316], [17.59807777404785, 10.761938095092773], [17.771076202392578, 10.799551963806152], [20.8175106048584, 6.995902061462402], [27.5, 0.5], [15.15519905090332, 10.692395210266113]]
[2026-07-07 15:28:37] Sent map infos: [[4.86, 11.92], [0.0, 0.0], [2.39681, 2.36], [8.836736679077148, 11.360703468322754], [0.5, 14.5], [6.618686676025391, 0.6718431115150452], [22.763086318969727, 8.226319313049316], [17.59807777404785, 10.761938095092773], [17.771076202392578, 10.799551963806152], [20.8175106048584, 6.995902061462402], [27.5, 0.5], [15.15519905090332, 10.692395210266113]]
[2026-07-07 15:28:38] update time left238
[2026-07-07 15:28:38] Marked situation: [0, 0, 0, 0, 0, 0, 0]
[2026-07-07 15:28:38] have_double_effect_times: 0 , is_activating_double_effect: 0 , already_activate_double_effect_times: 0
[2026-07-07 15:28:38] Marked situation: [0, 0, 0, 0, 0, 0, 0]
[2026-07-07 15:28:38] have_double_effect_times: 0 , is_activating_double_effect: 0 , already_activate_double_effect_times: 0
[2026-07-07 15:28:38] Sent map info: [[4.86, 11.92], [0.0, 0.0], [2.39681, 2.36], [8.836736679077148, 11.360703468322754], [0.5, 14.5], [6.643207550048828, 0.6717702150344849], [22.763086318969727, 8.226319313049316], [17.59807777404785, 10.761938095092773], [17.771076202392578, 10.799551963806152], [20.840230464935303, 6.975351333618164], [27.5, 0.5], [15.20546817779541, 10.689571380615234]]
[2026-07-07 15:28:38] Sent map infos: [[4.86, 11.92], [0.0, 0.0], [2.39681, 2.36], [8.836736679077148, 11.360703468322754], [0.5, 14.5], [6.643207550048828, 0.6717702150344849], [22.763086318969727, 8.226319313049316], [17.59807777404785, 10.761938095092773], [17.771076202392578, 10.799551963806152], [20.840230464935303, 6.975351333618164], [27.5, 0.5], [15.20546817779541, 10.689571380615234]]
[2026-07-07 15:28:38] Marked situation: [0, 0, 0, 0, 0, 0, 0]
[2026-07-07 15:28:38] have_double_effect_times: 0 , is_activating_double_effect: 0 , already_activate_double_effect_times: 0
[2026-07-07 15:28:38] Marked situation: [0, 0, 0, 0, 0, 0, 0]
[2026-07-07 15:28:38] have_double_effect_times: 0 , is_activating_double_effect: 0 , already_activate_double_effect_times: 0
[2026-07-07 15:28:38] Sent map info: [[2.9560604095458984, 3.847628593444824], [0.0, 0.0], [2.39681, 2.36], [2.39681, 2.36], [0.5, 14.5], [6.700811386108398, 0.700385332107544], [22.763086318969727, 8.226319313049316], [17.59807777404785, 10.761938095092773], [17.771076202392578, 10.799551963806152], [20.82258415222168, 6.9913129806518555], [27.5, 0.5], [15.187981605529785, 10.706186294555664]]
[2026-07-07 15:28:38] Sent map infos: [[2.9560604095458984, 3.847628593444824], [0.0, 0.0], [2.39681, 2.36], [2.39681, 2.36], [0.5, 14.5], [6.700811386108398, 0.700385332107544], [22.763086318969727, 8.226319313049316], [17.59807777404785, 10.761938095092773], [17.771076202392578, 10.799551963806152], [20.82258415222168, 6.9913129806518555], [27.5, 0.5], [15.187981605529785, 10.706186294555664]]
[2026-07-07 15:28:38] Marked situation: [0, 0, 0, 0, 0, 0, 0]
[2026-07-07 15:28:38] have_double_effect_times: 0 , is_activating_double_effect: 0 , already_activate_double_effect_times: 0
[2026-07-07 15:28:39] update time left237
[2026-07-07 15:28:39] Marked situation: [0, 0, 0, 0, 0, 0, 0]
[2026-07-07 15:28:39] have_double_effect_times: 0 , is_activating_double_effect: 0 , already_activate_double_effect_times: 0
[2026-07-07 15:28:39] Sent map info: [[7.067876815795898, 3.642115831375122], [0.0, 0.0], [2.39681, 2.36], [2.39681, 2.36], [0.5, 14.5], [6.715410232543945, 0.6743863224983215], [22.763086318969727, 8.226319313049316], [17.59807777404785, 10.761938095092773], [17.771076202392578, 10.799551963806152], [20.82848596572876, 6.985974311828613], [27.5, 0.5], [15.150018692016602, 10.697325706481934]]
[2026-07-07 15:28:39] Sent map infos: [[7.067876815795898, 3.642115831375122], [0.0, 0.0], [2.39681, 2.36], [2.39681, 2.36], [0.5, 14.5], [6.715410232543945, 0.6743863224983215], [22.763086318969727, 8.226319313049316], [17.59807777404785, 10.761938095092773], [17.771076202392578, 10.799551963806152], [20.82848596572876, 6.985974311828613], [27.5, 0.5], [15.150018692016602, 10.697325706481934]]
[2026-07-07 15:28:39] Marked situation: [0, 0, 0, 0, 0, 0, 0]
[2026-07-07 15:28:39] have_double_effect_times: 0 , is_activating_double_effect: 0 , already_activate_double_effect_times: 0
[2026-07-07 15:28:39] Marked situation: [0, 0, 0, 0, 0, 0, 0]
[2026-07-07 15:28:39] have_double_effect_times: 0 , is_activating_double_effect: 0 , already_activate_double_effect_times: 0
[2026-07-07 15:28:39] Sent map info: [[8.975229263305664, 3.3353354930877686], [0.0, 0.0], [2.39681, 2.36], [12.115185737609863, 12.4441499710083], [0.5, 14.5], [6.652162551879883, 0.6995500922203064], [22.763086318969727, 8.226319313049316], [17.59807777404785, 10.761938095092773], [17.771076202392578, 10.799551963806152], [20.824114322662354, 6.989928722381592], [27.5, 0.5], [15.227428436279297, 10.758723258972168]]
[2026-07-07 15:28:39] Sent map infos: [[8.975229263305664, 3.3353354930877686], [0.0, 0.0], [2.39681, 2.36], [12.115185737609863, 12.4441499710083], [0.5, 14.5], [6.652162551879883, 0.6995500922203064], [22.763086318969727, 8.226319313049316], [17.59807777404785, 10.761938095092773], [17.771076202392578, 10.799551963806152], [20.824114322662354, 6.989928722381592], [27.5, 0.5], [15.227428436279297, 10.758723258972168]]
[2026-07-07 15:28:39] Marked situation: [0, 0, 0, 0, 0, 0, 0]
[2026-07-07 15:28:39] have_double_effect_times: 0 , is_activating_double_effect: 0 , already_activate_double_effect_times: 0
[2026-07-07 15:28:39] Marked situation: [0, 0, 0, 0, 0, 0, 0]
[2026-07-07 15:28:39] have_double_effect_times: 0 , is_activating_double_effect: 0 , already_activate_double_effect_times: 0
[2026-07-07 15:28:39] Sent map info: [[9.748197555541992, 3.7432026863098145], [0.0, 0.0], [2.39681, 2.36], [13.837462425231934, 12.460602760314941], [0.5, 14.5], [6.7240142822265625, 0.7467072010040283], [22.763086318969727, 8.226319313049316], [17.59807777404785, 10.761938095092773], [17.771076202392578, 10.799551963806152], [20.83580732345581, 6.979351997375488], [27.5, 0.5], [15.309117317199707, 10.906537055969238]]
[2026-07-07 15:28:39] Sent map infos: [[9.748197555541992, 3.7432026863098145], [0.0, 0.0], [2.39681, 2.36], [13.837462425231934, 12.460602760314941], [0.5, 14.5], [6.7240142822265625, 0.7467072010040283], [22.763086318969727, 8.226319313049316], [17.59807777404785, 10.761938095092773], [17.771076202392578, 10.799551963806152], [20.83580732345581, 6.979351997375488], [27.5, 0.5], [15.309117317199707, 10.906537055969238]]
[2026-07-07 15:28:40] update time left236
[2026-07-07 15:28:40] Marked situation: [0, 0, 0, 0, 0, 0, 0]
[2026-07-07 15:28:40] have_double_effect_times: 0 , is_activating_double_effect: 0 , already_activate_double_effect_times: 0
[2026-07-07 15:28:40] Marked situation: [0, 0, 0, 0, 0, 0, 0]
[2026-07-07 15:28:40] have_double_effect_times: 0 , is_activating_double_effect: 0 , already_activate_double_effect_times: 0
[2026-07-07 15:28:40] Sent map info: [[10.033023834228516, 3.9137864112854004], [0.0, 0.0], [2.39681, 2.36], [14.5079927444458, 12.530084609985352], [0.5, 14.5], [6.715770721435547, 0.7175663709640503], [22.763086318969727, 8.226319313049316], [17.59807777404785, 10.761938095092773], [17.771076202392578, 10.799551963806152], [20.843466758728027, 6.972424030303955], [27.5, 0.5], [15.338650703430176, 10.923784255981445]]
[2026-07-07 15:28:40] Sent map infos: [[10.033023834228516, 3.9137864112854004], [0.0, 0.0], [2.39681, 2.36], [14.5079927444458, 12.530084609985352], [0.5, 14.5], [6.715770721435547, 0.7175663709640503], [22.763086318969727, 8.226319313049316], [17.59807777404785, 10.761938095092773], [17.771076202392578, 10.799551963806152], [20.843466758728027, 6.972424030303955], [27.5, 0.5], [15.338650703430176, 10.923784255981445]]
[2026-07-07 15:28:40] Marked situation: [0, 0, 0, 0, 0, 0, 0]
[2026-07-07 15:28:40] have_double_effect_times: 0 , is_activating_double_effect: 0 , already_activate_double_effect_times: 0
[2026-07-07 15:28:40] Marked situation: [0, 0, 0, 0, 0, 0, 0]
[2026-07-07 15:28:40] have_double_effect_times: 0 , is_activating_double_effect: 0 , already_activate_double_effect_times: 0
[2026-07-07 15:28:40] Sent map info: [[10.426055908203125, 4.120882987976074], [0.0, 0.0], [2.39681, 2.36], [14.755126953125, 12.479459762573242], [0.5, 14.5], [6.814208984375, 0.718231201171875], [22.763086318969727, 8.226319313049316], [17.59807777404785, 10.761938095092773], [17.771076202392578, 10.799551963806152], [20.825566291809082, 6.9886155128479], [27.5, 0.5], [15.284056663513184, 10.930088996887207]]
[2026-07-07 15:28:40] Sent map infos: [[10.426055908203125, 4.120882987976074], [0.0, 0.0], [2.39681, 2.36], [14.755126953125, 12.479459762573242], [0.5, 14.5], [6.814208984375, 0.718231201171875], [22.763086318969727, 8.226319313049316], [17.59807777404785, 10.761938095092773], [17.771076202392578, 10.799551963806152], [20.825566291809082, 6.9886155128479], [27.5, 0.5], [15.284056663513184, 10.930088996887207]]
[2026-07-07 15:28:40] Marked situation: [0, 0, 0, 0, 0, 0, 0]
[2026-07-07 15:28:40] have_double_effect_times: 0 , is_activating_double_effect: 0 , already_activate_double_effect_times: 0
[2026-07-07 15:28:41] update time left235
[2026-07-07 15:28:41] Marked situation: [0, 0, 0, 0, 0, 0, 0]
[2026-07-07 15:28:41] have_double_effect_times: 0 , is_activating_double_effect: 0 , already_activate_double_effect_times: 0
[2026-07-07 15:28:41] Sent map info: [[10.570371627807617, 4.145143985748291], [0.0, 0.0], [2.39681, 2.36], [15.04291820526123, 12.482444763183594], [0.5, 14.5], [6.886791229248047, 0.7216540575027466], [22.763086318969727, 8.226319313049316], [17.59807777404785, 10.761938095092773], [17.771076202392578, 10.799551963806152], [20.82641839981079, 6.987844944000244], [27.5, 0.5], [15.346232414245605, 10.916669845581055]]
[2026-07-07 15:28:41] Sent map infos: [[10.570371627807617, 4.145143985748291], [0.0, 0.0], [2.39681, 2.36], [15.04291820526123, 12.482444763183594], [0.5, 14.5], [6.886791229248047, 0.7216540575027466], [22.763086318969727, 8.226319313049316], [17.59807777404785, 10.761938095092773], [17.771076202392578, 10.799551963806152], [20.82641839981079, 6.987844944000244], [27.5, 0.5], [15.346232414245605, 10.916669845581055]]
[2026-07-07 15:28:41] Marked situation: [0, 0, 0, 0, 0, 0, 0]
[2026-07-07 15:28:41] have_double_effect_times: 0 , is_activating_double_effect: 0 , already_activate_double_effect_times: 0
[2026-07-07 15:28:41] Marked situation: [0, 0, 0, 0, 0, 0, 0]
[2026-07-07 15:28:41] have_double_effect_times: 0 , is_activating_double_effect: 0 , already_activate_double_effect_times: 0
[2026-07-07 15:28:41] Sent map info: [[10.533819198608398, 4.150752067565918], [0.0, 0.0], [2.39681, 2.36], [15.073338508605957, 12.542847633361816], [0.5, 14.5], [6.785562515258789, 0.8127673268318176], [22.763086318969727, 8.226319313049316], [17.59807777404785, 10.761938095092773], [17.771076202392578, 10.799551963806152], [20.82787275314331, 6.9865288734436035], [27.5, 0.5], [15.378658294677734, 11.021272659301758]]
[2026-07-07 15:28:41] Sent map infos: [[10.533819198608398, 4.150752067565918], [0.0, 0.0], [2.39681, 2.36], [15.073338508605957, 12.542847633361816], [0.5, 14.5], [6.785562515258789, 0.8127673268318176], [22.763086318969727, 8.226319313049316], [17.59807777404785, 10.761938095092773], [17.771076202392578, 10.799551963806152], [20.82787275314331, 6.9865288734436035], [27.5, 0.5], [15.378658294677734, 11.021272659301758]]
[2026-07-07 15:28:41] Marked situation: [0, 0, 0, 0, 0, 0, 0]
[2026-07-07 15:28:41] have_double_effect_times: 0 , is_activating_double_effect: 0 , already_activate_double_effect_times: 0
[2026-07-07 15:28:41] Marked situation: [0, 0, 0, 0, 0, 0, 0]
[2026-07-07 15:28:41] have_double_effect_times: 0 , is_activating_double_effect: 0 , already_activate_double_effect_times: 0
[2026-07-07 15:28:41] Sent map info: [[10.346275329589844, 4.097727298736572], [0.0, 0.0], [2.39681, 2.36], [15.444954872131348, 12.6090726852417], [0.5, 14.5], [6.877422332763672, 0.7820917367935181], [22.763086318969727, 8.226319313049316], [17.59807777404785, 10.761938095092773], [17.771076202392578, 10.799551963806152], [20.830547332763672, 6.984109878540039], [27.5, 0.5], [15.424918174743652, 11.158015251159668]]
[2026-07-07 15:28:41] Sent map infos: [[10.346275329589844, 4.097727298736572], [0.0, 0.0], [2.39681, 2.36], [15.444954872131348, 12.6090726852417], [0.5, 14.5], [6.877422332763672, 0.7820917367935181], [22.763086318969727, 8.226319313049316], [17.59807777404785, 10.761938095092773], [17.771076202392578, 10.799551963806152], [20.830547332763672, 6.984109878540039], [27.5, 0.5], [15.424918174743652, 11.158015251159668]]
[2026-07-07 15:28:42] update time left234
[2026-07-07 15:28:42] Marked situation: [0, 0, 0, 0, 0, 0, 0]
[2026-07-07 15:28:42] have_double_effect_times: 0 , is_activating_double_effect: 0 , already_activate_double_effect_times: 0
[2026-07-07 15:28:42] Marked situation: [0, 0, 0, 0, 0, 0, 0]
[2026-07-07 15:28:42] have_double_effect_times: 0 , is_activating_double_effect: 0 , already_activate_double_effect_times: 0
[2026-07-07 15:28:42] Sent map info: [[10.665946960449219, 4.193099498748779], [0.0, 0.0], [2.39681, 2.36], [15.769660949707031, 12.545970916748047], [0.5, 14.5], [6.949069976806641, 0.7877590656280518], [22.763086318969727, 8.226319313049316], [17.59807777404785, 10.761938095092773], [17.771076202392578, 10.799551963806152], [20.818767547607422, 6.994764804840088], [27.5, 0.5], [15.683940887451172, 11.36948299407959]]
[2026-07-07 15:28:42] Sent map infos: [[10.665946960449219, 4.193099498748779], [0.0, 0.0], [2.39681, 2.36], [15.769660949707031, 12.545970916748047], [0.5, 14.5], [6.949069976806641, 0.7877590656280518], [22.763086318969727, 8.226319313049316], [17.59807777404785, 10.761938095092773], [17.771076202392578, 10.799551963806152], [20.818767547607422, 6.994764804840088], [27.5, 0.5], [15.683940887451172, 11.36948299407959]]
[2026-07-07 15:28:42] Marked situation: [0, 0, 0, 0, 0, 0, 0]
[2026-07-07 15:28:42] have_double_effect_times: 0 , is_activating_double_effect: 0 , already_activate_double_effect_times: 0
[2026-07-07 15:28:42] Marked situation: [0, 0, 0, 0, 0, 0, 0]
[2026-07-07 15:28:42] have_double_effect_times: 0 , is_activating_double_effect: 0 , already_activate_double_effect_times: 0
[2026-07-07 15:28:42] Sent map info: [[13.54372787475586, 5.1289567947387695], [0.0, 0.0], [2.39681, 2.36], [15.921910285949707, 12.457777976989746], [0.5, 14.5], [6.890718460083008, 0.8464275002479553], [22.763086318969727, 8.226319313049316], [17.59807777404785, 10.761938095092773], [17.771076202392578, 10.799551963806152], [20.841341972351074, 6.974346160888672], [27.5, 0.5], [15.654067993164062, 11.441761016845703]]
[2026-07-07 15:28:42] Sent map infos: [[13.54372787475586, 5.1289567947387695], [0.0, 0.0], [2.39681, 2.36], [15.921910285949707, 12.457777976989746], [0.5, 14.5], [6.890718460083008, 0.8464275002479553], [22.763086318969727, 8.226319313049316], [17.59807777404785, 10.761938095092773], [17.771076202392578, 10.799551963806152], [20.841341972351074, 6.974346160888672], [27.5, 0.5], [15.654067993164062, 11.441761016845703]]
[2026-07-07 15:28:42] Marked situation: [0, 0, 0, 0, 0, 0, 0]
[2026-07-07 15:28:42] have_double_effect_times: 0 , is_activating_double_effect: 0 , already_activate_double_effect_times: 0
[2026-07-07 15:28:43] update time left233
[2026-07-07 15:28:43] Marked situation: [0, 0, 0, 0, 0, 0, 0]
[2026-07-07 15:28:43] have_double_effect_times: 0 , is_activating_double_effect: 0 , already_activate_double_effect_times: 0
[2026-07-07 15:28:43] Sent map info: [[14.897505760192871, 5.585505962371826], [0.0, 0.0], [2.39681, 2.36], [15.982708930969238, 12.360066413879395], [0.5, 14.5], [6.925758361816406, 0.8287127017974854], [22.763086318969727, 8.226319313049316], [17.59807777404785, 10.761938095092773], [17.771076202392578, 10.799551963806152], [20.828113079071045, 6.986311912536621], [27.5, 0.5], [15.653921127319336, 11.441895484924316]]
[2026-07-07 15:28:43] Sent map infos: [[14.897505760192871, 5.585505962371826], [0.0, 0.0], [2.39681, 2.36], [15.982708930969238, 12.360066413879395], [0.5, 14.5], [6.925758361816406, 0.8287127017974854], [22.763086318969727, 8.226319313049316], [17.59807777404785, 10.761938095092773], [17.771076202392578, 10.799551963806152], [20.828113079071045, 6.986311912536621], [27.5, 0.5], [15.653921127319336, 11.441895484924316]]
[2026-07-07 15:28:43] Marked situation: [0, 0, 0, 0, 0, 0, 0]
[2026-07-07 15:28:43] have_double_effect_times: 0 , is_activating_double_effect: 0 , already_activate_double_effect_times: 0
[2026-07-07 15:28:43] Marked situation: [0, 0, 0, 0, 0, 0, 0]
[2026-07-07 15:28:43] have_double_effect_times: 0 , is_activating_double_effect: 0 , already_activate_double_effect_times: 0
[2026-07-07 15:28:43] Sent map info: [[16.76674747467041, 5.8239312171936035], [0.0, 0.0], [2.39681, 2.36], [16.266225814819336, 12.33818531036377], [0.5, 14.5], [6.940279006958008, 0.8471161127090454], [22.763086318969727, 8.226319313049316], [17.59807777404785, 10.761938095092773], [17.771076202392578, 10.799551963806152], [20.827173233032227, 6.987162113189697], [27.5, 0.5], [15.669407844543457, 11.427773475646973]]
[2026-07-07 15:28:43] Sent map infos: [[16.76674747467041, 5.8239312171936035], [0.0, 0.0], [2.39681, 2.36], [16.266225814819336, 12.33818531036377], [0.5, 14.5], [6.940279006958008, 0.8471161127090454], [22.763086318969727, 8.226319313049316], [17.59807777404785, 10.761938095092773], [17.771076202392578, 10.799551963806152], [20.827173233032227, 6.987162113189697], [27.5, 0.5], [15.669407844543457, 11.427773475646973]]
[2026-07-07 15:28:43] Marked situation: [0, 0, 0, 0, 0, 0, 0]
[2026-07-07 15:28:43] have_double_effect_times: 0 , is_activating_double_effect: 0 , already_activate_double_effect_times: 0
[2026-07-07 15:28:43] Marked situation: [0, 0, 0, 0, 0, 0, 0]
[2026-07-07 15:28:43] have_double_effect_times: 0 , is_activating_double_effect: 0 , already_activate_double_effect_times: 0
[2026-07-07 15:28:43] Sent map info: [[18.350126266479492, 6.147288799285889], [0.0, 0.0], [2.39681, 2.36], [16.352553367614746, 12.308627128601074], [0.5, 14.5], [6.996009826660156, 0.8812069296836853], [22.763086318969727, 8.226319313049316], [17.59807777404785, 10.761938095092773], [17.771076202392578, 10.799551963806152], [20.785181045532227, 6.972782611846924], [27.5, 0.5], [15.661215782165527, 11.435243606567383]]
[2026-07-07 15:28:43] Sent map infos: [[18.350126266479492, 6.147288799285889], [0.0, 0.0], [2.39681, 2.36], [16.352553367614746, 12.308627128601074], [0.5, 14.5], [6.996009826660156, 0.8812069296836853], [22.763086318969727, 8.226319313049316], [17.59807777404785, 10.761938095092773], [17.771076202392578, 10.799551963806152], [20.785181045532227, 6.972782611846924], [27.5, 0.5], [15.661215782165527, 11.435243606567383]]
[2026-07-07 15:28:44] update time left232
[2026-07-07 15:28:44] Marked situation: [0, 0, 0, 0, 0, 0, 0]
[2026-07-07 15:28:44] have_double_effect_times: 0 , is_activating_double_effect: 0 , already_activate_double_effect_times: 0
[2026-07-07 15:28:44] Marked situation: [0, 0, 0, 0, 0, 0, 0]
[2026-07-07 15:28:44] have_double_effect_times: 0 , is_activating_double_effect: 0 , already_activate_double_effect_times: 0
[2026-07-07 15:28:44] Sent map info: [[19.721610069274902, 6.501658916473389], [0.0, 0.0], [2.39681, 2.36], [16.469823837280273, 12.297867774963379], [0.5, 14.5], [6.942720413208008, 0.8867160677909851], [22.763086318969727, 8.226319313049316], [17.59807777404785, 10.761938095092773], [17.771076202392578, 10.799551963806152], [20.869972229003906, 7.0009050369262695], [27.5, 0.5], [15.740914344787598, 11.452738761901855]]
[2026-07-07 15:28:44] Sent map infos: [[19.721610069274902, 6.501658916473389], [0.0, 0.0], [2.39681, 2.36], [16.469823837280273, 12.297867774963379], [0.5, 14.5], [6.942720413208008, 0.8867160677909851], [22.763086318969727, 8.226319313049316], [17.59807777404785, 10.761938095092773], [17.771076202392578, 10.799551963806152], [20.869972229003906, 7.0009050369262695], [27.5, 0.5], [15.740914344787598, 11.452738761901855]]
[2026-07-07 15:28:44] Marked situation: [0, 0, 0, 0, 0, 0, 0]
[2026-07-07 15:28:44] have_double_effect_times: 0 , is_activating_double_effect: 0 , already_activate_double_effect_times: 0
[2026-07-07 15:28:44] Marked situation: [0, 0, 0, 0, 0, 0, 0]
[2026-07-07 15:28:44] have_double_effect_times: 0 , is_activating_double_effect: 0 , already_activate_double_effect_times: 0
[2026-07-07 15:28:44] Sent map info: [[19.720794677734375, 6.502431869506836], [0.0, 0.0], [2.39681, 2.36], [16.520100593566895, 12.2545747756958], [0.5, 14.5], [6.998950958251953, 0.9199731945991516], [22.763086318969727, 8.226319313049316], [17.59807777404785, 10.761938095092773], [18.36566734313965, 10.521345138549805], [20.91596794128418, 7.011859893798828], [27.5, 0.5], [15.798493385314941, 11.580761909484863]]
[2026-07-07 15:28:44] Sent map infos: [[19.720794677734375, 6.502431869506836], [0.0, 0.0], [2.39681, 2.36], [16.520100593566895, 12.2545747756958], [0.5, 14.5], [6.998950958251953, 0.9199731945991516], [22.763086318969727, 8.226319313049316], [17.59807777404785, 10.761938095092773], [18.36566734313965, 10.521345138549805], [20.91596794128418, 7.011859893798828], [27.5, 0.5], [15.798493385314941, 11.580761909484863]]
[2026-07-07 15:28:44] Marked situation: [0, 0, 0, 0, 0, 0, 0]
[2026-07-07 15:28:44] have_double_effect_times: 0 , is_activating_double_effect: 0 , already_activate_double_effect_times: 0
[2026-07-07 15:28:45] update time left231
[2026-07-07 15:28:45] Marked situation: [0, 0, 0, 0, 0, 0, 0]
[2026-07-07 15:28:45] have_double_effect_times: 0 , is_activating_double_effect: 0 , already_activate_double_effect_times: 0
[2026-07-07 15:28:45] Sent map info: [[19.72830581665039, 6.495316028594971], [0.0, 0.0], [2.39681, 2.36], [16.545089721679688, 12.278404235839844], [0.5, 14.5], [6.990655899047852, 0.9344655275344849], [22.763086318969727, 8.226319313049316], [17.59807777404785, 10.761938095092773], [18.608548164367676, 10.407915115356445], [20.916988372802734, 7.010939598083496], [27.5, 0.5], [15.781889915466309, 11.595756530761719]]
[2026-07-07 15:28:45] Sent map infos: [[19.72830581665039, 6.495316028594971], [0.0, 0.0], [2.39681, 2.36], [16.545089721679688, 12.278404235839844], [0.5, 14.5], [6.990655899047852, 0.9344655275344849], [22.763086318969727, 8.226319313049316], [17.59807777404785, 10.761938095092773], [18.608548164367676, 10.407915115356445], [20.916988372802734, 7.010939598083496], [27.5, 0.5], [15.781889915466309, 11.595756530761719]]
[2026-07-07 15:28:45] Marked situation: [0, 0, 0, 0, 0, 0, 0]
[2026-07-07 15:28:45] have_double_effect_times: 0 , is_activating_double_effect: 0 , already_activate_double_effect_times: 0
[2026-07-07 15:28:45] Marked situation: [0, 0, 0, 0, 0, 0, 0]
[2026-07-07 15:28:45] have_double_effect_times: 0 , is_activating_double_effect: 0 , already_activate_double_effect_times: 0
[2026-07-07 15:28:45] Sent map info: [[19.676288604736328, 6.492981910705566], [0.0, 0.0], [2.39681, 2.36], [16.578238487243652, 12.295276641845703], [0.5, 14.5], [6.943485260009766, 0.9292369484901428], [22.763086318969727, 8.226319313049316], [17.59807777404785, 10.761938095092773], [19.1533260345459, 9.839712142944336], [19.202187538146973, 9.797428131103516], [27.5, 0.5], [15.736175537109375, 11.592080116271973]]
[2026-07-07 15:28:45] Sent map infos: [[19.676288604736328, 6.492981910705566], [0.0, 0.0], [2.39681, 2.36], [16.578238487243652, 12.295276641845703], [0.5, 14.5], [6.943485260009766, 0.9292369484901428], [22.763086318969727, 8.226319313049316], [17.59807777404785, 10.761938095092773], [19.1533260345459, 9.839712142944336], [19.202187538146973, 9.797428131103516], [27.5, 0.5], [15.736175537109375, 11.592080116271973]]
[2026-07-07 15:28:45] Marked situation: [0, 0, 0, 0, 0, 0, 0]
[2026-07-07 15:28:45] have_double_effect_times: 0 , is_activating_double_effect: 0 , already_activate_double_effect_times: 0
[2026-07-07 15:28:45] Marked situation: [0, 0, 0, 0, 0, 0, 0]
[2026-07-07 15:28:45] have_double_effect_times: 0 , is_activating_double_effect: 0 , already_activate_double_effect_times: 0
[2026-07-07 15:28:45] Sent map info: [[19.678780555725098, 6.4906182289123535], [0.0, 0.0], [2.39681, 2.36], [16.485952377319336, 12.283980369567871], [0.5, 14.5], [7.330654144287109, 0.8288301825523376], [22.763086318969727, 8.226319313049316], [17.59807777404785, 10.761938095092773], [19.1533260345459, 9.839712142944336], [20.915015697479248, 7.012718200683594], [27.5, 0.5], [15.825455665588379, 11.646513938903809]]
[2026-07-07 15:28:45] Sent map infos: [[19.678780555725098, 6.4906182289123535], [0.0, 0.0], [2.39681, 2.36], [16.485952377319336, 12.283980369567871], [0.5, 14.5], [7.330654144287109, 0.8288301825523376], [22.763086318969727, 8.226319313049316], [17.59807777404785, 10.761938095092773], [19.1533260345459, 9.839712142944336], [20.915015697479248, 7.012718200683594], [27.5, 0.5], [15.825455665588379, 11.646513938903809]]
[2026-07-07 15:28:46] update time left230
[2026-07-07 15:28:46] Marked situation: [0, 0, 0, 0, 0, 0, 0]
[2026-07-07 15:28:46] have_double_effect_times: 0 , is_activating_double_effect: 0 , already_activate_double_effect_times: 0
[2026-07-07 15:28:46] Marked situation: [0, 0, 0, 0, 0, 0, 0]
[2026-07-07 15:28:46] have_double_effect_times: 0 , is_activating_double_effect: 0 , already_activate_double_effect_times: 0
[2026-07-07 15:28:46] Sent map info: [[19.675772666931152, 6.493471622467041], [0.0, 0.0], [2.39681, 2.36], [16.45462703704834, 12.356170654296875], [0.5, 14.5], [7.303766250610352, 0.8310262560844421], [22.763086318969727, 8.226319313049316], [17.59807777404785, 10.761938095092773], [19.1533260345459, 9.839712142944336], [20.969651222229004, 7.015998840332031], [27.5, 0.5], [15.858163833618164, 11.752169609069824]]
[2026-07-07 15:28:46] Sent map infos: [[19.675772666931152, 6.493471622467041], [0.0, 0.0], [2.39681, 2.36], [16.45462703704834, 12.356170654296875], [0.5, 14.5], [7.303766250610352, 0.8310262560844421], [22.763086318969727, 8.226319313049316], [17.59807777404785, 10.761938095092773], [19.1533260345459, 9.839712142944336], [20.969651222229004, 7.015998840332031], [27.5, 0.5], [15.858163833618164, 11.752169609069824]]
[2026-07-07 15:28:46] Marked situation: [0, 0, 0, 0, 0, 0, 0]
[2026-07-07 15:28:46] have_double_effect_times: 0 , is_activating_double_effect: 0 , already_activate_double_effect_times: 0
[2026-07-07 15:28:46] Marked situation: [0, 0, 0, 0, 0, 0, 0]
[2026-07-07 15:28:46] have_double_effect_times: 0 , is_activating_double_effect: 0 , already_activate_double_effect_times: 0
[2026-07-07 15:28:46] Sent map info: [[19.67696475982666, 6.492340564727783], [0.0, 0.0], [2.39681, 2.36], [16.398221015930176, 12.35952377319336], [0.5, 14.5], [7.279428482055664, 0.8730590343475342], [22.763086318969727, 8.226319313049316], [17.59807777404785, 10.761938095092773], [19.1533260345459, 9.839712142944336], [20.97431516647339, 7.011800289154053], [27.5, 0.5], [15.963325500488281, 11.838345527648926]]
[2026-07-07 15:28:46] Sent map infos: [[19.67696475982666, 6.492340564727783], [0.0, 0.0], [2.39681, 2.36], [16.398221015930176, 12.35952377319336], [0.5, 14.5], [7.279428482055664, 0.8730590343475342], [22.763086318969727, 8.226319313049316], [17.59807777404785, 10.761938095092773], [19.1533260345459, 9.839712142944336], [20.97431516647339, 7.011800289154053], [27.5, 0.5], [15.963325500488281, 11.838345527648926]]
[2026-07-07 15:28:46] Marked situation: [0, 0, 0, 0, 0, 0, 0]
[2026-07-07 15:28:46] have_double_effect_times: 0 , is_activating_double_effect: 0 , already_activate_double_effect_times: 0
[2026-07-07 15:28:47] update time left229
[2026-07-07 15:28:47] Marked situation: [0, 0, 0, 0, 0, 0, 0]
[2026-07-07 15:28:47] have_double_effect_times: 0 , is_activating_double_effect: 0 , already_activate_double_effect_times: 0
[2026-07-07 15:28:47] Sent map info: [[19.677767753601074, 6.491579055786133], [0.0, 0.0], [2.39681, 2.36], [16.43010139465332, 12.377253532409668], [0.5, 14.5], [7.329450607299805, 0.8751148581504822], [22.763086318969727, 8.226319313049316], [17.59807777404785, 10.761938095092773], [19.1533260345459, 9.839712142944336], [20.918642044067383, 7.009449005126953], [27.5, 0.5], [15.872410774230957, 11.919256210327148]]
[2026-07-07 15:28:47] Sent map infos: [[19.677767753601074, 6.491579055786133], [0.0, 0.0], [2.39681, 2.36], [16.43010139465332, 12.377253532409668], [0.5, 14.5], [7.329450607299805, 0.8751148581504822], [22.763086318969727, 8.226319313049316], [17.59807777404785, 10.761938095092773], [19.1533260345459, 9.839712142944336], [20.918642044067383, 7.009449005126953], [27.5, 0.5], [15.872410774230957, 11.919256210327148]]
[2026-07-07 15:28:47] Marked situation: [0, 0, 0, 0, 0, 0, 0]
[2026-07-07 15:28:47] have_double_effect_times: 0 , is_activating_double_effect: 0 , already_activate_double_effect_times: 0
[2026-07-07 15:28:47] Marked situation: [0, 0, 0, 0, 0, 0, 0]
[2026-07-07 15:28:47] have_double_effect_times: 0 , is_activating_double_effect: 0 , already_activate_double_effect_times: 0
[2026-07-07 15:28:47] Sent map info: [[19.733542442321777, 6.4903564453125], [0.0, 0.0], [2.39681, 2.36], [16.43010139465332, 12.377253532409668], [0.5, 14.5], [7.3151702880859375, 0.8997218608856201], [22.763086318969727, 8.226319313049316], [17.59807777404785, 10.761938095092773], [19.1533260345459, 9.839712142944336], [20.971892833709717, 7.013981342315674], [27.5, 0.5], [15.954720497131348, 11.891020774841309]]
[2026-07-07 15:28:47] Sent map infos: [[19.733542442321777, 6.4903564453125], [0.0, 0.0], [2.39681, 2.36], [16.43010139465332, 12.377253532409668], [0.5, 14.5], [7.3151702880859375, 0.8997218608856201], [22.763086318969727, 8.226319313049316], [17.59807777404785, 10.761938095092773], [19.1533260345459, 9.839712142944336], [20.971892833709717, 7.013981342315674], [27.5, 0.5], [15.954720497131348, 11.891020774841309]]
[2026-07-07 15:28:47] Marked situation: [0, 0, 0, 0, 0, 0, 0]
[2026-07-07 15:28:47] have_double_effect_times: 0 , is_activating_double_effect: 0 , already_activate_double_effect_times: 0
[2026-07-07 15:28:47] Marked situation: [0, 0, 0, 0, 0, 0, 0]
[2026-07-07 15:28:47] have_double_effect_times: 0 , is_activating_double_effect: 0 , already_activate_double_effect_times: 0
[2026-07-07 15:28:47] Sent map info: [[19.728476524353027, 6.495154857635498], [0.0, 0.0], [2.39681, 2.36], [16.43010139465332, 12.377253532409668], [0.5, 14.5], [7.321483612060547, 0.8888429403305054], [22.763086318969727, 8.226319313049316], [17.59807777404785, 10.761938095092773], [19.1533260345459, 9.839712142944336], [20.909788608551025, 7.017431259155273], [27.5, 0.5], [15.7474946975708, 11.896123886108398]]
[2026-07-07 15:28:47] Sent map infos: [[19.728476524353027, 6.495154857635498], [0.0, 0.0], [2.39681, 2.36], [16.43010139465332, 12.377253532409668], [0.5, 14.5], [7.321483612060547, 0.8888429403305054], [22.763086318969727, 8.226319313049316], [17.59807777404785, 10.761938095092773], [19.1533260345459, 9.839712142944336], [20.909788608551025, 7.017431259155273], [27.5, 0.5], [15.7474946975708, 11.896123886108398]]
[2026-07-07 15:28:48] update time left228
[2026-07-07 15:28:48] Marked situation: [0, 0, 0, 0, 0, 0, 0]
[2026-07-07 15:28:48] have_double_effect_times: 0 , is_activating_double_effect: 0 , already_activate_double_effect_times: 0
[2026-07-07 15:28:48] Marked situation: [0, 0, 0, 0, 0, 0, 0]
[2026-07-07 15:28:48] have_double_effect_times: 0 , is_activating_double_effect: 0 , already_activate_double_effect_times: 0
[2026-07-07 15:28:48] Sent map info: [[19.69217300415039, 6.477911949157715], [0.0, 0.0], [2.39681, 2.36], [15.811899185180664, 11.88341236114502], [0.5, 14.5], [7.273702621459961, 0.882945716381073], [22.763086318969727, 8.226319313049316], [17.59807777404785, 10.761938095092773], [19.1533260345459, 9.839712142944336], [20.909788608551025, 7.017431259155273], [27.5, 0.5], [15.756731033325195, 11.887863159179688]]
[2026-07-07 15:28:48] Sent map infos: [[19.69217300415039, 6.477911949157715], [0.0, 0.0], [2.39681, 2.36], [15.811899185180664, 11.88341236114502], [0.5, 14.5], [7.273702621459961, 0.882945716381073], [22.763086318969727, 8.226319313049316], [17.59807777404785, 10.761938095092773], [19.1533260345459, 9.839712142944336], [20.909788608551025, 7.017431259155273], [27.5, 0.5], [15.756731033325195, 11.887863159179688]]
[2026-07-07 15:28:48] Marked situation: [0, 0, 0, 0, 0, 0, 0]
[2026-07-07 15:28:48] have_double_effect_times: 0 , is_activating_double_effect: 0 , already_activate_double_effect_times: 0
[2026-07-07 15:28:48] Marked situation: [0, 0, 0, 0, 0, 0, 0]
[2026-07-07 15:28:48] have_double_effect_times: 0 , is_activating_double_effect: 0 , already_activate_double_effect_times: 0
[2026-07-07 15:28:48] Sent map info: [[19.810178756713867, 6.469538688659668], [0.0, 0.0], [2.39681, 2.36], [15.760509490966797, 11.88448429107666], [0.5, 14.5], [7.319841384887695, 0.8916736841201782], [22.763086318969727, 8.226319313049316], [17.59807777404785, 10.761938095092773], [19.1533260345459, 9.839712142944336], [20.909788608551025, 7.017431259155273], [27.5, 0.5], [15.648161888122559, 11.895583152770996]]
[2026-07-07 15:28:48] Sent map infos: [[19.810178756713867, 6.469538688659668], [0.0, 0.0], [2.39681, 2.36], [15.760509490966797, 11.88448429107666], [0.5, 14.5], [7.319841384887695, 0.8916736841201782], [22.763086318969727, 8.226319313049316], [17.59807777404785, 10.761938095092773], [19.1533260345459, 9.839712142944336], [20.909788608551025, 7.017431259155273], [27.5, 0.5], [15.648161888122559, 11.895583152770996]]
[2026-07-07 15:28:48] Marked situation: [0, 0, 0, 0, 0, 0, 0]
[2026-07-07 15:28:48] have_double_effect_times: 0 , is_activating_double_effect: 0 , already_activate_double_effect_times: 0
[2026-07-07 15:28:49] update time left227
[2026-07-07 15:28:49] Marked situation: [0, 0, 0, 0, 0, 0, 0]
[2026-07-07 15:28:49] have_double_effect_times: 0 , is_activating_double_effect: 0 , already_activate_double_effect_times: 0
[2026-07-07 15:28:49] Sent map info: [[19.86181640625, 6.472524166107178], [0.0, 0.0], [2.39681, 2.36], [15.760509490966797, 11.88448429107666], [0.5, 14.5], [7.310606002807617, 0.907585859298706], [22.763086318969727, 8.226319313049316], [17.59807777404785, 10.761938095092773], [19.1533260345459, 9.839712142944336], [20.909788608551025, 7.017431259155273], [27.5, 0.5], [15.644050598144531, 11.899271965026855]]
[2026-07-07 15:28:49] Sent map infos: [[19.86181640625, 6.472524166107178], [0.0, 0.0], [2.39681, 2.36], [15.760509490966797, 11.88448429107666], [0.5, 14.5], [7.310606002807617, 0.907585859298706], [22.763086318969727, 8.226319313049316], [17.59807777404785, 10.761938095092773], [19.1533260345459, 9.839712142944336], [20.909788608551025, 7.017431259155273], [27.5, 0.5], [15.644050598144531, 11.899271965026855]]
[2026-07-07 15:28:49] Marked situation: [0, 0, 0, 0, 0, 0, 0]
[2026-07-07 15:28:49] have_double_effect_times: 0 , is_activating_double_effect: 0 , already_activate_double_effect_times: 0
[2026-07-07 15:28:49] Marked situation: [0, 0, 0, 0, 0, 0, 0]
[2026-07-07 15:28:49] have_double_effect_times: 0 , is_activating_double_effect: 0 , already_activate_double_effect_times: 0
[2026-07-07 15:28:49] Sent map info: [[19.731575965881348, 6.492218971252441], [0.0, 0.0], [2.39681, 2.36], [15.796935081481934, 11.896774291992188], [0.5, 14.5], [7.239837646484375, 0.8973411917686462], [22.763086318969727, 8.226319313049316], [17.59807777404785, 10.761938095092773], [19.1533260345459, 9.839712142944336], [20.909788608551025, 7.017431259155273], [27.5, 0.5], [15.751642227172852, 11.892415046691895]]
[2026-07-07 15:28:49] Sent map infos: [[19.731575965881348, 6.492218971252441], [0.0, 0.0], [2.39681, 2.36], [15.796935081481934, 11.896774291992188], [0.5, 14.5], [7.239837646484375, 0.8973411917686462], [22.763086318969727, 8.226319313049316], [17.59807777404785, 10.761938095092773], [19.1533260345459, 9.839712142944336], [20.909788608551025, 7.017431259155273], [27.5, 0.5], [15.751642227172852, 11.892415046691895]]
[2026-07-07 15:28:49] Marked situation: [0, 0, 0, 0, 0, 0, 0]
[2026-07-07 15:28:49] have_double_effect_times: 0 , is_activating_double_effect: 0 , already_activate_double_effect_times: 0
[2026-07-07 15:28:49] Marked situation: [0, 0, 0, 0, 0, 0, 0]
[2026-07-07 15:28:49] have_double_effect_times: 0 , is_activating_double_effect: 0 , already_activate_double_effect_times: 0
[2026-07-07 15:28:49] Sent map info: [[19.72899341583252, 6.494665622711182], [0.0, 0.0], [2.39681, 2.36], [15.8873872756958, 11.905927658081055], [0.5, 14.5], [7.240028381347656, 0.8970107436180115], [22.763086318969727, 8.226319313049316], [17.59807777404785, 10.761938095092773], [19.1533260345459, 9.839712142944336], [20.909788608551025, 7.017431259155273], [27.5, 0.5], [15.977762222290039, 11.915571212768555]]
[2026-07-07 15:28:49] Sent map infos: [[19.72899341583252, 6.494665622711182], [0.0, 0.0], [2.39681, 2.36], [15.8873872756958, 11.905927658081055], [0.5, 14.5], [7.240028381347656, 0.8970107436180115], [22.763086318969727, 8.226319313049316], [17.59807777404785, 10.761938095092773], [19.1533260345459, 9.839712142944336], [20.909788608551025, 7.017431259155273], [27.5, 0.5], [15.977762222290039, 11.915571212768555]]
[2026-07-07 15:28:50] update time left226
[2026-07-07 15:28:50] Marked situation: [0, 0, 0, 0, 0, 0, 0]
[2026-07-07 15:28:50] have_double_effect_times: 0 , is_activating_double_effect: 0 , already_activate_double_effect_times: 0
[2026-07-07 15:28:50] Marked situation: [0, 0, 0, 0, 0, 0, 0]
[2026-07-07 15:28:50] have_double_effect_times: 0 , is_activating_double_effect: 0 , already_activate_double_effect_times: 0
[2026-07-07 15:28:50] Sent map info: [[19.313861846923828, 6.42719841003418], [0.0, 0.0], [2.39681, 2.36], [15.8873872756958, 11.905927658081055], [0.5, 14.5], [7.271711349487305, 0.8863844871520996], [22.763086318969727, 8.226319313049316], [19.696121215820312, 8.364794731140137], [19.1533260345459, 9.839712142944336], [21.01076316833496, 6.978991985321045], [27.5, 0.5], [15.805051803588867, 11.934377670288086]]
[2026-07-07 15:28:50] Sent map infos: [[19.313861846923828, 6.42719841003418], [0.0, 0.0], [2.39681, 2.36], [15.8873872756958, 11.905927658081055], [0.5, 14.5], [7.271711349487305, 0.8863844871520996], [22.763086318969727, 8.226319313049316], [19.696121215820312, 8.364794731140137], [19.1533260345459, 9.839712142944336], [21.01076316833496, 6.978991985321045], [27.5, 0.5], [15.805051803588867, 11.934377670288086]]
[2026-07-07 15:28:50] Marked situation: [0, 0, 0, 0, 0, 0, 0]
[2026-07-07 15:28:50] have_double_effect_times: 0 , is_activating_double_effect: 0 , already_activate_double_effect_times: 0
[2026-07-07 15:28:50] Marked situation: [0, 0, 0, 0, 0, 0, 0]
[2026-07-07 15:28:50] have_double_effect_times: 0 , is_activating_double_effect: 0 , already_activate_double_effect_times: 0
[2026-07-07 15:28:50] Sent map info: [[18.424638748168945, 6.225007057189941], [0.0, 0.0], [2.39681, 2.36], [17.17239761352539, 12.06213092803955], [0.5, 14.5], [7.280893325805664, 0.9146686792373657], [22.763086318969727, 8.226319313049316], [19.696121215820312, 8.364794731140137], [19.1533260345459, 9.839712142944336], [20.96672773361206, 6.966094970703125], [27.5, 0.5], [15.834836959838867, 11.952695846557617]]
[2026-07-07 15:28:50] Sent map infos: [[18.424638748168945, 6.225007057189941], [0.0, 0.0], [2.39681, 2.36], [17.17239761352539, 12.06213092803955], [0.5, 14.5], [7.280893325805664, 0.9146686792373657], [22.763086318969727, 8.226319313049316], [19.696121215820312, 8.364794731140137], [19.1533260345459, 9.839712142944336], [20.96672773361206, 6.966094970703125], [27.5, 0.5], [15.834836959838867, 11.952695846557617]]
[2026-07-07 15:28:50] Marked situation: [0, 0, 0, 0, 0, 0, 0]
[2026-07-07 15:28:50] have_double_effect_times: 0 , is_activating_double_effect: 0 , already_activate_double_effect_times: 0
[2026-07-07 15:28:51] update time left225
[2026-07-07 15:28:51] Marked situation: [0, 0, 0, 0, 0, 0, 0]
[2026-07-07 15:28:51] have_double_effect_times: 0 , is_activating_double_effect: 0 , already_activate_double_effect_times: 0
[2026-07-07 15:28:51] Sent map info: [[17.859980583190918, 5.329644203186035], [0.0, 0.0], [2.39681, 2.36], [17.1773681640625, 12.011838912963867], [0.5, 14.5], [7.256763458251953, 0.9122011065483093], [22.763086318969727, 8.226319313049316], [19.696121215820312, 8.364794731140137], [19.1533260345459, 9.839712142944336], [20.94211483001709, 6.988285541534424], [27.5, 0.5], [15.81383991241455, 12.016193389892578]]
[2026-07-07 15:28:51] Sent map infos: [[17.859980583190918, 5.329644203186035], [0.0, 0.0], [2.39681, 2.36], [17.1773681640625, 12.011838912963867], [0.5, 14.5], [7.256763458251953, 0.9122011065483093], [22.763086318969727, 8.226319313049316], [19.696121215820312, 8.364794731140137], [19.1533260345459, 9.839712142944336], [20.94211483001709, 6.988285541534424], [27.5, 0.5], [15.81383991241455, 12.016193389892578]]
[2026-07-07 15:28:51] Marked situation: [0, 0, 0, 0, 0, 0, 0]
[2026-07-07 15:28:51] have_double_effect_times: 0 , is_activating_double_effect: 0 , already_activate_double_effect_times: 0
[2026-07-07 15:28:51] Marked situation: [0, 0, 0, 0, 0, 0, 0]
[2026-07-07 15:28:51] have_double_effect_times: 0 , is_activating_double_effect: 0 , already_activate_double_effect_times: 0
[2026-07-07 15:28:51] Sent map info: [[16.259748458862305, 5.136913299560547], [0.0, 0.0], [2.39681, 2.36], [17.001986503601074, 12.069382667541504], [0.5, 14.5], [7.280445098876953, 0.9154422283172607], [22.763086318969727, 8.226319313049316], [19.696121215820312, 8.364794731140137], [19.1533260345459, 9.839712142944336], [20.823721885681152, 6.990283489227295], [27.5, 0.5], [15.815716743469238, 12.0145263671875]]
[2026-07-07 15:28:51] Sent map infos: [[16.259748458862305, 5.136913299560547], [0.0, 0.0], [2.39681, 2.36], [17.001986503601074, 12.069382667541504], [0.5, 14.5], [7.280445098876953, 0.9154422283172607], [22.763086318969727, 8.226319313049316], [19.696121215820312, 8.364794731140137], [19.1533260345459, 9.839712142944336], [20.823721885681152, 6.990283489227295], [27.5, 0.5], [15.815716743469238, 12.0145263671875]]
[2026-07-07 15:28:51] Marked situation: [0, 0, 0, 0, 0, 0, 0]
[2026-07-07 15:28:51] have_double_effect_times: 0 , is_activating_double_effect: 0 , already_activate_double_effect_times: 0
[2026-07-07 15:28:51] Marked situation: [0, 0, 0, 0, 0, 0, 0]
[2026-07-07 15:28:51] have_double_effect_times: 0 , is_activating_double_effect: 0 , already_activate_double_effect_times: 0
[2026-07-07 15:28:51] Sent map info: [[14.544516563415527, 6.078864574432373], [0.0, 0.0], [2.39681, 2.36], [16.936312675476074, 12.171239852905273], [0.5, 14.5], [7.276145935058594, 0.9228578805923462], [22.763086318969727, 8.226319313049316], [19.696121215820312, 8.364794731140137], [19.1533260345459, 9.839712142944336], [20.823413372039795, 6.990562438964844], [27.5, 0.5], [15.756963729858398, 12.111433029174805]]
[2026-07-07 15:28:51] Sent map infos: [[14.544516563415527, 6.078864574432373], [0.0, 0.0], [2.39681, 2.36], [16.936312675476074, 12.171239852905273], [0.5, 14.5], [7.276145935058594, 0.9228578805923462], [22.763086318969727, 8.226319313049316], [19.696121215820312, 8.364794731140137], [19.1533260345459, 9.839712142944336], [20.823413372039795, 6.990562438964844], [27.5, 0.5], [15.756963729858398, 12.111433029174805]]
[2026-07-07 15:28:52] update time left224
[2026-07-07 15:28:52] Marked situation: [0, 0, 0, 0, 0, 0, 0]
[2026-07-07 15:28:52] have_double_effect_times: 0 , is_activating_double_effect: 0 , already_activate_double_effect_times: 0
[2026-07-07 15:28:52] Marked situation: [0, 0, 0, 0, 0, 0, 0]
[2026-07-07 15:28:52] have_double_effect_times: 0 , is_activating_double_effect: 0 , already_activate_double_effect_times: 0
[2026-07-07 15:28:52] Sent map info: [[13.202791213989258, 7.049234390258789], [0.0, 0.0], [2.39681, 2.36], [16.9579439163208, 12.244336128234863], [0.5, 14.5], [7.2335052490234375, 0.9082878828048706], [22.763086318969727, 8.226319313049316], [19.696121215820312, 8.364794731140137], [19.1533260345459, 9.839712142944336], [20.838765621185303, 6.9766764640808105], [27.5, 0.5], [15.717997550964355, 12.101350784301758]]
[2026-07-07 15:28:52] Sent map infos: [[13.202791213989258, 7.049234390258789], [0.0, 0.0], [2.39681, 2.36], [16.9579439163208, 12.244336128234863], [0.5, 14.5], [7.2335052490234375, 0.9082878828048706], [22.763086318969727, 8.226319313049316], [19.696121215820312, 8.364794731140137], [19.1533260345459, 9.839712142944336], [20.838765621185303, 6.9766764640808105], [27.5, 0.5], [15.717997550964355, 12.101350784301758]]
[2026-07-07 15:28:52] Marked situation: [0, 0, 0, 0, 0, 0, 0]
[2026-07-07 15:28:52] have_double_effect_times: 0 , is_activating_double_effect: 0 , already_activate_double_effect_times: 0
[2026-07-07 15:28:52] Marked situation: [0, 0, 0, 0, 0, 0, 0]
[2026-07-07 15:28:52] have_double_effect_times: 0 , is_activating_double_effect: 0 , already_activate_double_effect_times: 0
[2026-07-07 15:28:52] Sent map info: [[12.001871109008789, 7.946870803833008], [0.0, 0.0], [2.39681, 2.36], [16.9579439163208, 12.244336128234863], [0.5, 14.5], [7.233457565307617, 0.9083735346794128], [22.763086318969727, 8.226319313049316], [19.696121215820312, 8.364794731140137], [19.1533260345459, 9.839712142944336], [20.78806495666504, 6.970170021057129], [27.5, 0.5], [15.81037425994873, 12.108809471130371]]
[2026-07-07 15:28:52] Sent map infos: [[12.001871109008789, 7.946870803833008], [0.0, 0.0], [2.39681, 2.36], [16.9579439163208, 12.244336128234863], [0.5, 14.5], [7.233457565307617, 0.9083735346794128], [22.763086318969727, 8.226319313049316], [19.696121215820312, 8.364794731140137], [19.1533260345459, 9.839712142944336], [20.78806495666504, 6.970170021057129], [27.5, 0.5], [15.81037425994873, 12.108809471130371]]
[2026-07-07 15:28:52] Marked situation: [0, 0, 0, 0, 0, 0, 0]
[2026-07-07 15:28:52] have_double_effect_times: 0 , is_activating_double_effect: 0 , already_activate_double_effect_times: 0
[2026-07-07 15:28:53] update time left223
[2026-07-07 15:28:53] Marked situation: [0, 0, 0, 0, 0, 0, 0]
[2026-07-07 15:28:53] have_double_effect_times: 0 , is_activating_double_effect: 0 , already_activate_double_effect_times: 0
[2026-07-07 15:28:53] Sent map info: [[11.906421661376953, 7.8835883140563965], [0.0, 0.0], [2.39681, 2.36], [16.9579439163208, 12.244336128234863], [0.5, 14.5], [7.275932312011719, 0.9232281446456909], [22.763086318969727, 8.226319313049316], [15.980568885803223, 12.092934608459473], [19.1533260345459, 9.839712142944336], [20.837392807006836, 6.9779181480407715], [27.5, 0.5], [15.81037425994873, 12.108809471130371]]
[2026-07-07 15:28:53] Sent map infos: [[11.906421661376953, 7.8835883140563965], [0.0, 0.0], [2.39681, 2.36], [16.9579439163208, 12.244336128234863], [0.5, 14.5], [7.275932312011719, 0.9232281446456909], [22.763086318969727, 8.226319313049316], [15.980568885803223, 12.092934608459473], [19.1533260345459, 9.839712142944336], [20.837392807006836, 6.9779181480407715], [27.5, 0.5], [15.81037425994873, 12.108809471130371]]
[2026-07-07 15:28:53] Marked situation: [0, 0, 0, 0, 0, 0, 0]
[2026-07-07 15:28:53] have_double_effect_times: 0 , is_activating_double_effect: 0 , already_activate_double_effect_times: 0
[2026-07-07 15:28:53] Marked situation: [0, 0, 0, 0, 0, 0, 0]
[2026-07-07 15:28:53] have_double_effect_times: 0 , is_activating_double_effect: 0 , already_activate_double_effect_times: 0
[2026-07-07 15:28:53] Sent map info: [[9.922590255737305, 7.355353355407715], [0.0, 0.0], [2.39681, 2.36], [2.39681, 2.36], [0.5, 14.5], [7.252593994140625, 0.919402003288269], [22.763086318969727, 8.226319313049316], [16.28685760498047, 12.049458503723145], [19.1533260345459, 9.839712142944336], [20.79744052886963, 6.961675643920898], [27.5, 0.5], [16.291622161865234, 12.045293807983398]]
[2026-07-07 15:28:53] Sent map infos: [[9.922590255737305, 7.355353355407715], [0.0, 0.0], [2.39681, 2.36], [2.39681, 2.36], [0.5, 14.5], [7.252593994140625, 0.919402003288269], [22.763086318969727, 8.226319313049316], [16.28685760498047, 12.049458503723145], [19.1533260345459, 9.839712142944336], [20.79744052886963, 6.961675643920898], [27.5, 0.5], [16.291622161865234, 12.045293807983398]]
[2026-07-07 15:28:53] Marked situation: [0, 0, 0, 0, 0, 0, 0]
[2026-07-07 15:28:53] have_double_effect_times: 0 , is_activating_double_effect: 0 , already_activate_double_effect_times: 0
[2026-07-07 15:28:53] Marked situation: [0, 0, 0, 0, 0, 0, 0]
[2026-07-07 15:28:53] have_double_effect_times: 0 , is_activating_double_effect: 0 , already_activate_double_effect_times: 0
[2026-07-07 15:28:53] Sent map info: [[5.998697280883789, 6.287514686584473], [0.0, 0.0], [2.39681, 2.36], [2.39681, 2.36], [0.5, 14.5], [7.271368026733398, 0.9310996532440186], [22.763086318969727, 8.226319313049316], [16.28685760498047, 12.049458503723145], [19.1533260345459, 9.839712142944336], [20.76936388015747, 6.987112998962402], [27.5, 0.5], [16.462214469909668, 12.032502174377441]]
[2026-07-07 15:28:53] Sent map infos: [[5.998697280883789, 6.287514686584473], [0.0, 0.0], [2.39681, 2.36], [2.39681, 2.36], [0.5, 14.5], [7.271368026733398, 0.9310996532440186], [22.763086318969727, 8.226319313049316], [16.28685760498047, 12.049458503723145], [19.1533260345459, 9.839712142944336], [20.76936388015747, 6.987112998962402], [27.5, 0.5], [16.462214469909668, 12.032502174377441]]
[2026-07-07 15:28:54] update time left222
[2026-07-07 15:28:54] Marked situation: [0, 0, 0, 0, 0, 0, 0]
[2026-07-07 15:28:54] have_double_effect_times: 0 , is_activating_double_effect: 0 , already_activate_double_effect_times: 0
[2026-07-07 15:28:54] Marked situation: [0, 0, 0, 0, 0, 0, 0]
[2026-07-07 15:28:54] have_double_effect_times: 0 , is_activating_double_effect: 0 , already_activate_double_effect_times: 0
[2026-07-07 15:28:54] Sent map info: [[2.986848831176758, 4.9756760597229], [0.0, 0.0], [2.39681, 2.36], [2.39681, 2.36], [0.5, 14.5], [7.276018142700195, 0.923078179359436], [22.763086318969727, 8.226319313049316], [16.28685760498047, 12.049458503723145], [19.1533260345459, 9.839712142944336], [20.782695770263672, 6.975034236907959], [27.5, 0.5], [16.49020481109619, 12.008158683776855]]
[2026-07-07 15:28:54] Sent map infos: [[2.986848831176758, 4.9756760597229], [0.0, 0.0], [2.39681, 2.36], [2.39681, 2.36], [0.5, 14.5], [7.276018142700195, 0.923078179359436], [22.763086318969727, 8.226319313049316], [16.28685760498047, 12.049458503723145], [19.1533260345459, 9.839712142944336], [20.782695770263672, 6.975034236907959], [27.5, 0.5], [16.49020481109619, 12.008158683776855]]
[2026-07-07 15:28:54] Marked situation: [0, 0, 0, 0, 0, 0, 0]
[2026-07-07 15:28:54] have_double_effect_times: 0 , is_activating_double_effect: 0 , already_activate_double_effect_times: 0
[2026-07-07 15:28:54] Marked situation: [0, 0, 0, 0, 0, 0, 0]
[2026-07-07 15:28:54] have_double_effect_times: 0 , is_activating_double_effect: 0 , already_activate_double_effect_times: 0
[2026-07-07 15:28:54] Sent map info: [[2.521005630493164, 5.083835124969482], [0.0, 0.0], [2.39681, 2.36], [2.39681, 2.36], [0.5, 14.5], [7.274312973022461, 0.9260209798812866], [22.763086318969727, 8.226319313049316], [16.28685760498047, 12.049458503723145], [19.1533260345459, 9.839712142944336], [20.83673858642578, 6.978509902954102], [27.5, 0.5], [16.49020481109619, 12.008158683776855]]
[2026-07-07 15:28:54] Sent map infos: [[2.521005630493164, 5.083835124969482], [0.0, 0.0], [2.39681, 2.36], [2.39681, 2.36], [0.5, 14.5], [7.274312973022461, 0.9260209798812866], [22.763086318969727, 8.226319313049316], [16.28685760498047, 12.049458503723145], [19.1533260345459, 9.839712142944336], [20.83673858642578, 6.978509902954102], [27.5, 0.5], [16.49020481109619, 12.008158683776855]]
[2026-07-07 15:28:54] Marked situation: [0, 0, 0, 0, 0, 0, 0]
[2026-07-07 15:28:54] have_double_effect_times: 0 , is_activating_double_effect: 0 , already_activate_double_effect_times: 0
[2026-07-07 15:28:55] update time left221
[2026-07-07 15:28:55] Marked situation: [0, 0, 0, 0, 0, 0, 0]
[2026-07-07 15:28:55] have_double_effect_times: 0 , is_activating_double_effect: 0 , already_activate_double_effect_times: 0
[2026-07-07 15:28:55] Sent map info: [[2.521005630493164, 5.083835124969482], [0.0, 0.0], [2.39681, 2.36], [2.39681, 2.36], [0.5, 14.5], [7.199621200561523, 0.9228349924087524], [22.763086318969727, 8.226319313049316], [16.65616226196289, 12.046323776245117], [19.1533260345459, 9.839712142944336], [20.83446216583252, 6.980568885803223], [27.5, 0.5], [16.49020481109619, 12.008158683776855]]
[2026-07-07 15:28:55] Sent map infos: [[2.521005630493164, 5.083835124969482], [0.0, 0.0], [2.39681, 2.36], [2.39681, 2.36], [0.5, 14.5], [7.199621200561523, 0.9228349924087524], [22.763086318969727, 8.226319313049316], [16.65616226196289, 12.046323776245117], [19.1533260345459, 9.839712142944336], [20.83446216583252, 6.980568885803223], [27.5, 0.5], [16.49020481109619, 12.008158683776855]]
[2026-07-07 15:28:55] Marked situation: [0, 0, 0, 0, 0, 0, 0]
[2026-07-07 15:28:55] have_double_effect_times: 0 , is_activating_double_effect: 0 , already_activate_double_effect_times: 0
[2026-07-07 15:28:55] Marked situation: [0, 0, 0, 0, 0, 0, 0]
[2026-07-07 15:28:55] have_double_effect_times: 0 , is_activating_double_effect: 0 , already_activate_double_effect_times: 0
[2026-07-07 15:28:55] Sent map info: [[2.521005630493164, 5.083835124969482], [0.0, 0.0], [2.39681, 2.36], [2.39681, 2.36], [0.5, 14.5], [7.254453659057617, 0.9161893725395203], [22.763086318969727, 8.226319313049316], [16.687238693237305, 12.065077781677246], [19.1533260345459, 9.839712142944336], [20.841596603393555, 6.974115371704102], [27.5, 0.5], [16.49020481109619, 12.008158683776855]]
[2026-07-07 15:28:55] Sent map infos: [[2.521005630493164, 5.083835124969482], [0.0, 0.0], [2.39681, 2.36], [2.39681, 2.36], [0.5, 14.5], [7.254453659057617, 0.9161893725395203], [22.763086318969727, 8.226319313049316], [16.687238693237305, 12.065077781677246], [19.1533260345459, 9.839712142944336], [20.841596603393555, 6.974115371704102], [27.5, 0.5], [16.49020481109619, 12.008158683776855]]
[2026-07-07 15:28:55] Marked situation: [0, 0, 0, 0, 0, 0, 0]
[2026-07-07 15:28:55] have_double_effect_times: 0 , is_activating_double_effect: 0 , already_activate_double_effect_times: 0
[2026-07-07 15:28:55] Marked situation: [0, 0, 0, 0, 0, 0, 0]
[2026-07-07 15:28:55] have_double_effect_times: 0 , is_activating_double_effect: 0 , already_activate_double_effect_times: 0
[2026-07-07 15:28:55] Sent map info: [[2.521005630493164, 5.083835124969482], [0.0, 0.0], [2.39681, 2.36], [2.39681, 2.36], [0.5, 14.5], [7.27235221862793, 0.9294038414955139], [22.763086318969727, 8.226319313049316], [16.748093605041504, 12.05825424194336], [19.1533260345459, 9.839712142944336], [20.897581577301025, 6.975971698760986], [27.5, 0.5], [16.49020481109619, 12.008158683776855]]
[2026-07-07 15:28:55] Sent map infos: [[2.521005630493164, 5.083835124969482], [0.0, 0.0], [2.39681, 2.36], [2.39681, 2.36], [0.5, 14.5], [7.27235221862793, 0.9294038414955139], [22.763086318969727, 8.226319313049316], [16.748093605041504, 12.05825424194336], [19.1533260345459, 9.839712142944336], [20.897581577301025, 6.975971698760986], [27.5, 0.5], [16.49020481109619, 12.008158683776855]]
[2026-07-07 15:28:56] update time left220
[2026-07-07 15:28:56] Marked situation: [0, 0, 0, 0, 0, 0, 0]
[2026-07-07 15:28:56] have_double_effect_times: 0 , is_activating_double_effect: 0 , already_activate_double_effect_times: 0
[2026-07-07 15:28:56] Marked situation: [0, 0, 0, 0, 0, 0, 0]
[2026-07-07 15:28:56] have_double_effect_times: 0 , is_activating_double_effect: 0 , already_activate_double_effect_times: 0
[2026-07-07 15:28:56] Sent map info: [[0.0, 0.0], [0.0, 0.0], [2.39681, 2.36], [2.39681, 2.36], [0.5, 14.5], [7.254833221435547, 0.9155327081680298], [22.763086318969727, 8.226319313049316], [16.797983169555664, 12.061005592346191], [19.1533260345459, 9.839712142944336], [20.829822540283203, 6.984765529632568], [27.5, 0.5], [16.49020481109619, 12.008158683776855]]
[2026-07-07 15:28:56] Sent map infos: [[0.0, 0.0], [0.0, 0.0], [2.39681, 2.36], [2.39681, 2.36], [0.5, 14.5], [7.254833221435547, 0.9155327081680298], [22.763086318969727, 8.226319313049316], [16.797983169555664, 12.061005592346191], [19.1533260345459, 9.839712142944336], [20.829822540283203, 6.984765529632568], [27.5, 0.5], [16.49020481109619, 12.008158683776855]]
[2026-07-07 15:28:56] Marked situation: [0, 0, 0, 0, 0, 0, 0]
[2026-07-07 15:28:56] have_double_effect_times: 0 , is_activating_double_effect: 0 , already_activate_double_effect_times: 0
[2026-07-07 15:28:56] Marked situation: [0, 0, 0, 0, 0, 0, 0]
[2026-07-07 15:28:56] have_double_effect_times: 0 , is_activating_double_effect: 0 , already_activate_double_effect_times: 0
[2026-07-07 15:28:56] Sent map info: [[0.0, 0.0], [0.0, 0.0], [2.39681, 2.36], [2.39681, 2.36], [0.5, 14.5], [7.253015518188477, 0.918673038482666], [22.763086318969727, 8.226319313049316], [16.81643581390381, 12.045143127441406], [19.1533260345459, 9.839712142944336], [20.83182144165039, 6.98295783996582], [27.5, 0.5], [16.49020481109619, 12.008158683776855]]
[2026-07-07 15:28:56] Sent map infos: [[0.0, 0.0], [0.0, 0.0], [2.39681, 2.36], [2.39681, 2.36], [0.5, 14.5], [7.253015518188477, 0.918673038482666], [22.763086318969727, 8.226319313049316], [16.81643581390381, 12.045143127441406], [19.1533260345459, 9.839712142944336], [20.83182144165039, 6.98295783996582], [27.5, 0.5], [16.49020481109619, 12.008158683776855]]
[2026-07-07 15:28:56] Marked situation: [0, 0, 0, 0, 0, 0, 0]
[2026-07-07 15:28:56] have_double_effect_times: 0 , is_activating_double_effect: 0 , already_activate_double_effect_times: 0
[2026-07-07 15:28:57] update time left219
[2026-07-07 15:28:57] Marked situation: [0, 0, 0, 0, 0, 0, 0]
[2026-07-07 15:28:57] have_double_effect_times: 0 , is_activating_double_effect: 0 , already_activate_double_effect_times: 0
[2026-07-07 15:28:57] Sent map info: [[0.0, 0.0], [0.0, 0.0], [2.39681, 2.36], [2.39681, 2.36], [0.5, 14.5], [7.253015518188477, 0.918673038482666], [22.763086318969727, 8.226319313049316], [16.81643581390381, 12.045143127441406], [19.1533260345459, 9.839712142944336], [20.83182144165039, 6.98295783996582], [27.5, 0.5], [16.49020481109619, 12.008158683776855]]
[2026-07-07 15:28:57] Sent map infos: [[0.0, 0.0], [0.0, 0.0], [2.39681, 2.36], [2.39681, 2.36], [0.5, 14.5], [7.253015518188477, 0.918673038482666], [22.763086318969727, 8.226319313049316], [16.81643581390381, 12.045143127441406], [19.1533260345459, 9.839712142944336], [20.83182144165039, 6.98295783996582], [27.5, 0.5], [16.49020481109619, 12.008158683776855]]
[2026-07-07 15:28:57] Marked situation: [0, 0, 0, 0, 0, 0, 0]
[2026-07-07 15:28:57] have_double_effect_times: 0 , is_activating_double_effect: 0 , already_activate_double_effect_times: 0
[2026-07-07 15:28:57] Marked situation: [0, 0, 0, 0, 0, 0, 0]
[2026-07-07 15:28:57] have_double_effect_times: 0 , is_activating_double_effect: 0 , already_activate_double_effect_times: 0
[2026-07-07 15:28:57] Sent map info: [[0.0, 0.0], [0.0, 0.0], [2.39681, 2.36], [2.39681, 2.36], [0.5, 14.5], [7.253015518188477, 0.918673038482666], [22.763086318969727, 8.226319313049316], [16.81643581390381, 12.045143127441406], [19.1533260345459, 9.839712142944336], [20.83182144165039, 6.98295783996582], [27.5, 0.5], [16.49020481109619, 12.008158683776855]]
[2026-07-07 15:28:57] Sent map infos: [[0.0, 0.0], [0.0, 0.0], [2.39681, 2.36], [2.39681, 2.36], [0.5, 14.5], [7.253015518188477, 0.918673038482666], [22.763086318969727, 8.226319313049316], [16.81643581390381, 12.045143127441406], [19.1533260345459, 9.839712142944336], [20.83182144165039, 6.98295783996582], [27.5, 0.5], [16.49020481109619, 12.008158683776855]]
[2026-07-07 15:28:57] Marked situation: [0, 0, 0, 0, 0, 0, 0]
[2026-07-07 15:28:57] have_double_effect_times: 0 , is_activating_double_effect: 0 , already_activate_double_effect_times: 0
[2026-07-07 15:28:57] Marked situation: [0, 0, 0, 0, 0, 0, 0]
[2026-07-07 15:28:57] have_double_effect_times: 0 , is_activating_double_effect: 0 , already_activate_double_effect_times: 0
[2026-07-07 15:28:57] Sent map info: [[0.0, 0.0], [0.0, 0.0], [2.39681, 2.36], [2.39681, 2.36], [0.5, 14.5], [2.39681, 2.36], [22.763086318969727, 8.226319313049316], [16.81643581390381, 12.045143127441406], [19.1533260345459, 9.839712142944336], [20.83182144165039, 6.98295783996582], [27.5, 0.5], [16.49020481109619, 12.008158683776855]]
[2026-07-07 15:28:57] Sent map infos: [[0.0, 0.0], [0.0, 0.0], [2.39681, 2.36], [2.39681, 2.36], [0.5, 14.5], [2.39681, 2.36], [22.763086318969727, 8.226319313049316], [16.81643581390381, 12.045143127441406], [19.1533260345459, 9.839712142944336], [20.83182144165039, 6.98295783996582], [27.5, 0.5], [16.49020481109619, 12.008158683776855]]
[2026-07-07 15:28:58] update time left218
[2026-07-07 15:28:58] Marked situation: [0, 0, 0, 0, 0, 0, 0]
[2026-07-07 15:28:58] have_double_effect_times: 0 , is_activating_double_effect: 0 , already_activate_double_effect_times: 0
[2026-07-07 15:28:58] Marked situation: [0, 0, 0, 0, 0, 0, 0]
[2026-07-07 15:28:58] have_double_effect_times: 0 , is_activating_double_effect: 0 , already_activate_double_effect_times: 0
[2026-07-07 15:28:58] Sent map info: [[0.0, 0.0], [0.0, 0.0], [2.39681, 2.36], [2.39681, 2.36], [0.5, 14.5], [2.39681, 2.36], [22.763086318969727, 8.226319313049316], [16.81643581390381, 12.045143127441406], [19.1533260345459, 9.839712142944336], [20.83182144165039, 6.98295783996582], [27.5, 0.5], [16.49020481109619, 12.008158683776855]]
[2026-07-07 15:28:58] Sent map infos: [[0.0, 0.0], [0.0, 0.0], [2.39681, 2.36], [2.39681, 2.36], [0.5, 14.5], [2.39681, 2.36], [22.763086318969727, 8.226319313049316], [16.81643581390381, 12.045143127441406], [19.1533260345459, 9.839712142944336], [20.83182144165039, 6.98295783996582], [27.5, 0.5], [16.49020481109619, 12.008158683776855]]
[2026-07-07 15:28:58] Marked situation: [0, 0, 0, 0, 0, 0, 0]
[2026-07-07 15:28:58] have_double_effect_times: 0 , is_activating_double_effect: 0 , already_activate_double_effect_times: 0
[2026-07-07 15:28:58] Marked situation: [0, 0, 0, 0, 0, 0, 0]
[2026-07-07 15:28:58] have_double_effect_times: 0 , is_activating_double_effect: 0 , already_activate_double_effect_times: 0
[2026-07-07 15:28:58] Sent map info: [[0.0, 0.0], [0.0, 0.0], [2.39681, 2.36], [2.39681, 2.36], [0.5, 14.5], [2.39681, 2.36], [22.763086318969727, 8.226319313049316], [16.81643581390381, 12.045143127441406], [19.1533260345459, 9.839712142944336], [20.83182144165039, 6.98295783996582], [27.5, 0.5], [16.49020481109619, 12.008158683776855]]
[2026-07-07 15:28:58] Sent map infos: [[0.0, 0.0], [0.0, 0.0], [2.39681, 2.36], [2.39681, 2.36], [0.5, 14.5], [2.39681, 2.36], [22.763086318969727, 8.226319313049316], [16.81643581390381, 12.045143127441406], [19.1533260345459, 9.839712142944336], [20.83182144165039, 6.98295783996582], [27.5, 0.5], [16.49020481109619, 12.008158683776855]]
[2026-07-07 15:28:58] Marked situation: [0, 0, 0, 0, 0, 0, 0]
[2026-07-07 15:28:58] have_double_effect_times: 0 , is_activating_double_effect: 0 , already_activate_double_effect_times: 0
[2026-07-07 15:28:59] update time left217
[2026-07-07 15:28:59] Marked situation: [0, 0, 0, 0, 0, 0, 0]
[2026-07-07 15:28:59] have_double_effect_times: 0 , is_activating_double_effect: 0 , already_activate_double_effect_times: 0
[2026-07-07 15:28:59] Sent map info: [[0.0, 0.0], [0.0, 0.0], [2.39681, 2.36], [2.39681, 2.36], [0.5, 14.5], [2.39681, 2.36], [22.763086318969727, 8.226319313049316], [16.81643581390381, 12.045143127441406], [19.1533260345459, 9.839712142944336], [20.83182144165039, 6.98295783996582], [27.5, 0.5], [16.49020481109619, 12.008158683776855]]
[2026-07-07 15:28:59] Sent map infos: [[0.0, 0.0], [0.0, 0.0], [2.39681, 2.36], [2.39681, 2.36], [0.5, 14.5], [2.39681, 2.36], [22.763086318969727, 8.226319313049316], [16.81643581390381, 12.045143127441406], [19.1533260345459, 9.839712142944336], [20.83182144165039, 6.98295783996582], [27.5, 0.5], [16.49020481109619, 12.008158683776855]]
[2026-07-07 15:28:59] Marked situation: [0, 0, 0, 0, 0, 0, 0]
[2026-07-07 15:28:59] have_double_effect_times: 0 , is_activating_double_effect: 0 , already_activate_double_effect_times: 0
[2026-07-07 15:28:59] Marked situation: [0, 0, 0, 0, 0, 0, 0]
[2026-07-07 15:28:59] have_double_effect_times: 0 , is_activating_double_effect: 0 , already_activate_double_effect_times: 0
[2026-07-07 15:28:59] Sent map info: [[0.0, 0.0], [0.0, 0.0], [2.39681, 2.36], [2.39681, 2.36], [0.5, 14.5], [2.39681, 2.36], [22.763086318969727, 8.226319313049316], [16.81643581390381, 12.045143127441406], [19.1533260345459, 9.839712142944336], [20.83182144165039, 6.98295783996582], [27.5, 0.5], [16.49020481109619, 12.008158683776855]]
[2026-07-07 15:28:59] Sent map infos: [[0.0, 0.0], [0.0, 0.0], [2.39681, 2.36], [2.39681, 2.36], [0.5, 14.5], [2.39681, 2.36], [22.763086318969727, 8.226319313049316], [16.81643581390381, 12.045143127441406], [19.1533260345459, 9.839712142944336], [20.83182144165039, 6.98295783996582], [27.5, 0.5], [16.49020481109619, 12.008158683776855]]
[2026-07-07 15:28:59] Marked situation: [0, 0, 0, 0, 0, 0, 0]
[2026-07-07 15:28:59] have_double_effect_times: 0 , is_activating_double_effect: 0 , already_activate_double_effect_times: 0
[2026-07-07 15:28:59] Marked situation: [0, 0, 0, 0, 0, 0, 0]
[2026-07-07 15:28:59] have_double_effect_times: 0 , is_activating_double_effect: 0 , already_activate_double_effect_times: 0
[2026-07-07 15:28:59] Sent map info: [[0.0, 0.0], [0.0, 0.0], [2.39681, 2.36], [2.39681, 2.36], [0.5, 14.5], [2.39681, 2.36], [22.763086318969727, 8.226319313049316], [16.81643581390381, 12.045143127441406], [19.1533260345459, 9.839712142944336], [20.83182144165039, 6.98295783996582], [27.5, 0.5], [16.49020481109619, 12.008158683776855]]
[2026-07-07 15:28:59] Sent map infos: [[0.0, 0.0], [0.0, 0.0], [2.39681, 2.36], [2.39681, 2.36], [0.5, 14.5], [2.39681, 2.36], [22.763086318969727, 8.226319313049316], [16.81643581390381, 12.045143127441406], [19.1533260345459, 9.839712142944336], [20.83182144165039, 6.98295783996582], [27.5, 0.5], [16.49020481109619, 12.008158683776855]]
[2026-07-07 15:29:00] update time left216
[2026-07-07 15:29:00] Marked situation: [0, 0, 0, 0, 0, 0, 0]
[2026-07-07 15:29:00] have_double_effect_times: 0 , is_activating_double_effect: 0 , already_activate_double_effect_times: 0
[2026-07-07 15:29:00] Marked situation: [0, 0, 0, 0, 0, 0, 0]
[2026-07-07 15:29:00] have_double_effect_times: 0 , is_activating_double_effect: 0 , already_activate_double_effect_times: 0
[2026-07-07 15:29:00] Sent map info: [[0.0, 0.0], [0.0, 0.0], [2.39681, 2.36], [2.39681, 2.36], [0.5, 14.5], [2.39681, 2.36], [22.763086318969727, 8.226319313049316], [16.81643581390381, 12.045143127441406], [19.1533260345459, 9.839712142944336], [20.83182144165039, 6.98295783996582], [27.5, 0.5], [16.49020481109619, 12.008158683776855]]
[2026-07-07 15:29:00] Sent map infos: [[0.0, 0.0], [0.0, 0.0], [2.39681, 2.36], [2.39681, 2.36], [0.5, 14.5], [2.39681, 2.36], [22.763086318969727, 8.226319313049316], [16.81643581390381, 12.045143127441406], [19.1533260345459, 9.839712142944336], [20.83182144165039, 6.98295783996582], [27.5, 0.5], [16.49020481109619, 12.008158683776855]]
[2026-07-07 15:29:00] Marked situation: [0, 0, 0, 0, 0, 0, 0]
[2026-07-07 15:29:00] have_double_effect_times: 0 , is_activating_double_effect: 0 , already_activate_double_effect_times: 0
[2026-07-07 15:29:00] Marked situation: [0, 0, 0, 0, 0, 0, 0]
[2026-07-07 15:29:00] have_double_effect_times: 0 , is_activating_double_effect: 0 , already_activate_double_effect_times: 0
[2026-07-07 15:29:00] Sent map info: [[0.0, 0.0], [0.0, 0.0], [2.39681, 2.36], [2.39681, 2.36], [0.5, 14.5], [2.39681, 2.36], [22.763086318969727, 8.226319313049316], [16.81643581390381, 12.045143127441406], [19.1533260345459, 9.839712142944336], [20.83182144165039, 6.98295783996582], [27.5, 0.5], [16.49020481109619, 12.008158683776855]]
[2026-07-07 15:29:00] Sent map infos: [[0.0, 0.0], [0.0, 0.0], [2.39681, 2.36], [2.39681, 2.36], [0.5, 14.5], [2.39681, 2.36], [22.763086318969727, 8.226319313049316], [16.81643581390381, 12.045143127441406], [19.1533260345459, 9.839712142944336], [20.83182144165039, 6.98295783996582], [27.5, 0.5], [16.49020481109619, 12.008158683776855]]
[2026-07-07 15:29:00] Marked situation: [0, 0, 0, 0, 0, 0, 0]
[2026-07-07 15:29:00] have_double_effect_times: 0 , is_activating_double_effect: 0 , already_activate_double_effect_times: 0
[2026-07-07 15:29:01] update time left215
[2026-07-07 15:29:01] Marked situation: [0, 0, 0, 0, 0, 0, 0]
[2026-07-07 15:29:01] have_double_effect_times: 0 , is_activating_double_effect: 0 , already_activate_double_effect_times: 0
[2026-07-07 15:29:01] Sent map info: [[0.0, 0.0], [0.0, 0.0], [2.39681, 2.36], [2.39681, 2.36], [0.5, 14.5], [2.39681, 2.36], [22.763086318969727, 8.226319313049316], [16.81643581390381, 12.045143127441406], [19.1533260345459, 9.839712142944336], [20.83182144165039, 6.98295783996582], [27.5, 0.5], [16.49020481109619, 12.008158683776855]]
[2026-07-07 15:29:01] Sent map infos: [[0.0, 0.0], [0.0, 0.0], [2.39681, 2.36], [2.39681, 2.36], [0.5, 14.5], [2.39681, 2.36], [22.763086318969727, 8.226319313049316], [16.81643581390381, 12.045143127441406], [19.1533260345459, 9.839712142944336], [20.83182144165039, 6.98295783996582], [27.5, 0.5], [16.49020481109619, 12.008158683776855]]
[2026-07-07 15:29:01] Marked situation: [0, 0, 0, 0, 0, 0, 0]
[2026-07-07 15:29:01] have_double_effect_times: 0 , is_activating_double_effect: 0 , already_activate_double_effect_times: 0
[2026-07-07 15:29:01] Marked situation: [0, 0, 0, 0, 0, 0, 0]
[2026-07-07 15:29:01] have_double_effect_times: 0 , is_activating_double_effect: 0 , already_activate_double_effect_times: 0
[2026-07-07 15:29:01] Sent map info: [[0.0, 0.0], [0.0, 0.0], [2.39681, 2.36], [2.39681, 2.36], [0.5, 14.5], [2.39681, 2.36], [22.763086318969727, 8.226319313049316], [16.81643581390381, 12.045143127441406], [19.1533260345459, 9.839712142944336], [20.83182144165039, 6.98295783996582], [27.5, 0.5], [16.49020481109619, 12.008158683776855]]
[2026-07-07 15:29:01] Sent map infos: [[0.0, 0.0], [0.0, 0.0], [2.39681, 2.36], [2.39681, 2.36], [0.5, 14.5], [2.39681, 2.36], [22.763086318969727, 8.226319313049316], [16.81643581390381, 12.045143127441406], [19.1533260345459, 9.839712142944336], [20.83182144165039, 6.98295783996582], [27.5, 0.5], [16.49020481109619, 12.008158683776855]]
[2026-07-07 15:29:01] Marked situation: [0, 0, 0, 0, 0, 0, 0]
[2026-07-07 15:29:01] have_double_effect_times: 0 , is_activating_double_effect: 0 , already_activate_double_effect_times: 0
[2026-07-07 15:29:01] Marked situation: [0, 0, 0, 0, 0, 0, 0]
[2026-07-07 15:29:01] have_double_effect_times: 0 , is_activating_double_effect: 0 , already_activate_double_effect_times: 0
[2026-07-07 15:29:01] Sent map info: [[0.0, 0.0], [0.0, 0.0], [2.39681, 2.36], [2.39681, 2.36], [0.5, 14.5], [2.39681, 2.36], [22.763086318969727, 8.226319313049316], [16.81643581390381, 12.045143127441406], [19.1533260345459, 9.839712142944336], [20.83182144165039, 6.98295783996582], [27.5, 0.5], [16.49020481109619, 12.008158683776855]]
[2026-07-07 15:29:01] Sent map infos: [[0.0, 0.0], [0.0, 0.0], [2.39681, 2.36], [2.39681, 2.36], [0.5, 14.5], [2.39681, 2.36], [22.763086318969727, 8.226319313049316], [16.81643581390381, 12.045143127441406], [19.1533260345459, 9.839712142944336], [20.83182144165039, 6.98295783996582], [27.5, 0.5], [16.49020481109619, 12.008158683776855]]
[2026-07-07 15:29:02] update time left214
[2026-07-07 15:29:02] Marked situation: [0, 0, 0, 0, 0, 0, 0]
[2026-07-07 15:29:02] have_double_effect_times: 0 , is_activating_double_effect: 0 , already_activate_double_effect_times: 0
[2026-07-07 15:29:02] Marked situation: [0, 0, 0, 0, 0, 0, 0]
[2026-07-07 15:29:02] have_double_effect_times: 0 , is_activating_double_effect: 0 , already_activate_double_effect_times: 0
[2026-07-07 15:29:02] Sent map info: [[0.0, 0.0], [0.0, 0.0], [2.39681, 2.36], [2.39681, 2.36], [0.5, 14.5], [2.39681, 2.36], [22.763086318969727, 8.226319313049316], [16.81643581390381, 12.045143127441406], [19.1533260345459, 9.839712142944336], [20.83182144165039, 6.98295783996582], [27.5, 0.5], [16.49020481109619, 12.008158683776855]]
[2026-07-07 15:29:02] Sent map infos: [[0.0, 0.0], [0.0, 0.0], [2.39681, 2.36], [2.39681, 2.36], [0.5, 14.5], [2.39681, 2.36], [22.763086318969727, 8.226319313049316], [16.81643581390381, 12.045143127441406], [19.1533260345459, 9.839712142944336], [20.83182144165039, 6.98295783996582], [27.5, 0.5], [16.49020481109619, 12.008158683776855]]
[2026-07-07 15:29:02] Marked situation: [0, 0, 0, 0, 0, 0, 0]
[2026-07-07 15:29:02] have_double_effect_times: 0 , is_activating_double_effect: 0 , already_activate_double_effect_times: 0
[2026-07-07 15:29:02] Marked situation: [0, 0, 0, 0, 0, 0, 0]
[2026-07-07 15:29:02] have_double_effect_times: 0 , is_activating_double_effect: 0 , already_activate_double_effect_times: 0
[2026-07-07 15:29:02] Sent map info: [[0.0, 0.0], [0.0, 0.0], [2.39681, 2.36], [2.39681, 2.36], [0.5, 14.5], [2.39681, 2.36], [22.763086318969727, 8.226319313049316], [16.81643581390381, 12.045143127441406], [19.1533260345459, 9.839712142944336], [20.83182144165039, 6.98295783996582], [27.5, 0.5], [16.49020481109619, 12.008158683776855]]
[2026-07-07 15:29:02] Sent map infos: [[0.0, 0.0], [0.0, 0.0], [2.39681, 2.36], [2.39681, 2.36], [0.5, 14.5], [2.39681, 2.36], [22.763086318969727, 8.226319313049316], [16.81643581390381, 12.045143127441406], [19.1533260345459, 9.839712142944336], [20.83182144165039, 6.98295783996582], [27.5, 0.5], [16.49020481109619, 12.008158683776855]]
[2026-07-07 15:29:02] Marked situation: [0, 0, 0, 0, 0, 0, 0]
[2026-07-07 15:29:02] have_double_effect_times: 0 , is_activating_double_effect: 0 , already_activate_double_effect_times: 0
[2026-07-07 15:29:03] update time left213
[2026-07-07 15:29:03] Marked situation: [0, 0, 0, 0, 0, 0, 0]
[2026-07-07 15:29:03] have_double_effect_times: 0 , is_activating_double_effect: 0 , already_activate_double_effect_times: 0
[2026-07-07 15:29:03] Sent map info: [[0.0, 0.0], [0.0, 0.0], [2.39681, 2.36], [2.39681, 2.36], [0.5, 14.5], [2.39681, 2.36], [22.763086318969727, 8.226319313049316], [16.81643581390381, 12.045143127441406], [19.1533260345459, 9.839712142944336], [20.83182144165039, 6.98295783996582], [27.5, 0.5], [16.49020481109619, 12.008158683776855]]
[2026-07-07 15:29:03] Sent map infos: [[0.0, 0.0], [0.0, 0.0], [2.39681, 2.36], [2.39681, 2.36], [0.5, 14.5], [2.39681, 2.36], [22.763086318969727, 8.226319313049316], [16.81643581390381, 12.045143127441406], [19.1533260345459, 9.839712142944336], [20.83182144165039, 6.98295783996582], [27.5, 0.5], [16.49020481109619, 12.008158683776855]]
[2026-07-07 15:29:03] Marked situation: [0, 0, 0, 0, 0, 0, 0]
[2026-07-07 15:29:03] have_double_effect_times: 0 , is_activating_double_effect: 0 , already_activate_double_effect_times: 0
[2026-07-07 15:29:03] Marked situation: [0, 0, 0, 0, 0, 0, 0]
[2026-07-07 15:29:03] have_double_effect_times: 0 , is_activating_double_effect: 0 , already_activate_double_effect_times: 0
[2026-07-07 15:29:03] Sent map info: [[0.0, 0.0], [0.0, 0.0], [2.39681, 2.36], [2.39681, 2.36], [0.5, 14.5], [2.39681, 2.36], [22.763086318969727, 8.226319313049316], [16.81643581390381, 12.045143127441406], [19.1533260345459, 9.839712142944336], [20.83182144165039, 6.98295783996582], [27.5, 0.5], [16.49020481109619, 12.008158683776855]]
[2026-07-07 15:29:03] Sent map infos: [[0.0, 0.0], [0.0, 0.0], [2.39681, 2.36], [2.39681, 2.36], [0.5, 14.5], [2.39681, 2.36], [22.763086318969727, 8.226319313049316], [16.81643581390381, 12.045143127441406], [19.1533260345459, 9.839712142944336], [20.83182144165039, 6.98295783996582], [27.5, 0.5], [16.49020481109619, 12.008158683776855]]
[2026-07-07 15:29:03] Marked situation: [0, 0, 0, 0, 0, 0, 0]
[2026-07-07 15:29:03] have_double_effect_times: 0 , is_activating_double_effect: 0 , already_activate_double_effect_times: 0
[2026-07-07 15:29:03] Marked situation: [0, 0, 0, 0, 0, 0, 0]
[2026-07-07 15:29:03] have_double_effect_times: 0 , is_activating_double_effect: 0 , already_activate_double_effect_times: 0
[2026-07-07 15:29:03] Sent map info: [[0.0, 0.0], [0.0, 0.0], [2.39681, 2.36], [2.39681, 2.36], [0.5, 14.5], [7.283390045166016, 0.910363495349884], [22.763086318969727, 8.226319313049316], [16.81643581390381, 12.045143127441406], [19.1533260345459, 9.839712142944336], [20.83182144165039, 6.98295783996582], [27.5, 0.5], [16.49020481109619, 12.008158683776855]]
[2026-07-07 15:29:03] Sent map infos: [[0.0, 0.0], [0.0, 0.0], [2.39681, 2.36], [2.39681, 2.36], [0.5, 14.5], [7.283390045166016, 0.910363495349884], [22.763086318969727, 8.226319313049316], [16.81643581390381, 12.045143127441406], [19.1533260345459, 9.839712142944336], [20.83182144165039, 6.98295783996582], [27.5, 0.5], [16.49020481109619, 12.008158683776855]]
[2026-07-07 15:29:04] update time left212
[2026-07-07 15:29:04] Marked situation: [0, 0, 0, 0, 0, 0, 0]
[2026-07-07 15:29:04] have_double_effect_times: 0 , is_activating_double_effect: 0 , already_activate_double_effect_times: 0
[2026-07-07 15:29:04] Marked situation: [0, 0, 0, 0, 0, 0, 0]
[2026-07-07 15:29:04] have_double_effect_times: 0 , is_activating_double_effect: 0 , already_activate_double_effect_times: 0
[2026-07-07 15:29:04] Sent map info: [[0.0, 0.0], [0.0, 0.0], [2.39681, 2.36], [2.39681, 2.36], [0.5, 14.5], [7.234519958496094, 0.9065337181091309], [22.763086318969727, 8.226319313049316], [16.81643581390381, 12.045143127441406], [19.1533260345459, 9.839712142944336], [20.83182144165039, 6.98295783996582], [27.5, 0.5], [16.49020481109619, 12.008158683776855]]
[2026-07-07 15:29:04] Sent map infos: [[0.0, 0.0], [0.0, 0.0], [2.39681, 2.36], [2.39681, 2.36], [0.5, 14.5], [7.234519958496094, 0.9065337181091309], [22.763086318969727, 8.226319313049316], [16.81643581390381, 12.045143127441406], [19.1533260345459, 9.839712142944336], [20.83182144165039, 6.98295783996582], [27.5, 0.5], [16.49020481109619, 12.008158683776855]]
[2026-07-07 15:29:04] Marked situation: [0, 0, 0, 0, 0, 0, 0]
[2026-07-07 15:29:04] have_double_effect_times: 0 , is_activating_double_effect: 0 , already_activate_double_effect_times: 0
[2026-07-07 15:29:04] Marked situation: [0, 0, 0, 0, 0, 0, 0]
[2026-07-07 15:29:04] have_double_effect_times: 0 , is_activating_double_effect: 0 , already_activate_double_effect_times: 0
[2026-07-07 15:29:04] Sent map info: [[0.0, 0.0], [0.0, 0.0], [2.39681, 2.36], [2.39681, 2.36], [0.5, 14.5], [7.234519958496094, 0.9065337181091309], [22.763086318969727, 8.226319313049316], [16.81643581390381, 12.045143127441406], [19.1533260345459, 9.839712142944336], [20.83182144165039, 6.98295783996582], [27.5, 0.5], [16.49020481109619, 12.008158683776855]]
[2026-07-07 15:29:04] Sent map infos: [[0.0, 0.0], [0.0, 0.0], [2.39681, 2.36], [2.39681, 2.36], [0.5, 14.5], [7.234519958496094, 0.9065337181091309], [22.763086318969727, 8.226319313049316], [16.81643581390381, 12.045143127441406], [19.1533260345459, 9.839712142944336], [20.83182144165039, 6.98295783996582], [27.5, 0.5], [16.49020481109619, 12.008158683776855]]
[2026-07-07 15:29:04] Marked situation: [0, 0, 0, 0, 0, 0, 0]
[2026-07-07 15:29:04] have_double_effect_times: 0 , is_activating_double_effect: 0 , already_activate_double_effect_times: 0
[2026-07-07 15:29:05] update time left211
[2026-07-07 15:29:05] Marked situation: [0, 0, 0, 0, 0, 0, 0]
[2026-07-07 15:29:05] have_double_effect_times: 0 , is_activating_double_effect: 0 , already_activate_double_effect_times: 0
[2026-07-07 15:29:05] Sent map info: [[0.0, 0.0], [0.0, 0.0], [2.39681, 2.36], [2.39681, 2.36], [0.5, 14.5], [7.234519958496094, 0.9065337181091309], [22.763086318969727, 8.226319313049316], [16.81643581390381, 12.045143127441406], [19.1533260345459, 9.839712142944336], [20.83182144165039, 6.98295783996582], [27.5, 0.5], [16.49020481109619, 12.008158683776855]]
[2026-07-07 15:29:05] Sent map infos: [[0.0, 0.0], [0.0, 0.0], [2.39681, 2.36], [2.39681, 2.36], [0.5, 14.5], [7.234519958496094, 0.9065337181091309], [22.763086318969727, 8.226319313049316], [16.81643581390381, 12.045143127441406], [19.1533260345459, 9.839712142944336], [20.83182144165039, 6.98295783996582], [27.5, 0.5], [16.49020481109619, 12.008158683776855]]
[2026-07-07 15:29:05] Marked situation: [0, 0, 0, 0, 0, 0, 0]
[2026-07-07 15:29:05] have_double_effect_times: 0 , is_activating_double_effect: 0 , already_activate_double_effect_times: 0
[2026-07-07 15:29:05] Marked situation: [0, 0, 0, 0, 0, 0, 0]
[2026-07-07 15:29:05] have_double_effect_times: 0 , is_activating_double_effect: 0 , already_activate_double_effect_times: 0
[2026-07-07 15:29:05] Sent map info: [[0.0, 0.0], [0.0, 0.0], [2.39681, 2.36], [2.39681, 2.36], [0.5, 14.5], [7.234519958496094, 0.9065337181091309], [22.763086318969727, 8.226319313049316], [16.81643581390381, 12.045143127441406], [19.1533260345459, 9.839712142944336], [20.83182144165039, 6.98295783996582], [27.5, 0.5], [16.49020481109619, 12.008158683776855]]
[2026-07-07 15:29:05] Sent map infos: [[0.0, 0.0], [0.0, 0.0], [2.39681, 2.36], [2.39681, 2.36], [0.5, 14.5], [7.234519958496094, 0.9065337181091309], [22.763086318969727, 8.226319313049316], [16.81643581390381, 12.045143127441406], [19.1533260345459, 9.839712142944336], [20.83182144165039, 6.98295783996582], [27.5, 0.5], [16.49020481109619, 12.008158683776855]]
[2026-07-07 15:29:05] Marked situation: [0, 0, 0, 0, 0, 0, 0]
[2026-07-07 15:29:05] have_double_effect_times: 0 , is_activating_double_effect: 0 , already_activate_double_effect_times: 0
[2026-07-07 15:29:05] Marked situation: [0, 0, 0, 0, 0, 0, 0]
[2026-07-07 15:29:05] have_double_effect_times: 0 , is_activating_double_effect: 0 , already_activate_double_effect_times: 0
[2026-07-07 15:29:05] Sent map info: [[0.0, 0.0], [0.0, 0.0], [2.39681, 2.36], [2.39681, 2.36], [0.5, 14.5], [7.234519958496094, 0.9065337181091309], [22.763086318969727, 8.226319313049316], [16.81643581390381, 12.045143127441406], [19.1533260345459, 9.839712142944336], [20.83182144165039, 6.98295783996582], [27.5, 0.5], [16.49020481109619, 12.008158683776855]]
[2026-07-07 15:29:05] Sent map infos: [[0.0, 0.0], [0.0, 0.0], [2.39681, 2.36], [2.39681, 2.36], [0.5, 14.5], [7.234519958496094, 0.9065337181091309], [22.763086318969727, 8.226319313049316], [16.81643581390381, 12.045143127441406], [19.1533260345459, 9.839712142944336], [20.83182144165039, 6.98295783996582], [27.5, 0.5], [16.49020481109619, 12.008158683776855]]
[2026-07-07 15:29:06] update time left210
[2026-07-07 15:29:06] Marked situation: [0, 0, 0, 0, 0, 0, 0]
[2026-07-07 15:29:06] have_double_effect_times: 0 , is_activating_double_effect: 0 , already_activate_double_effect_times: 0
[2026-07-07 15:29:06] Marked situation: [0, 0, 0, 0, 0, 0, 0]
[2026-07-07 15:29:06] have_double_effect_times: 0 , is_activating_double_effect: 0 , already_activate_double_effect_times: 0
[2026-07-07 15:29:06] Sent map info: [[0.0, 0.0], [0.0, 0.0], [2.39681, 2.36], [2.39681, 2.36], [0.5, 14.5], [7.234519958496094, 0.9065337181091309], [22.763086318969727, 8.226319313049316], [16.81643581390381, 12.045143127441406], [19.1533260345459, 9.839712142944336], [20.83182144165039, 6.98295783996582], [27.5, 0.5], [16.49020481109619, 12.008158683776855]]
[2026-07-07 15:29:06] Sent map infos: [[0.0, 0.0], [0.0, 0.0], [2.39681, 2.36], [2.39681, 2.36], [0.5, 14.5], [7.234519958496094, 0.9065337181091309], [22.763086318969727, 8.226319313049316], [16.81643581390381, 12.045143127441406], [19.1533260345459, 9.839712142944336], [20.83182144165039, 6.98295783996582], [27.5, 0.5], [16.49020481109619, 12.008158683776855]]
[2026-07-07 15:29:06] Marked situation: [0, 0, 0, 0, 0, 0, 0]
[2026-07-07 15:29:06] have_double_effect_times: 0 , is_activating_double_effect: 0 , already_activate_double_effect_times: 0
[2026-07-07 15:29:06] Marked situation: [0, 0, 0, 0, 0, 0, 0]
[2026-07-07 15:29:06] have_double_effect_times: 0 , is_activating_double_effect: 0 , already_activate_double_effect_times: 0
[2026-07-07 15:29:06] Sent map info: [[0.0, 0.0], [0.0, 0.0], [2.39681, 2.36], [2.39681, 2.36], [0.5, 14.5], [7.234519958496094, 0.9065337181091309], [22.763086318969727, 8.226319313049316], [16.81643581390381, 12.045143127441406], [19.1533260345459, 9.839712142944336], [20.83182144165039, 6.98295783996582], [27.5, 0.5], [16.49020481109619, 12.008158683776855]]
[2026-07-07 15:29:06] Sent map infos: [[0.0, 0.0], [0.0, 0.0], [2.39681, 2.36], [2.39681, 2.36], [0.5, 14.5], [7.234519958496094, 0.9065337181091309], [22.763086318969727, 8.226319313049316], [16.81643581390381, 12.045143127441406], [19.1533260345459, 9.839712142944336], [20.83182144165039, 6.98295783996582], [27.5, 0.5], [16.49020481109619, 12.008158683776855]]
