[2026-07-06 19:19:10] [ROS] 节点已初始化: /unnamed
[2026-07-06 19:19:10] [ROS] 已订阅 /drone_field_xyz
[2026-07-06 19:19:10] [ROS] 已订阅 /radar/enemy/jam_key
[2026-07-06 19:19:10] [ROS] 已订阅 /radar/enemy/health_array
[2026-07-06 19:19:29] Messager start
[2026-07-06 19:19:29] Marked situation: [0, 0, 0, 0, 0, 0, 0]
[2026-07-06 19:19:29] have_double_effect_times: 0 , is_activating_double_effect: 0 , already_activate_double_effect_times: 0
[2026-07-06 19:19:29] Sent map info: [[0.0, 0.0], [0.0, 0.0], [2.39681, 2.36], [2.39681, 2.36], [0.5, 14.5], [2.39681, 2.36], [0.0, 0.0], [0.0, 0.0], [0.0, 0.0], [0.0, 0.0], [27.5, 0.5], [0.0, 0.0]]
[2026-07-06 19:19:29] Sent map infos: [[0.0, 0.0], [0.0, 0.0], [2.39681, 2.36], [2.39681, 2.36], [0.5, 14.5], [2.39681, 2.36], [0.0, 0.0], [0.0, 0.0], [0.0, 0.0], [0.0, 0.0], [27.5, 0.5], [0.0, 0.0]]
[2026-07-06 19:19:29] Marked situation: [0, 0, 0, 0, 0, 0, 0]
[2026-07-06 19:19:29] have_double_effect_times: 0 , is_activating_double_effect: 0 , already_activate_double_effect_times: 0
[2026-07-06 19:19:29] Marked situation: [0, 0, 0, 0, 0, 0, 0]
[2026-07-06 19:19:29] have_double_effect_times: 0 , is_activating_double_effect: 0 , already_activate_double_effect_times: 0
[2026-07-06 19:19:29] Sent map info: [[0.0, 0.0], [0.0, 0.0], [2.39681, 2.36], [2.39681, 2.36], [0.5, 14.5], [2.39681, 2.36], [0.0, 0.0], [0.0, 0.0], [0.0, 0.0], [0.0, 0.0], [27.5, 0.5], [0.0, 0.0]]
[2026-07-06 19:19:29] Sent map infos: [[0.0, 0.0], [0.0, 0.0], [2.39681, 2.36], [2.39681, 2.36], [0.5, 14.5], [2.39681, 2.36], [0.0, 0.0], [0.0, 0.0], [0.0, 0.0], [0.0, 0.0], [27.5, 0.5], [0.0, 0.0]]
[2026-07-06 19:19:30] Marked situation: [0, 0, 0, 0, 0, 0, 0]
[2026-07-06 19:19:30] have_double_effect_times: 0 , is_activating_double_effect: 0 , already_activate_double_effect_times: 0
[2026-07-06 19:19:30] Marked situation: [0, 0, 0, 0, 0, 0, 0]
[2026-07-06 19:19:30] have_double_effect_times: 0 , is_activating_double_effect: 0 , already_activate_double_effect_times: 0
[2026-07-06 19:19:30] Sent map info: [[0.0, 0.0], [8.074037551879883, 6.1033501625061035], [2.39681, 2.36], [2.39681, 2.36], [0.5, 14.5], [7.14887809753418, 5.0163893699646], [0.0, 0.0], [11.095489501953125, 10.619915962219238], [10.935905456542969, 10.506665229797363], [16.49040412902832, 6.566684246063232], [27.5, 0.5], [0.0, 0.0]]
[2026-07-06 19:19:30] Sent map infos: [[0.0, 0.0], [8.074037551879883, 6.1033501625061035], [2.39681, 2.36], [2.39681, 2.36], [0.5, 14.5], [7.14887809753418, 5.0163893699646], [0.0, 0.0], [11.095489501953125, 10.619915962219238], [10.935905456542969, 10.506665229797363], [16.49040412902832, 6.566684246063232], [27.5, 0.5], [0.0, 0.0]]
[2026-07-06 19:19:30] Marked situation: [0, 0, 0, 0, 0, 0, 0]
[2026-07-06 19:19:30] have_double_effect_times: 0 , is_activating_double_effect: 0 , already_activate_double_effect_times: 0
[2026-07-06 19:19:30] Marked situation: [0, 0, 0, 0, 0, 0, 0]
[2026-07-06 19:19:30] have_double_effect_times: 0 , is_activating_double_effect: 0 , already_activate_double_effect_times: 0
[2026-07-06 19:19:30] Sent map info: [[0.0, 0.0], [8.055566787719727, 6.1311469078063965], [2.39681, 2.36], [2.39681, 2.36], [0.5, 14.5], [7.121551513671875, 5.017752170562744], [0.0, 0.0], [10.550060272216797, 10.578329086303711], [10.735883712768555, 10.485995292663574], [16.563117027282715, 6.487622261047363], [27.5, 0.5], [0.0, 0.0]]
[2026-07-06 19:19:30] Sent map infos: [[0.0, 0.0], [8.055566787719727, 6.1311469078063965], [2.39681, 2.36], [2.39681, 2.36], [0.5, 14.5], [7.121551513671875, 5.017752170562744], [0.0, 0.0], [10.550060272216797, 10.578329086303711], [10.735883712768555, 10.485995292663574], [16.563117027282715, 6.487622261047363], [27.5, 0.5], [0.0, 0.0]]
[2026-07-06 19:19:30] Marked situation: [0, 0, 0, 0, 0, 0, 0]
[2026-07-06 19:19:30] have_double_effect_times: 0 , is_activating_double_effect: 0 , already_activate_double_effect_times: 0
[2026-07-06 19:19:31] Marked situation: [0, 0, 0, 0, 0, 0, 0]
[2026-07-06 19:19:31] have_double_effect_times: 0 , is_activating_double_effect: 0 , already_activate_double_effect_times: 0
[2026-07-06 19:19:31] Sent map info: [[0.0, 0.0], [8.576648712158203, 5.958189487457275], [2.39681, 2.36], [2.39681, 2.36], [0.5, 14.5], [7.115543365478516, 5.027480602264404], [0.0, 0.0], [10.529001235961914, 10.6876220703125], [10.735883712768555, 10.485995292663574], [16.504916191101074, 6.601128578186035], [27.5, 0.5], [13.214909553527832, 7.14457368850708]]
[2026-07-06 19:19:31] Sent map infos: [[0.0, 0.0], [8.576648712158203, 5.958189487457275], [2.39681, 2.36], [2.39681, 2.36], [0.5, 14.5], [7.115543365478516, 5.027480602264404], [0.0, 0.0], [10.529001235961914, 10.6876220703125], [10.735883712768555, 10.485995292663574], [16.504916191101074, 6.601128578186035], [27.5, 0.5], [13.214909553527832, 7.14457368850708]]
[2026-07-06 19:19:31] Marked situation: [0, 0, 0, 0, 0, 0, 0]
[2026-07-06 19:19:31] have_double_effect_times: 0 , is_activating_double_effect: 0 , already_activate_double_effect_times: 0
[2026-07-06 19:19:31] Marked situation: [0, 0, 0, 0, 0, 0, 0]
[2026-07-06 19:19:31] have_double_effect_times: 0 , is_activating_double_effect: 0 , already_activate_double_effect_times: 0
[2026-07-06 19:19:31] Sent map info: [[0.0, 0.0], [8.403226852416992, 6.085122585296631], [2.39681, 2.36], [2.39681, 2.36], [0.5, 14.5], [7.082984924316406, 5.03741455078125], [0.0, 0.0], [10.5548095703125, 10.6571683883667], [10.712905883789062, 10.470620155334473], [16.573904991149902, 6.475891590118408], [27.5, 0.5], [13.235248565673828, 7.120304107666016]]
[2026-07-06 19:19:31] Sent map infos: [[0.0, 0.0], [8.403226852416992, 6.085122585296631], [2.39681, 2.36], [2.39681, 2.36], [0.5, 14.5], [7.082984924316406, 5.03741455078125], [0.0, 0.0], [10.5548095703125, 10.6571683883667], [10.712905883789062, 10.470620155334473], [16.573904991149902, 6.475891590118408], [27.5, 0.5], [13.235248565673828, 7.120304107666016]]
[2026-07-06 19:19:31] Marked situation: [0, 0, 0, 0, 0, 0, 0]
[2026-07-06 19:19:31] have_double_effect_times: 0 , is_activating_double_effect: 0 , already_activate_double_effect_times: 0
[2026-07-06 19:19:31] Marked situation: [0, 0, 0, 0, 0, 0, 0]
[2026-07-06 19:19:31] have_double_effect_times: 0 , is_activating_double_effect: 0 , already_activate_double_effect_times: 0
[2026-07-06 19:19:31] Sent map info: [[0.0, 0.0], [8.366666793823242, 6.053035259246826], [2.39681, 2.36], [2.39681, 2.36], [0.5, 14.5], [7.08314323425293, 5.037156581878662], [0.0, 0.0], [10.691253662109375, 10.453727722167969], [10.705595016479492, 10.309225082397461], [16.645615577697754, 6.347439765930176], [27.5, 0.5], [13.116304397583008, 7.2155442237854]]
[2026-07-06 19:19:31] Sent map infos: [[0.0, 0.0], [8.366666793823242, 6.053035259246826], [2.39681, 2.36], [2.39681, 2.36], [0.5, 14.5], [7.08314323425293, 5.037156581878662], [0.0, 0.0], [10.691253662109375, 10.453727722167969], [10.705595016479492, 10.309225082397461], [16.645615577697754, 6.347439765930176], [27.5, 0.5], [13.116304397583008, 7.2155442237854]]
[2026-07-06 19:19:32] Marked situation: [0, 0, 0, 0, 0, 0, 0]
[2026-07-06 19:19:32] have_double_effect_times: 0 , is_activating_double_effect: 0 , already_activate_double_effect_times: 0
[2026-07-06 19:19:32] Marked situation: [0, 0, 0, 0, 0, 0, 0]
[2026-07-06 19:19:32] have_double_effect_times: 0 , is_activating_double_effect: 0 , already_activate_double_effect_times: 0
[2026-07-06 19:19:32] Sent map info: [[0.0, 0.0], [8.111381530761719, 6.09013032913208], [2.39681, 2.36], [2.39681, 2.36], [0.5, 14.5], [7.132669448852539, 5.042596340179443], [0.0, 0.0], [10.691253662109375, 10.453727722167969], [11.154239654541016, 10.251561164855957], [16.556262969970703, 6.796446323394775], [27.5, 0.5], [12.98464584350586, 7.697535991668701]]
[2026-07-06 19:19:32] Sent map infos: [[0.0, 0.0], [8.111381530761719, 6.09013032913208], [2.39681, 2.36], [2.39681, 2.36], [0.5, 14.5], [7.132669448852539, 5.042596340179443], [0.0, 0.0], [10.691253662109375, 10.453727722167969], [11.154239654541016, 10.251561164855957], [16.556262969970703, 6.796446323394775], [27.5, 0.5], [12.98464584350586, 7.697535991668701]]
[2026-07-06 19:19:32] Marked situation: [0, 0, 0, 0, 0, 0, 0]
[2026-07-06 19:19:32] have_double_effect_times: 0 , is_activating_double_effect: 0 , already_activate_double_effect_times: 0
[2026-07-06 19:19:32] Marked situation: [0, 0, 0, 0, 0, 0, 0]
[2026-07-06 19:19:32] have_double_effect_times: 0 , is_activating_double_effect: 0 , already_activate_double_effect_times: 0
[2026-07-06 19:19:32] Sent map info: [[0.0, 0.0], [8.221303939819336, 6.054296970367432], [2.39681, 2.36], [2.39681, 2.36], [0.5, 14.5], [7.112653732299805, 5.032156467437744], [0.0, 0.0], [10.691253662109375, 10.453727722167969], [12.915143966674805, 10.63197135925293], [16.556262969970703, 6.796446323394775], [27.5, 0.5], [12.888218879699707, 7.903820037841797]]
[2026-07-06 19:19:32] Sent map infos: [[0.0, 0.0], [8.221303939819336, 6.054296970367432], [2.39681, 2.36], [2.39681, 2.36], [0.5, 14.5], [7.112653732299805, 5.032156467437744], [0.0, 0.0], [10.691253662109375, 10.453727722167969], [12.915143966674805, 10.63197135925293], [16.556262969970703, 6.796446323394775], [27.5, 0.5], [12.888218879699707, 7.903820037841797]]
[2026-07-06 19:19:32] Marked situation: [0, 0, 0, 0, 0, 0, 0]
[2026-07-06 19:19:32] have_double_effect_times: 0 , is_activating_double_effect: 0 , already_activate_double_effect_times: 0
[2026-07-06 19:19:33] Marked situation: [0, 0, 0, 0, 0, 0, 0]
[2026-07-06 19:19:33] have_double_effect_times: 0 , is_activating_double_effect: 0 , already_activate_double_effect_times: 0
[2026-07-06 19:19:33] Sent map info: [[0.0, 0.0], [8.281454086303711, 6.093680381774902], [2.39681, 2.36], [2.39681, 2.36], [0.5, 14.5], [7.116153717041016, 5.026493072509766], [0.0, 0.0], [10.691253662109375, 10.453727722167969], [15.08971118927002, 11.285542488098145], [16.52431869506836, 6.7807745933532715], [27.5, 0.5], [13.123929977416992, 8.319230079650879]]
[2026-07-06 19:19:33] Sent map infos: [[0.0, 0.0], [8.281454086303711, 6.093680381774902], [2.39681, 2.36], [2.39681, 2.36], [0.5, 14.5], [7.116153717041016, 5.026493072509766], [0.0, 0.0], [10.691253662109375, 10.453727722167969], [15.08971118927002, 11.285542488098145], [16.52431869506836, 6.7807745933532715], [27.5, 0.5], [13.123929977416992, 8.319230079650879]]
[2026-07-06 19:19:33] Marked situation: [0, 0, 0, 0, 0, 0, 0]
[2026-07-06 19:19:33] have_double_effect_times: 0 , is_activating_double_effect: 0 , already_activate_double_effect_times: 0
[2026-07-06 19:19:33] Marked situation: [0, 0, 0, 0, 0, 0, 0]
[2026-07-06 19:19:33] have_double_effect_times: 0 , is_activating_double_effect: 0 , already_activate_double_effect_times: 0
[2026-07-06 19:19:33] Sent map info: [[0.0, 0.0], [8.350736618041992, 5.903797149658203], [2.39681, 2.36], [2.39681, 2.36], [0.5, 14.5], [7.134035110473633, 5.040388107299805], [0.0, 0.0], [10.691253662109375, 10.453727722167969], [15.424853324890137, 12.2034912109375], [16.421015739440918, 6.240302562713623], [27.5, 0.5], [13.95957088470459, 8.529435157775879]]
[2026-07-06 19:19:33] Sent map infos: [[0.0, 0.0], [8.350736618041992, 5.903797149658203], [2.39681, 2.36], [2.39681, 2.36], [0.5, 14.5], [7.134035110473633, 5.040388107299805], [0.0, 0.0], [10.691253662109375, 10.453727722167969], [15.424853324890137, 12.2034912109375], [16.421015739440918, 6.240302562713623], [27.5, 0.5], [13.95957088470459, 8.529435157775879]]
[2026-07-06 19:19:33] Marked situation: [0, 0, 0, 0, 0, 0, 0]
[2026-07-06 19:19:33] have_double_effect_times: 0 , is_activating_double_effect: 0 , already_activate_double_effect_times: 0
[2026-07-06 19:19:33] Marked situation: [0, 0, 0, 0, 0, 0, 0]
[2026-07-06 19:19:33] have_double_effect_times: 0 , is_activating_double_effect: 0 , already_activate_double_effect_times: 0
[2026-07-06 19:19:33] Sent map info: [[2.6285457611083984, 4.101696014404297], [8.60847282409668, 5.69320821762085], [2.39681, 2.36], [2.39681, 2.36], [0.5, 14.5], [7.13322639465332, 5.041694641113281], [0.0, 0.0], [10.691253662109375, 10.453727722167969], [16.84996795654297, 12.71254825592041], [16.413835525512695, 6.147457599639893], [27.5, 0.5], [13.474090576171875, 9.024666786193848]]
[2026-07-06 19:19:33] Sent map infos: [[2.6285457611083984, 4.101696014404297], [8.60847282409668, 5.69320821762085], [2.39681, 2.36], [2.39681, 2.36], [0.5, 14.5], [7.13322639465332, 5.041694641113281], [0.0, 0.0], [10.691253662109375, 10.453727722167969], [16.84996795654297, 12.71254825592041], [16.413835525512695, 6.147457599639893], [27.5, 0.5], [13.474090576171875, 9.024666786193848]]
[2026-07-06 19:19:34] Marked situation: [0, 0, 0, 0, 0, 0, 0]
[2026-07-06 19:19:34] have_double_effect_times: 0 , is_activating_double_effect: 0 , already_activate_double_effect_times: 0
[2026-07-06 19:19:34] Marked situation: [0, 0, 0, 0, 0, 0, 0]
[2026-07-06 19:19:34] have_double_effect_times: 0 , is_activating_double_effect: 0 , already_activate_double_effect_times: 0
[2026-07-06 19:19:34] Sent map info: [[3.1678848266601562, 4.116857528686523], [8.610536575317383, 5.6901373863220215], [2.39681, 2.36], [2.39681, 2.36], [0.5, 14.5], [7.098079681396484, 5.055752754211426], [0.0, 0.0], [10.691253662109375, 10.453727722167969], [18.664381980895996, 12.244007110595703], [16.717656135559082, 5.455230236053467], [27.5, 0.5], [13.499943733215332, 9.45387077331543]]
[2026-07-06 19:19:34] Sent map infos: [[3.1678848266601562, 4.116857528686523], [8.610536575317383, 5.6901373863220215], [2.39681, 2.36], [2.39681, 2.36], [0.5, 14.5], [7.098079681396484, 5.055752754211426], [0.0, 0.0], [10.691253662109375, 10.453727722167969], [18.664381980895996, 12.244007110595703], [16.717656135559082, 5.455230236053467], [27.5, 0.5], [13.499943733215332, 9.45387077331543]]
[2026-07-06 19:19:34] Marked situation: [0, 0, 0, 0, 0, 0, 0]
[2026-07-06 19:19:34] have_double_effect_times: 0 , is_activating_double_effect: 0 , already_activate_double_effect_times: 0
[2026-07-06 19:19:34] Marked situation: [0, 0, 0, 0, 0, 0, 0]
[2026-07-06 19:19:34] have_double_effect_times: 0 , is_activating_double_effect: 0 , already_activate_double_effect_times: 0
[2026-07-06 19:19:34] Sent map info: [[2.618715286254883, 5.188046932220459], [8.641828536987305, 5.687275409698486], [2.39681, 2.36], [2.39681, 2.36], [0.5, 14.5], [7.071071624755859, 5.056723117828369], [0.0, 0.0], [10.691253662109375, 10.453727722167969], [19.70507526397705, 11.913661003112793], [16.780095100402832, 4.6138787269592285], [27.5, 0.5], [13.578274726867676, 9.8696928024292]]
[2026-07-06 19:19:34] Sent map infos: [[2.618715286254883, 5.188046932220459], [8.641828536987305, 5.687275409698486], [2.39681, 2.36], [2.39681, 2.36], [0.5, 14.5], [7.071071624755859, 5.056723117828369], [0.0, 0.0], [10.691253662109375, 10.453727722167969], [19.70507526397705, 11.913661003112793], [16.780095100402832, 4.6138787269592285], [27.5, 0.5], [13.578274726867676, 9.8696928024292]]
[2026-07-06 19:19:34] Marked situation: [0, 0, 0, 0, 0, 0, 0]
[2026-07-06 19:19:34] have_double_effect_times: 0 , is_activating_double_effect: 0 , already_activate_double_effect_times: 0
[2026-07-06 19:19:35] Marked situation: [0, 0, 0, 0, 0, 0, 0]
[2026-07-06 19:19:35] have_double_effect_times: 0 , is_activating_double_effect: 0 , already_activate_double_effect_times: 0
[2026-07-06 19:19:35] Sent map info: [[3.0258350372314453, 5.47268009185791], [8.651817321777344, 5.672431468963623], [2.39681, 2.36], [2.39681, 2.36], [0.5, 14.5], [7.048624038696289, 5.050370693206787], [0.0, 0.0], [20.427820205688477, 10.851118087768555], [19.70507526397705, 11.913661003112793], [16.534682273864746, 5.506587028503418], [27.5, 0.5], [13.474512100219727, 9.982020378112793]]
[2026-07-06 19:19:35] Sent map infos: [[3.0258350372314453, 5.47268009185791], [8.651817321777344, 5.672431468963623], [2.39681, 2.36], [2.39681, 2.36], [0.5, 14.5], [7.048624038696289, 5.050370693206787], [0.0, 0.0], [20.427820205688477, 10.851118087768555], [19.70507526397705, 11.913661003112793], [16.534682273864746, 5.506587028503418], [27.5, 0.5], [13.474512100219727, 9.982020378112793]]
[2026-07-06 19:19:35] Marked situation: [0, 0, 0, 0, 0, 0, 0]
[2026-07-06 19:19:35] have_double_effect_times: 0 , is_activating_double_effect: 0 , already_activate_double_effect_times: 0
[2026-07-06 19:19:35] Marked situation: [0, 0, 0, 0, 0, 0, 0]
[2026-07-06 19:19:35] have_double_effect_times: 0 , is_activating_double_effect: 0 , already_activate_double_effect_times: 0
[2026-07-06 19:19:35] Sent map info: [[3.5111312866210938, 5.240296840667725], [9.023847579956055, 5.6060943603515625], [2.39681, 2.36], [2.39681, 2.36], [0.5, 14.5], [7.078300476074219, 5.087771892547607], [0.0, 0.0], [19.92629337310791, 10.869000434875488], [19.396718978881836, 10.921034812927246], [16.52738094329834, 6.576738357543945], [27.5, 0.5], [13.472046852111816, 9.984688758850098]]
[2026-07-06 19:19:35] Sent map infos: [[3.5111312866210938, 5.240296840667725], [9.023847579956055, 5.6060943603515625], [2.39681, 2.36], [2.39681, 2.36], [0.5, 14.5], [7.078300476074219, 5.087771892547607], [0.0, 0.0], [19.92629337310791, 10.869000434875488], [19.396718978881836, 10.921034812927246], [16.52738094329834, 6.576738357543945], [27.5, 0.5], [13.472046852111816, 9.984688758850098]]
[2026-07-06 19:19:35] Marked situation: [0, 0, 0, 0, 0, 0, 0]
[2026-07-06 19:19:35] have_double_effect_times: 0 , is_activating_double_effect: 0 , already_activate_double_effect_times: 0
[2026-07-06 19:19:35] Marked situation: [0, 0, 0, 0, 0, 0, 0]
[2026-07-06 19:19:35] have_double_effect_times: 0 , is_activating_double_effect: 0 , already_activate_double_effect_times: 0
[2026-07-06 19:19:35] Sent map info: [[3.555875778198242, 4.7544660568237305], [8.514541625976562, 5.789489269256592], [2.39681, 2.36], [2.39681, 2.36], [0.5, 14.5], [7.129491806030273, 5.090539932250977], [0.0, 0.0], [18.125771522521973, 10.557755470275879], [18.29453754425049, 10.502812385559082], [16.5067195892334, 6.799769878387451], [27.5, 0.5], [13.507527351379395, 9.9916353225708]]
[2026-07-06 19:19:35] Sent map infos: [[3.555875778198242, 4.7544660568237305], [8.514541625976562, 5.789489269256592], [2.39681, 2.36], [2.39681, 2.36], [0.5, 14.5], [7.129491806030273, 5.090539932250977], [0.0, 0.0], [18.125771522521973, 10.557755470275879], [18.29453754425049, 10.502812385559082], [16.5067195892334, 6.799769878387451], [27.5, 0.5], [13.507527351379395, 9.9916353225708]]
[2026-07-06 19:19:36] Marked situation: [0, 0, 0, 0, 0, 0, 0]
[2026-07-06 19:19:36] have_double_effect_times: 0 , is_activating_double_effect: 0 , already_activate_double_effect_times: 0
[2026-07-06 19:19:36] Marked situation: [0, 0, 0, 0, 0, 0, 0]
[2026-07-06 19:19:36] have_double_effect_times: 0 , is_activating_double_effect: 0 , already_activate_double_effect_times: 0
[2026-07-06 19:19:36] Sent map info: [[5.673370361328125, 4.028753757476807], [8.281604766845703, 5.834299564361572], [2.39681, 2.36], [2.39681, 2.36], [0.5, 14.5], [7.100833892822266, 5.094071388244629], [0.0, 0.0], [18.125771522521973, 10.557755470275879], [19.810672760009766, 9.999274253845215], [16.36130714416504, 6.003891468048096], [27.5, 0.5], [13.50909423828125, 9.989941596984863]]
[2026-07-06 19:19:36] Sent map infos: [[5.673370361328125, 4.028753757476807], [8.281604766845703, 5.834299564361572], [2.39681, 2.36], [2.39681, 2.36], [0.5, 14.5], [7.100833892822266, 5.094071388244629], [0.0, 0.0], [18.125771522521973, 10.557755470275879], [19.810672760009766, 9.999274253845215], [16.36130714416504, 6.003891468048096], [27.5, 0.5], [13.50909423828125, 9.989941596984863]]
[2026-07-06 19:19:36] Marked situation: [0, 0, 0, 0, 0, 0, 0]
[2026-07-06 19:19:36] have_double_effect_times: 0 , is_activating_double_effect: 0 , already_activate_double_effect_times: 0
[2026-07-06 19:19:36] Marked situation: [0, 0, 0, 0, 0, 0, 0]
[2026-07-06 19:19:36] have_double_effect_times: 0 , is_activating_double_effect: 0 , already_activate_double_effect_times: 0
[2026-07-06 19:19:36] Sent map info: [[5.321277618408203, 3.9443702697753906], [8.146455764770508, 5.908207416534424], [2.39681, 2.36], [2.39681, 2.36], [0.5, 14.5], [7.082309722900391, 5.0812811851501465], [0.0, 0.0], [18.125771522521973, 10.557755470275879], [19.810672760009766, 9.999274253845215], [17.123985290527344, 4.430952072143555], [27.5, 0.5], [13.50777816772461, 9.991364479064941]]
[2026-07-06 19:19:36] Sent map infos: [[5.321277618408203, 3.9443702697753906], [8.146455764770508, 5.908207416534424], [2.39681, 2.36], [2.39681, 2.36], [0.5, 14.5], [7.082309722900391, 5.0812811851501465], [0.0, 0.0], [18.125771522521973, 10.557755470275879], [19.810672760009766, 9.999274253845215], [17.123985290527344, 4.430952072143555], [27.5, 0.5], [13.50777816772461, 9.991364479064941]]
[2026-07-06 19:19:36] Marked situation: [0, 0, 0, 0, 0, 0, 0]
[2026-07-06 19:19:36] have_double_effect_times: 0 , is_activating_double_effect: 0 , already_activate_double_effect_times: 0
[2026-07-06 19:19:37] Marked situation: [0, 0, 0, 0, 0, 0, 0]
[2026-07-06 19:19:37] have_double_effect_times: 0 , is_activating_double_effect: 0 , already_activate_double_effect_times: 0
[2026-07-06 19:19:37] Sent map info: [[4.168373107910156, 4.955494403839111], [8.106060028076172, 5.926094055175781], [2.39681, 2.36], [2.39681, 2.36], [0.5, 14.5], [7.088489532470703, 5.071275234222412], [0.0, 0.0], [18.125771522521973, 10.557755470275879], [19.810672760009766, 9.999274253845215], [17.38741111755371, 3.605523109436035], [27.5, 0.5], [13.508832931518555, 9.990224838256836]]
[2026-07-06 19:19:37] Sent map infos: [[4.168373107910156, 4.955494403839111], [8.106060028076172, 5.926094055175781], [2.39681, 2.36], [2.39681, 2.36], [0.5, 14.5], [7.088489532470703, 5.071275234222412], [0.0, 0.0], [18.125771522521973, 10.557755470275879], [19.810672760009766, 9.999274253845215], [17.38741111755371, 3.605523109436035], [27.5, 0.5], [13.508832931518555, 9.990224838256836]]
[2026-07-06 19:19:37] Marked situation: [0, 0, 0, 0, 0, 0, 0]
[2026-07-06 19:19:37] have_double_effect_times: 0 , is_activating_double_effect: 0 , already_activate_double_effect_times: 0
[2026-07-06 19:19:37] Marked situation: [0, 0, 0, 0, 0, 0, 0]
[2026-07-06 19:19:37] have_double_effect_times: 0 , is_activating_double_effect: 0 , already_activate_double_effect_times: 0
[2026-07-06 19:19:37] Sent map info: [[4.671010971069336, 6.174604415893555], [7.946332931518555, 5.953150272369385], [2.39681, 2.36], [2.39681, 2.36], [0.5, 14.5], [7.109642028808594, 5.079829216003418], [0.0, 0.0], [18.125771522521973, 10.557755470275879], [19.810672760009766, 9.999274253845215], [17.119500160217285, 1.3581486940383911], [27.5, 0.5], [13.508832931518555, 9.990224838256836]]
[2026-07-06 19:19:37] Sent map infos: [[4.671010971069336, 6.174604415893555], [7.946332931518555, 5.953150272369385], [2.39681, 2.36], [2.39681, 2.36], [0.5, 14.5], [7.109642028808594, 5.079829216003418], [0.0, 0.0], [18.125771522521973, 10.557755470275879], [19.810672760009766, 9.999274253845215], [17.119500160217285, 1.3581486940383911], [27.5, 0.5], [13.508832931518555, 9.990224838256836]]
[2026-07-06 19:19:37] Marked situation: [0, 0, 0, 0, 0, 0, 0]
[2026-07-06 19:19:37] have_double_effect_times: 0 , is_activating_double_effect: 0 , already_activate_double_effect_times: 0
[2026-07-06 19:19:37] Marked situation: [0, 0, 0, 0, 0, 0, 0]
[2026-07-06 19:19:37] have_double_effect_times: 0 , is_activating_double_effect: 0 , already_activate_double_effect_times: 0
[2026-07-06 19:19:37] Sent map info: [[5.317365646362305, 7.1065802574157715], [7.752141952514648, 5.778538227081299], [2.39681, 2.36], [2.39681, 2.36], [0.5, 14.5], [7.114616394042969, 5.028979778289795], [0.0, 0.0], [18.125771522521973, 10.557755470275879], [19.810672760009766, 9.999274253845215], [17.016785621643066, 1.3225727081298828], [27.5, 0.5], [13.508832931518555, 9.990224838256836]]
[2026-07-06 19:19:37] Sent map infos: [[5.317365646362305, 7.1065802574157715], [7.752141952514648, 5.778538227081299], [2.39681, 2.36], [2.39681, 2.36], [0.5, 14.5], [7.114616394042969, 5.028979778289795], [0.0, 0.0], [18.125771522521973, 10.557755470275879], [19.810672760009766, 9.999274253845215], [17.016785621643066, 1.3225727081298828], [27.5, 0.5], [13.508832931518555, 9.990224838256836]]
[2026-07-06 19:19:38] Marked situation: [0, 0, 0, 0, 0, 0, 0]
[2026-07-06 19:19:38] have_double_effect_times: 0 , is_activating_double_effect: 0 , already_activate_double_effect_times: 0
[2026-07-06 19:19:38] Marked situation: [0, 0, 0, 0, 0, 0, 0]
[2026-07-06 19:19:38] have_double_effect_times: 0 , is_activating_double_effect: 0 , already_activate_double_effect_times: 0
[2026-07-06 19:19:38] Sent map info: [[4.827735900878906, 6.69941520690918], [7.132602691650391, 6.314594268798828], [2.39681, 2.36], [2.39681, 2.36], [0.5, 14.5], [7.09221076965332, 5.065252304077148], [0.0, 0.0], [18.125771522521973, 10.557755470275879], [19.810672760009766, 9.999274253845215], [17.57680606842041, 1.1246318817138672], [27.5, 0.5], [13.508832931518555, 9.990224838256836]]
[2026-07-06 19:19:38] Sent map infos: [[4.827735900878906, 6.69941520690918], [7.132602691650391, 6.314594268798828], [2.39681, 2.36], [2.39681, 2.36], [0.5, 14.5], [7.09221076965332, 5.065252304077148], [0.0, 0.0], [18.125771522521973, 10.557755470275879], [19.810672760009766, 9.999274253845215], [17.57680606842041, 1.1246318817138672], [27.5, 0.5], [13.508832931518555, 9.990224838256836]]
[2026-07-06 19:19:38] Marked situation: [0, 0, 0, 0, 0, 0, 0]
[2026-07-06 19:19:38] have_double_effect_times: 0 , is_activating_double_effect: 0 , already_activate_double_effect_times: 0
[2026-07-06 19:19:38] Marked situation: [0, 0, 0, 0, 0, 0, 0]
[2026-07-06 19:19:38] have_double_effect_times: 0 , is_activating_double_effect: 0 , already_activate_double_effect_times: 0
[2026-07-06 19:19:38] Sent map info: [[4.962192535400391, 6.866988182067871], [7.132602691650391, 6.314594268798828], [2.39681, 2.36], [2.39681, 2.36], [0.5, 14.5], [7.105991363525391, 5.085732460021973], [0.0, 0.0], [18.125771522521973, 10.557755470275879], [19.810672760009766, 9.999274253845215], [17.471287727355957, 1.1442675590515137], [27.5, 0.5], [13.508832931518555, 9.990224838256836]]
[2026-07-06 19:19:38] Sent map infos: [[4.962192535400391, 6.866988182067871], [7.132602691650391, 6.314594268798828], [2.39681, 2.36], [2.39681, 2.36], [0.5, 14.5], [7.105991363525391, 5.085732460021973], [0.0, 0.0], [18.125771522521973, 10.557755470275879], [19.810672760009766, 9.999274253845215], [17.471287727355957, 1.1442675590515137], [27.5, 0.5], [13.508832931518555, 9.990224838256836]]
[2026-07-06 19:19:38] Marked situation: [0, 0, 0, 0, 0, 0, 0]
[2026-07-06 19:19:38] have_double_effect_times: 0 , is_activating_double_effect: 0 , already_activate_double_effect_times: 0
[2026-07-06 19:19:39] Marked situation: [0, 0, 0, 0, 0, 0, 0]
[2026-07-06 19:19:39] have_double_effect_times: 0 , is_activating_double_effect: 0 , already_activate_double_effect_times: 0
[2026-07-06 19:19:39] Sent map info: [[5.872518539428711, 7.482661247253418], [7.132602691650391, 6.314594268798828], [2.39681, 2.36], [2.39681, 2.36], [0.5, 14.5], [7.001806259155273, 5.083669662475586], [0.0, 0.0], [18.125771522521973, 10.557755470275879], [19.810672760009766, 9.999274253845215], [17.493263244628906, 1.0628739595413208], [27.5, 0.5], [13.508832931518555, 9.990224838256836]]
[2026-07-06 19:19:39] Sent map infos: [[5.872518539428711, 7.482661247253418], [7.132602691650391, 6.314594268798828], [2.39681, 2.36], [2.39681, 2.36], [0.5, 14.5], [7.001806259155273, 5.083669662475586], [0.0, 0.0], [18.125771522521973, 10.557755470275879], [19.810672760009766, 9.999274253845215], [17.493263244628906, 1.0628739595413208], [27.5, 0.5], [13.508832931518555, 9.990224838256836]]
[2026-07-06 19:19:39] Marked situation: [0, 0, 0, 0, 0, 0, 0]
[2026-07-06 19:19:39] have_double_effect_times: 0 , is_activating_double_effect: 0 , already_activate_double_effect_times: 0
[2026-07-06 19:19:39] Marked situation: [0, 0, 0, 0, 0, 0, 0]
[2026-07-06 19:19:39] have_double_effect_times: 0 , is_activating_double_effect: 0 , already_activate_double_effect_times: 0
[2026-07-06 19:19:39] Sent map info: [[6.034982681274414, 8.10589599609375], [0.0, 0.0], [2.39681, 2.36], [2.39681, 2.36], [0.5, 14.5], [7.047563552856445, 5.094826698303223], [0.0, 0.0], [18.125771522521973, 10.557755470275879], [19.810672760009766, 9.999274253845215], [17.04434871673584, 0.9638783931732178], [27.5, 0.5], [13.508832931518555, 9.990224838256836]]
[2026-07-06 19:19:39] Sent map infos: [[6.034982681274414, 8.10589599609375], [0.0, 0.0], [2.39681, 2.36], [2.39681, 2.36], [0.5, 14.5], [7.047563552856445, 5.094826698303223], [0.0, 0.0], [18.125771522521973, 10.557755470275879], [19.810672760009766, 9.999274253845215], [17.04434871673584, 0.9638783931732178], [27.5, 0.5], [13.508832931518555, 9.990224838256836]]
[2026-07-06 19:19:39] Marked situation: [0, 0, 0, 0, 0, 0, 0]
[2026-07-06 19:19:39] have_double_effect_times: 0 , is_activating_double_effect: 0 , already_activate_double_effect_times: 0
[2026-07-06 19:19:39] Marked situation: [0, 0, 0, 0, 0, 0, 0]
[2026-07-06 19:19:39] have_double_effect_times: 0 , is_activating_double_effect: 0 , already_activate_double_effect_times: 0
[2026-07-06 19:19:39] Sent map info: [[5.792781829833984, 9.031286239624023], [0.0, 0.0], [2.39681, 2.36], [7.089019775390625, 3.2040810585021973], [0.5, 14.5], [7.046911239624023, 5.095882892608643], [0.0, 0.0], [18.125771522521973, 10.557755470275879], [19.810672760009766, 9.999274253845215], [18.10120391845703, 0.9285004734992981], [27.5, 0.5], [13.508832931518555, 9.990224838256836]]
[2026-07-06 19:19:39] Sent map infos: [[5.792781829833984, 9.031286239624023], [0.0, 0.0], [2.39681, 2.36], [7.089019775390625, 3.2040810585021973], [0.5, 14.5], [7.046911239624023, 5.095882892608643], [0.0, 0.0], [18.125771522521973, 10.557755470275879], [19.810672760009766, 9.999274253845215], [18.10120391845703, 0.9285004734992981], [27.5, 0.5], [13.508832931518555, 9.990224838256836]]
[2026-07-06 19:19:40] Marked situation: [0, 0, 0, 0, 0, 0, 0]
[2026-07-06 19:19:40] have_double_effect_times: 0 , is_activating_double_effect: 0 , already_activate_double_effect_times: 0
[2026-07-06 19:19:40] Marked situation: [0, 0, 0, 0, 0, 0, 0]
[2026-07-06 19:19:40] have_double_effect_times: 0 , is_activating_double_effect: 0 , already_activate_double_effect_times: 0
[2026-07-06 19:19:40] Sent map info: [[6.9862518310546875, 9.593059539794922], [0.0, 0.0], [2.39681, 2.36], [10.581979751586914, 4.300909042358398], [0.5, 14.5], [7.031122207641602, 5.078770637512207], [0.0, 0.0], [18.125771522521973, 10.557755470275879], [19.810672760009766, 9.999274253845215], [19.163874626159668, 1.1735481023788452], [27.5, 0.5], [13.508832931518555, 9.990224838256836]]
[2026-07-06 19:19:40] Sent map infos: [[6.9862518310546875, 9.593059539794922], [0.0, 0.0], [2.39681, 2.36], [10.581979751586914, 4.300909042358398], [0.5, 14.5], [7.031122207641602, 5.078770637512207], [0.0, 0.0], [18.125771522521973, 10.557755470275879], [19.810672760009766, 9.999274253845215], [19.163874626159668, 1.1735481023788452], [27.5, 0.5], [13.508832931518555, 9.990224838256836]]
[2026-07-06 19:19:40] Marked situation: [0, 0, 0, 0, 0, 0, 0]
[2026-07-06 19:19:40] have_double_effect_times: 0 , is_activating_double_effect: 0 , already_activate_double_effect_times: 0
[2026-07-06 19:19:40] Marked situation: [0, 0, 0, 0, 0, 0, 0]
[2026-07-06 19:19:40] have_double_effect_times: 0 , is_activating_double_effect: 0 , already_activate_double_effect_times: 0
[2026-07-06 19:19:40] Sent map info: [[6.997995376586914, 9.695345878601074], [0.0, 0.0], [2.39681, 2.36], [13.845373153686523, 5.670604228973389], [0.5, 14.5], [7.077278137207031, 5.089426040649414], [0.0, 0.0], [17.65040111541748, 10.60174560546875], [19.810672760009766, 9.999274253845215], [17.362892150878906, 10.67369270324707], [27.5, 0.5], [13.508832931518555, 9.990224838256836]]
[2026-07-06 19:19:40] Sent map infos: [[6.997995376586914, 9.695345878601074], [0.0, 0.0], [2.39681, 2.36], [13.845373153686523, 5.670604228973389], [0.5, 14.5], [7.077278137207031, 5.089426040649414], [0.0, 0.0], [17.65040111541748, 10.60174560546875], [19.810672760009766, 9.999274253845215], [17.362892150878906, 10.67369270324707], [27.5, 0.5], [13.508832931518555, 9.990224838256836]]
[2026-07-06 19:19:40] Marked situation: [0, 0, 0, 0, 0, 0, 0]
[2026-07-06 19:19:40] have_double_effect_times: 0 , is_activating_double_effect: 0 , already_activate_double_effect_times: 0
[2026-07-06 19:19:41] Marked situation: [0, 0, 0, 0, 0, 0, 0]
[2026-07-06 19:19:41] have_double_effect_times: 0 , is_activating_double_effect: 0 , already_activate_double_effect_times: 0
[2026-07-06 19:19:41] Sent map info: [[6.977884292602539, 9.684207916259766], [0.0, 0.0], [2.39681, 2.36], [12.768115043640137, 7.953752517700195], [0.5, 14.5], [7.036443710327148, 5.070136547088623], [0.0, 0.0], [17.65040111541748, 10.60174560546875], [19.810672760009766, 9.999274253845215], [17.339173316955566, 10.695773124694824], [27.5, 0.5], [13.508832931518555, 9.990224838256836]]
[2026-07-06 19:19:41] Sent map infos: [[6.977884292602539, 9.684207916259766], [0.0, 0.0], [2.39681, 2.36], [12.768115043640137, 7.953752517700195], [0.5, 14.5], [7.036443710327148, 5.070136547088623], [0.0, 0.0], [17.65040111541748, 10.60174560546875], [19.810672760009766, 9.999274253845215], [17.339173316955566, 10.695773124694824], [27.5, 0.5], [13.508832931518555, 9.990224838256836]]
[2026-07-06 19:19:41] Marked situation: [0, 0, 0, 0, 0, 0, 0]
[2026-07-06 19:19:41] have_double_effect_times: 0 , is_activating_double_effect: 0 , already_activate_double_effect_times: 0
[2026-07-06 19:19:41] Marked situation: [0, 0, 0, 0, 0, 0, 0]
[2026-07-06 19:19:41] have_double_effect_times: 0 , is_activating_double_effect: 0 , already_activate_double_effect_times: 0
[2026-07-06 19:19:41] Sent map info: [[6.9750213623046875, 9.688264846801758], [0.0, 0.0], [2.39681, 2.36], [12.22971248626709, 9.574719429016113], [0.5, 14.5], [7.034162521362305, 5.0738372802734375], [0.0, 0.0], [17.65040111541748, 10.60174560546875], [19.810672760009766, 9.999274253845215], [17.339173316955566, 10.695773124694824], [27.5, 0.5], [13.508832931518555, 9.990224838256836]]
[2026-07-06 19:19:41] Sent map infos: [[6.9750213623046875, 9.688264846801758], [0.0, 0.0], [2.39681, 2.36], [12.22971248626709, 9.574719429016113], [0.5, 14.5], [7.034162521362305, 5.0738372802734375], [0.0, 0.0], [17.65040111541748, 10.60174560546875], [19.810672760009766, 9.999274253845215], [17.339173316955566, 10.695773124694824], [27.5, 0.5], [13.508832931518555, 9.990224838256836]]
[2026-07-06 19:19:41] Marked situation: [0, 0, 0, 0, 0, 0, 0]
[2026-07-06 19:19:41] have_double_effect_times: 0 , is_activating_double_effect: 0 , already_activate_double_effect_times: 0
[2026-07-06 19:19:41] Marked situation: [0, 0, 0, 0, 0, 0, 0]
[2026-07-06 19:19:41] have_double_effect_times: 0 , is_activating_double_effect: 0 , already_activate_double_effect_times: 0
[2026-07-06 19:19:41] Sent map info: [[6.975290298461914, 9.687882423400879], [0.0, 0.0], [2.39681, 2.36], [11.865434646606445, 10.385870933532715], [0.5, 14.5], [6.928377151489258, 5.075204372406006], [0.0, 0.0], [17.65040111541748, 10.60174560546875], [19.810672760009766, 9.999274253845215], [20.598570823669434, 11.323958396911621], [27.5, 0.5], [13.508832931518555, 9.990224838256836]]
[2026-07-06 19:19:41] Sent map infos: [[6.975290298461914, 9.687882423400879], [0.0, 0.0], [2.39681, 2.36], [11.865434646606445, 10.385870933532715], [0.5, 14.5], [6.928377151489258, 5.075204372406006], [0.0, 0.0], [17.65040111541748, 10.60174560546875], [19.810672760009766, 9.999274253845215], [20.598570823669434, 11.323958396911621], [27.5, 0.5], [13.508832931518555, 9.990224838256836]]
[2026-07-06 19:19:42] Marked situation: [0, 0, 0, 0, 0, 0, 0]
[2026-07-06 19:19:42] have_double_effect_times: 0 , is_activating_double_effect: 0 , already_activate_double_effect_times: 0
[2026-07-06 19:19:42] Marked situation: [0, 0, 0, 0, 0, 0, 0]
[2026-07-06 19:19:42] have_double_effect_times: 0 , is_activating_double_effect: 0 , already_activate_double_effect_times: 0
[2026-07-06 19:19:42] Sent map info: [[7.00373649597168, 9.687220573425293], [0.0, 0.0], [2.39681, 2.36], [12.032812118530273, 9.712337493896484], [0.5, 14.5], [6.969972610473633, 5.092748641967773], [0.0, 0.0], [17.65040111541748, 10.60174560546875], [19.810672760009766, 9.999274253845215], [19.65467929840088, 12.304731369018555], [27.5, 0.5], [13.508832931518555, 9.990224838256836]]
[2026-07-06 19:19:42] Sent map infos: [[7.00373649597168, 9.687220573425293], [0.0, 0.0], [2.39681, 2.36], [12.032812118530273, 9.712337493896484], [0.5, 14.5], [6.969972610473633, 5.092748641967773], [0.0, 0.0], [17.65040111541748, 10.60174560546875], [19.810672760009766, 9.999274253845215], [19.65467929840088, 12.304731369018555], [27.5, 0.5], [13.508832931518555, 9.990224838256836]]
[2026-07-06 19:19:42] Marked situation: [0, 0, 0, 0, 0, 0, 0]
[2026-07-06 19:19:42] have_double_effect_times: 0 , is_activating_double_effect: 0 , already_activate_double_effect_times: 0
[2026-07-06 19:19:42] Marked situation: [0, 0, 0, 0, 0, 0, 0]
[2026-07-06 19:19:42] have_double_effect_times: 0 , is_activating_double_effect: 0 , already_activate_double_effect_times: 0
[2026-07-06 19:19:42] Sent map info: [[7.037439346313477, 9.679208755493164], [0.0, 0.0], [2.39681, 2.36], [13.027901649475098, 9.069461822509766], [0.5, 14.5], [6.9362640380859375, 5.104978084564209], [0.0, 0.0], [17.65040111541748, 10.60174560546875], [19.810672760009766, 9.999274253845215], [17.783145904541016, 12.418456077575684], [27.5, 0.5], [13.473488807678223, 9.98312759399414]]
[2026-07-06 19:19:42] Sent map infos: [[7.037439346313477, 9.679208755493164], [0.0, 0.0], [2.39681, 2.36], [13.027901649475098, 9.069461822509766], [0.5, 14.5], [6.9362640380859375, 5.104978084564209], [0.0, 0.0], [17.65040111541748, 10.60174560546875], [19.810672760009766, 9.999274253845215], [17.783145904541016, 12.418456077575684], [27.5, 0.5], [13.473488807678223, 9.98312759399414]]
[2026-07-06 19:19:42] Marked situation: [0, 0, 0, 0, 0, 0, 0]
[2026-07-06 19:19:42] have_double_effect_times: 0 , is_activating_double_effect: 0 , already_activate_double_effect_times: 0
[2026-07-06 19:19:43] Marked situation: [0, 0, 0, 0, 0, 0, 0]
[2026-07-06 19:19:43] have_double_effect_times: 0 , is_activating_double_effect: 0 , already_activate_double_effect_times: 0
[2026-07-06 19:19:43] Sent map info: [[7.088043212890625, 9.687153816223145], [0.0, 0.0], [2.39681, 2.36], [13.915777206420898, 8.996397972106934], [0.5, 14.5], [7.013959884643555, 5.10662317276001], [0.0, 0.0], [17.65040111541748, 10.60174560546875], [19.810672760009766, 9.999274253845215], [15.687019348144531, 12.27978229522705], [27.5, 0.5], [13.48817253112793, 9.967231750488281]]
[2026-07-06 19:19:43] Sent map infos: [[7.088043212890625, 9.687153816223145], [0.0, 0.0], [2.39681, 2.36], [13.915777206420898, 8.996397972106934], [0.5, 14.5], [7.013959884643555, 5.10662317276001], [0.0, 0.0], [17.65040111541748, 10.60174560546875], [19.810672760009766, 9.999274253845215], [15.687019348144531, 12.27978229522705], [27.5, 0.5], [13.48817253112793, 9.967231750488281]]
[2026-07-06 19:19:43] Marked situation: [0, 0, 0, 0, 0, 0, 0]
[2026-07-06 19:19:43] have_double_effect_times: 0 , is_activating_double_effect: 0 , already_activate_double_effect_times: 0
[2026-07-06 19:19:43] Marked situation: [0, 0, 0, 0, 0, 0, 0]
[2026-07-06 19:19:43] have_double_effect_times: 0 , is_activating_double_effect: 0 , already_activate_double_effect_times: 0
[2026-07-06 19:19:43] Sent map info: [[7.088277816772461, 9.686822891235352], [0.0, 0.0], [2.39681, 2.36], [13.726961135864258, 9.15807819366455], [0.5, 14.5], [6.970417022705078, 5.092025279998779], [0.0, 0.0], [17.65040111541748, 10.60174560546875], [19.810672760009766, 9.999274253845215], [13.955961227416992, 12.086962699890137], [27.5, 0.5], [13.43908977508545, 9.975091934204102]]
[2026-07-06 19:19:43] Sent map infos: [[7.088277816772461, 9.686822891235352], [0.0, 0.0], [2.39681, 2.36], [13.726961135864258, 9.15807819366455], [0.5, 14.5], [6.970417022705078, 5.092025279998779], [0.0, 0.0], [17.65040111541748, 10.60174560546875], [19.810672760009766, 9.999274253845215], [13.955961227416992, 12.086962699890137], [27.5, 0.5], [13.43908977508545, 9.975091934204102]]
[2026-07-06 19:19:43] Marked situation: [0, 0, 0, 0, 0, 0, 0]
[2026-07-06 19:19:43] have_double_effect_times: 0 , is_activating_double_effect: 0 , already_activate_double_effect_times: 0
[2026-07-06 19:19:43] Marked situation: [0, 0, 0, 0, 0, 0, 0]
[2026-07-06 19:19:43] have_double_effect_times: 0 , is_activating_double_effect: 0 , already_activate_double_effect_times: 0
[2026-07-06 19:19:43] Sent map info: [[7.089580535888672, 9.684986114501953], [0.0, 0.0], [2.39681, 2.36], [12.85466480255127, 9.401067733764648], [0.5, 14.5], [6.950355529785156, 5.08202600479126], [0.0, 0.0], [17.65040111541748, 10.60174560546875], [19.810672760009766, 9.999274253845215], [13.132245063781738, 12.33979606628418], [27.5, 0.5], [13.437535285949707, 10.157697677612305]]
[2026-07-06 19:19:43] Sent map infos: [[7.089580535888672, 9.684986114501953], [0.0, 0.0], [2.39681, 2.36], [12.85466480255127, 9.401067733764648], [0.5, 14.5], [6.950355529785156, 5.08202600479126], [0.0, 0.0], [17.65040111541748, 10.60174560546875], [19.810672760009766, 9.999274253845215], [13.132245063781738, 12.33979606628418], [27.5, 0.5], [13.437535285949707, 10.157697677612305]]
[2026-07-06 19:19:44] Marked situation: [0, 0, 0, 0, 0, 0, 0]
[2026-07-06 19:19:44] have_double_effect_times: 0 , is_activating_double_effect: 0 , already_activate_double_effect_times: 0
[2026-07-06 19:19:44] Marked situation: [0, 0, 0, 0, 0, 0, 0]
[2026-07-06 19:19:44] have_double_effect_times: 0 , is_activating_double_effect: 0 , already_activate_double_effect_times: 0
[2026-07-06 19:19:44] Sent map info: [[7.091024398803711, 9.682951927185059], [0.0, 0.0], [2.39681, 2.36], [12.07414722442627, 10.456268310546875], [0.5, 14.5], [7.064517974853516, 5.11008358001709], [0.0, 0.0], [17.65040111541748, 10.60174560546875], [19.810672760009766, 9.999274253845215], [13.572611808776855, 12.070992469787598], [27.5, 0.5], [13.543938636779785, 10.495072364807129]]
[2026-07-06 19:19:44] Sent map infos: [[7.091024398803711, 9.682951927185059], [0.0, 0.0], [2.39681, 2.36], [12.07414722442627, 10.456268310546875], [0.5, 14.5], [7.064517974853516, 5.11008358001709], [0.0, 0.0], [17.65040111541748, 10.60174560546875], [19.810672760009766, 9.999274253845215], [13.572611808776855, 12.070992469787598], [27.5, 0.5], [13.543938636779785, 10.495072364807129]]
[2026-07-06 19:19:44] Marked situation: [0, 0, 0, 0, 0, 0, 0]
[2026-07-06 19:19:44] have_double_effect_times: 0 , is_activating_double_effect: 0 , already_activate_double_effect_times: 0
[2026-07-06 19:19:44] Marked situation: [0, 0, 0, 0, 0, 0, 0]
[2026-07-06 19:19:44] have_double_effect_times: 0 , is_activating_double_effect: 0 , already_activate_double_effect_times: 0
[2026-07-06 19:19:44] Sent map info: [[7.0869140625, 9.68874454498291], [0.0, 0.0], [2.39681, 2.36], [12.672106742858887, 10.320250511169434], [0.5, 14.5], [7.040212631225586, 5.106739521026611], [0.0, 0.0], [17.65040111541748, 10.60174560546875], [19.810672760009766, 9.999274253845215], [13.696259498596191, 11.94665241241455], [27.5, 0.5], [13.839253425598145, 10.499533653259277]]
[2026-07-06 19:19:44] Sent map infos: [[7.0869140625, 9.68874454498291], [0.0, 0.0], [2.39681, 2.36], [12.672106742858887, 10.320250511169434], [0.5, 14.5], [7.040212631225586, 5.106739521026611], [0.0, 0.0], [17.65040111541748, 10.60174560546875], [19.810672760009766, 9.999274253845215], [13.696259498596191, 11.94665241241455], [27.5, 0.5], [13.839253425598145, 10.499533653259277]]
[2026-07-06 19:19:44] Marked situation: [0, 0, 0, 0, 0, 0, 0]
[2026-07-06 19:19:44] have_double_effect_times: 0 , is_activating_double_effect: 0 , already_activate_double_effect_times: 0
[2026-07-06 19:19:45] Marked situation: [0, 0, 0, 0, 0, 0, 0]
[2026-07-06 19:19:45] have_double_effect_times: 0 , is_activating_double_effect: 0 , already_activate_double_effect_times: 0
[2026-07-06 19:19:45] Sent map info: [[7.09271240234375, 9.680570602416992], [0.0, 0.0], [2.39681, 2.36], [13.880369186401367, 9.90947151184082], [0.5, 14.5], [6.992036819458008, 5.09954309463501], [0.0, 0.0], [17.65040111541748, 10.60174560546875], [19.810672760009766, 9.999274253845215], [13.202795028686523, 12.2247314453125], [27.5, 0.5], [14.804981231689453, 10.601164817810059]]
[2026-07-06 19:19:45] Sent map infos: [[7.09271240234375, 9.680570602416992], [0.0, 0.0], [2.39681, 2.36], [13.880369186401367, 9.90947151184082], [0.5, 14.5], [6.992036819458008, 5.09954309463501], [0.0, 0.0], [17.65040111541748, 10.60174560546875], [19.810672760009766, 9.999274253845215], [13.202795028686523, 12.2247314453125], [27.5, 0.5], [14.804981231689453, 10.601164817810059]]
[2026-07-06 19:19:45] Marked situation: [0, 0, 0, 0, 0, 0, 0]
[2026-07-06 19:19:45] have_double_effect_times: 0 , is_activating_double_effect: 0 , already_activate_double_effect_times: 0
[2026-07-06 19:19:45] Marked situation: [0, 0, 0, 0, 0, 0, 0]
[2026-07-06 19:19:45] have_double_effect_times: 0 , is_activating_double_effect: 0 , already_activate_double_effect_times: 0
[2026-07-06 19:19:45] Sent map info: [[7.0901641845703125, 9.684164047241211], [0.0, 0.0], [2.39681, 2.36], [15.226205825805664, 9.704545021057129], [0.5, 14.5], [6.988428115844727, 5.105405807495117], [0.0, 0.0], [17.65040111541748, 10.60174560546875], [19.810672760009766, 9.999274253845215], [13.296857833862305, 12.34829044342041], [27.5, 0.5], [15.258260726928711, 10.702421188354492]]
[2026-07-06 19:19:45] Sent map infos: [[7.0901641845703125, 9.684164047241211], [0.0, 0.0], [2.39681, 2.36], [15.226205825805664, 9.704545021057129], [0.5, 14.5], [6.988428115844727, 5.105405807495117], [0.0, 0.0], [17.65040111541748, 10.60174560546875], [19.810672760009766, 9.999274253845215], [13.296857833862305, 12.34829044342041], [27.5, 0.5], [15.258260726928711, 10.702421188354492]]
[2026-07-06 19:19:45] Marked situation: [0, 0, 0, 0, 0, 0, 0]
[2026-07-06 19:19:45] have_double_effect_times: 0 , is_activating_double_effect: 0 , already_activate_double_effect_times: 0
[2026-07-06 19:19:45] Marked situation: [0, 0, 0, 0, 0, 0, 0]
[2026-07-06 19:19:45] have_double_effect_times: 0 , is_activating_double_effect: 0 , already_activate_double_effect_times: 0
[2026-07-06 19:19:45] Sent map info: [[7.088230133056641, 9.686888694763184], [0.0, 0.0], [2.39681, 2.36], [15.280095100402832, 10.119711875915527], [0.5, 14.5], [6.967912673950195, 5.096099376678467], [0.0, 0.0], [17.65040111541748, 10.60174560546875], [19.810672760009766, 9.999274253845215], [14.127713203430176, 12.451704025268555], [27.5, 0.5], [15.363180160522461, 10.970809936523438]]
[2026-07-06 19:19:45] Sent map infos: [[7.088230133056641, 9.686888694763184], [0.0, 0.0], [2.39681, 2.36], [15.280095100402832, 10.119711875915527], [0.5, 14.5], [6.967912673950195, 5.096099376678467], [0.0, 0.0], [17.65040111541748, 10.60174560546875], [19.810672760009766, 9.999274253845215], [14.127713203430176, 12.451704025268555], [27.5, 0.5], [15.363180160522461, 10.970809936523438]]
[2026-07-06 19:19:46] Marked situation: [0, 0, 0, 0, 0, 0, 0]
[2026-07-06 19:19:46] have_double_effect_times: 0 , is_activating_double_effect: 0 , already_activate_double_effect_times: 0
[2026-07-06 19:19:46] Marked situation: [0, 0, 0, 0, 0, 0, 0]
[2026-07-06 19:19:46] have_double_effect_times: 0 , is_activating_double_effect: 0 , already_activate_double_effect_times: 0
[2026-07-06 19:19:46] Sent map info: [[7.090185165405273, 9.684135437011719], [0.0, 0.0], [2.39681, 2.36], [15.011226654052734, 10.392168045043945], [0.5, 14.5], [6.9302825927734375, 5.114717960357666], [0.0, 0.0], [17.65040111541748, 10.60174560546875], [19.810672760009766, 9.999274253845215], [14.88906478881836, 12.526901245117188], [27.5, 0.5], [15.27068042755127, 11.246832847595215]]
[2026-07-06 19:19:46] Sent map infos: [[7.090185165405273, 9.684135437011719], [0.0, 0.0], [2.39681, 2.36], [15.011226654052734, 10.392168045043945], [0.5, 14.5], [6.9302825927734375, 5.114717960357666], [0.0, 0.0], [17.65040111541748, 10.60174560546875], [19.810672760009766, 9.999274253845215], [14.88906478881836, 12.526901245117188], [27.5, 0.5], [15.27068042755127, 11.246832847595215]]
[2026-07-06 19:19:46] Marked situation: [0, 0, 0, 0, 0, 0, 0]
[2026-07-06 19:19:46] have_double_effect_times: 0 , is_activating_double_effect: 0 , already_activate_double_effect_times: 0
[2026-07-06 19:19:46] Marked situation: [0, 0, 0, 0, 0, 0, 0]
[2026-07-06 19:19:46] have_double_effect_times: 0 , is_activating_double_effect: 0 , already_activate_double_effect_times: 0
[2026-07-06 19:19:46] Sent map info: [[7.088964462280273, 9.685853958129883], [0.0, 0.0], [2.39681, 2.36], [15.292572975158691, 10.388185501098633], [0.5, 14.5], [6.967315673828125, 5.139705657958984], [0.0, 0.0], [17.65040111541748, 10.60174560546875], [19.810672760009766, 9.999274253845215], [15.455587387084961, 12.357779502868652], [27.5, 0.5], [15.295825004577637, 11.268536567687988]]
[2026-07-06 19:19:46] Sent map infos: [[7.088964462280273, 9.685853958129883], [0.0, 0.0], [2.39681, 2.36], [15.292572975158691, 10.388185501098633], [0.5, 14.5], [6.967315673828125, 5.139705657958984], [0.0, 0.0], [17.65040111541748, 10.60174560546875], [19.810672760009766, 9.999274253845215], [15.455587387084961, 12.357779502868652], [27.5, 0.5], [15.295825004577637, 11.268536567687988]]
[2026-07-06 19:19:46] Marked situation: [0, 0, 0, 0, 0, 0, 0]
[2026-07-06 19:19:46] have_double_effect_times: 0 , is_activating_double_effect: 0 , already_activate_double_effect_times: 0
[2026-07-06 19:19:47] Marked situation: [0, 0, 0, 0, 0, 0, 0]
[2026-07-06 19:19:47] have_double_effect_times: 0 , is_activating_double_effect: 0 , already_activate_double_effect_times: 0
[2026-07-06 19:19:47] Sent map info: [[7.089815139770508, 9.684656143188477], [0.0, 0.0], [2.39681, 2.36], [15.547586441040039, 10.27349853515625], [0.5, 14.5], [6.98863410949707, 5.14771842956543], [0.0, 0.0], [17.65040111541748, 10.60174560546875], [19.810672760009766, 9.999274253845215], [15.128602981567383, 12.572603225708008], [27.5, 0.5], [15.309151649475098, 11.255545616149902]]
[2026-07-06 19:19:47] Sent map infos: [[7.089815139770508, 9.684656143188477], [0.0, 0.0], [2.39681, 2.36], [15.547586441040039, 10.27349853515625], [0.5, 14.5], [6.98863410949707, 5.14771842956543], [0.0, 0.0], [17.65040111541748, 10.60174560546875], [19.810672760009766, 9.999274253845215], [15.128602981567383, 12.572603225708008], [27.5, 0.5], [15.309151649475098, 11.255545616149902]]
[2026-07-06 19:19:47] Marked situation: [0, 0, 0, 0, 0, 0, 0]
[2026-07-06 19:19:47] have_double_effect_times: 0 , is_activating_double_effect: 0 , already_activate_double_effect_times: 0
[2026-07-06 19:19:47] Marked situation: [0, 0, 0, 0, 0, 0, 0]
[2026-07-06 19:19:47] have_double_effect_times: 0 , is_activating_double_effect: 0 , already_activate_double_effect_times: 0
[2026-07-06 19:19:47] Sent map info: [[7.089801788330078, 9.684674263000488], [0.0, 0.0], [2.39681, 2.36], [14.906927108764648, 10.544184684753418], [0.5, 14.5], [6.997007369995117, 5.134131908416748], [0.0, 0.0], [15.215654373168945, 12.581854820251465], [19.810672760009766, 9.999274253845215], [15.52704906463623, 12.61130142211914], [27.5, 0.5], [15.30661392211914, 11.25801944732666]]
[2026-07-06 19:19:47] Sent map infos: [[7.089801788330078, 9.684674263000488], [0.0, 0.0], [2.39681, 2.36], [14.906927108764648, 10.544184684753418], [0.5, 14.5], [6.997007369995117, 5.134131908416748], [0.0, 0.0], [15.215654373168945, 12.581854820251465], [19.810672760009766, 9.999274253845215], [15.52704906463623, 12.61130142211914], [27.5, 0.5], [15.30661392211914, 11.25801944732666]]
[2026-07-06 19:19:47] Marked situation: [0, 0, 0, 0, 0, 0, 0]
[2026-07-06 19:19:47] have_double_effect_times: 0 , is_activating_double_effect: 0 , already_activate_double_effect_times: 0
[2026-07-06 19:19:47] Marked situation: [0, 0, 0, 0, 0, 0, 0]
[2026-07-06 19:19:47] have_double_effect_times: 0 , is_activating_double_effect: 0 , already_activate_double_effect_times: 0
[2026-07-06 19:19:47] Sent map info: [[7.091211318969727, 9.68268871307373], [0.0, 0.0], [2.39681, 2.36], [14.177534103393555, 11.101237297058105], [0.5, 14.5], [6.995136260986328, 5.137167453765869], [0.0, 0.0], [15.215654373168945, 12.581854820251465], [19.810672760009766, 9.999274253845215], [16.87510871887207, 12.502593994140625], [27.5, 0.5], [15.30661392211914, 11.25801944732666]]
[2026-07-06 19:19:47] Sent map infos: [[7.091211318969727, 9.68268871307373], [0.0, 0.0], [2.39681, 2.36], [14.177534103393555, 11.101237297058105], [0.5, 14.5], [6.995136260986328, 5.137167453765869], [0.0, 0.0], [15.215654373168945, 12.581854820251465], [19.810672760009766, 9.999274253845215], [16.87510871887207, 12.502593994140625], [27.5, 0.5], [15.30661392211914, 11.25801944732666]]
[2026-07-06 19:19:48] Marked situation: [0, 0, 0, 0, 0, 0, 0]
[2026-07-06 19:19:48] have_double_effect_times: 0 , is_activating_double_effect: 0 , already_activate_double_effect_times: 0
[2026-07-06 19:19:48] Marked situation: [0, 0, 0, 0, 0, 0, 0]
[2026-07-06 19:19:48] have_double_effect_times: 0 , is_activating_double_effect: 0 , already_activate_double_effect_times: 0
[2026-07-06 19:19:48] Sent map info: [[7.088029861450195, 9.687171936035156], [0.0, 0.0], [2.39681, 2.36], [14.441960334777832, 11.785709381103516], [0.5, 14.5], [7.018146514892578, 5.142504692077637], [0.0, 0.0], [15.215654373168945, 12.581854820251465], [19.810672760009766, 9.999274253845215], [19.042149543762207, 12.071700096130371], [27.5, 0.5], [15.30661392211914, 11.25801944732666]]
[2026-07-06 19:19:48] Sent map infos: [[7.088029861450195, 9.687171936035156], [0.0, 0.0], [2.39681, 2.36], [14.441960334777832, 11.785709381103516], [0.5, 14.5], [7.018146514892578, 5.142504692077637], [0.0, 0.0], [15.215654373168945, 12.581854820251465], [19.810672760009766, 9.999274253845215], [19.042149543762207, 12.071700096130371], [27.5, 0.5], [15.30661392211914, 11.25801944732666]]
[2026-07-06 19:19:48] Marked situation: [0, 0, 0, 0, 0, 0, 0]
[2026-07-06 19:19:48] have_double_effect_times: 0 , is_activating_double_effect: 0 , already_activate_double_effect_times: 0
[2026-07-06 19:19:48] Marked situation: [0, 0, 0, 0, 0, 0, 0]
[2026-07-06 19:19:48] have_double_effect_times: 0 , is_activating_double_effect: 0 , already_activate_double_effect_times: 0
[2026-07-06 19:19:48] Sent map info: [[7.085874557495117, 9.690210342407227], [0.0, 0.0], [2.39681, 2.36], [15.121452331542969, 12.39792251586914], [0.5, 14.5], [6.995584487915039, 5.136439800262451], [0.0, 0.0], [15.215654373168945, 12.581854820251465], [19.810672760009766, 9.999274253845215], [19.741578102111816, 11.933370590209961], [27.5, 0.5], [15.30661392211914, 11.25801944732666]]
[2026-07-06 19:19:48] Sent map infos: [[7.085874557495117, 9.690210342407227], [0.0, 0.0], [2.39681, 2.36], [15.121452331542969, 12.39792251586914], [0.5, 14.5], [6.995584487915039, 5.136439800262451], [0.0, 0.0], [15.215654373168945, 12.581854820251465], [19.810672760009766, 9.999274253845215], [19.741578102111816, 11.933370590209961], [27.5, 0.5], [15.30661392211914, 11.25801944732666]]
[2026-07-06 19:19:48] Marked situation: [0, 0, 0, 0, 0, 0, 0]
[2026-07-06 19:19:48] have_double_effect_times: 0 , is_activating_double_effect: 0 , already_activate_double_effect_times: 0
[2026-07-06 19:19:49] Marked situation: [0, 0, 0, 0, 0, 0, 0]
[2026-07-06 19:19:49] have_double_effect_times: 0 , is_activating_double_effect: 0 , already_activate_double_effect_times: 0
[2026-07-06 19:19:49] Sent map info: [[7.088090896606445, 9.68708610534668], [0.0, 0.0], [2.39681, 2.36], [16.465229034423828, 12.026849746704102], [0.5, 14.5], [6.998220443725586, 5.13216495513916], [0.0, 0.0], [20.946603775024414, 10.724764823913574], [19.810672760009766, 9.999274253845215], [20.786203384399414, 10.858949661254883], [27.5, 0.5], [15.30661392211914, 11.25801944732666]]
[2026-07-06 19:19:49] Sent map infos: [[7.088090896606445, 9.68708610534668], [0.0, 0.0], [2.39681, 2.36], [16.465229034423828, 12.026849746704102], [0.5, 14.5], [6.998220443725586, 5.13216495513916], [0.0, 0.0], [20.946603775024414, 10.724764823913574], [19.810672760009766, 9.999274253845215], [20.786203384399414, 10.858949661254883], [27.5, 0.5], [15.30661392211914, 11.25801944732666]]
[2026-07-06 19:19:49] Marked situation: [0, 0, 0, 0, 0, 0, 0]
[2026-07-06 19:19:49] have_double_effect_times: 0 , is_activating_double_effect: 0 , already_activate_double_effect_times: 0
[2026-07-06 19:19:49] Marked situation: [0, 0, 0, 0, 0, 0, 0]
[2026-07-06 19:19:49] have_double_effect_times: 0 , is_activating_double_effect: 0 , already_activate_double_effect_times: 0
[2026-07-06 19:19:49] Sent map info: [[7.112035751342773, 9.69306755065918], [0.0, 0.0], [2.39681, 2.36], [16.57444190979004, 12.208820343017578], [0.5, 14.5], [6.95726203918457, 5.156040191650391], [0.0, 0.0], [20.946603775024414, 10.724764823913574], [19.810672760009766, 9.999274253845215], [20.786203384399414, 10.858949661254883], [27.5, 0.5], [15.30661392211914, 11.25801944732666]]
[2026-07-06 19:19:49] Sent map infos: [[7.112035751342773, 9.69306755065918], [0.0, 0.0], [2.39681, 2.36], [16.57444190979004, 12.208820343017578], [0.5, 14.5], [6.95726203918457, 5.156040191650391], [0.0, 0.0], [20.946603775024414, 10.724764823913574], [19.810672760009766, 9.999274253845215], [20.786203384399414, 10.858949661254883], [27.5, 0.5], [15.30661392211914, 11.25801944732666]]
[2026-07-06 19:19:49] Marked situation: [0, 0, 0, 0, 0, 0, 0]
[2026-07-06 19:19:49] have_double_effect_times: 0 , is_activating_double_effect: 0 , already_activate_double_effect_times: 0
[2026-07-06 19:19:49] Marked situation: [0, 0, 0, 0, 0, 0, 0]
[2026-07-06 19:19:49] have_double_effect_times: 0 , is_activating_double_effect: 0 , already_activate_double_effect_times: 0
[2026-07-06 19:19:49] Sent map info: [[7.113458633422852, 9.691062927246094], [0.0, 0.0], [2.39681, 2.36], [16.581591606140137, 12.202345848083496], [0.5, 14.5], [6.953296661376953, 5.162484645843506], [0.0, 0.0], [20.946603775024414, 10.724764823913574], [19.810672760009766, 9.999274253845215], [20.786203384399414, 10.858949661254883], [27.5, 0.5], [15.30661392211914, 11.25801944732666]]
[2026-07-06 19:19:49] Sent map infos: [[7.113458633422852, 9.691062927246094], [0.0, 0.0], [2.39681, 2.36], [16.581591606140137, 12.202345848083496], [0.5, 14.5], [6.953296661376953, 5.162484645843506], [0.0, 0.0], [20.946603775024414, 10.724764823913574], [19.810672760009766, 9.999274253845215], [20.786203384399414, 10.858949661254883], [27.5, 0.5], [15.30661392211914, 11.25801944732666]]
[2026-07-06 19:19:50] Marked situation: [0, 0, 0, 0, 0, 0, 0]
[2026-07-06 19:19:50] have_double_effect_times: 0 , is_activating_double_effect: 0 , already_activate_double_effect_times: 0
[2026-07-06 19:19:50] Marked situation: [0, 0, 0, 0, 0, 0, 0]
[2026-07-06 19:19:50] have_double_effect_times: 0 , is_activating_double_effect: 0 , already_activate_double_effect_times: 0
[2026-07-06 19:19:50] Sent map info: [[7.112739562988281, 9.692076683044434], [0.0, 0.0], [2.39681, 2.36], [17.13180160522461, 12.416741371154785], [0.5, 14.5], [6.953969955444336, 5.161391258239746], [0.0, 0.0], [20.946603775024414, 10.724764823913574], [19.810672760009766, 9.999274253845215], [19.26628303527832, 1.1670480966567993], [27.5, 0.5], [15.30661392211914, 11.25801944732666]]
[2026-07-06 19:19:50] Sent map infos: [[7.112739562988281, 9.692076683044434], [0.0, 0.0], [2.39681, 2.36], [17.13180160522461, 12.416741371154785], [0.5, 14.5], [6.953969955444336, 5.161391258239746], [0.0, 0.0], [20.946603775024414, 10.724764823913574], [19.810672760009766, 9.999274253845215], [19.26628303527832, 1.1670480966567993], [27.5, 0.5], [15.30661392211914, 11.25801944732666]]
[2026-07-06 19:19:50] Marked situation: [0, 0, 0, 0, 0, 0, 0]
[2026-07-06 19:19:50] have_double_effect_times: 0 , is_activating_double_effect: 0 , already_activate_double_effect_times: 0
[2026-07-06 19:19:50] Marked situation: [0, 0, 0, 0, 0, 0, 0]
[2026-07-06 19:19:50] have_double_effect_times: 0 , is_activating_double_effect: 0 , already_activate_double_effect_times: 0
[2026-07-06 19:19:50] Sent map info: [[7.089027404785156, 9.685766220092773], [0.0, 0.0], [2.39681, 2.36], [16.446633338928223, 12.371234893798828], [0.5, 14.5], [7.007652282714844, 5.159513473510742], [0.0, 0.0], [20.946603775024414, 10.724764823913574], [19.810672760009766, 9.999274253845215], [18.389065742492676, 0.9151303768157959], [27.5, 0.5], [15.30661392211914, 11.25801944732666]]
[2026-07-06 19:19:50] Sent map infos: [[7.089027404785156, 9.685766220092773], [0.0, 0.0], [2.39681, 2.36], [16.446633338928223, 12.371234893798828], [0.5, 14.5], [7.007652282714844, 5.159513473510742], [0.0, 0.0], [20.946603775024414, 10.724764823913574], [19.810672760009766, 9.999274253845215], [18.389065742492676, 0.9151303768157959], [27.5, 0.5], [15.30661392211914, 11.25801944732666]]
[2026-07-06 19:19:50] Marked situation: [0, 0, 0, 0, 0, 0, 0]
[2026-07-06 19:19:50] have_double_effect_times: 0 , is_activating_double_effect: 0 , already_activate_double_effect_times: 0
[2026-07-06 19:19:51] Marked situation: [0, 0, 0, 0, 0, 0, 0]
[2026-07-06 19:19:51] have_double_effect_times: 0 , is_activating_double_effect: 0 , already_activate_double_effect_times: 0
[2026-07-06 19:19:51] Sent map info: [[7.088569641113281, 9.686409950256348], [0.0, 0.0], [2.39681, 2.36], [15.014413833618164, 12.363019943237305], [0.5, 14.5], [6.954998016357422, 5.1597208976745605], [0.0, 0.0], [20.946603775024414, 10.724764823913574], [19.810672760009766, 9.999274253845215], [17.641337394714355, 1.8628034591674805], [27.5, 0.5], [15.30661392211914, 11.25801944732666]]
[2026-07-06 19:19:51] Sent map infos: [[7.088569641113281, 9.686409950256348], [0.0, 0.0], [2.39681, 2.36], [15.014413833618164, 12.363019943237305], [0.5, 14.5], [6.954998016357422, 5.1597208976745605], [0.0, 0.0], [20.946603775024414, 10.724764823913574], [19.810672760009766, 9.999274253845215], [17.641337394714355, 1.8628034591674805], [27.5, 0.5], [15.30661392211914, 11.25801944732666]]
[2026-07-06 19:19:51] Marked situation: [0, 0, 0, 0, 0, 0, 0]
[2026-07-06 19:19:51] have_double_effect_times: 0 , is_activating_double_effect: 0 , already_activate_double_effect_times: 0
[2026-07-06 19:19:51] Marked situation: [0, 0, 0, 0, 0, 0, 0]
[2026-07-06 19:19:51] have_double_effect_times: 0 , is_activating_double_effect: 0 , already_activate_double_effect_times: 0
[2026-07-06 19:19:51] Sent map info: [[7.083662033081055, 9.693329811096191], [0.0, 0.0], [2.39681, 2.36], [14.147391319274902, 12.031340599060059], [0.5, 14.5], [7.010093688964844, 5.155557632446289], [0.0, 0.0], [20.946603775024414, 10.724764823913574], [19.810672760009766, 9.999274253845215], [18.3966121673584, 2.555213212966919], [27.5, 0.5], [15.30661392211914, 11.25801944732666]]
[2026-07-06 19:19:51] Sent map infos: [[7.083662033081055, 9.693329811096191], [0.0, 0.0], [2.39681, 2.36], [14.147391319274902, 12.031340599060059], [0.5, 14.5], [7.010093688964844, 5.155557632446289], [0.0, 0.0], [20.946603775024414, 10.724764823913574], [19.810672760009766, 9.999274253845215], [18.3966121673584, 2.555213212966919], [27.5, 0.5], [15.30661392211914, 11.25801944732666]]
[2026-07-06 19:19:51] Marked situation: [0, 0, 0, 0, 0, 0, 0]
[2026-07-06 19:19:51] have_double_effect_times: 0 , is_activating_double_effect: 0 , already_activate_double_effect_times: 0
[2026-07-06 19:19:51] Marked situation: [0, 0, 0, 0, 0, 0, 0]
[2026-07-06 19:19:51] have_double_effect_times: 0 , is_activating_double_effect: 0 , already_activate_double_effect_times: 0
[2026-07-06 19:19:51] Sent map info: [[7.109766006469727, 9.696263313293457], [0.0, 0.0], [2.39681, 2.36], [13.388646125793457, 11.550960540771484], [0.5, 14.5], [7.0326080322265625, 5.161743640899658], [0.0, 0.0], [20.946603775024414, 10.724764823913574], [19.810672760009766, 9.999274253845215], [17.923986434936523, 3.7384259700775146], [27.5, 0.5], [15.30661392211914, 11.25801944732666]]
[2026-07-06 19:19:51] Sent map infos: [[7.109766006469727, 9.696263313293457], [0.0, 0.0], [2.39681, 2.36], [13.388646125793457, 11.550960540771484], [0.5, 14.5], [7.0326080322265625, 5.161743640899658], [0.0, 0.0], [20.946603775024414, 10.724764823913574], [19.810672760009766, 9.999274253845215], [17.923986434936523, 3.7384259700775146], [27.5, 0.5], [15.30661392211914, 11.25801944732666]]
[2026-07-06 19:19:52] Marked situation: [0, 0, 0, 0, 0, 0, 0]
[2026-07-06 19:19:52] have_double_effect_times: 0 , is_activating_double_effect: 0 , already_activate_double_effect_times: 0
[2026-07-06 19:19:52] Marked situation: [0, 0, 0, 0, 0, 0, 0]
[2026-07-06 19:19:52] have_double_effect_times: 0 , is_activating_double_effect: 0 , already_activate_double_effect_times: 0
[2026-07-06 19:19:52] Sent map info: [[7.088907241821289, 9.68593692779541], [0.0, 0.0], [2.39681, 2.36], [13.466842651367188, 10.441981315612793], [0.5, 14.5], [7.0267791748046875, 5.171178340911865], [0.0, 0.0], [20.946603775024414, 10.724764823913574], [19.810672760009766, 9.999274253845215], [16.055529594421387, 4.983248233795166], [27.5, 0.5], [15.30661392211914, 11.25801944732666]]
[2026-07-06 19:19:52] Sent map infos: [[7.088907241821289, 9.68593692779541], [0.0, 0.0], [2.39681, 2.36], [13.466842651367188, 10.441981315612793], [0.5, 14.5], [7.0267791748046875, 5.171178340911865], [0.0, 0.0], [20.946603775024414, 10.724764823913574], [19.810672760009766, 9.999274253845215], [16.055529594421387, 4.983248233795166], [27.5, 0.5], [15.30661392211914, 11.25801944732666]]
[2026-07-06 19:19:52] Marked situation: [0, 0, 0, 0, 0, 0, 0]
[2026-07-06 19:19:52] have_double_effect_times: 0 , is_activating_double_effect: 0 , already_activate_double_effect_times: 0
[2026-07-06 19:19:52] Marked situation: [0, 0, 0, 0, 0, 0, 0]
[2026-07-06 19:19:52] have_double_effect_times: 0 , is_activating_double_effect: 0 , already_activate_double_effect_times: 0
[2026-07-06 19:19:52] Sent map info: [[7.058012008666992, 9.689823150634766], [0.0, 0.0], [2.39681, 2.36], [13.53492546081543, 9.461091995239258], [0.5, 14.5], [6.993852615356445, 5.181882381439209], [0.0, 0.0], [20.946603775024414, 10.724764823913574], [19.810672760009766, 9.999274253845215], [15.227435111999512, 6.037376880645752], [27.5, 0.5], [15.30661392211914, 11.25801944732666]]
[2026-07-06 19:19:52] Sent map infos: [[7.058012008666992, 9.689823150634766], [0.0, 0.0], [2.39681, 2.36], [13.53492546081543, 9.461091995239258], [0.5, 14.5], [6.993852615356445, 5.181882381439209], [0.0, 0.0], [20.946603775024414, 10.724764823913574], [19.810672760009766, 9.999274253845215], [15.227435111999512, 6.037376880645752], [27.5, 0.5], [15.30661392211914, 11.25801944732666]]
[2026-07-06 19:19:52] Marked situation: [0, 0, 0, 0, 0, 0, 0]
[2026-07-06 19:19:52] have_double_effect_times: 0 , is_activating_double_effect: 0 , already_activate_double_effect_times: 0
[2026-07-06 19:19:53] Marked situation: [0, 0, 0, 0, 0, 0, 0]
[2026-07-06 19:19:53] have_double_effect_times: 0 , is_activating_double_effect: 0 , already_activate_double_effect_times: 0
[2026-07-06 19:19:53] Sent map info: [[7.034614562988281, 9.683201789855957], [0.0, 0.0], [2.39681, 2.36], [13.023846626281738, 8.343082427978516], [0.5, 14.5], [6.974246978759766, 5.1710662841796875], [0.0, 0.0], [20.946603775024414, 10.724764823913574], [19.810672760009766, 9.999274253845215], [15.313852310180664, 6.036938190460205], [27.5, 0.5], [15.30661392211914, 11.25801944732666]]
[2026-07-06 19:19:53] Sent map infos: [[7.034614562988281, 9.683201789855957], [0.0, 0.0], [2.39681, 2.36], [13.023846626281738, 8.343082427978516], [0.5, 14.5], [6.974246978759766, 5.1710662841796875], [0.0, 0.0], [20.946603775024414, 10.724764823913574], [19.810672760009766, 9.999274253845215], [15.313852310180664, 6.036938190460205], [27.5, 0.5], [15.30661392211914, 11.25801944732666]]
[2026-07-06 19:19:53] Marked situation: [0, 0, 0, 0, 0, 0, 0]
[2026-07-06 19:19:53] have_double_effect_times: 0 , is_activating_double_effect: 0 , already_activate_double_effect_times: 0
[2026-07-06 19:19:53] Marked situation: [0, 0, 0, 0, 0, 0, 0]
[2026-07-06 19:19:53] have_double_effect_times: 0 , is_activating_double_effect: 0 , already_activate_double_effect_times: 0
[2026-07-06 19:19:53] Sent map info: [[6.967187881469727, 9.699360847473145], [0.0, 0.0], [2.39681, 2.36], [11.315176010131836, 8.222003936767578], [0.5, 14.5], [7.085901260375977, 5.032686710357666], [0.0, 0.0], [20.946603775024414, 10.724764823913574], [19.810672760009766, 9.999274253845215], [14.375658988952637, 6.100149631500244], [27.5, 0.5], [15.30661392211914, 11.25801944732666]]
[2026-07-06 19:19:53] Sent map infos: [[6.967187881469727, 9.699360847473145], [0.0, 0.0], [2.39681, 2.36], [11.315176010131836, 8.222003936767578], [0.5, 14.5], [7.085901260375977, 5.032686710357666], [0.0, 0.0], [20.946603775024414, 10.724764823913574], [19.810672760009766, 9.999274253845215], [14.375658988952637, 6.100149631500244], [27.5, 0.5], [15.30661392211914, 11.25801944732666]]
[2026-07-06 19:19:53] Marked situation: [0, 0, 0, 0, 0, 0, 0]
[2026-07-06 19:19:53] have_double_effect_times: 0 , is_activating_double_effect: 0 , already_activate_double_effect_times: 0
[2026-07-06 19:19:53] Marked situation: [0, 0, 0, 0, 0, 0, 0]
[2026-07-06 19:19:53] have_double_effect_times: 0 , is_activating_double_effect: 0 , already_activate_double_effect_times: 0
[2026-07-06 19:19:53] Sent map info: [[6.498195648193359, 9.779842376708984], [0.0, 0.0], [2.39681, 2.36], [6.431478500366211, 6.8362860679626465], [0.5, 14.5], [7.174945831298828, 5.0171332359313965], [0.0, 0.0], [20.946603775024414, 10.724764823913574], [19.810672760009766, 9.999274253845215], [14.8493070602417, 6.081332683563232], [27.5, 0.5], [15.30661392211914, 11.25801944732666]]
[2026-07-06 19:19:53] Sent map infos: [[6.498195648193359, 9.779842376708984], [0.0, 0.0], [2.39681, 2.36], [6.431478500366211, 6.8362860679626465], [0.5, 14.5], [7.174945831298828, 5.0171332359313965], [0.0, 0.0], [20.946603775024414, 10.724764823913574], [19.810672760009766, 9.999274253845215], [14.8493070602417, 6.081332683563232], [27.5, 0.5], [15.30661392211914, 11.25801944732666]]
[2026-07-06 19:19:54] Marked situation: [0, 0, 0, 0, 0, 0, 0]
[2026-07-06 19:19:54] have_double_effect_times: 0 , is_activating_double_effect: 0 , already_activate_double_effect_times: 0
[2026-07-06 19:19:54] Marked situation: [0, 0, 0, 0, 0, 0, 0]
[2026-07-06 19:19:54] have_double_effect_times: 0 , is_activating_double_effect: 0 , already_activate_double_effect_times: 0
[2026-07-06 19:19:54] Sent map info: [[6.296623229980469, 9.369170188903809], [0.0, 0.0], [2.39681, 2.36], [3.6659317016601562, 5.062652587890625], [0.5, 14.5], [7.199094772338867, 5.021042346954346], [0.0, 0.0], [17.852850914001465, 10.757965087890625], [19.810672760009766, 9.999274253845215], [15.644206047058105, 6.255702495574951], [27.5, 0.5], [15.30661392211914, 11.25801944732666]]
[2026-07-06 19:19:54] Sent map infos: [[6.296623229980469, 9.369170188903809], [0.0, 0.0], [2.39681, 2.36], [3.6659317016601562, 5.062652587890625], [0.5, 14.5], [7.199094772338867, 5.021042346954346], [0.0, 0.0], [17.852850914001465, 10.757965087890625], [19.810672760009766, 9.999274253845215], [15.644206047058105, 6.255702495574951], [27.5, 0.5], [15.30661392211914, 11.25801944732666]]
[2026-07-06 19:19:54] Marked situation: [0, 0, 0, 0, 0, 0, 0]
[2026-07-06 19:19:54] have_double_effect_times: 0 , is_activating_double_effect: 0 , already_activate_double_effect_times: 0
[2026-07-06 19:19:54] Marked situation: [0, 0, 0, 0, 0, 0, 0]
[2026-07-06 19:19:54] have_double_effect_times: 0 , is_activating_double_effect: 0 , already_activate_double_effect_times: 0
[2026-07-06 19:19:54] Sent map info: [[6.322452545166016, 9.37027359008789], [0.0, 0.0], [2.39681, 2.36], [2.68963623046875, 4.5318732261657715], [0.5, 14.5], [7.151947021484375, 5.0114264488220215], [0.0, 0.0], [20.42266273498535, 11.00940990447998], [19.810672760009766, 9.999274253845215], [15.883853912353516, 6.384599685668945], [27.5, 0.5], [15.30661392211914, 11.25801944732666]]
[2026-07-06 19:19:54] Sent map infos: [[6.322452545166016, 9.37027359008789], [0.0, 0.0], [2.39681, 2.36], [2.68963623046875, 4.5318732261657715], [0.5, 14.5], [7.151947021484375, 5.0114264488220215], [0.0, 0.0], [20.42266273498535, 11.00940990447998], [19.810672760009766, 9.999274253845215], [15.883853912353516, 6.384599685668945], [27.5, 0.5], [15.30661392211914, 11.25801944732666]]
[2026-07-06 19:19:54] Marked situation: [0, 0, 0, 0, 0, 0, 0]
[2026-07-06 19:19:54] have_double_effect_times: 0 , is_activating_double_effect: 0 , already_activate_double_effect_times: 0
[2026-07-06 19:19:55] Marked situation: [0, 0, 0, 0, 0, 0, 0]
[2026-07-06 19:19:55] have_double_effect_times: 0 , is_activating_double_effect: 0 , already_activate_double_effect_times: 0
[2026-07-06 19:19:55] Sent map info: [[6.277795791625977, 9.357784271240234], [0.0, 0.0], [2.39681, 2.36], [2.68963623046875, 4.5318732261657715], [0.5, 14.5], [7.094135284423828, 5.019341468811035], [0.0, 0.0], [20.70884132385254, 11.28406047821045], [19.810672760009766, 9.999274253845215], [16.61634635925293, 6.781907558441162], [27.5, 0.5], [15.30661392211914, 11.25801944732666]]
[2026-07-06 19:19:55] Sent map infos: [[6.277795791625977, 9.357784271240234], [0.0, 0.0], [2.39681, 2.36], [2.68963623046875, 4.5318732261657715], [0.5, 14.5], [7.094135284423828, 5.019341468811035], [0.0, 0.0], [20.70884132385254, 11.28406047821045], [19.810672760009766, 9.999274253845215], [16.61634635925293, 6.781907558441162], [27.5, 0.5], [15.30661392211914, 11.25801944732666]]
[2026-07-06 19:19:55] Marked situation: [0, 0, 0, 0, 0, 0, 0]
[2026-07-06 19:19:55] have_double_effect_times: 0 , is_activating_double_effect: 0 , already_activate_double_effect_times: 0
[2026-07-06 19:19:55] Marked situation: [0, 0, 0, 0, 0, 0, 0]
[2026-07-06 19:19:55] have_double_effect_times: 0 , is_activating_double_effect: 0 , already_activate_double_effect_times: 0
[2026-07-06 19:19:55] Sent map info: [[6.328805923461914, 9.360901832580566], [0.0, 0.0], [2.39681, 2.36], [2.68963623046875, 4.5318732261657715], [0.5, 14.5], [7.073188781738281, 5.010507583618164], [0.0, 0.0], [20.70884132385254, 11.28406047821045], [19.810672760009766, 9.999274253845215], [18.771442413330078, 12.300124168395996], [27.5, 0.5], [15.30661392211914, 11.25801944732666]]
[2026-07-06 19:19:55] Sent map infos: [[6.328805923461914, 9.360901832580566], [0.0, 0.0], [2.39681, 2.36], [2.68963623046875, 4.5318732261657715], [0.5, 14.5], [7.073188781738281, 5.010507583618164], [0.0, 0.0], [20.70884132385254, 11.28406047821045], [19.810672760009766, 9.999274253845215], [18.771442413330078, 12.300124168395996], [27.5, 0.5], [15.30661392211914, 11.25801944732666]]
[2026-07-06 19:19:55] Marked situation: [0, 0, 0, 0, 0, 0, 0]
[2026-07-06 19:19:55] have_double_effect_times: 0 , is_activating_double_effect: 0 , already_activate_double_effect_times: 0
[2026-07-06 19:19:55] Marked situation: [0, 0, 0, 0, 0, 0, 0]
[2026-07-06 19:19:55] have_double_effect_times: 0 , is_activating_double_effect: 0 , already_activate_double_effect_times: 0
[2026-07-06 19:19:55] Sent map info: [[6.344369888305664, 9.37720775604248], [0.0, 0.0], [2.39681, 2.36], [2.39681, 2.36], [0.5, 14.5], [7.197879791259766, 5.023003578186035], [0.0, 0.0], [20.70884132385254, 11.28406047821045], [19.810672760009766, 9.999274253845215], [16.613182067871094, 12.641824722290039], [27.5, 0.5], [15.30661392211914, 11.25801944732666]]
[2026-07-06 19:19:55] Sent map infos: [[6.344369888305664, 9.37720775604248], [0.0, 0.0], [2.39681, 2.36], [2.39681, 2.36], [0.5, 14.5], [7.197879791259766, 5.023003578186035], [0.0, 0.0], [20.70884132385254, 11.28406047821045], [19.810672760009766, 9.999274253845215], [16.613182067871094, 12.641824722290039], [27.5, 0.5], [15.30661392211914, 11.25801944732666]]
[2026-07-06 19:19:56] Marked situation: [0, 0, 0, 0, 0, 0, 0]
[2026-07-06 19:19:56] have_double_effect_times: 0 , is_activating_double_effect: 0 , already_activate_double_effect_times: 0
[2026-07-06 19:19:56] Marked situation: [0, 0, 0, 0, 0, 0, 0]
[2026-07-06 19:19:56] have_double_effect_times: 0 , is_activating_double_effect: 0 , already_activate_double_effect_times: 0
[2026-07-06 19:19:56] Sent map info: [[6.360410690307617, 9.392844200134277], [0.0, 0.0], [2.39681, 2.36], [2.39681, 2.36], [0.5, 14.5], [7.124334335327148, 5.013248920440674], [0.0, 0.0], [20.70884132385254, 11.28406047821045], [19.810672760009766, 9.999274253845215], [15.258809089660645, 12.131460189819336], [27.5, 0.5], [15.333878517150879, 11.277726173400879]]
[2026-07-06 19:19:56] Sent map infos: [[6.360410690307617, 9.392844200134277], [0.0, 0.0], [2.39681, 2.36], [2.39681, 2.36], [0.5, 14.5], [7.124334335327148, 5.013248920440674], [0.0, 0.0], [20.70884132385254, 11.28406047821045], [19.810672760009766, 9.999274253845215], [15.258809089660645, 12.131460189819336], [27.5, 0.5], [15.333878517150879, 11.277726173400879]]
[2026-07-06 19:19:56] Marked situation: [0, 0, 0, 0, 0, 0, 0]
[2026-07-06 19:19:56] have_double_effect_times: 0 , is_activating_double_effect: 0 , already_activate_double_effect_times: 0
[2026-07-06 19:19:56] Marked situation: [0, 0, 0, 0, 0, 0, 0]
[2026-07-06 19:19:56] have_double_effect_times: 0 , is_activating_double_effect: 0 , already_activate_double_effect_times: 0
[2026-07-06 19:19:56] Sent map info: [[6.362621307373047, 9.389594078063965], [0.0, 0.0], [2.39681, 2.36], [2.39681, 2.36], [0.5, 14.5], [7.133096694946289, 5.041906356811523], [0.0, 0.0], [20.70884132385254, 11.28406047821045], [19.810672760009766, 9.999274253845215], [13.55545711517334, 11.955795288085938], [27.5, 0.5], [15.255765914916992, 11.584165573120117]]
[2026-07-06 19:19:56] Sent map infos: [[6.362621307373047, 9.389594078063965], [0.0, 0.0], [2.39681, 2.36], [2.39681, 2.36], [0.5, 14.5], [7.133096694946289, 5.041906356811523], [0.0, 0.0], [20.70884132385254, 11.28406047821045], [19.810672760009766, 9.999274253845215], [13.55545711517334, 11.955795288085938], [27.5, 0.5], [15.255765914916992, 11.584165573120117]]
[2026-07-06 19:19:56] Marked situation: [0, 0, 0, 0, 0, 0, 0]
[2026-07-06 19:19:56] have_double_effect_times: 0 , is_activating_double_effect: 0 , already_activate_double_effect_times: 0
[2026-07-06 19:19:57] Marked situation: [0, 0, 0, 0, 0, 0, 0]
[2026-07-06 19:19:57] have_double_effect_times: 0 , is_activating_double_effect: 0 , already_activate_double_effect_times: 0
[2026-07-06 19:19:57] Sent map info: [[6.339700698852539, 9.384086608886719], [0.0, 0.0], [2.39681, 2.36], [2.39681, 2.36], [0.5, 14.5], [7.13123893737793, 5.0449090003967285], [0.0, 0.0], [20.70884132385254, 11.28406047821045], [19.810672760009766, 9.999274253845215], [12.13514518737793, 11.733564376831055], [27.5, 0.5], [15.173554420471191, 11.846888542175293]]
[2026-07-06 19:19:57] Sent map infos: [[6.339700698852539, 9.384086608886719], [0.0, 0.0], [2.39681, 2.36], [2.39681, 2.36], [0.5, 14.5], [7.13123893737793, 5.0449090003967285], [0.0, 0.0], [20.70884132385254, 11.28406047821045], [19.810672760009766, 9.999274253845215], [12.13514518737793, 11.733564376831055], [27.5, 0.5], [15.173554420471191, 11.846888542175293]]
[2026-07-06 19:19:57] Marked situation: [0, 0, 0, 0, 0, 0, 0]
[2026-07-06 19:19:57] have_double_effect_times: 0 , is_activating_double_effect: 0 , already_activate_double_effect_times: 0
[2026-07-06 19:19:57] Marked situation: [0, 0, 0, 0, 0, 0, 0]
[2026-07-06 19:19:57] have_double_effect_times: 0 , is_activating_double_effect: 0 , already_activate_double_effect_times: 0
[2026-07-06 19:19:57] Sent map info: [[6.339700698852539, 9.384086608886719], [0.0, 0.0], [2.39681, 2.36], [2.39681, 2.36], [0.5, 14.5], [7.159210205078125, 5.042543888092041], [0.0, 0.0], [20.70884132385254, 11.28406047821045], [11.075986862182617, 11.3221435546875], [16.60983180999756, 6.487218856811523], [27.5, 0.5], [15.173554420471191, 11.846888542175293]]
[2026-07-06 19:19:57] Sent map infos: [[6.339700698852539, 9.384086608886719], [0.0, 0.0], [2.39681, 2.36], [2.39681, 2.36], [0.5, 14.5], [7.159210205078125, 5.042543888092041], [0.0, 0.0], [20.70884132385254, 11.28406047821045], [11.075986862182617, 11.3221435546875], [16.60983180999756, 6.487218856811523], [27.5, 0.5], [15.173554420471191, 11.846888542175293]]
[2026-07-06 19:19:57] Marked situation: [0, 0, 0, 0, 0, 0, 0]
[2026-07-06 19:19:57] have_double_effect_times: 0 , is_activating_double_effect: 0 , already_activate_double_effect_times: 0
[2026-07-06 19:19:57] Marked situation: [0, 0, 0, 0, 0, 0, 0]
[2026-07-06 19:19:57] have_double_effect_times: 0 , is_activating_double_effect: 0 , already_activate_double_effect_times: 0
[2026-07-06 19:19:57] Sent map info: [[6.339700698852539, 9.384086608886719], [0.0, 0.0], [2.39681, 2.36], [2.39681, 2.36], [0.5, 14.5], [7.132585525512695, 5.0427327156066895], [0.0, 0.0], [15.432490348815918, 12.24211311340332], [11.116662979125977, 11.064146041870117], [16.52702236175537, 6.77785587310791], [27.5, 0.5], [15.173554420471191, 11.846888542175293]]
[2026-07-06 19:19:57] Sent map infos: [[6.339700698852539, 9.384086608886719], [0.0, 0.0], [2.39681, 2.36], [2.39681, 2.36], [0.5, 14.5], [7.132585525512695, 5.0427327156066895], [0.0, 0.0], [15.432490348815918, 12.24211311340332], [11.116662979125977, 11.064146041870117], [16.52702236175537, 6.77785587310791], [27.5, 0.5], [15.173554420471191, 11.846888542175293]]
[2026-07-06 19:19:58] Marked situation: [0, 0, 0, 0, 0, 0, 0]
[2026-07-06 19:19:58] have_double_effect_times: 0 , is_activating_double_effect: 0 , already_activate_double_effect_times: 0
[2026-07-06 19:19:58] Marked situation: [0, 0, 0, 0, 0, 0, 0]
[2026-07-06 19:19:58] have_double_effect_times: 0 , is_activating_double_effect: 0 , already_activate_double_effect_times: 0
[2026-07-06 19:19:58] Sent map info: [[4.86, 11.92], [0.0, 0.0], [2.39681, 2.36], [2.39681, 2.36], [0.5, 14.5], [7.094011306762695, 5.062337875366211], [0.0, 0.0], [15.816214561462402, 12.344285011291504], [10.854928970336914, 10.77112102508545], [16.52702236175537, 6.77785587310791], [27.5, 0.5], [15.173554420471191, 11.846888542175293]]
[2026-07-06 19:19:58] Sent map infos: [[4.86, 11.92], [0.0, 0.0], [2.39681, 2.36], [2.39681, 2.36], [0.5, 14.5], [7.094011306762695, 5.062337875366211], [0.0, 0.0], [15.816214561462402, 12.344285011291504], [10.854928970336914, 10.77112102508545], [16.52702236175537, 6.77785587310791], [27.5, 0.5], [15.173554420471191, 11.846888542175293]]
[2026-07-06 19:19:58] Marked situation: [0, 0, 0, 0, 0, 0, 0]
[2026-07-06 19:19:58] have_double_effect_times: 0 , is_activating_double_effect: 0 , already_activate_double_effect_times: 0
[2026-07-06 19:19:58] Marked situation: [0, 0, 0, 0, 0, 0, 0]
[2026-07-06 19:19:58] have_double_effect_times: 0 , is_activating_double_effect: 0 , already_activate_double_effect_times: 0
[2026-07-06 19:19:58] Sent map info: [[4.86, 11.92], [0.0, 0.0], [2.39681, 2.36], [2.39681, 2.36], [0.5, 14.5], [7.069696426391602, 5.058952331542969], [0.0, 0.0], [16.280138969421387, 12.289280891418457], [13.49312973022461, 10.36885929107666], [16.52702236175537, 6.77785587310791], [27.5, 0.5], [15.173554420471191, 11.846888542175293]]
[2026-07-06 19:19:58] Sent map infos: [[4.86, 11.92], [0.0, 0.0], [2.39681, 2.36], [2.39681, 2.36], [0.5, 14.5], [7.069696426391602, 5.058952331542969], [0.0, 0.0], [16.280138969421387, 12.289280891418457], [13.49312973022461, 10.36885929107666], [16.52702236175537, 6.77785587310791], [27.5, 0.5], [15.173554420471191, 11.846888542175293]]
[2026-07-06 19:19:58] Marked situation: [0, 0, 0, 0, 0, 0, 0]
[2026-07-06 19:19:58] have_double_effect_times: 0 , is_activating_double_effect: 0 , already_activate_double_effect_times: 0
[2026-07-06 19:19:59] Marked situation: [0, 0, 0, 0, 0, 0, 0]
[2026-07-06 19:19:59] have_double_effect_times: 0 , is_activating_double_effect: 0 , already_activate_double_effect_times: 0
[2026-07-06 19:19:59] Sent map info: [[4.86, 11.92], [0.0, 0.0], [2.39681, 2.36], [2.39681, 2.36], [0.5, 14.5], [7.10722541809082, 5.083737373352051], [0.0, 0.0], [16.98452854156494, 12.169296264648438], [14.963988304138184, 11.08729076385498], [16.778882026672363, 6.758230209350586], [27.5, 0.5], [15.173554420471191, 11.846888542175293]]
[2026-07-06 19:19:59] Sent map infos: [[4.86, 11.92], [0.0, 0.0], [2.39681, 2.36], [2.39681, 2.36], [0.5, 14.5], [7.10722541809082, 5.083737373352051], [0.0, 0.0], [16.98452854156494, 12.169296264648438], [14.963988304138184, 11.08729076385498], [16.778882026672363, 6.758230209350586], [27.5, 0.5], [15.173554420471191, 11.846888542175293]]
[2026-07-06 19:19:59] Marked situation: [0, 0, 0, 0, 0, 0, 0]
[2026-07-06 19:19:59] have_double_effect_times: 0 , is_activating_double_effect: 0 , already_activate_double_effect_times: 0
[2026-07-06 19:19:59] Marked situation: [0, 0, 0, 0, 0, 0, 0]
[2026-07-06 19:19:59] have_double_effect_times: 0 , is_activating_double_effect: 0 , already_activate_double_effect_times: 0
[2026-07-06 19:19:59] Sent map info: [[4.86, 11.92], [0.0, 0.0], [2.39681, 2.36], [2.39681, 2.36], [0.5, 14.5], [7.1479034423828125, 5.103618144989014], [0.0, 0.0], [17.570411682128906, 12.173026084899902], [15.356457710266113, 11.993090629577637], [17.223543167114258, 6.9431281089782715], [27.5, 0.5], [15.173554420471191, 11.846888542175293]]
[2026-07-06 19:19:59] Sent map infos: [[4.86, 11.92], [0.0, 0.0], [2.39681, 2.36], [2.39681, 2.36], [0.5, 14.5], [7.1479034423828125, 5.103618144989014], [0.0, 0.0], [17.570411682128906, 12.173026084899902], [15.356457710266113, 11.993090629577637], [17.223543167114258, 6.9431281089782715], [27.5, 0.5], [15.173554420471191, 11.846888542175293]]
[2026-07-06 19:19:59] Marked situation: [0, 0, 0, 0, 0, 0, 0]
[2026-07-06 19:19:59] have_double_effect_times: 0 , is_activating_double_effect: 0 , already_activate_double_effect_times: 0
[2026-07-06 19:19:59] Marked situation: [0, 0, 0, 0, 0, 0, 0]
[2026-07-06 19:19:59] have_double_effect_times: 0 , is_activating_double_effect: 0 , already_activate_double_effect_times: 0
[2026-07-06 19:19:59] Sent map info: [[4.86, 11.92], [0.0, 0.0], [2.39681, 2.36], [5.4216461181640625, 2.9959754943847656], [0.5, 14.5], [7.177223205566406, 5.099165916442871], [0.0, 0.0], [18.03146266937256, 12.0585298538208], [15.635517120361328, 12.831206321716309], [17.223543167114258, 6.9431281089782715], [27.5, 0.5], [15.173554420471191, 11.846888542175293]]
[2026-07-06 19:19:59] Sent map infos: [[4.86, 11.92], [0.0, 0.0], [2.39681, 2.36], [5.4216461181640625, 2.9959754943847656], [0.5, 14.5], [7.177223205566406, 5.099165916442871], [0.0, 0.0], [18.03146266937256, 12.0585298538208], [15.635517120361328, 12.831206321716309], [17.223543167114258, 6.9431281089782715], [27.5, 0.5], [15.173554420471191, 11.846888542175293]]
[2026-07-06 19:20:00] Marked situation: [0, 0, 0, 0, 0, 0, 0]
[2026-07-06 19:20:00] have_double_effect_times: 0 , is_activating_double_effect: 0 , already_activate_double_effect_times: 0
[2026-07-06 19:20:00] Marked situation: [0, 0, 0, 0, 0, 0, 0]
[2026-07-06 19:20:00] have_double_effect_times: 0 , is_activating_double_effect: 0 , already_activate_double_effect_times: 0
[2026-07-06 19:20:00] Sent map info: [[4.86, 11.92], [0.0, 0.0], [2.39681, 2.36], [9.738895416259766, 3.919501781463623], [0.5, 14.5], [7.1391754150390625, 5.074901103973389], [0.0, 0.0], [18.61566925048828, 11.9920654296875], [17.114177703857422, 12.38502311706543], [15.151342391967773, 9.546197891235352], [27.5, 0.5], [15.173554420471191, 11.846888542175293]]
[2026-07-06 19:20:00] Sent map infos: [[4.86, 11.92], [0.0, 0.0], [2.39681, 2.36], [9.738895416259766, 3.919501781463623], [0.5, 14.5], [7.1391754150390625, 5.074901103973389], [0.0, 0.0], [18.61566925048828, 11.9920654296875], [17.114177703857422, 12.38502311706543], [15.151342391967773, 9.546197891235352], [27.5, 0.5], [15.173554420471191, 11.846888542175293]]
[2026-07-06 19:20:00] Marked situation: [0, 0, 0, 0, 0, 0, 0]
[2026-07-06 19:20:00] have_double_effect_times: 0 , is_activating_double_effect: 0 , already_activate_double_effect_times: 0
[2026-07-06 19:20:00] Marked situation: [0, 0, 0, 0, 0, 0, 0]
[2026-07-06 19:20:00] have_double_effect_times: 0 , is_activating_double_effect: 0 , already_activate_double_effect_times: 0
[2026-07-06 19:20:00] Sent map info: [[4.86, 11.92], [0.0, 0.0], [2.39681, 2.36], [10.752910614013672, 4.335968971252441], [0.5, 14.5], [7.138402938842773, 5.076148986816406], [0.0, 0.0], [18.693105697631836, 12.366225242614746], [18.51858901977539, 12.416297912597656], [16.03020477294922, 9.118813514709473], [27.5, 0.5], [15.173554420471191, 11.846888542175293]]
[2026-07-06 19:20:00] Sent map infos: [[4.86, 11.92], [0.0, 0.0], [2.39681, 2.36], [10.752910614013672, 4.335968971252441], [0.5, 14.5], [7.138402938842773, 5.076148986816406], [0.0, 0.0], [18.693105697631836, 12.366225242614746], [18.51858901977539, 12.416297912597656], [16.03020477294922, 9.118813514709473], [27.5, 0.5], [15.173554420471191, 11.846888542175293]]
[2026-07-06 19:20:00] Marked situation: [0, 0, 0, 0, 0, 0, 0]
[2026-07-06 19:20:00] have_double_effect_times: 0 , is_activating_double_effect: 0 , already_activate_double_effect_times: 0
[2026-07-06 19:20:01] Marked situation: [0, 0, 0, 0, 0, 0, 0]
[2026-07-06 19:20:01] have_double_effect_times: 0 , is_activating_double_effect: 0 , already_activate_double_effect_times: 0
[2026-07-06 19:20:01] Sent map info: [[4.86, 11.92], [0.0, 0.0], [2.39681, 2.36], [9.05718994140625, 3.3134663105010986], [0.5, 14.5], [7.105754852294922, 5.086115837097168], [0.0, 0.0], [20.07045316696167, 12.164159774780273], [18.51858901977539, 12.416297912597656], [16.19175624847412, 9.099160194396973], [27.5, 0.5], [15.173554420471191, 11.846888542175293]]
[2026-07-06 19:20:01] Sent map infos: [[4.86, 11.92], [0.0, 0.0], [2.39681, 2.36], [9.05718994140625, 3.3134663105010986], [0.5, 14.5], [7.105754852294922, 5.086115837097168], [0.0, 0.0], [20.07045316696167, 12.164159774780273], [18.51858901977539, 12.416297912597656], [16.19175624847412, 9.099160194396973], [27.5, 0.5], [15.173554420471191, 11.846888542175293]]
[2026-07-06 19:20:01] Marked situation: [0, 0, 0, 0, 0, 0, 0]
[2026-07-06 19:20:01] have_double_effect_times: 0 , is_activating_double_effect: 0 , already_activate_double_effect_times: 0
[2026-07-06 19:20:01] Marked situation: [0, 0, 0, 0, 0, 0, 0]
[2026-07-06 19:20:01] have_double_effect_times: 0 , is_activating_double_effect: 0 , already_activate_double_effect_times: 0
[2026-07-06 19:20:01] Sent map info: [[4.86, 11.92], [0.0, 0.0], [2.39681, 2.36], [9.669574737548828, 2.7318577766418457], [0.5, 14.5], [7.153829574584961, 5.094059944152832], [0.0, 0.0], [20.08063316345215, 12.155848503112793], [18.51858901977539, 12.416297912597656], [20.05680274963379, 12.074775695800781], [27.5, 0.5], [15.173554420471191, 11.846888542175293]]
[2026-07-06 19:20:01] Sent map infos: [[4.86, 11.92], [0.0, 0.0], [2.39681, 2.36], [9.669574737548828, 2.7318577766418457], [0.5, 14.5], [7.153829574584961, 5.094059944152832], [0.0, 0.0], [20.08063316345215, 12.155848503112793], [18.51858901977539, 12.416297912597656], [20.05680274963379, 12.074775695800781], [27.5, 0.5], [15.173554420471191, 11.846888542175293]]
[2026-07-06 19:20:01] Marked situation: [0, 0, 0, 0, 0, 0, 0]
[2026-07-06 19:20:01] have_double_effect_times: 0 , is_activating_double_effect: 0 , already_activate_double_effect_times: 0
[2026-07-06 19:20:01] Marked situation: [0, 0, 0, 0, 0, 0, 0]
[2026-07-06 19:20:01] have_double_effect_times: 0 , is_activating_double_effect: 0 , already_activate_double_effect_times: 0
[2026-07-06 19:20:01] Sent map info: [[4.86, 11.92], [0.0, 0.0], [2.39681, 2.36], [8.88909912109375, 3.7565689086914062], [0.5, 14.5], [7.063199996948242, 5.069480895996094], [0.0, 0.0], [20.08063316345215, 12.155848503112793], [18.51858901977539, 12.416297912597656], [20.113970279693604, 12.027939796447754], [27.5, 0.5], [15.173554420471191, 11.846888542175293]]
[2026-07-06 19:20:01] Sent map infos: [[4.86, 11.92], [0.0, 0.0], [2.39681, 2.36], [8.88909912109375, 3.7565689086914062], [0.5, 14.5], [7.063199996948242, 5.069480895996094], [0.0, 0.0], [20.08063316345215, 12.155848503112793], [18.51858901977539, 12.416297912597656], [20.113970279693604, 12.027939796447754], [27.5, 0.5], [15.173554420471191, 11.846888542175293]]
[2026-07-06 19:20:02] Marked situation: [0, 0, 0, 0, 0, 0, 0]
[2026-07-06 19:20:02] have_double_effect_times: 0 , is_activating_double_effect: 0 , already_activate_double_effect_times: 0
[2026-07-06 19:20:02] Marked situation: [0, 0, 0, 0, 0, 0, 0]
[2026-07-06 19:20:02] have_double_effect_times: 0 , is_activating_double_effect: 0 , already_activate_double_effect_times: 0
[2026-07-06 19:20:02] Sent map info: [[4.86, 11.92], [0.0, 0.0], [2.39681, 2.36], [7.2359771728515625, 4.875554084777832], [0.5, 14.5], [7.108537673950195, 5.167118549346924], [0.0, 0.0], [20.08063316345215, 12.155848503112793], [18.51858901977539, 12.416297912597656], [20.113970279693604, 12.027939796447754], [27.5, 0.5], [15.173554420471191, 11.846888542175293]]
[2026-07-06 19:20:02] Sent map infos: [[4.86, 11.92], [0.0, 0.0], [2.39681, 2.36], [7.2359771728515625, 4.875554084777832], [0.5, 14.5], [7.108537673950195, 5.167118549346924], [0.0, 0.0], [20.08063316345215, 12.155848503112793], [18.51858901977539, 12.416297912597656], [20.113970279693604, 12.027939796447754], [27.5, 0.5], [15.173554420471191, 11.846888542175293]]
[2026-07-06 19:20:02] Marked situation: [0, 0, 0, 0, 0, 0, 0]
[2026-07-06 19:20:02] have_double_effect_times: 0 , is_activating_double_effect: 0 , already_activate_double_effect_times: 0
[2026-07-06 19:20:02] Marked situation: [0, 0, 0, 0, 0, 0, 0]
[2026-07-06 19:20:02] have_double_effect_times: 0 , is_activating_double_effect: 0 , already_activate_double_effect_times: 0
[2026-07-06 19:20:02] Sent map info: [[4.86, 11.92], [0.0, 0.0], [2.39681, 2.36], [7.667009353637695, 6.250360488891602], [0.5, 14.5], [6.842254638671875, 5.1731486320495605], [0.0, 0.0], [20.08063316345215, 12.155848503112793], [18.51858901977539, 12.416297912597656], [21.18949794769287, 10.678288459777832], [27.5, 0.5], [15.173554420471191, 11.846888542175293]]
[2026-07-06 19:20:02] Sent map infos: [[4.86, 11.92], [0.0, 0.0], [2.39681, 2.36], [7.667009353637695, 6.250360488891602], [0.5, 14.5], [6.842254638671875, 5.1731486320495605], [0.0, 0.0], [20.08063316345215, 12.155848503112793], [18.51858901977539, 12.416297912597656], [21.18949794769287, 10.678288459777832], [27.5, 0.5], [15.173554420471191, 11.846888542175293]]
[2026-07-06 19:20:02] Marked situation: [0, 0, 0, 0, 0, 0, 0]
[2026-07-06 19:20:02] have_double_effect_times: 0 , is_activating_double_effect: 0 , already_activate_double_effect_times: 0
[2026-07-06 19:20:03] Marked situation: [0, 0, 0, 0, 0, 0, 0]
[2026-07-06 19:20:03] have_double_effect_times: 0 , is_activating_double_effect: 0 , already_activate_double_effect_times: 0
[2026-07-06 19:20:03] Sent map info: [[4.86, 11.92], [0.0, 0.0], [2.39681, 2.36], [7.060398101806641, 7.751639366149902], [0.5, 14.5], [7.167909622192383, 5.028494834899902], [0.0, 0.0], [20.08063316345215, 12.155848503112793], [18.51858901977539, 12.416297912597656], [16.047059059143066, 9.198055267333984], [27.5, 0.5], [15.173554420471191, 11.846888542175293]]
[2026-07-06 19:20:03] Sent map infos: [[4.86, 11.92], [0.0, 0.0], [2.39681, 2.36], [7.060398101806641, 7.751639366149902], [0.5, 14.5], [7.167909622192383, 5.028494834899902], [0.0, 0.0], [20.08063316345215, 12.155848503112793], [18.51858901977539, 12.416297912597656], [16.047059059143066, 9.198055267333984], [27.5, 0.5], [15.173554420471191, 11.846888542175293]]
[2026-07-06 19:20:03] Marked situation: [0, 0, 0, 0, 0, 0, 0]
[2026-07-06 19:20:03] have_double_effect_times: 0 , is_activating_double_effect: 0 , already_activate_double_effect_times: 0
[2026-07-06 19:20:03] Marked situation: [0, 0, 0, 0, 0, 0, 0]
[2026-07-06 19:20:03] have_double_effect_times: 0 , is_activating_double_effect: 0 , already_activate_double_effect_times: 0
[2026-07-06 19:20:03] Sent map info: [[4.86, 11.92], [0.0, 0.0], [2.39681, 2.36], [6.965509414672852, 7.361547470092773], [0.5, 14.5], [7.14183235168457, 5.027780055999756], [0.0, 0.0], [18.405601501464844, 10.401749610900879], [18.51858901977539, 12.416297912597656], [15.092768669128418, 9.559854507446289], [27.5, 0.5], [15.173554420471191, 11.846888542175293]]
[2026-07-06 19:20:03] Sent map infos: [[4.86, 11.92], [0.0, 0.0], [2.39681, 2.36], [6.965509414672852, 7.361547470092773], [0.5, 14.5], [7.14183235168457, 5.027780055999756], [0.0, 0.0], [18.405601501464844, 10.401749610900879], [18.51858901977539, 12.416297912597656], [15.092768669128418, 9.559854507446289], [27.5, 0.5], [15.173554420471191, 11.846888542175293]]
[2026-07-06 19:20:03] Marked situation: [0, 0, 0, 0, 0, 0, 0]
[2026-07-06 19:20:03] have_double_effect_times: 0 , is_activating_double_effect: 0 , already_activate_double_effect_times: 0
[2026-07-06 19:20:03] Marked situation: [0, 0, 0, 0, 0, 0, 0]
[2026-07-06 19:20:03] have_double_effect_times: 0 , is_activating_double_effect: 0 , already_activate_double_effect_times: 0
[2026-07-06 19:20:03] Sent map info: [[4.86, 11.92], [0.0, 0.0], [2.39681, 2.36], [6.004144668579102, 7.914748191833496], [0.5, 14.5], [7.110952377319336, 5.034912586212158], [0.0, 0.0], [18.965957641601562, 9.89184856414795], [18.51858901977539, 12.416297912597656], [12.943721771240234, 10.601078987121582], [27.5, 0.5], [15.173554420471191, 11.846888542175293]]
[2026-07-06 19:20:03] Sent map infos: [[4.86, 11.92], [0.0, 0.0], [2.39681, 2.36], [6.004144668579102, 7.914748191833496], [0.5, 14.5], [7.110952377319336, 5.034912586212158], [0.0, 0.0], [18.965957641601562, 9.89184856414795], [18.51858901977539, 12.416297912597656], [12.943721771240234, 10.601078987121582], [27.5, 0.5], [15.173554420471191, 11.846888542175293]]
[2026-07-06 19:20:04] Marked situation: [0, 0, 0, 0, 0, 0, 0]
[2026-07-06 19:20:04] have_double_effect_times: 0 , is_activating_double_effect: 0 , already_activate_double_effect_times: 0
[2026-07-06 19:20:04] Marked situation: [0, 0, 0, 0, 0, 0, 0]
[2026-07-06 19:20:04] have_double_effect_times: 0 , is_activating_double_effect: 0 , already_activate_double_effect_times: 0
[2026-07-06 19:20:04] Sent map info: [[6.348045349121094, 9.371794700622559], [0.0, 0.0], [2.39681, 2.36], [4.812990188598633, 9.8189058303833], [0.5, 14.5], [7.148153305053711, 5.060402870178223], [0.0, 0.0], [19.172999382019043, 9.703449249267578], [18.51858901977539, 12.416297912597656], [11.779739379882812, 11.34632396697998], [27.5, 0.5], [15.173554420471191, 11.846888542175293]]
[2026-07-06 19:20:04] Sent map infos: [[6.348045349121094, 9.371794700622559], [0.0, 0.0], [2.39681, 2.36], [4.812990188598633, 9.8189058303833], [0.5, 14.5], [7.148153305053711, 5.060402870178223], [0.0, 0.0], [19.172999382019043, 9.703449249267578], [18.51858901977539, 12.416297912597656], [11.779739379882812, 11.34632396697998], [27.5, 0.5], [15.173554420471191, 11.846888542175293]]
[2026-07-06 19:20:04] Marked situation: [0, 0, 0, 0, 0, 0, 0]
[2026-07-06 19:20:04] have_double_effect_times: 0 , is_activating_double_effect: 0 , already_activate_double_effect_times: 0
[2026-07-06 19:20:04] Marked situation: [0, 0, 0, 0, 0, 0, 0]
[2026-07-06 19:20:04] have_double_effect_times: 0 , is_activating_double_effect: 0 , already_activate_double_effect_times: 0
[2026-07-06 19:20:04] Sent map info: [[6.367044448852539, 9.383086204528809], [0.0, 0.0], [2.39681, 2.36], [5.986795425415039, 10.135126113891602], [0.5, 14.5], [7.131977081298828, 5.043715000152588], [0.0, 0.0], [19.172999382019043, 9.703449249267578], [18.51858901977539, 12.416297912597656], [12.578523635864258, 10.77619457244873], [27.5, 0.5], [15.173554420471191, 11.846888542175293]]
[2026-07-06 19:20:04] Sent map infos: [[6.367044448852539, 9.383086204528809], [0.0, 0.0], [2.39681, 2.36], [5.986795425415039, 10.135126113891602], [0.5, 14.5], [7.131977081298828, 5.043715000152588], [0.0, 0.0], [19.172999382019043, 9.703449249267578], [18.51858901977539, 12.416297912597656], [12.578523635864258, 10.77619457244873], [27.5, 0.5], [15.173554420471191, 11.846888542175293]]
[2026-07-06 19:20:04] Marked situation: [0, 0, 0, 0, 0, 0, 0]
[2026-07-06 19:20:04] have_double_effect_times: 0 , is_activating_double_effect: 0 , already_activate_double_effect_times: 0
[2026-07-06 19:20:05] Marked situation: [0, 0, 0, 0, 0, 0, 0]
[2026-07-06 19:20:05] have_double_effect_times: 0 , is_activating_double_effect: 0 , already_activate_double_effect_times: 0
[2026-07-06 19:20:05] Sent map info: [[5.848234176635742, 9.297425270080566], [0.0, 0.0], [2.39681, 2.36], [4.905277252197266, 10.126423835754395], [0.5, 14.5], [7.127222061157227, 5.0514044761657715], [0.0, 0.0], [19.172999382019043, 9.703449249267578], [18.51858901977539, 12.416297912597656], [12.865687370300293, 10.552350997924805], [27.5, 0.5], [15.173554420471191, 11.846888542175293]]
[2026-07-06 19:20:05] Sent map infos: [[5.848234176635742, 9.297425270080566], [0.0, 0.0], [2.39681, 2.36], [4.905277252197266, 10.126423835754395], [0.5, 14.5], [7.127222061157227, 5.0514044761657715], [0.0, 0.0], [19.172999382019043, 9.703449249267578], [18.51858901977539, 12.416297912597656], [12.865687370300293, 10.552350997924805], [27.5, 0.5], [15.173554420471191, 11.846888542175293]]
[2026-07-06 19:20:05] Marked situation: [0, 0, 0, 0, 0, 0, 0]
[2026-07-06 19:20:05] have_double_effect_times: 0 , is_activating_double_effect: 0 , already_activate_double_effect_times: 0
[2026-07-06 19:20:05] Marked situation: [0, 0, 0, 0, 0, 0, 0]
[2026-07-06 19:20:05] have_double_effect_times: 0 , is_activating_double_effect: 0 , already_activate_double_effect_times: 0
[2026-07-06 19:20:05] Sent map info: [[1.7615032196044922, 8.96383285522461], [0.0, 0.0], [2.39681, 2.36], [5.081987380981445, 9.816021919250488], [0.5, 14.5], [7.182640075683594, 5.0475850105285645], [0.0, 0.0], [19.172999382019043, 9.703449249267578], [18.51858901977539, 12.416297912597656], [11.413511276245117, 10.68309211730957], [27.5, 0.5], [15.173554420471191, 11.846888542175293]]
[2026-07-06 19:20:05] Sent map infos: [[1.7615032196044922, 8.96383285522461], [0.0, 0.0], [2.39681, 2.36], [5.081987380981445, 9.816021919250488], [0.5, 14.5], [7.182640075683594, 5.0475850105285645], [0.0, 0.0], [19.172999382019043, 9.703449249267578], [18.51858901977539, 12.416297912597656], [11.413511276245117, 10.68309211730957], [27.5, 0.5], [15.173554420471191, 11.846888542175293]]
[2026-07-06 19:20:05] Marked situation: [0, 0, 0, 0, 0, 0, 0]
[2026-07-06 19:20:05] have_double_effect_times: 0 , is_activating_double_effect: 0 , already_activate_double_effect_times: 0
[2026-07-06 19:20:05] Marked situation: [0, 0, 0, 0, 0, 0, 0]
[2026-07-06 19:20:05] have_double_effect_times: 0 , is_activating_double_effect: 0 , already_activate_double_effect_times: 0
[2026-07-06 19:20:05] Sent map info: [[0.25576019287109375, 9.460236549377441], [0.0, 0.0], [2.39681, 2.36], [6.564352035522461, 9.408980369567871], [0.5, 14.5], [7.15794563293457, 5.044587135314941], [0.0, 0.0], [19.172999382019043, 9.703449249267578], [18.51858901977539, 12.416297912597656], [11.696891784667969, 10.490071296691895], [27.5, 0.5], [15.173554420471191, 11.846888542175293]]
[2026-07-06 19:20:05] Sent map infos: [[0.25576019287109375, 9.460236549377441], [0.0, 0.0], [2.39681, 2.36], [6.564352035522461, 9.408980369567871], [0.5, 14.5], [7.15794563293457, 5.044587135314941], [0.0, 0.0], [19.172999382019043, 9.703449249267578], [18.51858901977539, 12.416297912597656], [11.696891784667969, 10.490071296691895], [27.5, 0.5], [15.173554420471191, 11.846888542175293]]
[2026-07-06 19:20:06] Marked situation: [0, 0, 0, 0, 0, 0, 0]
[2026-07-06 19:20:06] have_double_effect_times: 0 , is_activating_double_effect: 0 , already_activate_double_effect_times: 0
[2026-07-06 19:20:06] Marked situation: [0, 0, 0, 0, 0, 0, 0]
[2026-07-06 19:20:06] have_double_effect_times: 0 , is_activating_double_effect: 0 , already_activate_double_effect_times: 0
[2026-07-06 19:20:06] Sent map info: [[0.31543540954589844, 9.027382850646973], [0.0, 0.0], [2.39681, 2.36], [6.418283462524414, 9.30768871307373], [0.5, 14.5], [7.12647819519043, 5.052608489990234], [0.0, 0.0], [19.172999382019043, 9.703449249267578], [18.51858901977539, 12.416297912597656], [13.68264389038086, 10.030096054077148], [27.5, 0.5], [15.173554420471191, 11.846888542175293]]
[2026-07-06 19:20:06] Sent map infos: [[0.31543540954589844, 9.027382850646973], [0.0, 0.0], [2.39681, 2.36], [6.418283462524414, 9.30768871307373], [0.5, 14.5], [7.12647819519043, 5.052608489990234], [0.0, 0.0], [19.172999382019043, 9.703449249267578], [18.51858901977539, 12.416297912597656], [13.68264389038086, 10.030096054077148], [27.5, 0.5], [15.173554420471191, 11.846888542175293]]
[2026-07-06 19:20:06] Marked situation: [0, 0, 0, 0, 0, 0, 0]
[2026-07-06 19:20:06] have_double_effect_times: 0 , is_activating_double_effect: 0 , already_activate_double_effect_times: 0
[2026-07-06 19:20:06] Marked situation: [0, 0, 0, 0, 0, 0, 0]
[2026-07-06 19:20:06] have_double_effect_times: 0 , is_activating_double_effect: 0 , already_activate_double_effect_times: 0
[2026-07-06 19:20:06] Sent map info: [[0.31543540954589844, 9.027382850646973], [0.0, 0.0], [2.39681, 2.36], [5.799995422363281, 9.833953857421875], [0.5, 14.5], [7.128181457519531, 5.092657089233398], [0.0, 0.0], [19.172999382019043, 9.703449249267578], [18.51858901977539, 12.416297912597656], [15.669400215148926, 9.391843795776367], [27.5, 0.5], [15.173554420471191, 11.846888542175293]]
[2026-07-06 19:20:06] Sent map infos: [[0.31543540954589844, 9.027382850646973], [0.0, 0.0], [2.39681, 2.36], [5.799995422363281, 9.833953857421875], [0.5, 14.5], [7.128181457519531, 5.092657089233398], [0.0, 0.0], [19.172999382019043, 9.703449249267578], [18.51858901977539, 12.416297912597656], [15.669400215148926, 9.391843795776367], [27.5, 0.5], [15.173554420471191, 11.846888542175293]]
[2026-07-06 19:20:06] Marked situation: [0, 0, 0, 0, 0, 0, 0]
[2026-07-06 19:20:06] have_double_effect_times: 0 , is_activating_double_effect: 0 , already_activate_double_effect_times: 0
[2026-07-06 19:20:07] Marked situation: [0, 0, 0, 0, 0, 0, 0]
[2026-07-06 19:20:07] have_double_effect_times: 0 , is_activating_double_effect: 0 , already_activate_double_effect_times: 0
[2026-07-06 19:20:07] Sent map info: [[0.31543540954589844, 9.027382850646973], [0.0, 0.0], [2.39681, 2.36], [6.097379684448242, 8.999285697937012], [0.5, 14.5], [7.11572265625, 5.069997310638428], [0.0, 0.0], [19.172999382019043, 9.703449249267578], [18.51858901977539, 12.416297912597656], [16.72697353363037, 9.094799995422363], [27.5, 0.5], [15.173554420471191, 11.846888542175293]]
[2026-07-06 19:20:07] Sent map infos: [[0.31543540954589844, 9.027382850646973], [0.0, 0.0], [2.39681, 2.36], [6.097379684448242, 8.999285697937012], [0.5, 14.5], [7.11572265625, 5.069997310638428], [0.0, 0.0], [19.172999382019043, 9.703449249267578], [18.51858901977539, 12.416297912597656], [16.72697353363037, 9.094799995422363], [27.5, 0.5], [15.173554420471191, 11.846888542175293]]
[2026-07-06 19:20:07] Marked situation: [0, 0, 0, 0, 0, 0, 0]
[2026-07-06 19:20:07] have_double_effect_times: 0 , is_activating_double_effect: 0 , already_activate_double_effect_times: 0
[2026-07-06 19:20:07] Marked situation: [0, 0, 0, 0, 0, 0, 0]
[2026-07-06 19:20:07] have_double_effect_times: 0 , is_activating_double_effect: 0 , already_activate_double_effect_times: 0
[2026-07-06 19:20:07] Sent map info: [[4.86, 11.92], [0.0, 0.0], [2.39681, 2.36], [6.81336784362793, 7.837896347045898], [0.5, 14.5], [7.145467758178711, 5.0647382736206055], [0.0, 0.0], [19.172999382019043, 9.703449249267578], [18.51858901977539, 12.416297912597656], [16.79039764404297, 9.080391883850098], [27.5, 0.5], [15.173554420471191, 11.846888542175293]]
[2026-07-06 19:20:07] Sent map infos: [[4.86, 11.92], [0.0, 0.0], [2.39681, 2.36], [6.81336784362793, 7.837896347045898], [0.5, 14.5], [7.145467758178711, 5.0647382736206055], [0.0, 0.0], [19.172999382019043, 9.703449249267578], [18.51858901977539, 12.416297912597656], [16.79039764404297, 9.080391883850098], [27.5, 0.5], [15.173554420471191, 11.846888542175293]]
[2026-07-06 19:20:07] Marked situation: [0, 0, 0, 0, 0, 0, 0]
[2026-07-06 19:20:07] have_double_effect_times: 0 , is_activating_double_effect: 0 , already_activate_double_effect_times: 0
[2026-07-06 19:20:07] Marked situation: [0, 0, 0, 0, 0, 0, 0]
[2026-07-06 19:20:07] have_double_effect_times: 0 , is_activating_double_effect: 0 , already_activate_double_effect_times: 0
[2026-07-06 19:20:07] Sent map info: [[4.86, 11.92], [0.0, 0.0], [2.39681, 2.36], [6.777353286743164, 8.014074325561523], [0.5, 14.5], [7.176309585571289, 5.057796955108643], [0.0, 0.0], [19.172999382019043, 9.703449249267578], [18.51858901977539, 12.416297912597656], [16.79039764404297, 9.080391883850098], [27.5, 0.5], [15.173554420471191, 11.846888542175293]]
[2026-07-06 19:20:07] Sent map infos: [[4.86, 11.92], [0.0, 0.0], [2.39681, 2.36], [6.777353286743164, 8.014074325561523], [0.5, 14.5], [7.176309585571289, 5.057796955108643], [0.0, 0.0], [19.172999382019043, 9.703449249267578], [18.51858901977539, 12.416297912597656], [16.79039764404297, 9.080391883850098], [27.5, 0.5], [15.173554420471191, 11.846888542175293]]
[2026-07-06 19:20:08] Marked situation: [0, 0, 0, 0, 0, 0, 0]
[2026-07-06 19:20:08] have_double_effect_times: 0 , is_activating_double_effect: 0 , already_activate_double_effect_times: 0
[2026-07-06 19:20:08] Marked situation: [0, 0, 0, 0, 0, 0, 0]
[2026-07-06 19:20:08] have_double_effect_times: 0 , is_activating_double_effect: 0 , already_activate_double_effect_times: 0
[2026-07-06 19:20:08] Sent map info: [[4.86, 11.92], [0.0, 0.0], [2.39681, 2.36], [6.587240219116211, 9.05907917022705], [0.5, 14.5], [7.117931365966797, 5.066428184509277], [0.0, 0.0], [19.172999382019043, 9.703449249267578], [18.51858901977539, 12.416297912597656], [17.93862247467041, 7.731417655944824], [27.5, 0.5], [15.173554420471191, 11.846888542175293]]
[2026-07-06 19:20:08] Sent map infos: [[4.86, 11.92], [0.0, 0.0], [2.39681, 2.36], [6.587240219116211, 9.05907917022705], [0.5, 14.5], [7.117931365966797, 5.066428184509277], [0.0, 0.0], [19.172999382019043, 9.703449249267578], [18.51858901977539, 12.416297912597656], [17.93862247467041, 7.731417655944824], [27.5, 0.5], [15.173554420471191, 11.846888542175293]]
[2026-07-06 19:20:08] Marked situation: [0, 0, 0, 0, 0, 0, 0]
[2026-07-06 19:20:08] have_double_effect_times: 0 , is_activating_double_effect: 0 , already_activate_double_effect_times: 0
[2026-07-06 19:20:08] Marked situation: [0, 0, 0, 0, 0, 0, 0]
[2026-07-06 19:20:08] have_double_effect_times: 0 , is_activating_double_effect: 0 , already_activate_double_effect_times: 0
[2026-07-06 19:20:08] Sent map info: [[4.86, 11.92], [0.0, 0.0], [2.39681, 2.36], [6.727191925048828, 9.803993225097656], [0.5, 14.5], [7.08527946472168, 5.076473236083984], [0.0, 0.0], [17.67600727081299, 10.773445129394531], [18.51858901977539, 12.416297912597656], [19.228334426879883, 7.851964473724365], [27.5, 0.5], [15.173554420471191, 11.846888542175293]]
[2026-07-06 19:20:08] Sent map infos: [[4.86, 11.92], [0.0, 0.0], [2.39681, 2.36], [6.727191925048828, 9.803993225097656], [0.5, 14.5], [7.08527946472168, 5.076473236083984], [0.0, 0.0], [17.67600727081299, 10.773445129394531], [18.51858901977539, 12.416297912597656], [19.228334426879883, 7.851964473724365], [27.5, 0.5], [15.173554420471191, 11.846888542175293]]
[2026-07-06 19:20:08] Marked situation: [0, 0, 0, 0, 0, 0, 0]
[2026-07-06 19:20:08] have_double_effect_times: 0 , is_activating_double_effect: 0 , already_activate_double_effect_times: 0
[2026-07-06 19:20:09] Marked situation: [0, 0, 0, 0, 0, 0, 0]
[2026-07-06 19:20:09] have_double_effect_times: 0 , is_activating_double_effect: 0 , already_activate_double_effect_times: 0
[2026-07-06 19:20:09] Sent map info: [[4.86, 11.92], [0.0, 0.0], [2.39681, 2.36], [6.471155166625977, 9.348155975341797], [0.5, 14.5], [7.146186828613281, 5.106387138366699], [0.0, 0.0], [17.67600727081299, 10.773445129394531], [18.51858901977539, 12.416297912597656], [19.7240571975708, 7.900732517242432], [27.5, 0.5], [15.173554420471191, 11.846888542175293]]
[2026-07-06 19:20:09] Sent map infos: [[4.86, 11.92], [0.0, 0.0], [2.39681, 2.36], [6.471155166625977, 9.348155975341797], [0.5, 14.5], [7.146186828613281, 5.106387138366699], [0.0, 0.0], [17.67600727081299, 10.773445129394531], [18.51858901977539, 12.416297912597656], [19.7240571975708, 7.900732517242432], [27.5, 0.5], [15.173554420471191, 11.846888542175293]]
[2026-07-06 19:20:09] Marked situation: [0, 0, 0, 0, 0, 0, 0]
[2026-07-06 19:20:09] have_double_effect_times: 0 , is_activating_double_effect: 0 , already_activate_double_effect_times: 0
[2026-07-06 19:20:09] Marked situation: [0, 0, 0, 0, 0, 0, 0]
[2026-07-06 19:20:09] have_double_effect_times: 0 , is_activating_double_effect: 0 , already_activate_double_effect_times: 0
[2026-07-06 19:20:09] Sent map info: [[4.86, 11.92], [0.0, 0.0], [2.39681, 2.36], [6.543855667114258, 8.526043891906738], [0.5, 14.5], [7.134124755859375, 5.083058834075928], [0.0, 0.0], [17.67600727081299, 10.773445129394531], [18.51858901977539, 12.416297912597656], [19.7240571975708, 7.900732517242432], [27.5, 0.5], [15.173554420471191, 11.846888542175293]]
[2026-07-06 19:20:09] Sent map infos: [[4.86, 11.92], [0.0, 0.0], [2.39681, 2.36], [6.543855667114258, 8.526043891906738], [0.5, 14.5], [7.134124755859375, 5.083058834075928], [0.0, 0.0], [17.67600727081299, 10.773445129394531], [18.51858901977539, 12.416297912597656], [19.7240571975708, 7.900732517242432], [27.5, 0.5], [15.173554420471191, 11.846888542175293]]
[2026-07-06 19:20:09] Marked situation: [0, 0, 0, 0, 0, 0, 0]
[2026-07-06 19:20:09] have_double_effect_times: 0 , is_activating_double_effect: 0 , already_activate_double_effect_times: 0
[2026-07-06 19:20:09] Marked situation: [0, 0, 0, 0, 0, 0, 0]
[2026-07-06 19:20:09] have_double_effect_times: 0 , is_activating_double_effect: 0 , already_activate_double_effect_times: 0
[2026-07-06 19:20:09] Sent map info: [[4.86, 11.92], [0.0, 0.0], [2.39681, 2.36], [6.553442001342773, 8.870664596557617], [0.5, 14.5], [7.183530807495117, 5.089004039764404], [0.0, 0.0], [17.67600727081299, 10.773445129394531], [18.51858901977539, 12.416297912597656], [19.7240571975708, 7.900732517242432], [27.5, 0.5], [15.173554420471191, 11.846888542175293]]
[2026-07-06 19:20:09] Sent map infos: [[4.86, 11.92], [0.0, 0.0], [2.39681, 2.36], [6.553442001342773, 8.870664596557617], [0.5, 14.5], [7.183530807495117, 5.089004039764404], [0.0, 0.0], [17.67600727081299, 10.773445129394531], [18.51858901977539, 12.416297912597656], [19.7240571975708, 7.900732517242432], [27.5, 0.5], [15.173554420471191, 11.846888542175293]]
[2026-07-06 19:20:10] Marked situation: [0, 0, 0, 0, 0, 0, 0]
[2026-07-06 19:20:10] have_double_effect_times: 0 , is_activating_double_effect: 0 , already_activate_double_effect_times: 0
[2026-07-06 19:20:10] Marked situation: [0, 0, 0, 0, 0, 0, 0]
[2026-07-06 19:20:10] have_double_effect_times: 0 , is_activating_double_effect: 0 , already_activate_double_effect_times: 0
[2026-07-06 19:20:10] Sent map info: [[4.86, 11.92], [0.0, 0.0], [2.39681, 2.36], [6.960643768310547, 10.260161399841309], [0.5, 14.5], [7.098411560058594, 5.097989559173584], [0.0, 0.0], [17.67600727081299, 10.773445129394531], [18.51858901977539, 12.416297912597656], [18.93264389038086, 10.975804328918457], [27.5, 0.5], [15.173554420471191, 11.846888542175293]]
[2026-07-06 19:20:10] Sent map infos: [[4.86, 11.92], [0.0, 0.0], [2.39681, 2.36], [6.960643768310547, 10.260161399841309], [0.5, 14.5], [7.098411560058594, 5.097989559173584], [0.0, 0.0], [17.67600727081299, 10.773445129394531], [18.51858901977539, 12.416297912597656], [18.93264389038086, 10.975804328918457], [27.5, 0.5], [15.173554420471191, 11.846888542175293]]
[2026-07-06 19:20:10] Marked situation: [0, 0, 0, 0, 0, 0, 0]
[2026-07-06 19:20:10] have_double_effect_times: 0 , is_activating_double_effect: 0 , already_activate_double_effect_times: 0
[2026-07-06 19:20:10] Marked situation: [0, 0, 0, 0, 0, 0, 0]
[2026-07-06 19:20:10] have_double_effect_times: 0 , is_activating_double_effect: 0 , already_activate_double_effect_times: 0
[2026-07-06 19:20:10] Sent map info: [[4.86, 11.92], [0.0, 0.0], [2.39681, 2.36], [8.467323303222656, 11.232010841369629], [0.5, 14.5], [7.114719390869141, 5.114398002624512], [0.0, 0.0], [17.67600727081299, 10.773445129394531], [18.51858901977539, 12.416297912597656], [20.232672691345215, 11.067132949829102], [27.5, 0.5], [15.173554420471191, 11.846888542175293]]
[2026-07-06 19:20:10] Sent map infos: [[4.86, 11.92], [0.0, 0.0], [2.39681, 2.36], [8.467323303222656, 11.232010841369629], [0.5, 14.5], [7.114719390869141, 5.114398002624512], [0.0, 0.0], [17.67600727081299, 10.773445129394531], [18.51858901977539, 12.416297912597656], [20.232672691345215, 11.067132949829102], [27.5, 0.5], [15.173554420471191, 11.846888542175293]]
[2026-07-06 19:20:10] Marked situation: [0, 0, 0, 0, 0, 0, 0]
[2026-07-06 19:20:10] have_double_effect_times: 0 , is_activating_double_effect: 0 , already_activate_double_effect_times: 0
[2026-07-06 19:20:11] Marked situation: [0, 0, 0, 0, 0, 0, 0]
[2026-07-06 19:20:11] have_double_effect_times: 0 , is_activating_double_effect: 0 , already_activate_double_effect_times: 0
[2026-07-06 19:20:11] Sent map info: [[4.86, 11.92], [0.0, 0.0], [2.39681, 2.36], [8.720758438110352, 11.435209274291992], [0.5, 14.5], [7.108131408691406, 5.125036716461182], [0.0, 0.0], [17.67600727081299, 10.773445129394531], [18.51858901977539, 12.416297912597656], [20.68956422805786, 11.299992561340332], [27.5, 0.5], [15.173554420471191, 11.846888542175293]]
[2026-07-06 19:20:11] Sent map infos: [[4.86, 11.92], [0.0, 0.0], [2.39681, 2.36], [8.720758438110352, 11.435209274291992], [0.5, 14.5], [7.108131408691406, 5.125036716461182], [0.0, 0.0], [17.67600727081299, 10.773445129394531], [18.51858901977539, 12.416297912597656], [20.68956422805786, 11.299992561340332], [27.5, 0.5], [15.173554420471191, 11.846888542175293]]
[2026-07-06 19:20:11] Marked situation: [0, 0, 0, 0, 0, 0, 0]
[2026-07-06 19:20:11] have_double_effect_times: 0 , is_activating_double_effect: 0 , already_activate_double_effect_times: 0
[2026-07-06 19:20:11] Marked situation: [0, 0, 0, 0, 0, 0, 0]
[2026-07-06 19:20:11] have_double_effect_times: 0 , is_activating_double_effect: 0 , already_activate_double_effect_times: 0
[2026-07-06 19:20:11] Sent map info: [[4.86, 11.92], [0.0, 0.0], [2.39681, 2.36], [8.720758438110352, 11.435209274291992], [0.5, 14.5], [7.120208740234375, 5.105531215667725], [21.212900638580322, 8.598467826843262], [17.67600727081299, 10.773445129394531], [18.51858901977539, 12.416297912597656], [20.70853042602539, 11.335681915283203], [27.5, 0.5], [15.173554420471191, 11.846888542175293]]
[2026-07-06 19:20:11] Sent map infos: [[4.86, 11.92], [0.0, 0.0], [2.39681, 2.36], [8.720758438110352, 11.435209274291992], [0.5, 14.5], [7.120208740234375, 5.105531215667725], [21.212900638580322, 8.598467826843262], [17.67600727081299, 10.773445129394531], [18.51858901977539, 12.416297912597656], [20.70853042602539, 11.335681915283203], [27.5, 0.5], [15.173554420471191, 11.846888542175293]]
[2026-07-06 19:20:11] Marked situation: [0, 0, 0, 0, 0, 0, 0]
[2026-07-06 19:20:11] have_double_effect_times: 0 , is_activating_double_effect: 0 , already_activate_double_effect_times: 0
[2026-07-06 19:20:11] Marked situation: [0, 0, 0, 0, 0, 0, 0]
[2026-07-06 19:20:11] have_double_effect_times: 0 , is_activating_double_effect: 0 , already_activate_double_effect_times: 0
[2026-07-06 19:20:11] Sent map info: [[4.86, 11.92], [0.0, 0.0], [2.39681, 2.36], [2.39681, 2.36], [0.5, 14.5], [7.141410827636719, 5.114092826843262], [21.084720611572266, 8.659178733825684], [17.67600727081299, 10.773445129394531], [18.51858901977539, 12.416297912597656], [18.172704696655273, 12.3716402053833], [27.5, 0.5], [15.173554420471191, 11.846888542175293]]
[2026-07-06 19:20:11] Sent map infos: [[4.86, 11.92], [0.0, 0.0], [2.39681, 2.36], [2.39681, 2.36], [0.5, 14.5], [7.141410827636719, 5.114092826843262], [21.084720611572266, 8.659178733825684], [17.67600727081299, 10.773445129394531], [18.51858901977539, 12.416297912597656], [18.172704696655273, 12.3716402053833], [27.5, 0.5], [15.173554420471191, 11.846888542175293]]
[2026-07-06 19:20:12] Marked situation: [0, 0, 0, 0, 0, 0, 0]
[2026-07-06 19:20:12] have_double_effect_times: 0 , is_activating_double_effect: 0 , already_activate_double_effect_times: 0
[2026-07-06 19:20:12] Marked situation: [0, 0, 0, 0, 0, 0, 0]
[2026-07-06 19:20:12] have_double_effect_times: 0 , is_activating_double_effect: 0 , already_activate_double_effect_times: 0
[2026-07-06 19:20:12] Sent map info: [[4.86, 11.92], [0.0, 0.0], [2.39681, 2.36], [2.39681, 2.36], [0.5, 14.5], [7.142009735107422, 5.113125801086426], [21.084720611572266, 8.659178733825684], [17.67600727081299, 10.773445129394531], [18.51858901977539, 12.416297912597656], [16.251401901245117, 12.594093322753906], [27.5, 0.5], [15.173554420471191, 11.846888542175293]]
[2026-07-06 19:20:12] Sent map infos: [[4.86, 11.92], [0.0, 0.0], [2.39681, 2.36], [2.39681, 2.36], [0.5, 14.5], [7.142009735107422, 5.113125801086426], [21.084720611572266, 8.659178733825684], [17.67600727081299, 10.773445129394531], [18.51858901977539, 12.416297912597656], [16.251401901245117, 12.594093322753906], [27.5, 0.5], [15.173554420471191, 11.846888542175293]]
[2026-07-06 19:20:12] Marked situation: [0, 0, 0, 0, 0, 0, 0]
[2026-07-06 19:20:12] have_double_effect_times: 0 , is_activating_double_effect: 0 , already_activate_double_effect_times: 0
[2026-07-06 19:20:12] Marked situation: [0, 0, 0, 0, 0, 0, 0]
[2026-07-06 19:20:12] have_double_effect_times: 0 , is_activating_double_effect: 0 , already_activate_double_effect_times: 0
[2026-07-06 19:20:12] Sent map info: [[4.86, 11.92], [0.0, 0.0], [2.39681, 2.36], [2.39681, 2.36], [0.5, 14.5], [7.057584762573242, 5.121307373046875], [21.084720611572266, 8.659178733825684], [17.67600727081299, 10.773445129394531], [18.51858901977539, 12.416297912597656], [15.958308219909668, 12.444242477416992], [27.5, 0.5], [15.173554420471191, 11.846888542175293]]
[2026-07-06 19:20:12] Sent map infos: [[4.86, 11.92], [0.0, 0.0], [2.39681, 2.36], [2.39681, 2.36], [0.5, 14.5], [7.057584762573242, 5.121307373046875], [21.084720611572266, 8.659178733825684], [17.67600727081299, 10.773445129394531], [18.51858901977539, 12.416297912597656], [15.958308219909668, 12.444242477416992], [27.5, 0.5], [15.173554420471191, 11.846888542175293]]
[2026-07-06 19:20:12] Marked situation: [0, 0, 0, 0, 0, 0, 0]
[2026-07-06 19:20:12] have_double_effect_times: 0 , is_activating_double_effect: 0 , already_activate_double_effect_times: 0
[2026-07-06 19:20:13] Marked situation: [0, 0, 0, 0, 0, 0, 0]
[2026-07-06 19:20:13] have_double_effect_times: 0 , is_activating_double_effect: 0 , already_activate_double_effect_times: 0
[2026-07-06 19:20:13] Sent map info: [[0, 8.74877643585205], [0.0, 0.0], [2.39681, 2.36], [2.39681, 2.36], [0.5, 14.5], [7.103364944458008, 5.132735729217529], [21.084720611572266, 8.659178733825684], [17.67600727081299, 10.773445129394531], [18.51858901977539, 12.416297912597656], [16.100425720214844, 12.31407356262207], [27.5, 0.5], [15.173554420471191, 11.846888542175293]]
[2026-07-06 19:20:13] Sent map infos: [[0, 8.74877643585205], [0.0, 0.0], [2.39681, 2.36], [2.39681, 2.36], [0.5, 14.5], [7.103364944458008, 5.132735729217529], [21.084720611572266, 8.659178733825684], [17.67600727081299, 10.773445129394531], [18.51858901977539, 12.416297912597656], [16.100425720214844, 12.31407356262207], [27.5, 0.5], [15.173554420471191, 11.846888542175293]]
[2026-07-06 19:20:13] Marked situation: [0, 0, 0, 0, 0, 0, 0]
[2026-07-06 19:20:13] have_double_effect_times: 0 , is_activating_double_effect: 0 , already_activate_double_effect_times: 0
[2026-07-06 19:20:13] Marked situation: [0, 0, 0, 0, 0, 0, 0]
[2026-07-06 19:20:13] have_double_effect_times: 0 , is_activating_double_effect: 0 , already_activate_double_effect_times: 0
[2026-07-06 19:20:13] Sent map info: [[0.5650501251220703, 8.893630027770996], [0.0, 0.0], [2.39681, 2.36], [2.39681, 2.36], [0.5, 14.5], [7.146221160888672, 5.149113178253174], [21.084720611572266, 8.659178733825684], [17.67600727081299, 10.773445129394531], [18.97048854827881, 7.996899127960205], [15.7354097366333, 12.556682586669922], [27.5, 0.5], [15.173554420471191, 11.846888542175293]]
[2026-07-06 19:20:13] Sent map infos: [[0.5650501251220703, 8.893630027770996], [0.0, 0.0], [2.39681, 2.36], [2.39681, 2.36], [0.5, 14.5], [7.146221160888672, 5.149113178253174], [21.084720611572266, 8.659178733825684], [17.67600727081299, 10.773445129394531], [18.97048854827881, 7.996899127960205], [15.7354097366333, 12.556682586669922], [27.5, 0.5], [15.173554420471191, 11.846888542175293]]
[2026-07-06 19:20:13] Marked situation: [0, 0, 0, 0, 0, 0, 0]
[2026-07-06 19:20:13] have_double_effect_times: 0 , is_activating_double_effect: 0 , already_activate_double_effect_times: 0
[2026-07-06 19:20:13] Marked situation: [0, 0, 0, 0, 0, 0, 0]
[2026-07-06 19:20:13] have_double_effect_times: 0 , is_activating_double_effect: 0 , already_activate_double_effect_times: 0
[2026-07-06 19:20:13] Sent map info: [[0.16811180114746094, 8.67851734161377], [0.0, 0.0], [2.39681, 2.36], [2.39681, 2.36], [0.5, 14.5], [7.149250030517578, 5.144234657287598], [19.02409553527832, 8.306638717651367], [17.67600727081299, 10.773445129394531], [19.092774391174316, 8.08598804473877], [15.546893119812012, 12.86660385131836], [27.5, 0.5], [15.173554420471191, 11.846888542175293]]
[2026-07-06 19:20:13] Sent map infos: [[0.16811180114746094, 8.67851734161377], [0.0, 0.0], [2.39681, 2.36], [2.39681, 2.36], [0.5, 14.5], [7.149250030517578, 5.144234657287598], [19.02409553527832, 8.306638717651367], [17.67600727081299, 10.773445129394531], [19.092774391174316, 8.08598804473877], [15.546893119812012, 12.86660385131836], [27.5, 0.5], [15.173554420471191, 11.846888542175293]]
[2026-07-06 19:20:14] Marked situation: [0, 0, 0, 0, 0, 0, 0]
[2026-07-06 19:20:14] have_double_effect_times: 0 , is_activating_double_effect: 0 , already_activate_double_effect_times: 0
[2026-07-06 19:20:14] Marked situation: [0, 0, 0, 0, 0, 0, 0]
[2026-07-06 19:20:14] have_double_effect_times: 0 , is_activating_double_effect: 0 , already_activate_double_effect_times: 0
[2026-07-06 19:20:14] Sent map info: [[0.42475318908691406, 7.458685398101807], [0.0, 0.0], [2.39681, 2.36], [2.39681, 2.36], [0.5, 14.5], [7.133405685424805, 5.1270060539245605], [18.87814426422119, 8.394700050354004], [15.470625877380371, 12.84547233581543], [19.092774391174316, 8.08598804473877], [15.212902069091797, 12.58442497253418], [27.5, 0.5], [15.173554420471191, 11.846888542175293]]
[2026-07-06 19:20:14] Sent map infos: [[0.42475318908691406, 7.458685398101807], [0.0, 0.0], [2.39681, 2.36], [2.39681, 2.36], [0.5, 14.5], [7.133405685424805, 5.1270060539245605], [18.87814426422119, 8.394700050354004], [15.470625877380371, 12.84547233581543], [19.092774391174316, 8.08598804473877], [15.212902069091797, 12.58442497253418], [27.5, 0.5], [15.173554420471191, 11.846888542175293]]
[2026-07-06 19:20:14] Marked situation: [0, 0, 0, 0, 0, 0, 0]
[2026-07-06 19:20:14] have_double_effect_times: 0 , is_activating_double_effect: 0 , already_activate_double_effect_times: 0
[2026-07-06 19:20:14] Marked situation: [0, 0, 0, 0, 0, 0, 0]
[2026-07-06 19:20:14] have_double_effect_times: 0 , is_activating_double_effect: 0 , already_activate_double_effect_times: 0
[2026-07-06 19:20:14] Sent map info: [[1.1435432434082031, 6.275864124298096], [0.0, 0.0], [2.39681, 2.36], [2.39681, 2.36], [0.5, 14.5], [7.134368896484375, 5.125450134277344], [18.87814426422119, 8.394700050354004], [15.470625877380371, 12.84547233581543], [19.092774391174316, 8.08598804473877], [14.750921249389648, 11.84512710571289], [27.5, 0.5], [15.173554420471191, 11.846888542175293]]
[2026-07-06 19:20:14] Sent map infos: [[1.1435432434082031, 6.275864124298096], [0.0, 0.0], [2.39681, 2.36], [2.39681, 2.36], [0.5, 14.5], [7.134368896484375, 5.125450134277344], [18.87814426422119, 8.394700050354004], [15.470625877380371, 12.84547233581543], [19.092774391174316, 8.08598804473877], [14.750921249389648, 11.84512710571289], [27.5, 0.5], [15.173554420471191, 11.846888542175293]]
[2026-07-06 19:20:14] Marked situation: [0, 0, 0, 0, 0, 0, 0]
[2026-07-06 19:20:14] have_double_effect_times: 0 , is_activating_double_effect: 0 , already_activate_double_effect_times: 0
[2026-07-06 19:20:15] Marked situation: [0, 0, 0, 0, 0, 0, 0]
[2026-07-06 19:20:15] have_double_effect_times: 0 , is_activating_double_effect: 0 , already_activate_double_effect_times: 0
[2026-07-06 19:20:15] Sent map info: [[1.3348312377929688, 6.502048969268799], [0.0, 0.0], [8.684221267700195, 13.293120384216309], [8.712142944335938, 13.299555778503418], [0.5, 14.5], [7.065433502197266, 5.151313781738281], [19.425230979919434, 7.923534393310547], [15.470625877380371, 12.84547233581543], [19.092774391174316, 8.08598804473877], [15.383722305297852, 10.530858993530273], [27.5, 0.5], [15.173554420471191, 11.846888542175293]]
[2026-07-06 19:20:15] Sent map infos: [[1.3348312377929688, 6.502048969268799], [0.0, 0.0], [8.684221267700195, 13.293120384216309], [8.712142944335938, 13.299555778503418], [0.5, 14.5], [7.065433502197266, 5.151313781738281], [19.425230979919434, 7.923534393310547], [15.470625877380371, 12.84547233581543], [19.092774391174316, 8.08598804473877], [15.383722305297852, 10.530858993530273], [27.5, 0.5], [15.173554420471191, 11.846888542175293]]
[2026-07-06 19:20:15] Marked situation: [0, 0, 0, 0, 0, 0, 0]
[2026-07-06 19:20:15] have_double_effect_times: 0 , is_activating_double_effect: 0 , already_activate_double_effect_times: 0
[2026-07-06 19:20:15] Marked situation: [0, 0, 0, 0, 0, 0, 0]
[2026-07-06 19:20:15] have_double_effect_times: 0 , is_activating_double_effect: 0 , already_activate_double_effect_times: 0
[2026-07-06 19:20:15] Sent map info: [[1.3348312377929688, 6.502048969268799], [0.0, 0.0], [8.684221267700195, 13.293120384216309], [8.525060653686523, 13.207392692565918], [0.5, 14.5], [7.094526290893555, 5.147008895874023], [19.466846466064453, 8.04026985168457], [15.470625877380371, 12.84547233581543], [19.092774391174316, 8.08598804473877], [16.42600727081299, 9.153060913085938], [27.5, 0.5], [15.173554420471191, 11.846888542175293]]
[2026-07-06 19:20:15] Sent map infos: [[1.3348312377929688, 6.502048969268799], [0.0, 0.0], [8.684221267700195, 13.293120384216309], [8.525060653686523, 13.207392692565918], [0.5, 14.5], [7.094526290893555, 5.147008895874023], [19.466846466064453, 8.04026985168457], [15.470625877380371, 12.84547233581543], [19.092774391174316, 8.08598804473877], [16.42600727081299, 9.153060913085938], [27.5, 0.5], [15.173554420471191, 11.846888542175293]]
[2026-07-06 19:20:15] Marked situation: [0, 0, 0, 0, 0, 0, 0]
[2026-07-06 19:20:15] have_double_effect_times: 0 , is_activating_double_effect: 0 , already_activate_double_effect_times: 0
[2026-07-06 19:20:15] Marked situation: [0, 0, 0, 0, 0, 0, 0]
[2026-07-06 19:20:15] have_double_effect_times: 0 , is_activating_double_effect: 0 , already_activate_double_effect_times: 0
[2026-07-06 19:20:15] Sent map info: [[1.3348312377929688, 6.502048969268799], [0.0, 0.0], [8.684221267700195, 13.293120384216309], [8.483531951904297, 13.178714752197266], [0.5, 14.5], [7.123790740966797, 5.142514228820801], [19.129657745361328, 8.566934585571289], [18.49360466003418, 6.811399936676025], [19.092774391174316, 8.08598804473877], [16.42600727081299, 9.153060913085938], [27.5, 0.5], [15.173554420471191, 11.846888542175293]]
[2026-07-06 19:20:15] Sent map infos: [[1.3348312377929688, 6.502048969268799], [0.0, 0.0], [8.684221267700195, 13.293120384216309], [8.483531951904297, 13.178714752197266], [0.5, 14.5], [7.123790740966797, 5.142514228820801], [19.129657745361328, 8.566934585571289], [18.49360466003418, 6.811399936676025], [19.092774391174316, 8.08598804473877], [16.42600727081299, 9.153060913085938], [27.5, 0.5], [15.173554420471191, 11.846888542175293]]
[2026-07-06 19:20:16] Marked situation: [0, 0, 0, 0, 0, 0, 0]
[2026-07-06 19:20:16] have_double_effect_times: 0 , is_activating_double_effect: 0 , already_activate_double_effect_times: 0
[2026-07-06 19:20:16] Marked situation: [0, 0, 0, 0, 0, 0, 0]
[2026-07-06 19:20:16] have_double_effect_times: 0 , is_activating_double_effect: 0 , already_activate_double_effect_times: 0
[2026-07-06 19:20:16] Sent map info: [[4.86, 11.92], [0.0, 0.0], [2.39681, 2.36], [8.483531951904297, 13.178714752197266], [0.5, 14.5], [7.0864105224609375, 5.160115718841553], [19.129657745361328, 8.566934585571289], [19.34885311126709, 9.84952163696289], [18.418373107910156, 6.472185134887695], [16.42600727081299, 9.153060913085938], [27.5, 0.5], [15.173554420471191, 11.846888542175293]]
[2026-07-06 19:20:16] Sent map infos: [[4.86, 11.92], [0.0, 0.0], [2.39681, 2.36], [8.483531951904297, 13.178714752197266], [0.5, 14.5], [7.0864105224609375, 5.160115718841553], [19.129657745361328, 8.566934585571289], [19.34885311126709, 9.84952163696289], [18.418373107910156, 6.472185134887695], [16.42600727081299, 9.153060913085938], [27.5, 0.5], [15.173554420471191, 11.846888542175293]]
[2026-07-06 19:20:16] Marked situation: [0, 0, 0, 0, 0, 0, 0]
[2026-07-06 19:20:16] have_double_effect_times: 0 , is_activating_double_effect: 0 , already_activate_double_effect_times: 0
[2026-07-06 19:20:16] Marked situation: [0, 0, 0, 0, 0, 0, 0]
[2026-07-06 19:20:16] have_double_effect_times: 0 , is_activating_double_effect: 0 , already_activate_double_effect_times: 0
[2026-07-06 19:20:16] Sent map info: [[4.86, 11.92], [0.0, 0.0], [2.39681, 2.36], [2.39681, 2.36], [0.5, 14.5], [7.10450553894043, 5.17362117767334], [19.129657745361328, 8.566934585571289], [18.825578689575195, 10.170433044433594], [18.30021858215332, 6.800869941711426], [16.42600727081299, 9.153060913085938], [27.5, 0.5], [15.173554420471191, 11.846888542175293]]
[2026-07-06 19:20:16] Sent map infos: [[4.86, 11.92], [0.0, 0.0], [2.39681, 2.36], [2.39681, 2.36], [0.5, 14.5], [7.10450553894043, 5.17362117767334], [19.129657745361328, 8.566934585571289], [18.825578689575195, 10.170433044433594], [18.30021858215332, 6.800869941711426], [16.42600727081299, 9.153060913085938], [27.5, 0.5], [15.173554420471191, 11.846888542175293]]
[2026-07-06 19:20:16] Marked situation: [0, 0, 0, 0, 0, 0, 0]
[2026-07-06 19:20:16] have_double_effect_times: 0 , is_activating_double_effect: 0 , already_activate_double_effect_times: 0
[2026-07-06 19:20:17] Marked situation: [0, 0, 0, 0, 0, 0, 0]
[2026-07-06 19:20:17] have_double_effect_times: 0 , is_activating_double_effect: 0 , already_activate_double_effect_times: 0
[2026-07-06 19:20:17] Sent map info: [[0, 8.998147010803223], [0.0, 0.0], [2.39681, 2.36], [2.39681, 2.36], [0.5, 14.5], [7.139177322387695, 5.160460472106934], [19.129657745361328, 8.566934585571289], [18.658119201660156, 10.521781921386719], [18.546350479125977, 6.913782119750977], [16.42600727081299, 9.153060913085938], [27.5, 0.5], [15.173554420471191, 11.846888542175293]]
[2026-07-06 19:20:17] Sent map infos: [[0, 8.998147010803223], [0.0, 0.0], [2.39681, 2.36], [2.39681, 2.36], [0.5, 14.5], [7.139177322387695, 5.160460472106934], [19.129657745361328, 8.566934585571289], [18.658119201660156, 10.521781921386719], [18.546350479125977, 6.913782119750977], [16.42600727081299, 9.153060913085938], [27.5, 0.5], [15.173554420471191, 11.846888542175293]]
[2026-07-06 19:20:17] Marked situation: [0, 0, 0, 0, 0, 0, 0]
[2026-07-06 19:20:17] have_double_effect_times: 0 , is_activating_double_effect: 0 , already_activate_double_effect_times: 0
[2026-07-06 19:20:17] Marked situation: [0, 0, 0, 0, 0, 0, 0]
[2026-07-06 19:20:17] have_double_effect_times: 0 , is_activating_double_effect: 0 , already_activate_double_effect_times: 0
[2026-07-06 19:20:17] Sent map info: [[2.5827674865722656, 9.387344360351562], [0.0, 0.0], [2.39681, 2.36], [8.43100357055664, 13.124490737915039], [0.5, 14.5], [7.129621505737305, 5.175857067108154], [19.129657745361328, 8.566934585571289], [18.58919048309326, 10.633539199829102], [18.546350479125977, 6.913782119750977], [17.70482635498047, 8.067094802856445], [27.5, 0.5], [15.173554420471191, 11.846888542175293]]
[2026-07-06 19:20:17] Sent map infos: [[2.5827674865722656, 9.387344360351562], [0.0, 0.0], [2.39681, 2.36], [8.43100357055664, 13.124490737915039], [0.5, 14.5], [7.129621505737305, 5.175857067108154], [19.129657745361328, 8.566934585571289], [18.58919048309326, 10.633539199829102], [18.546350479125977, 6.913782119750977], [17.70482635498047, 8.067094802856445], [27.5, 0.5], [15.173554420471191, 11.846888542175293]]
[2026-07-06 19:20:17] Marked situation: [0, 0, 0, 0, 0, 0, 0]
[2026-07-06 19:20:17] have_double_effect_times: 0 , is_activating_double_effect: 0 , already_activate_double_effect_times: 0
[2026-07-06 19:20:17] Marked situation: [0, 0, 0, 0, 0, 0, 0]
[2026-07-06 19:20:17] have_double_effect_times: 0 , is_activating_double_effect: 0 , already_activate_double_effect_times: 0
[2026-07-06 19:20:17] Sent map info: [[4.378772735595703, 8.816566467285156], [0.0, 0.0], [2.39681, 2.36], [8.935548782348633, 13.314370155334473], [0.5, 14.5], [7.0825653076171875, 5.166326999664307], [19.129657745361328, 8.566934585571289], [18.58919048309326, 10.633539199829102], [17.69331455230713, 6.757349491119385], [17.70482635498047, 8.067094802856445], [27.5, 0.5], [15.173554420471191, 11.846888542175293]]
[2026-07-06 19:20:17] Sent map infos: [[4.378772735595703, 8.816566467285156], [0.0, 0.0], [2.39681, 2.36], [8.935548782348633, 13.314370155334473], [0.5, 14.5], [7.0825653076171875, 5.166326999664307], [19.129657745361328, 8.566934585571289], [18.58919048309326, 10.633539199829102], [17.69331455230713, 6.757349491119385], [17.70482635498047, 8.067094802856445], [27.5, 0.5], [15.173554420471191, 11.846888542175293]]
[2026-07-06 19:20:18] Marked situation: [0, 0, 0, 0, 0, 0, 0]
[2026-07-06 19:20:18] have_double_effect_times: 0 , is_activating_double_effect: 0 , already_activate_double_effect_times: 0
[2026-07-06 19:20:18] Marked situation: [0, 0, 0, 0, 0, 0, 0]
[2026-07-06 19:20:18] have_double_effect_times: 0 , is_activating_double_effect: 0 , already_activate_double_effect_times: 0
[2026-07-06 19:20:18] Sent map info: [[6.017297744750977, 7.49321174621582], [7.082378387451172, 5.166629791259766], [2.39681, 2.36], [8.935548782348633, 13.314370155334473], [0.5, 14.5], [7.1303863525390625, 5.174625873565674], [19.129657745361328, 8.566934585571289], [18.58919048309326, 10.633539199829102], [16.85489559173584, 4.8389787673950195], [17.70482635498047, 8.067094802856445], [27.5, 0.5], [15.173554420471191, 11.846888542175293]]
[2026-07-06 19:20:18] Sent map infos: [[6.017297744750977, 7.49321174621582], [7.082378387451172, 5.166629791259766], [2.39681, 2.36], [8.935548782348633, 13.314370155334473], [0.5, 14.5], [7.1303863525390625, 5.174625873565674], [19.129657745361328, 8.566934585571289], [18.58919048309326, 10.633539199829102], [16.85489559173584, 4.8389787673950195], [17.70482635498047, 8.067094802856445], [27.5, 0.5], [15.173554420471191, 11.846888542175293]]
[2026-07-06 19:20:18] Marked situation: [0, 0, 0, 0, 0, 0, 0]
[2026-07-06 19:20:18] have_double_effect_times: 0 , is_activating_double_effect: 0 , already_activate_double_effect_times: 0
[2026-07-06 19:20:18] Marked situation: [0, 0, 0, 0, 0, 0, 0]
[2026-07-06 19:20:18] have_double_effect_times: 0 , is_activating_double_effect: 0 , already_activate_double_effect_times: 0
[2026-07-06 19:20:18] Sent map info: [[4.939432144165039, 8.666028022766113], [7.110570907592773, 5.206548690795898], [2.39681, 2.36], [8.935548782348633, 13.314370155334473], [0.5, 14.5], [7.100635528564453, 5.179864883422852], [19.129657745361328, 8.566934585571289], [20.044906616210938, 10.869394302368164], [16.95096492767334, 2.474118947982788], [17.70482635498047, 8.067094802856445], [27.5, 0.5], [15.173554420471191, 11.846888542175293]]
[2026-07-06 19:20:18] Sent map infos: [[4.939432144165039, 8.666028022766113], [7.110570907592773, 5.206548690795898], [2.39681, 2.36], [8.935548782348633, 13.314370155334473], [0.5, 14.5], [7.100635528564453, 5.179864883422852], [19.129657745361328, 8.566934585571289], [20.044906616210938, 10.869394302368164], [16.95096492767334, 2.474118947982788], [17.70482635498047, 8.067094802856445], [27.5, 0.5], [15.173554420471191, 11.846888542175293]]
[2026-07-06 19:20:18] Marked situation: [0, 0, 0, 0, 0, 0, 0]
[2026-07-06 19:20:18] have_double_effect_times: 0 , is_activating_double_effect: 0 , already_activate_double_effect_times: 0
[2026-07-06 19:20:19] Marked situation: [0, 0, 0, 0, 0, 0, 0]
[2026-07-06 19:20:19] have_double_effect_times: 0 , is_activating_double_effect: 0 , already_activate_double_effect_times: 0
[2026-07-06 19:20:19] Sent map info: [[3.5209522247314453, 9.833312034606934], [7.102499008178711, 5.176857948303223], [2.39681, 2.36], [2.39681, 2.36], [0.5, 14.5], [7.098661422729492, 5.18304967880249], [19.129657745361328, 8.566934585571289], [20.46547794342041, 10.922063827514648], [15.088288307189941, 2.4748709201812744], [17.70482635498047, 8.067094802856445], [27.5, 0.5], [15.173554420471191, 11.846888542175293]]
[2026-07-06 19:20:19] Sent map infos: [[3.5209522247314453, 9.833312034606934], [7.102499008178711, 5.176857948303223], [2.39681, 2.36], [2.39681, 2.36], [0.5, 14.5], [7.098661422729492, 5.18304967880249], [19.129657745361328, 8.566934585571289], [20.46547794342041, 10.922063827514648], [15.088288307189941, 2.4748709201812744], [17.70482635498047, 8.067094802856445], [27.5, 0.5], [15.173554420471191, 11.846888542175293]]
[2026-07-06 19:20:19] Marked situation: [0, 0, 0, 0, 0, 0, 0]
[2026-07-06 19:20:19] have_double_effect_times: 0 , is_activating_double_effect: 0 , already_activate_double_effect_times: 0
[2026-07-06 19:20:19] Marked situation: [0, 0, 0, 0, 0, 0, 0]
[2026-07-06 19:20:19] have_double_effect_times: 0 , is_activating_double_effect: 0 , already_activate_double_effect_times: 0
[2026-07-06 19:20:19] Sent map info: [[1.8603515625, 9.382972717285156], [7.098796844482422, 5.182829856872559], [2.39681, 2.36], [8.02226448059082, 11.044093132019043], [0.5, 14.5], [7.129148483276367, 5.219336986541748], [19.129657745361328, 8.566934585571289], [20.8110613822937, 10.889877319335938], [15.801935195922852, 2.6651194095611572], [17.70482635498047, 8.067094802856445], [27.5, 0.5], [15.173554420471191, 11.846888542175293]]
[2026-07-06 19:20:19] Sent map infos: [[1.8603515625, 9.382972717285156], [7.098796844482422, 5.182829856872559], [2.39681, 2.36], [8.02226448059082, 11.044093132019043], [0.5, 14.5], [7.129148483276367, 5.219336986541748], [19.129657745361328, 8.566934585571289], [20.8110613822937, 10.889877319335938], [15.801935195922852, 2.6651194095611572], [17.70482635498047, 8.067094802856445], [27.5, 0.5], [15.173554420471191, 11.846888542175293]]
[2026-07-06 19:20:19] Marked situation: [0, 0, 0, 0, 0, 0, 0]
[2026-07-06 19:20:19] have_double_effect_times: 0 , is_activating_double_effect: 0 , already_activate_double_effect_times: 0
[2026-07-06 19:20:19] Marked situation: [0, 0, 0, 0, 0, 0, 0]
[2026-07-06 19:20:19] have_double_effect_times: 0 , is_activating_double_effect: 0 , already_activate_double_effect_times: 0
[2026-07-06 19:20:19] Sent map info: [[0.7041454315185547, 8.572892189025879], [7.098796844482422, 5.182829856872559], [2.39681, 2.36], [6.309957504272461, 9.427907943725586], [0.5, 14.5], [7.205362319946289, 5.0109333992004395], [19.129657745361328, 8.566934585571289], [20.917043685913086, 11.00857162475586], [15.801935195922852, 2.6651194095611572], [17.70482635498047, 8.067094802856445], [27.5, 0.5], [15.173554420471191, 11.846888542175293]]
[2026-07-06 19:20:19] Sent map infos: [[0.7041454315185547, 8.572892189025879], [7.098796844482422, 5.182829856872559], [2.39681, 2.36], [6.309957504272461, 9.427907943725586], [0.5, 14.5], [7.205362319946289, 5.0109333992004395], [19.129657745361328, 8.566934585571289], [20.917043685913086, 11.00857162475586], [15.801935195922852, 2.6651194095611572], [17.70482635498047, 8.067094802856445], [27.5, 0.5], [15.173554420471191, 11.846888542175293]]
[2026-07-06 19:20:20] Marked situation: [0, 0, 0, 0, 0, 0, 0]
[2026-07-06 19:20:20] have_double_effect_times: 0 , is_activating_double_effect: 0 , already_activate_double_effect_times: 0
[2026-07-06 19:20:20] Marked situation: [0, 0, 0, 0, 0, 0, 0]
[2026-07-06 19:20:20] have_double_effect_times: 0 , is_activating_double_effect: 0 , already_activate_double_effect_times: 0
[2026-07-06 19:20:20] Sent map info: [[0.6816425323486328, 8.372550964355469], [0.0, 0.0], [2.39681, 2.36], [6.309724807739258, 9.310565948486328], [0.5, 14.5], [7.196176528930664, 5.025752544403076], [19.129657745361328, 8.566934585571289], [20.872931480407715, 11.148447036743164], [15.589872360229492, 2.0970547199249268], [20.807196617126465, 11.254280090332031], [27.5, 0.5], [15.173554420471191, 11.846888542175293]]
[2026-07-06 19:20:20] Sent map infos: [[0.6816425323486328, 8.372550964355469], [0.0, 0.0], [2.39681, 2.36], [6.309724807739258, 9.310565948486328], [0.5, 14.5], [7.196176528930664, 5.025752544403076], [19.129657745361328, 8.566934585571289], [20.872931480407715, 11.148447036743164], [15.589872360229492, 2.0970547199249268], [20.807196617126465, 11.254280090332031], [27.5, 0.5], [15.173554420471191, 11.846888542175293]]
[2026-07-06 19:20:20] Marked situation: [0, 0, 0, 0, 0, 0, 0]
[2026-07-06 19:20:20] have_double_effect_times: 0 , is_activating_double_effect: 0 , already_activate_double_effect_times: 0
[2026-07-06 19:20:20] Marked situation: [0, 0, 0, 0, 0, 0, 0]
[2026-07-06 19:20:20] have_double_effect_times: 0 , is_activating_double_effect: 0 , already_activate_double_effect_times: 0
[2026-07-06 19:20:20] Sent map info: [[0.6816425323486328, 8.372550964355469], [0.0, 0.0], [2.39681, 2.36], [6.732133865356445, 9.836241722106934], [0.5, 14.5], [7.186542510986328, 5.041292667388916], [19.129657745361328, 8.566934585571289], [20.872931480407715, 11.148447036743164], [15.214445114135742, 2.1588492393493652], [20.709251403808594, 11.283721923828125], [27.5, 0.5], [15.173554420471191, 11.846888542175293]]
[2026-07-06 19:20:20] Sent map infos: [[0.6816425323486328, 8.372550964355469], [0.0, 0.0], [2.39681, 2.36], [6.732133865356445, 9.836241722106934], [0.5, 14.5], [7.186542510986328, 5.041292667388916], [19.129657745361328, 8.566934585571289], [20.872931480407715, 11.148447036743164], [15.214445114135742, 2.1588492393493652], [20.709251403808594, 11.283721923828125], [27.5, 0.5], [15.173554420471191, 11.846888542175293]]
[2026-07-06 19:20:20] Marked situation: [0, 0, 0, 0, 0, 0, 0]
[2026-07-06 19:20:20] have_double_effect_times: 0 , is_activating_double_effect: 0 , already_activate_double_effect_times: 0
[2026-07-06 19:20:21] Marked situation: [0, 0, 0, 0, 0, 0, 0]
[2026-07-06 19:20:21] have_double_effect_times: 0 , is_activating_double_effect: 0 , already_activate_double_effect_times: 0
[2026-07-06 19:20:21] Sent map info: [[4.86, 11.92], [7.164100646972656, 5.0346479415893555], [2.39681, 2.36], [6.133159637451172, 8.984651565551758], [0.5, 14.5], [7.171131134033203, 5.023293495178223], [19.129657745361328, 8.566934585571289], [20.872931480407715, 11.148447036743164], [15.158610343933105, 2.126800298690796], [20.709251403808594, 11.283721923828125], [27.5, 0.5], [15.173554420471191, 11.846888542175293]]
[2026-07-06 19:20:21] Sent map infos: [[4.86, 11.92], [7.164100646972656, 5.0346479415893555], [2.39681, 2.36], [6.133159637451172, 8.984651565551758], [0.5, 14.5], [7.171131134033203, 5.023293495178223], [19.129657745361328, 8.566934585571289], [20.872931480407715, 11.148447036743164], [15.158610343933105, 2.126800298690796], [20.709251403808594, 11.283721923828125], [27.5, 0.5], [15.173554420471191, 11.846888542175293]]
[2026-07-06 19:20:21] Marked situation: [0, 0, 0, 0, 0, 0, 0]
[2026-07-06 19:20:21] have_double_effect_times: 0 , is_activating_double_effect: 0 , already_activate_double_effect_times: 0
[2026-07-06 19:20:21] Marked situation: [0, 0, 0, 0, 0, 0, 0]
[2026-07-06 19:20:21] have_double_effect_times: 0 , is_activating_double_effect: 0 , already_activate_double_effect_times: 0
[2026-07-06 19:20:21] Sent map info: [[4.86, 11.92], [7.235982894897461, 5.047421932220459], [2.39681, 2.36], [6.291254043579102, 8.825653076171875], [0.5, 14.5], [7.171131134033203, 5.023293495178223], [19.606319427490234, 7.8553595542907715], [20.872931480407715, 11.148447036743164], [14.985840797424316, 2.1422619819641113], [19.444804191589355, 8.165319442749023], [27.5, 0.5], [15.173554420471191, 11.846888542175293]]
[2026-07-06 19:20:21] Sent map infos: [[4.86, 11.92], [7.235982894897461, 5.047421932220459], [2.39681, 2.36], [6.291254043579102, 8.825653076171875], [0.5, 14.5], [7.171131134033203, 5.023293495178223], [19.606319427490234, 7.8553595542907715], [20.872931480407715, 11.148447036743164], [14.985840797424316, 2.1422619819641113], [19.444804191589355, 8.165319442749023], [27.5, 0.5], [15.173554420471191, 11.846888542175293]]
[2026-07-06 19:20:21] Marked situation: [0, 0, 0, 0, 0, 0, 0]
[2026-07-06 19:20:21] have_double_effect_times: 0 , is_activating_double_effect: 0 , already_activate_double_effect_times: 0
[2026-07-06 19:20:21] Marked situation: [0, 0, 0, 0, 0, 0, 0]
[2026-07-06 19:20:21] have_double_effect_times: 0 , is_activating_double_effect: 0 , already_activate_double_effect_times: 0
[2026-07-06 19:20:21] Sent map info: [[4.86, 11.92], [7.1809844970703125, 5.050258159637451], [2.39681, 2.36], [6.092618942260742, 9.397967338562012], [0.5, 14.5], [7.171131134033203, 5.023293495178223], [19.606319427490234, 7.8553595542907715], [20.872931480407715, 11.148447036743164], [14.967044830322266, 2.3725473880767822], [18.2991943359375, 12.166193008422852], [27.5, 0.5], [15.173554420471191, 11.846888542175293]]
[2026-07-06 19:20:21] Sent map infos: [[4.86, 11.92], [7.1809844970703125, 5.050258159637451], [2.39681, 2.36], [6.092618942260742, 9.397967338562012], [0.5, 14.5], [7.171131134033203, 5.023293495178223], [19.606319427490234, 7.8553595542907715], [20.872931480407715, 11.148447036743164], [14.967044830322266, 2.3725473880767822], [18.2991943359375, 12.166193008422852], [27.5, 0.5], [15.173554420471191, 11.846888542175293]]
[2026-07-06 19:20:22] Marked situation: [0, 0, 0, 0, 0, 0, 0]
[2026-07-06 19:20:22] have_double_effect_times: 0 , is_activating_double_effect: 0 , already_activate_double_effect_times: 0
[2026-07-06 19:20:22] Marked situation: [0, 0, 0, 0, 0, 0, 0]
[2026-07-06 19:20:22] have_double_effect_times: 0 , is_activating_double_effect: 0 , already_activate_double_effect_times: 0
[2026-07-06 19:20:22] Sent map info: [[4.86, 11.92], [7.132986068725586, 5.04208517074585], [2.39681, 2.36], [6.284345626831055, 9.700031280517578], [0.5, 14.5], [2.39681, 2.36], [19.55656623840332, 8.371987342834473], [20.872931480407715, 11.148447036743164], [15.87573528289795, 2.417149305343628], [17.604166984558105, 12.286956787109375], [27.5, 0.5], [15.173554420471191, 11.846888542175293]]
[2026-07-06 19:20:22] Sent map infos: [[4.86, 11.92], [7.132986068725586, 5.04208517074585], [2.39681, 2.36], [6.284345626831055, 9.700031280517578], [0.5, 14.5], [2.39681, 2.36], [19.55656623840332, 8.371987342834473], [20.872931480407715, 11.148447036743164], [15.87573528289795, 2.417149305343628], [17.604166984558105, 12.286956787109375], [27.5, 0.5], [15.173554420471191, 11.846888542175293]]
[2026-07-06 19:20:22] Marked situation: [0, 0, 0, 0, 0, 0, 0]
[2026-07-06 19:20:22] have_double_effect_times: 0 , is_activating_double_effect: 0 , already_activate_double_effect_times: 0
[2026-07-06 19:20:22] Marked situation: [0, 0, 0, 0, 0, 0, 0]
[2026-07-06 19:20:22] have_double_effect_times: 0 , is_activating_double_effect: 0 , already_activate_double_effect_times: 0
[2026-07-06 19:20:22] Sent map info: [[4.86, 11.92], [7.211887359619141, 5.043317794799805], [2.39681, 2.36], [6.5406341552734375, 9.718562126159668], [0.5, 14.5], [7.210880279541016, 5.044939994812012], [19.555527687072754, 8.528818130493164], [20.872931480407715, 11.148447036743164], [16.917131423950195, 2.673943042755127], [17.129602432250977, 12.324040412902832], [27.5, 0.5], [15.173554420471191, 11.846888542175293]]
[2026-07-06 19:20:22] Sent map infos: [[4.86, 11.92], [7.211887359619141, 5.043317794799805], [2.39681, 2.36], [6.5406341552734375, 9.718562126159668], [0.5, 14.5], [7.210880279541016, 5.044939994812012], [19.555527687072754, 8.528818130493164], [20.872931480407715, 11.148447036743164], [16.917131423950195, 2.673943042755127], [17.129602432250977, 12.324040412902832], [27.5, 0.5], [15.173554420471191, 11.846888542175293]]
[2026-07-06 19:20:22] Marked situation: [0, 0, 0, 0, 0, 0, 0]
[2026-07-06 19:20:22] have_double_effect_times: 0 , is_activating_double_effect: 0 , already_activate_double_effect_times: 0
[2026-07-06 19:20:23] Marked situation: [0, 0, 0, 0, 0, 0, 0]
[2026-07-06 19:20:23] have_double_effect_times: 0 , is_activating_double_effect: 0 , already_activate_double_effect_times: 0
[2026-07-06 19:20:23] Sent map info: [[4.86, 11.92], [4.453834533691406, 5.920716762542725], [2.39681, 2.36], [6.591136932373047, 9.21186351776123], [0.5, 14.5], [7.174900054931641, 5.060070514678955], [19.555527687072754, 8.528818130493164], [20.872931480407715, 11.148447036743164], [17.95604705810547, 4.815237045288086], [17.129602432250977, 12.324040412902832], [27.5, 0.5], [15.173554420471191, 11.846888542175293]]
[2026-07-06 19:20:23] Sent map infos: [[4.86, 11.92], [4.453834533691406, 5.920716762542725], [2.39681, 2.36], [6.591136932373047, 9.21186351776123], [0.5, 14.5], [7.174900054931641, 5.060070514678955], [19.555527687072754, 8.528818130493164], [20.872931480407715, 11.148447036743164], [17.95604705810547, 4.815237045288086], [17.129602432250977, 12.324040412902832], [27.5, 0.5], [15.173554420471191, 11.846888542175293]]
[2026-07-06 19:20:23] Marked situation: [0, 0, 0, 0, 0, 0, 0]
[2026-07-06 19:20:23] have_double_effect_times: 0 , is_activating_double_effect: 0 , already_activate_double_effect_times: 0
[2026-07-06 19:20:23] Marked situation: [0, 0, 0, 0, 0, 0, 0]
[2026-07-06 19:20:23] have_double_effect_times: 0 , is_activating_double_effect: 0 , already_activate_double_effect_times: 0
[2026-07-06 19:20:23] Sent map info: [[4.86, 11.92], [5.615289688110352, 6.65252685546875], [2.39681, 2.36], [6.563114166259766, 8.975570678710938], [0.5, 14.5], [7.177093505859375, 5.056532382965088], [19.555527687072754, 8.528818130493164], [20.872931480407715, 11.148447036743164], [18.328598022460938, 6.720069408416748], [17.129602432250977, 12.324040412902832], [27.5, 0.5], [15.173554420471191, 11.846888542175293]]
[2026-07-06 19:20:23] Sent map infos: [[4.86, 11.92], [5.615289688110352, 6.65252685546875], [2.39681, 2.36], [6.563114166259766, 8.975570678710938], [0.5, 14.5], [7.177093505859375, 5.056532382965088], [19.555527687072754, 8.528818130493164], [20.872931480407715, 11.148447036743164], [18.328598022460938, 6.720069408416748], [17.129602432250977, 12.324040412902832], [27.5, 0.5], [15.173554420471191, 11.846888542175293]]
[2026-07-06 19:20:23] Marked situation: [0, 0, 0, 0, 0, 0, 0]
[2026-07-06 19:20:23] have_double_effect_times: 0 , is_activating_double_effect: 0 , already_activate_double_effect_times: 0
[2026-07-06 19:20:23] Marked situation: [0, 0, 0, 0, 0, 0, 0]
[2026-07-06 19:20:23] have_double_effect_times: 0 , is_activating_double_effect: 0 , already_activate_double_effect_times: 0
[2026-07-06 19:20:23] Sent map info: [[4.86, 11.92], [6.529916763305664, 7.33599328994751], [2.39681, 2.36], [6.895206451416016, 10.155412673950195], [0.5, 14.5], [7.148771286010742, 5.05940580368042], [19.555527687072754, 8.528818130493164], [20.872931480407715, 11.148447036743164], [18.018281936645508, 7.956775665283203], [17.129602432250977, 12.324040412902832], [27.5, 0.5], [15.173554420471191, 11.846888542175293]]
[2026-07-06 19:20:23] Sent map infos: [[4.86, 11.92], [6.529916763305664, 7.33599328994751], [2.39681, 2.36], [6.895206451416016, 10.155412673950195], [0.5, 14.5], [7.148771286010742, 5.05940580368042], [19.555527687072754, 8.528818130493164], [20.872931480407715, 11.148447036743164], [18.018281936645508, 7.956775665283203], [17.129602432250977, 12.324040412902832], [27.5, 0.5], [15.173554420471191, 11.846888542175293]]
[2026-07-06 19:20:24] Marked situation: [0, 0, 0, 0, 0, 0, 0]
[2026-07-06 19:20:24] have_double_effect_times: 0 , is_activating_double_effect: 0 , already_activate_double_effect_times: 0
[2026-07-06 19:20:24] Marked situation: [0, 0, 0, 0, 0, 0, 0]
[2026-07-06 19:20:24] have_double_effect_times: 0 , is_activating_double_effect: 0 , already_activate_double_effect_times: 0
[2026-07-06 19:20:24] Sent map info: [[4.86, 11.92], [7.524341583251953, 7.5143632888793945], [2.39681, 2.36], [7.550579071044922, 10.793462753295898], [0.5, 14.5], [7.1078338623046875, 5.082752704620361], [19.555527687072754, 8.528818130493164], [20.872931480407715, 11.148447036743164], [14.678442001342773, 9.804083824157715], [17.129602432250977, 12.324040412902832], [27.5, 0.5], [15.173554420471191, 11.846888542175293]]
[2026-07-06 19:20:24] Sent map infos: [[4.86, 11.92], [7.524341583251953, 7.5143632888793945], [2.39681, 2.36], [7.550579071044922, 10.793462753295898], [0.5, 14.5], [7.1078338623046875, 5.082752704620361], [19.555527687072754, 8.528818130493164], [20.872931480407715, 11.148447036743164], [14.678442001342773, 9.804083824157715], [17.129602432250977, 12.324040412902832], [27.5, 0.5], [15.173554420471191, 11.846888542175293]]
[2026-07-06 19:20:24] Marked situation: [0, 0, 0, 0, 0, 0, 0]
[2026-07-06 19:20:24] have_double_effect_times: 0 , is_activating_double_effect: 0 , already_activate_double_effect_times: 0
[2026-07-06 19:20:24] Marked situation: [0, 0, 0, 0, 0, 0, 0]
[2026-07-06 19:20:24] have_double_effect_times: 0 , is_activating_double_effect: 0 , already_activate_double_effect_times: 0
[2026-07-06 19:20:24] Sent map info: [[4.86, 11.92], [7.866571426391602, 7.470145225524902], [2.39681, 2.36], [8.505739212036133, 11.383291244506836], [0.5, 14.5], [7.191228866577148, 5.076600551605225], [19.555527687072754, 8.528818130493164], [20.872931480407715, 11.148447036743164], [11.501529693603516, 11.183764457702637], [17.129602432250977, 12.324040412902832], [27.5, 0.5], [15.173554420471191, 11.846888542175293]]
[2026-07-06 19:20:24] Sent map infos: [[4.86, 11.92], [7.866571426391602, 7.470145225524902], [2.39681, 2.36], [8.505739212036133, 11.383291244506836], [0.5, 14.5], [7.191228866577148, 5.076600551605225], [19.555527687072754, 8.528818130493164], [20.872931480407715, 11.148447036743164], [11.501529693603516, 11.183764457702637], [17.129602432250977, 12.324040412902832], [27.5, 0.5], [15.173554420471191, 11.846888542175293]]
[2026-07-06 19:20:24] Marked situation: [0, 0, 0, 0, 0, 0, 0]
[2026-07-06 19:20:24] have_double_effect_times: 0 , is_activating_double_effect: 0 , already_activate_double_effect_times: 0
[2026-07-06 19:20:25] Marked situation: [0, 0, 0, 0, 0, 0, 0]
[2026-07-06 19:20:25] have_double_effect_times: 0 , is_activating_double_effect: 0 , already_activate_double_effect_times: 0
[2026-07-06 19:20:25] Sent map info: [[4.86, 11.92], [7.836812973022461, 7.471755504608154], [2.39681, 2.36], [8.710817337036133, 11.3273344039917], [0.5, 14.5], [7.132253646850586, 5.086080551147461], [19.555527687072754, 8.528818130493164], [20.872931480407715, 11.148447036743164], [11.244770050048828, 10.188925743103027], [17.129602432250977, 12.324040412902832], [27.5, 0.5], [15.173554420471191, 11.846888542175293]]
[2026-07-06 19:20:25] Sent map infos: [[4.86, 11.92], [7.836812973022461, 7.471755504608154], [2.39681, 2.36], [8.710817337036133, 11.3273344039917], [0.5, 14.5], [7.132253646850586, 5.086080551147461], [19.555527687072754, 8.528818130493164], [20.872931480407715, 11.148447036743164], [11.244770050048828, 10.188925743103027], [17.129602432250977, 12.324040412902832], [27.5, 0.5], [15.173554420471191, 11.846888542175293]]
[2026-07-06 19:20:25] Marked situation: [0, 0, 0, 0, 0, 0, 0]
[2026-07-06 19:20:25] have_double_effect_times: 0 , is_activating_double_effect: 0 , already_activate_double_effect_times: 0
[2026-07-06 19:20:25] Marked situation: [0, 0, 0, 0, 0, 0, 0]
[2026-07-06 19:20:25] have_double_effect_times: 0 , is_activating_double_effect: 0 , already_activate_double_effect_times: 0
[2026-07-06 19:20:25] Sent map info: [[4.86, 11.92], [7.870290756225586, 7.4647216796875], [2.39681, 2.36], [7.4962921142578125, 9.875272750854492], [0.5, 14.5], [7.188882827758789, 5.080380439758301], [19.555527687072754, 8.528818130493164], [20.872931480407715, 11.148447036743164], [13.385387420654297, 7.410889148712158], [17.129602432250977, 12.324040412902832], [27.5, 0.5], [15.173554420471191, 11.846888542175293]]
[2026-07-06 19:20:25] Sent map infos: [[4.86, 11.92], [7.870290756225586, 7.4647216796875], [2.39681, 2.36], [7.4962921142578125, 9.875272750854492], [0.5, 14.5], [7.188882827758789, 5.080380439758301], [19.555527687072754, 8.528818130493164], [20.872931480407715, 11.148447036743164], [13.385387420654297, 7.410889148712158], [17.129602432250977, 12.324040412902832], [27.5, 0.5], [15.173554420471191, 11.846888542175293]]
[2026-07-06 19:20:25] Marked situation: [0, 0, 0, 0, 0, 0, 0]
[2026-07-06 19:20:25] have_double_effect_times: 0 , is_activating_double_effect: 0 , already_activate_double_effect_times: 0
[2026-07-06 19:20:25] Marked situation: [0, 0, 0, 0, 0, 0, 0]
[2026-07-06 19:20:25] have_double_effect_times: 0 , is_activating_double_effect: 0 , already_activate_double_effect_times: 0
[2026-07-06 19:20:25] Sent map info: [[4.86, 11.92], [7.838642120361328, 7.469082832336426], [2.39681, 2.36], [5.403650283813477, 7.798830032348633], [0.5, 14.5], [7.114665985107422, 5.114485263824463], [19.555527687072754, 8.528818130493164], [20.872931480407715, 11.148447036743164], [14.49569320678711, 4.779401779174805], [17.129602432250977, 12.324040412902832], [27.5, 0.5], [15.173554420471191, 11.846888542175293]]
[2026-07-06 19:20:25] Sent map infos: [[4.86, 11.92], [7.838642120361328, 7.469082832336426], [2.39681, 2.36], [5.403650283813477, 7.798830032348633], [0.5, 14.5], [7.114665985107422, 5.114485263824463], [19.555527687072754, 8.528818130493164], [20.872931480407715, 11.148447036743164], [14.49569320678711, 4.779401779174805], [17.129602432250977, 12.324040412902832], [27.5, 0.5], [15.173554420471191, 11.846888542175293]]
[2026-07-06 19:20:26] Marked situation: [0, 0, 0, 0, 0, 0, 0]
[2026-07-06 19:20:26] have_double_effect_times: 0 , is_activating_double_effect: 0 , already_activate_double_effect_times: 0
[2026-07-06 19:20:26] Marked situation: [0, 0, 0, 0, 0, 0, 0]
[2026-07-06 19:20:26] have_double_effect_times: 0 , is_activating_double_effect: 0 , already_activate_double_effect_times: 0
[2026-07-06 19:20:26] Sent map info: [[4.86, 11.92], [7.941394805908203, 7.486808776855469], [2.39681, 2.36], [5.748128890991211, 7.039968490600586], [0.5, 14.5], [7.057895660400391, 5.078080654144287], [19.555527687072754, 8.528818130493164], [20.872931480407715, 11.148447036743164], [15.479278564453125, 4.695262432098389], [17.129602432250977, 12.324040412902832], [27.5, 0.5], [15.173554420471191, 11.846888542175293]]
[2026-07-06 19:20:26] Sent map infos: [[4.86, 11.92], [7.941394805908203, 7.486808776855469], [2.39681, 2.36], [5.748128890991211, 7.039968490600586], [0.5, 14.5], [7.057895660400391, 5.078080654144287], [19.555527687072754, 8.528818130493164], [20.872931480407715, 11.148447036743164], [15.479278564453125, 4.695262432098389], [17.129602432250977, 12.324040412902832], [27.5, 0.5], [15.173554420471191, 11.846888542175293]]
[2026-07-06 19:20:26] Marked situation: [0, 0, 0, 0, 0, 0, 0]
[2026-07-06 19:20:26] have_double_effect_times: 0 , is_activating_double_effect: 0 , already_activate_double_effect_times: 0
[2026-07-06 19:20:26] Marked situation: [0, 0, 0, 0, 0, 0, 0]
[2026-07-06 19:20:26] have_double_effect_times: 0 , is_activating_double_effect: 0 , already_activate_double_effect_times: 0
[2026-07-06 19:20:26] Sent map info: [[4.86, 11.92], [7.887674331665039, 7.481226921081543], [2.39681, 2.36], [5.591976165771484, 6.973392009735107], [0.5, 14.5], [7.200153350830078, 5.105075836181641], [19.555527687072754, 8.528818130493164], [20.872931480407715, 11.148447036743164], [14.9751558303833, 3.840798854827881], [20.571871757507324, 6.774535179138184], [27.5, 0.5], [15.173554420471191, 11.846888542175293]]
[2026-07-06 19:20:26] Sent map infos: [[4.86, 11.92], [7.887674331665039, 7.481226921081543], [2.39681, 2.36], [5.591976165771484, 6.973392009735107], [0.5, 14.5], [7.200153350830078, 5.105075836181641], [19.555527687072754, 8.528818130493164], [20.872931480407715, 11.148447036743164], [14.9751558303833, 3.840798854827881], [20.571871757507324, 6.774535179138184], [27.5, 0.5], [15.173554420471191, 11.846888542175293]]
[2026-07-06 19:20:26] Marked situation: [0, 0, 0, 0, 0, 0, 0]
[2026-07-06 19:20:26] have_double_effect_times: 0 , is_activating_double_effect: 0 , already_activate_double_effect_times: 0
[2026-07-06 19:20:27] Marked situation: [0, 0, 0, 0, 0, 0, 0]
[2026-07-06 19:20:27] have_double_effect_times: 0 , is_activating_double_effect: 0 , already_activate_double_effect_times: 0
[2026-07-06 19:20:27] Sent map info: [[0, 8.61273193359375], [7.347509384155273, 7.445529937744141], [2.39681, 2.36], [5.466588973999023, 7.019437313079834], [0.5, 14.5], [7.134893417358398, 5.124603748321533], [19.555527687072754, 8.528818130493164], [20.872931480407715, 11.148447036743164], [16.244498252868652, 2.5380451679229736], [20.466610431671143, 6.7676496505737305], [27.5, 0.5], [15.173554420471191, 11.846888542175293]]
[2026-07-06 19:20:27] Sent map infos: [[0, 8.61273193359375], [7.347509384155273, 7.445529937744141], [2.39681, 2.36], [5.466588973999023, 7.019437313079834], [0.5, 14.5], [7.134893417358398, 5.124603748321533], [19.555527687072754, 8.528818130493164], [20.872931480407715, 11.148447036743164], [16.244498252868652, 2.5380451679229736], [20.466610431671143, 6.7676496505737305], [27.5, 0.5], [15.173554420471191, 11.846888542175293]]
[2026-07-06 19:20:27] Marked situation: [0, 0, 0, 0, 0, 0, 0]
[2026-07-06 19:20:27] have_double_effect_times: 0 , is_activating_double_effect: 0 , already_activate_double_effect_times: 0
[2026-07-06 19:20:27] Marked situation: [0, 0, 0, 0, 0, 0, 0]
[2026-07-06 19:20:27] have_double_effect_times: 0 , is_activating_double_effect: 0 , already_activate_double_effect_times: 0
[2026-07-06 19:20:27] Sent map info: [[1.3591232299804688, 9.13290786743164], [7.632501602172852, 7.354414939880371], [2.39681, 2.36], [4.600534439086914, 6.577154159545898], [0.5, 14.5], [7.114879608154297, 5.114140033721924], [19.555527687072754, 8.528818130493164], [20.872931480407715, 11.148447036743164], [15.095541954040527, 2.1043083667755127], [20.515650272369385, 6.774468898773193], [27.5, 0.5], [15.173554420471191, 11.846888542175293]]
[2026-07-06 19:20:27] Sent map infos: [[1.3591232299804688, 9.13290786743164], [7.632501602172852, 7.354414939880371], [2.39681, 2.36], [4.600534439086914, 6.577154159545898], [0.5, 14.5], [7.114879608154297, 5.114140033721924], [19.555527687072754, 8.528818130493164], [20.872931480407715, 11.148447036743164], [15.095541954040527, 2.1043083667755127], [20.515650272369385, 6.774468898773193], [27.5, 0.5], [15.173554420471191, 11.846888542175293]]
[2026-07-06 19:20:27] Marked situation: [0, 0, 0, 0, 0, 0, 0]
[2026-07-06 19:20:27] have_double_effect_times: 0 , is_activating_double_effect: 0 , already_activate_double_effect_times: 0
[2026-07-06 19:20:27] Marked situation: [0, 0, 0, 0, 0, 0, 0]
[2026-07-06 19:20:27] have_double_effect_times: 0 , is_activating_double_effect: 0 , already_activate_double_effect_times: 0
[2026-07-06 19:20:27] Sent map info: [[2.048093795776367, 9.176068305969238], [7.711429595947266, 7.363134384155273], [2.39681, 2.36], [5.249114990234375, 4.6181159019470215], [0.5, 14.5], [7.1903228759765625, 5.120895862579346], [19.555527687072754, 8.528818130493164], [20.872931480407715, 11.148447036743164], [14.213882446289062, 1.9218710660934448], [20.519164562225342, 6.771101951599121], [27.5, 0.5], [15.173554420471191, 11.846888542175293]]
[2026-07-06 19:20:27] Sent map infos: [[2.048093795776367, 9.176068305969238], [7.711429595947266, 7.363134384155273], [2.39681, 2.36], [5.249114990234375, 4.6181159019470215], [0.5, 14.5], [7.1903228759765625, 5.120895862579346], [19.555527687072754, 8.528818130493164], [20.872931480407715, 11.148447036743164], [14.213882446289062, 1.9218710660934448], [20.519164562225342, 6.771101951599121], [27.5, 0.5], [15.173554420471191, 11.846888542175293]]
[2026-07-06 19:20:28] Marked situation: [0, 0, 0, 0, 0, 0, 0]
[2026-07-06 19:20:28] have_double_effect_times: 0 , is_activating_double_effect: 0 , already_activate_double_effect_times: 0
[2026-07-06 19:20:28] Marked situation: [0, 0, 0, 0, 0, 0, 0]
[2026-07-06 19:20:28] have_double_effect_times: 0 , is_activating_double_effect: 0 , already_activate_double_effect_times: 0
[2026-07-06 19:20:28] Sent map info: [[1.8123283386230469, 9.18858528137207], [7.762563705444336, 7.371479034423828], [2.39681, 2.36], [6.60966682434082, 2.3617169857025146], [0.5, 14.5], [7.155790328979492, 5.13369607925415], [19.555527687072754, 8.528818130493164], [20.872931480407715, 11.148447036743164], [14.488887786865234, 1.9669827222824097], [20.03497886657715, 6.862285137176514], [27.5, 0.5], [15.173554420471191, 11.846888542175293]]
[2026-07-06 19:20:28] Sent map infos: [[1.8123283386230469, 9.18858528137207], [7.762563705444336, 7.371479034423828], [2.39681, 2.36], [6.60966682434082, 2.3617169857025146], [0.5, 14.5], [7.155790328979492, 5.13369607925415], [19.555527687072754, 8.528818130493164], [20.872931480407715, 11.148447036743164], [14.488887786865234, 1.9669827222824097], [20.03497886657715, 6.862285137176514], [27.5, 0.5], [15.173554420471191, 11.846888542175293]]
[2026-07-06 19:20:28] Marked situation: [0, 0, 0, 0, 0, 0, 0]
[2026-07-06 19:20:28] have_double_effect_times: 0 , is_activating_double_effect: 0 , already_activate_double_effect_times: 0
[2026-07-06 19:20:28] Marked situation: [0, 0, 0, 0, 0, 0, 0]
[2026-07-06 19:20:28] have_double_effect_times: 0 , is_activating_double_effect: 0 , already_activate_double_effect_times: 0
[2026-07-06 19:20:28] Sent map info: [[1.2146759033203125, 9.16749382019043], [7.160200119018555, 7.478484630584717], [2.39681, 2.36], [6.848409652709961, 1.126536250114441], [0.5, 14.5], [7.1233062744140625, 5.143294334411621], [19.555527687072754, 8.528818130493164], [20.872931480407715, 11.148447036743164], [15.644498825073242, 2.6009509563446045], [20.03767490386963, 6.966329574584961], [27.5, 0.5], [15.173554420471191, 11.846888542175293]]
[2026-07-06 19:20:28] Sent map infos: [[1.2146759033203125, 9.16749382019043], [7.160200119018555, 7.478484630584717], [2.39681, 2.36], [6.848409652709961, 1.126536250114441], [0.5, 14.5], [7.1233062744140625, 5.143294334411621], [19.555527687072754, 8.528818130493164], [20.872931480407715, 11.148447036743164], [15.644498825073242, 2.6009509563446045], [20.03767490386963, 6.966329574584961], [27.5, 0.5], [15.173554420471191, 11.846888542175293]]
[2026-07-06 19:20:28] Marked situation: [0, 0, 0, 0, 0, 0, 0]
[2026-07-06 19:20:28] have_double_effect_times: 0 , is_activating_double_effect: 0 , already_activate_double_effect_times: 0
[2026-07-06 19:20:29] Marked situation: [0, 0, 0, 0, 0, 0, 0]
[2026-07-06 19:20:29] have_double_effect_times: 0 , is_activating_double_effect: 0 , already_activate_double_effect_times: 0
[2026-07-06 19:20:29] Sent map info: [[1.2496833801269531, 9.169499397277832], [7.630842208862305, 7.356867790222168], [2.39681, 2.36], [6.971437454223633, 2.2996573448181152], [0.5, 14.5], [7.178142547607422, 5.140496730804443], [19.555527687072754, 8.528818130493164], [20.872931480407715, 11.148447036743164], [17.63539981842041, 4.9043192863464355], [20.03767490386963, 6.966329574584961], [27.5, 0.5], [14.778459548950195, 10.628040313720703]]
[2026-07-06 19:20:29] Sent map infos: [[1.2496833801269531, 9.169499397277832], [7.630842208862305, 7.356867790222168], [2.39681, 2.36], [6.971437454223633, 2.2996573448181152], [0.5, 14.5], [7.178142547607422, 5.140496730804443], [19.555527687072754, 8.528818130493164], [20.872931480407715, 11.148447036743164], [17.63539981842041, 4.9043192863464355], [20.03767490386963, 6.966329574584961], [27.5, 0.5], [14.778459548950195, 10.628040313720703]]
[2026-07-06 19:20:29] Marked situation: [0, 0, 0, 0, 0, 0, 0]
[2026-07-06 19:20:29] have_double_effect_times: 0 , is_activating_double_effect: 0 , already_activate_double_effect_times: 0
[2026-07-06 19:20:29] Marked situation: [0, 0, 0, 0, 0, 0, 0]
[2026-07-06 19:20:29] have_double_effect_times: 0 , is_activating_double_effect: 0 , already_activate_double_effect_times: 0
[2026-07-06 19:20:29] Sent map info: [[2.186952590942383, 9.09827709197998], [7.756784439086914, 7.379971027374268], [2.39681, 2.36], [7.704416275024414, 2.7416749000549316], [0.5, 14.5], [7.191730499267578, 5.16144323348999], [19.555527687072754, 8.528818130493164], [20.872931480407715, 11.148447036743164], [17.475653648376465, 6.678195476531982], [14.636043548583984, 10.680462837219238], [27.5, 0.5], [14.76762580871582, 10.54671573638916]]
[2026-07-06 19:20:29] Sent map infos: [[2.186952590942383, 9.09827709197998], [7.756784439086914, 7.379971027374268], [2.39681, 2.36], [7.704416275024414, 2.7416749000549316], [0.5, 14.5], [7.191730499267578, 5.16144323348999], [19.555527687072754, 8.528818130493164], [20.872931480407715, 11.148447036743164], [17.475653648376465, 6.678195476531982], [14.636043548583984, 10.680462837219238], [27.5, 0.5], [14.76762580871582, 10.54671573638916]]
[2026-07-06 19:20:29] Marked situation: [0, 0, 0, 0, 0, 0, 0]
[2026-07-06 19:20:29] have_double_effect_times: 0 , is_activating_double_effect: 0 , already_activate_double_effect_times: 0
[2026-07-06 19:20:29] Marked situation: [0, 0, 0, 0, 0, 0, 0]
[2026-07-06 19:20:29] have_double_effect_times: 0 , is_activating_double_effect: 0 , already_activate_double_effect_times: 0
[2026-07-06 19:20:29] Sent map info: [[1.4746685028076172, 9.263005256652832], [7.77513313293457, 7.394825458526611], [2.39681, 2.36], [8.888290405273438, 2.3424131870269775], [0.5, 14.5], [7.117013931274414, 5.153447151184082], [19.555527687072754, 8.528818130493164], [20.872931480407715, 11.148447036743164], [17.455471992492676, 6.903288841247559], [14.28734302520752, 10.89847469329834], [27.5, 0.5], [14.76762580871582, 10.54671573638916]]
[2026-07-06 19:20:29] Sent map infos: [[1.4746685028076172, 9.263005256652832], [7.77513313293457, 7.394825458526611], [2.39681, 2.36], [8.888290405273438, 2.3424131870269775], [0.5, 14.5], [7.117013931274414, 5.153447151184082], [19.555527687072754, 8.528818130493164], [20.872931480407715, 11.148447036743164], [17.455471992492676, 6.903288841247559], [14.28734302520752, 10.89847469329834], [27.5, 0.5], [14.76762580871582, 10.54671573638916]]
[2026-07-06 19:20:30] Marked situation: [0, 0, 0, 0, 0, 0, 0]
[2026-07-06 19:20:30] have_double_effect_times: 0 , is_activating_double_effect: 0 , already_activate_double_effect_times: 0
[2026-07-06 19:20:30] Marked situation: [0, 0, 0, 0, 0, 0, 0]
[2026-07-06 19:20:30] have_double_effect_times: 0 , is_activating_double_effect: 0 , already_activate_double_effect_times: 0
[2026-07-06 19:20:30] Sent map info: [[0.068267822265625, 9.506924629211426], [7.954425811767578, 7.342003345489502], [2.39681, 2.36], [8.759521484375, 2.8703322410583496], [0.5, 14.5], [7.174551010131836, 5.14627742767334], [19.555527687072754, 8.528818130493164], [20.872931480407715, 11.148447036743164], [17.455471992492676, 6.903288841247559], [14.245431900024414, 10.94127082824707], [27.5, 0.5], [14.76762580871582, 10.54671573638916]]
[2026-07-06 19:20:30] Sent map infos: [[0.068267822265625, 9.506924629211426], [7.954425811767578, 7.342003345489502], [2.39681, 2.36], [8.759521484375, 2.8703322410583496], [0.5, 14.5], [7.174551010131836, 5.14627742767334], [19.555527687072754, 8.528818130493164], [20.872931480407715, 11.148447036743164], [17.455471992492676, 6.903288841247559], [14.245431900024414, 10.94127082824707], [27.5, 0.5], [14.76762580871582, 10.54671573638916]]
[2026-07-06 19:20:30] Marked situation: [0, 0, 0, 0, 0, 0, 0]
[2026-07-06 19:20:30] have_double_effect_times: 0 , is_activating_double_effect: 0 , already_activate_double_effect_times: 0
[2026-07-06 19:20:30] Marked situation: [0, 0, 0, 0, 0, 0, 0]
[2026-07-06 19:20:30] have_double_effect_times: 0 , is_activating_double_effect: 0 , already_activate_double_effect_times: 0
[2026-07-06 19:20:30] Sent map info: [[0, 9.44693374633789], [7.982795715332031, 7.342658042907715], [2.39681, 2.36], [8.937788009643555, 2.401224136352539], [0.5, 14.5], [7.085941314697266, 5.160873889923096], [19.555527687072754, 8.528818130493164], [20.872931480407715, 11.148447036743164], [17.60080051422119, 8.070608139038086], [14.245431900024414, 10.94127082824707], [27.5, 0.5], [14.76762580871582, 10.54671573638916]]
[2026-07-06 19:20:30] Sent map infos: [[0, 9.44693374633789], [7.982795715332031, 7.342658042907715], [2.39681, 2.36], [8.937788009643555, 2.401224136352539], [0.5, 14.5], [7.085941314697266, 5.160873889923096], [19.555527687072754, 8.528818130493164], [20.872931480407715, 11.148447036743164], [17.60080051422119, 8.070608139038086], [14.245431900024414, 10.94127082824707], [27.5, 0.5], [14.76762580871582, 10.54671573638916]]
[2026-07-06 19:20:30] Marked situation: [0, 0, 0, 0, 0, 0, 0]
[2026-07-06 19:20:30] have_double_effect_times: 0 , is_activating_double_effect: 0 , already_activate_double_effect_times: 0
[2026-07-06 19:20:31] Marked situation: [0, 0, 0, 0, 0, 0, 0]
[2026-07-06 19:20:31] have_double_effect_times: 0 , is_activating_double_effect: 0 , already_activate_double_effect_times: 0
[2026-07-06 19:20:31] Sent map info: [[0, 9.214643478393555], [7.983406066894531, 7.341768741607666], [2.39681, 2.36], [7.553813934326172, 1.2324471473693848], [0.5, 14.5], [7.2117462158203125, 5.172093391418457], [19.555527687072754, 8.528818130493164], [20.872931480407715, 11.148447036743164], [17.78434944152832, 8.340665817260742], [14.245431900024414, 10.94127082824707], [27.5, 0.5], [14.76762580871582, 10.54671573638916]]
[2026-07-06 19:20:31] Sent map infos: [[0, 9.214643478393555], [7.983406066894531, 7.341768741607666], [2.39681, 2.36], [7.553813934326172, 1.2324471473693848], [0.5, 14.5], [7.2117462158203125, 5.172093391418457], [19.555527687072754, 8.528818130493164], [20.872931480407715, 11.148447036743164], [17.78434944152832, 8.340665817260742], [14.245431900024414, 10.94127082824707], [27.5, 0.5], [14.76762580871582, 10.54671573638916]]
[2026-07-06 19:20:31] Marked situation: [0, 0, 0, 0, 0, 0, 0]
[2026-07-06 19:20:31] have_double_effect_times: 0 , is_activating_double_effect: 0 , already_activate_double_effect_times: 0
[2026-07-06 19:20:31] Marked situation: [0, 0, 0, 0, 0, 0, 0]
[2026-07-06 19:20:31] have_double_effect_times: 0 , is_activating_double_effect: 0 , already_activate_double_effect_times: 0
[2026-07-06 19:20:31] Sent map info: [[0.3246879577636719, 8.938933372497559], [8.007434844970703, 7.348820209503174], [2.39681, 2.36], [4.851175308227539, 0.5815064311027527], [0.5, 14.5], [7.209352493286133, 5.175934791564941], [19.555527687072754, 8.528818130493164], [20.872931480407715, 11.148447036743164], [15.791776657104492, 9.170612335205078], [14.245431900024414, 10.94127082824707], [27.5, 0.5], [14.76762580871582, 10.54671573638916]]
[2026-07-06 19:20:31] Sent map infos: [[0.3246879577636719, 8.938933372497559], [8.007434844970703, 7.348820209503174], [2.39681, 2.36], [4.851175308227539, 0.5815064311027527], [0.5, 14.5], [7.209352493286133, 5.175934791564941], [19.555527687072754, 8.528818130493164], [20.872931480407715, 11.148447036743164], [15.791776657104492, 9.170612335205078], [14.245431900024414, 10.94127082824707], [27.5, 0.5], [14.76762580871582, 10.54671573638916]]
[2026-07-06 19:20:31] Marked situation: [0, 0, 0, 0, 0, 0, 0]
[2026-07-06 19:20:31] have_double_effect_times: 0 , is_activating_double_effect: 0 , already_activate_double_effect_times: 0
[2026-07-06 19:20:31] Marked situation: [0, 0, 0, 0, 0, 0, 0]
[2026-07-06 19:20:31] have_double_effect_times: 0 , is_activating_double_effect: 0 , already_activate_double_effect_times: 0
[2026-07-06 19:20:31] Sent map info: [[0.14934349060058594, 9.23552417755127], [7.960409164428711, 7.333276271820068], [2.39681, 2.36], [4.722013473510742, 0.2709891200065613], [0.5, 14.5], [7.116935729980469, 5.153572082519531], [19.555527687072754, 8.528818130493164], [20.872931480407715, 11.148447036743164], [13.807022094726562, 9.576204299926758], [14.245431900024414, 10.94127082824707], [27.5, 0.5], [14.76762580871582, 10.54671573638916]]
[2026-07-06 19:20:31] Sent map infos: [[0.14934349060058594, 9.23552417755127], [7.960409164428711, 7.333276271820068], [2.39681, 2.36], [4.722013473510742, 0.2709891200065613], [0.5, 14.5], [7.116935729980469, 5.153572082519531], [19.555527687072754, 8.528818130493164], [20.872931480407715, 11.148447036743164], [13.807022094726562, 9.576204299926758], [14.245431900024414, 10.94127082824707], [27.5, 0.5], [14.76762580871582, 10.54671573638916]]
[2026-07-06 19:20:32] Marked situation: [0, 0, 0, 0, 0, 0, 0]
[2026-07-06 19:20:32] have_double_effect_times: 0 , is_activating_double_effect: 0 , already_activate_double_effect_times: 0
[2026-07-06 19:20:32] Marked situation: [0, 0, 0, 0, 0, 0, 0]
[2026-07-06 19:20:32] have_double_effect_times: 0 , is_activating_double_effect: 0 , already_activate_double_effect_times: 0
[2026-07-06 19:20:32] Sent map info: [[0.04075431823730469, 9.051803588867188], [8.050508499145508, 7.538364410400391], [2.39681, 2.36], [4.722013473510742, 0.2709891200065613], [0.5, 14.5], [7.187259674072266, 5.168628215789795], [19.555527687072754, 8.528818130493164], [20.872931480407715, 11.148447036743164], [12.379890441894531, 9.268342018127441], [14.245431900024414, 10.94127082824707], [27.5, 0.5], [14.76762580871582, 10.54671573638916]]
[2026-07-06 19:20:32] Sent map infos: [[0.04075431823730469, 9.051803588867188], [8.050508499145508, 7.538364410400391], [2.39681, 2.36], [4.722013473510742, 0.2709891200065613], [0.5, 14.5], [7.187259674072266, 5.168628215789795], [19.555527687072754, 8.528818130493164], [20.872931480407715, 11.148447036743164], [12.379890441894531, 9.268342018127441], [14.245431900024414, 10.94127082824707], [27.5, 0.5], [14.76762580871582, 10.54671573638916]]
[2026-07-06 19:20:32] Marked situation: [0, 0, 0, 0, 0, 0, 0]
[2026-07-06 19:20:32] have_double_effect_times: 0 , is_activating_double_effect: 0 , already_activate_double_effect_times: 0
[2026-07-06 19:20:32] Marked situation: [0, 0, 0, 0, 0, 0, 0]
[2026-07-06 19:20:32] have_double_effect_times: 0 , is_activating_double_effect: 0 , already_activate_double_effect_times: 0
[2026-07-06 19:20:32] Sent map info: [[0.04075431823730469, 9.051803588867188], [8.092397689819336, 7.771409511566162], [2.39681, 2.36], [4.722013473510742, 0.2709891200065613], [0.5, 14.5], [7.215278625488281, 5.166423320770264], [19.555527687072754, 8.528818130493164], [20.872931480407715, 11.148447036743164], [12.620880126953125, 8.674057006835938], [14.245431900024414, 10.94127082824707], [27.5, 0.5], [14.76762580871582, 10.54671573638916]]
[2026-07-06 19:20:32] Sent map infos: [[0.04075431823730469, 9.051803588867188], [8.092397689819336, 7.771409511566162], [2.39681, 2.36], [4.722013473510742, 0.2709891200065613], [0.5, 14.5], [7.215278625488281, 5.166423320770264], [19.555527687072754, 8.528818130493164], [20.872931480407715, 11.148447036743164], [12.620880126953125, 8.674057006835938], [14.245431900024414, 10.94127082824707], [27.5, 0.5], [14.76762580871582, 10.54671573638916]]
[2026-07-06 19:20:32] Marked situation: [0, 0, 0, 0, 0, 0, 0]
[2026-07-06 19:20:32] have_double_effect_times: 0 , is_activating_double_effect: 0 , already_activate_double_effect_times: 0
[2026-07-06 19:20:33] Marked situation: [0, 0, 0, 0, 0, 0, 0]
[2026-07-06 19:20:33] have_double_effect_times: 0 , is_activating_double_effect: 0 , already_activate_double_effect_times: 0
[2026-07-06 19:20:33] Sent map info: [[0.04075431823730469, 9.051803588867188], [8.11500358581543, 7.7390546798706055], [2.39681, 2.36], [2.39681, 2.36], [0.5, 14.5], [7.166879653930664, 5.1586198806762695], [19.555527687072754, 8.528818130493164], [20.872931480407715, 11.148447036743164], [13.051511764526367, 8.12696647644043], [14.245431900024414, 10.94127082824707], [27.5, 0.5], [14.76762580871582, 10.54671573638916]]
[2026-07-06 19:20:33] Sent map infos: [[0.04075431823730469, 9.051803588867188], [8.11500358581543, 7.7390546798706055], [2.39681, 2.36], [2.39681, 2.36], [0.5, 14.5], [7.166879653930664, 5.1586198806762695], [19.555527687072754, 8.528818130493164], [20.872931480407715, 11.148447036743164], [13.051511764526367, 8.12696647644043], [14.245431900024414, 10.94127082824707], [27.5, 0.5], [14.76762580871582, 10.54671573638916]]
[2026-07-06 19:20:33] Marked situation: [0, 0, 0, 0, 0, 0, 0]
[2026-07-06 19:20:33] have_double_effect_times: 0 , is_activating_double_effect: 0 , already_activate_double_effect_times: 0
[2026-07-06 19:20:33] Marked situation: [0, 0, 0, 0, 0, 0, 0]
[2026-07-06 19:20:33] have_double_effect_times: 0 , is_activating_double_effect: 0 , already_activate_double_effect_times: 0
[2026-07-06 19:20:33] Sent map info: [[4.86, 11.92], [7.996463775634766, 7.6164045333862305], [2.39681, 2.36], [14.288444519042969, 1.2575265169143677], [0.5, 14.5], [7.1573638916015625, 5.1739325523376465], [19.555527687072754, 8.528818130493164], [20.872931480407715, 11.148447036743164], [12.28285026550293, 8.932877540588379], [14.245431900024414, 10.94127082824707], [27.5, 0.5], [14.76762580871582, 10.54671573638916]]
[2026-07-06 19:20:33] Sent map infos: [[4.86, 11.92], [7.996463775634766, 7.6164045333862305], [2.39681, 2.36], [14.288444519042969, 1.2575265169143677], [0.5, 14.5], [7.1573638916015625, 5.1739325523376465], [19.555527687072754, 8.528818130493164], [20.872931480407715, 11.148447036743164], [12.28285026550293, 8.932877540588379], [14.245431900024414, 10.94127082824707], [27.5, 0.5], [14.76762580871582, 10.54671573638916]]
[2026-07-06 19:20:33] Marked situation: [0, 0, 0, 0, 0, 0, 0]
[2026-07-06 19:20:33] have_double_effect_times: 0 , is_activating_double_effect: 0 , already_activate_double_effect_times: 0
[2026-07-06 19:20:33] Marked situation: [0, 0, 0, 0, 0, 0, 0]
[2026-07-06 19:20:33] have_double_effect_times: 0 , is_activating_double_effect: 0 , already_activate_double_effect_times: 0
[2026-07-06 19:20:33] Sent map info: [[4.86, 11.92], [7.548713684082031, 8.26293659210205], [2.39681, 2.36], [15.822355270385742, 2.691862106323242], [0.5, 14.5], [7.102970123291016, 5.176097869873047], [19.555527687072754, 8.528818130493164], [20.872931480407715, 11.148447036743164], [12.30887508392334, 8.857547760009766], [14.245431900024414, 10.94127082824707], [27.5, 0.5], [14.76762580871582, 10.54671573638916]]
[2026-07-06 19:20:33] Sent map infos: [[4.86, 11.92], [7.548713684082031, 8.26293659210205], [2.39681, 2.36], [15.822355270385742, 2.691862106323242], [0.5, 14.5], [7.102970123291016, 5.176097869873047], [19.555527687072754, 8.528818130493164], [20.872931480407715, 11.148447036743164], [12.30887508392334, 8.857547760009766], [14.245431900024414, 10.94127082824707], [27.5, 0.5], [14.76762580871582, 10.54671573638916]]
[2026-07-06 19:20:34] Marked situation: [0, 0, 0, 0, 0, 0, 0]
[2026-07-06 19:20:34] have_double_effect_times: 0 , is_activating_double_effect: 0 , already_activate_double_effect_times: 0
[2026-07-06 19:20:34] Marked situation: [0, 0, 0, 0, 0, 0, 0]
[2026-07-06 19:20:34] have_double_effect_times: 0 , is_activating_double_effect: 0 , already_activate_double_effect_times: 0
[2026-07-06 19:20:34] Sent map info: [[4.86, 11.92], [7.491678237915039, 7.852144241333008], [2.39681, 2.36], [15.22919750213623, 4.4897284507751465], [0.5, 14.5], [7.143424987792969, 5.196363925933838], [19.555527687072754, 8.528818130493164], [20.872931480407715, 11.148447036743164], [12.324274063110352, 8.884477615356445], [14.245431900024414, 10.94127082824707], [27.5, 0.5], [14.76762580871582, 10.54671573638916]]
[2026-07-06 19:20:34] Sent map infos: [[4.86, 11.92], [7.491678237915039, 7.852144241333008], [2.39681, 2.36], [15.22919750213623, 4.4897284507751465], [0.5, 14.5], [7.143424987792969, 5.196363925933838], [19.555527687072754, 8.528818130493164], [20.872931480407715, 11.148447036743164], [12.324274063110352, 8.884477615356445], [14.245431900024414, 10.94127082824707], [27.5, 0.5], [14.76762580871582, 10.54671573638916]]
[2026-07-06 19:20:34] Marked situation: [0, 0, 0, 0, 0, 0, 0]
[2026-07-06 19:20:34] have_double_effect_times: 0 , is_activating_double_effect: 0 , already_activate_double_effect_times: 0
[2026-07-06 19:20:34] Marked situation: [0, 0, 0, 0, 0, 0, 0]
[2026-07-06 19:20:34] have_double_effect_times: 0 , is_activating_double_effect: 0 , already_activate_double_effect_times: 0
[2026-07-06 19:20:34] Sent map info: [[4.86, 11.92], [7.564178466796875, 7.7044596672058105], [2.39681, 2.36], [15.094928741455078, 5.2999725341796875], [0.5, 14.5], [7.105648040771484, 5.171779632568359], [19.555527687072754, 8.528818130493164], [20.872931480407715, 11.148447036743164], [12.342584609985352, 8.908032417297363], [14.245431900024414, 10.94127082824707], [27.5, 0.5], [14.76762580871582, 10.54671573638916]]
[2026-07-06 19:20:34] Sent map infos: [[4.86, 11.92], [7.564178466796875, 7.7044596672058105], [2.39681, 2.36], [15.094928741455078, 5.2999725341796875], [0.5, 14.5], [7.105648040771484, 5.171779632568359], [19.555527687072754, 8.528818130493164], [20.872931480407715, 11.148447036743164], [12.342584609985352, 8.908032417297363], [14.245431900024414, 10.94127082824707], [27.5, 0.5], [14.76762580871582, 10.54671573638916]]
[2026-07-06 19:20:34] Marked situation: [0, 0, 0, 0, 0, 0, 0]
[2026-07-06 19:20:34] have_double_effect_times: 0 , is_activating_double_effect: 0 , already_activate_double_effect_times: 0
[2026-07-06 19:20:35] Marked situation: [0, 0, 0, 0, 0, 0, 0]
[2026-07-06 19:20:35] have_double_effect_times: 0 , is_activating_double_effect: 0 , already_activate_double_effect_times: 0
[2026-07-06 19:20:35] Sent map info: [[4.86, 11.92], [7.5948638916015625, 7.825102806091309], [2.39681, 2.36], [14.25721263885498, 6.04643440246582], [0.5, 14.5], [7.217369079589844, 5.120234966278076], [19.555527687072754, 8.528818130493164], [20.872931480407715, 11.148447036743164], [12.448073387145996, 8.920151710510254], [14.245431900024414, 10.94127082824707], [27.5, 0.5], [11.446889877319336, 9.735455513000488]]
[2026-07-06 19:20:35] Sent map infos: [[4.86, 11.92], [7.5948638916015625, 7.825102806091309], [2.39681, 2.36], [14.25721263885498, 6.04643440246582], [0.5, 14.5], [7.217369079589844, 5.120234966278076], [19.555527687072754, 8.528818130493164], [20.872931480407715, 11.148447036743164], [12.448073387145996, 8.920151710510254], [14.245431900024414, 10.94127082824707], [27.5, 0.5], [11.446889877319336, 9.735455513000488]]
[2026-07-06 19:20:35] Marked situation: [0, 0, 0, 0, 0, 0, 0]
[2026-07-06 19:20:35] have_double_effect_times: 0 , is_activating_double_effect: 0 , already_activate_double_effect_times: 0
[2026-07-06 19:20:35] Marked situation: [0, 0, 0, 0, 0, 0, 0]
[2026-07-06 19:20:35] have_double_effect_times: 0 , is_activating_double_effect: 0 , already_activate_double_effect_times: 0
[2026-07-06 19:20:35] Sent map info: [[4.86, 11.92], [7.49962043762207, 7.840500354766846], [2.39681, 2.36], [13.234394073486328, 6.4149556159973145], [0.5, 14.5], [7.225030899047852, 5.107919216156006], [19.555527687072754, 8.528818130493164], [20.872931480407715, 11.148447036743164], [12.943510055541992, 8.89255142211914], [14.245431900024414, 10.94127082824707], [27.5, 0.5], [11.672382354736328, 9.338467597961426]]
[2026-07-06 19:20:35] Sent map infos: [[4.86, 11.92], [7.49962043762207, 7.840500354766846], [2.39681, 2.36], [13.234394073486328, 6.4149556159973145], [0.5, 14.5], [7.225030899047852, 5.107919216156006], [19.555527687072754, 8.528818130493164], [20.872931480407715, 11.148447036743164], [12.943510055541992, 8.89255142211914], [14.245431900024414, 10.94127082824707], [27.5, 0.5], [11.672382354736328, 9.338467597961426]]
[2026-07-06 19:20:35] Marked situation: [0, 0, 0, 0, 0, 0, 0]
[2026-07-06 19:20:35] have_double_effect_times: 0 , is_activating_double_effect: 0 , already_activate_double_effect_times: 0
[2026-07-06 19:20:35] Marked situation: [0, 0, 0, 0, 0, 0, 0]
[2026-07-06 19:20:35] have_double_effect_times: 0 , is_activating_double_effect: 0 , already_activate_double_effect_times: 0
[2026-07-06 19:20:35] Sent map info: [[4.86, 11.92], [7.464719772338867, 7.891664028167725], [2.39681, 2.36], [12.929218292236328, 6.458413600921631], [0.5, 14.5], [7.246479034423828, 5.116336345672607], [19.555527687072754, 8.528818130493164], [20.872931480407715, 11.148447036743164], [12.638572692871094, 9.912727355957031], [14.245431900024414, 10.94127082824707], [27.5, 0.5], [11.87337875366211, 8.968021392822266]]
[2026-07-06 19:20:35] Sent map infos: [[4.86, 11.92], [7.464719772338867, 7.891664028167725], [2.39681, 2.36], [12.929218292236328, 6.458413600921631], [0.5, 14.5], [7.246479034423828, 5.116336345672607], [19.555527687072754, 8.528818130493164], [20.872931480407715, 11.148447036743164], [12.638572692871094, 9.912727355957031], [14.245431900024414, 10.94127082824707], [27.5, 0.5], [11.87337875366211, 8.968021392822266]]
[2026-07-06 19:20:36] Marked situation: [0, 0, 0, 0, 0, 0, 0]
[2026-07-06 19:20:36] have_double_effect_times: 0 , is_activating_double_effect: 0 , already_activate_double_effect_times: 0
[2026-07-06 19:20:36] Marked situation: [0, 0, 0, 0, 0, 0, 0]
[2026-07-06 19:20:36] have_double_effect_times: 0 , is_activating_double_effect: 0 , already_activate_double_effect_times: 0
[2026-07-06 19:20:36] Sent map info: [[4.86, 11.92], [7.219415664672852, 7.80129337310791], [2.39681, 2.36], [11.738792419433594, 7.425971984863281], [0.5, 14.5], [7.178009033203125, 5.097900390625], [19.555527687072754, 8.528818130493164], [20.872931480407715, 11.148447036743164], [13.265210151672363, 11.54577922821045], [14.245431900024414, 10.94127082824707], [27.5, 0.5], [12.065581321716309, 8.65064525604248]]
[2026-07-06 19:20:36] Sent map infos: [[4.86, 11.92], [7.219415664672852, 7.80129337310791], [2.39681, 2.36], [11.738792419433594, 7.425971984863281], [0.5, 14.5], [7.178009033203125, 5.097900390625], [19.555527687072754, 8.528818130493164], [20.872931480407715, 11.148447036743164], [13.265210151672363, 11.54577922821045], [14.245431900024414, 10.94127082824707], [27.5, 0.5], [12.065581321716309, 8.65064525604248]]
[2026-07-06 19:20:36] Marked situation: [0, 0, 0, 0, 0, 0, 0]
[2026-07-06 19:20:36] have_double_effect_times: 0 , is_activating_double_effect: 0 , already_activate_double_effect_times: 0
[2026-07-06 19:20:36] Marked situation: [0, 0, 0, 0, 0, 0, 0]
[2026-07-06 19:20:36] have_double_effect_times: 0 , is_activating_double_effect: 0 , already_activate_double_effect_times: 0
[2026-07-06 19:20:36] Sent map info: [[4.86, 11.92], [7.164464950561523, 7.801000118255615], [2.39681, 2.36], [11.967453002929688, 7.7321648597717285], [0.5, 14.5], [7.1923065185546875, 5.117705821990967], [19.555527687072754, 8.528818130493164], [20.872931480407715, 11.148447036743164], [14.767328262329102, 12.191530227661133], [14.245431900024414, 10.94127082824707], [27.5, 0.5], [12.34550666809082, 8.36331558227539]]
[2026-07-06 19:20:36] Sent map infos: [[4.86, 11.92], [7.164464950561523, 7.801000118255615], [2.39681, 2.36], [11.967453002929688, 7.7321648597717285], [0.5, 14.5], [7.1923065185546875, 5.117705821990967], [19.555527687072754, 8.528818130493164], [20.872931480407715, 11.148447036743164], [14.767328262329102, 12.191530227661133], [14.245431900024414, 10.94127082824707], [27.5, 0.5], [12.34550666809082, 8.36331558227539]]
[2026-07-06 19:20:36] Marked situation: [0, 0, 0, 0, 0, 0, 0]
[2026-07-06 19:20:36] have_double_effect_times: 0 , is_activating_double_effect: 0 , already_activate_double_effect_times: 0
[2026-07-06 19:20:37] Marked situation: [0, 0, 0, 0, 0, 0, 0]
[2026-07-06 19:20:37] have_double_effect_times: 0 , is_activating_double_effect: 0 , already_activate_double_effect_times: 0
[2026-07-06 19:20:37] Sent map info: [[0.7177410125732422, 9.24422550201416], [7.145345687866211, 7.8294854164123535], [2.39681, 2.36], [12.176212310791016, 7.201472759246826], [0.5, 14.5], [7.167263031005859, 5.1152119636535645], [19.555527687072754, 8.528818130493164], [20.872931480407715, 11.148447036743164], [16.90659236907959, 12.427583694458008], [14.245431900024414, 10.94127082824707], [27.5, 0.5], [12.495129585266113, 8.27677059173584]]
[2026-07-06 19:20:37] Sent map infos: [[0.7177410125732422, 9.24422550201416], [7.145345687866211, 7.8294854164123535], [2.39681, 2.36], [12.176212310791016, 7.201472759246826], [0.5, 14.5], [7.167263031005859, 5.1152119636535645], [19.555527687072754, 8.528818130493164], [20.872931480407715, 11.148447036743164], [16.90659236907959, 12.427583694458008], [14.245431900024414, 10.94127082824707], [27.5, 0.5], [12.495129585266113, 8.27677059173584]]
[2026-07-06 19:20:37] Marked situation: [0, 0, 0, 0, 0, 0, 0]
[2026-07-06 19:20:37] have_double_effect_times: 0 , is_activating_double_effect: 0 , already_activate_double_effect_times: 0
[2026-07-06 19:20:37] Marked situation: [0, 0, 0, 0, 0, 0, 0]
[2026-07-06 19:20:37] have_double_effect_times: 0 , is_activating_double_effect: 0 , already_activate_double_effect_times: 0
[2026-07-06 19:20:37] Sent map info: [[3.555246353149414, 9.958632469177246], [7.180147171020508, 7.77763557434082], [2.39681, 2.36], [11.634057998657227, 7.3307013511657715], [0.5, 14.5], [6.84039306640625, 5.091150283813477], [19.555527687072754, 8.528818130493164], [20.872931480407715, 11.148447036743164], [18.92727565765381, 12.2177734375], [14.245431900024414, 10.94127082824707], [27.5, 0.5], [12.548978805541992, 8.349599838256836]]
[2026-07-06 19:20:37] Sent map infos: [[3.555246353149414, 9.958632469177246], [7.180147171020508, 7.77763557434082], [2.39681, 2.36], [11.634057998657227, 7.3307013511657715], [0.5, 14.5], [6.84039306640625, 5.091150283813477], [19.555527687072754, 8.528818130493164], [20.872931480407715, 11.148447036743164], [18.92727565765381, 12.2177734375], [14.245431900024414, 10.94127082824707], [27.5, 0.5], [12.548978805541992, 8.349599838256836]]
[2026-07-06 19:20:37] Marked situation: [0, 0, 0, 0, 0, 0, 0]
[2026-07-06 19:20:37] have_double_effect_times: 0 , is_activating_double_effect: 0 , already_activate_double_effect_times: 0
[2026-07-06 19:20:37] Marked situation: [0, 0, 0, 0, 0, 0, 0]
[2026-07-06 19:20:37] have_double_effect_times: 0 , is_activating_double_effect: 0 , already_activate_double_effect_times: 0
[2026-07-06 19:20:37] Sent map info: [[6.268898010253906, 10.1882963180542], [7.1524505615234375, 7.777901649475098], [2.39681, 2.36], [12.217913627624512, 7.011989593505859], [0.5, 14.5], [5.1781768798828125, 4.827770709991455], [19.555527687072754, 8.528818130493164], [20.872931480407715, 11.148447036743164], [19.21237277984619, 12.175554275512695], [19.783577919006348, 11.948598861694336], [27.5, 0.5], [12.683793067932129, 8.464410781860352]]
[2026-07-06 19:20:37] Sent map infos: [[6.268898010253906, 10.1882963180542], [7.1524505615234375, 7.777901649475098], [2.39681, 2.36], [12.217913627624512, 7.011989593505859], [0.5, 14.5], [5.1781768798828125, 4.827770709991455], [19.555527687072754, 8.528818130493164], [20.872931480407715, 11.148447036743164], [19.21237277984619, 12.175554275512695], [19.783577919006348, 11.948598861694336], [27.5, 0.5], [12.683793067932129, 8.464410781860352]]
[2026-07-06 19:20:38] Marked situation: [0, 0, 0, 0, 0, 0, 0]
[2026-07-06 19:20:38] have_double_effect_times: 0 , is_activating_double_effect: 0 , already_activate_double_effect_times: 0
[2026-07-06 19:20:38] Marked situation: [0, 0, 0, 0, 0, 0, 0]
[2026-07-06 19:20:38] have_double_effect_times: 0 , is_activating_double_effect: 0 , already_activate_double_effect_times: 0
[2026-07-06 19:20:38] Sent map info: [[7.468086242675781, 10.11319637298584], [7.156301498413086, 7.77215576171875], [2.39681, 2.36], [12.078968048095703, 6.909358501434326], [0.5, 14.5], [3.1366119384765625, 4.500854969024658], [19.555527687072754, 8.528818130493164], [20.791861057281494, 10.439565658569336], [19.21237277984619, 12.175554275512695], [20.90592050552368, 10.81065845489502], [27.5, 0.5], [12.643054008483887, 8.466537475585938]]
[2026-07-06 19:20:38] Sent map infos: [[7.468086242675781, 10.11319637298584], [7.156301498413086, 7.77215576171875], [2.39681, 2.36], [12.078968048095703, 6.909358501434326], [0.5, 14.5], [3.1366119384765625, 4.500854969024658], [19.555527687072754, 8.528818130493164], [20.791861057281494, 10.439565658569336], [19.21237277984619, 12.175554275512695], [20.90592050552368, 10.81065845489502], [27.5, 0.5], [12.643054008483887, 8.466537475585938]]
[2026-07-06 19:20:38] Marked situation: [0, 0, 0, 0, 0, 0, 0]
[2026-07-06 19:20:38] have_double_effect_times: 0 , is_activating_double_effect: 0 , already_activate_double_effect_times: 0
[2026-07-06 19:20:38] Marked situation: [0, 0, 0, 0, 0, 0, 0]
[2026-07-06 19:20:38] have_double_effect_times: 0 , is_activating_double_effect: 0 , already_activate_double_effect_times: 0
[2026-07-06 19:20:38] Sent map info: [[7.414417266845703, 10.107161521911621], [7.807125091552734, 7.681912899017334], [2.39681, 2.36], [12.336630821228027, 6.4939093589782715], [0.5, 14.5], [2.539243698120117, 4.367166996002197], [19.555527687072754, 8.528818130493164], [20.791861057281494, 10.439565658569336], [19.21237277984619, 12.175554275512695], [20.90592050552368, 10.81065845489502], [27.5, 0.5], [12.665950775146484, 8.485258102416992]]
[2026-07-06 19:20:38] Sent map infos: [[7.414417266845703, 10.107161521911621], [7.807125091552734, 7.681912899017334], [2.39681, 2.36], [12.336630821228027, 6.4939093589782715], [0.5, 14.5], [2.539243698120117, 4.367166996002197], [19.555527687072754, 8.528818130493164], [20.791861057281494, 10.439565658569336], [19.21237277984619, 12.175554275512695], [20.90592050552368, 10.81065845489502], [27.5, 0.5], [12.665950775146484, 8.485258102416992]]
[2026-07-06 19:20:38] Marked situation: [0, 0, 0, 0, 0, 0, 0]
[2026-07-06 19:20:38] have_double_effect_times: 0 , is_activating_double_effect: 0 , already_activate_double_effect_times: 0
[2026-07-06 19:20:39] Marked situation: [0, 0, 0, 0, 0, 0, 0]
[2026-07-06 19:20:39] have_double_effect_times: 0 , is_activating_double_effect: 0 , already_activate_double_effect_times: 0
[2026-07-06 19:20:39] Sent map info: [[7.419765472412109, 10.099832534790039], [8.107034683227539, 7.540799140930176], [2.39681, 2.36], [13.12976360321045, 5.927111625671387], [0.5, 14.5], [2.539243698120117, 4.367166996002197], [19.555527687072754, 8.528818130493164], [20.791861057281494, 10.439565658569336], [19.21237277984619, 12.175554275512695], [20.90592050552368, 10.81065845489502], [27.5, 0.5], [12.669035911560059, 8.48165225982666]]
[2026-07-06 19:20:39] Sent map infos: [[7.419765472412109, 10.099832534790039], [8.107034683227539, 7.540799140930176], [2.39681, 2.36], [13.12976360321045, 5.927111625671387], [0.5, 14.5], [2.539243698120117, 4.367166996002197], [19.555527687072754, 8.528818130493164], [20.791861057281494, 10.439565658569336], [19.21237277984619, 12.175554275512695], [20.90592050552368, 10.81065845489502], [27.5, 0.5], [12.669035911560059, 8.48165225982666]]
[2026-07-06 19:20:39] Marked situation: [0, 0, 0, 0, 0, 0, 0]
[2026-07-06 19:20:39] have_double_effect_times: 0 , is_activating_double_effect: 0 , already_activate_double_effect_times: 0
[2026-07-06 19:20:39] Marked situation: [0, 0, 0, 0, 0, 0, 0]
[2026-07-06 19:20:39] have_double_effect_times: 0 , is_activating_double_effect: 0 , already_activate_double_effect_times: 0
[2026-07-06 19:20:39] Sent map info: [[7.390756607055664, 10.099892616271973], [8.204460144042969, 7.568969249725342], [2.39681, 2.36], [15.404993057250977, 5.084644794464111], [0.5, 14.5], [2.539243698120117, 4.367166996002197], [19.555527687072754, 8.528818130493164], [20.791861057281494, 10.439565658569336], [19.21237277984619, 12.175554275512695], [20.50048303604126, 6.95037317276001], [27.5, 0.5], [12.668024063110352, 8.48283576965332]]
[2026-07-06 19:20:39] Sent map infos: [[7.390756607055664, 10.099892616271973], [8.204460144042969, 7.568969249725342], [2.39681, 2.36], [15.404993057250977, 5.084644794464111], [0.5, 14.5], [2.539243698120117, 4.367166996002197], [19.555527687072754, 8.528818130493164], [20.791861057281494, 10.439565658569336], [19.21237277984619, 12.175554275512695], [20.50048303604126, 6.95037317276001], [27.5, 0.5], [12.668024063110352, 8.48283576965332]]
[2026-07-06 19:20:39] Marked situation: [0, 0, 0, 0, 0, 0, 0]
[2026-07-06 19:20:39] have_double_effect_times: 0 , is_activating_double_effect: 0 , already_activate_double_effect_times: 0
[2026-07-06 19:20:39] Marked situation: [0, 0, 0, 0, 0, 0, 0]
[2026-07-06 19:20:39] have_double_effect_times: 0 , is_activating_double_effect: 0 , already_activate_double_effect_times: 0
[2026-07-06 19:20:39] Sent map info: [[7.415910720825195, 10.105113983154297], [8.285564422607422, 7.537118434906006], [2.39681, 2.36], [16.367008209228516, 3.7471256256103516], [0.5, 14.5], [2.39681, 2.36], [19.555527687072754, 8.528818130493164], [22.826545238494873, 6.0970258712768555], [19.21237277984619, 12.175554275512695], [20.736231803894043, 6.941719055175781], [27.5, 0.5], [12.670652389526367, 8.479763984680176]]
[2026-07-06 19:20:39] Sent map infos: [[7.415910720825195, 10.105113983154297], [8.285564422607422, 7.537118434906006], [2.39681, 2.36], [16.367008209228516, 3.7471256256103516], [0.5, 14.5], [2.39681, 2.36], [19.555527687072754, 8.528818130493164], [22.826545238494873, 6.0970258712768555], [19.21237277984619, 12.175554275512695], [20.736231803894043, 6.941719055175781], [27.5, 0.5], [12.670652389526367, 8.479763984680176]]
[2026-07-06 19:20:40] Marked situation: [0, 0, 0, 0, 0, 0, 0]
[2026-07-06 19:20:40] have_double_effect_times: 0 , is_activating_double_effect: 0 , already_activate_double_effect_times: 0
[2026-07-06 19:20:40] Marked situation: [0, 0, 0, 0, 0, 0, 0]
[2026-07-06 19:20:40] have_double_effect_times: 0 , is_activating_double_effect: 0 , already_activate_double_effect_times: 0
[2026-07-06 19:20:40] Sent map info: [[7.448200225830078, 10.100634574890137], [8.960210800170898, 7.648555755615234], [2.39681, 2.36], [16.44608497619629, 3.601689338684082], [0.5, 14.5], [2.39681, 2.36], [19.555527687072754, 8.528818130493164], [22.826545238494873, 6.0970258712768555], [19.21237277984619, 12.175554275512695], [20.477604866027832, 6.9721879959106445], [27.5, 0.5], [12.70052433013916, 8.490399360656738]]
[2026-07-06 19:20:40] Sent map infos: [[7.448200225830078, 10.100634574890137], [8.960210800170898, 7.648555755615234], [2.39681, 2.36], [16.44608497619629, 3.601689338684082], [0.5, 14.5], [2.39681, 2.36], [19.555527687072754, 8.528818130493164], [22.826545238494873, 6.0970258712768555], [19.21237277984619, 12.175554275512695], [20.477604866027832, 6.9721879959106445], [27.5, 0.5], [12.70052433013916, 8.490399360656738]]
[2026-07-06 19:20:40] Marked situation: [0, 0, 0, 0, 0, 0, 0]
[2026-07-06 19:20:40] have_double_effect_times: 0 , is_activating_double_effect: 0 , already_activate_double_effect_times: 0
[2026-07-06 19:20:40] Marked situation: [0, 0, 0, 0, 0, 0, 0]
[2026-07-06 19:20:40] have_double_effect_times: 0 , is_activating_double_effect: 0 , already_activate_double_effect_times: 0
[2026-07-06 19:20:40] Sent map info: [[7.480258941650391, 10.09656047821045], [9.51309585571289, 7.793957710266113], [2.39681, 2.36], [15.74455738067627, 1.5859845876693726], [0.5, 14.5], [2.39681, 2.36], [19.555527687072754, 8.528818130493164], [22.826545238494873, 6.0970258712768555], [19.21237277984619, 12.175554275512695], [20.42290687561035, 6.970703601837158], [27.5, 0.5], [12.700140953063965, 8.490846633911133]]
[2026-07-06 19:20:40] Sent map infos: [[7.480258941650391, 10.09656047821045], [9.51309585571289, 7.793957710266113], [2.39681, 2.36], [15.74455738067627, 1.5859845876693726], [0.5, 14.5], [2.39681, 2.36], [19.555527687072754, 8.528818130493164], [22.826545238494873, 6.0970258712768555], [19.21237277984619, 12.175554275512695], [20.42290687561035, 6.970703601837158], [27.5, 0.5], [12.700140953063965, 8.490846633911133]]
[2026-07-06 19:20:40] Marked situation: [0, 0, 0, 0, 0, 0, 0]
[2026-07-06 19:20:40] have_double_effect_times: 0 , is_activating_double_effect: 0 , already_activate_double_effect_times: 0
[2026-07-06 19:20:41] Marked situation: [0, 0, 0, 0, 0, 0, 0]
[2026-07-06 19:20:41] have_double_effect_times: 0 , is_activating_double_effect: 0 , already_activate_double_effect_times: 0
[2026-07-06 19:20:41] Sent map info: [[7.451389312744141, 10.096270561218262], [9.856645584106445, 7.766557216644287], [2.39681, 2.36], [15.239420890808105, 0], [0.5, 14.5], [2.39681, 2.36], [19.555527687072754, 8.528818130493164], [22.826545238494873, 6.0970258712768555], [19.21237277984619, 12.175554275512695], [20.442184448242188, 6.952292442321777], [27.5, 0.5], [12.79694938659668, 8.514815330505371]]
[2026-07-06 19:20:41] Sent map infos: [[7.451389312744141, 10.096270561218262], [9.856645584106445, 7.766557216644287], [2.39681, 2.36], [15.239420890808105, 0], [0.5, 14.5], [2.39681, 2.36], [19.555527687072754, 8.528818130493164], [22.826545238494873, 6.0970258712768555], [19.21237277984619, 12.175554275512695], [20.442184448242188, 6.952292442321777], [27.5, 0.5], [12.79694938659668, 8.514815330505371]]
[2026-07-06 19:20:41] Marked situation: [0, 0, 0, 0, 0, 0, 0]
[2026-07-06 19:20:41] have_double_effect_times: 0 , is_activating_double_effect: 0 , already_activate_double_effect_times: 0
[2026-07-06 19:20:41] Marked situation: [0, 0, 0, 0, 0, 0, 0]
[2026-07-06 19:20:41] have_double_effect_times: 0 , is_activating_double_effect: 0 , already_activate_double_effect_times: 0
[2026-07-06 19:20:41] Sent map info: [[7.448688507080078, 10.099966049194336], [10.343183517456055, 7.7802605628967285], [2.39681, 2.36], [13.913087844848633, 0], [0.5, 14.5], [2.39681, 2.36], [19.555527687072754, 8.528818130493164], [22.826545238494873, 6.0970258712768555], [19.21237277984619, 12.175554275512695], [20.43253993988037, 6.961503505706787], [27.5, 0.5], [12.7632417678833, 8.508421897888184]]
[2026-07-06 19:20:41] Sent map infos: [[7.448688507080078, 10.099966049194336], [10.343183517456055, 7.7802605628967285], [2.39681, 2.36], [13.913087844848633, 0], [0.5, 14.5], [2.39681, 2.36], [19.555527687072754, 8.528818130493164], [22.826545238494873, 6.0970258712768555], [19.21237277984619, 12.175554275512695], [20.43253993988037, 6.961503505706787], [27.5, 0.5], [12.7632417678833, 8.508421897888184]]
[2026-07-06 19:20:41] Marked situation: [0, 0, 0, 0, 0, 0, 0]
[2026-07-06 19:20:41] have_double_effect_times: 0 , is_activating_double_effect: 0 , already_activate_double_effect_times: 0
[2026-07-06 19:20:41] Marked situation: [0, 0, 0, 0, 0, 0, 0]
[2026-07-06 19:20:41] have_double_effect_times: 0 , is_activating_double_effect: 0 , already_activate_double_effect_times: 0
[2026-07-06 19:20:41] Sent map info: [[7.45298957824707, 10.094080924987793], [11.154024124145508, 7.845203399658203], [2.39681, 2.36], [12.386678695678711, 0], [0.5, 14.5], [2.39681, 2.36], [19.555527687072754, 8.528818130493164], [22.826545238494873, 6.0970258712768555], [19.21237277984619, 12.175554275512695], [20.438755989074707, 6.955566883087158], [27.5, 0.5], [12.7632417678833, 8.508421897888184]]
[2026-07-06 19:20:41] Sent map infos: [[7.45298957824707, 10.094080924987793], [11.154024124145508, 7.845203399658203], [2.39681, 2.36], [12.386678695678711, 0], [0.5, 14.5], [2.39681, 2.36], [19.555527687072754, 8.528818130493164], [22.826545238494873, 6.0970258712768555], [19.21237277984619, 12.175554275512695], [20.438755989074707, 6.955566883087158], [27.5, 0.5], [12.7632417678833, 8.508421897888184]]
[2026-07-06 19:20:42] Marked situation: [0, 0, 0, 0, 0, 0, 0]
[2026-07-06 19:20:42] have_double_effect_times: 0 , is_activating_double_effect: 0 , already_activate_double_effect_times: 0
[2026-07-06 19:20:42] Marked situation: [0, 0, 0, 0, 0, 0, 0]
[2026-07-06 19:20:42] have_double_effect_times: 0 , is_activating_double_effect: 0 , already_activate_double_effect_times: 0
[2026-07-06 19:20:42] Sent map info: [[7.475278854370117, 10.103367805480957], [10.91140365600586, 7.841612339019775], [2.39681, 2.36], [13.422533988952637, 0], [0.5, 14.5], [2.39681, 2.36], [19.555527687072754, 8.528818130493164], [22.826545238494873, 6.0970258712768555], [19.21237277984619, 12.175554275512695], [20.396689891815186, 6.942108154296875], [27.5, 0.5], [12.7632417678833, 8.508421897888184]]
[2026-07-06 19:20:42] Sent map infos: [[7.475278854370117, 10.103367805480957], [10.91140365600586, 7.841612339019775], [2.39681, 2.36], [13.422533988952637, 0], [0.5, 14.5], [2.39681, 2.36], [19.555527687072754, 8.528818130493164], [22.826545238494873, 6.0970258712768555], [19.21237277984619, 12.175554275512695], [20.396689891815186, 6.942108154296875], [27.5, 0.5], [12.7632417678833, 8.508421897888184]]
[2026-07-06 19:20:42] Marked situation: [0, 0, 0, 0, 0, 0, 0]
[2026-07-06 19:20:42] have_double_effect_times: 0 , is_activating_double_effect: 0 , already_activate_double_effect_times: 0
[2026-07-06 19:20:42] Marked situation: [0, 0, 0, 0, 0, 0, 0]
[2026-07-06 19:20:42] have_double_effect_times: 0 , is_activating_double_effect: 0 , already_activate_double_effect_times: 0
[2026-07-06 19:20:42] Sent map info: [[7.451694488525391, 10.095854759216309], [12.565783500671387, 7.689983367919922], [2.39681, 2.36], [15.117691040039062, 0], [0.5, 14.5], [2.39681, 2.36], [19.555527687072754, 8.528818130493164], [22.826545238494873, 6.0970258712768555], [19.21237277984619, 12.175554275512695], [20.467241287231445, 6.928361892700195], [27.5, 0.5], [12.7632417678833, 8.508421897888184]]
[2026-07-06 19:20:42] Sent map infos: [[7.451694488525391, 10.095854759216309], [12.565783500671387, 7.689983367919922], [2.39681, 2.36], [15.117691040039062, 0], [0.5, 14.5], [2.39681, 2.36], [19.555527687072754, 8.528818130493164], [22.826545238494873, 6.0970258712768555], [19.21237277984619, 12.175554275512695], [20.467241287231445, 6.928361892700195], [27.5, 0.5], [12.7632417678833, 8.508421897888184]]
[2026-07-06 19:20:42] Marked situation: [0, 0, 0, 0, 0, 0, 0]
[2026-07-06 19:20:42] have_double_effect_times: 0 , is_activating_double_effect: 0 , already_activate_double_effect_times: 0
[2026-07-06 19:20:43] Marked situation: [0, 0, 0, 0, 0, 0, 0]
[2026-07-06 19:20:43] have_double_effect_times: 0 , is_activating_double_effect: 0 , already_activate_double_effect_times: 0
[2026-07-06 19:20:43] Sent map info: [[7.447652816772461, 10.101385116577148], [13.204032897949219, 7.67079496383667], [2.39681, 2.36], [15.800566673278809, 0.3994421660900116], [0.5, 14.5], [2.39681, 2.36], [19.555527687072754, 8.528818130493164], [22.826545238494873, 6.0970258712768555], [19.21237277984619, 12.175554275512695], [20.503063678741455, 6.947912216186523], [27.5, 0.5], [12.7632417678833, 8.508421897888184]]
[2026-07-06 19:20:43] Sent map infos: [[7.447652816772461, 10.101385116577148], [13.204032897949219, 7.67079496383667], [2.39681, 2.36], [15.800566673278809, 0.3994421660900116], [0.5, 14.5], [2.39681, 2.36], [19.555527687072754, 8.528818130493164], [22.826545238494873, 6.0970258712768555], [19.21237277984619, 12.175554275512695], [20.503063678741455, 6.947912216186523], [27.5, 0.5], [12.7632417678833, 8.508421897888184]]
[2026-07-06 19:20:43] Marked situation: [0, 0, 0, 0, 0, 0, 0]
[2026-07-06 19:20:43] have_double_effect_times: 0 , is_activating_double_effect: 0 , already_activate_double_effect_times: 0
[2026-07-06 19:20:43] Marked situation: [0, 0, 0, 0, 0, 0, 0]
[2026-07-06 19:20:43] have_double_effect_times: 0 , is_activating_double_effect: 0 , already_activate_double_effect_times: 0
[2026-07-06 19:20:43] Sent map info: [[7.47395133972168, 10.105180740356445], [13.690095901489258, 7.899529933929443], [2.39681, 2.36], [15.610472679138184, 1.019935965538025], [0.5, 14.5], [1.2403278350830078, 4.39479398727417], [19.555527687072754, 8.528818130493164], [22.826545238494873, 6.0970258712768555], [19.21237277984619, 12.175554275512695], [20.450376987457275, 6.944468021392822], [27.5, 0.5], [12.7632417678833, 8.508421897888184]]
[2026-07-06 19:20:43] Sent map infos: [[7.47395133972168, 10.105180740356445], [13.690095901489258, 7.899529933929443], [2.39681, 2.36], [15.610472679138184, 1.019935965538025], [0.5, 14.5], [1.2403278350830078, 4.39479398727417], [19.555527687072754, 8.528818130493164], [22.826545238494873, 6.0970258712768555], [19.21237277984619, 12.175554275512695], [20.450376987457275, 6.944468021392822], [27.5, 0.5], [12.7632417678833, 8.508421897888184]]
[2026-07-06 19:20:43] Marked situation: [0, 0, 0, 0, 0, 0, 0]
[2026-07-06 19:20:43] have_double_effect_times: 0 , is_activating_double_effect: 0 , already_activate_double_effect_times: 0
[2026-07-06 19:20:43] Marked situation: [0, 0, 0, 0, 0, 0, 0]
[2026-07-06 19:20:43] have_double_effect_times: 0 , is_activating_double_effect: 0 , already_activate_double_effect_times: 0
[2026-07-06 19:20:43] Sent map info: [[7.453380584716797, 10.093546867370605], [13.680058479309082, 7.864243507385254], [2.39681, 2.36], [16.620668411254883, 1.7578436136245728], [0.5, 14.5], [4.788463592529297, 4.911711692810059], [19.555527687072754, 8.528818130493164], [22.826545238494873, 6.0970258712768555], [19.21237277984619, 12.175554275512695], [20.45180082321167, 6.943108081817627], [27.5, 0.5], [12.7632417678833, 8.508421897888184]]
[2026-07-06 19:20:43] Sent map infos: [[7.453380584716797, 10.093546867370605], [13.680058479309082, 7.864243507385254], [2.39681, 2.36], [16.620668411254883, 1.7578436136245728], [0.5, 14.5], [4.788463592529297, 4.911711692810059], [19.555527687072754, 8.528818130493164], [22.826545238494873, 6.0970258712768555], [19.21237277984619, 12.175554275512695], [20.45180082321167, 6.943108081817627], [27.5, 0.5], [12.7632417678833, 8.508421897888184]]
[2026-07-06 19:20:44] Marked situation: [0, 0, 0, 0, 0, 0, 0]
[2026-07-06 19:20:44] have_double_effect_times: 0 , is_activating_double_effect: 0 , already_activate_double_effect_times: 0
[2026-07-06 19:20:44] Marked situation: [0, 0, 0, 0, 0, 0, 0]
[2026-07-06 19:20:44] have_double_effect_times: 0 , is_activating_double_effect: 0 , already_activate_double_effect_times: 0
[2026-07-06 19:20:44] Sent map info: [[7.472393035888672, 10.10731029510498], [14.179180145263672, 7.576144695281982], [2.39681, 2.36], [16.600345611572266, 2.2612667083740234], [0.5, 14.5], [6.979707717895508, 5.0342230796813965], [19.555527687072754, 8.528818130493164], [22.826545238494873, 6.0970258712768555], [19.21237277984619, 12.175554275512695], [20.5120210647583, 6.939371109008789], [27.5, 0.5], [12.7632417678833, 8.508421897888184]]
[2026-07-06 19:20:44] Sent map infos: [[7.472393035888672, 10.10731029510498], [14.179180145263672, 7.576144695281982], [2.39681, 2.36], [16.600345611572266, 2.2612667083740234], [0.5, 14.5], [6.979707717895508, 5.0342230796813965], [19.555527687072754, 8.528818130493164], [22.826545238494873, 6.0970258712768555], [19.21237277984619, 12.175554275512695], [20.5120210647583, 6.939371109008789], [27.5, 0.5], [12.7632417678833, 8.508421897888184]]
[2026-07-06 19:20:44] Marked situation: [0, 0, 0, 0, 0, 0, 0]
[2026-07-06 19:20:44] have_double_effect_times: 0 , is_activating_double_effect: 0 , already_activate_double_effect_times: 0
[2026-07-06 19:20:44] Marked situation: [0, 0, 0, 0, 0, 0, 0]
[2026-07-06 19:20:44] have_double_effect_times: 0 , is_activating_double_effect: 0 , already_activate_double_effect_times: 0
[2026-07-06 19:20:44] Sent map info: [[7.448760986328125, 10.099868774414062], [13.949935913085938, 7.7430195808410645], [2.39681, 2.36], [17.10158348083496, 2.719787120819092], [0.5, 14.5], [7.070123672485352, 4.9726738929748535], [19.555527687072754, 8.528818130493164], [22.826545238494873, 6.0970258712768555], [19.21237277984619, 12.175554275512695], [20.50317621231079, 6.947804927825928], [27.5, 0.5], [12.7632417678833, 8.508421897888184]]
[2026-07-06 19:20:44] Sent map infos: [[7.448760986328125, 10.099868774414062], [13.949935913085938, 7.7430195808410645], [2.39681, 2.36], [17.10158348083496, 2.719787120819092], [0.5, 14.5], [7.070123672485352, 4.9726738929748535], [19.555527687072754, 8.528818130493164], [22.826545238494873, 6.0970258712768555], [19.21237277984619, 12.175554275512695], [20.50317621231079, 6.947804927825928], [27.5, 0.5], [12.7632417678833, 8.508421897888184]]
[2026-07-06 19:20:44] Marked situation: [0, 0, 0, 0, 0, 0, 0]
[2026-07-06 19:20:44] have_double_effect_times: 0 , is_activating_double_effect: 0 , already_activate_double_effect_times: 0
[2026-07-06 19:20:45] Marked situation: [0, 0, 0, 0, 0, 0, 0]
[2026-07-06 19:20:45] have_double_effect_times: 0 , is_activating_double_effect: 0 , already_activate_double_effect_times: 0
[2026-07-06 19:20:45] Sent map info: [[7.452093124389648, 10.095307350158691], [14.104442596435547, 7.661265850067139], [2.39681, 2.36], [16.89543628692627, 4.014305591583252], [0.5, 14.5], [7.084527969360352, 4.992105484008789], [19.555527687072754, 8.528818130493164], [22.826545238494873, 6.0970258712768555], [19.21237277984619, 12.175554275512695], [20.432842254638672, 6.961214542388916], [27.5, 0.5], [12.7632417678833, 8.508421897888184]]
[2026-07-06 19:20:45] Sent map infos: [[7.452093124389648, 10.095307350158691], [14.104442596435547, 7.661265850067139], [2.39681, 2.36], [16.89543628692627, 4.014305591583252], [0.5, 14.5], [7.084527969360352, 4.992105484008789], [19.555527687072754, 8.528818130493164], [22.826545238494873, 6.0970258712768555], [19.21237277984619, 12.175554275512695], [20.432842254638672, 6.961214542388916], [27.5, 0.5], [12.7632417678833, 8.508421897888184]]
[2026-07-06 19:20:45] Marked situation: [0, 0, 0, 0, 0, 0, 0]
[2026-07-06 19:20:45] have_double_effect_times: 0 , is_activating_double_effect: 0 , already_activate_double_effect_times: 0
[2026-07-06 19:20:45] Marked situation: [0, 0, 0, 0, 0, 0, 0]
[2026-07-06 19:20:45] have_double_effect_times: 0 , is_activating_double_effect: 0 , already_activate_double_effect_times: 0
[2026-07-06 19:20:45] Sent map info: [[7.451930999755859, 10.095529556274414], [14.178803443908691, 7.671421527862549], [2.39681, 2.36], [16.41823387145996, 5.230162620544434], [0.5, 14.5], [6.991594314575195, 4.972126007080078], [19.555527687072754, 8.528818130493164], [22.826545238494873, 6.0970258712768555], [19.21237277984619, 12.175554275512695], [20.518879890441895, 6.932830810546875], [27.5, 0.5], [12.7632417678833, 8.508421897888184]]
[2026-07-06 19:20:45] Sent map infos: [[7.451930999755859, 10.095529556274414], [14.178803443908691, 7.671421527862549], [2.39681, 2.36], [16.41823387145996, 5.230162620544434], [0.5, 14.5], [6.991594314575195, 4.972126007080078], [19.555527687072754, 8.528818130493164], [22.826545238494873, 6.0970258712768555], [19.21237277984619, 12.175554275512695], [20.518879890441895, 6.932830810546875], [27.5, 0.5], [12.7632417678833, 8.508421897888184]]
[2026-07-06 19:20:45] Marked situation: [0, 0, 0, 0, 0, 0, 0]
[2026-07-06 19:20:45] have_double_effect_times: 0 , is_activating_double_effect: 0 , already_activate_double_effect_times: 0
[2026-07-06 19:20:45] Marked situation: [0, 0, 0, 0, 0, 0, 0]
[2026-07-06 19:20:45] have_double_effect_times: 0 , is_activating_double_effect: 0 , already_activate_double_effect_times: 0
[2026-07-06 19:20:45] Sent map info: [[7.450107574462891, 10.098024368286133], [13.940918922424316, 7.7533183097839355], [2.39681, 2.36], [16.920085906982422, 6.099480152130127], [0.5, 14.5], [7.011226654052734, 4.9828925132751465], [19.555527687072754, 8.528818130493164], [22.826545238494873, 6.0970258712768555], [19.21237277984619, 12.175554275512695], [20.500434398651123, 6.9504194259643555], [27.5, 0.5], [12.7632417678833, 8.508421897888184]]
[2026-07-06 19:20:45] Sent map infos: [[7.450107574462891, 10.098024368286133], [13.940918922424316, 7.7533183097839355], [2.39681, 2.36], [16.920085906982422, 6.099480152130127], [0.5, 14.5], [7.011226654052734, 4.9828925132751465], [19.555527687072754, 8.528818130493164], [22.826545238494873, 6.0970258712768555], [19.21237277984619, 12.175554275512695], [20.500434398651123, 6.9504194259643555], [27.5, 0.5], [12.7632417678833, 8.508421897888184]]
[2026-07-06 19:20:46] Marked situation: [0, 0, 0, 0, 0, 0, 0]
[2026-07-06 19:20:46] have_double_effect_times: 0 , is_activating_double_effect: 0 , already_activate_double_effect_times: 0
[2026-07-06 19:20:46] Marked situation: [0, 0, 0, 0, 0, 0, 0]
[2026-07-06 19:20:46] have_double_effect_times: 0 , is_activating_double_effect: 0 , already_activate_double_effect_times: 0
[2026-07-06 19:20:46] Sent map info: [[7.447858810424805, 10.101102828979492], [14.011983871459961, 7.766570568084717], [2.39681, 2.36], [18.43424129486084, 5.670856952667236], [0.5, 14.5], [7.007402420043945, 4.989121913909912], [19.555527687072754, 8.528818130493164], [22.826545238494873, 6.0970258712768555], [19.21237277984619, 12.175554275512695], [20.441078662872314, 6.953348636627197], [27.5, 0.5], [12.7632417678833, 8.508421897888184]]
[2026-07-06 19:20:46] Sent map infos: [[7.447858810424805, 10.101102828979492], [14.011983871459961, 7.766570568084717], [2.39681, 2.36], [18.43424129486084, 5.670856952667236], [0.5, 14.5], [7.007402420043945, 4.989121913909912], [19.555527687072754, 8.528818130493164], [22.826545238494873, 6.0970258712768555], [19.21237277984619, 12.175554275512695], [20.441078662872314, 6.953348636627197], [27.5, 0.5], [12.7632417678833, 8.508421897888184]]
[2026-07-06 19:20:46] Marked situation: [0, 0, 0, 0, 0, 0, 0]
[2026-07-06 19:20:46] have_double_effect_times: 0 , is_activating_double_effect: 0 , already_activate_double_effect_times: 0
[2026-07-06 19:20:46] Marked situation: [0, 0, 0, 0, 0, 0, 0]
[2026-07-06 19:20:46] have_double_effect_times: 0 , is_activating_double_effect: 0 , already_activate_double_effect_times: 0
[2026-07-06 19:20:46] Sent map info: [[7.448270797729492, 10.10053825378418], [14.001585960388184, 7.825562477111816], [2.39681, 2.36], [18.808984756469727, 5.70133638381958], [0.5, 14.5], [7.047574996948242, 5.009309768676758], [19.555527687072754, 8.528818130493164], [22.826545238494873, 6.0970258712768555], [19.21237277984619, 12.175554275512695], [20.44894790649414, 6.9458327293396], [27.5, 0.5], [12.7632417678833, 8.508421897888184]]
[2026-07-06 19:20:46] Sent map infos: [[7.448270797729492, 10.10053825378418], [14.001585960388184, 7.825562477111816], [2.39681, 2.36], [18.808984756469727, 5.70133638381958], [0.5, 14.5], [7.047574996948242, 5.009309768676758], [19.555527687072754, 8.528818130493164], [22.826545238494873, 6.0970258712768555], [19.21237277984619, 12.175554275512695], [20.44894790649414, 6.9458327293396], [27.5, 0.5], [12.7632417678833, 8.508421897888184]]
[2026-07-06 19:20:46] Marked situation: [0, 0, 0, 0, 0, 0, 0]
[2026-07-06 19:20:46] have_double_effect_times: 0 , is_activating_double_effect: 0 , already_activate_double_effect_times: 0
[2026-07-06 19:20:47] Marked situation: [0, 0, 0, 0, 0, 0, 0]
[2026-07-06 19:20:47] have_double_effect_times: 0 , is_activating_double_effect: 0 , already_activate_double_effect_times: 0
[2026-07-06 19:20:47] Sent map info: [[7.449945449829102, 10.098247528076172], [13.96545696258545, 7.725291728973389], [2.39681, 2.36], [18.920286178588867, 5.7978363037109375], [0.5, 14.5], [7.049856185913086, 5.0056023597717285], [19.555527687072754, 8.528818130493164], [21.82886552810669, 8.050759315490723], [19.21237277984619, 12.175554275512695], [20.444642066955566, 6.949945449829102], [27.5, 0.5], [12.7632417678833, 8.508421897888184]]
[2026-07-06 19:20:47] Sent map infos: [[7.449945449829102, 10.098247528076172], [13.96545696258545, 7.725291728973389], [2.39681, 2.36], [18.920286178588867, 5.7978363037109375], [0.5, 14.5], [7.049856185913086, 5.0056023597717285], [19.555527687072754, 8.528818130493164], [21.82886552810669, 8.050759315490723], [19.21237277984619, 12.175554275512695], [20.444642066955566, 6.949945449829102], [27.5, 0.5], [12.7632417678833, 8.508421897888184]]
[2026-07-06 19:20:47] Marked situation: [0, 0, 0, 0, 0, 0, 0]
[2026-07-06 19:20:47] have_double_effect_times: 0 , is_activating_double_effect: 0 , already_activate_double_effect_times: 0
[2026-07-06 19:20:47] Marked situation: [0, 0, 0, 0, 0, 0, 0]
[2026-07-06 19:20:47] have_double_effect_times: 0 , is_activating_double_effect: 0 , already_activate_double_effect_times: 0
[2026-07-06 19:20:47] Sent map info: [[7.44780158996582, 10.101180076599121], [13.683834075927734, 7.813070774078369], [2.39681, 2.36], [18.924089431762695, 5.793911933898926], [0.5, 14.5], [7.070854187011719, 5.014297008514404], [19.555527687072754, 8.528818130493164], [21.655190467834473, 8.042770385742188], [19.21237277984619, 12.175554275512695], [20.449735641479492, 6.945080280303955], [27.5, 0.5], [12.7632417678833, 8.508421897888184]]
[2026-07-06 19:20:47] Sent map infos: [[7.44780158996582, 10.101180076599121], [13.683834075927734, 7.813070774078369], [2.39681, 2.36], [18.924089431762695, 5.793911933898926], [0.5, 14.5], [7.070854187011719, 5.014297008514404], [19.555527687072754, 8.528818130493164], [21.655190467834473, 8.042770385742188], [19.21237277984619, 12.175554275512695], [20.449735641479492, 6.945080280303955], [27.5, 0.5], [12.7632417678833, 8.508421897888184]]
[2026-07-06 19:20:47] Marked situation: [0, 0, 0, 0, 0, 0, 0]
[2026-07-06 19:20:47] have_double_effect_times: 0 , is_activating_double_effect: 0 , already_activate_double_effect_times: 0
[2026-07-06 19:20:47] Marked situation: [0, 0, 0, 0, 0, 0, 0]
[2026-07-06 19:20:47] have_double_effect_times: 0 , is_activating_double_effect: 0 , already_activate_double_effect_times: 0
[2026-07-06 19:20:47] Sent map info: [[7.453920364379883, 10.092808723449707], [13.664572715759277, 7.8820319175720215], [2.39681, 2.36], [18.919978141784668, 5.798153877258301], [0.5, 14.5], [7.022748947143555, 5.006900787353516], [19.555527687072754, 8.528818130493164], [22.046340942382812, 8.348102569580078], [19.21237277984619, 12.175554275512695], [20.444257259368896, 6.950312614440918], [27.5, 0.5], [12.7632417678833, 8.508421897888184]]
[2026-07-06 19:20:47] Sent map infos: [[7.453920364379883, 10.092808723449707], [13.664572715759277, 7.8820319175720215], [2.39681, 2.36], [18.919978141784668, 5.798153877258301], [0.5, 14.5], [7.022748947143555, 5.006900787353516], [19.555527687072754, 8.528818130493164], [22.046340942382812, 8.348102569580078], [19.21237277984619, 12.175554275512695], [20.444257259368896, 6.950312614440918], [27.5, 0.5], [12.7632417678833, 8.508421897888184]]
[2026-07-06 19:20:48] Marked situation: [0, 0, 0, 0, 0, 0, 0]
[2026-07-06 19:20:48] have_double_effect_times: 0 , is_activating_double_effect: 0 , already_activate_double_effect_times: 0
[2026-07-06 19:20:48] Marked situation: [0, 0, 0, 0, 0, 0, 0]
[2026-07-06 19:20:48] have_double_effect_times: 0 , is_activating_double_effect: 0 , already_activate_double_effect_times: 0
[2026-07-06 19:20:48] Sent map info: [[7.451133728027344, 10.096620559692383], [13.636602401733398, 7.867404460906982], [2.39681, 2.36], [18.965682983398438, 5.8569655418396], [0.5, 14.5], [7.021430969238281, 5.009045124053955], [19.555527687072754, 8.528818130493164], [19.226683616638184, 8.423656463623047], [19.21237277984619, 12.175554275512695], [20.449961185455322, 6.9448652267456055], [27.5, 0.5], [12.7632417678833, 8.508421897888184]]
[2026-07-06 19:20:48] Sent map infos: [[7.451133728027344, 10.096620559692383], [13.636602401733398, 7.867404460906982], [2.39681, 2.36], [18.965682983398438, 5.8569655418396], [0.5, 14.5], [7.021430969238281, 5.009045124053955], [19.555527687072754, 8.528818130493164], [19.226683616638184, 8.423656463623047], [19.21237277984619, 12.175554275512695], [20.449961185455322, 6.9448652267456055], [27.5, 0.5], [12.7632417678833, 8.508421897888184]]
[2026-07-06 19:20:48] Marked situation: [0, 0, 0, 0, 0, 0, 0]
[2026-07-06 19:20:48] have_double_effect_times: 0 , is_activating_double_effect: 0 , already_activate_double_effect_times: 0
[2026-07-06 19:20:48] Marked situation: [0, 0, 0, 0, 0, 0, 0]
[2026-07-06 19:20:48] have_double_effect_times: 0 , is_activating_double_effect: 0 , already_activate_double_effect_times: 0
[2026-07-06 19:20:48] Sent map info: [[7.474908828735352, 10.103873252868652], [13.573894500732422, 7.892855167388916], [2.39681, 2.36], [18.24648952484131, 6.596950054168701], [0.5, 14.5], [7.023124694824219, 5.006290912628174], [19.555527687072754, 8.528818130493164], [22.166849613189697, 8.732259750366211], [19.21237277984619, 12.175554275512695], [20.542216777801514, 6.964367866516113], [27.5, 0.5], [12.7632417678833, 8.508421897888184]]
[2026-07-06 19:20:48] Sent map infos: [[7.474908828735352, 10.103873252868652], [13.573894500732422, 7.892855167388916], [2.39681, 2.36], [18.24648952484131, 6.596950054168701], [0.5, 14.5], [7.023124694824219, 5.006290912628174], [19.555527687072754, 8.528818130493164], [22.166849613189697, 8.732259750366211], [19.21237277984619, 12.175554275512695], [20.542216777801514, 6.964367866516113], [27.5, 0.5], [12.7632417678833, 8.508421897888184]]
[2026-07-06 19:20:48] Marked situation: [0, 0, 0, 0, 0, 0, 0]
[2026-07-06 19:20:48] have_double_effect_times: 0 , is_activating_double_effect: 0 , already_activate_double_effect_times: 0
[2026-07-06 19:20:49] Marked situation: [0, 0, 0, 0, 0, 0, 0]
[2026-07-06 19:20:49] have_double_effect_times: 0 , is_activating_double_effect: 0 , already_activate_double_effect_times: 0
[2026-07-06 19:20:49] Sent map info: [[7.447858810424805, 10.101103782653809], [13.584033966064453, 7.881175518035889], [2.39681, 2.36], [18.160008430480957, 6.840890407562256], [0.5, 14.5], [7.061065673828125, 5.03018045425415], [21.778284549713135, 8.582900047302246], [22.166849613189697, 8.732259750366211], [19.21237277984619, 12.175554275512695], [20.542216777801514, 6.964367866516113], [27.5, 0.5], [12.7632417678833, 8.508421897888184]]
[2026-07-06 19:20:49] Sent map infos: [[7.447858810424805, 10.101103782653809], [13.584033966064453, 7.881175518035889], [2.39681, 2.36], [18.160008430480957, 6.840890407562256], [0.5, 14.5], [7.061065673828125, 5.03018045425415], [21.778284549713135, 8.582900047302246], [22.166849613189697, 8.732259750366211], [19.21237277984619, 12.175554275512695], [20.542216777801514, 6.964367866516113], [27.5, 0.5], [12.7632417678833, 8.508421897888184]]
[2026-07-06 19:20:49] Marked situation: [0, 0, 0, 0, 0, 0, 0]
[2026-07-06 19:20:49] have_double_effect_times: 0 , is_activating_double_effect: 0 , already_activate_double_effect_times: 0
[2026-07-06 19:20:49] Marked situation: [0, 0, 0, 0, 0, 0, 0]
[2026-07-06 19:20:49] have_double_effect_times: 0 , is_activating_double_effect: 0 , already_activate_double_effect_times: 0
[2026-07-06 19:20:49] Sent map info: [[7.453094482421875, 10.093938827514648], [13.523088455200195, 7.9047532081604], [2.39681, 2.36], [17.979540824890137, 6.355863571166992], [0.5, 14.5], [7.035150527954102, 5.029494762420654], [21.882596492767334, 8.491530418395996], [22.166849613189697, 8.732259750366211], [19.21237277984619, 12.175554275512695], [20.542216777801514, 6.964367866516113], [27.5, 0.5], [12.7632417678833, 8.508421897888184]]
[2026-07-06 19:20:49] Sent map infos: [[7.453094482421875, 10.093938827514648], [13.523088455200195, 7.9047532081604], [2.39681, 2.36], [17.979540824890137, 6.355863571166992], [0.5, 14.5], [7.035150527954102, 5.029494762420654], [21.882596492767334, 8.491530418395996], [22.166849613189697, 8.732259750366211], [19.21237277984619, 12.175554275512695], [20.542216777801514, 6.964367866516113], [27.5, 0.5], [12.7632417678833, 8.508421897888184]]
[2026-07-06 19:20:49] Marked situation: [0, 0, 0, 0, 0, 0, 0]
[2026-07-06 19:20:49] have_double_effect_times: 0 , is_activating_double_effect: 0 , already_activate_double_effect_times: 0
[2026-07-06 19:20:49] Marked situation: [0, 0, 0, 0, 0, 0, 0]
[2026-07-06 19:20:49] have_double_effect_times: 0 , is_activating_double_effect: 0 , already_activate_double_effect_times: 0
[2026-07-06 19:20:49] Sent map info: [[7.45048713684082, 10.097506523132324], [13.542902946472168, 7.881894588470459], [2.39681, 2.36], [16.985222816467285, 4.847164154052734], [0.5, 14.5], [7.0418701171875, 5.018576622009277], [21.882596492767334, 8.491530418395996], [22.166849613189697, 8.732259750366211], [19.21237277984619, 12.175554275512695], [20.542216777801514, 6.964367866516113], [27.5, 0.5], [12.7632417678833, 8.508421897888184]]
[2026-07-06 19:20:49] Sent map infos: [[7.45048713684082, 10.097506523132324], [13.542902946472168, 7.881894588470459], [2.39681, 2.36], [16.985222816467285, 4.847164154052734], [0.5, 14.5], [7.0418701171875, 5.018576622009277], [21.882596492767334, 8.491530418395996], [22.166849613189697, 8.732259750366211], [19.21237277984619, 12.175554275512695], [20.542216777801514, 6.964367866516113], [27.5, 0.5], [12.7632417678833, 8.508421897888184]]
[2026-07-06 19:20:50] Marked situation: [0, 0, 0, 0, 0, 0, 0]
[2026-07-06 19:20:50] have_double_effect_times: 0 , is_activating_double_effect: 0 , already_activate_double_effect_times: 0
[2026-07-06 19:20:50] Marked situation: [0, 0, 0, 0, 0, 0, 0]
[2026-07-06 19:20:50] have_double_effect_times: 0 , is_activating_double_effect: 0 , already_activate_double_effect_times: 0
[2026-07-06 19:20:50] Sent map info: [[7.451633453369141, 10.09593677520752], [13.527292251586914, 7.899903297424316], [2.39681, 2.36], [16.743045806884766, 4.242010593414307], [0.5, 14.5], [7.0141448974609375, 5.020896911621094], [21.882596492767334, 8.491530418395996], [22.166849613189697, 8.732259750366211], [19.21237277984619, 12.175554275512695], [20.500182151794434, 6.95065975189209], [27.5, 0.5], [12.7632417678833, 8.508421897888184]]
[2026-07-06 19:20:50] Sent map infos: [[7.451633453369141, 10.09593677520752], [13.527292251586914, 7.899903297424316], [2.39681, 2.36], [16.743045806884766, 4.242010593414307], [0.5, 14.5], [7.0141448974609375, 5.020896911621094], [21.882596492767334, 8.491530418395996], [22.166849613189697, 8.732259750366211], [19.21237277984619, 12.175554275512695], [20.500182151794434, 6.95065975189209], [27.5, 0.5], [12.7632417678833, 8.508421897888184]]
[2026-07-06 19:20:50] Marked situation: [0, 0, 0, 0, 0, 0, 0]
[2026-07-06 19:20:50] have_double_effect_times: 0 , is_activating_double_effect: 0 , already_activate_double_effect_times: 0
[2026-07-06 19:20:50] Marked situation: [0, 0, 0, 0, 0, 0, 0]
[2026-07-06 19:20:50] have_double_effect_times: 0 , is_activating_double_effect: 0 , already_activate_double_effect_times: 0
[2026-07-06 19:20:50] Sent map info: [[7.473232269287109, 10.106164932250977], [13.691154479980469, 7.14570951461792], [2.39681, 2.36], [16.44823169708252, 3.599148988723755], [0.5, 14.5], [6.9647064208984375, 5.015967845916748], [21.882596492767334, 8.491530418395996], [22.166849613189697, 8.732259750366211], [19.21237277984619, 12.175554275512695], [20.559178829193115, 6.9482197761535645], [27.5, 0.5], [12.7632417678833, 8.508421897888184]]
[2026-07-06 19:20:50] Sent map infos: [[7.473232269287109, 10.106164932250977], [13.691154479980469, 7.14570951461792], [2.39681, 2.36], [16.44823169708252, 3.599148988723755], [0.5, 14.5], [6.9647064208984375, 5.015967845916748], [21.882596492767334, 8.491530418395996], [22.166849613189697, 8.732259750366211], [19.21237277984619, 12.175554275512695], [20.559178829193115, 6.9482197761535645], [27.5, 0.5], [12.7632417678833, 8.508421897888184]]
[2026-07-06 19:20:50] Marked situation: [0, 0, 0, 0, 0, 0, 0]
[2026-07-06 19:20:50] have_double_effect_times: 0 , is_activating_double_effect: 0 , already_activate_double_effect_times: 0
[2026-07-06 19:20:51] Marked situation: [0, 0, 0, 0, 0, 0, 0]
[2026-07-06 19:20:51] have_double_effect_times: 0 , is_activating_double_effect: 0 , already_activate_double_effect_times: 0
[2026-07-06 19:20:51] Sent map info: [[7.475090026855469, 10.103625297546387], [14.891725540161133, 5.539745330810547], [2.39681, 2.36], [16.511302947998047, 3.5766234397888184], [0.5, 14.5], [7.004499435424805, 5.036586284637451], [21.882596492767334, 8.491530418395996], [22.166849613189697, 8.732259750366211], [19.21237277984619, 12.175554275512695], [20.494611263275146, 6.955971717834473], [27.5, 0.5], [12.7632417678833, 8.508421897888184]]
[2026-07-06 19:20:51] Sent map infos: [[7.475090026855469, 10.103625297546387], [14.891725540161133, 5.539745330810547], [2.39681, 2.36], [16.511302947998047, 3.5766234397888184], [0.5, 14.5], [7.004499435424805, 5.036586284637451], [21.882596492767334, 8.491530418395996], [22.166849613189697, 8.732259750366211], [19.21237277984619, 12.175554275512695], [20.494611263275146, 6.955971717834473], [27.5, 0.5], [12.7632417678833, 8.508421897888184]]
[2026-07-06 19:20:51] Marked situation: [0, 0, 0, 0, 0, 0, 0]
[2026-07-06 19:20:51] have_double_effect_times: 0 , is_activating_double_effect: 0 , already_activate_double_effect_times: 0
[2026-07-06 19:20:51] Marked situation: [0, 0, 0, 0, 0, 0, 0]
[2026-07-06 19:20:51] have_double_effect_times: 0 , is_activating_double_effect: 0 , already_activate_double_effect_times: 0
[2026-07-06 19:20:51] Sent map info: [[7.450614929199219, 10.097330093383789], [16.488059043884277, 4.1746826171875], [2.39681, 2.36], [14.897174835205078, 1.9989229440689087], [0.5, 14.5], [7.053720474243164, 5.0421013832092285], [21.882596492767334, 8.491530418395996], [22.166849613189697, 8.732259750366211], [19.21237277984619, 12.175554275512695], [20.452924728393555, 6.942034721374512], [27.5, 0.5], [12.7632417678833, 8.508421897888184]]
[2026-07-06 19:20:51] Sent map infos: [[7.450614929199219, 10.097330093383789], [16.488059043884277, 4.1746826171875], [2.39681, 2.36], [14.897174835205078, 1.9989229440689087], [0.5, 14.5], [7.053720474243164, 5.0421013832092285], [21.882596492767334, 8.491530418395996], [22.166849613189697, 8.732259750366211], [19.21237277984619, 12.175554275512695], [20.452924728393555, 6.942034721374512], [27.5, 0.5], [12.7632417678833, 8.508421897888184]]
[2026-07-06 19:20:51] Marked situation: [0, 0, 0, 0, 0, 0, 0]
[2026-07-06 19:20:51] have_double_effect_times: 0 , is_activating_double_effect: 0 , already_activate_double_effect_times: 0
[2026-07-06 19:20:51] Marked situation: [0, 0, 0, 0, 0, 0, 0]
[2026-07-06 19:20:51] have_double_effect_times: 0 , is_activating_double_effect: 0 , already_activate_double_effect_times: 0
[2026-07-06 19:20:51] Sent map info: [[7.423921585083008, 10.094138145446777], [17.31901264190674, 2.3546667098999023], [2.39681, 2.36], [13.774938583374023, 0], [0.5, 14.5], [6.954048156738281, 5.033347129821777], [21.882596492767334, 8.491530418395996], [22.166849613189697, 8.732259750366211], [19.21237277984619, 12.175554275512695], [20.516265869140625, 6.935323238372803], [27.5, 0.5], [12.7632417678833, 8.508421897888184]]
[2026-07-06 19:20:51] Sent map infos: [[7.423921585083008, 10.094138145446777], [17.31901264190674, 2.3546667098999023], [2.39681, 2.36], [13.774938583374023, 0], [0.5, 14.5], [6.954048156738281, 5.033347129821777], [21.882596492767334, 8.491530418395996], [22.166849613189697, 8.732259750366211], [19.21237277984619, 12.175554275512695], [20.516265869140625, 6.935323238372803], [27.5, 0.5], [12.7632417678833, 8.508421897888184]]
[2026-07-06 19:20:52] Marked situation: [0, 0, 0, 0, 0, 0, 0]
[2026-07-06 19:20:52] have_double_effect_times: 0 , is_activating_double_effect: 0 , already_activate_double_effect_times: 0
[2026-07-06 19:20:52] Marked situation: [0, 0, 0, 0, 0, 0, 0]
[2026-07-06 19:20:52] have_double_effect_times: 0 , is_activating_double_effect: 0 , already_activate_double_effect_times: 0
[2026-07-06 19:20:52] Sent map info: [[7.451202392578125, 10.096527099609375], [16.295390129089355, 0.5609679222106934], [2.39681, 2.36], [12.482558250427246, 0], [0.5, 14.5], [7.004493713378906, 5.036596775054932], [21.882596492767334, 8.491530418395996], [22.166849613189697, 8.732259750366211], [19.21237277984619, 12.175554275512695], [20.444454193115234, 6.950124740600586], [27.5, 0.5], [12.7632417678833, 8.508421897888184]]
[2026-07-06 19:20:52] Sent map infos: [[7.451202392578125, 10.096527099609375], [16.295390129089355, 0.5609679222106934], [2.39681, 2.36], [12.482558250427246, 0], [0.5, 14.5], [7.004493713378906, 5.036596775054932], [21.882596492767334, 8.491530418395996], [22.166849613189697, 8.732259750366211], [19.21237277984619, 12.175554275512695], [20.444454193115234, 6.950124740600586], [27.5, 0.5], [12.7632417678833, 8.508421897888184]]
[2026-07-06 19:20:52] Marked situation: [0, 0, 0, 0, 0, 0, 0]
[2026-07-06 19:20:52] have_double_effect_times: 0 , is_activating_double_effect: 0 , already_activate_double_effect_times: 0
[2026-07-06 19:20:52] Marked situation: [0, 0, 0, 0, 0, 0, 0]
[2026-07-06 19:20:52] have_double_effect_times: 0 , is_activating_double_effect: 0 , already_activate_double_effect_times: 0
[2026-07-06 19:20:52] Sent map info: [[7.452402114868164, 10.09488582611084], [14.774847030639648, 0], [2.39681, 2.36], [11.488349914550781, 0], [0.5, 14.5], [7.03242301940918, 5.033926486968994], [21.882596492767334, 8.491530418395996], [22.166849613189697, 8.732259750366211], [19.21237277984619, 12.175554275512695], [20.44980525970459, 6.945013999938965], [27.5, 0.5], [12.7632417678833, 8.508421897888184]]
[2026-07-06 19:20:52] Sent map infos: [[7.452402114868164, 10.09488582611084], [14.774847030639648, 0], [2.39681, 2.36], [11.488349914550781, 0], [0.5, 14.5], [7.03242301940918, 5.033926486968994], [21.882596492767334, 8.491530418395996], [22.166849613189697, 8.732259750366211], [19.21237277984619, 12.175554275512695], [20.44980525970459, 6.945013999938965], [27.5, 0.5], [12.7632417678833, 8.508421897888184]]
[2026-07-06 19:20:52] Marked situation: [0, 0, 0, 0, 0, 0, 0]
[2026-07-06 19:20:52] have_double_effect_times: 0 , is_activating_double_effect: 0 , already_activate_double_effect_times: 0
[2026-07-06 19:20:53] Marked situation: [0, 0, 0, 0, 0, 0, 0]
[2026-07-06 19:20:53] have_double_effect_times: 0 , is_activating_double_effect: 0 , already_activate_double_effect_times: 0
[2026-07-06 19:20:53] Sent map info: [[7.4760284423828125, 10.102343559265137], [12.476875305175781, 0], [2.39681, 2.36], [6.842205047607422, 1.1830748319625854], [0.5, 14.5], [7.006326675415039, 5.033614635467529], [21.882596492767334, 8.491530418395996], [22.166849613189697, 8.732259750366211], [19.21237277984619, 12.175554275512695], [20.501856803894043, 6.949062824249268], [27.5, 0.5], [12.64402961730957, 8.4653959274292]]
[2026-07-06 19:20:53] Sent map infos: [[7.4760284423828125, 10.102343559265137], [12.476875305175781, 0], [2.39681, 2.36], [6.842205047607422, 1.1830748319625854], [0.5, 14.5], [7.006326675415039, 5.033614635467529], [21.882596492767334, 8.491530418395996], [22.166849613189697, 8.732259750366211], [19.21237277984619, 12.175554275512695], [20.501856803894043, 6.949062824249268], [27.5, 0.5], [12.64402961730957, 8.4653959274292]]
[2026-07-06 19:20:53] Marked situation: [0, 0, 0, 0, 0, 0, 0]
[2026-07-06 19:20:53] have_double_effect_times: 0 , is_activating_double_effect: 0 , already_activate_double_effect_times: 0
[2026-07-06 19:20:53] Marked situation: [0, 0, 0, 0, 0, 0, 0]
[2026-07-06 19:20:53] have_double_effect_times: 0 , is_activating_double_effect: 0 , already_activate_double_effect_times: 0
[2026-07-06 19:20:53] Sent map info: [[7.450689315795898, 10.097228050231934], [11.332159042358398, 0], [2.39681, 2.36], [4.228858947753906, 2.9444820880889893], [0.5, 14.5], [7.068477630615234, 5.06092643737793], [21.882596492767334, 8.491530418395996], [22.166849613189697, 8.732259750366211], [19.21237277984619, 12.175554275512695], [20.500301837921143, 6.950545310974121], [27.5, 0.5], [12.641190528869629, 8.468718528747559]]
[2026-07-06 19:20:53] Sent map infos: [[7.450689315795898, 10.097228050231934], [11.332159042358398, 0], [2.39681, 2.36], [4.228858947753906, 2.9444820880889893], [0.5, 14.5], [7.068477630615234, 5.06092643737793], [21.882596492767334, 8.491530418395996], [22.166849613189697, 8.732259750366211], [19.21237277984619, 12.175554275512695], [20.500301837921143, 6.950545310974121], [27.5, 0.5], [12.641190528869629, 8.468718528747559]]
[2026-07-06 19:20:53] Marked situation: [0, 0, 0, 0, 0, 0, 0]
[2026-07-06 19:20:53] have_double_effect_times: 0 , is_activating_double_effect: 0 , already_activate_double_effect_times: 0
[2026-07-06 19:20:53] Marked situation: [0, 0, 0, 0, 0, 0, 0]
[2026-07-06 19:20:53] have_double_effect_times: 0 , is_activating_double_effect: 0 , already_activate_double_effect_times: 0
[2026-07-06 19:20:53] Sent map info: [[7.452205657958984, 10.09515380859375], [11.332159042358398, 0], [2.39681, 2.36], [2.8807754516601562, 3.89864444732666], [0.5, 14.5], [7.055871963500977, 5.038609027862549], [22.42788553237915, 8.178573608398438], [22.166849613189697, 8.732259750366211], [19.21237277984619, 12.175554275512695], [20.50117540359497, 6.949712753295898], [27.5, 0.5], [12.650167465209961, 8.458215713500977]]
[2026-07-06 19:20:53] Sent map infos: [[7.452205657958984, 10.09515380859375], [11.332159042358398, 0], [2.39681, 2.36], [2.8807754516601562, 3.89864444732666], [0.5, 14.5], [7.055871963500977, 5.038609027862549], [22.42788553237915, 8.178573608398438], [22.166849613189697, 8.732259750366211], [19.21237277984619, 12.175554275512695], [20.50117540359497, 6.949712753295898], [27.5, 0.5], [12.650167465209961, 8.458215713500977]]
[2026-07-06 19:20:54] Marked situation: [0, 0, 0, 0, 0, 0, 0]
[2026-07-06 19:20:54] have_double_effect_times: 0 , is_activating_double_effect: 0 , already_activate_double_effect_times: 0
[2026-07-06 19:20:54] Marked situation: [0, 0, 0, 0, 0, 0, 0]
[2026-07-06 19:20:54] have_double_effect_times: 0 , is_activating_double_effect: 0 , already_activate_double_effect_times: 0
[2026-07-06 19:20:54] Sent map info: [[7.45329475402832, 10.093664169311523], [11.332159042358398, 0], [2.39681, 2.36], [2.8807754516601562, 3.89864444732666], [0.5, 14.5], [6.9802703857421875, 5.033308982849121], [22.42788553237915, 8.178573608398438], [22.166849613189697, 8.732259750366211], [19.21237277984619, 12.175554275512695], [20.465542793273926, 6.929983615875244], [27.5, 0.5], [12.652637481689453, 8.455324172973633]]
[2026-07-06 19:20:54] Sent map infos: [[7.45329475402832, 10.093664169311523], [11.332159042358398, 0], [2.39681, 2.36], [2.8807754516601562, 3.89864444732666], [0.5, 14.5], [6.9802703857421875, 5.033308982849121], [22.42788553237915, 8.178573608398438], [22.166849613189697, 8.732259750366211], [19.21237277984619, 12.175554275512695], [20.465542793273926, 6.929983615875244], [27.5, 0.5], [12.652637481689453, 8.455324172973633]]
[2026-07-06 19:20:54] Marked situation: [0, 0, 0, 0, 0, 0, 0]
[2026-07-06 19:20:54] have_double_effect_times: 0 , is_activating_double_effect: 0 , already_activate_double_effect_times: 0
[2026-07-06 19:20:54] Marked situation: [0, 0, 0, 0, 0, 0, 0]
[2026-07-06 19:20:54] have_double_effect_times: 0 , is_activating_double_effect: 0 , already_activate_double_effect_times: 0
[2026-07-06 19:20:54] Sent map info: [[7.451572418212891, 10.096020698547363], [0.0, 0.0], [2.39681, 2.36], [2.8807754516601562, 3.89864444732666], [0.5, 14.5], [7.048212051391602, 5.051039695739746], [22.42788553237915, 8.178573608398438], [22.166849613189697, 8.732259750366211], [19.21237277984619, 12.175554275512695], [20.448070526123047, 6.946671009063721], [27.5, 0.5], [12.653644561767578, 8.454146385192871]]
[2026-07-06 19:20:54] Sent map infos: [[7.451572418212891, 10.096020698547363], [0.0, 0.0], [2.39681, 2.36], [2.8807754516601562, 3.89864444732666], [0.5, 14.5], [7.048212051391602, 5.051039695739746], [22.42788553237915, 8.178573608398438], [22.166849613189697, 8.732259750366211], [19.21237277984619, 12.175554275512695], [20.448070526123047, 6.946671009063721], [27.5, 0.5], [12.653644561767578, 8.454146385192871]]
[2026-07-06 19:20:54] Marked situation: [0, 0, 0, 0, 0, 0, 0]
[2026-07-06 19:20:54] have_double_effect_times: 0 , is_activating_double_effect: 0 , already_activate_double_effect_times: 0
[2026-07-06 19:20:55] Marked situation: [0, 0, 0, 0, 0, 0, 0]
[2026-07-06 19:20:55] have_double_effect_times: 0 , is_activating_double_effect: 0 , already_activate_double_effect_times: 0
[2026-07-06 19:20:55] Sent map info: [[7.451717376708984, 10.095823287963867], [0.0, 0.0], [2.39681, 2.36], [2.39681, 2.36], [0.5, 14.5], [7.013154983520508, 5.022505760192871], [22.42788553237915, 8.178573608398438], [22.166849613189697, 8.732259750366211], [19.21237277984619, 12.175554275512695], [20.501084327697754, 6.949799537658691], [27.5, 0.5], [12.636541366577148, 8.519619941711426]]
[2026-07-06 19:20:55] Sent map infos: [[7.451717376708984, 10.095823287963867], [0.0, 0.0], [2.39681, 2.36], [2.39681, 2.36], [0.5, 14.5], [7.013154983520508, 5.022505760192871], [22.42788553237915, 8.178573608398438], [22.166849613189697, 8.732259750366211], [19.21237277984619, 12.175554275512695], [20.501084327697754, 6.949799537658691], [27.5, 0.5], [12.636541366577148, 8.519619941711426]]
[2026-07-06 19:20:55] Marked situation: [0, 0, 0, 0, 0, 0, 0]
[2026-07-06 19:20:55] have_double_effect_times: 0 , is_activating_double_effect: 0 , already_activate_double_effect_times: 0
[2026-07-06 19:20:55] Marked situation: [0, 0, 0, 0, 0, 0, 0]
[2026-07-06 19:20:55] have_double_effect_times: 0 , is_activating_double_effect: 0 , already_activate_double_effect_times: 0
[2026-07-06 19:20:55] Sent map info: [[7.453971862792969, 10.09273910522461], [0.0, 0.0], [2.659543991088867, 0.44625747203826904], [2.39681, 2.36], [0.5, 14.5], [7.063669204711914, 5.068719863891602], [22.42788553237915, 8.178573608398438], [22.166849613189697, 8.732259750366211], [19.21237277984619, 12.175554275512695], [20.502259731292725, 6.948678493499756], [27.5, 0.5], [12.716095924377441, 8.699626922607422]]
[2026-07-06 19:20:55] Sent map infos: [[7.453971862792969, 10.09273910522461], [0.0, 0.0], [2.659543991088867, 0.44625747203826904], [2.39681, 2.36], [0.5, 14.5], [7.063669204711914, 5.068719863891602], [22.42788553237915, 8.178573608398438], [22.166849613189697, 8.732259750366211], [19.21237277984619, 12.175554275512695], [20.502259731292725, 6.948678493499756], [27.5, 0.5], [12.716095924377441, 8.699626922607422]]
[2026-07-06 19:20:55] Marked situation: [0, 0, 0, 0, 0, 0, 0]
[2026-07-06 19:20:55] have_double_effect_times: 0 , is_activating_double_effect: 0 , already_activate_double_effect_times: 0
[2026-07-06 19:20:55] Marked situation: [0, 0, 0, 0, 0, 0, 0]
[2026-07-06 19:20:55] have_double_effect_times: 0 , is_activating_double_effect: 0 , already_activate_double_effect_times: 0
[2026-07-06 19:20:55] Sent map info: [[7.422401428222656, 10.096220970153809], [5.604145050048828, 1.1262341737747192], [2.831838607788086, 0.39532631635665894], [2.39681, 2.36], [0.5, 14.5], [7.063169479370117, 5.026766777038574], [22.42788553237915, 8.178573608398438], [17.651354789733887, 10.747332572937012], [19.21237277984619, 12.175554275512695], [20.506783485412598, 6.944365501403809], [27.5, 0.5], [12.922121047973633, 8.780466079711914]]
[2026-07-06 19:20:55] Sent map infos: [[7.422401428222656, 10.096220970153809], [5.604145050048828, 1.1262341737747192], [2.831838607788086, 0.39532631635665894], [2.39681, 2.36], [0.5, 14.5], [7.063169479370117, 5.026766777038574], [22.42788553237915, 8.178573608398438], [17.651354789733887, 10.747332572937012], [19.21237277984619, 12.175554275512695], [20.506783485412598, 6.944365501403809], [27.5, 0.5], [12.922121047973633, 8.780466079711914]]
[2026-07-06 19:20:56] Marked situation: [0, 0, 0, 0, 0, 0, 0]
[2026-07-06 19:20:56] have_double_effect_times: 0 , is_activating_double_effect: 0 , already_activate_double_effect_times: 0
[2026-07-06 19:20:56] Marked situation: [0, 0, 0, 0, 0, 0, 0]
[2026-07-06 19:20:56] have_double_effect_times: 0 , is_activating_double_effect: 0 , already_activate_double_effect_times: 0
[2026-07-06 19:20:56] Sent map info: [[7.450706481933594, 10.097206115722656], [3.8959102630615234, 2.686880350112915], [2.831838607788086, 0.39532631635665894], [2.39681, 2.36], [0.5, 14.5], [6.998170852661133, 5.046879768371582], [22.42788553237915, 8.178573608398438], [17.651354789733887, 10.747332572937012], [19.21237277984619, 12.175554275512695], [20.449437141418457, 6.945365905761719], [27.5, 0.5], [13.07201099395752, 8.837136268615723]]
[2026-07-06 19:20:56] Sent map infos: [[7.450706481933594, 10.097206115722656], [3.8959102630615234, 2.686880350112915], [2.831838607788086, 0.39532631635665894], [2.39681, 2.36], [0.5, 14.5], [6.998170852661133, 5.046879768371582], [22.42788553237915, 8.178573608398438], [17.651354789733887, 10.747332572937012], [19.21237277984619, 12.175554275512695], [20.449437141418457, 6.945365905761719], [27.5, 0.5], [13.07201099395752, 8.837136268615723]]
[2026-07-06 19:20:56] Marked situation: [0, 0, 0, 0, 0, 0, 0]
[2026-07-06 19:20:56] have_double_effect_times: 0 , is_activating_double_effect: 0 , already_activate_double_effect_times: 0
[2026-07-06 19:20:56] Marked situation: [0, 0, 0, 0, 0, 0, 0]
[2026-07-06 19:20:56] have_double_effect_times: 0 , is_activating_double_effect: 0 , already_activate_double_effect_times: 0
[2026-07-06 19:20:56] Sent map info: [[7.450662612915039, 10.097264289855957], [3.3883800506591797, 3.3029279708862305], [2.39681, 2.36], [2.39681, 2.36], [0.5, 14.5], [7.047712326049805, 4.966294288635254], [22.42788553237915, 8.178573608398438], [17.651354789733887, 10.747332572937012], [19.21237277984619, 12.175554275512695], [20.504063606262207, 6.946959018707275], [27.5, 0.5], [13.216134071350098, 8.902061462402344]]
[2026-07-06 19:20:56] Sent map infos: [[7.450662612915039, 10.097264289855957], [3.3883800506591797, 3.3029279708862305], [2.39681, 2.36], [2.39681, 2.36], [0.5, 14.5], [7.047712326049805, 4.966294288635254], [22.42788553237915, 8.178573608398438], [17.651354789733887, 10.747332572937012], [19.21237277984619, 12.175554275512695], [20.504063606262207, 6.946959018707275], [27.5, 0.5], [13.216134071350098, 8.902061462402344]]
[2026-07-06 19:20:56] Marked situation: [0, 0, 0, 0, 0, 0, 0]
[2026-07-06 19:20:56] have_double_effect_times: 0 , is_activating_double_effect: 0 , already_activate_double_effect_times: 0
[2026-07-06 19:20:57] Marked situation: [0, 0, 0, 0, 0, 0, 0]
[2026-07-06 19:20:57] have_double_effect_times: 0 , is_activating_double_effect: 0 , already_activate_double_effect_times: 0
[2026-07-06 19:20:57] Sent map info: [[7.449594497680664, 10.098726272583008], [3.3883800506591797, 3.3029279708862305], [2.39681, 2.36], [2.39681, 2.36], [0.5, 14.5], [7.350070953369141, 4.3006463050842285], [22.42788553237915, 8.178573608398438], [17.601811408996582, 10.744213104248047], [17.6154842376709, 10.780348777770996], [20.494466304779053, 6.956110000610352], [27.5, 0.5], [13.36540699005127, 9.00866413116455]]
[2026-07-06 19:20:57] Sent map infos: [[7.449594497680664, 10.098726272583008], [3.3883800506591797, 3.3029279708862305], [2.39681, 2.36], [2.39681, 2.36], [0.5, 14.5], [7.350070953369141, 4.3006463050842285], [22.42788553237915, 8.178573608398438], [17.601811408996582, 10.744213104248047], [17.6154842376709, 10.780348777770996], [20.494466304779053, 6.956110000610352], [27.5, 0.5], [13.36540699005127, 9.00866413116455]]
[2026-07-06 19:20:57] Marked situation: [0, 0, 0, 0, 0, 0, 0]
[2026-07-06 19:20:57] have_double_effect_times: 0 , is_activating_double_effect: 0 , already_activate_double_effect_times: 0
[2026-07-06 19:20:57] Marked situation: [0, 0, 0, 0, 0, 0, 0]
[2026-07-06 19:20:57] have_double_effect_times: 0 , is_activating_double_effect: 0 , already_activate_double_effect_times: 0
[2026-07-06 19:20:57] Sent map info: [[7.452335357666016, 10.094975471496582], [3.3883800506591797, 3.3029279708862305], [2.39681, 2.36], [2.39681, 2.36], [0.5, 14.5], [7.709983825683594, 3.4465560913085938], [22.42788553237915, 8.178573608398438], [17.601811408996582, 10.744213104248047], [17.6154842376709, 10.780348777770996], [20.505820751190186, 6.945282936096191], [27.5, 0.5], [13.504549980163574, 9.082521438598633]]
[2026-07-06 19:20:57] Sent map infos: [[7.452335357666016, 10.094975471496582], [3.3883800506591797, 3.3029279708862305], [2.39681, 2.36], [2.39681, 2.36], [0.5, 14.5], [7.709983825683594, 3.4465560913085938], [22.42788553237915, 8.178573608398438], [17.601811408996582, 10.744213104248047], [17.6154842376709, 10.780348777770996], [20.505820751190186, 6.945282936096191], [27.5, 0.5], [13.504549980163574, 9.082521438598633]]
[2026-07-06 19:20:57] Marked situation: [0, 0, 0, 0, 0, 0, 0]
[2026-07-06 19:20:57] have_double_effect_times: 0 , is_activating_double_effect: 0 , already_activate_double_effect_times: 0
[2026-07-06 19:20:57] Marked situation: [0, 0, 0, 0, 0, 0, 0]
[2026-07-06 19:20:57] have_double_effect_times: 0 , is_activating_double_effect: 0 , already_activate_double_effect_times: 0
[2026-07-06 19:20:57] Sent map info: [[7.450979232788086, 10.096832275390625], [0.0, 0.0], [2.39681, 2.36], [2.39681, 2.36], [0.5, 14.5], [8.073013305664062, 2.3963398933410645], [22.42788553237915, 8.178573608398438], [17.601811408996582, 10.744213104248047], [17.6154842376709, 10.780348777770996], [20.502147674560547, 6.948785781860352], [27.5, 0.5], [13.565423011779785, 9.152630805969238]]
[2026-07-06 19:20:57] Sent map infos: [[7.450979232788086, 10.096832275390625], [0.0, 0.0], [2.39681, 2.36], [2.39681, 2.36], [0.5, 14.5], [8.073013305664062, 2.3963398933410645], [22.42788553237915, 8.178573608398438], [17.601811408996582, 10.744213104248047], [17.6154842376709, 10.780348777770996], [20.502147674560547, 6.948785781860352], [27.5, 0.5], [13.565423011779785, 9.152630805969238]]
[2026-07-06 19:20:58] Marked situation: [0, 0, 0, 0, 0, 0, 0]
[2026-07-06 19:20:58] have_double_effect_times: 0 , is_activating_double_effect: 0 , already_activate_double_effect_times: 0
[2026-07-06 19:20:58] Marked situation: [0, 0, 0, 0, 0, 0, 0]
[2026-07-06 19:20:58] have_double_effect_times: 0 , is_activating_double_effect: 0 , already_activate_double_effect_times: 0
[2026-07-06 19:20:58] Sent map info: [[7.451377868652344, 10.096287727355957], [0.0, 0.0], [2.39681, 2.36], [2.39681, 2.36], [0.5, 14.5], [7.487773895263672, 1.3484097719192505], [22.42788553237915, 8.178573608398438], [17.601811408996582, 10.744213104248047], [17.6154842376709, 10.780348777770996], [20.57730197906494, 6.930966377258301], [27.5, 0.5], [13.547028541564941, 9.173014640808105]]
[2026-07-06 19:20:58] Sent map infos: [[7.451377868652344, 10.096287727355957], [0.0, 0.0], [2.39681, 2.36], [2.39681, 2.36], [0.5, 14.5], [7.487773895263672, 1.3484097719192505], [22.42788553237915, 8.178573608398438], [17.601811408996582, 10.744213104248047], [17.6154842376709, 10.780348777770996], [20.57730197906494, 6.930966377258301], [27.5, 0.5], [13.547028541564941, 9.173014640808105]]
[2026-07-06 19:20:58] Marked situation: [0, 0, 0, 0, 0, 0, 0]
[2026-07-06 19:20:58] have_double_effect_times: 0 , is_activating_double_effect: 0 , already_activate_double_effect_times: 0
[2026-07-06 19:20:58] Marked situation: [0, 0, 0, 0, 0, 0, 0]
[2026-07-06 19:20:58] have_double_effect_times: 0 , is_activating_double_effect: 0 , already_activate_double_effect_times: 0
[2026-07-06 19:20:58] Sent map info: [[7.451494216918945, 10.096128463745117], [0.0, 0.0], [2.39681, 2.36], [2.39681, 2.36], [0.5, 14.5], [6.604097366333008, 0.6686338782310486], [22.42788553237915, 8.178573608398438], [17.601811408996582, 10.744213104248047], [17.6154842376709, 10.780348777770996], [20.49943971633911, 6.9513678550720215], [27.5, 0.5], [13.556625366210938, 9.16238021850586]]
[2026-07-06 19:20:58] Sent map infos: [[7.451494216918945, 10.096128463745117], [0.0, 0.0], [2.39681, 2.36], [2.39681, 2.36], [0.5, 14.5], [6.604097366333008, 0.6686338782310486], [22.42788553237915, 8.178573608398438], [17.601811408996582, 10.744213104248047], [17.6154842376709, 10.780348777770996], [20.49943971633911, 6.9513678550720215], [27.5, 0.5], [13.556625366210938, 9.16238021850586]]
[2026-07-06 19:20:58] Marked situation: [0, 0, 0, 0, 0, 0, 0]
[2026-07-06 19:20:58] have_double_effect_times: 0 , is_activating_double_effect: 0 , already_activate_double_effect_times: 0
[2026-07-06 19:20:59] Marked situation: [0, 0, 0, 0, 0, 0, 0]
[2026-07-06 19:20:59] have_double_effect_times: 0 , is_activating_double_effect: 0 , already_activate_double_effect_times: 0
[2026-07-06 19:20:59] Sent map info: [[7.446788787841797, 10.10256576538086], [0.0, 0.0], [2.39681, 2.36], [2.39681, 2.36], [0.5, 14.5], [6.055377960205078, 0.43728122115135193], [22.42788553237915, 8.178573608398438], [17.601811408996582, 10.744213104248047], [17.6154842376709, 10.780348777770996], [20.453855991363525, 6.941145420074463], [27.5, 0.5], [13.595355987548828, 9.1654052734375]]
[2026-07-06 19:20:59] Sent map infos: [[7.446788787841797, 10.10256576538086], [0.0, 0.0], [2.39681, 2.36], [2.39681, 2.36], [0.5, 14.5], [6.055377960205078, 0.43728122115135193], [22.42788553237915, 8.178573608398438], [17.601811408996582, 10.744213104248047], [17.6154842376709, 10.780348777770996], [20.453855991363525, 6.941145420074463], [27.5, 0.5], [13.595355987548828, 9.1654052734375]]
[2026-07-06 19:20:59] Marked situation: [0, 0, 0, 0, 0, 0, 0]
[2026-07-06 19:20:59] have_double_effect_times: 0 , is_activating_double_effect: 0 , already_activate_double_effect_times: 0
[2026-07-06 19:20:59] Marked situation: [0, 0, 0, 0, 0, 0, 0]
[2026-07-06 19:20:59] have_double_effect_times: 0 , is_activating_double_effect: 0 , already_activate_double_effect_times: 0
[2026-07-06 19:20:59] Sent map info: [[7.446718215942383, 10.102663040161133], [0.0, 0.0], [2.39681, 2.36], [2.39681, 2.36], [0.5, 14.5], [6.001054763793945, 0.4062880575656891], [22.42788553237915, 8.178573608398438], [17.601811408996582, 10.744213104248047], [17.6154842376709, 10.780348777770996], [20.508081436157227, 6.943127155303955], [27.5, 0.5], [13.551896095275879, 9.167620658874512]]
[2026-07-06 19:20:59] Sent map infos: [[7.446718215942383, 10.102663040161133], [0.0, 0.0], [2.39681, 2.36], [2.39681, 2.36], [0.5, 14.5], [6.001054763793945, 0.4062880575656891], [22.42788553237915, 8.178573608398438], [17.601811408996582, 10.744213104248047], [17.6154842376709, 10.780348777770996], [20.508081436157227, 6.943127155303955], [27.5, 0.5], [13.551896095275879, 9.167620658874512]]
[2026-07-06 19:20:59] Marked situation: [0, 0, 0, 0, 0, 0, 0]
[2026-07-06 19:20:59] have_double_effect_times: 0 , is_activating_double_effect: 0 , already_activate_double_effect_times: 0
[2026-07-06 19:20:59] Marked situation: [0, 0, 0, 0, 0, 0, 0]
[2026-07-06 19:20:59] have_double_effect_times: 0 , is_activating_double_effect: 0 , already_activate_double_effect_times: 0
[2026-07-06 19:20:59] Sent map info: [[7.450756072998047, 10.097137451171875], [0.0, 0.0], [2.39681, 2.36], [2.39681, 2.36], [0.5, 14.5], [5.883106231689453, 0.40862026810646057], [22.42788553237915, 8.178573608398438], [17.601811408996582, 10.744213104248047], [17.6154842376709, 10.780348777770996], [20.50655508041382, 6.944582939147949], [27.5, 0.5], [13.59559440612793, 9.165142059326172]]
[2026-07-06 19:20:59] Sent map infos: [[7.450756072998047, 10.097137451171875], [0.0, 0.0], [2.39681, 2.36], [2.39681, 2.36], [0.5, 14.5], [5.883106231689453, 0.40862026810646057], [22.42788553237915, 8.178573608398438], [17.601811408996582, 10.744213104248047], [17.6154842376709, 10.780348777770996], [20.50655508041382, 6.944582939147949], [27.5, 0.5], [13.59559440612793, 9.165142059326172]]
[2026-07-06 19:21:00] Marked situation: [0, 0, 0, 0, 0, 0, 0]
[2026-07-06 19:21:00] have_double_effect_times: 0 , is_activating_double_effect: 0 , already_activate_double_effect_times: 0
[2026-07-06 19:21:00] Marked situation: [0, 0, 0, 0, 0, 0, 0]
[2026-07-06 19:21:00] have_double_effect_times: 0 , is_activating_double_effect: 0 , already_activate_double_effect_times: 0
[2026-07-06 19:21:00] Sent map info: [[7.418609619140625, 10.101417541503906], [0.0, 0.0], [2.39681, 2.36], [2.39681, 2.36], [0.5, 14.5], [5.916494369506836, 0.43412095308303833], [22.42788553237915, 8.178573608398438], [17.601811408996582, 10.744213104248047], [17.6154842376709, 10.780348777770996], [20.553948879241943, 6.9531989097595215], [27.5, 0.5], [13.580934524536133, 9.181364059448242]]
[2026-07-06 19:21:00] Sent map infos: [[7.418609619140625, 10.101417541503906], [0.0, 0.0], [2.39681, 2.36], [2.39681, 2.36], [0.5, 14.5], [5.916494369506836, 0.43412095308303833], [22.42788553237915, 8.178573608398438], [17.601811408996582, 10.744213104248047], [17.6154842376709, 10.780348777770996], [20.553948879241943, 6.9531989097595215], [27.5, 0.5], [13.580934524536133, 9.181364059448242]]
[2026-07-06 19:21:00] Marked situation: [0, 0, 0, 0, 0, 0, 0]
[2026-07-06 19:21:00] have_double_effect_times: 0 , is_activating_double_effect: 0 , already_activate_double_effect_times: 0
[2026-07-06 19:21:00] Marked situation: [0, 0, 0, 0, 0, 0, 0]
[2026-07-06 19:21:00] have_double_effect_times: 0 , is_activating_double_effect: 0 , already_activate_double_effect_times: 0
[2026-07-06 19:21:00] Sent map info: [[7.321191787719727, 10.116127014160156], [0.0, 0.0], [2.39681, 2.36], [1.5960559844970703, 4.419520378112793], [0.5, 14.5], [6.050664901733398, 0.44632503390312195], [22.42788553237915, 8.178573608398438], [17.601811408996582, 10.744213104248047], [17.6154842376709, 10.780348777770996], [20.511898517608643, 6.939487934112549], [27.5, 0.5], [13.825191497802734, 9.372665405273438]]
[2026-07-06 19:21:00] Sent map infos: [[7.321191787719727, 10.116127014160156], [0.0, 0.0], [2.39681, 2.36], [1.5960559844970703, 4.419520378112793], [0.5, 14.5], [6.050664901733398, 0.44632503390312195], [22.42788553237915, 8.178573608398438], [17.601811408996582, 10.744213104248047], [17.6154842376709, 10.780348777770996], [20.511898517608643, 6.939487934112549], [27.5, 0.5], [13.825191497802734, 9.372665405273438]]
[2026-07-06 19:21:00] Marked situation: [0, 0, 0, 0, 0, 0, 0]
[2026-07-06 19:21:00] have_double_effect_times: 0 , is_activating_double_effect: 0 , already_activate_double_effect_times: 0
[2026-07-06 19:21:01] Marked situation: [0, 0, 0, 0, 0, 0, 0]
[2026-07-06 19:21:01] have_double_effect_times: 0 , is_activating_double_effect: 0 , already_activate_double_effect_times: 0
[2026-07-06 19:21:01] Sent map info: [[6.286537170410156, 9.969144821166992], [0.0, 0.0], [2.39681, 2.36], [5.8118896484375, 4.754097938537598], [0.5, 14.5], [6.076896667480469, 0.48631006479263306], [22.42788553237915, 8.178573608398438], [17.601811408996582, 10.744213104248047], [17.6154842376709, 10.780348777770996], [20.457327365875244, 6.937829971313477], [27.5, 0.5], [14.019344329833984, 9.622788429260254]]
[2026-07-06 19:21:01] Sent map infos: [[6.286537170410156, 9.969144821166992], [0.0, 0.0], [2.39681, 2.36], [5.8118896484375, 4.754097938537598], [0.5, 14.5], [6.076896667480469, 0.48631006479263306], [22.42788553237915, 8.178573608398438], [17.601811408996582, 10.744213104248047], [17.6154842376709, 10.780348777770996], [20.457327365875244, 6.937829971313477], [27.5, 0.5], [14.019344329833984, 9.622788429260254]]
[2026-07-06 19:21:01] Marked situation: [0, 0, 0, 0, 0, 0, 0]
[2026-07-06 19:21:01] have_double_effect_times: 0 , is_activating_double_effect: 0 , already_activate_double_effect_times: 0
[2026-07-06 19:21:01] Marked situation: [0, 0, 0, 0, 0, 0, 0]
[2026-07-06 19:21:01] have_double_effect_times: 0 , is_activating_double_effect: 0 , already_activate_double_effect_times: 0
[2026-07-06 19:21:01] Sent map info: [[3.528413772583008, 9.343511581420898], [0.0, 0.0], [2.39681, 2.36], [6.29365348815918, 5.486029148101807], [0.5, 14.5], [6.0704803466796875, 0.6337990760803223], [22.42788553237915, 8.178573608398438], [17.601811408996582, 10.744213104248047], [17.6154842376709, 10.780348777770996], [20.499860286712646, 6.950966835021973], [27.5, 0.5], [14.29336929321289, 9.745488166809082]]
[2026-07-06 19:21:01] Sent map infos: [[3.528413772583008, 9.343511581420898], [0.0, 0.0], [2.39681, 2.36], [6.29365348815918, 5.486029148101807], [0.5, 14.5], [6.0704803466796875, 0.6337990760803223], [22.42788553237915, 8.178573608398438], [17.601811408996582, 10.744213104248047], [17.6154842376709, 10.780348777770996], [20.499860286712646, 6.950966835021973], [27.5, 0.5], [14.29336929321289, 9.745488166809082]]
[2026-07-06 19:21:01] Marked situation: [0, 0, 0, 0, 0, 0, 0]
[2026-07-06 19:21:01] have_double_effect_times: 0 , is_activating_double_effect: 0 , already_activate_double_effect_times: 0
[2026-07-06 19:21:01] Marked situation: [0, 0, 0, 0, 0, 0, 0]
[2026-07-06 19:21:01] have_double_effect_times: 0 , is_activating_double_effect: 0 , already_activate_double_effect_times: 0
[2026-07-06 19:21:01] Sent map info: [[0.7756671905517578, 8.988198280334473], [0.0, 0.0], [2.39681, 2.36], [6.10908317565918, 6.901540279388428], [0.5, 14.5], [6.071407318115234, 0.677038311958313], [22.42788553237915, 8.178573608398438], [17.601811408996582, 10.744213104248047], [17.6154842376709, 10.780348777770996], [20.493876457214355, 6.956672191619873], [27.5, 0.5], [14.556734085083008, 9.931215286254883]]
[2026-07-06 19:21:01] Sent map infos: [[0.7756671905517578, 8.988198280334473], [0.0, 0.0], [2.39681, 2.36], [6.10908317565918, 6.901540279388428], [0.5, 14.5], [6.071407318115234, 0.677038311958313], [22.42788553237915, 8.178573608398438], [17.601811408996582, 10.744213104248047], [17.6154842376709, 10.780348777770996], [20.493876457214355, 6.956672191619873], [27.5, 0.5], [14.556734085083008, 9.931215286254883]]
[2026-07-06 19:21:02] Marked situation: [0, 0, 0, 0, 0, 0, 0]
[2026-07-06 19:21:02] have_double_effect_times: 0 , is_activating_double_effect: 0 , already_activate_double_effect_times: 0
[2026-07-06 19:21:02] Marked situation: [0, 0, 0, 0, 0, 0, 0]
[2026-07-06 19:21:02] have_double_effect_times: 0 , is_activating_double_effect: 0 , already_activate_double_effect_times: 0
[2026-07-06 19:21:02] Sent map info: [[0.605224609375, 8.601051330566406], [0.0, 0.0], [2.39681, 2.36], [5.97406005859375, 8.35931396484375], [0.5, 14.5], [6.077629089355469, 0.6651794910430908], [22.42788553237915, 8.178573608398438], [17.601811408996582, 10.744213104248047], [17.6154842376709, 10.780348777770996], [20.51737356185913, 6.934267044067383], [27.5, 0.5], [14.572539329528809, 10.100004196166992]]
[2026-07-06 19:21:02] Sent map infos: [[0.605224609375, 8.601051330566406], [0.0, 0.0], [2.39681, 2.36], [5.97406005859375, 8.35931396484375], [0.5, 14.5], [6.077629089355469, 0.6651794910430908], [22.42788553237915, 8.178573608398438], [17.601811408996582, 10.744213104248047], [17.6154842376709, 10.780348777770996], [20.51737356185913, 6.934267044067383], [27.5, 0.5], [14.572539329528809, 10.100004196166992]]
[2026-07-06 19:21:02] Marked situation: [0, 0, 0, 0, 0, 0, 0]
[2026-07-06 19:21:02] have_double_effect_times: 0 , is_activating_double_effect: 0 , already_activate_double_effect_times: 0
[2026-07-06 19:21:02] Marked situation: [0, 0, 0, 0, 0, 0, 0]
[2026-07-06 19:21:02] have_double_effect_times: 0 , is_activating_double_effect: 0 , already_activate_double_effect_times: 0
[2026-07-06 19:21:02] Sent map info: [[0.605224609375, 8.601051330566406], [0.0, 0.0], [2.39681, 2.36], [6.030038833618164, 8.983261108398438], [0.5, 14.5], [6.083486557006836, 0.6540111899375916], [22.42788553237915, 8.178573608398438], [17.601811408996582, 10.744213104248047], [17.6154842376709, 10.780348777770996], [20.499598026275635, 6.951216697692871], [27.5, 0.5], [14.678264617919922, 10.083041191101074]]
[2026-07-06 19:21:02] Sent map infos: [[0.605224609375, 8.601051330566406], [0.0, 0.0], [2.39681, 2.36], [6.030038833618164, 8.983261108398438], [0.5, 14.5], [6.083486557006836, 0.6540111899375916], [22.42788553237915, 8.178573608398438], [17.601811408996582, 10.744213104248047], [17.6154842376709, 10.780348777770996], [20.499598026275635, 6.951216697692871], [27.5, 0.5], [14.678264617919922, 10.083041191101074]]
[2026-07-06 19:21:02] Marked situation: [0, 0, 0, 0, 0, 0, 0]
[2026-07-06 19:21:02] have_double_effect_times: 0 , is_activating_double_effect: 0 , already_activate_double_effect_times: 0
[2026-07-06 19:21:03] Marked situation: [0, 0, 0, 0, 0, 0, 0]
[2026-07-06 19:21:03] have_double_effect_times: 0 , is_activating_double_effect: 0 , already_activate_double_effect_times: 0
[2026-07-06 19:21:03] Sent map info: [[0.605224609375, 8.601051330566406], [0.0, 0.0], [2.39681, 2.36], [6.079235076904297, 8.830053329467773], [0.5, 14.5], [6.085723876953125, 0.6497476100921631], [22.42788553237915, 8.178573608398438], [17.601811408996582, 10.744213104248047], [17.6154842376709, 10.780348777770996], [20.50045919418335, 6.950395584106445], [27.5, 0.5], [14.720215797424316, 10.086045265197754]]
[2026-07-06 19:21:03] Sent map infos: [[0.605224609375, 8.601051330566406], [0.0, 0.0], [2.39681, 2.36], [6.079235076904297, 8.830053329467773], [0.5, 14.5], [6.085723876953125, 0.6497476100921631], [22.42788553237915, 8.178573608398438], [17.601811408996582, 10.744213104248047], [17.6154842376709, 10.780348777770996], [20.50045919418335, 6.950395584106445], [27.5, 0.5], [14.720215797424316, 10.086045265197754]]
[2026-07-06 19:21:03] Marked situation: [0, 0, 0, 0, 0, 0, 0]
[2026-07-06 19:21:03] have_double_effect_times: 0 , is_activating_double_effect: 0 , already_activate_double_effect_times: 0
[2026-07-06 19:21:03] Marked situation: [0, 0, 0, 0, 0, 0, 0]
[2026-07-06 19:21:03] have_double_effect_times: 0 , is_activating_double_effect: 0 , already_activate_double_effect_times: 0
[2026-07-06 19:21:03] Sent map info: [[4.86, 11.92], [0.0, 0.0], [2.39681, 2.36], [6.156440734863281, 8.594156265258789], [0.5, 14.5], [6.0830078125, 0.6549237370491028], [22.42788553237915, 8.178573608398438], [17.601811408996582, 10.744213104248047], [17.6154842376709, 10.780348777770996], [20.50764226913452, 6.943546295166016], [27.5, 0.5], [14.713606834411621, 10.092875480651855]]
[2026-07-06 19:21:03] Sent map infos: [[4.86, 11.92], [0.0, 0.0], [2.39681, 2.36], [6.156440734863281, 8.594156265258789], [0.5, 14.5], [6.0830078125, 0.6549237370491028], [22.42788553237915, 8.178573608398438], [17.601811408996582, 10.744213104248047], [17.6154842376709, 10.780348777770996], [20.50764226913452, 6.943546295166016], [27.5, 0.5], [14.713606834411621, 10.092875480651855]]
[2026-07-06 19:21:03] Marked situation: [0, 0, 0, 0, 0, 0, 0]
[2026-07-06 19:21:03] have_double_effect_times: 0 , is_activating_double_effect: 0 , already_activate_double_effect_times: 0
[2026-07-06 19:21:03] Marked situation: [0, 0, 0, 0, 0, 0, 0]
[2026-07-06 19:21:03] have_double_effect_times: 0 , is_activating_double_effect: 0 , already_activate_double_effect_times: 0
[2026-07-06 19:21:03] Sent map info: [[4.86, 11.92], [0.0, 0.0], [2.39681, 2.36], [6.258974075317383, 8.477734565734863], [0.5, 14.5], [6.091238021850586, 0.6842540502548218], [22.42788553237915, 8.178573608398438], [17.601811408996582, 10.744213104248047], [17.6154842376709, 10.780348777770996], [20.50815773010254, 6.943054676055908], [27.5, 0.5], [14.716649055480957, 10.089730262756348]]
[2026-07-06 19:21:03] Sent map infos: [[4.86, 11.92], [0.0, 0.0], [2.39681, 2.36], [6.258974075317383, 8.477734565734863], [0.5, 14.5], [6.091238021850586, 0.6842540502548218], [22.42788553237915, 8.178573608398438], [17.601811408996582, 10.744213104248047], [17.6154842376709, 10.780348777770996], [20.50815773010254, 6.943054676055908], [27.5, 0.5], [14.716649055480957, 10.089730262756348]]
[2026-07-06 19:21:04] Marked situation: [0, 0, 0, 0, 0, 0, 0]
[2026-07-06 19:21:04] have_double_effect_times: 0 , is_activating_double_effect: 0 , already_activate_double_effect_times: 0
[2026-07-06 19:21:04] Marked situation: [0, 0, 0, 0, 0, 0, 0]
[2026-07-06 19:21:04] have_double_effect_times: 0 , is_activating_double_effect: 0 , already_activate_double_effect_times: 0
[2026-07-06 19:21:04] Sent map info: [[4.86, 11.92], [0.0, 0.0], [2.39681, 2.36], [6.558067321777344, 9.37870979309082], [0.5, 14.5], [6.134138107299805, 0.7377058863639832], [22.42788553237915, 8.178573608398438], [17.601811408996582, 10.744213104248047], [17.6154842376709, 10.780348777770996], [20.555723190307617, 6.951509475708008], [27.5, 0.5], [14.729779243469238, 10.21532154083252]]
[2026-07-06 19:21:04] Sent map infos: [[4.86, 11.92], [0.0, 0.0], [2.39681, 2.36], [6.558067321777344, 9.37870979309082], [0.5, 14.5], [6.134138107299805, 0.7377058863639832], [22.42788553237915, 8.178573608398438], [17.601811408996582, 10.744213104248047], [17.6154842376709, 10.780348777770996], [20.555723190307617, 6.951509475708008], [27.5, 0.5], [14.729779243469238, 10.21532154083252]]
[2026-07-06 19:21:04] Marked situation: [0, 0, 0, 0, 0, 0, 0]
[2026-07-06 19:21:04] have_double_effect_times: 0 , is_activating_double_effect: 0 , already_activate_double_effect_times: 0
[2026-07-06 19:21:04] Marked situation: [0, 0, 0, 0, 0, 0, 0]
[2026-07-06 19:21:04] have_double_effect_times: 0 , is_activating_double_effect: 0 , already_activate_double_effect_times: 0
[2026-07-06 19:21:04] Sent map info: [[4.86, 11.92], [0.0, 0.0], [2.39681, 2.36], [7.217916488647461, 10.337023735046387], [0.5, 14.5], [6.1557159423828125, 0.7417841553688049], [22.42788553237915, 8.178573608398438], [17.601811408996582, 10.744213104248047], [17.6154842376709, 10.780348777770996], [20.507497310638428, 6.9436845779418945], [27.5, 0.5], [14.848488807678223, 10.464523315429688]]
[2026-07-06 19:21:04] Sent map infos: [[4.86, 11.92], [0.0, 0.0], [2.39681, 2.36], [7.217916488647461, 10.337023735046387], [0.5, 14.5], [6.1557159423828125, 0.7417841553688049], [22.42788553237915, 8.178573608398438], [17.601811408996582, 10.744213104248047], [17.6154842376709, 10.780348777770996], [20.507497310638428, 6.9436845779418945], [27.5, 0.5], [14.848488807678223, 10.464523315429688]]
[2026-07-06 19:21:04] Marked situation: [0, 0, 0, 0, 0, 0, 0]
[2026-07-06 19:21:04] have_double_effect_times: 0 , is_activating_double_effect: 0 , already_activate_double_effect_times: 0
[2026-07-06 19:21:05] Marked situation: [0, 0, 0, 0, 0, 0, 0]
[2026-07-06 19:21:05] have_double_effect_times: 0 , is_activating_double_effect: 0 , already_activate_double_effect_times: 0
[2026-07-06 19:21:05] Sent map info: [[4.86, 11.92], [0.0, 0.0], [2.39681, 2.36], [8.340112686157227, 11.193439483642578], [0.5, 14.5], [6.1964569091796875, 0.7546940445899963], [22.42788553237915, 8.178573608398438], [17.389479637145996, 10.697518348693848], [17.6154842376709, 10.780348777770996], [20.550116539001465, 6.956847190856934], [27.5, 0.5], [15.03304672241211, 10.695116996765137]]
[2026-07-06 19:21:05] Sent map infos: [[4.86, 11.92], [0.0, 0.0], [2.39681, 2.36], [8.340112686157227, 11.193439483642578], [0.5, 14.5], [6.1964569091796875, 0.7546940445899963], [22.42788553237915, 8.178573608398438], [17.389479637145996, 10.697518348693848], [17.6154842376709, 10.780348777770996], [20.550116539001465, 6.956847190856934], [27.5, 0.5], [15.03304672241211, 10.695116996765137]]
[2026-07-06 19:21:05] Marked situation: [0, 0, 0, 0, 0, 0, 0]
[2026-07-06 19:21:05] have_double_effect_times: 0 , is_activating_double_effect: 0 , already_activate_double_effect_times: 0
[2026-07-06 19:21:05] Marked situation: [0, 0, 0, 0, 0, 0, 0]
[2026-07-06 19:21:05] have_double_effect_times: 0 , is_activating_double_effect: 0 , already_activate_double_effect_times: 0
[2026-07-06 19:21:05] Sent map info: [[4.86, 11.92], [0.0, 0.0], [2.39681, 2.36], [8.816629409790039, 11.39682674407959], [0.5, 14.5], [6.300045013427734, 0.6944047212600708], [22.42788553237915, 8.178573608398438], [17.444581031799316, 10.743536949157715], [17.6154842376709, 10.780348777770996], [20.558434009552002, 6.9489288330078125], [27.5, 0.5], [15.03812313079834, 10.690027236938477]]
[2026-07-06 19:21:05] Sent map infos: [[4.86, 11.92], [0.0, 0.0], [2.39681, 2.36], [8.816629409790039, 11.39682674407959], [0.5, 14.5], [6.300045013427734, 0.6944047212600708], [22.42788553237915, 8.178573608398438], [17.444581031799316, 10.743536949157715], [17.6154842376709, 10.780348777770996], [20.558434009552002, 6.9489288330078125], [27.5, 0.5], [15.03812313079834, 10.690027236938477]]
[2026-07-06 19:21:05] Marked situation: [0, 0, 0, 0, 0, 0, 0]
[2026-07-06 19:21:05] have_double_effect_times: 0 , is_activating_double_effect: 0 , already_activate_double_effect_times: 0
[2026-07-06 19:21:05] Marked situation: [0, 0, 0, 0, 0, 0, 0]
[2026-07-06 19:21:05] have_double_effect_times: 0 , is_activating_double_effect: 0 , already_activate_double_effect_times: 0
[2026-07-06 19:21:05] Sent map info: [[4.86, 11.92], [0.0, 0.0], [2.39681, 2.36], [8.816629409790039, 11.39682674407959], [0.5, 14.5], [6.296222686767578, 0.7467413544654846], [22.42788553237915, 8.178573608398438], [17.444581031799316, 10.743536949157715], [17.6154842376709, 10.780348777770996], [20.492056369781494, 6.958407878875732], [27.5, 0.5], [15.038496017456055, 10.689653396606445]]
[2026-07-06 19:21:05] Sent map infos: [[4.86, 11.92], [0.0, 0.0], [2.39681, 2.36], [8.816629409790039, 11.39682674407959], [0.5, 14.5], [6.296222686767578, 0.7467413544654846], [22.42788553237915, 8.178573608398438], [17.444581031799316, 10.743536949157715], [17.6154842376709, 10.780348777770996], [20.492056369781494, 6.958407878875732], [27.5, 0.5], [15.038496017456055, 10.689653396606445]]
[2026-07-06 19:21:06] Marked situation: [0, 0, 0, 0, 0, 0, 0]
[2026-07-06 19:21:06] have_double_effect_times: 0 , is_activating_double_effect: 0 , already_activate_double_effect_times: 0
[2026-07-06 19:21:06] Marked situation: [0, 0, 0, 0, 0, 0, 0]
[2026-07-06 19:21:06] have_double_effect_times: 0 , is_activating_double_effect: 0 , already_activate_double_effect_times: 0
[2026-07-06 19:21:06] Sent map info: [[1.0726375579833984, 3.8834381103515625], [0.0, 0.0], [2.39681, 2.36], [8.816629409790039, 11.39682674407959], [0.5, 14.5], [6.372114181518555, 0.7395527362823486], [22.42788553237915, 8.178573608398438], [17.444581031799316, 10.743536949157715], [17.6154842376709, 10.780348777770996], [20.553677558898926, 6.953457355499268], [27.5, 0.5], [15.088562965393066, 10.685872077941895]]
[2026-07-06 19:21:06] Sent map infos: [[1.0726375579833984, 3.8834381103515625], [0.0, 0.0], [2.39681, 2.36], [8.816629409790039, 11.39682674407959], [0.5, 14.5], [6.372114181518555, 0.7395527362823486], [22.42788553237915, 8.178573608398438], [17.444581031799316, 10.743536949157715], [17.6154842376709, 10.780348777770996], [20.553677558898926, 6.953457355499268], [27.5, 0.5], [15.088562965393066, 10.685872077941895]]
[2026-07-06 19:21:06] Marked situation: [0, 0, 0, 0, 0, 0, 0]
[2026-07-06 19:21:06] have_double_effect_times: 0 , is_activating_double_effect: 0 , already_activate_double_effect_times: 0
[2026-07-06 19:21:06] Marked situation: [0, 0, 0, 0, 0, 0, 0]
[2026-07-06 19:21:06] have_double_effect_times: 0 , is_activating_double_effect: 0 , already_activate_double_effect_times: 0
[2026-07-06 19:21:06] Sent map info: [[7.115732192993164, 3.5980443954467773], [0.0, 0.0], [2.39681, 2.36], [2.39681, 2.36], [0.5, 14.5], [6.49241828918457, 0.6953141093254089], [22.42788553237915, 8.178573608398438], [17.444581031799316, 10.743536949157715], [17.6154842376709, 10.780348777770996], [20.507322788238525, 6.943850994110107], [27.5, 0.5], [15.034628868103027, 10.693531036376953]]
[2026-07-06 19:21:06] Sent map infos: [[7.115732192993164, 3.5980443954467773], [0.0, 0.0], [2.39681, 2.36], [2.39681, 2.36], [0.5, 14.5], [6.49241828918457, 0.6953141093254089], [22.42788553237915, 8.178573608398438], [17.444581031799316, 10.743536949157715], [17.6154842376709, 10.780348777770996], [20.507322788238525, 6.943850994110107], [27.5, 0.5], [15.034628868103027, 10.693531036376953]]
[2026-07-06 19:21:06] Marked situation: [0, 0, 0, 0, 0, 0, 0]
[2026-07-06 19:21:06] have_double_effect_times: 0 , is_activating_double_effect: 0 , already_activate_double_effect_times: 0
[2026-07-06 19:21:07] Marked situation: [0, 0, 0, 0, 0, 0, 0]
[2026-07-06 19:21:07] have_double_effect_times: 0 , is_activating_double_effect: 0 , already_activate_double_effect_times: 0
[2026-07-06 19:21:07] Sent map info: [[9.498428344726562, 3.640169858932495], [0.0, 0.0], [2.39681, 2.36], [13.270316123962402, 12.54944133758545], [0.5, 14.5], [6.440732955932617, 0.7013935446739197], [22.42788553237915, 8.178573608398438], [17.444581031799316, 10.743536949157715], [17.6154842376709, 10.780348777770996], [20.500571250915527, 6.95028829574585], [27.5, 0.5], [15.171432495117188, 10.83519458770752]]
[2026-07-06 19:21:07] Sent map infos: [[9.498428344726562, 3.640169858932495], [0.0, 0.0], [2.39681, 2.36], [13.270316123962402, 12.54944133758545], [0.5, 14.5], [6.440732955932617, 0.7013935446739197], [22.42788553237915, 8.178573608398438], [17.444581031799316, 10.743536949157715], [17.6154842376709, 10.780348777770996], [20.500571250915527, 6.95028829574585], [27.5, 0.5], [15.171432495117188, 10.83519458770752]]
[2026-07-06 19:21:07] Marked situation: [0, 0, 0, 0, 0, 0, 0]
[2026-07-06 19:21:07] have_double_effect_times: 0 , is_activating_double_effect: 0 , already_activate_double_effect_times: 0
[2026-07-06 19:21:07] Marked situation: [0, 0, 0, 0, 0, 0, 0]
[2026-07-06 19:21:07] have_double_effect_times: 0 , is_activating_double_effect: 0 , already_activate_double_effect_times: 0
[2026-07-06 19:21:07] Sent map info: [[9.795928955078125, 3.880321979522705], [0.0, 0.0], [2.39681, 2.36], [14.406842231750488, 12.538002014160156], [0.5, 14.5], [6.506793975830078, 0.713786244392395], [22.42788553237915, 8.178573608398438], [17.444581031799316, 10.743536949157715], [17.6154842376709, 10.780348777770996], [20.517523765563965, 6.934123992919922], [27.5, 0.5], [15.227156639099121, 10.9191312789917]]
[2026-07-06 19:21:07] Sent map infos: [[9.795928955078125, 3.880321979522705], [0.0, 0.0], [2.39681, 2.36], [14.406842231750488, 12.538002014160156], [0.5, 14.5], [6.506793975830078, 0.713786244392395], [22.42788553237915, 8.178573608398438], [17.444581031799316, 10.743536949157715], [17.6154842376709, 10.780348777770996], [20.517523765563965, 6.934123992919922], [27.5, 0.5], [15.227156639099121, 10.9191312789917]]
[2026-07-06 19:21:07] Marked situation: [0, 0, 0, 0, 0, 0, 0]
[2026-07-06 19:21:07] have_double_effect_times: 0 , is_activating_double_effect: 0 , already_activate_double_effect_times: 0
[2026-07-06 19:21:07] Marked situation: [0, 0, 0, 0, 0, 0, 0]
[2026-07-06 19:21:07] have_double_effect_times: 0 , is_activating_double_effect: 0 , already_activate_double_effect_times: 0
[2026-07-06 19:21:07] Sent map info: [[10.199811935424805, 4.113014221191406], [0.0, 0.0], [2.39681, 2.36], [14.737759590148926, 12.490321159362793], [0.5, 14.5], [6.603328704833984, 0.7154626250267029], [22.42788553237915, 8.178573608398438], [17.444581031799316, 10.743536949157715], [17.6154842376709, 10.780348777770996], [20.548959255218506, 6.957948684692383], [27.5, 0.5], [15.183365821838379, 10.916091918945312]]
[2026-07-06 19:21:07] Sent map infos: [[10.199811935424805, 4.113014221191406], [0.0, 0.0], [2.39681, 2.36], [14.737759590148926, 12.490321159362793], [0.5, 14.5], [6.603328704833984, 0.7154626250267029], [22.42788553237915, 8.178573608398438], [17.444581031799316, 10.743536949157715], [17.6154842376709, 10.780348777770996], [20.548959255218506, 6.957948684692383], [27.5, 0.5], [15.183365821838379, 10.916091918945312]]
[2026-07-06 19:21:08] Marked situation: [0, 0, 0, 0, 0, 0, 0]
[2026-07-06 19:21:08] have_double_effect_times: 0 , is_activating_double_effect: 0 , already_activate_double_effect_times: 0
[2026-07-06 19:21:08] Marked situation: [0, 0, 0, 0, 0, 0, 0]
[2026-07-06 19:21:08] have_double_effect_times: 0 , is_activating_double_effect: 0 , already_activate_double_effect_times: 0
[2026-07-06 19:21:08] Sent map info: [[10.39124870300293, 4.158430099487305], [0.0, 0.0], [2.39681, 2.36], [15.034001350402832, 12.525638580322266], [0.5, 14.5], [6.628719329833984, 0.7591103315353394], [22.42788553237915, 8.178573608398438], [17.444581031799316, 10.743536949157715], [17.6154842376709, 10.780348777770996], [20.506487369537354, 6.944647312164307], [27.5, 0.5], [15.276249885559082, 10.963462829589844]]
[2026-07-06 19:21:08] Sent map infos: [[10.39124870300293, 4.158430099487305], [0.0, 0.0], [2.39681, 2.36], [15.034001350402832, 12.525638580322266], [0.5, 14.5], [6.628719329833984, 0.7591103315353394], [22.42788553237915, 8.178573608398438], [17.444581031799316, 10.743536949157715], [17.6154842376709, 10.780348777770996], [20.506487369537354, 6.944647312164307], [27.5, 0.5], [15.276249885559082, 10.963462829589844]]
[2026-07-06 19:21:08] Marked situation: [0, 0, 0, 0, 0, 0, 0]
[2026-07-06 19:21:08] have_double_effect_times: 0 , is_activating_double_effect: 0 , already_activate_double_effect_times: 0
[2026-07-06 19:21:08] Marked situation: [0, 0, 0, 0, 0, 0, 0]
[2026-07-06 19:21:08] have_double_effect_times: 0 , is_activating_double_effect: 0 , already_activate_double_effect_times: 0
[2026-07-06 19:21:08] Sent map info: [[10.138809204101562, 4.109875202178955], [0.0, 0.0], [2.39681, 2.36], [15.425298690795898, 12.614195823669434], [0.5, 14.5], [6.6680145263671875, 0.7771399617195129], [22.42788553237915, 8.178573608398438], [17.444581031799316, 10.743536949157715], [17.6154842376709, 10.780348777770996], [20.502849102020264, 6.948116779327393], [27.5, 0.5], [15.34066104888916, 11.178505897521973]]
[2026-07-06 19:21:08] Sent map infos: [[10.138809204101562, 4.109875202178955], [0.0, 0.0], [2.39681, 2.36], [15.425298690795898, 12.614195823669434], [0.5, 14.5], [6.6680145263671875, 0.7771399617195129], [22.42788553237915, 8.178573608398438], [17.444581031799316, 10.743536949157715], [17.6154842376709, 10.780348777770996], [20.502849102020264, 6.948116779327393], [27.5, 0.5], [15.34066104888916, 11.178505897521973]]
[2026-07-06 19:21:08] Marked situation: [0, 0, 0, 0, 0, 0, 0]
[2026-07-06 19:21:08] have_double_effect_times: 0 , is_activating_double_effect: 0 , already_activate_double_effect_times: 0
[2026-07-06 19:21:09] Marked situation: [0, 0, 0, 0, 0, 0, 0]
[2026-07-06 19:21:09] have_double_effect_times: 0 , is_activating_double_effect: 0 , already_activate_double_effect_times: 0
[2026-07-06 19:21:09] Sent map info: [[10.465372085571289, 4.190332889556885], [0.0, 0.0], [2.39681, 2.36], [15.760002136230469, 12.53408432006836], [0.5, 14.5], [6.723566055297852, 0.8108052611351013], [22.42788553237915, 8.178573608398438], [17.444581031799316, 10.743536949157715], [17.6154842376709, 10.780348777770996], [20.499160289764404, 6.951634407043457], [27.5, 0.5], [15.57205867767334, 11.418085098266602]]
[2026-07-06 19:21:09] Sent map infos: [[10.465372085571289, 4.190332889556885], [0.0, 0.0], [2.39681, 2.36], [15.760002136230469, 12.53408432006836], [0.5, 14.5], [6.723566055297852, 0.8108052611351013], [22.42788553237915, 8.178573608398438], [17.444581031799316, 10.743536949157715], [17.6154842376709, 10.780348777770996], [20.499160289764404, 6.951634407043457], [27.5, 0.5], [15.57205867767334, 11.418085098266602]]
[2026-07-06 19:21:09] Marked situation: [0, 0, 0, 0, 0, 0, 0]
[2026-07-06 19:21:09] have_double_effect_times: 0 , is_activating_double_effect: 0 , already_activate_double_effect_times: 0
[2026-07-06 19:21:09] Marked situation: [0, 0, 0, 0, 0, 0, 0]
[2026-07-06 19:21:09] have_double_effect_times: 0 , is_activating_double_effect: 0 , already_activate_double_effect_times: 0
[2026-07-06 19:21:09] Sent map info: [[14.331358909606934, 5.519673824310303], [0.0, 0.0], [2.39681, 2.36], [15.918505668640137, 12.388433456420898], [0.5, 14.5], [6.684944152832031, 0.8366252779960632], [22.42788553237915, 8.178573608398438], [17.444581031799316, 10.743536949157715], [17.6154842376709, 10.780348777770996], [20.50298023223877, 6.947991847991943], [27.5, 0.5], [15.554085731506348, 11.435358047485352]]
[2026-07-06 19:21:09] Sent map infos: [[14.331358909606934, 5.519673824310303], [0.0, 0.0], [2.39681, 2.36], [15.918505668640137, 12.388433456420898], [0.5, 14.5], [6.684944152832031, 0.8366252779960632], [22.42788553237915, 8.178573608398438], [17.444581031799316, 10.743536949157715], [17.6154842376709, 10.780348777770996], [20.50298023223877, 6.947991847991943], [27.5, 0.5], [15.554085731506348, 11.435358047485352]]
[2026-07-06 19:21:09] Marked situation: [0, 0, 0, 0, 0, 0, 0]
[2026-07-06 19:21:09] have_double_effect_times: 0 , is_activating_double_effect: 0 , already_activate_double_effect_times: 0
[2026-07-06 19:21:09] Marked situation: [0, 0, 0, 0, 0, 0, 0]
[2026-07-06 19:21:09] have_double_effect_times: 0 , is_activating_double_effect: 0 , already_activate_double_effect_times: 0
[2026-07-06 19:21:09] Sent map info: [[16.899953842163086, 5.866628170013428], [0.0, 0.0], [2.39681, 2.36], [16.1948823928833, 12.320539474487305], [0.5, 14.5], [6.682374954223633, 0.8867056965827942], [22.42788553237915, 8.178573608398438], [17.444581031799316, 10.743536949157715], [17.6154842376709, 10.780348777770996], [20.50155210494995, 6.949353218078613], [27.5, 0.5], [15.565130233764648, 11.42474365234375]]
[2026-07-06 19:21:09] Sent map infos: [[16.899953842163086, 5.866628170013428], [0.0, 0.0], [2.39681, 2.36], [16.1948823928833, 12.320539474487305], [0.5, 14.5], [6.682374954223633, 0.8867056965827942], [22.42788553237915, 8.178573608398438], [17.444581031799316, 10.743536949157715], [17.6154842376709, 10.780348777770996], [20.50155210494995, 6.949353218078613], [27.5, 0.5], [15.565130233764648, 11.42474365234375]]
[2026-07-06 19:21:10] Marked situation: [0, 0, 0, 0, 0, 0, 0]
[2026-07-06 19:21:10] have_double_effect_times: 0 , is_activating_double_effect: 0 , already_activate_double_effect_times: 0
[2026-07-06 19:21:10] Marked situation: [0, 0, 0, 0, 0, 0, 0]
[2026-07-06 19:21:10] have_double_effect_times: 0 , is_activating_double_effect: 0 , already_activate_double_effect_times: 0
[2026-07-06 19:21:10] Sent map info: [[18.97662925720215, 6.3738508224487305], [0.0, 0.0], [2.39681, 2.36], [16.326655387878418, 12.293500900268555], [0.5, 14.5], [6.706207275390625, 0.8881522417068481], [22.42788553237915, 8.178573608398438], [17.444581031799316, 10.743536949157715], [17.6154842376709, 10.780348777770996], [20.449377059936523, 6.945422649383545], [27.5, 0.5], [15.564050674438477, 11.42578125]]
[2026-07-06 19:21:10] Sent map infos: [[18.97662925720215, 6.3738508224487305], [0.0, 0.0], [2.39681, 2.36], [16.326655387878418, 12.293500900268555], [0.5, 14.5], [6.706207275390625, 0.8881522417068481], [22.42788553237915, 8.178573608398438], [17.444581031799316, 10.743536949157715], [17.6154842376709, 10.780348777770996], [20.449377059936523, 6.945422649383545], [27.5, 0.5], [15.564050674438477, 11.42578125]]
[2026-07-06 19:21:10] Marked situation: [0, 0, 0, 0, 0, 0, 0]
[2026-07-06 19:21:10] have_double_effect_times: 0 , is_activating_double_effect: 0 , already_activate_double_effect_times: 0
[2026-07-06 19:21:10] Marked situation: [0, 0, 0, 0, 0, 0, 0]
[2026-07-06 19:21:10] have_double_effect_times: 0 , is_activating_double_effect: 0 , already_activate_double_effect_times: 0
[2026-07-06 19:21:10] Sent map info: [[19.40673542022705, 6.469616889953613], [0.0, 0.0], [2.39681, 2.36], [16.424755096435547, 12.250971794128418], [0.5, 14.5], [6.782503128051758, 0.929482638835907], [22.42788553237915, 8.178573608398438], [17.444581031799316, 10.743536949157715], [18.19151496887207, 10.497735977172852], [20.589005947113037, 6.973652362823486], [27.5, 0.5], [15.696946144104004, 11.577157974243164]]
[2026-07-06 19:21:10] Sent map infos: [[19.40673542022705, 6.469616889953613], [0.0, 0.0], [2.39681, 2.36], [16.424755096435547, 12.250971794128418], [0.5, 14.5], [6.782503128051758, 0.929482638835907], [22.42788553237915, 8.178573608398438], [17.444581031799316, 10.743536949157715], [18.19151496887207, 10.497735977172852], [20.589005947113037, 6.973652362823486], [27.5, 0.5], [15.696946144104004, 11.577157974243164]]
[2026-07-06 19:21:10] Marked situation: [0, 0, 0, 0, 0, 0, 0]
[2026-07-06 19:21:10] have_double_effect_times: 0 , is_activating_double_effect: 0 , already_activate_double_effect_times: 0
[2026-07-06 19:21:11] Marked situation: [0, 0, 0, 0, 0, 0, 0]
[2026-07-06 19:21:11] have_double_effect_times: 0 , is_activating_double_effect: 0 , already_activate_double_effect_times: 0
[2026-07-06 19:21:11] Sent map info: [[19.365615844726562, 6.457695960998535], [0.0, 0.0], [2.39681, 2.36], [16.453801155090332, 12.27133560180664], [0.5, 14.5], [6.726522445678711, 0.9414680600166321], [22.42788553237915, 8.178573608398438], [17.444581031799316, 10.743536949157715], [18.85819149017334, 9.989912033081055], [20.591989040374756, 6.970816612243652], [27.5, 0.5], [15.68203067779541, 11.591357231140137]]
[2026-07-06 19:21:11] Sent map infos: [[19.365615844726562, 6.457695960998535], [0.0, 0.0], [2.39681, 2.36], [16.453801155090332, 12.27133560180664], [0.5, 14.5], [6.726522445678711, 0.9414680600166321], [22.42788553237915, 8.178573608398438], [17.444581031799316, 10.743536949157715], [18.85819149017334, 9.989912033081055], [20.591989040374756, 6.970816612243652], [27.5, 0.5], [15.68203067779541, 11.591357231140137]]
[2026-07-06 19:21:11] Marked situation: [0, 0, 0, 0, 0, 0, 0]
[2026-07-06 19:21:11] have_double_effect_times: 0 , is_activating_double_effect: 0 , already_activate_double_effect_times: 0
[2026-07-06 19:21:11] Marked situation: [0, 0, 0, 0, 0, 0, 0]
[2026-07-06 19:21:11] have_double_effect_times: 0 , is_activating_double_effect: 0 , already_activate_double_effect_times: 0
[2026-07-06 19:21:11] Sent map info: [[19.361848831176758, 6.461460590362549], [0.0, 0.0], [2.39681, 2.36], [16.441054344177246, 12.282896041870117], [0.5, 14.5], [7.012729644775391, 0.8278691172599792], [22.42788553237915, 8.178573608398438], [17.444581031799316, 10.743536949157715], [18.945005416870117, 9.809845924377441], [20.588100910186768, 6.974512577056885], [27.5, 0.5], [15.703558921813965, 11.617292404174805]]
[2026-07-06 19:21:11] Sent map infos: [[19.361848831176758, 6.461460590362549], [0.0, 0.0], [2.39681, 2.36], [16.441054344177246, 12.282896041870117], [0.5, 14.5], [7.012729644775391, 0.8278691172599792], [22.42788553237915, 8.178573608398438], [17.444581031799316, 10.743536949157715], [18.945005416870117, 9.809845924377441], [20.588100910186768, 6.974512577056885], [27.5, 0.5], [15.703558921813965, 11.617292404174805]]
[2026-07-06 19:21:11] Marked situation: [0, 0, 0, 0, 0, 0, 0]
[2026-07-06 19:21:11] have_double_effect_times: 0 , is_activating_double_effect: 0 , already_activate_double_effect_times: 0
[2026-07-06 19:21:11] Marked situation: [0, 0, 0, 0, 0, 0, 0]
[2026-07-06 19:21:11] have_double_effect_times: 0 , is_activating_double_effect: 0 , already_activate_double_effect_times: 0
[2026-07-06 19:21:11] Sent map info: [[19.361992835998535, 6.46131706237793], [0.0, 0.0], [2.39681, 2.36], [16.317352294921875, 12.348543167114258], [0.5, 14.5], [7.113010406494141, 0.8743928074836731], [22.42788553237915, 8.178573608398438], [17.444581031799316, 10.743536949157715], [18.945005416870117, 9.809845924377441], [20.640689849853516, 6.978400707244873], [27.5, 0.5], [15.803004264831543, 11.755255699157715]]
[2026-07-06 19:21:11] Sent map infos: [[19.361992835998535, 6.46131706237793], [0.0, 0.0], [2.39681, 2.36], [16.317352294921875, 12.348543167114258], [0.5, 14.5], [7.113010406494141, 0.8743928074836731], [22.42788553237915, 8.178573608398438], [17.444581031799316, 10.743536949157715], [18.945005416870117, 9.809845924377441], [20.640689849853516, 6.978400707244873], [27.5, 0.5], [15.803004264831543, 11.755255699157715]]
[2026-07-06 19:21:12] Marked situation: [0, 0, 0, 0, 0, 0, 0]
[2026-07-06 19:21:12] have_double_effect_times: 0 , is_activating_double_effect: 0 , already_activate_double_effect_times: 0
[2026-07-06 19:21:12] Marked situation: [0, 0, 0, 0, 0, 0, 0]
[2026-07-06 19:21:12] have_double_effect_times: 0 , is_activating_double_effect: 0 , already_activate_double_effect_times: 0
[2026-07-06 19:21:12] Sent map info: [[19.36390209197998, 6.459409236907959], [0.0, 0.0], [2.39681, 2.36], [16.33942222595215, 12.37507438659668], [0.5, 14.5], [7.103546142578125, 0.8914968371391296], [22.42788553237915, 8.178573608398438], [17.444581031799316, 10.743536949157715], [18.945005416870117, 9.809845924377441], [20.591547966003418, 6.971236228942871], [27.5, 0.5], [15.880395889282227, 11.868236541748047]]
[2026-07-06 19:21:12] Sent map infos: [[19.36390209197998, 6.459409236907959], [0.0, 0.0], [2.39681, 2.36], [16.33942222595215, 12.37507438659668], [0.5, 14.5], [7.103546142578125, 0.8914968371391296], [22.42788553237915, 8.178573608398438], [17.444581031799316, 10.743536949157715], [18.945005416870117, 9.809845924377441], [20.591547966003418, 6.971236228942871], [27.5, 0.5], [15.880395889282227, 11.868236541748047]]
[2026-07-06 19:21:12] Marked situation: [0, 0, 0, 0, 0, 0, 0]
[2026-07-06 19:21:12] have_double_effect_times: 0 , is_activating_double_effect: 0 , already_activate_double_effect_times: 0
[2026-07-06 19:21:12] Marked situation: [0, 0, 0, 0, 0, 0, 0]
[2026-07-06 19:21:12] have_double_effect_times: 0 , is_activating_double_effect: 0 , already_activate_double_effect_times: 0
[2026-07-06 19:21:12] Sent map info: [[19.41580104827881, 6.460570812225342], [0.0, 0.0], [2.39681, 2.36], [16.33942222595215, 12.37507438659668], [0.5, 14.5], [7.094913482666016, 0.9070990681648254], [22.42788553237915, 8.178573608398438], [17.444581031799316, 10.743536949157715], [18.945005416870117, 9.809845924377441], [20.643683433532715, 6.975559711456299], [27.5, 0.5], [15.858848571777344, 11.88842487335205]]
[2026-07-06 19:21:12] Sent map infos: [[19.41580104827881, 6.460570812225342], [0.0, 0.0], [2.39681, 2.36], [16.33942222595215, 12.37507438659668], [0.5, 14.5], [7.094913482666016, 0.9070990681648254], [22.42788553237915, 8.178573608398438], [17.444581031799316, 10.743536949157715], [18.945005416870117, 9.809845924377441], [20.643683433532715, 6.975559711456299], [27.5, 0.5], [15.858848571777344, 11.88842487335205]]
[2026-07-06 19:21:12] Marked situation: [0, 0, 0, 0, 0, 0, 0]
[2026-07-06 19:21:12] have_double_effect_times: 0 , is_activating_double_effect: 0 , already_activate_double_effect_times: 0
[2026-07-06 19:21:13] Marked situation: [0, 0, 0, 0, 0, 0, 0]
[2026-07-06 19:21:13] have_double_effect_times: 0 , is_activating_double_effect: 0 , already_activate_double_effect_times: 0
[2026-07-06 19:21:13] Sent map info: [[19.4146146774292, 6.46175479888916], [0.0, 0.0], [2.39681, 2.36], [15.657782554626465, 11.892191886901855], [0.5, 14.5], [7.0944976806640625, 0.9078493118286133], [22.42788553237915, 8.178573608398438], [17.444581031799316, 10.743536949157715], [18.945005416870117, 9.809845924377441], [20.58313226699829, 6.9792351722717285], [27.5, 0.5], [15.663796424865723, 11.886521339416504]]
[2026-07-06 19:21:13] Sent map infos: [[19.4146146774292, 6.46175479888916], [0.0, 0.0], [2.39681, 2.36], [15.657782554626465, 11.892191886901855], [0.5, 14.5], [7.0944976806640625, 0.9078493118286133], [22.42788553237915, 8.178573608398438], [17.444581031799316, 10.743536949157715], [18.945005416870117, 9.809845924377441], [20.58313226699829, 6.9792351722717285], [27.5, 0.5], [15.663796424865723, 11.886521339416504]]
[2026-07-06 19:21:13] Marked situation: [0, 0, 0, 0, 0, 0, 0]
[2026-07-06 19:21:13] have_double_effect_times: 0 , is_activating_double_effect: 0 , already_activate_double_effect_times: 0
[2026-07-06 19:21:13] Marked situation: [0, 0, 0, 0, 0, 0, 0]
[2026-07-06 19:21:13] have_double_effect_times: 0 , is_activating_double_effect: 0 , already_activate_double_effect_times: 0
[2026-07-06 19:21:13] Sent map info: [[19.425265312194824, 6.451127052307129], [0.0, 0.0], [2.39681, 2.36], [15.667428970336914, 11.883095741271973], [0.5, 14.5], [7.071378707885742, 0.904022216796875], [22.42788553237915, 8.178573608398438], [17.444581031799316, 10.743536949157715], [18.945005416870117, 9.809845924377441], [20.58313226699829, 6.9792351722717285], [27.5, 0.5], [15.611797332763672, 11.889400482177734]]
[2026-07-06 19:21:13] Sent map infos: [[19.425265312194824, 6.451127052307129], [0.0, 0.0], [2.39681, 2.36], [15.667428970336914, 11.883095741271973], [0.5, 14.5], [7.071378707885742, 0.904022216796875], [22.42788553237915, 8.178573608398438], [17.444581031799316, 10.743536949157715], [18.945005416870117, 9.809845924377441], [20.58313226699829, 6.9792351722717285], [27.5, 0.5], [15.611797332763672, 11.889400482177734]]
[2026-07-06 19:21:13] Marked situation: [0, 0, 0, 0, 0, 0, 0]
[2026-07-06 19:21:13] have_double_effect_times: 0 , is_activating_double_effect: 0 , already_activate_double_effect_times: 0
[2026-07-06 19:21:13] Marked situation: [0, 0, 0, 0, 0, 0, 0]
[2026-07-06 19:21:13] have_double_effect_times: 0 , is_activating_double_effect: 0 , already_activate_double_effect_times: 0
[2026-07-06 19:21:13] Sent map info: [[19.489005088806152, 6.440633773803711], [0.0, 0.0], [2.39681, 2.36], [15.667428970336914, 11.883095741271973], [0.5, 14.5], [7.08494758605957, 0.9251090288162231], [22.42788553237915, 8.178573608398438], [17.444581031799316, 10.743536949157715], [18.945005416870117, 9.809845924377441], [20.58313226699829, 6.9792351722717285], [27.5, 0.5], [15.556968688964844, 11.895086288452148]]
[2026-07-06 19:21:13] Sent map infos: [[19.489005088806152, 6.440633773803711], [0.0, 0.0], [2.39681, 2.36], [15.667428970336914, 11.883095741271973], [0.5, 14.5], [7.08494758605957, 0.9251090288162231], [22.42788553237915, 8.178573608398438], [17.444581031799316, 10.743536949157715], [18.945005416870117, 9.809845924377441], [20.58313226699829, 6.9792351722717285], [27.5, 0.5], [15.556968688964844, 11.895086288452148]]
[2026-07-06 19:21:14] Marked situation: [0, 0, 0, 0, 0, 0, 0]
[2026-07-06 19:21:14] have_double_effect_times: 0 , is_activating_double_effect: 0 , already_activate_double_effect_times: 0
[2026-07-06 19:21:14] Marked situation: [0, 0, 0, 0, 0, 0, 0]
[2026-07-06 19:21:14] have_double_effect_times: 0 , is_activating_double_effect: 0 , already_activate_double_effect_times: 0
[2026-07-06 19:21:14] Sent map info: [[19.413331985473633, 6.463034629821777], [0.0, 0.0], [2.39681, 2.36], [15.792892456054688, 11.90390396118164], [0.5, 14.5], [7.0545806884765625, 0.9344143271446228], [22.42788553237915, 8.178573608398438], [17.444581031799316, 10.743536949157715], [18.945005416870117, 9.809845924377441], [20.58313226699829, 6.9792351722717285], [27.5, 0.5], [15.79853630065918, 11.89860725402832]]
[2026-07-06 19:21:14] Sent map infos: [[19.413331985473633, 6.463034629821777], [0.0, 0.0], [2.39681, 2.36], [15.792892456054688, 11.90390396118164], [0.5, 14.5], [7.0545806884765625, 0.9344143271446228], [22.42788553237915, 8.178573608398438], [17.444581031799316, 10.743536949157715], [18.945005416870117, 9.809845924377441], [20.58313226699829, 6.9792351722717285], [27.5, 0.5], [15.79853630065918, 11.89860725402832]]
[2026-07-06 19:21:14] Marked situation: [0, 0, 0, 0, 0, 0, 0]
[2026-07-06 19:21:14] have_double_effect_times: 0 , is_activating_double_effect: 0 , already_activate_double_effect_times: 0
[2026-07-06 19:21:14] Marked situation: [0, 0, 0, 0, 0, 0, 0]
[2026-07-06 19:21:14] have_double_effect_times: 0 , is_activating_double_effect: 0 , already_activate_double_effect_times: 0
[2026-07-06 19:21:14] Sent map info: [[19.23933696746826, 6.425434589385986], [0.0, 0.0], [2.39681, 2.36], [15.792892456054688, 11.90390396118164], [0.5, 14.5], [7.019731521606445, 0.9063670635223389], [22.42788553237915, 8.178573608398438], [19.43513774871826, 8.330347061157227], [18.945005416870117, 9.809845924377441], [20.58313226699829, 6.9792351722717285], [27.5, 0.5], [15.813435554504395, 11.884625434875488]]
[2026-07-06 19:21:14] Sent map infos: [[19.23933696746826, 6.425434589385986], [0.0, 0.0], [2.39681, 2.36], [15.792892456054688, 11.90390396118164], [0.5, 14.5], [7.019731521606445, 0.9063670635223389], [22.42788553237915, 8.178573608398438], [19.43513774871826, 8.330347061157227], [18.945005416870117, 9.809845924377441], [20.58313226699829, 6.9792351722717285], [27.5, 0.5], [15.813435554504395, 11.884625434875488]]
[2026-07-06 19:21:14] Marked situation: [0, 0, 0, 0, 0, 0, 0]
[2026-07-06 19:21:14] have_double_effect_times: 0 , is_activating_double_effect: 0 , already_activate_double_effect_times: 0
[2026-07-06 19:21:15] Marked situation: [0, 0, 0, 0, 0, 0, 0]
[2026-07-06 19:21:15] have_double_effect_times: 0 , is_activating_double_effect: 0 , already_activate_double_effect_times: 0
[2026-07-06 19:21:15] Sent map info: [[18.12517547607422, 6.099753379821777], [0.0, 0.0], [2.39681, 2.36], [17.103426933288574, 12.062870025634766], [0.5, 14.5], [7.042150497436523, 0.9113250374794006], [22.42788553237915, 8.178573608398438], [19.43513774871826, 8.330347061157227], [18.945005416870117, 9.809845924377441], [20.686548709869385, 6.93488073348999], [27.5, 0.5], [15.769115447998047, 11.972496032714844]]
[2026-07-06 19:21:15] Sent map infos: [[18.12517547607422, 6.099753379821777], [0.0, 0.0], [2.39681, 2.36], [17.103426933288574, 12.062870025634766], [0.5, 14.5], [7.042150497436523, 0.9113250374794006], [22.42788553237915, 8.178573608398438], [19.43513774871826, 8.330347061157227], [18.945005416870117, 9.809845924377441], [20.686548709869385, 6.93488073348999], [27.5, 0.5], [15.769115447998047, 11.972496032714844]]
[2026-07-06 19:21:15] Marked situation: [0, 0, 0, 0, 0, 0, 0]
[2026-07-06 19:21:15] have_double_effect_times: 0 , is_activating_double_effect: 0 , already_activate_double_effect_times: 0
[2026-07-06 19:21:15] Marked situation: [0, 0, 0, 0, 0, 0, 0]
[2026-07-06 19:21:15] have_double_effect_times: 0 , is_activating_double_effect: 0 , already_activate_double_effect_times: 0
[2026-07-06 19:21:15] Sent map info: [[17.082871437072754, 5.0998406410217285], [0.0, 0.0], [2.39681, 2.36], [16.967097282409668, 11.995567321777344], [0.5, 14.5], [7.013851165771484, 0.9170331358909607], [22.42788553237915, 8.178573608398438], [19.43513774871826, 8.330347061157227], [18.945005416870117, 9.809845924377441], [20.564422607421875, 6.943227291107178], [27.5, 0.5], [15.71678638458252, 12.021524429321289]]
[2026-07-06 19:21:15] Sent map infos: [[17.082871437072754, 5.0998406410217285], [0.0, 0.0], [2.39681, 2.36], [16.967097282409668, 11.995567321777344], [0.5, 14.5], [7.013851165771484, 0.9170331358909607], [22.42788553237915, 8.178573608398438], [19.43513774871826, 8.330347061157227], [18.945005416870117, 9.809845924377441], [20.564422607421875, 6.943227291107178], [27.5, 0.5], [15.71678638458252, 12.021524429321289]]
[2026-07-06 19:21:15] Marked situation: [0, 0, 0, 0, 0, 0, 0]
[2026-07-06 19:21:15] have_double_effect_times: 0 , is_activating_double_effect: 0 , already_activate_double_effect_times: 0
[2026-07-06 19:21:15] Marked situation: [0, 0, 0, 0, 0, 0, 0]
[2026-07-06 19:21:15] have_double_effect_times: 0 , is_activating_double_effect: 0 , already_activate_double_effect_times: 0
[2026-07-06 19:21:15] Sent map info: [[14.703534126281738, 5.8598761558532715], [0.0, 0.0], [2.39681, 2.36], [16.810375213623047, 12.13677978515625], [0.5, 14.5], [7.058589935302734, 0.9271607398986816], [22.42788553237915, 8.178573608398438], [19.43513774871826, 8.330347061157227], [18.945005416870117, 9.809845924377441], [20.498222827911377, 6.95252799987793], [27.5, 0.5], [15.684293746948242, 12.098092079162598]]
[2026-07-06 19:21:15] Sent map infos: [[14.703534126281738, 5.8598761558532715], [0.0, 0.0], [2.39681, 2.36], [16.810375213623047, 12.13677978515625], [0.5, 14.5], [7.058589935302734, 0.9271607398986816], [22.42788553237915, 8.178573608398438], [19.43513774871826, 8.330347061157227], [18.945005416870117, 9.809845924377441], [20.498222827911377, 6.95252799987793], [27.5, 0.5], [15.684293746948242, 12.098092079162598]]
[2026-07-06 19:21:16] Marked situation: [0, 0, 0, 0, 0, 0, 0]
[2026-07-06 19:21:16] have_double_effect_times: 0 , is_activating_double_effect: 0 , already_activate_double_effect_times: 0
[2026-07-06 19:21:16] Marked situation: [0, 0, 0, 0, 0, 0, 0]
[2026-07-06 19:21:16] have_double_effect_times: 0 , is_activating_double_effect: 0 , already_activate_double_effect_times: 0
[2026-07-06 19:21:16] Sent map info: [[12.759550094604492, 7.272027015686035], [0.0, 0.0], [2.39681, 2.36], [16.855238914489746, 12.237898826599121], [0.5, 14.5], [7.035482406616211, 0.9234033823013306], [22.42788553237915, 8.178573608398438], [19.43513774871826, 8.330347061157227], [18.945005416870117, 9.809845924377441], [20.466426372528076, 6.929140090942383], [27.5, 0.5], [15.668521881103516, 12.112845420837402]]
[2026-07-06 19:21:16] Sent map infos: [[12.759550094604492, 7.272027015686035], [0.0, 0.0], [2.39681, 2.36], [16.855238914489746, 12.237898826599121], [0.5, 14.5], [7.035482406616211, 0.9234033823013306], [22.42788553237915, 8.178573608398438], [19.43513774871826, 8.330347061157227], [18.945005416870117, 9.809845924377441], [20.466426372528076, 6.929140090942383], [27.5, 0.5], [15.668521881103516, 12.112845420837402]]
[2026-07-06 19:21:16] Marked situation: [0, 0, 0, 0, 0, 0, 0]
[2026-07-06 19:21:16] have_double_effect_times: 0 , is_activating_double_effect: 0 , already_activate_double_effect_times: 0
[2026-07-06 19:21:16] Marked situation: [0, 0, 0, 0, 0, 0, 0]
[2026-07-06 19:21:16] have_double_effect_times: 0 , is_activating_double_effect: 0 , already_activate_double_effect_times: 0
[2026-07-06 19:21:16] Sent map info: [[11.938173294067383, 7.948977947235107], [0.0, 0.0], [2.39681, 2.36], [16.855238914489746, 12.237898826599121], [0.5, 14.5], [7.054006576538086, 0.9354548454284668], [22.42788553237915, 8.178573608398438], [15.71281909942627, 12.117548942565918], [18.945005416870117, 9.809845924377441], [20.463249683380127, 6.932174205780029], [27.5, 0.5], [15.722342491149902, 12.108654975891113]]
[2026-07-06 19:21:16] Sent map infos: [[11.938173294067383, 7.948977947235107], [0.0, 0.0], [2.39681, 2.36], [16.855238914489746, 12.237898826599121], [0.5, 14.5], [7.054006576538086, 0.9354548454284668], [22.42788553237915, 8.178573608398438], [15.71281909942627, 12.117548942565918], [18.945005416870117, 9.809845924377441], [20.463249683380127, 6.932174205780029], [27.5, 0.5], [15.722342491149902, 12.108654975891113]]
[2026-07-06 19:21:16] Marked situation: [0, 0, 0, 0, 0, 0, 0]
[2026-07-06 19:21:16] have_double_effect_times: 0 , is_activating_double_effect: 0 , already_activate_double_effect_times: 0
[2026-07-06 19:21:17] Marked situation: [0, 0, 0, 0, 0, 0, 0]
[2026-07-06 19:21:17] have_double_effect_times: 0 , is_activating_double_effect: 0 , already_activate_double_effect_times: 0
[2026-07-06 19:21:17] Sent map info: [[10.428638458251953, 7.536803722381592], [0.0, 0.0], [2.39681, 2.36], [16.855238914489746, 12.237898826599121], [0.5, 14.5], [7.05238151550293, 0.9383960962295532], [22.42788553237915, 8.178573608398438], [16.150615692138672, 12.035499572753906], [18.945005416870117, 9.809845924377441], [20.514079093933105, 6.937408924102783], [27.5, 0.5], [15.722342491149902, 12.108654975891113]]
[2026-07-06 19:21:17] Sent map infos: [[10.428638458251953, 7.536803722381592], [0.0, 0.0], [2.39681, 2.36], [16.855238914489746, 12.237898826599121], [0.5, 14.5], [7.05238151550293, 0.9383960962295532], [22.42788553237915, 8.178573608398438], [16.150615692138672, 12.035499572753906], [18.945005416870117, 9.809845924377441], [20.514079093933105, 6.937408924102783], [27.5, 0.5], [15.722342491149902, 12.108654975891113]]
[2026-07-06 19:21:17] Marked situation: [0, 0, 0, 0, 0, 0, 0]
[2026-07-06 19:21:17] have_double_effect_times: 0 , is_activating_double_effect: 0 , already_activate_double_effect_times: 0
[2026-07-06 19:21:17] Marked situation: [0, 0, 0, 0, 0, 0, 0]
[2026-07-06 19:21:17] have_double_effect_times: 0 , is_activating_double_effect: 0 , already_activate_double_effect_times: 0
[2026-07-06 19:21:17] Sent map info: [[5.238910675048828, 5.991546630859375], [0.0, 0.0], [2.39681, 2.36], [2.39681, 2.36], [0.5, 14.5], [7.051174163818359, 0.9405803680419922], [22.42788553237915, 8.178573608398438], [16.189826011657715, 12.045927047729492], [18.945005416870117, 9.809845924377441], [20.496087074279785, 6.954564571380615], [27.5, 0.5], [16.387259483337402, 12.004536628723145]]
[2026-07-06 19:21:17] Sent map infos: [[5.238910675048828, 5.991546630859375], [0.0, 0.0], [2.39681, 2.36], [2.39681, 2.36], [0.5, 14.5], [7.051174163818359, 0.9405803680419922], [22.42788553237915, 8.178573608398438], [16.189826011657715, 12.045927047729492], [18.945005416870117, 9.809845924377441], [20.496087074279785, 6.954564571380615], [27.5, 0.5], [16.387259483337402, 12.004536628723145]]
[2026-07-06 19:21:17] Marked situation: [0, 0, 0, 0, 0, 0, 0]
[2026-07-06 19:21:17] have_double_effect_times: 0 , is_activating_double_effect: 0 , already_activate_double_effect_times: 0
[2026-07-06 19:21:17] Marked situation: [0, 0, 0, 0, 0, 0, 0]
[2026-07-06 19:21:17] have_double_effect_times: 0 , is_activating_double_effect: 0 , already_activate_double_effect_times: 0
[2026-07-06 19:21:17] Sent map info: [[2.4505748748779297, 5.100772380828857], [0.0, 0.0], [2.39681, 2.36], [2.39681, 2.36], [0.5, 14.5], [7.00830078125, 0.9270972013473511], [22.42788553237915, 8.178573608398438], [16.189826011657715, 12.045927047729492], [18.945005416870117, 9.809845924377441], [20.457597732543945, 6.937572002410889], [27.5, 0.5], [16.38883399963379, 12.003091812133789]]
[2026-07-06 19:21:17] Sent map infos: [[2.4505748748779297, 5.100772380828857], [0.0, 0.0], [2.39681, 2.36], [2.39681, 2.36], [0.5, 14.5], [7.00830078125, 0.9270972013473511], [22.42788553237915, 8.178573608398438], [16.189826011657715, 12.045927047729492], [18.945005416870117, 9.809845924377441], [20.457597732543945, 6.937572002410889], [27.5, 0.5], [16.38883399963379, 12.003091812133789]]
[2026-07-06 19:21:18] Marked situation: [0, 0, 0, 0, 0, 0, 0]
[2026-07-06 19:21:18] have_double_effect_times: 0 , is_activating_double_effect: 0 , already_activate_double_effect_times: 0
[2026-07-06 19:21:18] Marked situation: [0, 0, 0, 0, 0, 0, 0]
[2026-07-06 19:21:18] have_double_effect_times: 0 , is_activating_double_effect: 0 , already_activate_double_effect_times: 0
[2026-07-06 19:21:18] Sent map info: [[2.429880142211914, 5.104171276092529], [0.0, 0.0], [2.39681, 2.36], [2.39681, 2.36], [0.5, 14.5], [6.980405807495117, 0.9321677684783936], [22.42788553237915, 8.178573608398438], [16.553117752075195, 12.040475845336914], [18.945005416870117, 9.809845924377441], [20.508498668670654, 6.942729473114014], [27.5, 0.5], [16.38883399963379, 12.003091812133789]]
[2026-07-06 19:21:18] Sent map infos: [[2.429880142211914, 5.104171276092529], [0.0, 0.0], [2.39681, 2.36], [2.39681, 2.36], [0.5, 14.5], [6.980405807495117, 0.9321677684783936], [22.42788553237915, 8.178573608398438], [16.553117752075195, 12.040475845336914], [18.945005416870117, 9.809845924377441], [20.508498668670654, 6.942729473114014], [27.5, 0.5], [16.38883399963379, 12.003091812133789]]
[2026-07-06 19:21:18] Marked situation: [0, 0, 0, 0, 0, 0, 0]
[2026-07-06 19:21:18] have_double_effect_times: 0 , is_activating_double_effect: 0 , already_activate_double_effect_times: 0
[2026-07-06 19:21:18] Marked situation: [0, 0, 0, 0, 0, 0, 0]
[2026-07-06 19:21:18] have_double_effect_times: 0 , is_activating_double_effect: 0 , already_activate_double_effect_times: 0
[2026-07-06 19:21:18] Sent map info: [[2.429880142211914, 5.104171276092529], [0.0, 0.0], [2.39681, 2.36], [2.39681, 2.36], [0.5, 14.5], [7.051542282104492, 0.9399112462997437], [22.42788553237915, 8.178573608398438], [16.585988998413086, 12.05751895904541], [18.945005416870117, 9.809845924377441], [20.51003408432007, 6.94126558303833], [27.5, 0.5], [16.38883399963379, 12.003091812133789]]
[2026-07-06 19:21:18] Sent map infos: [[2.429880142211914, 5.104171276092529], [0.0, 0.0], [2.39681, 2.36], [2.39681, 2.36], [0.5, 14.5], [7.051542282104492, 0.9399112462997437], [22.42788553237915, 8.178573608398438], [16.585988998413086, 12.05751895904541], [18.945005416870117, 9.809845924377441], [20.51003408432007, 6.94126558303833], [27.5, 0.5], [16.38883399963379, 12.003091812133789]]
[2026-07-06 19:21:18] Marked situation: [0, 0, 0, 0, 0, 0, 0]
[2026-07-06 19:21:18] have_double_effect_times: 0 , is_activating_double_effect: 0 , already_activate_double_effect_times: 0
[2026-07-06 19:21:19] Marked situation: [0, 0, 0, 0, 0, 0, 0]
[2026-07-06 19:21:19] have_double_effect_times: 0 , is_activating_double_effect: 0 , already_activate_double_effect_times: 0
[2026-07-06 19:21:19] Sent map info: [[0.0, 0.0], [0.0, 0.0], [2.39681, 2.36], [2.39681, 2.36], [0.5, 14.5], [7.035625457763672, 0.9231441020965576], [22.42788553237915, 8.178573608398438], [16.730341911315918, 12.06765365600586], [18.945005416870117, 9.809845924377441], [20.561684608459473, 6.945834159851074], [27.5, 0.5], [16.38883399963379, 12.003091812133789]]
[2026-07-06 19:21:19] Sent map infos: [[0.0, 0.0], [0.0, 0.0], [2.39681, 2.36], [2.39681, 2.36], [0.5, 14.5], [7.035625457763672, 0.9231441020965576], [22.42788553237915, 8.178573608398438], [16.730341911315918, 12.06765365600586], [18.945005416870117, 9.809845924377441], [20.561684608459473, 6.945834159851074], [27.5, 0.5], [16.38883399963379, 12.003091812133789]]
[2026-07-06 19:21:19] Marked situation: [0, 0, 0, 0, 0, 0, 0]
[2026-07-06 19:21:19] have_double_effect_times: 0 , is_activating_double_effect: 0 , already_activate_double_effect_times: 0
[2026-07-06 19:21:19] Marked situation: [0, 0, 0, 0, 0, 0, 0]
[2026-07-06 19:21:19] have_double_effect_times: 0 , is_activating_double_effect: 0 , already_activate_double_effect_times: 0
[2026-07-06 19:21:19] Sent map info: [[0.0, 0.0], [0.0, 0.0], [2.39681, 2.36], [2.39681, 2.36], [0.5, 14.5], [7.032958984375, 0.9279748201370239], [22.42788553237915, 8.178573608398438], [16.710745811462402, 12.038291931152344], [18.945005416870117, 9.809845924377441], [20.505988121032715, 6.945123672485352], [27.5, 0.5], [16.38883399963379, 12.003091812133789]]
[2026-07-06 19:21:19] Sent map infos: [[0.0, 0.0], [0.0, 0.0], [2.39681, 2.36], [2.39681, 2.36], [0.5, 14.5], [7.032958984375, 0.9279748201370239], [22.42788553237915, 8.178573608398438], [16.710745811462402, 12.038291931152344], [18.945005416870117, 9.809845924377441], [20.505988121032715, 6.945123672485352], [27.5, 0.5], [16.38883399963379, 12.003091812133789]]
[2026-07-06 19:21:19] Marked situation: [0, 0, 0, 0, 0, 0, 0]
[2026-07-06 19:21:19] have_double_effect_times: 0 , is_activating_double_effect: 0 , already_activate_double_effect_times: 0
[2026-07-06 19:21:19] Marked situation: [0, 0, 0, 0, 0, 0, 0]
[2026-07-06 19:21:19] have_double_effect_times: 0 , is_activating_double_effect: 0 , already_activate_double_effect_times: 0
[2026-07-06 19:21:19] Sent map info: [[0.0, 0.0], [0.0, 0.0], [2.39681, 2.36], [2.39681, 2.36], [0.5, 14.5], [7.032958984375, 0.9279748201370239], [22.42788553237915, 8.178573608398438], [16.710745811462402, 12.038291931152344], [18.945005416870117, 9.809845924377441], [20.505988121032715, 6.945123672485352], [27.5, 0.5], [16.38883399963379, 12.003091812133789]]
[2026-07-06 19:21:19] Sent map infos: [[0.0, 0.0], [0.0, 0.0], [2.39681, 2.36], [2.39681, 2.36], [0.5, 14.5], [7.032958984375, 0.9279748201370239], [22.42788553237915, 8.178573608398438], [16.710745811462402, 12.038291931152344], [18.945005416870117, 9.809845924377441], [20.505988121032715, 6.945123672485352], [27.5, 0.5], [16.38883399963379, 12.003091812133789]]
[2026-07-06 19:21:20] Marked situation: [0, 0, 0, 0, 0, 0, 0]
[2026-07-06 19:21:20] have_double_effect_times: 0 , is_activating_double_effect: 0 , already_activate_double_effect_times: 0
[2026-07-06 19:21:20] Marked situation: [0, 0, 0, 0, 0, 0, 0]
[2026-07-06 19:21:20] have_double_effect_times: 0 , is_activating_double_effect: 0 , already_activate_double_effect_times: 0
[2026-07-06 19:21:20] Sent map info: [[0.0, 0.0], [0.0, 0.0], [2.39681, 2.36], [2.39681, 2.36], [0.5, 14.5], [7.032958984375, 0.9279748201370239], [22.42788553237915, 8.178573608398438], [16.710745811462402, 12.038291931152344], [18.945005416870117, 9.809845924377441], [20.505988121032715, 6.945123672485352], [27.5, 0.5], [16.38883399963379, 12.003091812133789]]
[2026-07-06 19:21:20] Sent map infos: [[0.0, 0.0], [0.0, 0.0], [2.39681, 2.36], [2.39681, 2.36], [0.5, 14.5], [7.032958984375, 0.9279748201370239], [22.42788553237915, 8.178573608398438], [16.710745811462402, 12.038291931152344], [18.945005416870117, 9.809845924377441], [20.505988121032715, 6.945123672485352], [27.5, 0.5], [16.38883399963379, 12.003091812133789]]
[2026-07-06 19:21:20] Marked situation: [0, 0, 0, 0, 0, 0, 0]
[2026-07-06 19:21:20] have_double_effect_times: 0 , is_activating_double_effect: 0 , already_activate_double_effect_times: 0
[2026-07-06 19:21:20] Marked situation: [0, 0, 0, 0, 0, 0, 0]
[2026-07-06 19:21:20] have_double_effect_times: 0 , is_activating_double_effect: 0 , already_activate_double_effect_times: 0
[2026-07-06 19:21:20] Sent map info: [[0.0, 0.0], [0.0, 0.0], [2.39681, 2.36], [2.39681, 2.36], [0.5, 14.5], [2.39681, 2.36], [22.42788553237915, 8.178573608398438], [16.710745811462402, 12.038291931152344], [18.945005416870117, 9.809845924377441], [20.505988121032715, 6.945123672485352], [27.5, 0.5], [16.38883399963379, 12.003091812133789]]
[2026-07-06 19:21:20] Sent map infos: [[0.0, 0.0], [0.0, 0.0], [2.39681, 2.36], [2.39681, 2.36], [0.5, 14.5], [2.39681, 2.36], [22.42788553237915, 8.178573608398438], [16.710745811462402, 12.038291931152344], [18.945005416870117, 9.809845924377441], [20.505988121032715, 6.945123672485352], [27.5, 0.5], [16.38883399963379, 12.003091812133789]]
[2026-07-06 19:21:20] Marked situation: [0, 0, 0, 0, 0, 0, 0]
[2026-07-06 19:21:20] have_double_effect_times: 0 , is_activating_double_effect: 0 , already_activate_double_effect_times: 0
[2026-07-06 19:21:21] Marked situation: [0, 0, 0, 0, 0, 0, 0]
[2026-07-06 19:21:21] have_double_effect_times: 0 , is_activating_double_effect: 0 , already_activate_double_effect_times: 0
[2026-07-06 19:21:21] Sent map info: [[0.0, 0.0], [0.0, 0.0], [2.39681, 2.36], [2.39681, 2.36], [0.5, 14.5], [2.39681, 2.36], [22.42788553237915, 8.178573608398438], [16.710745811462402, 12.038291931152344], [18.945005416870117, 9.809845924377441], [20.505988121032715, 6.945123672485352], [27.5, 0.5], [16.38883399963379, 12.003091812133789]]
[2026-07-06 19:21:21] Sent map infos: [[0.0, 0.0], [0.0, 0.0], [2.39681, 2.36], [2.39681, 2.36], [0.5, 14.5], [2.39681, 2.36], [22.42788553237915, 8.178573608398438], [16.710745811462402, 12.038291931152344], [18.945005416870117, 9.809845924377441], [20.505988121032715, 6.945123672485352], [27.5, 0.5], [16.38883399963379, 12.003091812133789]]
[2026-07-06 19:21:21] Marked situation: [0, 0, 0, 0, 0, 0, 0]
[2026-07-06 19:21:21] have_double_effect_times: 0 , is_activating_double_effect: 0 , already_activate_double_effect_times: 0
[2026-07-06 19:21:21] Marked situation: [0, 0, 0, 0, 0, 0, 0]
[2026-07-06 19:21:21] have_double_effect_times: 0 , is_activating_double_effect: 0 , already_activate_double_effect_times: 0
[2026-07-06 19:21:21] Sent map info: [[0.0, 0.0], [0.0, 0.0], [2.39681, 2.36], [2.39681, 2.36], [0.5, 14.5], [2.39681, 2.36], [22.42788553237915, 8.178573608398438], [16.710745811462402, 12.038291931152344], [18.945005416870117, 9.809845924377441], [20.505988121032715, 6.945123672485352], [27.5, 0.5], [16.38883399963379, 12.003091812133789]]
[2026-07-06 19:21:21] Sent map infos: [[0.0, 0.0], [0.0, 0.0], [2.39681, 2.36], [2.39681, 2.36], [0.5, 14.5], [2.39681, 2.36], [22.42788553237915, 8.178573608398438], [16.710745811462402, 12.038291931152344], [18.945005416870117, 9.809845924377441], [20.505988121032715, 6.945123672485352], [27.5, 0.5], [16.38883399963379, 12.003091812133789]]
[2026-07-06 19:21:21] Marked situation: [0, 0, 0, 0, 0, 0, 0]
[2026-07-06 19:21:21] have_double_effect_times: 0 , is_activating_double_effect: 0 , already_activate_double_effect_times: 0
[2026-07-06 19:21:21] Marked situation: [0, 0, 0, 0, 0, 0, 0]
[2026-07-06 19:21:21] have_double_effect_times: 0 , is_activating_double_effect: 0 , already_activate_double_effect_times: 0
[2026-07-06 19:21:21] Sent map info: [[0.0, 0.0], [0.0, 0.0], [2.39681, 2.36], [2.39681, 2.36], [0.5, 14.5], [2.39681, 2.36], [22.42788553237915, 8.178573608398438], [16.710745811462402, 12.038291931152344], [18.945005416870117, 9.809845924377441], [20.505988121032715, 6.945123672485352], [27.5, 0.5], [16.38883399963379, 12.003091812133789]]
[2026-07-06 19:21:21] Sent map infos: [[0.0, 0.0], [0.0, 0.0], [2.39681, 2.36], [2.39681, 2.36], [0.5, 14.5], [2.39681, 2.36], [22.42788553237915, 8.178573608398438], [16.710745811462402, 12.038291931152344], [18.945005416870117, 9.809845924377441], [20.505988121032715, 6.945123672485352], [27.5, 0.5], [16.38883399963379, 12.003091812133789]]
[2026-07-06 19:21:22] Marked situation: [0, 0, 0, 0, 0, 0, 0]
[2026-07-06 19:21:22] have_double_effect_times: 0 , is_activating_double_effect: 0 , already_activate_double_effect_times: 0
[2026-07-06 19:21:22] Marked situation: [0, 0, 0, 0, 0, 0, 0]
[2026-07-06 19:21:22] have_double_effect_times: 0 , is_activating_double_effect: 0 , already_activate_double_effect_times: 0
[2026-07-06 19:21:22] Sent map info: [[0.0, 0.0], [0.0, 0.0], [2.39681, 2.36], [2.39681, 2.36], [0.5, 14.5], [2.39681, 2.36], [22.42788553237915, 8.178573608398438], [16.710745811462402, 12.038291931152344], [18.945005416870117, 9.809845924377441], [20.505988121032715, 6.945123672485352], [27.5, 0.5], [16.38883399963379, 12.003091812133789]]
[2026-07-06 19:21:22] Sent map infos: [[0.0, 0.0], [0.0, 0.0], [2.39681, 2.36], [2.39681, 2.36], [0.5, 14.5], [2.39681, 2.36], [22.42788553237915, 8.178573608398438], [16.710745811462402, 12.038291931152344], [18.945005416870117, 9.809845924377441], [20.505988121032715, 6.945123672485352], [27.5, 0.5], [16.38883399963379, 12.003091812133789]]
[2026-07-06 19:21:22] Marked situation: [0, 0, 0, 0, 0, 0, 0]
[2026-07-06 19:21:22] have_double_effect_times: 0 , is_activating_double_effect: 0 , already_activate_double_effect_times: 0
[2026-07-06 19:21:22] Marked situation: [0, 0, 0, 0, 0, 0, 0]
[2026-07-06 19:21:22] have_double_effect_times: 0 , is_activating_double_effect: 0 , already_activate_double_effect_times: 0
[2026-07-06 19:21:22] Sent map info: [[0.0, 0.0], [0.0, 0.0], [2.39681, 2.36], [2.39681, 2.36], [0.5, 14.5], [2.39681, 2.36], [22.42788553237915, 8.178573608398438], [16.710745811462402, 12.038291931152344], [18.945005416870117, 9.809845924377441], [20.505988121032715, 6.945123672485352], [27.5, 0.5], [16.38883399963379, 12.003091812133789]]
[2026-07-06 19:21:22] Sent map infos: [[0.0, 0.0], [0.0, 0.0], [2.39681, 2.36], [2.39681, 2.36], [0.5, 14.5], [2.39681, 2.36], [22.42788553237915, 8.178573608398438], [16.710745811462402, 12.038291931152344], [18.945005416870117, 9.809845924377441], [20.505988121032715, 6.945123672485352], [27.5, 0.5], [16.38883399963379, 12.003091812133789]]
[2026-07-06 19:21:22] Marked situation: [0, 0, 0, 0, 0, 0, 0]
[2026-07-06 19:21:22] have_double_effect_times: 0 , is_activating_double_effect: 0 , already_activate_double_effect_times: 0
[2026-07-06 19:21:23] Marked situation: [0, 0, 0, 0, 0, 0, 0]
[2026-07-06 19:21:23] have_double_effect_times: 0 , is_activating_double_effect: 0 , already_activate_double_effect_times: 0
[2026-07-06 19:21:23] Sent map info: [[0.0, 0.0], [0.0, 0.0], [2.39681, 2.36], [2.39681, 2.36], [0.5, 14.5], [2.39681, 2.36], [22.42788553237915, 8.178573608398438], [16.710745811462402, 12.038291931152344], [18.945005416870117, 9.809845924377441], [20.505988121032715, 6.945123672485352], [27.5, 0.5], [16.38883399963379, 12.003091812133789]]
[2026-07-06 19:21:23] Sent map infos: [[0.0, 0.0], [0.0, 0.0], [2.39681, 2.36], [2.39681, 2.36], [0.5, 14.5], [2.39681, 2.36], [22.42788553237915, 8.178573608398438], [16.710745811462402, 12.038291931152344], [18.945005416870117, 9.809845924377441], [20.505988121032715, 6.945123672485352], [27.5, 0.5], [16.38883399963379, 12.003091812133789]]
[2026-07-06 19:21:23] Marked situation: [0, 0, 0, 0, 0, 0, 0]
[2026-07-06 19:21:23] have_double_effect_times: 0 , is_activating_double_effect: 0 , already_activate_double_effect_times: 0
[2026-07-06 19:21:23] Marked situation: [0, 0, 0, 0, 0, 0, 0]
[2026-07-06 19:21:23] have_double_effect_times: 0 , is_activating_double_effect: 0 , already_activate_double_effect_times: 0
[2026-07-06 19:21:23] Sent map info: [[0.0, 0.0], [0.0, 0.0], [2.39681, 2.36], [2.39681, 2.36], [0.5, 14.5], [7.0144805908203125, 0.915890634059906], [22.42788553237915, 8.178573608398438], [16.710745811462402, 12.038291931152344], [18.945005416870117, 9.809845924377441], [20.505988121032715, 6.945123672485352], [27.5, 0.5], [16.38883399963379, 12.003091812133789]]
[2026-07-06 19:21:23] Sent map infos: [[0.0, 0.0], [0.0, 0.0], [2.39681, 2.36], [2.39681, 2.36], [0.5, 14.5], [7.0144805908203125, 0.915890634059906], [22.42788553237915, 8.178573608398438], [16.710745811462402, 12.038291931152344], [18.945005416870117, 9.809845924377441], [20.505988121032715, 6.945123672485352], [27.5, 0.5], [16.38883399963379, 12.003091812133789]]
[2026-07-06 19:21:23] Marked situation: [0, 0, 0, 0, 0, 0, 0]
[2026-07-06 19:21:23] have_double_effect_times: 0 , is_activating_double_effect: 0 , already_activate_double_effect_times: 0
[2026-07-06 19:21:23] Marked situation: [0, 0, 0, 0, 0, 0, 0]
[2026-07-06 19:21:23] have_double_effect_times: 0 , is_activating_double_effect: 0 , already_activate_double_effect_times: 0
[2026-07-06 19:21:23] Sent map info: [[0.0, 0.0], [0.0, 0.0], [2.39681, 2.36], [2.39681, 2.36], [0.5, 14.5], [7.0144805908203125, 0.915890634059906], [22.42788553237915, 8.178573608398438], [16.710745811462402, 12.038291931152344], [18.945005416870117, 9.809845924377441], [20.505988121032715, 6.945123672485352], [27.5, 0.5], [16.38883399963379, 12.003091812133789]]
[2026-07-06 19:21:23] Sent map infos: [[0.0, 0.0], [0.0, 0.0], [2.39681, 2.36], [2.39681, 2.36], [0.5, 14.5], [7.0144805908203125, 0.915890634059906], [22.42788553237915, 8.178573608398438], [16.710745811462402, 12.038291931152344], [18.945005416870117, 9.809845924377441], [20.505988121032715, 6.945123672485352], [27.5, 0.5], [16.38883399963379, 12.003091812133789]]
[2026-07-06 19:21:24] Marked situation: [0, 0, 0, 0, 0, 0, 0]
[2026-07-06 19:21:24] have_double_effect_times: 0 , is_activating_double_effect: 0 , already_activate_double_effect_times: 0
[2026-07-06 19:21:24] Messager stop
[2026-07-06 19:21:24] Marked situation: [0, 0, 0, 0, 0, 0, 0]
[2026-07-06 19:21:24] have_double_effect_times: 0 , is_activating_double_effect: 0 , already_activate_double_effect_times: 0
[2026-07-06 19:21:24] Sent map info: [[0.0, 0.0], [0.0, 0.0], [2.39681, 2.36], [2.39681, 2.36], [0.5, 14.5], [7.0144805908203125, 0.915890634059906], [22.42788553237915, 8.178573608398438], [16.710745811462402, 12.038291931152344], [18.945005416870117, 9.809845924377441], [20.505988121032715, 6.945123672485352], [27.5, 0.5], [16.38883399963379, 12.003091812133789]]
[2026-07-06 19:21:24] Sent map infos: [[0.0, 0.0], [0.0, 0.0], [2.39681, 2.36], [2.39681, 2.36], [0.5, 14.5], [7.0144805908203125, 0.915890634059906], [22.42788553237915, 8.178573608398438], [16.710745811462402, 12.038291931152344], [18.945005416870117, 9.809845924377441], [20.505988121032715, 6.945123672485352], [27.5, 0.5], [16.38883399963379, 12.003091812133789]]
