[2026-07-08 17:08:50] [ROS] Receiver state publisher ready: /receiver/state
[2026-07-08 17:08:50] out while is working
[2026-07-08 17:08:50] buffer is less than 5, real size: 0
[2026-07-08 17:08:50] out while is working
[2026-07-08 17:08:50] buffer is less than 5, real size: 0
[2026-07-08 17:08:50] out while is working
[2026-07-08 17:08:50] buffer is less than 5, real size: 0
[2026-07-08 17:08:50] out while is working
[2026-07-08 17:08:50] buffer is less than 5, real size: 0
[2026-07-08 17:08:50] out while is working
[2026-07-08 17:08:50] buffer is less than 5, real size: 0
[2026-07-08 17:08:50] out while is working
[2026-07-08 17:08:50] buffer is less than 5, real size: 0
[2026-07-08 17:08:50] out while is working
[2026-07-08 17:08:50] buffer is less than 5, real size: 0
[2026-07-08 17:08:50] out while is working
[2026-07-08 17:08:50] buffer is less than 5, real size: 1
[2026-07-08 17:08:50] out while is working
[2026-07-08 17:08:50] data_length 14 iseq 221
[2026-07-08 17:08:50] begin switch_method
[2026-07-08 17:08:50] find command id514
[2026-07-08 17:08:50] data_length 17 iseq 222
[2026-07-08 17:08:50] buffer is less than sof_index + frame_length(26), buffer size: b'\xa5\x11\x00\xdej\x01\x02\t\x01'
[2026-07-08 17:08:50] out while is working
[2026-07-08 17:08:50] data_length 17 iseq 222
[2026-07-08 17:08:50] buffer is less than sof_index + frame_length(26), buffer size: b'\xa5\x11\x00\xdej\x01\x02\t\x01\xb8'
[2026-07-08 17:08:50] out while is working
[2026-07-08 17:08:50] data_length 17 iseq 222
[2026-07-08 17:08:50] begin switch_method
[2026-07-08 17:08:50] find command id513
[2026-07-08 17:08:50] buffer is less than 5, real size: 0
[2026-07-08 17:08:50] out while is working
[2026-07-08 17:08:50] buffer is less than 5, real size: 0
[2026-07-08 17:08:50] out while is working
[2026-07-08 17:08:50] buffer is less than 5, real size: 0
[2026-07-08 17:08:50] out while is working
[2026-07-08 17:08:50] buffer is less than 5, real size: 0
[2026-07-08 17:08:50] out while is working
[2026-07-08 17:08:50] buffer is less than 5, real size: 0
[2026-07-08 17:08:50] out while is working
[2026-07-08 17:08:50] buffer is less than 5, real size: 0
[2026-07-08 17:08:50] out while is working
[2026-07-08 17:08:50] buffer is less than 5, real size: 0
[2026-07-08 17:08:50] out while is working
[2026-07-08 17:08:50] buffer is less than 5, real size: 0
[2026-07-08 17:08:50] out while is working
[2026-07-08 17:08:50] buffer is less than 5, real size: 0
[2026-07-08 17:08:50] out while is working
[2026-07-08 17:08:50] buffer is less than 5, real size: 0
[2026-07-08 17:08:50] out while is working
[2026-07-08 17:08:50] buffer is less than 5, real size: 1
[2026-07-08 17:08:50] out while is working
[2026-07-08 17:08:50] data_length 14 iseq 223
[2026-07-08 17:08:50] begin switch_method
[2026-07-08 17:08:50] find command id514
[2026-07-08 17:08:50] data_length 17 iseq 224
[2026-07-08 17:08:50] buffer is less than sof_index + frame_length(26), buffer size: b'\xa5\x11\x00\xe0\xcb\x01\x02\t\x01'
[2026-07-08 17:08:50] out while is working
[2026-07-08 17:08:50] data_length 17 iseq 224
[2026-07-08 17:08:50] buffer is less than sof_index + frame_length(26), buffer size: b'\xa5\x11\x00\xe0\xcb\x01\x02\t\x01\xb8'
[2026-07-08 17:08:50] out while is working
[2026-07-08 17:08:50] data_length 17 iseq 224
[2026-07-08 17:08:50] begin switch_method
[2026-07-08 17:08:50] find command id513
[2026-07-08 17:08:50] buffer is less than 5, real size: 0
[2026-07-08 17:08:50] out while is working
[2026-07-08 17:08:50] buffer is less than 5, real size: 0
[2026-07-08 17:08:50] out while is working
[2026-07-08 17:08:50] buffer is less than 5, real size: 0
[2026-07-08 17:08:50] out while is working
[2026-07-08 17:08:50] buffer is less than 5, real size: 0
[2026-07-08 17:08:50] out while is working
[2026-07-08 17:08:50] buffer is less than 5, real size: 0
[2026-07-08 17:08:50] out while is working
[2026-07-08 17:08:50] buffer is less than 5, real size: 0
[2026-07-08 17:08:50] out while is working
[2026-07-08 17:08:50] buffer is less than 5, real size: 0
[2026-07-08 17:08:50] out while is working
[2026-07-08 17:08:50] buffer is less than 5, real size: 0
[2026-07-08 17:08:50] out while is working
[2026-07-08 17:08:50] buffer is less than 5, real size: 0
[2026-07-08 17:08:50] out while is working
[2026-07-08 17:08:50] buffer is less than 5, real size: 0
[2026-07-08 17:08:50] out while is working
[2026-07-08 17:08:50] buffer is less than 5, real size: 1
[2026-07-08 17:08:50] out while is working
[2026-07-08 17:08:50] data_length 14 iseq 225
[2026-07-08 17:08:50] begin switch_method
[2026-07-08 17:08:50] find command id514
[2026-07-08 17:08:50] data_length 17 iseq 226
[2026-07-08 17:08:50] buffer is less than sof_index + frame_length(26), buffer size: b'\xa5\x11\x00\xe2w\x01\x02\t\x01'
[2026-07-08 17:08:50] out while is working
[2026-07-08 17:08:50] data_length 17 iseq 226
[2026-07-08 17:08:50] buffer is less than sof_index + frame_length(26), buffer size: b'\xa5\x11\x00\xe2w\x01\x02\t\x01\xb8'
[2026-07-08 17:08:50] out while is working
[2026-07-08 17:08:50] data_length 17 iseq 226
[2026-07-08 17:08:50] begin switch_method
[2026-07-08 17:08:50] find command id513
[2026-07-08 17:08:50] buffer is less than 5, real size: 0
[2026-07-08 17:08:50] out while is working
[2026-07-08 17:08:50] buffer is less than 5, real size: 0
[2026-07-08 17:08:50] out while is working
[2026-07-08 17:08:50] buffer is less than 5, real size: 1
[2026-07-08 17:08:50] out while is working
[2026-07-08 17:08:50] data_length 5 iseq 227
[2026-07-08 17:08:50] begin switch_method
[2026-07-08 17:08:50] find command id521
[2026-07-08 17:08:50] buffer is less than 5, real size: 0
[2026-07-08 17:08:50] out while is working
[2026-07-08 17:08:50] buffer is less than 5, real size: 0
[2026-07-08 17:08:50] out while is working
[2026-07-08 17:08:50] buffer is less than 5, real size: 0
[2026-07-08 17:08:50] out while is working
[2026-07-08 17:08:50] buffer is less than 5, real size: 0
[2026-07-08 17:08:50] out while is working
[2026-07-08 17:08:50] buffer is less than 5, real size: 0
[2026-07-08 17:08:50] out while is working
[2026-07-08 17:08:50] buffer is less than 5, real size: 0
[2026-07-08 17:08:50] out while is working
[2026-07-08 17:08:50] buffer is less than 5, real size: 0
[2026-07-08 17:08:50] out while is working
[2026-07-08 17:08:50] buffer is less than 5, real size: 0
[2026-07-08 17:08:50] out while is working
[2026-07-08 17:08:50] buffer is less than 5, real size: 1
[2026-07-08 17:08:50] out while is working
[2026-07-08 17:08:50] data_length 14 iseq 228
[2026-07-08 17:08:50] begin switch_method
[2026-07-08 17:08:50] find command id514
[2026-07-08 17:08:50] data_length 17 iseq 229
[2026-07-08 17:08:50] buffer is less than sof_index + frame_length(26), buffer size: b'\xa5\x11\x00\xe5\xf4\x01\x02\t\x01'
[2026-07-08 17:08:50] out while is working
[2026-07-08 17:08:50] data_length 17 iseq 229
[2026-07-08 17:08:50] buffer is less than sof_index + frame_length(26), buffer size: b'\xa5\x11\x00\xe5\xf4\x01\x02\t\x01\xb8'
[2026-07-08 17:08:50] out while is working
[2026-07-08 17:08:50] data_length 17 iseq 229
[2026-07-08 17:08:50] begin switch_method
[2026-07-08 17:08:50] find command id513
[2026-07-08 17:08:50] buffer is less than 5, real size: 0
[2026-07-08 17:08:50] out while is working
[2026-07-08 17:08:50] buffer is less than 5, real size: 0
[2026-07-08 17:08:50] out while is working
[2026-07-08 17:08:50] buffer is less than 5, real size: 0
[2026-07-08 17:08:50] out while is working
[2026-07-08 17:08:50] buffer is less than 5, real size: 0
[2026-07-08 17:08:50] out while is working
[2026-07-08 17:08:50] buffer is less than 5, real size: 0
[2026-07-08 17:08:50] out while is working
[2026-07-08 17:08:50] buffer is less than 5, real size: 0
[2026-07-08 17:08:50] out while is working
[2026-07-08 17:08:50] buffer is less than 5, real size: 0
[2026-07-08 17:08:50] out while is working
[2026-07-08 17:08:50] buffer is less than 5, real size: 0
[2026-07-08 17:08:50] out while is working
[2026-07-08 17:08:50] buffer is less than 5, real size: 0
[2026-07-08 17:08:50] out while is working
[2026-07-08 17:08:50] buffer is less than 5, real size: 0
[2026-07-08 17:08:50] out while is working
[2026-07-08 17:08:50] buffer is less than 5, real size: 1
[2026-07-08 17:08:50] out while is working
[2026-07-08 17:08:50] data_length 14 iseq 230
[2026-07-08 17:08:50] begin switch_method
[2026-07-08 17:08:50] find command id514
[2026-07-08 17:08:50] data_length 17 iseq 231
[2026-07-08 17:08:50] buffer is less than sof_index + frame_length(26), buffer size: b'\xa5\x11\x00\xe7H\x01\x02\t\x01'
[2026-07-08 17:08:50] out while is working
[2026-07-08 17:08:50] data_length 17 iseq 231
[2026-07-08 17:08:50] buffer is less than sof_index + frame_length(26), buffer size: b'\xa5\x11\x00\xe7H\x01\x02\t\x01\xb8'
[2026-07-08 17:08:50] out while is working
[2026-07-08 17:08:50] data_length 17 iseq 231
[2026-07-08 17:08:50] begin switch_method
[2026-07-08 17:08:50] find command id513
[2026-07-08 17:08:50] buffer is less than 5, real size: 0
[2026-07-08 17:08:50] out while is working
[2026-07-08 17:08:50] buffer is less than 5, real size: 0
[2026-07-08 17:08:50] out while is working
[2026-07-08 17:08:50] buffer is less than 5, real size: 1
[2026-07-08 17:08:50] out while is working
[2026-07-08 17:08:50] data_length 2 iseq 232
[2026-07-08 17:08:50] begin switch_method
[2026-07-08 17:08:50] find command id524
[2026-07-08 17:08:50] Mark process: [0, 0, 0, 0, 0, 0] (raw bits: 0000000000000000)
[2026-07-08 17:08:50] buffer is less than 5, real size: 0
[2026-07-08 17:08:50] out while is working
[2026-07-08 17:08:50] buffer is less than 5, real size: 1
[2026-07-08 17:08:50] out while is working
[2026-07-08 17:08:50] data_length 4 iseq 233
[2026-07-08 17:08:50] begin switch_method
[2026-07-08 17:08:50] find command id257
[2026-07-08 17:08:50] data_length 11 iseq 234
[2026-07-08 17:08:50] buffer is less than sof_index + frame_length(20), buffer size: b'\xa5\x0b\x00\xea\x95\x01\x00\x01\x00\x00\x00\x00\x00\x00\x00\x00\x00\x00\xdd'
[2026-07-08 17:08:50] out while is working
[2026-07-08 17:08:50] data_length 11 iseq 234
[2026-07-08 17:08:50] begin switch_method
[2026-07-08 17:08:50] find command id1
[2026-07-08 17:08:50] buffer is less than 5, real size: 0
[2026-07-08 17:08:50] out while is working
[2026-07-08 17:08:50] data_length 3 iseq 235
[2026-07-08 17:08:50] begin switch_method
[2026-07-08 17:08:50] find command id261
[2026-07-08 17:08:50] Dart target: 0
[2026-07-08 17:08:50] data_length 1 iseq 236
[2026-07-08 17:08:50] begin switch_method
[2026-07-08 17:08:50] find command id526
[2026-07-08 17:08:50] Double effect chance: 0, is double effect active: 0
[2026-07-08 17:08:50] Interference level: 1, is key updated: 1
[2026-07-08 17:08:50] buffer is less than 5, real size: 0
[2026-07-08 17:08:50] out while is working
[2026-07-08 17:08:50] buffer is less than 5, real size: 0
[2026-07-08 17:08:50] out while is working
[2026-07-08 17:08:50] buffer is less than 5, real size: 0
[2026-07-08 17:08:50] out while is working
[2026-07-08 17:08:50] buffer is less than 5, real size: 0
[2026-07-08 17:08:50] out while is working
[2026-07-08 17:08:50] buffer is less than 5, real size: 0
[2026-07-08 17:08:50] out while is working
[2026-07-08 17:08:50] buffer is less than 5, real size: 0
[2026-07-08 17:08:50] out while is working
[2026-07-08 17:08:50] buffer is less than 5, real size: 0
[2026-07-08 17:08:50] out while is working
[2026-07-08 17:08:50] buffer is less than 5, real size: 0
[2026-07-08 17:08:50] out while is working
[2026-07-08 17:08:50] buffer is less than 5, real size: 1
[2026-07-08 17:08:50] out while is working
[2026-07-08 17:08:50] data_length 5 iseq 237
[2026-07-08 17:08:50] begin switch_method
[2026-07-08 17:08:50] find command id521
[2026-07-08 17:08:50] data_length 14 iseq 238
[2026-07-08 17:08:50] buffer is less than sof_index + frame_length(23), buffer size: b'\xa5\x0e\x00\xee\xc1\x02\x02\x00\x00\x00\x00\x00\x00\x00\x00\x00\x00\x00'
[2026-07-08 17:08:50] out while is working
[2026-07-08 17:08:50] data_length 14 iseq 238
[2026-07-08 17:08:50] buffer is less than sof_index + frame_length(23), buffer size: b'\xa5\x0e\x00\xee\xc1\x02\x02\x00\x00\x00\x00\x00\x00\x00\x00\x00\x00\x00\x00'
[2026-07-08 17:08:50] out while is working
[2026-07-08 17:08:50] data_length 14 iseq 238
[2026-07-08 17:08:50] begin switch_method
[2026-07-08 17:08:50] find command id514
[2026-07-08 17:08:50] data_length 17 iseq 239
[2026-07-08 17:08:50] begin switch_method
[2026-07-08 17:08:50] find command id513
[2026-07-08 17:08:50] buffer is less than 5, real size: 0
[2026-07-08 17:08:50] out while is working
[2026-07-08 17:08:50] buffer is less than 5, real size: 0
[2026-07-08 17:08:50] out while is working
[2026-07-08 17:08:50] buffer is less than 5, real size: 0
[2026-07-08 17:08:50] out while is working
[2026-07-08 17:08:50] buffer is less than 5, real size: 0
[2026-07-08 17:08:50] out while is working
[2026-07-08 17:08:50] buffer is less than 5, real size: 0
[2026-07-08 17:08:50] out while is working
[2026-07-08 17:08:50] buffer is less than 5, real size: 0
[2026-07-08 17:08:50] out while is working
[2026-07-08 17:08:50] buffer is less than 5, real size: 0
[2026-07-08 17:08:50] out while is working
[2026-07-08 17:08:50] buffer is less than 5, real size: 0
[2026-07-08 17:08:50] out while is working
[2026-07-08 17:08:50] buffer is less than 5, real size: 0
[2026-07-08 17:08:50] out while is working
[2026-07-08 17:08:50] buffer is less than 5, real size: 0
[2026-07-08 17:08:50] out while is working
[2026-07-08 17:08:50] buffer is less than 5, real size: 0
[2026-07-08 17:08:50] out while is working
[2026-07-08 17:08:50] buffer is less than 5, real size: 1
[2026-07-08 17:08:50] out while is working
[2026-07-08 17:08:50] data_length 14 iseq 240
[2026-07-08 17:08:50] begin switch_method
[2026-07-08 17:08:50] find command id514
[2026-07-08 17:08:50] data_length 17 iseq 241
[2026-07-08 17:08:50] buffer is less than sof_index + frame_length(26), buffer size: b'\xa5\x11\x00\xf1\x08\x01\x02\t\x01'
[2026-07-08 17:08:50] out while is working
[2026-07-08 17:08:50] data_length 17 iseq 241
[2026-07-08 17:08:50] buffer is less than sof_index + frame_length(26), buffer size: b'\xa5\x11\x00\xf1\x08\x01\x02\t\x01\xb8'
[2026-07-08 17:08:50] out while is working
[2026-07-08 17:08:50] data_length 17 iseq 241
[2026-07-08 17:08:50] begin switch_method
[2026-07-08 17:08:50] find command id513
[2026-07-08 17:08:50] buffer is less than 5, real size: 0
[2026-07-08 17:08:50] out while is working
[2026-07-08 17:08:50] buffer is less than 5, real size: 0
[2026-07-08 17:08:50] out while is working
[2026-07-08 17:08:50] buffer is less than 5, real size: 0
[2026-07-08 17:08:50] out while is working
[2026-07-08 17:08:50] buffer is less than 5, real size: 0
[2026-07-08 17:08:50] out while is working
[2026-07-08 17:08:50] buffer is less than 5, real size: 0
[2026-07-08 17:08:50] out while is working
[2026-07-08 17:08:51] buffer is less than 5, real size: 0
[2026-07-08 17:08:51] out while is working
[2026-07-08 17:08:51] buffer is less than 5, real size: 0
[2026-07-08 17:08:51] out while is working
[2026-07-08 17:08:51] buffer is less than 5, real size: 0
[2026-07-08 17:08:51] out while is working
[2026-07-08 17:08:51] buffer is less than 5, real size: 0
[2026-07-08 17:08:51] out while is working
[2026-07-08 17:08:51] buffer is less than 5, real size: 0
[2026-07-08 17:08:51] out while is working
[2026-07-08 17:08:51] buffer is less than 5, real size: 1
[2026-07-08 17:08:51] out while is working
[2026-07-08 17:08:51] data_length 14 iseq 242
[2026-07-08 17:08:51] begin switch_method
[2026-07-08 17:08:51] find command id514
[2026-07-08 17:08:51] data_length 17 iseq 243
[2026-07-08 17:08:51] buffer is less than sof_index + frame_length(26), buffer size: b'\xa5\x11\x00\xf3\xb4\x01\x02\t\x01'
[2026-07-08 17:08:51] out while is working
[2026-07-08 17:08:51] data_length 17 iseq 243
[2026-07-08 17:08:51] buffer is less than sof_index + frame_length(26), buffer size: b'\xa5\x11\x00\xf3\xb4\x01\x02\t\x01\xb8'
[2026-07-08 17:08:51] out while is working
[2026-07-08 17:08:51] data_length 17 iseq 243
[2026-07-08 17:08:51] begin switch_method
[2026-07-08 17:08:51] find command id513
[2026-07-08 17:08:51] buffer is less than 5, real size: 0
[2026-07-08 17:08:51] out while is working
[2026-07-08 17:08:51] buffer is less than 5, real size: 0
[2026-07-08 17:08:51] out while is working
[2026-07-08 17:08:51] buffer is less than 5, real size: 0
[2026-07-08 17:08:51] out while is working
[2026-07-08 17:08:51] buffer is less than 5, real size: 0
[2026-07-08 17:08:51] out while is working
[2026-07-08 17:08:51] buffer is less than 5, real size: 0
[2026-07-08 17:08:51] out while is working
[2026-07-08 17:08:51] buffer is less than 5, real size: 0
[2026-07-08 17:08:51] out while is working
[2026-07-08 17:08:51] buffer is less than 5, real size: 0
[2026-07-08 17:08:51] out while is working
[2026-07-08 17:08:51] buffer is less than 5, real size: 0
[2026-07-08 17:08:51] out while is working
[2026-07-08 17:08:51] buffer is less than 5, real size: 0
[2026-07-08 17:08:51] out while is working
[2026-07-08 17:08:51] buffer is less than 5, real size: 0
[2026-07-08 17:08:51] out while is working
[2026-07-08 17:08:51] data_length 5 iseq 244
[2026-07-08 17:08:51] begin switch_method
[2026-07-08 17:08:51] find command id521
[2026-07-08 17:08:51] buffer is less than 5, real size: 0
[2026-07-08 17:08:51] out while is working
[2026-07-08 17:08:51] buffer is less than 5, real size: 0
[2026-07-08 17:08:51] out while is working
[2026-07-08 17:08:51] data_length 14 iseq 245
[2026-07-08 17:08:51] begin switch_method
[2026-07-08 17:08:51] find command id514
[2026-07-08 17:08:51] data_length 12 iseq 246
[2026-07-08 17:08:51] buffer is less than sof_index + frame_length(21), buffer size: b'\xa5\x0c\x00\xf6\xd1\x03\x02\x00\x00'
[2026-07-08 17:08:51] out while is working
[2026-07-08 17:08:51] data_length 12 iseq 246
[2026-07-08 17:08:51] buffer is less than sof_index + frame_length(21), buffer size: b'\xa5\x0c\x00\xf6\xd1\x03\x02\x00\x00\x00'
[2026-07-08 17:08:51] out while is working
[2026-07-08 17:08:51] data_length 12 iseq 246
[2026-07-08 17:08:51] begin switch_method
[2026-07-08 17:08:51] find command id515
[2026-07-08 17:08:51] data_length 17 iseq 247
[2026-07-08 17:08:51] buffer is less than sof_index + frame_length(26), buffer size: b'\xa5\x11\x00\xf7\xd5\x01\x02\t\x01\xb8"\xb8"d\x00@\x01x\x00\x00'
[2026-07-08 17:08:51] out while is working
[2026-07-08 17:08:51] data_length 17 iseq 247
[2026-07-08 17:08:51] buffer is less than sof_index + frame_length(26), buffer size: b'\xa5\x11\x00\xf7\xd5\x01\x02\t\x01\xb8"\xb8"d\x00@\x01x\x00\x00\x00'
[2026-07-08 17:08:51] out while is working
[2026-07-08 17:08:51] data_length 17 iseq 247
[2026-07-08 17:08:51] begin switch_method
[2026-07-08 17:08:51] find command id513
[2026-07-08 17:08:51] buffer is less than 5, real size: 0
[2026-07-08 17:08:51] out while is working
[2026-07-08 17:08:51] buffer is less than 5, real size: 0
[2026-07-08 17:08:51] out while is working
[2026-07-08 17:08:51] buffer is less than 5, real size: 0
[2026-07-08 17:08:51] out while is working
[2026-07-08 17:08:51] buffer is less than 5, real size: 0
[2026-07-08 17:08:51] out while is working
[2026-07-08 17:08:51] buffer is less than 5, real size: 0
[2026-07-08 17:08:51] out while is working
[2026-07-08 17:08:51] buffer is less than 5, real size: 0
[2026-07-08 17:08:51] out while is working
[2026-07-08 17:08:51] buffer is less than 5, real size: 0
[2026-07-08 17:08:51] out while is working
[2026-07-08 17:08:51] buffer is less than 5, real size: 0
[2026-07-08 17:08:51] out while is working
[2026-07-08 17:08:51] buffer is less than 5, real size: 0
[2026-07-08 17:08:51] out while is working
[2026-07-08 17:08:51] buffer is less than 5, real size: 0
[2026-07-08 17:08:51] out while is working
[2026-07-08 17:08:51] buffer is less than 5, real size: 1
[2026-07-08 17:08:51] out while is working
[2026-07-08 17:08:51] data_length 14 iseq 248
[2026-07-08 17:08:51] begin switch_method
[2026-07-08 17:08:51] find command id514
[2026-07-08 17:08:51] data_length 17 iseq 249
[2026-07-08 17:08:51] buffer is less than sof_index + frame_length(26), buffer size: b'\xa5\x11\x00\xf9\xca\x01\x02\t\x01'
[2026-07-08 17:08:51] out while is working
[2026-07-08 17:08:51] data_length 17 iseq 249
[2026-07-08 17:08:51] buffer is less than sof_index + frame_length(26), buffer size: b'\xa5\x11\x00\xf9\xca\x01\x02\t\x01\xb8'
[2026-07-08 17:08:51] out while is working
[2026-07-08 17:08:51] data_length 17 iseq 249
[2026-07-08 17:08:51] begin switch_method
[2026-07-08 17:08:51] find command id513
[2026-07-08 17:08:51] buffer is less than 5, real size: 0
[2026-07-08 17:08:51] out while is working
[2026-07-08 17:08:51] buffer is less than 5, real size: 0
[2026-07-08 17:08:51] out while is working
[2026-07-08 17:08:51] buffer is less than 5, real size: 0
[2026-07-08 17:08:51] out while is working
[2026-07-08 17:08:51] buffer is less than 5, real size: 0
[2026-07-08 17:08:51] out while is working
[2026-07-08 17:08:51] buffer is less than 5, real size: 0
[2026-07-08 17:08:51] out while is working
[2026-07-08 17:08:51] buffer is less than 5, real size: 0
[2026-07-08 17:08:51] out while is working
[2026-07-08 17:08:51] buffer is less than 5, real size: 0
[2026-07-08 17:08:51] out while is working
[2026-07-08 17:08:51] buffer is less than 5, real size: 0
[2026-07-08 17:08:51] out while is working
[2026-07-08 17:08:51] buffer is less than 5, real size: 0
[2026-07-08 17:08:51] out while is working
[2026-07-08 17:08:51] buffer is less than 5, real size: 0
[2026-07-08 17:08:51] out while is working
[2026-07-08 17:08:51] buffer is less than 5, real size: 1
[2026-07-08 17:08:51] out while is working
[2026-07-08 17:08:51] data_length 14 iseq 250
[2026-07-08 17:08:51] begin switch_method
[2026-07-08 17:08:51] find command id514
[2026-07-08 17:08:51] data_length 17 iseq 251
[2026-07-08 17:08:51] buffer is less than sof_index + frame_length(26), buffer size: b'\xa5\x11\x00\xfbv\x01\x02\t\x01'
[2026-07-08 17:08:51] out while is working
[2026-07-08 17:08:51] data_length 17 iseq 251
[2026-07-08 17:08:51] buffer is less than sof_index + frame_length(26), buffer size: b'\xa5\x11\x00\xfbv\x01\x02\t\x01\xb8'
[2026-07-08 17:08:51] out while is working
[2026-07-08 17:08:51] data_length 17 iseq 251
[2026-07-08 17:08:51] begin switch_method
[2026-07-08 17:08:51] find command id513
[2026-07-08 17:08:51] buffer is less than 5, real size: 0
[2026-07-08 17:08:51] out while is working
[2026-07-08 17:08:51] buffer is less than 5, real size: 0
[2026-07-08 17:08:51] out while is working
[2026-07-08 17:08:51] buffer is less than 5, real size: 0
[2026-07-08 17:08:51] out while is working
[2026-07-08 17:08:51] buffer is less than 5, real size: 0
[2026-07-08 17:08:51] out while is working
[2026-07-08 17:08:51] buffer is less than 5, real size: 0
[2026-07-08 17:08:51] out while is working
[2026-07-08 17:08:51] buffer is less than 5, real size: 0
[2026-07-08 17:08:51] out while is working
[2026-07-08 17:08:51] buffer is less than 5, real size: 0
[2026-07-08 17:08:51] out while is working
[2026-07-08 17:08:51] buffer is less than 5, real size: 0
[2026-07-08 17:08:51] out while is working
[2026-07-08 17:08:51] buffer is less than 5, real size: 1
[2026-07-08 17:08:51] out while is working
[2026-07-08 17:08:51] data_length 5 iseq 252
[2026-07-08 17:08:51] begin switch_method
[2026-07-08 17:08:51] find command id521
[2026-07-08 17:08:51] buffer is less than 5, real size: 0
[2026-07-08 17:08:51] out while is working
[2026-07-08 17:08:51] buffer is less than 5, real size: 0
[2026-07-08 17:08:51] out while is working
[2026-07-08 17:08:51] buffer is less than 5, real size: 1
[2026-07-08 17:08:51] out while is working
[2026-07-08 17:08:51] data_length 14 iseq 253
[2026-07-08 17:08:51] begin switch_method
[2026-07-08 17:08:51] find command id514
[2026-07-08 17:08:51] data_length 17 iseq 254
[2026-07-08 17:08:51] buffer is less than sof_index + frame_length(26), buffer size: b'\xa5\x11\x00\xfeI\x01\x02\t\x01'
[2026-07-08 17:08:51] out while is working
[2026-07-08 17:08:51] data_length 17 iseq 254
[2026-07-08 17:08:51] buffer is less than sof_index + frame_length(26), buffer size: b'\xa5\x11\x00\xfeI\x01\x02\t\x01\xb8'
[2026-07-08 17:08:51] out while is working
[2026-07-08 17:08:51] data_length 17 iseq 254
[2026-07-08 17:08:51] begin switch_method
[2026-07-08 17:08:51] find command id513
[2026-07-08 17:08:51] buffer is less than 5, real size: 0
[2026-07-08 17:08:51] out while is working
[2026-07-08 17:08:51] buffer is less than 5, real size: 0
[2026-07-08 17:08:51] out while is working
[2026-07-08 17:08:51] buffer is less than 5, real size: 0
[2026-07-08 17:08:51] out while is working
[2026-07-08 17:08:51] buffer is less than 5, real size: 0
[2026-07-08 17:08:51] out while is working
[2026-07-08 17:08:51] buffer is less than 5, real size: 0
[2026-07-08 17:08:51] out while is working
[2026-07-08 17:08:51] buffer is less than 5, real size: 0
[2026-07-08 17:08:51] out while is working
[2026-07-08 17:08:51] buffer is less than 5, real size: 0
[2026-07-08 17:08:51] out while is working
[2026-07-08 17:08:51] buffer is less than 5, real size: 0
[2026-07-08 17:08:51] out while is working
[2026-07-08 17:08:51] buffer is less than 5, real size: 0
[2026-07-08 17:08:51] out while is working
[2026-07-08 17:08:51] buffer is less than 5, real size: 0
[2026-07-08 17:08:51] out while is working
[2026-07-08 17:08:51] buffer is less than 5, real size: 1
[2026-07-08 17:08:51] out while is working
[2026-07-08 17:08:51] data_length 14 iseq 255
[2026-07-08 17:08:51] begin switch_method
[2026-07-08 17:08:51] find command id514
[2026-07-08 17:08:51] data_length 17 iseq 0
[2026-07-08 17:08:51] buffer is less than sof_index + frame_length(26), buffer size: b'\xa5\x11\x00\x00"\x01\x02\t\x01'
[2026-07-08 17:08:51] out while is working
[2026-07-08 17:08:51] data_length 17 iseq 0
[2026-07-08 17:08:51] buffer is less than sof_index + frame_length(26), buffer size: b'\xa5\x11\x00\x00"\x01\x02\t\x01\xb8'
[2026-07-08 17:08:51] out while is working
[2026-07-08 17:08:51] data_length 17 iseq 0
[2026-07-08 17:08:51] begin switch_method
[2026-07-08 17:08:51] find command id513
[2026-07-08 17:08:51] buffer is less than 5, real size: 0
[2026-07-08 17:08:51] out while is working
[2026-07-08 17:08:51] buffer is less than 5, real size: 0
[2026-07-08 17:08:51] out while is working
[2026-07-08 17:08:51] buffer is less than 5, real size: 0
[2026-07-08 17:08:51] out while is working
[2026-07-08 17:08:51] buffer is less than 5, real size: 0
[2026-07-08 17:08:51] out while is working
[2026-07-08 17:08:51] buffer is less than 5, real size: 0
[2026-07-08 17:08:51] out while is working
[2026-07-08 17:08:51] buffer is less than 5, real size: 0
[2026-07-08 17:08:51] out while is working
[2026-07-08 17:08:51] buffer is less than 5, real size: 0
[2026-07-08 17:08:51] out while is working
[2026-07-08 17:08:51] buffer is less than 5, real size: 0
[2026-07-08 17:08:51] out while is working
[2026-07-08 17:08:51] buffer is less than 5, real size: 0
[2026-07-08 17:08:51] out while is working
[2026-07-08 17:08:51] buffer is less than 5, real size: 0
[2026-07-08 17:08:51] out while is working
[2026-07-08 17:08:51] buffer is less than 5, real size: 1
[2026-07-08 17:08:51] out while is working
[2026-07-08 17:08:51] data_length 14 iseq 1
[2026-07-08 17:08:51] begin switch_method
[2026-07-08 17:08:51] find command id514
[2026-07-08 17:08:51] data_length 17 iseq 2
[2026-07-08 17:08:51] buffer is less than sof_index + frame_length(26), buffer size: b'\xa5\x11\x00\x02\x9e\x01\x02\t\x01'
[2026-07-08 17:08:51] out while is working
[2026-07-08 17:08:51] data_length 17 iseq 2
[2026-07-08 17:08:51] buffer is less than sof_index + frame_length(26), buffer size: b'\xa5\x11\x00\x02\x9e\x01\x02\t\x01\xb8'
[2026-07-08 17:08:51] out while is working
[2026-07-08 17:08:51] data_length 17 iseq 2
[2026-07-08 17:08:51] begin switch_method
[2026-07-08 17:08:51] find command id513
[2026-07-08 17:08:51] buffer is less than 5, real size: 0
[2026-07-08 17:08:51] out while is working
[2026-07-08 17:08:51] buffer is less than 5, real size: 0
[2026-07-08 17:08:51] out while is working
[2026-07-08 17:08:51] buffer is less than 5, real size: 0
[2026-07-08 17:08:51] out while is working
[2026-07-08 17:08:51] buffer is less than 5, real size: 0
[2026-07-08 17:08:51] out while is working
[2026-07-08 17:08:51] buffer is less than 5, real size: 0
[2026-07-08 17:08:51] out while is working
[2026-07-08 17:08:51] buffer is less than 5, real size: 0
[2026-07-08 17:08:51] out while is working
[2026-07-08 17:08:51] buffer is less than 5, real size: 0
[2026-07-08 17:08:51] out while is working
[2026-07-08 17:08:51] buffer is less than 5, real size: 0
[2026-07-08 17:08:51] out while is working
[2026-07-08 17:08:51] buffer is less than 5, real size: 0
[2026-07-08 17:08:51] out while is working
[2026-07-08 17:08:51] buffer is less than 5, real size: 1
[2026-07-08 17:08:51] out while is working
[2026-07-08 17:08:51] data_length 2 iseq 3
[2026-07-08 17:08:51] begin switch_method
[2026-07-08 17:08:51] find command id524
[2026-07-08 17:08:51] Mark process: [0, 0, 0, 0, 0, 0] (raw bits: 0000000000000000)
[2026-07-08 17:08:51] data_length 4 iseq 4
[2026-07-08 17:08:51] begin switch_method
[2026-07-08 17:08:51] find command id257
[2026-07-08 17:08:51] data_length 11 iseq 5
[2026-07-08 17:08:51] buffer is less than sof_index + frame_length(20), buffer size: b'\xa5\x0b\x00\x05=\x01\x00\x01'
[2026-07-08 17:08:51] out while is working
[2026-07-08 17:08:51] data_length 11 iseq 5
[2026-07-08 17:08:51] buffer is less than sof_index + frame_length(20), buffer size: b'\xa5\x0b\x00\x05=\x01\x00\x01\x00'
[2026-07-08 17:08:51] out while is working
[2026-07-08 17:08:51] data_length 11 iseq 5
[2026-07-08 17:08:51] begin switch_method
[2026-07-08 17:08:51] find command id1
[2026-07-08 17:08:51] data_length 3 iseq 6
[2026-07-08 17:08:51] begin switch_method
[2026-07-08 17:08:51] find command id261
[2026-07-08 17:08:51] Dart target: 0
[2026-07-08 17:08:51] data_length 1 iseq 7
[2026-07-08 17:08:51] buffer is less than sof_index + frame_length(10), buffer size: b'\xa5\x01\x00\x07\xeb\x0e\x02('
[2026-07-08 17:08:51] out while is working
[2026-07-08 17:08:51] data_length 1 iseq 7
[2026-07-08 17:08:51] buffer is less than sof_index + frame_length(10), buffer size: b'\xa5\x01\x00\x07\xeb\x0e\x02(\x88'
[2026-07-08 17:08:51] out while is working
[2026-07-08 17:08:51] data_length 1 iseq 7
[2026-07-08 17:08:51] begin switch_method
[2026-07-08 17:08:51] find command id526
[2026-07-08 17:08:51] Double effect chance: 0, is double effect active: 0
[2026-07-08 17:08:51] Interference level: 1, is key updated: 1
[2026-07-08 17:08:51] data_length 5 iseq 8
[2026-07-08 17:08:51] begin switch_method
[2026-07-08 17:08:51] find command id521
[2026-07-08 17:08:51] buffer is less than 5, real size: 0
[2026-07-08 17:08:51] out while is working
[2026-07-08 17:08:51] buffer is less than 5, real size: 1
[2026-07-08 17:08:51] out while is working
[2026-07-08 17:08:51] data_length 14 iseq 9
[2026-07-08 17:08:51] begin switch_method
[2026-07-08 17:08:51] find command id514
[2026-07-08 17:08:51] data_length 17 iseq 10
[2026-07-08 17:08:51] buffer is less than sof_index + frame_length(26), buffer size: b'\xa5\x11\x00\n\\\x01\x02\t\x01'
[2026-07-08 17:08:51] out while is working
[2026-07-08 17:08:51] data_length 17 iseq 10
[2026-07-08 17:08:51] buffer is less than sof_index + frame_length(26), buffer size: b'\xa5\x11\x00\n\\\x01\x02\t\x01\xb8'
[2026-07-08 17:08:51] out while is working
[2026-07-08 17:08:51] data_length 17 iseq 10
[2026-07-08 17:08:51] begin switch_method
[2026-07-08 17:08:51] find command id513
[2026-07-08 17:08:51] buffer is less than 5, real size: 0
[2026-07-08 17:08:51] out while is working
[2026-07-08 17:08:51] buffer is less than 5, real size: 0
[2026-07-08 17:08:51] out while is working
[2026-07-08 17:08:51] buffer is less than 5, real size: 0
[2026-07-08 17:08:51] out while is working
[2026-07-08 17:08:51] buffer is less than 5, real size: 0
[2026-07-08 17:08:51] out while is working
[2026-07-08 17:08:51] buffer is less than 5, real size: 0
[2026-07-08 17:08:51] out while is working
[2026-07-08 17:08:51] buffer is less than 5, real size: 0
[2026-07-08 17:08:51] out while is working
[2026-07-08 17:08:51] buffer is less than 5, real size: 0
[2026-07-08 17:08:51] out while is working
[2026-07-08 17:08:51] buffer is less than 5, real size: 0
[2026-07-08 17:08:51] out while is working
[2026-07-08 17:08:51] buffer is less than 5, real size: 0
[2026-07-08 17:08:51] out while is working
[2026-07-08 17:08:51] buffer is less than 5, real size: 0
[2026-07-08 17:08:51] out while is working
[2026-07-08 17:08:51] buffer is less than 5, real size: 1
[2026-07-08 17:08:51] out while is working
[2026-07-08 17:08:51] data_length 14 iseq 11
[2026-07-08 17:08:51] begin switch_method
[2026-07-08 17:08:51] find command id514
[2026-07-08 17:08:51] data_length 17 iseq 12
[2026-07-08 17:08:51] buffer is less than sof_index + frame_length(26), buffer size: b'\xa5\x11\x00\x0c\x81\x01\x02\t\x01'
[2026-07-08 17:08:51] out while is working
[2026-07-08 17:08:51] data_length 17 iseq 12
[2026-07-08 17:08:51] buffer is less than sof_index + frame_length(26), buffer size: b'\xa5\x11\x00\x0c\x81\x01\x02\t\x01\xb8'
[2026-07-08 17:08:51] out while is working
[2026-07-08 17:08:51] data_length 17 iseq 12
[2026-07-08 17:08:51] begin switch_method
[2026-07-08 17:08:51] find command id513
[2026-07-08 17:08:51] buffer is less than 5, real size: 0
[2026-07-08 17:08:51] out while is working
[2026-07-08 17:08:51] buffer is less than 5, real size: 0
[2026-07-08 17:08:51] out while is working
[2026-07-08 17:08:51] buffer is less than 5, real size: 0
[2026-07-08 17:08:51] out while is working
[2026-07-08 17:08:51] buffer is less than 5, real size: 0
[2026-07-08 17:08:51] out while is working
[2026-07-08 17:08:51] buffer is less than 5, real size: 0
[2026-07-08 17:08:51] out while is working
[2026-07-08 17:08:51] buffer is less than 5, real size: 0
[2026-07-08 17:08:51] out while is working
[2026-07-08 17:08:51] buffer is less than 5, real size: 0
[2026-07-08 17:08:51] out while is working
[2026-07-08 17:08:51] buffer is less than 5, real size: 0
[2026-07-08 17:08:51] out while is working
[2026-07-08 17:08:51] buffer is less than 5, real size: 0
[2026-07-08 17:08:51] out while is working
[2026-07-08 17:08:51] buffer is less than 5, real size: 0
[2026-07-08 17:08:51] out while is working
[2026-07-08 17:08:51] buffer is less than 5, real size: 1
[2026-07-08 17:08:51] out while is working
[2026-07-08 17:08:51] data_length 14 iseq 13
[2026-07-08 17:08:51] begin switch_method
[2026-07-08 17:08:51] find command id514
[2026-07-08 17:08:51] data_length 17 iseq 14
[2026-07-08 17:08:51] buffer is less than sof_index + frame_length(26), buffer size: b'\xa5\x11\x00\x0e=\x01\x02\t\x01'
[2026-07-08 17:08:51] out while is working
[2026-07-08 17:08:51] data_length 17 iseq 14
[2026-07-08 17:08:51] buffer is less than sof_index + frame_length(26), buffer size: b'\xa5\x11\x00\x0e=\x01\x02\t\x01\xb8'
[2026-07-08 17:08:51] out while is working
[2026-07-08 17:08:51] data_length 17 iseq 14
[2026-07-08 17:08:51] begin switch_method
[2026-07-08 17:08:51] find command id513
[2026-07-08 17:08:51] buffer is less than 5, real size: 0
[2026-07-08 17:08:51] out while is working
[2026-07-08 17:08:51] buffer is less than 5, real size: 0
[2026-07-08 17:08:51] out while is working
[2026-07-08 17:08:51] buffer is less than 5, real size: 0
[2026-07-08 17:08:51] out while is working
[2026-07-08 17:08:52] buffer is less than 5, real size: 0
[2026-07-08 17:08:52] out while is working
[2026-07-08 17:08:52] buffer is less than 5, real size: 0
[2026-07-08 17:08:52] out while is working
[2026-07-08 17:08:52] buffer is less than 5, real size: 0
[2026-07-08 17:08:52] out while is working
[2026-07-08 17:08:52] buffer is less than 5, real size: 0
[2026-07-08 17:08:52] out while is working
[2026-07-08 17:08:52] buffer is less than 5, real size: 1
[2026-07-08 17:08:52] out while is working
[2026-07-08 17:08:52] data_length 5 iseq 15
[2026-07-08 17:08:52] begin switch_method
[2026-07-08 17:08:52] find command id521
[2026-07-08 17:08:52] buffer is less than 5, real size: 0
[2026-07-08 17:08:52] out while is working
[2026-07-08 17:08:52] buffer is less than 5, real size: 0
[2026-07-08 17:08:52] out while is working
[2026-07-08 17:08:52] buffer is less than 5, real size: 0
[2026-07-08 17:08:52] out while is working
[2026-07-08 17:08:52] buffer is less than 5, real size: 1
[2026-07-08 17:08:52] out while is working
[2026-07-08 17:08:52] data_length 14 iseq 16
[2026-07-08 17:08:52] begin switch_method
[2026-07-08 17:08:52] find command id514
[2026-07-08 17:08:52] data_length 17 iseq 17
[2026-07-08 17:08:52] buffer is less than sof_index + frame_length(26), buffer size: b'\xa5\x11\x00\x11\xe1\x01\x02\t\x01'
[2026-07-08 17:08:52] out while is working
[2026-07-08 17:08:52] data_length 17 iseq 17
[2026-07-08 17:08:52] buffer is less than sof_index + frame_length(26), buffer size: b'\xa5\x11\x00\x11\xe1\x01\x02\t\x01\xb8'
[2026-07-08 17:08:52] out while is working
[2026-07-08 17:08:52] data_length 17 iseq 17
[2026-07-08 17:08:52] begin switch_method
[2026-07-08 17:08:52] find command id513
[2026-07-08 17:08:52] buffer is less than 5, real size: 0
[2026-07-08 17:08:52] out while is working
[2026-07-08 17:08:52] buffer is less than 5, real size: 0
[2026-07-08 17:08:52] out while is working
[2026-07-08 17:08:52] buffer is less than 5, real size: 0
[2026-07-08 17:08:52] out while is working
[2026-07-08 17:08:52] buffer is less than 5, real size: 0
[2026-07-08 17:08:52] out while is working
[2026-07-08 17:08:52] buffer is less than 5, real size: 0
[2026-07-08 17:08:52] out while is working
[2026-07-08 17:08:52] buffer is less than 5, real size: 0
[2026-07-08 17:08:52] out while is working
[2026-07-08 17:08:52] buffer is less than 5, real size: 0
[2026-07-08 17:08:52] out while is working
[2026-07-08 17:08:52] buffer is less than 5, real size: 0
[2026-07-08 17:08:52] out while is working
[2026-07-08 17:08:52] buffer is less than 5, real size: 0
[2026-07-08 17:08:52] out while is working
[2026-07-08 17:08:52] buffer is less than 5, real size: 0
[2026-07-08 17:08:52] out while is working
[2026-07-08 17:08:52] buffer is less than 5, real size: 1
[2026-07-08 17:08:52] out while is working
[2026-07-08 17:08:52] data_length 14 iseq 18
[2026-07-08 17:08:52] begin switch_method
[2026-07-08 17:08:52] find command id514
[2026-07-08 17:08:52] data_length 12 iseq 19
[2026-07-08 17:08:52] buffer is less than sof_index + frame_length(21), buffer size: b'\xa5\x0c\x00\x13\x07\x03\x02\x00\x00'
[2026-07-08 17:08:52] out while is working
[2026-07-08 17:08:52] data_length 12 iseq 19
[2026-07-08 17:08:52] buffer is less than sof_index + frame_length(21), buffer size: b'\xa5\x0c\x00\x13\x07\x03\x02\x00\x00\x00'
[2026-07-08 17:08:52] out while is working
[2026-07-08 17:08:52] data_length 12 iseq 19
[2026-07-08 17:08:52] begin switch_method
[2026-07-08 17:08:52] find command id515
[2026-07-08 17:08:52] data_length 17 iseq 20
[2026-07-08 17:08:52] buffer is less than sof_index + frame_length(26), buffer size: b'\xa5\x11\x00\x14\xde\x01\x02\t\x01\xb8"\xb8"d\x00@\x01x\x00\x00'
[2026-07-08 17:08:52] out while is working
[2026-07-08 17:08:52] data_length 17 iseq 20
[2026-07-08 17:08:52] buffer is less than sof_index + frame_length(26), buffer size: b'\xa5\x11\x00\x14\xde\x01\x02\t\x01\xb8"\xb8"d\x00@\x01x\x00\x00\x00'
[2026-07-08 17:08:52] out while is working
[2026-07-08 17:08:52] data_length 17 iseq 20
[2026-07-08 17:08:52] begin switch_method
[2026-07-08 17:08:52] find command id513
[2026-07-08 17:08:52] buffer is less than 5, real size: 0
[2026-07-08 17:08:52] out while is working
[2026-07-08 17:08:52] buffer is less than 5, real size: 0
[2026-07-08 17:08:52] out while is working
[2026-07-08 17:08:52] buffer is less than 5, real size: 0
[2026-07-08 17:08:52] out while is working
[2026-07-08 17:08:52] buffer is less than 5, real size: 0
[2026-07-08 17:08:52] out while is working
[2026-07-08 17:08:52] buffer is less than 5, real size: 0
[2026-07-08 17:08:52] out while is working
[2026-07-08 17:08:52] buffer is less than 5, real size: 0
[2026-07-08 17:08:52] out while is working
[2026-07-08 17:08:52] buffer is less than 5, real size: 0
[2026-07-08 17:08:52] out while is working
[2026-07-08 17:08:52] buffer is less than 5, real size: 0
[2026-07-08 17:08:52] out while is working
[2026-07-08 17:08:52] buffer is less than 5, real size: 0
[2026-07-08 17:08:52] out while is working
[2026-07-08 17:08:52] buffer is less than 5, real size: 0
[2026-07-08 17:08:52] out while is working
[2026-07-08 17:08:52] buffer is less than 5, real size: 1
[2026-07-08 17:08:52] out while is working
[2026-07-08 17:08:52] data_length 14 iseq 21
[2026-07-08 17:08:52] begin switch_method
[2026-07-08 17:08:52] find command id514
[2026-07-08 17:08:52] data_length 17 iseq 22
[2026-07-08 17:08:52] buffer is less than sof_index + frame_length(26), buffer size: b'\xa5\x11\x00\x16b\x01\x02\t\x01'
[2026-07-08 17:08:52] out while is working
[2026-07-08 17:08:52] data_length 17 iseq 22
[2026-07-08 17:08:52] buffer is less than sof_index + frame_length(26), buffer size: b'\xa5\x11\x00\x16b\x01\x02\t\x01\xb8'
[2026-07-08 17:08:52] out while is working
[2026-07-08 17:08:52] data_length 17 iseq 22
[2026-07-08 17:08:52] begin switch_method
[2026-07-08 17:08:52] find command id513
[2026-07-08 17:08:52] buffer is less than 5, real size: 0
[2026-07-08 17:08:52] out while is working
[2026-07-08 17:08:52] buffer is less than 5, real size: 0
[2026-07-08 17:08:52] out while is working
[2026-07-08 17:08:52] buffer is less than 5, real size: 0
[2026-07-08 17:08:52] out while is working
[2026-07-08 17:08:52] buffer is less than 5, real size: 0
[2026-07-08 17:08:52] out while is working
[2026-07-08 17:08:52] buffer is less than 5, real size: 0
[2026-07-08 17:08:52] out while is working
[2026-07-08 17:08:52] buffer is less than 5, real size: 0
[2026-07-08 17:08:52] out while is working
[2026-07-08 17:08:52] buffer is less than 5, real size: 0
[2026-07-08 17:08:52] out while is working
[2026-07-08 17:08:52] buffer is less than 5, real size: 1
[2026-07-08 17:08:52] out while is working
[2026-07-08 17:08:52] data_length 5 iseq 23
[2026-07-08 17:08:52] begin switch_method
[2026-07-08 17:08:52] find command id521
[2026-07-08 17:08:52] buffer is less than 5, real size: 0
[2026-07-08 17:08:52] out while is working
[2026-07-08 17:08:52] buffer is less than 5, real size: 0
[2026-07-08 17:08:52] out while is working
[2026-07-08 17:08:52] buffer is less than 5, real size: 0
[2026-07-08 17:08:52] out while is working
[2026-07-08 17:08:52] buffer is less than 5, real size: 1
[2026-07-08 17:08:52] out while is working
[2026-07-08 17:08:52] data_length 14 iseq 24
[2026-07-08 17:08:52] begin switch_method
[2026-07-08 17:08:52] find command id514
[2026-07-08 17:08:52] data_length 17 iseq 25
[2026-07-08 17:08:52] buffer is less than sof_index + frame_length(26), buffer size: b'\xa5\x11\x00\x19#\x01\x02\t\x01'
[2026-07-08 17:08:52] out while is working
[2026-07-08 17:08:52] data_length 17 iseq 25
[2026-07-08 17:08:52] buffer is less than sof_index + frame_length(26), buffer size: b'\xa5\x11\x00\x19#\x01\x02\t\x01\xb8'
[2026-07-08 17:08:52] out while is working
[2026-07-08 17:08:52] data_length 17 iseq 25
[2026-07-08 17:08:52] begin switch_method
[2026-07-08 17:08:52] find command id513
[2026-07-08 17:08:52] buffer is less than 5, real size: 0
[2026-07-08 17:08:52] out while is working
[2026-07-08 17:08:52] buffer is less than 5, real size: 0
[2026-07-08 17:08:52] out while is working
[2026-07-08 17:08:52] buffer is less than 5, real size: 0
[2026-07-08 17:08:52] out while is working
[2026-07-08 17:08:52] buffer is less than 5, real size: 0
[2026-07-08 17:08:52] out while is working
[2026-07-08 17:08:52] buffer is less than 5, real size: 0
[2026-07-08 17:08:52] out while is working
[2026-07-08 17:08:52] buffer is less than 5, real size: 0
[2026-07-08 17:08:52] out while is working
[2026-07-08 17:08:52] buffer is less than 5, real size: 0
[2026-07-08 17:08:52] out while is working
[2026-07-08 17:08:52] buffer is less than 5, real size: 0
[2026-07-08 17:08:52] out while is working
[2026-07-08 17:08:52] buffer is less than 5, real size: 0
[2026-07-08 17:08:52] out while is working
[2026-07-08 17:08:52] buffer is less than 5, real size: 0
[2026-07-08 17:08:52] out while is working
[2026-07-08 17:08:52] buffer is less than 5, real size: 1
[2026-07-08 17:08:52] out while is working
[2026-07-08 17:08:52] data_length 14 iseq 26
[2026-07-08 17:08:52] begin switch_method
[2026-07-08 17:08:52] find command id514
[2026-07-08 17:08:52] data_length 17 iseq 27
[2026-07-08 17:08:52] buffer is less than sof_index + frame_length(26), buffer size: b'\xa5\x11\x00\x1b\x9f\x01\x02\t\x01'
[2026-07-08 17:08:52] out while is working
[2026-07-08 17:08:52] data_length 17 iseq 27
[2026-07-08 17:08:52] buffer is less than sof_index + frame_length(26), buffer size: b'\xa5\x11\x00\x1b\x9f\x01\x02\t\x01\xb8'
[2026-07-08 17:08:52] out while is working
[2026-07-08 17:08:52] data_length 17 iseq 27
[2026-07-08 17:08:52] begin switch_method
[2026-07-08 17:08:52] find command id513
[2026-07-08 17:08:52] buffer is less than 5, real size: 0
[2026-07-08 17:08:52] out while is working
[2026-07-08 17:08:52] buffer is less than 5, real size: 0
[2026-07-08 17:08:52] out while is working
[2026-07-08 17:08:52] buffer is less than 5, real size: 0
[2026-07-08 17:08:52] out while is working
[2026-07-08 17:08:52] buffer is less than 5, real size: 0
[2026-07-08 17:08:52] out while is working
[2026-07-08 17:08:52] buffer is less than 5, real size: 0
[2026-07-08 17:08:52] out while is working
[2026-07-08 17:08:52] buffer is less than 5, real size: 0
[2026-07-08 17:08:52] out while is working
[2026-07-08 17:08:52] buffer is less than 5, real size: 0
[2026-07-08 17:08:52] out while is working
[2026-07-08 17:08:52] buffer is less than 5, real size: 0
[2026-07-08 17:08:52] out while is working
[2026-07-08 17:08:52] buffer is less than 5, real size: 0
[2026-07-08 17:08:52] out while is working
[2026-07-08 17:08:52] buffer is less than 5, real size: 0
[2026-07-08 17:08:52] out while is working
[2026-07-08 17:08:52] buffer is less than 5, real size: 1
[2026-07-08 17:08:52] out while is working
[2026-07-08 17:08:52] data_length 14 iseq 28
[2026-07-08 17:08:52] begin switch_method
[2026-07-08 17:08:52] find command id514
[2026-07-08 17:08:52] data_length 17 iseq 29
[2026-07-08 17:08:52] buffer is less than sof_index + frame_length(26), buffer size: b'\xa5\x11\x00\x1dB\x01\x02\t\x01'
[2026-07-08 17:08:52] out while is working
[2026-07-08 17:08:52] data_length 17 iseq 29
[2026-07-08 17:08:52] buffer is less than sof_index + frame_length(26), buffer size: b'\xa5\x11\x00\x1dB\x01\x02\t\x01\xb8'
[2026-07-08 17:08:52] out while is working
[2026-07-08 17:08:52] data_length 17 iseq 29
[2026-07-08 17:08:52] begin switch_method
[2026-07-08 17:08:52] find command id513
[2026-07-08 17:08:52] buffer is less than 5, real size: 0
[2026-07-08 17:08:52] out while is working
[2026-07-08 17:08:52] buffer is less than 5, real size: 0
[2026-07-08 17:08:52] out while is working
[2026-07-08 17:08:52] buffer is less than 5, real size: 0
[2026-07-08 17:08:52] out while is working
[2026-07-08 17:08:52] buffer is less than 5, real size: 0
[2026-07-08 17:08:52] out while is working
[2026-07-08 17:08:52] buffer is less than 5, real size: 0
[2026-07-08 17:08:52] out while is working
[2026-07-08 17:08:52] buffer is less than 5, real size: 0
[2026-07-08 17:08:52] out while is working
[2026-07-08 17:08:52] buffer is less than 5, real size: 1
[2026-07-08 17:08:52] out while is working
[2026-07-08 17:08:52] data_length 5 iseq 30
[2026-07-08 17:08:52] begin switch_method
[2026-07-08 17:08:52] find command id521
[2026-07-08 17:08:52] buffer is less than 5, real size: 0
[2026-07-08 17:08:52] out while is working
[2026-07-08 17:08:52] buffer is less than 5, real size: 0
[2026-07-08 17:08:52] out while is working
[2026-07-08 17:08:52] buffer is less than 5, real size: 0
[2026-07-08 17:08:52] out while is working
[2026-07-08 17:08:52] buffer is less than 5, real size: 0
[2026-07-08 17:08:52] out while is working
[2026-07-08 17:08:52] buffer is less than 5, real size: 1
[2026-07-08 17:08:52] out while is working
[2026-07-08 17:08:52] data_length 14 iseq 31
[2026-07-08 17:08:52] begin switch_method
[2026-07-08 17:08:52] find command id514
[2026-07-08 17:08:52] data_length 17 iseq 32
[2026-07-08 17:08:52] buffer is less than sof_index + frame_length(26), buffer size: b'\xa5\x11\x00 \x01\x01\x02\t\x01'
[2026-07-08 17:08:52] out while is working
[2026-07-08 17:08:52] data_length 17 iseq 32
[2026-07-08 17:08:52] buffer is less than sof_index + frame_length(26), buffer size: b'\xa5\x11\x00 \x01\x01\x02\t\x01\xb8'
[2026-07-08 17:08:52] out while is working
[2026-07-08 17:08:52] data_length 17 iseq 32
[2026-07-08 17:08:52] begin switch_method
[2026-07-08 17:08:52] find command id513
[2026-07-08 17:08:52] buffer is less than 5, real size: 0
[2026-07-08 17:08:52] out while is working
[2026-07-08 17:08:52] buffer is less than 5, real size: 0
[2026-07-08 17:08:52] out while is working
[2026-07-08 17:08:52] buffer is less than 5, real size: 0
[2026-07-08 17:08:52] out while is working
[2026-07-08 17:08:52] buffer is less than 5, real size: 0
[2026-07-08 17:08:52] out while is working
[2026-07-08 17:08:52] buffer is less than 5, real size: 0
[2026-07-08 17:08:52] out while is working
[2026-07-08 17:08:52] buffer is less than 5, real size: 0
[2026-07-08 17:08:52] out while is working
[2026-07-08 17:08:52] buffer is less than 5, real size: 1
[2026-07-08 17:08:52] out while is working
[2026-07-08 17:08:52] data_length 2 iseq 33
[2026-07-08 17:08:52] begin switch_method
[2026-07-08 17:08:52] find command id524
[2026-07-08 17:08:52] Mark process: [0, 0, 0, 0, 0, 0] (raw bits: 0000000000000000)
[2026-07-08 17:08:52] data_length 4 iseq 34
[2026-07-08 17:08:52] begin switch_method
[2026-07-08 17:08:52] find command id257
[2026-07-08 17:08:52] data_length 11 iseq 35
[2026-07-08 17:08:52] buffer is less than sof_index + frame_length(20), buffer size: b'\xa5\x0b\x00#\xc3\x01\x00\x01'
[2026-07-08 17:08:52] out while is working
[2026-07-08 17:08:52] data_length 11 iseq 35
[2026-07-08 17:08:52] buffer is less than sof_index + frame_length(20), buffer size: b'\xa5\x0b\x00#\xc3\x01\x00\x01\x00'
[2026-07-08 17:08:52] out while is working
[2026-07-08 17:08:52] data_length 11 iseq 35
[2026-07-08 17:08:52] begin switch_method
[2026-07-08 17:08:52] find command id1
[2026-07-08 17:08:52] data_length 3 iseq 36
[2026-07-08 17:08:52] begin switch_method
[2026-07-08 17:08:52] find command id261
[2026-07-08 17:08:52] Dart target: 0
[2026-07-08 17:08:52] data_length 1 iseq 37
[2026-07-08 17:08:52] buffer is less than sof_index + frame_length(10), buffer size: b'\xa5\x01\x00%t\x0e\x02('
[2026-07-08 17:08:52] out while is working
[2026-07-08 17:08:52] data_length 1 iseq 37
[2026-07-08 17:08:52] buffer is less than sof_index + frame_length(10), buffer size: b'\xa5\x01\x00%t\x0e\x02(\xa7'
[2026-07-08 17:08:52] out while is working
[2026-07-08 17:08:52] data_length 1 iseq 37
[2026-07-08 17:08:52] begin switch_method
[2026-07-08 17:08:52] find command id526
[2026-07-08 17:08:52] Double effect chance: 0, is double effect active: 0
[2026-07-08 17:08:52] Interference level: 1, is key updated: 1
[2026-07-08 17:08:52] buffer is less than 5, real size: 0
[2026-07-08 17:08:52] out while is working
[2026-07-08 17:08:52] buffer is less than 5, real size: 0
[2026-07-08 17:08:52] out while is working
[2026-07-08 17:08:52] buffer is less than 5, real size: 0
[2026-07-08 17:08:52] out while is working
[2026-07-08 17:08:52] buffer is less than 5, real size: 0
[2026-07-08 17:08:52] out while is working
[2026-07-08 17:08:52] buffer is less than 5, real size: 1
[2026-07-08 17:08:52] out while is working
[2026-07-08 17:08:52] data_length 14 iseq 38
[2026-07-08 17:08:52] begin switch_method
[2026-07-08 17:08:52] find command id514
[2026-07-08 17:08:52] data_length 17 iseq 39
[2026-07-08 17:08:52] buffer is less than sof_index + frame_length(26), buffer size: b"\xa5\x11\x00'\x82\x01\x02\t\x01"
[2026-07-08 17:08:52] out while is working
[2026-07-08 17:08:52] data_length 17 iseq 39
[2026-07-08 17:08:52] buffer is less than sof_index + frame_length(26), buffer size: b"\xa5\x11\x00'\x82\x01\x02\t\x01\xb8"
[2026-07-08 17:08:52] out while is working
[2026-07-08 17:08:52] data_length 17 iseq 39
[2026-07-08 17:08:52] begin switch_method
[2026-07-08 17:08:52] find command id513
[2026-07-08 17:08:52] buffer is less than 5, real size: 0
[2026-07-08 17:08:52] out while is working
[2026-07-08 17:08:52] buffer is less than 5, real size: 0
[2026-07-08 17:08:52] out while is working
[2026-07-08 17:08:52] buffer is less than 5, real size: 0
[2026-07-08 17:08:52] out while is working
[2026-07-08 17:08:52] buffer is less than 5, real size: 0
[2026-07-08 17:08:52] out while is working
[2026-07-08 17:08:52] buffer is less than 5, real size: 0
[2026-07-08 17:08:52] out while is working
[2026-07-08 17:08:52] buffer is less than 5, real size: 0
[2026-07-08 17:08:52] out while is working
[2026-07-08 17:08:52] buffer is less than 5, real size: 0
[2026-07-08 17:08:52] out while is working
[2026-07-08 17:08:52] buffer is less than 5, real size: 0
[2026-07-08 17:08:52] out while is working
[2026-07-08 17:08:52] buffer is less than 5, real size: 0
[2026-07-08 17:08:52] out while is working
[2026-07-08 17:08:52] buffer is less than 5, real size: 0
[2026-07-08 17:08:52] out while is working
[2026-07-08 17:08:52] buffer is less than 5, real size: 1
[2026-07-08 17:08:52] out while is working
[2026-07-08 17:08:52] data_length 14 iseq 40
[2026-07-08 17:08:52] begin switch_method
[2026-07-08 17:08:52] find command id514
[2026-07-08 17:08:52] data_length 17 iseq 41
[2026-07-08 17:08:52] buffer is less than sof_index + frame_length(26), buffer size: b'\xa5\x11\x00)\x9d\x01\x02\t\x01'
[2026-07-08 17:08:52] out while is working
[2026-07-08 17:08:52] data_length 17 iseq 41
[2026-07-08 17:08:52] buffer is less than sof_index + frame_length(26), buffer size: b'\xa5\x11\x00)\x9d\x01\x02\t\x01\xb8'
[2026-07-08 17:08:52] out while is working
[2026-07-08 17:08:52] data_length 17 iseq 41
[2026-07-08 17:08:52] begin switch_method
[2026-07-08 17:08:52] find command id513
[2026-07-08 17:08:52] buffer is less than 5, real size: 0
[2026-07-08 17:08:52] out while is working
[2026-07-08 17:08:52] buffer is less than 5, real size: 0
[2026-07-08 17:08:52] out while is working
[2026-07-08 17:08:52] buffer is less than 5, real size: 0
[2026-07-08 17:08:52] out while is working
[2026-07-08 17:08:52] buffer is less than 5, real size: 0
[2026-07-08 17:08:52] out while is working
[2026-07-08 17:08:52] buffer is less than 5, real size: 0
[2026-07-08 17:08:52] out while is working
[2026-07-08 17:08:52] buffer is less than 5, real size: 1
[2026-07-08 17:08:52] out while is working
[2026-07-08 17:08:52] data_length 5 iseq 42
[2026-07-08 17:08:52] begin switch_method
[2026-07-08 17:08:52] find command id521
[2026-07-08 17:08:52] buffer is less than 5, real size: 0
[2026-07-08 17:08:52] out while is working
[2026-07-08 17:08:52] buffer is less than 5, real size: 0
[2026-07-08 17:08:52] out while is working
[2026-07-08 17:08:52] buffer is less than 5, real size: 0
[2026-07-08 17:08:52] out while is working
[2026-07-08 17:08:52] buffer is less than 5, real size: 0
[2026-07-08 17:08:52] out while is working
[2026-07-08 17:08:52] buffer is less than 5, real size: 0
[2026-07-08 17:08:52] out while is working
[2026-07-08 17:08:53] buffer is less than 5, real size: 1
[2026-07-08 17:08:53] out while is working
[2026-07-08 17:08:53] data_length 14 iseq 43
[2026-07-08 17:08:53] begin switch_method
[2026-07-08 17:08:53] find command id514
[2026-07-08 17:08:53] data_length 17 iseq 44
[2026-07-08 17:08:53] buffer is less than sof_index + frame_length(26), buffer size: b'\xa5\x11\x00,\xa2\x01\x02\t\x01'
[2026-07-08 17:08:53] out while is working
[2026-07-08 17:08:53] data_length 17 iseq 44
[2026-07-08 17:08:53] buffer is less than sof_index + frame_length(26), buffer size: b'\xa5\x11\x00,\xa2\x01\x02\t\x01\xb8'
[2026-07-08 17:08:53] out while is working
[2026-07-08 17:08:53] data_length 17 iseq 44
[2026-07-08 17:08:53] begin switch_method
[2026-07-08 17:08:53] find command id513
[2026-07-08 17:08:53] buffer is less than 5, real size: 0
[2026-07-08 17:08:53] out while is working
[2026-07-08 17:08:53] buffer is less than 5, real size: 0
[2026-07-08 17:08:53] out while is working
[2026-07-08 17:08:53] buffer is less than 5, real size: 0
[2026-07-08 17:08:53] out while is working
[2026-07-08 17:08:53] buffer is less than 5, real size: 0
[2026-07-08 17:08:53] out while is working
[2026-07-08 17:08:53] buffer is less than 5, real size: 0
[2026-07-08 17:08:53] out while is working
[2026-07-08 17:08:53] buffer is less than 5, real size: 0
[2026-07-08 17:08:53] out while is working
[2026-07-08 17:08:53] buffer is less than 5, real size: 0
[2026-07-08 17:08:53] out while is working
[2026-07-08 17:08:53] buffer is less than 5, real size: 0
[2026-07-08 17:08:53] out while is working
[2026-07-08 17:08:53] buffer is less than 5, real size: 0
[2026-07-08 17:08:53] out while is working
[2026-07-08 17:08:53] buffer is less than 5, real size: 0
[2026-07-08 17:08:53] out while is working
[2026-07-08 17:08:53] buffer is less than 5, real size: 1
[2026-07-08 17:08:53] out while is working
[2026-07-08 17:08:53] data_length 14 iseq 45
[2026-07-08 17:08:53] begin switch_method
[2026-07-08 17:08:53] find command id514
[2026-07-08 17:08:53] data_length 17 iseq 46
[2026-07-08 17:08:53] buffer is less than sof_index + frame_length(26), buffer size: b'\xa5\x11\x00.\x1e\x01\x02\t\x01'
[2026-07-08 17:08:53] out while is working
[2026-07-08 17:08:53] data_length 17 iseq 46
[2026-07-08 17:08:53] buffer is less than sof_index + frame_length(26), buffer size: b'\xa5\x11\x00.\x1e\x01\x02\t\x01\xb8'
[2026-07-08 17:08:53] out while is working
[2026-07-08 17:08:53] data_length 17 iseq 46
[2026-07-08 17:08:53] begin switch_method
[2026-07-08 17:08:53] find command id513
[2026-07-08 17:08:53] buffer is less than 5, real size: 0
[2026-07-08 17:08:53] out while is working
[2026-07-08 17:08:53] buffer is less than 5, real size: 0
[2026-07-08 17:08:53] out while is working
[2026-07-08 17:08:53] buffer is less than 5, real size: 0
[2026-07-08 17:08:53] out while is working
[2026-07-08 17:08:53] buffer is less than 5, real size: 0
[2026-07-08 17:08:53] out while is working
[2026-07-08 17:08:53] buffer is less than 5, real size: 0
[2026-07-08 17:08:53] out while is working
[2026-07-08 17:08:53] buffer is less than 5, real size: 0
[2026-07-08 17:08:53] out while is working
[2026-07-08 17:08:53] buffer is less than 5, real size: 0
[2026-07-08 17:08:53] out while is working
[2026-07-08 17:08:53] buffer is less than 5, real size: 0
[2026-07-08 17:08:53] out while is working
[2026-07-08 17:08:53] buffer is less than 5, real size: 0
[2026-07-08 17:08:53] out while is working
[2026-07-08 17:08:53] buffer is less than 5, real size: 0
[2026-07-08 17:08:53] out while is working
[2026-07-08 17:08:53] buffer is less than 5, real size: 1
[2026-07-08 17:08:53] out while is working
[2026-07-08 17:08:53] data_length 14 iseq 47
[2026-07-08 17:08:53] begin switch_method
[2026-07-08 17:08:53] find command id514
[2026-07-08 17:08:53] data_length 12 iseq 48
[2026-07-08 17:08:53] buffer is less than sof_index + frame_length(21), buffer size: b'\xa5\x0c\x000\xc6\x03\x02\x00\x00'
[2026-07-08 17:08:53] out while is working
[2026-07-08 17:08:53] data_length 12 iseq 48
[2026-07-08 17:08:53] buffer is less than sof_index + frame_length(21), buffer size: b'\xa5\x0c\x000\xc6\x03\x02\x00\x00\x00'
[2026-07-08 17:08:53] out while is working
[2026-07-08 17:08:53] data_length 12 iseq 48
[2026-07-08 17:08:53] begin switch_method
[2026-07-08 17:08:53] find command id515
[2026-07-08 17:08:53] data_length 17 iseq 49
[2026-07-08 17:08:53] buffer is less than sof_index + frame_length(26), buffer size: b'\xa5\x11\x001\xc2\x01\x02\t\x01\xb8"\xb8"d\x00@\x01x\x00\x00'
[2026-07-08 17:08:53] out while is working
[2026-07-08 17:08:53] data_length 17 iseq 49
[2026-07-08 17:08:53] buffer is less than sof_index + frame_length(26), buffer size: b'\xa5\x11\x001\xc2\x01\x02\t\x01\xb8"\xb8"d\x00@\x01x\x00\x00\x00'
[2026-07-08 17:08:53] out while is working
[2026-07-08 17:08:53] data_length 17 iseq 49
[2026-07-08 17:08:53] begin switch_method
[2026-07-08 17:08:53] find command id513
[2026-07-08 17:08:53] buffer is less than 5, real size: 0
[2026-07-08 17:08:53] out while is working
[2026-07-08 17:08:53] buffer is less than 5, real size: 0
[2026-07-08 17:08:53] out while is working
[2026-07-08 17:08:53] buffer is less than 5, real size: 0
[2026-07-08 17:08:53] out while is working
[2026-07-08 17:08:53] buffer is less than 5, real size: 0
[2026-07-08 17:08:53] out while is working
[2026-07-08 17:08:53] buffer is less than 5, real size: 0
[2026-07-08 17:08:53] out while is working
[2026-07-08 17:08:53] buffer is less than 5, real size: 0
[2026-07-08 17:08:53] out while is working
[2026-07-08 17:08:53] buffer is less than 5, real size: 1
[2026-07-08 17:08:53] out while is working
[2026-07-08 17:08:53] data_length 5 iseq 50
[2026-07-08 17:08:53] begin switch_method
[2026-07-08 17:08:53] find command id521
[2026-07-08 17:08:53] buffer is less than 5, real size: 0
[2026-07-08 17:08:53] out while is working
[2026-07-08 17:08:53] buffer is less than 5, real size: 0
[2026-07-08 17:08:53] out while is working
[2026-07-08 17:08:53] buffer is less than 5, real size: 0
[2026-07-08 17:08:53] out while is working
[2026-07-08 17:08:53] buffer is less than 5, real size: 0
[2026-07-08 17:08:53] out while is working
[2026-07-08 17:08:53] buffer is less than 5, real size: 1
[2026-07-08 17:08:53] out while is working
[2026-07-08 17:08:53] data_length 14 iseq 51
[2026-07-08 17:08:53] begin switch_method
[2026-07-08 17:08:53] find command id514
[2026-07-08 17:08:53] data_length 17 iseq 52
[2026-07-08 17:08:53] buffer is less than sof_index + frame_length(26), buffer size: b'\xa5\x11\x004\xfd\x01\x02\t\x01'
[2026-07-08 17:08:53] out while is working
[2026-07-08 17:08:53] data_length 17 iseq 52
[2026-07-08 17:08:53] buffer is less than sof_index + frame_length(26), buffer size: b'\xa5\x11\x004\xfd\x01\x02\t\x01\xb8'
[2026-07-08 17:08:53] out while is working
[2026-07-08 17:08:53] data_length 17 iseq 52
[2026-07-08 17:08:53] begin switch_method
[2026-07-08 17:08:53] find command id513
[2026-07-08 17:08:53] buffer is less than 5, real size: 0
[2026-07-08 17:08:53] out while is working
[2026-07-08 17:08:53] buffer is less than 5, real size: 0
[2026-07-08 17:08:53] out while is working
[2026-07-08 17:08:53] buffer is less than 5, real size: 0
[2026-07-08 17:08:53] out while is working
[2026-07-08 17:08:53] buffer is less than 5, real size: 0
[2026-07-08 17:08:53] out while is working
[2026-07-08 17:08:53] buffer is less than 5, real size: 0
[2026-07-08 17:08:53] out while is working
[2026-07-08 17:08:53] buffer is less than 5, real size: 0
[2026-07-08 17:08:53] out while is working
[2026-07-08 17:08:53] buffer is less than 5, real size: 0
[2026-07-08 17:08:53] out while is working
[2026-07-08 17:08:53] buffer is less than 5, real size: 0
[2026-07-08 17:08:53] out while is working
[2026-07-08 17:08:53] buffer is less than 5, real size: 0
[2026-07-08 17:08:53] out while is working
[2026-07-08 17:08:53] buffer is less than 5, real size: 0
[2026-07-08 17:08:53] out while is working
[2026-07-08 17:08:53] buffer is less than 5, real size: 1
[2026-07-08 17:08:53] out while is working
[2026-07-08 17:08:53] data_length 14 iseq 53
[2026-07-08 17:08:53] begin switch_method
[2026-07-08 17:08:53] find command id514
[2026-07-08 17:08:53] data_length 17 iseq 54
[2026-07-08 17:08:53] buffer is less than sof_index + frame_length(26), buffer size: b'\xa5\x11\x006A\x01\x02\t\x01'
[2026-07-08 17:08:53] out while is working
[2026-07-08 17:08:53] data_length 17 iseq 54
[2026-07-08 17:08:53] buffer is less than sof_index + frame_length(26), buffer size: b'\xa5\x11\x006A\x01\x02\t\x01\xb8'
[2026-07-08 17:08:53] out while is working
[2026-07-08 17:08:53] data_length 17 iseq 54
[2026-07-08 17:08:53] begin switch_method
[2026-07-08 17:08:53] find command id513
[2026-07-08 17:08:53] buffer is less than 5, real size: 0
[2026-07-08 17:08:53] out while is working
[2026-07-08 17:08:53] buffer is less than 5, real size: 0
[2026-07-08 17:08:53] out while is working
[2026-07-08 17:08:53] buffer is less than 5, real size: 0
[2026-07-08 17:08:53] out while is working
[2026-07-08 17:08:53] buffer is less than 5, real size: 0
[2026-07-08 17:08:53] out while is working
[2026-07-08 17:08:53] buffer is less than 5, real size: 0
[2026-07-08 17:08:53] out while is working
[2026-07-08 17:08:53] buffer is less than 5, real size: 0
[2026-07-08 17:08:53] out while is working
[2026-07-08 17:08:53] buffer is less than 5, real size: 0
[2026-07-08 17:08:53] out while is working
[2026-07-08 17:08:53] buffer is less than 5, real size: 0
[2026-07-08 17:08:53] out while is working
[2026-07-08 17:08:53] buffer is less than 5, real size: 0
[2026-07-08 17:08:53] out while is working
[2026-07-08 17:08:53] buffer is less than 5, real size: 0
[2026-07-08 17:08:53] out while is working
[2026-07-08 17:08:53] buffer is less than 5, real size: 1
[2026-07-08 17:08:53] out while is working
[2026-07-08 17:08:53] data_length 14 iseq 55
[2026-07-08 17:08:53] begin switch_method
[2026-07-08 17:08:53] find command id514
[2026-07-08 17:08:53] data_length 17 iseq 56
[2026-07-08 17:08:53] buffer is less than sof_index + frame_length(26), buffer size: b'\xa5\x11\x008^\x01\x02\t\x01'
[2026-07-08 17:08:53] out while is working
[2026-07-08 17:08:53] data_length 17 iseq 56
[2026-07-08 17:08:53] buffer is less than sof_index + frame_length(26), buffer size: b'\xa5\x11\x008^\x01\x02\t\x01\xb8'
[2026-07-08 17:08:53] out while is working
[2026-07-08 17:08:53] data_length 17 iseq 56
[2026-07-08 17:08:53] begin switch_method
[2026-07-08 17:08:53] find command id513
[2026-07-08 17:08:53] buffer is less than 5, real size: 0
[2026-07-08 17:08:53] out while is working
[2026-07-08 17:08:53] buffer is less than 5, real size: 0
[2026-07-08 17:08:53] out while is working
[2026-07-08 17:08:53] buffer is less than 5, real size: 0
[2026-07-08 17:08:53] out while is working
[2026-07-08 17:08:53] buffer is less than 5, real size: 0
[2026-07-08 17:08:53] out while is working
[2026-07-08 17:08:53] buffer is less than 5, real size: 1
[2026-07-08 17:08:53] out while is working
[2026-07-08 17:08:53] data_length 5 iseq 57
[2026-07-08 17:08:53] begin switch_method
[2026-07-08 17:08:53] find command id521
[2026-07-08 17:08:53] buffer is less than 5, real size: 0
[2026-07-08 17:08:53] out while is working
[2026-07-08 17:08:53] buffer is less than 5, real size: 0
[2026-07-08 17:08:53] out while is working
[2026-07-08 17:08:53] buffer is less than 5, real size: 0
[2026-07-08 17:08:53] out while is working
[2026-07-08 17:08:53] buffer is less than 5, real size: 0
[2026-07-08 17:08:53] out while is working
[2026-07-08 17:08:53] buffer is less than 5, real size: 0
[2026-07-08 17:08:53] out while is working
[2026-07-08 17:08:53] buffer is less than 5, real size: 0
[2026-07-08 17:08:53] out while is working
[2026-07-08 17:08:53] buffer is less than 5, real size: 0
[2026-07-08 17:08:53] out while is working
[2026-07-08 17:08:53] data_length 14 iseq 58
[2026-07-08 17:08:53] begin switch_method
[2026-07-08 17:08:53] find command id514
[2026-07-08 17:08:53] data_length 17 iseq 59
[2026-07-08 17:08:53] buffer is less than sof_index + frame_length(26), buffer size: b'\xa5\x11\x00;\xbc\x01\x02\t\x01'
[2026-07-08 17:08:53] out while is working
[2026-07-08 17:08:53] data_length 17 iseq 59
[2026-07-08 17:08:53] buffer is less than sof_index + frame_length(26), buffer size: b'\xa5\x11\x00;\xbc\x01\x02\t\x01\xb8'
[2026-07-08 17:08:53] out while is working
[2026-07-08 17:08:53] data_length 17 iseq 59
[2026-07-08 17:08:53] begin switch_method
[2026-07-08 17:08:53] find command id513
[2026-07-08 17:08:53] buffer is less than 5, real size: 0
[2026-07-08 17:08:53] out while is working
[2026-07-08 17:08:53] buffer is less than 5, real size: 0
[2026-07-08 17:08:53] out while is working
[2026-07-08 17:08:53] buffer is less than 5, real size: 0
[2026-07-08 17:08:53] out while is working
[2026-07-08 17:08:53] buffer is less than 5, real size: 0
[2026-07-08 17:08:53] out while is working
[2026-07-08 17:08:53] buffer is less than 5, real size: 0
[2026-07-08 17:08:53] out while is working
[2026-07-08 17:08:53] buffer is less than 5, real size: 0
[2026-07-08 17:08:53] out while is working
[2026-07-08 17:08:53] buffer is less than 5, real size: 0
[2026-07-08 17:08:53] out while is working
[2026-07-08 17:08:53] buffer is less than 5, real size: 0
[2026-07-08 17:08:53] out while is working
[2026-07-08 17:08:53] buffer is less than 5, real size: 0
[2026-07-08 17:08:53] out while is working
[2026-07-08 17:08:53] buffer is less than 5, real size: 0
[2026-07-08 17:08:53] out while is working
[2026-07-08 17:08:53] buffer is less than 5, real size: 1
[2026-07-08 17:08:53] out while is working
[2026-07-08 17:08:53] data_length 14 iseq 60
[2026-07-08 17:08:53] begin switch_method
[2026-07-08 17:08:53] find command id514
[2026-07-08 17:08:53] data_length 17 iseq 61
[2026-07-08 17:08:53] buffer is less than sof_index + frame_length(26), buffer size: b'\xa5\x11\x00=a\x01\x02\t\x01'
[2026-07-08 17:08:53] out while is working
[2026-07-08 17:08:53] data_length 17 iseq 61
[2026-07-08 17:08:53] buffer is less than sof_index + frame_length(26), buffer size: b'\xa5\x11\x00=a\x01\x02\t\x01\xb8'
[2026-07-08 17:08:53] out while is working
[2026-07-08 17:08:53] data_length 17 iseq 61
[2026-07-08 17:08:53] begin switch_method
[2026-07-08 17:08:53] find command id513
[2026-07-08 17:08:53] buffer is less than 5, real size: 0
[2026-07-08 17:08:53] out while is working
[2026-07-08 17:08:53] buffer is less than 5, real size: 0
[2026-07-08 17:08:53] out while is working
[2026-07-08 17:08:53] buffer is less than 5, real size: 0
[2026-07-08 17:08:53] out while is working
[2026-07-08 17:08:53] buffer is less than 5, real size: 0
[2026-07-08 17:08:53] out while is working
[2026-07-08 17:08:53] buffer is less than 5, real size: 1
[2026-07-08 17:08:53] out while is working
[2026-07-08 17:08:53] data_length 2 iseq 62
[2026-07-08 17:08:53] begin switch_method
[2026-07-08 17:08:53] find command id524
[2026-07-08 17:08:53] Mark process: [0, 0, 0, 0, 0, 0] (raw bits: 0000000000000000)
[2026-07-08 17:08:53] data_length 4 iseq 63
[2026-07-08 17:08:53] begin switch_method
[2026-07-08 17:08:53] find command id257
[2026-07-08 17:08:53] data_length 11 iseq 64
[2026-07-08 17:08:53] buffer is less than sof_index + frame_length(20), buffer size: b'\xa5\x0b\x00@D\x01\x00\x01'
[2026-07-08 17:08:53] out while is working
[2026-07-08 17:08:53] data_length 11 iseq 64
[2026-07-08 17:08:53] buffer is less than sof_index + frame_length(20), buffer size: b'\xa5\x0b\x00@D\x01\x00\x01\x00'
[2026-07-08 17:08:53] out while is working
[2026-07-08 17:08:53] data_length 11 iseq 64
[2026-07-08 17:08:53] begin switch_method
[2026-07-08 17:08:53] find command id1
[2026-07-08 17:08:53] data_length 3 iseq 65
[2026-07-08 17:08:53] begin switch_method
[2026-07-08 17:08:53] find command id261
[2026-07-08 17:08:53] Dart target: 0
[2026-07-08 17:08:53] data_length 1 iseq 66
[2026-07-08 17:08:53] buffer is less than sof_index + frame_length(10), buffer size: b'\xa5\x01\x00B\x92\x0e\x02('
[2026-07-08 17:08:53] out while is working
[2026-07-08 17:08:53] data_length 1 iseq 66
[2026-07-08 17:08:53] buffer is less than sof_index + frame_length(10), buffer size: b'\xa5\x01\x00B\x92\x0e\x02(\xd8'
[2026-07-08 17:08:53] out while is working
[2026-07-08 17:08:53] data_length 1 iseq 66
[2026-07-08 17:08:53] begin switch_method
[2026-07-08 17:08:53] find command id526
[2026-07-08 17:08:53] Double effect chance: 0, is double effect active: 0
[2026-07-08 17:08:53] Interference level: 1, is key updated: 1
[2026-07-08 17:08:53] buffer is less than 5, real size: 0
[2026-07-08 17:08:53] out while is working
[2026-07-08 17:08:53] buffer is less than 5, real size: 0
[2026-07-08 17:08:53] out while is working
[2026-07-08 17:08:53] buffer is less than 5, real size: 0
[2026-07-08 17:08:53] out while is working
[2026-07-08 17:08:53] buffer is less than 5, real size: 0
[2026-07-08 17:08:53] out while is working
[2026-07-08 17:08:53] buffer is less than 5, real size: 0
[2026-07-08 17:08:53] out while is working
[2026-07-08 17:08:53] buffer is less than 5, real size: 0
[2026-07-08 17:08:53] out while is working
[2026-07-08 17:08:53] buffer is less than 5, real size: 1
[2026-07-08 17:08:53] out while is working
[2026-07-08 17:08:53] data_length 14 iseq 67
[2026-07-08 17:08:53] begin switch_method
[2026-07-08 17:08:53] find command id514
[2026-07-08 17:08:53] data_length 17 iseq 68
[2026-07-08 17:08:53] buffer is less than sof_index + frame_length(26), buffer size: b'\xa5\x11\x00D\x05\x01\x02\t\x01'
[2026-07-08 17:08:53] out while is working
[2026-07-08 17:08:53] data_length 17 iseq 68
[2026-07-08 17:08:53] buffer is less than sof_index + frame_length(26), buffer size: b'\xa5\x11\x00D\x05\x01\x02\t\x01\xb8'
[2026-07-08 17:08:53] out while is working
[2026-07-08 17:08:53] data_length 17 iseq 68
[2026-07-08 17:08:53] begin switch_method
[2026-07-08 17:08:53] find command id513
[2026-07-08 17:08:53] buffer is less than 5, real size: 0
[2026-07-08 17:08:53] out while is working
[2026-07-08 17:08:53] buffer is less than 5, real size: 0
[2026-07-08 17:08:53] out while is working
[2026-07-08 17:08:53] buffer is less than 5, real size: 0
[2026-07-08 17:08:53] out while is working
[2026-07-08 17:08:53] buffer is less than 5, real size: 1
[2026-07-08 17:08:53] out while is working
[2026-07-08 17:08:53] data_length 5 iseq 69
[2026-07-08 17:08:53] begin switch_method
[2026-07-08 17:08:53] find command id521
[2026-07-08 17:08:53] buffer is less than 5, real size: 0
[2026-07-08 17:08:53] out while is working
[2026-07-08 17:08:53] buffer is less than 5, real size: 0
[2026-07-08 17:08:53] out while is working
[2026-07-08 17:08:53] buffer is less than 5, real size: 0
[2026-07-08 17:08:53] out while is working
[2026-07-08 17:08:53] buffer is less than 5, real size: 0
[2026-07-08 17:08:53] out while is working
[2026-07-08 17:08:53] buffer is less than 5, real size: 0
[2026-07-08 17:08:53] out while is working
[2026-07-08 17:08:53] buffer is less than 5, real size: 0
[2026-07-08 17:08:53] out while is working
[2026-07-08 17:08:53] buffer is less than 5, real size: 0
[2026-07-08 17:08:53] out while is working
[2026-07-08 17:08:53] buffer is less than 5, real size: 0
[2026-07-08 17:08:53] out while is working
[2026-07-08 17:08:53] buffer is less than 5, real size: 1
[2026-07-08 17:08:53] out while is working
[2026-07-08 17:08:53] data_length 14 iseq 70
[2026-07-08 17:08:53] begin switch_method
[2026-07-08 17:08:53] find command id514
[2026-07-08 17:08:53] data_length 17 iseq 71
[2026-07-08 17:08:53] buffer is less than sof_index + frame_length(26), buffer size: b'\xa5\x11\x00G\xe7\x01\x02\t\x01'
[2026-07-08 17:08:53] out while is working
[2026-07-08 17:08:53] data_length 17 iseq 71
[2026-07-08 17:08:53] buffer is less than sof_index + frame_length(26), buffer size: b'\xa5\x11\x00G\xe7\x01\x02\t\x01\xb8'
[2026-07-08 17:08:53] out while is working
[2026-07-08 17:08:53] data_length 17 iseq 71
[2026-07-08 17:08:53] begin switch_method
[2026-07-08 17:08:53] find command id513
[2026-07-08 17:08:53] buffer is less than 5, real size: 0
[2026-07-08 17:08:53] out while is working
[2026-07-08 17:08:53] buffer is less than 5, real size: 0
[2026-07-08 17:08:53] out while is working
[2026-07-08 17:08:53] buffer is less than 5, real size: 0
[2026-07-08 17:08:53] out while is working
[2026-07-08 17:08:53] buffer is less than 5, real size: 0
[2026-07-08 17:08:53] out while is working
[2026-07-08 17:08:53] buffer is less than 5, real size: 0
[2026-07-08 17:08:53] out while is working
[2026-07-08 17:08:53] buffer is less than 5, real size: 0
[2026-07-08 17:08:53] out while is working
[2026-07-08 17:08:53] buffer is less than 5, real size: 0
[2026-07-08 17:08:53] out while is working
[2026-07-08 17:08:54] buffer is less than 5, real size: 0
[2026-07-08 17:08:54] out while is working
[2026-07-08 17:08:54] buffer is less than 5, real size: 0
[2026-07-08 17:08:54] out while is working
[2026-07-08 17:08:54] buffer is less than 5, real size: 0
[2026-07-08 17:08:54] out while is working
[2026-07-08 17:08:54] buffer is less than 5, real size: 1
[2026-07-08 17:08:54] out while is working
[2026-07-08 17:08:54] data_length 14 iseq 72
[2026-07-08 17:08:54] begin switch_method
[2026-07-08 17:08:54] find command id514
[2026-07-08 17:08:54] data_length 17 iseq 73
[2026-07-08 17:08:54] buffer is less than sof_index + frame_length(26), buffer size: b'\xa5\x11\x00I\xf8\x01\x02\t\x01'
[2026-07-08 17:08:54] out while is working
[2026-07-08 17:08:54] data_length 17 iseq 73
[2026-07-08 17:08:54] buffer is less than sof_index + frame_length(26), buffer size: b'\xa5\x11\x00I\xf8\x01\x02\t\x01\xb8'
[2026-07-08 17:08:54] out while is working
[2026-07-08 17:08:54] data_length 17 iseq 73
[2026-07-08 17:08:54] begin switch_method
[2026-07-08 17:08:54] find command id513
[2026-07-08 17:08:54] buffer is less than 5, real size: 0
[2026-07-08 17:08:54] out while is working
[2026-07-08 17:08:54] buffer is less than 5, real size: 0
[2026-07-08 17:08:54] out while is working
[2026-07-08 17:08:54] buffer is less than 5, real size: 0
[2026-07-08 17:08:54] out while is working
[2026-07-08 17:08:54] buffer is less than 5, real size: 0
[2026-07-08 17:08:54] out while is working
[2026-07-08 17:08:54] buffer is less than 5, real size: 0
[2026-07-08 17:08:54] out while is working
[2026-07-08 17:08:54] buffer is less than 5, real size: 0
[2026-07-08 17:08:54] out while is working
[2026-07-08 17:08:54] buffer is less than 5, real size: 0
[2026-07-08 17:08:54] out while is working
[2026-07-08 17:08:54] buffer is less than 5, real size: 0
[2026-07-08 17:08:54] out while is working
[2026-07-08 17:08:54] buffer is less than 5, real size: 0
[2026-07-08 17:08:54] out while is working
[2026-07-08 17:08:54] buffer is less than 5, real size: 0
[2026-07-08 17:08:54] out while is working
[2026-07-08 17:08:54] buffer is less than 5, real size: 1
[2026-07-08 17:08:54] out while is working
[2026-07-08 17:08:54] data_length 14 iseq 74
[2026-07-08 17:08:54] begin switch_method
[2026-07-08 17:08:54] find command id514
[2026-07-08 17:08:54] data_length 17 iseq 75
[2026-07-08 17:08:54] buffer is less than sof_index + frame_length(26), buffer size: b'\xa5\x11\x00KD\x01\x02\t\x01'
[2026-07-08 17:08:54] out while is working
[2026-07-08 17:08:54] data_length 17 iseq 75
[2026-07-08 17:08:54] buffer is less than sof_index + frame_length(26), buffer size: b'\xa5\x11\x00KD\x01\x02\t\x01\xb8'
[2026-07-08 17:08:54] out while is working
[2026-07-08 17:08:54] data_length 17 iseq 75
[2026-07-08 17:08:54] begin switch_method
[2026-07-08 17:08:54] find command id513
[2026-07-08 17:08:54] buffer is less than 5, real size: 0
[2026-07-08 17:08:54] out while is working
[2026-07-08 17:08:54] buffer is less than 5, real size: 0
[2026-07-08 17:08:54] out while is working
[2026-07-08 17:08:54] buffer is less than 5, real size: 1
[2026-07-08 17:08:54] out while is working
[2026-07-08 17:08:54] data_length 5 iseq 76
[2026-07-08 17:08:54] begin switch_method
[2026-07-08 17:08:54] find command id521
[2026-07-08 17:08:54] buffer is less than 5, real size: 0
[2026-07-08 17:08:54] out while is working
[2026-07-08 17:08:54] buffer is less than 5, real size: 0
[2026-07-08 17:08:54] out while is working
[2026-07-08 17:08:54] buffer is less than 5, real size: 0
[2026-07-08 17:08:54] out while is working
[2026-07-08 17:08:54] buffer is less than 5, real size: 0
[2026-07-08 17:08:54] out while is working
[2026-07-08 17:08:54] buffer is less than 5, real size: 0
[2026-07-08 17:08:54] out while is working
[2026-07-08 17:08:54] buffer is less than 5, real size: 0
[2026-07-08 17:08:54] out while is working
[2026-07-08 17:08:54] buffer is less than 5, real size: 0
[2026-07-08 17:08:54] out while is working
[2026-07-08 17:08:54] buffer is less than 5, real size: 0
[2026-07-08 17:08:54] out while is working
[2026-07-08 17:08:54] buffer is less than 5, real size: 1
[2026-07-08 17:08:54] out while is working
[2026-07-08 17:08:54] data_length 14 iseq 77
[2026-07-08 17:08:54] begin switch_method
[2026-07-08 17:08:54] find command id514
[2026-07-08 17:08:54] data_length 12 iseq 78
[2026-07-08 17:08:54] buffer is less than sof_index + frame_length(21), buffer size: b'\xa5\x0c\x00N!\x03\x02\x00\x00'
[2026-07-08 17:08:54] out while is working
[2026-07-08 17:08:54] data_length 12 iseq 78
[2026-07-08 17:08:54] buffer is less than sof_index + frame_length(21), buffer size: b'\xa5\x0c\x00N!\x03\x02\x00\x00\x00'
[2026-07-08 17:08:54] out while is working
[2026-07-08 17:08:54] data_length 12 iseq 78
[2026-07-08 17:08:54] begin switch_method
[2026-07-08 17:08:54] find command id515
[2026-07-08 17:08:54] data_length 17 iseq 79
[2026-07-08 17:08:54] buffer is less than sof_index + frame_length(26), buffer size: b'\xa5\x11\x00O%\x01\x02\t\x01\xb8"\xb8"d\x00@\x01x\x00\x00'
[2026-07-08 17:08:54] out while is working
[2026-07-08 17:08:54] data_length 17 iseq 79
[2026-07-08 17:08:54] buffer is less than sof_index + frame_length(26), buffer size: b'\xa5\x11\x00O%\x01\x02\t\x01\xb8"\xb8"d\x00@\x01x\x00\x00\x00'
[2026-07-08 17:08:54] out while is working
[2026-07-08 17:08:54] data_length 17 iseq 79
[2026-07-08 17:08:54] begin switch_method
[2026-07-08 17:08:54] find command id513
[2026-07-08 17:08:54] buffer is less than 5, real size: 0
[2026-07-08 17:08:54] out while is working
[2026-07-08 17:08:54] buffer is less than 5, real size: 0
[2026-07-08 17:08:54] out while is working
[2026-07-08 17:08:54] buffer is less than 5, real size: 0
[2026-07-08 17:08:54] out while is working
[2026-07-08 17:08:54] buffer is less than 5, real size: 0
[2026-07-08 17:08:54] out while is working
[2026-07-08 17:08:54] buffer is less than 5, real size: 0
[2026-07-08 17:08:54] out while is working
[2026-07-08 17:08:54] buffer is less than 5, real size: 0
[2026-07-08 17:08:54] out while is working
[2026-07-08 17:08:54] buffer is less than 5, real size: 0
[2026-07-08 17:08:54] out while is working
[2026-07-08 17:08:54] buffer is less than 5, real size: 0
[2026-07-08 17:08:54] out while is working
[2026-07-08 17:08:54] buffer is less than 5, real size: 0
[2026-07-08 17:08:54] out while is working
[2026-07-08 17:08:54] buffer is less than 5, real size: 0
[2026-07-08 17:08:54] out while is working
[2026-07-08 17:08:54] buffer is less than 5, real size: 1
[2026-07-08 17:08:54] out while is working
[2026-07-08 17:08:54] data_length 14 iseq 80
[2026-07-08 17:08:54] begin switch_method
[2026-07-08 17:08:54] find command id514
[2026-07-08 17:08:54] data_length 17 iseq 81
[2026-07-08 17:08:54] buffer is less than sof_index + frame_length(26), buffer size: b'\xa5\x11\x00Q\xa7\x01\x02\t\x01'
[2026-07-08 17:08:54] out while is working
[2026-07-08 17:08:54] data_length 17 iseq 81
[2026-07-08 17:08:54] buffer is less than sof_index + frame_length(26), buffer size: b'\xa5\x11\x00Q\xa7\x01\x02\t\x01\xb8'
[2026-07-08 17:08:54] out while is working
[2026-07-08 17:08:54] data_length 17 iseq 81
[2026-07-08 17:08:54] begin switch_method
[2026-07-08 17:08:54] find command id513
[2026-07-08 17:08:54] buffer is less than 5, real size: 0
[2026-07-08 17:08:54] out while is working
[2026-07-08 17:08:54] buffer is less than 5, real size: 0
[2026-07-08 17:08:54] out while is working
[2026-07-08 17:08:54] buffer is less than 5, real size: 0
[2026-07-08 17:08:54] out while is working
[2026-07-08 17:08:54] buffer is less than 5, real size: 0
[2026-07-08 17:08:54] out while is working
[2026-07-08 17:08:54] buffer is less than 5, real size: 0
[2026-07-08 17:08:54] out while is working
[2026-07-08 17:08:54] buffer is less than 5, real size: 0
[2026-07-08 17:08:54] out while is working
[2026-07-08 17:08:54] buffer is less than 5, real size: 0
[2026-07-08 17:08:54] out while is working
[2026-07-08 17:08:54] buffer is less than 5, real size: 0
[2026-07-08 17:08:54] out while is working
[2026-07-08 17:08:54] buffer is less than 5, real size: 0
[2026-07-08 17:08:54] out while is working
[2026-07-08 17:08:54] buffer is less than 5, real size: 0
[2026-07-08 17:08:54] out while is working
[2026-07-08 17:08:54] buffer is less than 5, real size: 1
[2026-07-08 17:08:54] out while is working
[2026-07-08 17:08:54] data_length 14 iseq 82
[2026-07-08 17:08:54] begin switch_method
[2026-07-08 17:08:54] find command id514
[2026-07-08 17:08:54] data_length 17 iseq 83
[2026-07-08 17:08:54] buffer is less than sof_index + frame_length(26), buffer size: b'\xa5\x11\x00S\x1b\x01\x02\t\x01'
[2026-07-08 17:08:54] out while is working
[2026-07-08 17:08:54] data_length 17 iseq 83
[2026-07-08 17:08:54] buffer is less than sof_index + frame_length(26), buffer size: b'\xa5\x11\x00S\x1b\x01\x02\t\x01\xb8'
[2026-07-08 17:08:54] out while is working
[2026-07-08 17:08:54] data_length 17 iseq 83
[2026-07-08 17:08:54] begin switch_method
[2026-07-08 17:08:54] find command id513
[2026-07-08 17:08:54] buffer is less than 5, real size: 0
[2026-07-08 17:08:54] out while is working
[2026-07-08 17:08:54] buffer is less than 5, real size: 1
[2026-07-08 17:08:54] out while is working
[2026-07-08 17:08:54] data_length 5 iseq 84
[2026-07-08 17:08:54] begin switch_method
[2026-07-08 17:08:54] find command id521
[2026-07-08 17:08:54] buffer is less than 5, real size: 0
[2026-07-08 17:08:54] out while is working
[2026-07-08 17:08:54] buffer is less than 5, real size: 0
[2026-07-08 17:08:54] out while is working
[2026-07-08 17:08:54] buffer is less than 5, real size: 0
[2026-07-08 17:08:54] out while is working
[2026-07-08 17:08:54] buffer is less than 5, real size: 0
[2026-07-08 17:08:54] out while is working
[2026-07-08 17:08:54] buffer is less than 5, real size: 0
[2026-07-08 17:08:54] out while is working
[2026-07-08 17:08:54] buffer is less than 5, real size: 0
[2026-07-08 17:08:54] out while is working
[2026-07-08 17:08:54] buffer is less than 5, real size: 0
[2026-07-08 17:08:54] out while is working
[2026-07-08 17:08:54] buffer is less than 5, real size: 0
[2026-07-08 17:08:54] out while is working
[2026-07-08 17:08:54] buffer is less than 5, real size: 0
[2026-07-08 17:08:54] out while is working
[2026-07-08 17:08:54] buffer is less than 5, real size: 0
[2026-07-08 17:08:54] out while is working
[2026-07-08 17:08:54] buffer is less than 5, real size: 1
[2026-07-08 17:08:54] out while is working
[2026-07-08 17:08:54] data_length 14 iseq 85
[2026-07-08 17:08:54] begin switch_method
[2026-07-08 17:08:54] find command id514
[2026-07-08 17:08:54] data_length 17 iseq 86
[2026-07-08 17:08:54] buffer is less than sof_index + frame_length(26), buffer size: b'\xa5\x11\x00V$\x01\x02\t\x01'
[2026-07-08 17:08:54] out while is working
[2026-07-08 17:08:54] data_length 17 iseq 86
[2026-07-08 17:08:54] buffer is less than sof_index + frame_length(26), buffer size: b'\xa5\x11\x00V$\x01\x02\t\x01\xb8'
[2026-07-08 17:08:54] out while is working
[2026-07-08 17:08:54] data_length 17 iseq 86
[2026-07-08 17:08:54] begin switch_method
[2026-07-08 17:08:54] find command id513
[2026-07-08 17:08:54] buffer is less than 5, real size: 0
[2026-07-08 17:08:54] out while is working
[2026-07-08 17:08:54] buffer is less than 5, real size: 0
[2026-07-08 17:08:54] out while is working
[2026-07-08 17:08:54] buffer is less than 5, real size: 0
[2026-07-08 17:08:54] out while is working
[2026-07-08 17:08:54] buffer is less than 5, real size: 0
[2026-07-08 17:08:54] out while is working
[2026-07-08 17:08:54] buffer is less than 5, real size: 0
[2026-07-08 17:08:54] out while is working
[2026-07-08 17:08:54] buffer is less than 5, real size: 0
[2026-07-08 17:08:54] out while is working
[2026-07-08 17:08:54] buffer is less than 5, real size: 0
[2026-07-08 17:08:54] out while is working
[2026-07-08 17:08:54] buffer is less than 5, real size: 0
[2026-07-08 17:08:54] out while is working
[2026-07-08 17:08:54] buffer is less than 5, real size: 0
[2026-07-08 17:08:54] out while is working
[2026-07-08 17:08:54] buffer is less than 5, real size: 0
[2026-07-08 17:08:54] out while is working
[2026-07-08 17:08:54] buffer is less than 5, real size: 1
[2026-07-08 17:08:54] out while is working
[2026-07-08 17:08:54] data_length 14 iseq 87
[2026-07-08 17:08:54] begin switch_method
[2026-07-08 17:08:54] find command id514
[2026-07-08 17:08:54] data_length 17 iseq 88
[2026-07-08 17:08:54] buffer is less than sof_index + frame_length(26), buffer size: b'\xa5\x11\x00X;\x01\x02\t\x01'
[2026-07-08 17:08:54] out while is working
[2026-07-08 17:08:54] data_length 17 iseq 88
[2026-07-08 17:08:54] buffer is less than sof_index + frame_length(26), buffer size: b'\xa5\x11\x00X;\x01\x02\t\x01\xb8'
[2026-07-08 17:08:54] out while is working
[2026-07-08 17:08:54] data_length 17 iseq 88
[2026-07-08 17:08:54] begin switch_method
[2026-07-08 17:08:54] find command id513
[2026-07-08 17:08:54] buffer is less than 5, real size: 0
[2026-07-08 17:08:54] out while is working
[2026-07-08 17:08:54] buffer is less than 5, real size: 0
[2026-07-08 17:08:54] out while is working
[2026-07-08 17:08:54] buffer is less than 5, real size: 0
[2026-07-08 17:08:54] out while is working
[2026-07-08 17:08:54] buffer is less than 5, real size: 0
[2026-07-08 17:08:54] out while is working
[2026-07-08 17:08:54] buffer is less than 5, real size: 0
[2026-07-08 17:08:54] out while is working
[2026-07-08 17:08:54] buffer is less than 5, real size: 0
[2026-07-08 17:08:54] out while is working
[2026-07-08 17:08:54] buffer is less than 5, real size: 0
[2026-07-08 17:08:54] out while is working
[2026-07-08 17:08:54] buffer is less than 5, real size: 0
[2026-07-08 17:08:54] out while is working
[2026-07-08 17:08:54] buffer is less than 5, real size: 0
[2026-07-08 17:08:54] out while is working
[2026-07-08 17:08:54] buffer is less than 5, real size: 0
[2026-07-08 17:08:54] out while is working
[2026-07-08 17:08:54] buffer is less than 5, real size: 1
[2026-07-08 17:08:54] out while is working
[2026-07-08 17:08:54] data_length 14 iseq 89
[2026-07-08 17:08:54] begin switch_method
[2026-07-08 17:08:54] find command id514
[2026-07-08 17:08:54] data_length 17 iseq 90
[2026-07-08 17:08:54] buffer is less than sof_index + frame_length(26), buffer size: b'\xa5\x11\x00Z\x87\x01\x02\t\x01'
[2026-07-08 17:08:54] out while is working
[2026-07-08 17:08:54] data_length 17 iseq 90
[2026-07-08 17:08:54] buffer is less than sof_index + frame_length(26), buffer size: b'\xa5\x11\x00Z\x87\x01\x02\t\x01\xb8'
[2026-07-08 17:08:54] out while is working
[2026-07-08 17:08:54] data_length 17 iseq 90
[2026-07-08 17:08:54] begin switch_method
[2026-07-08 17:08:54] find command id513
[2026-07-08 17:08:54] buffer is less than 5, real size: 0
[2026-07-08 17:08:54] out while is working
[2026-07-08 17:08:54] buffer is less than 5, real size: 0
[2026-07-08 17:08:54] out while is working
[2026-07-08 17:08:54] buffer is less than 5, real size: 1
[2026-07-08 17:08:54] out while is working
[2026-07-08 17:08:54] data_length 2 iseq 91
[2026-07-08 17:08:54] begin switch_method
[2026-07-08 17:08:54] find command id524
[2026-07-08 17:08:54] Mark process: [0, 0, 0, 0, 0, 0] (raw bits: 0000000000000000)
[2026-07-08 17:08:54] data_length 4 iseq 92
[2026-07-08 17:08:54] begin switch_method
[2026-07-08 17:08:54] find command id257
[2026-07-08 17:08:54] buffer is less than 5, real size: 0
[2026-07-08 17:08:54] out while is working
[2026-07-08 17:08:54] buffer is less than 5, real size: 1
[2026-07-08 17:08:54] out while is working
[2026-07-08 17:08:54] data_length 11 iseq 93
[2026-07-08 17:08:54] begin switch_method
[2026-07-08 17:08:54] find command id1
[2026-07-08 17:08:54] data_length 3 iseq 94
[2026-07-08 17:08:54] begin switch_method
[2026-07-08 17:08:54] find command id261
[2026-07-08 17:08:54] Dart target: 0
[2026-07-08 17:08:54] buffer is less than 5, real size: 0
[2026-07-08 17:08:54] out while is working
[2026-07-08 17:08:54] buffer is less than 5, real size: 1
[2026-07-08 17:08:54] out while is working
[2026-07-08 17:08:54] data_length 1 iseq 95
[2026-07-08 17:08:54] begin switch_method
[2026-07-08 17:08:54] find command id526
[2026-07-08 17:08:54] Double effect chance: 0, is double effect active: 0
[2026-07-08 17:08:54] Interference level: 1, is key updated: 1
[2026-07-08 17:08:54] data_length 5 iseq 96
[2026-07-08 17:08:54] begin switch_method
[2026-07-08 17:08:54] find command id521
[2026-07-08 17:08:54] buffer is less than 5, real size: 0
[2026-07-08 17:08:54] out while is working
[2026-07-08 17:08:54] buffer is less than 5, real size: 0
[2026-07-08 17:08:54] out while is working
[2026-07-08 17:08:54] buffer is less than 5, real size: 0
[2026-07-08 17:08:54] out while is working
[2026-07-08 17:08:54] buffer is less than 5, real size: 0
[2026-07-08 17:08:54] out while is working
[2026-07-08 17:08:54] buffer is less than 5, real size: 0
[2026-07-08 17:08:54] out while is working
[2026-07-08 17:08:54] buffer is less than 5, real size: 0
[2026-07-08 17:08:54] out while is working
[2026-07-08 17:08:54] buffer is less than 5, real size: 0
[2026-07-08 17:08:54] out while is working
[2026-07-08 17:08:54] buffer is less than 5, real size: 1
[2026-07-08 17:08:54] out while is working
[2026-07-08 17:08:54] data_length 14 iseq 97
[2026-07-08 17:08:54] begin switch_method
[2026-07-08 17:08:54] find command id514
[2026-07-08 17:08:54] data_length 17 iseq 98
[2026-07-08 17:08:54] buffer is less than sof_index + frame_length(26), buffer size: b'\xa5\x11\x00b\xfb\x01\x02\t\x01'
[2026-07-08 17:08:54] out while is working
[2026-07-08 17:08:54] data_length 17 iseq 98
[2026-07-08 17:08:54] buffer is less than sof_index + frame_length(26), buffer size: b'\xa5\x11\x00b\xfb\x01\x02\t\x01\xb8'
[2026-07-08 17:08:54] out while is working
[2026-07-08 17:08:54] data_length 17 iseq 98
[2026-07-08 17:08:54] begin switch_method
[2026-07-08 17:08:54] find command id513
[2026-07-08 17:08:54] buffer is less than 5, real size: 0
[2026-07-08 17:08:54] out while is working
[2026-07-08 17:08:54] buffer is less than 5, real size: 0
[2026-07-08 17:08:54] out while is working
[2026-07-08 17:08:54] buffer is less than 5, real size: 0
[2026-07-08 17:08:54] out while is working
[2026-07-08 17:08:54] buffer is less than 5, real size: 0
[2026-07-08 17:08:54] out while is working
[2026-07-08 17:08:54] buffer is less than 5, real size: 0
[2026-07-08 17:08:54] out while is working
[2026-07-08 17:08:54] buffer is less than 5, real size: 0
[2026-07-08 17:08:54] out while is working
[2026-07-08 17:08:54] buffer is less than 5, real size: 0
[2026-07-08 17:08:54] out while is working
[2026-07-08 17:08:54] buffer is less than 5, real size: 0
[2026-07-08 17:08:54] out while is working
[2026-07-08 17:08:54] buffer is less than 5, real size: 0
[2026-07-08 17:08:54] out while is working
[2026-07-08 17:08:54] buffer is less than 5, real size: 0
[2026-07-08 17:08:54] out while is working
[2026-07-08 17:08:54] buffer is less than 5, real size: 1
[2026-07-08 17:08:54] out while is working
[2026-07-08 17:08:54] data_length 14 iseq 99
[2026-07-08 17:08:54] begin switch_method
[2026-07-08 17:08:54] find command id514
[2026-07-08 17:08:54] data_length 17 iseq 100
[2026-07-08 17:08:54] buffer is less than sof_index + frame_length(26), buffer size: b'\xa5\x11\x00d&\x01\x02\t\x01'
[2026-07-08 17:08:54] out while is working
[2026-07-08 17:08:54] data_length 17 iseq 100
[2026-07-08 17:08:54] buffer is less than sof_index + frame_length(26), buffer size: b'\xa5\x11\x00d&\x01\x02\t\x01\xb8'
[2026-07-08 17:08:54] out while is working
[2026-07-08 17:08:54] data_length 17 iseq 100
[2026-07-08 17:08:54] begin switch_method
[2026-07-08 17:08:54] find command id513
[2026-07-08 17:08:54] buffer is less than 5, real size: 0
[2026-07-08 17:08:54] out while is working
[2026-07-08 17:08:54] buffer is less than 5, real size: 0
[2026-07-08 17:08:54] out while is working
[2026-07-08 17:08:54] buffer is less than 5, real size: 0
[2026-07-08 17:08:54] out while is working
[2026-07-08 17:08:54] buffer is less than 5, real size: 0
[2026-07-08 17:08:54] out while is working
[2026-07-08 17:08:54] buffer is less than 5, real size: 0
[2026-07-08 17:08:54] out while is working
[2026-07-08 17:08:55] buffer is less than 5, real size: 0
[2026-07-08 17:08:55] out while is working
[2026-07-08 17:08:55] buffer is less than 5, real size: 0
[2026-07-08 17:08:55] out while is working
[2026-07-08 17:08:55] buffer is less than 5, real size: 0
[2026-07-08 17:08:55] out while is working
[2026-07-08 17:08:55] buffer is less than 5, real size: 0
[2026-07-08 17:08:55] out while is working
[2026-07-08 17:08:55] buffer is less than 5, real size: 1
[2026-07-08 17:08:55] out while is working
[2026-07-08 17:08:55] data_length 5 iseq 101
[2026-07-08 17:08:55] begin switch_method
[2026-07-08 17:08:55] find command id521
[2026-07-08 17:08:55] buffer is less than 5, real size: 0
[2026-07-08 17:08:55] out while is working
[2026-07-08 17:08:55] buffer is less than 5, real size: 1
[2026-07-08 17:08:55] out while is working
[2026-07-08 17:08:55] data_length 14 iseq 102
[2026-07-08 17:08:55] begin switch_method
[2026-07-08 17:08:55] find command id514
[2026-07-08 17:08:55] data_length 17 iseq 103
[2026-07-08 17:08:55] buffer is less than sof_index + frame_length(26), buffer size: b'\xa5\x11\x00g\xc4\x01\x02\t\x01'
[2026-07-08 17:08:55] out while is working
[2026-07-08 17:08:55] data_length 17 iseq 103
[2026-07-08 17:08:55] buffer is less than sof_index + frame_length(26), buffer size: b'\xa5\x11\x00g\xc4\x01\x02\t\x01\xb8'
[2026-07-08 17:08:55] out while is working
[2026-07-08 17:08:55] data_length 17 iseq 103
[2026-07-08 17:08:55] begin switch_method
[2026-07-08 17:08:55] find command id513
[2026-07-08 17:08:55] buffer is less than 5, real size: 0
[2026-07-08 17:08:55] out while is working
[2026-07-08 17:08:55] buffer is less than 5, real size: 0
[2026-07-08 17:08:55] out while is working
[2026-07-08 17:08:55] buffer is less than 5, real size: 0
[2026-07-08 17:08:55] out while is working
[2026-07-08 17:08:55] buffer is less than 5, real size: 0
[2026-07-08 17:08:55] out while is working
[2026-07-08 17:08:55] buffer is less than 5, real size: 0
[2026-07-08 17:08:55] out while is working
[2026-07-08 17:08:55] buffer is less than 5, real size: 0
[2026-07-08 17:08:55] out while is working
[2026-07-08 17:08:55] buffer is less than 5, real size: 0
[2026-07-08 17:08:55] out while is working
[2026-07-08 17:08:55] buffer is less than 5, real size: 0
[2026-07-08 17:08:55] out while is working
[2026-07-08 17:08:55] buffer is less than 5, real size: 0
[2026-07-08 17:08:55] out while is working
[2026-07-08 17:08:55] buffer is less than 5, real size: 0
[2026-07-08 17:08:55] out while is working
[2026-07-08 17:08:55] buffer is less than 5, real size: 1
[2026-07-08 17:08:55] out while is working
[2026-07-08 17:08:55] data_length 14 iseq 104
[2026-07-08 17:08:55] begin switch_method
[2026-07-08 17:08:55] find command id514
[2026-07-08 17:08:55] data_length 17 iseq 105
[2026-07-08 17:08:55] buffer is less than sof_index + frame_length(26), buffer size: b'\xa5\x11\x00i\xdb\x01\x02\t\x01'
[2026-07-08 17:08:55] out while is working
[2026-07-08 17:08:55] data_length 17 iseq 105
[2026-07-08 17:08:55] buffer is less than sof_index + frame_length(26), buffer size: b'\xa5\x11\x00i\xdb\x01\x02\t\x01\xb8'
[2026-07-08 17:08:55] out while is working
[2026-07-08 17:08:55] data_length 17 iseq 105
[2026-07-08 17:08:55] begin switch_method
[2026-07-08 17:08:55] find command id513
[2026-07-08 17:08:55] buffer is less than 5, real size: 0
[2026-07-08 17:08:55] out while is working
[2026-07-08 17:08:55] buffer is less than 5, real size: 0
[2026-07-08 17:08:55] out while is working
[2026-07-08 17:08:55] buffer is less than 5, real size: 0
[2026-07-08 17:08:55] out while is working
[2026-07-08 17:08:55] buffer is less than 5, real size: 0
[2026-07-08 17:08:55] out while is working
[2026-07-08 17:08:55] buffer is less than 5, real size: 0
[2026-07-08 17:08:55] out while is working
[2026-07-08 17:08:55] buffer is less than 5, real size: 0
[2026-07-08 17:08:55] out while is working
[2026-07-08 17:08:55] buffer is less than 5, real size: 0
[2026-07-08 17:08:55] out while is working
[2026-07-08 17:08:55] buffer is less than 5, real size: 0
[2026-07-08 17:08:55] out while is working
[2026-07-08 17:08:55] buffer is less than 5, real size: 0
[2026-07-08 17:08:55] out while is working
[2026-07-08 17:08:55] buffer is less than 5, real size: 0
[2026-07-08 17:08:55] out while is working
[2026-07-08 17:08:55] buffer is less than 5, real size: 1
[2026-07-08 17:08:55] out while is working
[2026-07-08 17:08:55] data_length 14 iseq 106
[2026-07-08 17:08:55] begin switch_method
[2026-07-08 17:08:55] find command id514
[2026-07-08 17:08:55] data_length 12 iseq 107
[2026-07-08 17:08:55] buffer is less than sof_index + frame_length(21), buffer size: b'\xa5\x0c\x00k=\x03\x02\x00\x00'
[2026-07-08 17:08:55] out while is working
[2026-07-08 17:08:55] data_length 12 iseq 107
[2026-07-08 17:08:55] buffer is less than sof_index + frame_length(21), buffer size: b'\xa5\x0c\x00k=\x03\x02\x00\x00\x00'
[2026-07-08 17:08:55] out while is working
[2026-07-08 17:08:55] data_length 12 iseq 107
[2026-07-08 17:08:55] begin switch_method
[2026-07-08 17:08:55] find command id515
[2026-07-08 17:08:55] data_length 17 iseq 108
[2026-07-08 17:08:55] buffer is less than sof_index + frame_length(26), buffer size: b'\xa5\x11\x00l\xe4\x01\x02\t\x01\xb8"\xb8"d\x00@\x01x\x00\x00'
[2026-07-08 17:08:55] out while is working
[2026-07-08 17:08:55] data_length 17 iseq 108
[2026-07-08 17:08:55] buffer is less than sof_index + frame_length(26), buffer size: b'\xa5\x11\x00l\xe4\x01\x02\t\x01\xb8"\xb8"d\x00@\x01x\x00\x00\x00'
[2026-07-08 17:08:55] out while is working
[2026-07-08 17:08:55] data_length 17 iseq 108
[2026-07-08 17:08:55] begin switch_method
[2026-07-08 17:08:55] find command id513
[2026-07-08 17:08:55] buffer is less than 5, real size: 0
[2026-07-08 17:08:55] out while is working
[2026-07-08 17:08:55] buffer is less than 5, real size: 0
[2026-07-08 17:08:55] out while is working
[2026-07-08 17:08:55] buffer is less than 5, real size: 0
[2026-07-08 17:08:55] out while is working
[2026-07-08 17:08:55] buffer is less than 5, real size: 0
[2026-07-08 17:08:55] out while is working
[2026-07-08 17:08:55] buffer is less than 5, real size: 0
[2026-07-08 17:08:55] out while is working
[2026-07-08 17:08:55] buffer is less than 5, real size: 0
[2026-07-08 17:08:55] out while is working
[2026-07-08 17:08:55] buffer is less than 5, real size: 0
[2026-07-08 17:08:55] out while is working
[2026-07-08 17:08:55] buffer is less than 5, real size: 0
[2026-07-08 17:08:55] out while is working
[2026-07-08 17:08:55] buffer is less than 5, real size: 0
[2026-07-08 17:08:55] out while is working
[2026-07-08 17:08:55] buffer is less than 5, real size: 1
[2026-07-08 17:08:55] out while is working
[2026-07-08 17:08:55] data_length 5 iseq 109
[2026-07-08 17:08:55] begin switch_method
[2026-07-08 17:08:55] find command id521
[2026-07-08 17:08:55] buffer is less than 5, real size: 0
[2026-07-08 17:08:55] out while is working
[2026-07-08 17:08:55] buffer is less than 5, real size: 0
[2026-07-08 17:08:55] out while is working
[2026-07-08 17:08:55] buffer is less than 5, real size: 1
[2026-07-08 17:08:55] out while is working
[2026-07-08 17:08:55] data_length 14 iseq 110
[2026-07-08 17:08:55] begin switch_method
[2026-07-08 17:08:55] find command id514
[2026-07-08 17:08:55] data_length 17 iseq 111
[2026-07-08 17:08:55] buffer is less than sof_index + frame_length(26), buffer size: b'\xa5\x11\x00o\x06\x01\x02\t\x01'
[2026-07-08 17:08:55] out while is working
[2026-07-08 17:08:55] data_length 17 iseq 111
[2026-07-08 17:08:55] buffer is less than sof_index + frame_length(26), buffer size: b'\xa5\x11\x00o\x06\x01\x02\t\x01\xb8'
[2026-07-08 17:08:55] out while is working
[2026-07-08 17:08:55] data_length 17 iseq 111
[2026-07-08 17:08:55] begin switch_method
[2026-07-08 17:08:55] find command id513
[2026-07-08 17:08:55] buffer is less than 5, real size: 0
[2026-07-08 17:08:55] out while is working
[2026-07-08 17:08:55] buffer is less than 5, real size: 0
[2026-07-08 17:08:55] out while is working
[2026-07-08 17:08:55] buffer is less than 5, real size: 0
[2026-07-08 17:08:55] out while is working
[2026-07-08 17:08:55] buffer is less than 5, real size: 0
[2026-07-08 17:08:55] out while is working
[2026-07-08 17:08:55] buffer is less than 5, real size: 0
[2026-07-08 17:08:55] out while is working
[2026-07-08 17:08:55] buffer is less than 5, real size: 0
[2026-07-08 17:08:55] out while is working
[2026-07-08 17:08:55] buffer is less than 5, real size: 0
[2026-07-08 17:08:55] out while is working
[2026-07-08 17:08:55] buffer is less than 5, real size: 0
[2026-07-08 17:08:55] out while is working
[2026-07-08 17:08:55] buffer is less than 5, real size: 0
[2026-07-08 17:08:55] out while is working
[2026-07-08 17:08:55] buffer is less than 5, real size: 0
[2026-07-08 17:08:55] out while is working
[2026-07-08 17:08:55] buffer is less than 5, real size: 1
[2026-07-08 17:08:55] out while is working
[2026-07-08 17:08:55] data_length 14 iseq 112
[2026-07-08 17:08:55] begin switch_method
[2026-07-08 17:08:55] find command id514
[2026-07-08 17:08:55] data_length 17 iseq 113
[2026-07-08 17:08:55] buffer is less than sof_index + frame_length(26), buffer size: b'\xa5\x11\x00q\x84\x01\x02\t\x01'
[2026-07-08 17:08:55] out while is working
[2026-07-08 17:08:55] data_length 17 iseq 113
[2026-07-08 17:08:55] buffer is less than sof_index + frame_length(26), buffer size: b'\xa5\x11\x00q\x84\x01\x02\t\x01\xb8'
[2026-07-08 17:08:55] out while is working
[2026-07-08 17:08:55] data_length 17 iseq 113
[2026-07-08 17:08:55] begin switch_method
[2026-07-08 17:08:55] find command id513
[2026-07-08 17:08:55] buffer is less than 5, real size: 0
[2026-07-08 17:08:55] out while is working
[2026-07-08 17:08:55] buffer is less than 5, real size: 0
[2026-07-08 17:08:55] out while is working
[2026-07-08 17:08:55] buffer is less than 5, real size: 0
[2026-07-08 17:08:55] out while is working
[2026-07-08 17:08:55] buffer is less than 5, real size: 0
[2026-07-08 17:08:55] out while is working
[2026-07-08 17:08:55] buffer is less than 5, real size: 0
[2026-07-08 17:08:55] out while is working
[2026-07-08 17:08:55] buffer is less than 5, real size: 0
[2026-07-08 17:08:55] out while is working
[2026-07-08 17:08:55] buffer is less than 5, real size: 0
[2026-07-08 17:08:55] out while is working
[2026-07-08 17:08:55] buffer is less than 5, real size: 0
[2026-07-08 17:08:55] out while is working
[2026-07-08 17:08:55] buffer is less than 5, real size: 0
[2026-07-08 17:08:55] out while is working
[2026-07-08 17:08:55] buffer is less than 5, real size: 0
[2026-07-08 17:08:55] out while is working
[2026-07-08 17:08:55] buffer is less than 5, real size: 0
[2026-07-08 17:08:55] out while is working
[2026-07-08 17:08:55] buffer is less than 5, real size: 1
[2026-07-08 17:08:55] out while is working
[2026-07-08 17:08:55] data_length 14 iseq 114
[2026-07-08 17:08:55] begin switch_method
[2026-07-08 17:08:55] find command id514
[2026-07-08 17:08:55] data_length 17 iseq 115
[2026-07-08 17:08:55] buffer is less than sof_index + frame_length(26), buffer size: b'\xa5\x11\x00s8\x01\x02\t\x01'
[2026-07-08 17:08:55] out while is working
[2026-07-08 17:08:55] data_length 17 iseq 115
[2026-07-08 17:08:55] buffer is less than sof_index + frame_length(26), buffer size: b'\xa5\x11\x00s8\x01\x02\t\x01\xb8'
[2026-07-08 17:08:55] out while is working
[2026-07-08 17:08:55] data_length 17 iseq 115
[2026-07-08 17:08:55] begin switch_method
[2026-07-08 17:08:55] find command id513
[2026-07-08 17:08:55] buffer is less than 5, real size: 0
[2026-07-08 17:08:55] out while is working
[2026-07-08 17:08:55] buffer is less than 5, real size: 0
[2026-07-08 17:08:55] out while is working
[2026-07-08 17:08:55] buffer is less than 5, real size: 0
[2026-07-08 17:08:55] out while is working
[2026-07-08 17:08:55] buffer is less than 5, real size: 0
[2026-07-08 17:08:55] out while is working
[2026-07-08 17:08:55] buffer is less than 5, real size: 0
[2026-07-08 17:08:55] out while is working
[2026-07-08 17:08:55] buffer is less than 5, real size: 0
[2026-07-08 17:08:55] out while is working
[2026-07-08 17:08:55] buffer is less than 5, real size: 0
[2026-07-08 17:08:55] out while is working
[2026-07-08 17:08:55] buffer is less than 5, real size: 0
[2026-07-08 17:08:55] out while is working
[2026-07-08 17:08:55] buffer is less than 5, real size: 0
[2026-07-08 17:08:55] out while is working
[2026-07-08 17:08:55] buffer is less than 5, real size: 1
[2026-07-08 17:08:55] out while is working
[2026-07-08 17:08:55] data_length 5 iseq 116
[2026-07-08 17:08:55] begin switch_method
[2026-07-08 17:08:55] find command id521
[2026-07-08 17:08:55] buffer is less than 5, real size: 0
[2026-07-08 17:08:55] out while is working
[2026-07-08 17:08:55] buffer is less than 5, real size: 1
[2026-07-08 17:08:55] out while is working
[2026-07-08 17:08:55] data_length 14 iseq 117
[2026-07-08 17:08:55] begin switch_method
[2026-07-08 17:08:55] find command id514
[2026-07-08 17:08:55] data_length 17 iseq 118
[2026-07-08 17:08:55] buffer is less than sof_index + frame_length(26), buffer size: b'\xa5\x11\x00v\x07\x01\x02\t\x01'
[2026-07-08 17:08:55] out while is working
[2026-07-08 17:08:55] data_length 17 iseq 118
[2026-07-08 17:08:55] buffer is less than sof_index + frame_length(26), buffer size: b'\xa5\x11\x00v\x07\x01\x02\t\x01\xb8'
[2026-07-08 17:08:55] out while is working
[2026-07-08 17:08:55] data_length 17 iseq 118
[2026-07-08 17:08:55] begin switch_method
[2026-07-08 17:08:55] find command id513
[2026-07-08 17:08:55] buffer is less than 5, real size: 0
[2026-07-08 17:08:55] out while is working
[2026-07-08 17:08:55] buffer is less than 5, real size: 0
[2026-07-08 17:08:55] out while is working
[2026-07-08 17:08:55] buffer is less than 5, real size: 0
[2026-07-08 17:08:55] out while is working
[2026-07-08 17:08:55] buffer is less than 5, real size: 0
[2026-07-08 17:08:55] out while is working
[2026-07-08 17:08:55] buffer is less than 5, real size: 0
[2026-07-08 17:08:55] out while is working
[2026-07-08 17:08:55] buffer is less than 5, real size: 0
[2026-07-08 17:08:55] out while is working
[2026-07-08 17:08:55] buffer is less than 5, real size: 0
[2026-07-08 17:08:55] out while is working
[2026-07-08 17:08:55] buffer is less than 5, real size: 0
[2026-07-08 17:08:55] out while is working
[2026-07-08 17:08:55] buffer is less than 5, real size: 1
[2026-07-08 17:08:55] out while is working
[2026-07-08 17:08:55] data_length 2 iseq 119
[2026-07-08 17:08:55] begin switch_method
[2026-07-08 17:08:55] find command id524
[2026-07-08 17:08:55] Mark process: [0, 0, 0, 0, 0, 0] (raw bits: 0000000000000000)
[2026-07-08 17:08:55] data_length 4 iseq 120
[2026-07-08 17:08:55] begin switch_method
[2026-07-08 17:08:55] find command id257
[2026-07-08 17:08:55] data_length 11 iseq 121
[2026-07-08 17:08:55] buffer is less than sof_index + frame_length(20), buffer size: b'\xa5\x0b\x00yf\x01\x00\x01'
[2026-07-08 17:08:55] out while is working
[2026-07-08 17:08:55] data_length 11 iseq 121
[2026-07-08 17:08:55] buffer is less than sof_index + frame_length(20), buffer size: b'\xa5\x0b\x00yf\x01\x00\x01\x00'
[2026-07-08 17:08:55] out while is working
[2026-07-08 17:08:55] data_length 11 iseq 121
[2026-07-08 17:08:55] begin switch_method
[2026-07-08 17:08:55] find command id1
[2026-07-08 17:08:55] data_length 3 iseq 122
[2026-07-08 17:08:55] begin switch_method
[2026-07-08 17:08:55] find command id261
[2026-07-08 17:08:55] Dart target: 0
[2026-07-08 17:08:55] data_length 1 iseq 123
[2026-07-08 17:08:55] buffer is less than sof_index + frame_length(10), buffer size: b'\xa5\x01\x00{\xb0\x0e\x02('
[2026-07-08 17:08:55] out while is working
[2026-07-08 17:08:55] data_length 1 iseq 123
[2026-07-08 17:08:55] buffer is less than sof_index + frame_length(10), buffer size: b'\xa5\x01\x00{\xb0\x0e\x02(H'
[2026-07-08 17:08:55] out while is working
[2026-07-08 17:08:55] data_length 1 iseq 123
[2026-07-08 17:08:55] begin switch_method
[2026-07-08 17:08:55] find command id526
[2026-07-08 17:08:55] Double effect chance: 0, is double effect active: 0
[2026-07-08 17:08:55] Interference level: 1, is key updated: 1
[2026-07-08 17:08:55] buffer is less than 5, real size: 0
[2026-07-08 17:08:55] out while is working
[2026-07-08 17:08:55] buffer is less than 5, real size: 0
[2026-07-08 17:08:55] out while is working
[2026-07-08 17:08:55] buffer is less than 5, real size: 1
[2026-07-08 17:08:55] out while is working
[2026-07-08 17:08:55] data_length 14 iseq 124
[2026-07-08 17:08:55] begin switch_method
[2026-07-08 17:08:55] find command id514
[2026-07-08 17:08:55] data_length 17 iseq 125
[2026-07-08 17:08:55] buffer is less than sof_index + frame_length(26), buffer size: b"\xa5\x11\x00}'\x01\x02\t\x01"
[2026-07-08 17:08:55] out while is working
[2026-07-08 17:08:55] data_length 17 iseq 125
[2026-07-08 17:08:55] buffer is less than sof_index + frame_length(26), buffer size: b"\xa5\x11\x00}'\x01\x02\t\x01\xb8"
[2026-07-08 17:08:55] out while is working
[2026-07-08 17:08:55] data_length 17 iseq 125
[2026-07-08 17:08:55] begin switch_method
[2026-07-08 17:08:55] find command id513
[2026-07-08 17:08:55] buffer is less than 5, real size: 0
[2026-07-08 17:08:55] out while is working
[2026-07-08 17:08:55] buffer is less than 5, real size: 0
[2026-07-08 17:08:55] out while is working
[2026-07-08 17:08:55] buffer is less than 5, real size: 0
[2026-07-08 17:08:55] out while is working
[2026-07-08 17:08:55] buffer is less than 5, real size: 0
[2026-07-08 17:08:55] out while is working
[2026-07-08 17:08:55] buffer is less than 5, real size: 0
[2026-07-08 17:08:55] out while is working
[2026-07-08 17:08:55] buffer is less than 5, real size: 0
[2026-07-08 17:08:55] out while is working
[2026-07-08 17:08:55] buffer is less than 5, real size: 0
[2026-07-08 17:08:55] out while is working
[2026-07-08 17:08:55] buffer is less than 5, real size: 0
[2026-07-08 17:08:55] out while is working
[2026-07-08 17:08:55] buffer is less than 5, real size: 0
[2026-07-08 17:08:55] out while is working
[2026-07-08 17:08:55] buffer is less than 5, real size: 0
[2026-07-08 17:08:55] out while is working
[2026-07-08 17:08:55] buffer is less than 5, real size: 1
[2026-07-08 17:08:55] out while is working
[2026-07-08 17:08:55] data_length 14 iseq 126
[2026-07-08 17:08:55] begin switch_method
[2026-07-08 17:08:55] find command id514
[2026-07-08 17:08:55] data_length 17 iseq 127
[2026-07-08 17:08:55] buffer is less than sof_index + frame_length(26), buffer size: b'\xa5\x11\x00\x7f\x9b\x01\x02\t\x01'
[2026-07-08 17:08:55] out while is working
[2026-07-08 17:08:55] data_length 17 iseq 127
[2026-07-08 17:08:55] buffer is less than sof_index + frame_length(26), buffer size: b'\xa5\x11\x00\x7f\x9b\x01\x02\t\x01\xb8'
[2026-07-08 17:08:55] out while is working
[2026-07-08 17:08:55] data_length 17 iseq 127
[2026-07-08 17:08:55] begin switch_method
[2026-07-08 17:08:55] find command id513
[2026-07-08 17:08:55] buffer is less than 5, real size: 0
[2026-07-08 17:08:55] out while is working
[2026-07-08 17:08:55] buffer is less than 5, real size: 0
[2026-07-08 17:08:55] out while is working
[2026-07-08 17:08:55] buffer is less than 5, real size: 0
[2026-07-08 17:08:55] out while is working
[2026-07-08 17:08:55] buffer is less than 5, real size: 0
[2026-07-08 17:08:55] out while is working
[2026-07-08 17:08:55] buffer is less than 5, real size: 0
[2026-07-08 17:08:55] out while is working
[2026-07-08 17:08:55] buffer is less than 5, real size: 0
[2026-07-08 17:08:55] out while is working
[2026-07-08 17:08:55] buffer is less than 5, real size: 0
[2026-07-08 17:08:55] out while is working
[2026-07-08 17:08:55] buffer is less than 5, real size: 1
[2026-07-08 17:08:55] out while is working
[2026-07-08 17:08:55] data_length 5 iseq 128
[2026-07-08 17:08:55] begin switch_method
[2026-07-08 17:08:55] find command id521
[2026-07-08 17:08:55] buffer is less than 5, real size: 0
[2026-07-08 17:08:55] out while is working
[2026-07-08 17:08:55] buffer is less than 5, real size: 0
[2026-07-08 17:08:55] out while is working
[2026-07-08 17:08:55] buffer is less than 5, real size: 0
[2026-07-08 17:08:55] out while is working
[2026-07-08 17:08:55] buffer is less than 5, real size: 0
[2026-07-08 17:08:55] out while is working
[2026-07-08 17:08:55] buffer is less than 5, real size: 1
[2026-07-08 17:08:55] out while is working
[2026-07-08 17:08:55] data_length 14 iseq 129
[2026-07-08 17:08:55] begin switch_method
[2026-07-08 17:08:55] find command id514
[2026-07-08 17:08:55] data_length 17 iseq 130
[2026-07-08 17:08:55] buffer is less than sof_index + frame_length(26), buffer size: b'\xa5\x11\x00\x82\x12\x01\x02\t\x01'
[2026-07-08 17:08:55] out while is working
[2026-07-08 17:08:55] data_length 17 iseq 130
[2026-07-08 17:08:55] buffer is less than sof_index + frame_length(26), buffer size: b'\xa5\x11\x00\x82\x12\x01\x02\t\x01\xb8'
[2026-07-08 17:08:55] out while is working
[2026-07-08 17:08:55] data_length 17 iseq 130
[2026-07-08 17:08:55] begin switch_method
[2026-07-08 17:08:55] find command id513
[2026-07-08 17:08:55] buffer is less than 5, real size: 0
[2026-07-08 17:08:55] out while is working
[2026-07-08 17:08:55] buffer is less than 5, real size: 0
[2026-07-08 17:08:55] out while is working
[2026-07-08 17:08:56] buffer is less than 5, real size: 0
[2026-07-08 17:08:56] out while is working
[2026-07-08 17:08:56] buffer is less than 5, real size: 0
[2026-07-08 17:08:56] out while is working
[2026-07-08 17:08:56] buffer is less than 5, real size: 0
[2026-07-08 17:08:56] out while is working
[2026-07-08 17:08:56] buffer is less than 5, real size: 0
[2026-07-08 17:08:56] out while is working
[2026-07-08 17:08:56] buffer is less than 5, real size: 0
[2026-07-08 17:08:56] out while is working
[2026-07-08 17:08:56] buffer is less than 5, real size: 0
[2026-07-08 17:08:56] out while is working
[2026-07-08 17:08:56] buffer is less than 5, real size: 0
[2026-07-08 17:08:56] out while is working
[2026-07-08 17:08:56] buffer is less than 5, real size: 0
[2026-07-08 17:08:56] out while is working
[2026-07-08 17:08:56] buffer is less than 5, real size: 0
[2026-07-08 17:08:56] out while is working
[2026-07-08 17:08:56] buffer is less than 5, real size: 1
[2026-07-08 17:08:56] out while is working
[2026-07-08 17:08:56] data_length 14 iseq 131
[2026-07-08 17:08:56] begin switch_method
[2026-07-08 17:08:56] find command id514
[2026-07-08 17:08:56] data_length 17 iseq 132
[2026-07-08 17:08:56] buffer is less than sof_index + frame_length(26), buffer size: b'\xa5\x11\x00\x84\xcf\x01\x02\t\x01'
[2026-07-08 17:08:56] out while is working
[2026-07-08 17:08:56] data_length 17 iseq 132
[2026-07-08 17:08:56] buffer is less than sof_index + frame_length(26), buffer size: b'\xa5\x11\x00\x84\xcf\x01\x02\t\x01\xb8'
[2026-07-08 17:08:56] out while is working
[2026-07-08 17:08:56] data_length 17 iseq 132
[2026-07-08 17:08:56] begin switch_method
[2026-07-08 17:08:56] find command id513
[2026-07-08 17:08:56] buffer is less than 5, real size: 0
[2026-07-08 17:08:56] out while is working
[2026-07-08 17:08:56] buffer is less than 5, real size: 0
[2026-07-08 17:08:56] out while is working
[2026-07-08 17:08:56] buffer is less than 5, real size: 0
[2026-07-08 17:08:56] out while is working
[2026-07-08 17:08:56] buffer is less than 5, real size: 0
[2026-07-08 17:08:56] out while is working
[2026-07-08 17:08:56] buffer is less than 5, real size: 0
[2026-07-08 17:08:56] out while is working
[2026-07-08 17:08:56] buffer is less than 5, real size: 0
[2026-07-08 17:08:56] out while is working
[2026-07-08 17:08:56] buffer is less than 5, real size: 0
[2026-07-08 17:08:56] out while is working
[2026-07-08 17:08:56] buffer is less than 5, real size: 0
[2026-07-08 17:08:56] out while is working
[2026-07-08 17:08:56] buffer is less than 5, real size: 0
[2026-07-08 17:08:56] out while is working
[2026-07-08 17:08:56] buffer is less than 5, real size: 0
[2026-07-08 17:08:56] out while is working
[2026-07-08 17:08:56] buffer is less than 5, real size: 1
[2026-07-08 17:08:56] out while is working
[2026-07-08 17:08:56] data_length 14 iseq 133
[2026-07-08 17:08:56] begin switch_method
[2026-07-08 17:08:56] find command id514
[2026-07-08 17:08:56] data_length 17 iseq 134
[2026-07-08 17:08:56] buffer is less than sof_index + frame_length(26), buffer size: b'\xa5\x11\x00\x86s\x01\x02\t\x01'
[2026-07-08 17:08:56] out while is working
[2026-07-08 17:08:56] data_length 17 iseq 134
[2026-07-08 17:08:56] buffer is less than sof_index + frame_length(26), buffer size: b'\xa5\x11\x00\x86s\x01\x02\t\x01\xb8'
[2026-07-08 17:08:56] out while is working
[2026-07-08 17:08:56] data_length 17 iseq 134
[2026-07-08 17:08:56] begin switch_method
[2026-07-08 17:08:56] find command id513
[2026-07-08 17:08:56] buffer is less than 5, real size: 0
[2026-07-08 17:08:56] out while is working
[2026-07-08 17:08:56] buffer is less than 5, real size: 0
[2026-07-08 17:08:56] out while is working
[2026-07-08 17:08:56] buffer is less than 5, real size: 0
[2026-07-08 17:08:56] out while is working
[2026-07-08 17:08:56] buffer is less than 5, real size: 0
[2026-07-08 17:08:56] out while is working
[2026-07-08 17:08:56] buffer is less than 5, real size: 0
[2026-07-08 17:08:56] out while is working
[2026-07-08 17:08:56] buffer is less than 5, real size: 0
[2026-07-08 17:08:56] out while is working
[2026-07-08 17:08:56] buffer is less than 5, real size: 0
[2026-07-08 17:08:56] out while is working
[2026-07-08 17:08:56] buffer is less than 5, real size: 1
[2026-07-08 17:08:56] out while is working
[2026-07-08 17:08:56] data_length 5 iseq 135
[2026-07-08 17:08:56] begin switch_method
[2026-07-08 17:08:56] find command id521
[2026-07-08 17:08:56] buffer is less than 5, real size: 0
[2026-07-08 17:08:56] out while is working
[2026-07-08 17:08:56] buffer is less than 5, real size: 0
[2026-07-08 17:08:56] out while is working
[2026-07-08 17:08:56] buffer is less than 5, real size: 0
[2026-07-08 17:08:56] out while is working
[2026-07-08 17:08:56] buffer is less than 5, real size: 1
[2026-07-08 17:08:56] out while is working
[2026-07-08 17:08:56] data_length 14 iseq 136
[2026-07-08 17:08:56] begin switch_method
[2026-07-08 17:08:56] find command id514
[2026-07-08 17:08:56] data_length 12 iseq 137
[2026-07-08 17:08:56] buffer is less than sof_index + frame_length(21), buffer size: b'\xa5\x0c\x00\x89h\x03\x02\x00\x00'
[2026-07-08 17:08:56] out while is working
[2026-07-08 17:08:56] data_length 12 iseq 137
[2026-07-08 17:08:56] buffer is less than sof_index + frame_length(21), buffer size: b'\xa5\x0c\x00\x89h\x03\x02\x00\x00\x00'
[2026-07-08 17:08:56] out while is working
[2026-07-08 17:08:56] data_length 12 iseq 137
[2026-07-08 17:08:56] begin switch_method
[2026-07-08 17:08:56] find command id515
[2026-07-08 17:08:56] data_length 17 iseq 138
[2026-07-08 17:08:56] buffer is less than sof_index + frame_length(26), buffer size: b'\xa5\x11\x00\x8a\xd0\x01\x02\t\x01\xb8"\xb8"d\x00@\x01x\x00\x00'
[2026-07-08 17:08:56] out while is working
[2026-07-08 17:08:56] data_length 17 iseq 138
[2026-07-08 17:08:56] buffer is less than sof_index + frame_length(26), buffer size: b'\xa5\x11\x00\x8a\xd0\x01\x02\t\x01\xb8"\xb8"d\x00@\x01x\x00\x00\x00'
[2026-07-08 17:08:56] out while is working
[2026-07-08 17:08:56] data_length 17 iseq 138
[2026-07-08 17:08:56] begin switch_method
[2026-07-08 17:08:56] find command id513
[2026-07-08 17:08:56] buffer is less than 5, real size: 0
[2026-07-08 17:08:56] out while is working
[2026-07-08 17:08:56] buffer is less than 5, real size: 0
[2026-07-08 17:08:56] out while is working
[2026-07-08 17:08:56] buffer is less than 5, real size: 0
[2026-07-08 17:08:56] out while is working
[2026-07-08 17:08:56] buffer is less than 5, real size: 0
[2026-07-08 17:08:56] out while is working
[2026-07-08 17:08:56] buffer is less than 5, real size: 0
[2026-07-08 17:08:56] out while is working
[2026-07-08 17:08:56] buffer is less than 5, real size: 0
[2026-07-08 17:08:56] out while is working
[2026-07-08 17:08:56] buffer is less than 5, real size: 0
[2026-07-08 17:08:56] out while is working
[2026-07-08 17:08:56] buffer is less than 5, real size: 0
[2026-07-08 17:08:56] out while is working
[2026-07-08 17:08:56] buffer is less than 5, real size: 0
[2026-07-08 17:08:56] out while is working
[2026-07-08 17:08:56] buffer is less than 5, real size: 0
[2026-07-08 17:08:56] out while is working
[2026-07-08 17:08:56] buffer is less than 5, real size: 1
[2026-07-08 17:08:56] out while is working
[2026-07-08 17:08:56] data_length 14 iseq 139
[2026-07-08 17:08:56] begin switch_method
[2026-07-08 17:08:56] find command id514
[2026-07-08 17:08:56] data_length 17 iseq 140
[2026-07-08 17:08:56] buffer is less than sof_index + frame_length(26), buffer size: b'\xa5\x11\x00\x8c\r\x01\x02\t\x01'
[2026-07-08 17:08:56] out while is working
[2026-07-08 17:08:56] data_length 17 iseq 140
[2026-07-08 17:08:56] buffer is less than sof_index + frame_length(26), buffer size: b'\xa5\x11\x00\x8c\r\x01\x02\t\x01\xb8'
[2026-07-08 17:08:56] out while is working
[2026-07-08 17:08:56] data_length 17 iseq 140
[2026-07-08 17:08:56] begin switch_method
[2026-07-08 17:08:56] find command id513
[2026-07-08 17:08:56] buffer is less than 5, real size: 0
[2026-07-08 17:08:56] out while is working
[2026-07-08 17:08:56] buffer is less than 5, real size: 0
[2026-07-08 17:08:56] out while is working
[2026-07-08 17:08:56] buffer is less than 5, real size: 0
[2026-07-08 17:08:56] out while is working
[2026-07-08 17:08:56] buffer is less than 5, real size: 0
[2026-07-08 17:08:56] out while is working
[2026-07-08 17:08:56] buffer is less than 5, real size: 0
[2026-07-08 17:08:56] out while is working
[2026-07-08 17:08:56] buffer is less than 5, real size: 0
[2026-07-08 17:08:56] out while is working
[2026-07-08 17:08:56] buffer is less than 5, real size: 0
[2026-07-08 17:08:56] out while is working
[2026-07-08 17:08:56] buffer is less than 5, real size: 0
[2026-07-08 17:08:56] out while is working
[2026-07-08 17:08:56] buffer is less than 5, real size: 0
[2026-07-08 17:08:56] out while is working
[2026-07-08 17:08:56] buffer is less than 5, real size: 0
[2026-07-08 17:08:56] out while is working
[2026-07-08 17:08:56] buffer is less than 5, real size: 1
[2026-07-08 17:08:56] out while is working
[2026-07-08 17:08:56] data_length 14 iseq 141
[2026-07-08 17:08:56] begin switch_method
[2026-07-08 17:08:56] find command id514
[2026-07-08 17:08:56] data_length 17 iseq 142
[2026-07-08 17:08:56] buffer is less than sof_index + frame_length(26), buffer size: b'\xa5\x11\x00\x8e\xb1\x01\x02\t\x01'
[2026-07-08 17:08:56] out while is working
[2026-07-08 17:08:56] data_length 17 iseq 142
[2026-07-08 17:08:56] buffer is less than sof_index + frame_length(26), buffer size: b'\xa5\x11\x00\x8e\xb1\x01\x02\t\x01\xb8'
[2026-07-08 17:08:56] out while is working
[2026-07-08 17:08:56] data_length 17 iseq 142
[2026-07-08 17:08:56] begin switch_method
[2026-07-08 17:08:56] find command id513
[2026-07-08 17:08:56] buffer is less than 5, real size: 0
[2026-07-08 17:08:56] out while is working
[2026-07-08 17:08:56] buffer is less than 5, real size: 0
[2026-07-08 17:08:56] out while is working
[2026-07-08 17:08:56] buffer is less than 5, real size: 0
[2026-07-08 17:08:56] out while is working
[2026-07-08 17:08:56] buffer is less than 5, real size: 0
[2026-07-08 17:08:56] out while is working
[2026-07-08 17:08:56] buffer is less than 5, real size: 0
[2026-07-08 17:08:56] out while is working
[2026-07-08 17:08:56] buffer is less than 5, real size: 0
[2026-07-08 17:08:56] out while is working
[2026-07-08 17:08:56] buffer is less than 5, real size: 0
[2026-07-08 17:08:56] out while is working
[2026-07-08 17:08:56] buffer is less than 5, real size: 1
[2026-07-08 17:08:56] out while is working
[2026-07-08 17:08:56] data_length 5 iseq 143
[2026-07-08 17:08:56] begin switch_method
[2026-07-08 17:08:56] find command id521
[2026-07-08 17:08:56] buffer is less than 5, real size: 0
[2026-07-08 17:08:56] out while is working
[2026-07-08 17:08:56] buffer is less than 5, real size: 0
[2026-07-08 17:08:56] out while is working
[2026-07-08 17:08:56] buffer is less than 5, real size: 0
[2026-07-08 17:08:56] out while is working
[2026-07-08 17:08:56] buffer is less than 5, real size: 0
[2026-07-08 17:08:56] out while is working
[2026-07-08 17:08:56] buffer is less than 5, real size: 0
[2026-07-08 17:08:56] out while is working
[2026-07-08 17:08:56] buffer is less than 5, real size: 1
[2026-07-08 17:08:56] out while is working
[2026-07-08 17:08:56] data_length 14 iseq 144
[2026-07-08 17:08:56] begin switch_method
[2026-07-08 17:08:56] find command id514
[2026-07-08 17:08:56] data_length 17 iseq 145
[2026-07-08 17:08:56] buffer is less than sof_index + frame_length(26), buffer size: b'\xa5\x11\x00\x91m\x01\x02\t\x01'
[2026-07-08 17:08:56] out while is working
[2026-07-08 17:08:56] data_length 17 iseq 145
[2026-07-08 17:08:56] buffer is less than sof_index + frame_length(26), buffer size: b'\xa5\x11\x00\x91m\x01\x02\t\x01\xb8'
[2026-07-08 17:08:56] out while is working
[2026-07-08 17:08:56] data_length 17 iseq 145
[2026-07-08 17:08:56] begin switch_method
[2026-07-08 17:08:56] find command id513
[2026-07-08 17:08:56] buffer is less than 5, real size: 0
[2026-07-08 17:08:56] out while is working
[2026-07-08 17:08:56] buffer is less than 5, real size: 0
[2026-07-08 17:08:56] out while is working
[2026-07-08 17:08:56] buffer is less than 5, real size: 0
[2026-07-08 17:08:56] out while is working
[2026-07-08 17:08:56] buffer is less than 5, real size: 0
[2026-07-08 17:08:56] out while is working
[2026-07-08 17:08:56] buffer is less than 5, real size: 0
[2026-07-08 17:08:56] out while is working
[2026-07-08 17:08:56] buffer is less than 5, real size: 0
[2026-07-08 17:08:56] out while is working
[2026-07-08 17:08:56] buffer is less than 5, real size: 0
[2026-07-08 17:08:56] out while is working
[2026-07-08 17:08:56] buffer is less than 5, real size: 0
[2026-07-08 17:08:56] out while is working
[2026-07-08 17:08:56] buffer is less than 5, real size: 0
[2026-07-08 17:08:56] out while is working
[2026-07-08 17:08:56] buffer is less than 5, real size: 0
[2026-07-08 17:08:56] out while is working
[2026-07-08 17:08:56] buffer is less than 5, real size: 1
[2026-07-08 17:08:56] out while is working
[2026-07-08 17:08:56] data_length 14 iseq 146
[2026-07-08 17:08:56] begin switch_method
[2026-07-08 17:08:56] find command id514
[2026-07-08 17:08:56] data_length 17 iseq 147
[2026-07-08 17:08:56] buffer is less than sof_index + frame_length(26), buffer size: b'\xa5\x11\x00\x93\xd1\x01\x02\t\x01'
[2026-07-08 17:08:56] out while is working
[2026-07-08 17:08:56] data_length 17 iseq 147
[2026-07-08 17:08:56] buffer is less than sof_index + frame_length(26), buffer size: b'\xa5\x11\x00\x93\xd1\x01\x02\t\x01\xb8'
[2026-07-08 17:08:56] out while is working
[2026-07-08 17:08:56] data_length 17 iseq 147
[2026-07-08 17:08:56] begin switch_method
[2026-07-08 17:08:56] find command id513
[2026-07-08 17:08:56] buffer is less than 5, real size: 0
[2026-07-08 17:08:56] out while is working
[2026-07-08 17:08:56] buffer is less than 5, real size: 0
[2026-07-08 17:08:56] out while is working
[2026-07-08 17:08:56] buffer is less than 5, real size: 0
[2026-07-08 17:08:56] out while is working
[2026-07-08 17:08:56] buffer is less than 5, real size: 0
[2026-07-08 17:08:56] out while is working
[2026-07-08 17:08:56] buffer is less than 5, real size: 0
[2026-07-08 17:08:56] out while is working
[2026-07-08 17:08:56] buffer is less than 5, real size: 1
[2026-07-08 17:08:56] out while is working
[2026-07-08 17:08:56] data_length 2 iseq 148
[2026-07-08 17:08:56] begin switch_method
[2026-07-08 17:08:56] find command id524
[2026-07-08 17:08:56] Mark process: [0, 0, 0, 0, 0, 0] (raw bits: 0000000000000000)
[2026-07-08 17:08:56] data_length 4 iseq 149
[2026-07-08 17:08:56] begin switch_method
[2026-07-08 17:08:56] find command id257
[2026-07-08 17:08:56] data_length 11 iseq 150
[2026-07-08 17:08:56] buffer is less than sof_index + frame_length(20), buffer size: b'\xa5\x0b\x00\x96\xce\x01\x00\x01'
[2026-07-08 17:08:56] out while is working
[2026-07-08 17:08:56] data_length 11 iseq 150
[2026-07-08 17:08:56] buffer is less than sof_index + frame_length(20), buffer size: b'\xa5\x0b\x00\x96\xce\x01\x00\x01\x00'
[2026-07-08 17:08:56] out while is working
[2026-07-08 17:08:56] data_length 11 iseq 150
[2026-07-08 17:08:56] begin switch_method
[2026-07-08 17:08:56] find command id1
[2026-07-08 17:08:56] buffer is less than 5, real size: 0
[2026-07-08 17:08:56] out while is working
[2026-07-08 17:08:56] buffer is less than 5, real size: 1
[2026-07-08 17:08:56] out while is working
[2026-07-08 17:08:56] data_length 3 iseq 151
[2026-07-08 17:08:56] begin switch_method
[2026-07-08 17:08:56] find command id261
[2026-07-08 17:08:56] Dart target: 0
[2026-07-08 17:08:56] data_length 1 iseq 152
[2026-07-08 17:08:56] begin switch_method
[2026-07-08 17:08:56] find command id526
[2026-07-08 17:08:56] Double effect chance: 0, is double effect active: 0
[2026-07-08 17:08:56] Interference level: 1, is key updated: 1
[2026-07-08 17:08:56] buffer is less than 5, real size: 0
[2026-07-08 17:08:56] out while is working
[2026-07-08 17:08:56] buffer is less than 5, real size: 0
[2026-07-08 17:08:56] out while is working
[2026-07-08 17:08:56] buffer is less than 5, real size: 0
[2026-07-08 17:08:56] out while is working
[2026-07-08 17:08:56] buffer is less than 5, real size: 0
[2026-07-08 17:08:56] out while is working
[2026-07-08 17:08:56] buffer is less than 5, real size: 1
[2026-07-08 17:08:56] out while is working
[2026-07-08 17:08:56] data_length 14 iseq 153
[2026-07-08 17:08:56] begin switch_method
[2026-07-08 17:08:56] find command id514
[2026-07-08 17:08:56] data_length 17 iseq 154
[2026-07-08 17:08:56] buffer is less than sof_index + frame_length(26), buffer size: b'\xa5\x11\x00\x9aM\x01\x02\t\x01'
[2026-07-08 17:08:56] out while is working
[2026-07-08 17:08:56] data_length 17 iseq 154
[2026-07-08 17:08:56] buffer is less than sof_index + frame_length(26), buffer size: b'\xa5\x11\x00\x9aM\x01\x02\t\x01\xb8'
[2026-07-08 17:08:56] out while is working
[2026-07-08 17:08:56] data_length 17 iseq 154
[2026-07-08 17:08:56] begin switch_method
[2026-07-08 17:08:56] find command id513
[2026-07-08 17:08:56] buffer is less than 5, real size: 0
[2026-07-08 17:08:56] out while is working
[2026-07-08 17:08:56] buffer is less than 5, real size: 0
[2026-07-08 17:08:56] out while is working
[2026-07-08 17:08:56] buffer is less than 5, real size: 0
[2026-07-08 17:08:56] out while is working
[2026-07-08 17:08:56] buffer is less than 5, real size: 0
[2026-07-08 17:08:56] out while is working
[2026-07-08 17:08:56] buffer is less than 5, real size: 0
[2026-07-08 17:08:56] out while is working
[2026-07-08 17:08:56] buffer is less than 5, real size: 1
[2026-07-08 17:08:56] out while is working
[2026-07-08 17:08:56] data_length 5 iseq 155
[2026-07-08 17:08:56] begin switch_method
[2026-07-08 17:08:56] find command id521
[2026-07-08 17:08:56] buffer is less than 5, real size: 0
[2026-07-08 17:08:56] out while is working
[2026-07-08 17:08:56] buffer is less than 5, real size: 0
[2026-07-08 17:08:56] out while is working
[2026-07-08 17:08:56] buffer is less than 5, real size: 0
[2026-07-08 17:08:56] out while is working
[2026-07-08 17:08:56] buffer is less than 5, real size: 0
[2026-07-08 17:08:56] out while is working
[2026-07-08 17:08:56] buffer is less than 5, real size: 0
[2026-07-08 17:08:56] out while is working
[2026-07-08 17:08:56] buffer is less than 5, real size: 1
[2026-07-08 17:08:56] out while is working
[2026-07-08 17:08:56] data_length 14 iseq 156
[2026-07-08 17:08:56] begin switch_method
[2026-07-08 17:08:56] find command id514
[2026-07-08 17:08:56] data_length 17 iseq 157
[2026-07-08 17:08:56] buffer is less than sof_index + frame_length(26), buffer size: b'\xa5\x11\x00\x9d\xce\x01\x02\t\x01'
[2026-07-08 17:08:56] out while is working
[2026-07-08 17:08:56] data_length 17 iseq 157
[2026-07-08 17:08:56] buffer is less than sof_index + frame_length(26), buffer size: b'\xa5\x11\x00\x9d\xce\x01\x02\t\x01\xb8'
[2026-07-08 17:08:56] out while is working
[2026-07-08 17:08:56] data_length 17 iseq 157
[2026-07-08 17:08:56] begin switch_method
[2026-07-08 17:08:56] find command id513
[2026-07-08 17:08:56] buffer is less than 5, real size: 0
[2026-07-08 17:08:56] out while is working
[2026-07-08 17:08:56] buffer is less than 5, real size: 0
[2026-07-08 17:08:56] out while is working
[2026-07-08 17:08:56] buffer is less than 5, real size: 0
[2026-07-08 17:08:56] out while is working
[2026-07-08 17:08:56] buffer is less than 5, real size: 0
[2026-07-08 17:08:56] out while is working
[2026-07-08 17:08:56] buffer is less than 5, real size: 0
[2026-07-08 17:08:56] out while is working
[2026-07-08 17:08:56] buffer is less than 5, real size: 0
[2026-07-08 17:08:56] out while is working
[2026-07-08 17:08:56] buffer is less than 5, real size: 0
[2026-07-08 17:08:56] out while is working
[2026-07-08 17:08:56] buffer is less than 5, real size: 0
[2026-07-08 17:08:56] out while is working
[2026-07-08 17:08:56] buffer is less than 5, real size: 0
[2026-07-08 17:08:56] out while is working
[2026-07-08 17:08:56] buffer is less than 5, real size: 0
[2026-07-08 17:08:56] out while is working
[2026-07-08 17:08:57] buffer is less than 5, real size: 1
[2026-07-08 17:08:57] out while is working
[2026-07-08 17:08:57] data_length 14 iseq 158
[2026-07-08 17:08:57] begin switch_method
[2026-07-08 17:08:57] find command id514
[2026-07-08 17:08:57] data_length 17 iseq 159
[2026-07-08 17:08:57] buffer is less than sof_index + frame_length(26), buffer size: b'\xa5\x11\x00\x9fr\x01\x02\t\x01'
[2026-07-08 17:08:57] out while is working
[2026-07-08 17:08:57] data_length 17 iseq 159
[2026-07-08 17:08:57] buffer is less than sof_index + frame_length(26), buffer size: b'\xa5\x11\x00\x9fr\x01\x02\t\x01\xb8'
[2026-07-08 17:08:57] out while is working
[2026-07-08 17:08:57] data_length 17 iseq 159
[2026-07-08 17:08:57] begin switch_method
[2026-07-08 17:08:57] find command id513
[2026-07-08 17:08:57] buffer is less than 5, real size: 0
[2026-07-08 17:08:57] out while is working
[2026-07-08 17:08:57] buffer is less than 5, real size: 0
[2026-07-08 17:08:57] out while is working
[2026-07-08 17:08:57] buffer is less than 5, real size: 0
[2026-07-08 17:08:57] out while is working
[2026-07-08 17:08:57] buffer is less than 5, real size: 0
[2026-07-08 17:08:57] out while is working
[2026-07-08 17:08:57] buffer is less than 5, real size: 0
[2026-07-08 17:08:57] out while is working
[2026-07-08 17:08:57] buffer is less than 5, real size: 0
[2026-07-08 17:08:57] out while is working
[2026-07-08 17:08:57] buffer is less than 5, real size: 0
[2026-07-08 17:08:57] out while is working
[2026-07-08 17:08:57] buffer is less than 5, real size: 0
[2026-07-08 17:08:57] out while is working
[2026-07-08 17:08:57] buffer is less than 5, real size: 0
[2026-07-08 17:08:57] out while is working
[2026-07-08 17:08:57] buffer is less than 5, real size: 0
[2026-07-08 17:08:57] out while is working
[2026-07-08 17:08:57] buffer is less than 5, real size: 1
[2026-07-08 17:08:57] out while is working
[2026-07-08 17:08:57] data_length 14 iseq 160
[2026-07-08 17:08:57] begin switch_method
[2026-07-08 17:08:57] find command id514
[2026-07-08 17:08:57] data_length 17 iseq 161
[2026-07-08 17:08:57] buffer is less than sof_index + frame_length(26), buffer size: b'\xa5\x11\x00\xa1\xd3\x01\x02\t\x01'
[2026-07-08 17:08:57] out while is working
[2026-07-08 17:08:57] data_length 17 iseq 161
[2026-07-08 17:08:57] buffer is less than sof_index + frame_length(26), buffer size: b'\xa5\x11\x00\xa1\xd3\x01\x02\t\x01\xb8'
[2026-07-08 17:08:57] out while is working
[2026-07-08 17:08:57] data_length 17 iseq 161
[2026-07-08 17:08:57] begin switch_method
[2026-07-08 17:08:57] find command id513
[2026-07-08 17:08:57] buffer is less than 5, real size: 0
[2026-07-08 17:08:57] out while is working
[2026-07-08 17:08:57] buffer is less than 5, real size: 0
[2026-07-08 17:08:57] out while is working
[2026-07-08 17:08:57] buffer is less than 5, real size: 0
[2026-07-08 17:08:57] out while is working
[2026-07-08 17:08:57] buffer is less than 5, real size: 0
[2026-07-08 17:08:57] out while is working
[2026-07-08 17:08:57] buffer is less than 5, real size: 0
[2026-07-08 17:08:57] out while is working
[2026-07-08 17:08:57] buffer is less than 5, real size: 1
[2026-07-08 17:08:57] out while is working
[2026-07-08 17:08:57] data_length 5 iseq 162
[2026-07-08 17:08:57] begin switch_method
[2026-07-08 17:08:57] find command id521
[2026-07-08 17:08:57] buffer is less than 5, real size: 0
[2026-07-08 17:08:57] out while is working
[2026-07-08 17:08:57] buffer is less than 5, real size: 0
[2026-07-08 17:08:57] out while is working
[2026-07-08 17:08:57] buffer is less than 5, real size: 0
[2026-07-08 17:08:57] out while is working
[2026-07-08 17:08:57] buffer is less than 5, real size: 0
[2026-07-08 17:08:57] out while is working
[2026-07-08 17:08:57] buffer is less than 5, real size: 0
[2026-07-08 17:08:57] out while is working
[2026-07-08 17:08:57] buffer is less than 5, real size: 0
[2026-07-08 17:08:57] out while is working
[2026-07-08 17:08:57] buffer is less than 5, real size: 1
[2026-07-08 17:08:57] out while is working
[2026-07-08 17:08:57] data_length 14 iseq 163
[2026-07-08 17:08:57] begin switch_method
[2026-07-08 17:08:57] find command id514
[2026-07-08 17:08:57] data_length 17 iseq 164
[2026-07-08 17:08:57] buffer is less than sof_index + frame_length(26), buffer size: b'\xa5\x11\x00\xa4\xec\x01\x02\t\x01'
[2026-07-08 17:08:57] out while is working
[2026-07-08 17:08:57] data_length 17 iseq 164
[2026-07-08 17:08:57] buffer is less than sof_index + frame_length(26), buffer size: b'\xa5\x11\x00\xa4\xec\x01\x02\t\x01\xb8'
[2026-07-08 17:08:57] out while is working
[2026-07-08 17:08:57] data_length 17 iseq 164
[2026-07-08 17:08:57] begin switch_method
[2026-07-08 17:08:57] find command id513
[2026-07-08 17:08:57] buffer is less than 5, real size: 0
[2026-07-08 17:08:57] out while is working
[2026-07-08 17:08:57] buffer is less than 5, real size: 0
[2026-07-08 17:08:57] out while is working
[2026-07-08 17:08:57] buffer is less than 5, real size: 0
[2026-07-08 17:08:57] out while is working
[2026-07-08 17:08:57] buffer is less than 5, real size: 0
[2026-07-08 17:08:57] out while is working
[2026-07-08 17:08:57] buffer is less than 5, real size: 0
[2026-07-08 17:08:57] out while is working
[2026-07-08 17:08:57] buffer is less than 5, real size: 0
[2026-07-08 17:08:57] out while is working
[2026-07-08 17:08:57] buffer is less than 5, real size: 0
[2026-07-08 17:08:57] out while is working
[2026-07-08 17:08:57] buffer is less than 5, real size: 0
[2026-07-08 17:08:57] out while is working
[2026-07-08 17:08:57] buffer is less than 5, real size: 0
[2026-07-08 17:08:57] out while is working
[2026-07-08 17:08:57] buffer is less than 5, real size: 0
[2026-07-08 17:08:57] out while is working
[2026-07-08 17:08:57] buffer is less than 5, real size: 0
[2026-07-08 17:08:57] out while is working
[2026-07-08 17:08:57] buffer is less than 5, real size: 1
[2026-07-08 17:08:57] out while is working
[2026-07-08 17:08:57] data_length 14 iseq 165
[2026-07-08 17:08:57] begin switch_method
[2026-07-08 17:08:57] find command id514
[2026-07-08 17:08:57] data_length 12 iseq 166
[2026-07-08 17:08:57] buffer is less than sof_index + frame_length(21), buffer size: b'\xa5\x0c\x00\xa6\n\x03\x02\x00\x00'
[2026-07-08 17:08:57] out while is working
[2026-07-08 17:08:57] data_length 12 iseq 166
[2026-07-08 17:08:57] buffer is less than sof_index + frame_length(21), buffer size: b'\xa5\x0c\x00\xa6\n\x03\x02\x00\x00\x00'
[2026-07-08 17:08:57] out while is working
[2026-07-08 17:08:57] data_length 12 iseq 166
[2026-07-08 17:08:57] begin switch_method
[2026-07-08 17:08:57] find command id515
[2026-07-08 17:08:57] data_length 17 iseq 167
[2026-07-08 17:08:57] buffer is less than sof_index + frame_length(26), buffer size: b'\xa5\x11\x00\xa7\x0e\x01\x02\t\x01\xb8"\xb8"d\x00@\x01x\x00\x00'
[2026-07-08 17:08:57] out while is working
[2026-07-08 17:08:57] data_length 17 iseq 167
[2026-07-08 17:08:57] buffer is less than sof_index + frame_length(26), buffer size: b'\xa5\x11\x00\xa7\x0e\x01\x02\t\x01\xb8"\xb8"d\x00@\x01x\x00\x00\x00'
[2026-07-08 17:08:57] out while is working
[2026-07-08 17:08:57] data_length 17 iseq 167
[2026-07-08 17:08:57] begin switch_method
[2026-07-08 17:08:57] find command id513
[2026-07-08 17:08:57] buffer is less than 5, real size: 0
[2026-07-08 17:08:57] out while is working
[2026-07-08 17:08:57] buffer is less than 5, real size: 0
[2026-07-08 17:08:57] out while is working
[2026-07-08 17:08:57] buffer is less than 5, real size: 0
[2026-07-08 17:08:57] out while is working
[2026-07-08 17:08:57] buffer is less than 5, real size: 0
[2026-07-08 17:08:57] out while is working
[2026-07-08 17:08:57] buffer is less than 5, real size: 0
[2026-07-08 17:08:57] out while is working
[2026-07-08 17:08:57] buffer is less than 5, real size: 0
[2026-07-08 17:08:57] out while is working
[2026-07-08 17:08:57] buffer is less than 5, real size: 0
[2026-07-08 17:08:57] out while is working
[2026-07-08 17:08:57] buffer is less than 5, real size: 0
[2026-07-08 17:08:57] out while is working
[2026-07-08 17:08:57] buffer is less than 5, real size: 0
[2026-07-08 17:08:57] out while is working
[2026-07-08 17:08:57] buffer is less than 5, real size: 0
[2026-07-08 17:08:57] out while is working
[2026-07-08 17:08:57] buffer is less than 5, real size: 1
[2026-07-08 17:08:57] out while is working
[2026-07-08 17:08:57] data_length 14 iseq 168
[2026-07-08 17:08:57] begin switch_method
[2026-07-08 17:08:57] find command id514
[2026-07-08 17:08:57] data_length 17 iseq 169
[2026-07-08 17:08:57] buffer is less than sof_index + frame_length(26), buffer size: b'\xa5\x11\x00\xa9\x11\x01\x02\t\x01'
[2026-07-08 17:08:57] out while is working
[2026-07-08 17:08:57] data_length 17 iseq 169
[2026-07-08 17:08:57] buffer is less than sof_index + frame_length(26), buffer size: b'\xa5\x11\x00\xa9\x11\x01\x02\t\x01\xb8'
[2026-07-08 17:08:57] out while is working
[2026-07-08 17:08:57] data_length 17 iseq 169
[2026-07-08 17:08:57] begin switch_method
[2026-07-08 17:08:57] find command id513
[2026-07-08 17:08:57] buffer is less than 5, real size: 0
[2026-07-08 17:08:57] out while is working
[2026-07-08 17:08:57] buffer is less than 5, real size: 0
[2026-07-08 17:08:57] out while is working
[2026-07-08 17:08:57] buffer is less than 5, real size: 0
[2026-07-08 17:08:57] out while is working
[2026-07-08 17:08:57] buffer is less than 5, real size: 1
[2026-07-08 17:08:57] out while is working
[2026-07-08 17:08:57] data_length 5 iseq 170
[2026-07-08 17:08:57] begin switch_method
[2026-07-08 17:08:57] find command id521
[2026-07-08 17:08:57] buffer is less than 5, real size: 0
[2026-07-08 17:08:57] out while is working
[2026-07-08 17:08:57] buffer is less than 5, real size: 0
[2026-07-08 17:08:57] out while is working
[2026-07-08 17:08:57] buffer is less than 5, real size: 0
[2026-07-08 17:08:57] out while is working
[2026-07-08 17:08:57] buffer is less than 5, real size: 0
[2026-07-08 17:08:57] out while is working
[2026-07-08 17:08:57] buffer is less than 5, real size: 0
[2026-07-08 17:08:57] out while is working
[2026-07-08 17:08:57] buffer is less than 5, real size: 0
[2026-07-08 17:08:57] out while is working
[2026-07-08 17:08:57] buffer is less than 5, real size: 0
[2026-07-08 17:08:57] out while is working
[2026-07-08 17:08:57] buffer is less than 5, real size: 1
[2026-07-08 17:08:57] out while is working
[2026-07-08 17:08:57] data_length 14 iseq 171
[2026-07-08 17:08:57] begin switch_method
[2026-07-08 17:08:57] find command id514
[2026-07-08 17:08:57] data_length 17 iseq 172
[2026-07-08 17:08:57] buffer is less than sof_index + frame_length(26), buffer size: b'\xa5\x11\x00\xac.\x01\x02\t\x01'
[2026-07-08 17:08:57] out while is working
[2026-07-08 17:08:57] data_length 17 iseq 172
[2026-07-08 17:08:57] buffer is less than sof_index + frame_length(26), buffer size: b'\xa5\x11\x00\xac.\x01\x02\t\x01\xb8'
[2026-07-08 17:08:57] out while is working
[2026-07-08 17:08:57] data_length 17 iseq 172
[2026-07-08 17:08:57] begin switch_method
[2026-07-08 17:08:57] find command id513
[2026-07-08 17:08:57] buffer is less than 5, real size: 0
[2026-07-08 17:08:57] out while is working
[2026-07-08 17:08:57] buffer is less than 5, real size: 0
[2026-07-08 17:08:57] out while is working
[2026-07-08 17:08:57] buffer is less than 5, real size: 0
[2026-07-08 17:08:57] out while is working
[2026-07-08 17:08:57] buffer is less than 5, real size: 0
[2026-07-08 17:08:57] out while is working
[2026-07-08 17:08:57] buffer is less than 5, real size: 0
[2026-07-08 17:08:57] out while is working
[2026-07-08 17:08:57] buffer is less than 5, real size: 0
[2026-07-08 17:08:57] out while is working
[2026-07-08 17:08:57] buffer is less than 5, real size: 0
[2026-07-08 17:08:57] out while is working
[2026-07-08 17:08:57] buffer is less than 5, real size: 0
[2026-07-08 17:08:57] out while is working
[2026-07-08 17:08:57] buffer is less than 5, real size: 0
[2026-07-08 17:08:57] out while is working
[2026-07-08 17:08:57] buffer is less than 5, real size: 0
[2026-07-08 17:08:57] out while is working
[2026-07-08 17:08:57] buffer is less than 5, real size: 1
[2026-07-08 17:08:57] out while is working
[2026-07-08 17:08:57] data_length 14 iseq 173
[2026-07-08 17:08:57] begin switch_method
[2026-07-08 17:08:57] find command id514
[2026-07-08 17:08:57] data_length 17 iseq 174
[2026-07-08 17:08:57] buffer is less than sof_index + frame_length(26), buffer size: b'\xa5\x11\x00\xae\x92\x01\x02\t\x01'
[2026-07-08 17:08:57] out while is working
[2026-07-08 17:08:57] data_length 17 iseq 174
[2026-07-08 17:08:57] buffer is less than sof_index + frame_length(26), buffer size: b'\xa5\x11\x00\xae\x92\x01\x02\t\x01\xb8'
[2026-07-08 17:08:57] out while is working
[2026-07-08 17:08:57] data_length 17 iseq 174
[2026-07-08 17:08:57] begin switch_method
[2026-07-08 17:08:57] find command id513
[2026-07-08 17:08:57] buffer is less than 5, real size: 0
[2026-07-08 17:08:57] out while is working
[2026-07-08 17:08:57] buffer is less than 5, real size: 0
[2026-07-08 17:08:57] out while is working
[2026-07-08 17:08:57] buffer is less than 5, real size: 0
[2026-07-08 17:08:57] out while is working
[2026-07-08 17:08:57] buffer is less than 5, real size: 0
[2026-07-08 17:08:57] out while is working
[2026-07-08 17:08:57] buffer is less than 5, real size: 0
[2026-07-08 17:08:57] out while is working
[2026-07-08 17:08:57] buffer is less than 5, real size: 0
[2026-07-08 17:08:57] out while is working
[2026-07-08 17:08:57] buffer is less than 5, real size: 0
[2026-07-08 17:08:57] out while is working
[2026-07-08 17:08:57] buffer is less than 5, real size: 0
[2026-07-08 17:08:57] out while is working
[2026-07-08 17:08:57] buffer is less than 5, real size: 0
[2026-07-08 17:08:57] out while is working
[2026-07-08 17:08:57] buffer is less than 5, real size: 0
[2026-07-08 17:08:57] out while is working
[2026-07-08 17:08:57] buffer is less than 5, real size: 1
[2026-07-08 17:08:57] out while is working
[2026-07-08 17:08:57] data_length 14 iseq 175
[2026-07-08 17:08:57] begin switch_method
[2026-07-08 17:08:57] find command id514
[2026-07-08 17:08:57] data_length 17 iseq 176
[2026-07-08 17:08:57] buffer is less than sof_index + frame_length(26), buffer size: b'\xa5\x11\x00\xb0\x10\x01\x02\t\x01'
[2026-07-08 17:08:57] out while is working
[2026-07-08 17:08:57] data_length 17 iseq 176
[2026-07-08 17:08:57] buffer is less than sof_index + frame_length(26), buffer size: b'\xa5\x11\x00\xb0\x10\x01\x02\t\x01\xb8'
[2026-07-08 17:08:57] out while is working
[2026-07-08 17:08:57] data_length 17 iseq 176
[2026-07-08 17:08:57] begin switch_method
[2026-07-08 17:08:57] find command id513
[2026-07-08 17:08:57] buffer is less than 5, real size: 0
[2026-07-08 17:08:57] out while is working
[2026-07-08 17:08:57] buffer is less than 5, real size: 0
[2026-07-08 17:08:57] out while is working
[2026-07-08 17:08:57] buffer is less than 5, real size: 0
[2026-07-08 17:08:57] out while is working
[2026-07-08 17:08:57] buffer is less than 5, real size: 0
[2026-07-08 17:08:57] out while is working
[2026-07-08 17:08:57] buffer is less than 5, real size: 1
[2026-07-08 17:08:57] out while is working
[2026-07-08 17:08:57] data_length 2 iseq 177
[2026-07-08 17:08:57] begin switch_method
[2026-07-08 17:08:57] find command id524
[2026-07-08 17:08:57] Mark process: [0, 0, 0, 0, 0, 0] (raw bits: 0000000000000000)
[2026-07-08 17:08:57] data_length 4 iseq 178
[2026-07-08 17:08:57] begin switch_method
[2026-07-08 17:08:57] find command id257
[2026-07-08 17:08:57] data_length 11 iseq 179
[2026-07-08 17:08:57] buffer is less than sof_index + frame_length(20), buffer size: b'\xa5\x0b\x00\xb3\xd2\x01\x00\x01'
[2026-07-08 17:08:57] out while is working
[2026-07-08 17:08:57] data_length 11 iseq 179
[2026-07-08 17:08:57] buffer is less than sof_index + frame_length(20), buffer size: b'\xa5\x0b\x00\xb3\xd2\x01\x00\x01\x00'
[2026-07-08 17:08:57] out while is working
[2026-07-08 17:08:57] data_length 11 iseq 179
[2026-07-08 17:08:57] begin switch_method
[2026-07-08 17:08:57] find command id1
[2026-07-08 17:08:57] data_length 3 iseq 180
[2026-07-08 17:08:57] begin switch_method
[2026-07-08 17:08:57] find command id261
[2026-07-08 17:08:57] Dart target: 0
[2026-07-08 17:08:57] data_length 1 iseq 181
[2026-07-08 17:08:57] buffer is less than sof_index + frame_length(10), buffer size: b'\xa5\x01\x00\xb5e\x0e\x02('
[2026-07-08 17:08:57] out while is working
[2026-07-08 17:08:57] data_length 1 iseq 181
[2026-07-08 17:08:57] buffer is less than sof_index + frame_length(10), buffer size: b'\xa5\x01\x00\xb5e\x0e\x02(\xa8'
[2026-07-08 17:08:57] out while is working
[2026-07-08 17:08:57] data_length 1 iseq 181
[2026-07-08 17:08:57] begin switch_method
[2026-07-08 17:08:57] find command id526
[2026-07-08 17:08:57] Double effect chance: 0, is double effect active: 0
[2026-07-08 17:08:57] Interference level: 1, is key updated: 1
[2026-07-08 17:08:57] data_length 5 iseq 182
[2026-07-08 17:08:57] begin switch_method
[2026-07-08 17:08:57] find command id521
[2026-07-08 17:08:57] buffer is less than 5, real size: 0
[2026-07-08 17:08:57] out while is working
[2026-07-08 17:08:57] buffer is less than 5, real size: 0
[2026-07-08 17:08:57] out while is working
[2026-07-08 17:08:57] buffer is less than 5, real size: 0
[2026-07-08 17:08:57] out while is working
[2026-07-08 17:08:57] buffer is less than 5, real size: 0
[2026-07-08 17:08:57] out while is working
[2026-07-08 17:08:57] buffer is less than 5, real size: 0
[2026-07-08 17:08:57] out while is working
[2026-07-08 17:08:57] buffer is less than 5, real size: 0
[2026-07-08 17:08:57] out while is working
[2026-07-08 17:08:57] buffer is less than 5, real size: 1
[2026-07-08 17:08:57] out while is working
[2026-07-08 17:08:57] data_length 14 iseq 183
[2026-07-08 17:08:57] begin switch_method
[2026-07-08 17:08:57] find command id514
[2026-07-08 17:08:57] data_length 17 iseq 184
[2026-07-08 17:08:57] buffer is less than sof_index + frame_length(26), buffer size: b'\xa5\x11\x00\xb8\xd2\x01\x02\t\x01'
[2026-07-08 17:08:57] out while is working
[2026-07-08 17:08:57] data_length 17 iseq 184
[2026-07-08 17:08:57] buffer is less than sof_index + frame_length(26), buffer size: b'\xa5\x11\x00\xb8\xd2\x01\x02\t\x01\xb8'
[2026-07-08 17:08:57] out while is working
[2026-07-08 17:08:57] data_length 17 iseq 184
[2026-07-08 17:08:57] begin switch_method
[2026-07-08 17:08:57] find command id513
[2026-07-08 17:08:57] buffer is less than 5, real size: 0
[2026-07-08 17:08:57] out while is working
[2026-07-08 17:08:57] buffer is less than 5, real size: 0
[2026-07-08 17:08:57] out while is working
[2026-07-08 17:08:57] buffer is less than 5, real size: 0
[2026-07-08 17:08:57] out while is working
[2026-07-08 17:08:57] buffer is less than 5, real size: 0
[2026-07-08 17:08:57] out while is working
[2026-07-08 17:08:57] buffer is less than 5, real size: 0
[2026-07-08 17:08:57] out while is working
[2026-07-08 17:08:57] buffer is less than 5, real size: 0
[2026-07-08 17:08:57] out while is working
[2026-07-08 17:08:57] buffer is less than 5, real size: 0
[2026-07-08 17:08:57] out while is working
[2026-07-08 17:08:57] buffer is less than 5, real size: 0
[2026-07-08 17:08:57] out while is working
[2026-07-08 17:08:57] buffer is less than 5, real size: 0
[2026-07-08 17:08:57] out while is working
[2026-07-08 17:08:57] buffer is less than 5, real size: 0
[2026-07-08 17:08:57] out while is working
[2026-07-08 17:08:57] buffer is less than 5, real size: 1
[2026-07-08 17:08:57] out while is working
[2026-07-08 17:08:57] data_length 14 iseq 185
[2026-07-08 17:08:57] begin switch_method
[2026-07-08 17:08:57] find command id514
[2026-07-08 17:08:57] data_length 17 iseq 186
[2026-07-08 17:08:57] buffer is less than sof_index + frame_length(26), buffer size: b'\xa5\x11\x00\xban\x01\x02\t\x01'
[2026-07-08 17:08:57] out while is working
[2026-07-08 17:08:57] data_length 17 iseq 186
[2026-07-08 17:08:57] buffer is less than sof_index + frame_length(26), buffer size: b'\xa5\x11\x00\xban\x01\x02\t\x01\xb8'
[2026-07-08 17:08:57] out while is working
[2026-07-08 17:08:57] data_length 17 iseq 186
[2026-07-08 17:08:57] begin switch_method
[2026-07-08 17:08:57] find command id513
[2026-07-08 17:08:57] buffer is less than 5, real size: 0
[2026-07-08 17:08:57] out while is working
[2026-07-08 17:08:57] buffer is less than 5, real size: 0
[2026-07-08 17:08:57] out while is working
[2026-07-08 17:08:57] buffer is less than 5, real size: 0
[2026-07-08 17:08:57] out while is working
[2026-07-08 17:08:57] buffer is less than 5, real size: 0
[2026-07-08 17:08:57] out while is working
[2026-07-08 17:08:57] buffer is less than 5, real size: 0
[2026-07-08 17:08:57] out while is working
[2026-07-08 17:08:57] buffer is less than 5, real size: 0
[2026-07-08 17:08:57] out while is working
[2026-07-08 17:08:57] buffer is less than 5, real size: 0
[2026-07-08 17:08:57] out while is working
[2026-07-08 17:08:57] buffer is less than 5, real size: 0
[2026-07-08 17:08:57] out while is working
[2026-07-08 17:08:58] buffer is less than 5, real size: 0
[2026-07-08 17:08:58] out while is working
[2026-07-08 17:08:58] buffer is less than 5, real size: 0
[2026-07-08 17:08:58] out while is working
[2026-07-08 17:08:58] buffer is less than 5, real size: 1
[2026-07-08 17:08:58] out while is working
[2026-07-08 17:08:58] data_length 14 iseq 187
[2026-07-08 17:08:58] begin switch_method
[2026-07-08 17:08:58] find command id514
[2026-07-08 17:08:58] data_length 17 iseq 188
[2026-07-08 17:08:58] buffer is less than sof_index + frame_length(26), buffer size: b'\xa5\x11\x00\xbc\xb3\x01\x02\t\x01'
[2026-07-08 17:08:58] out while is working
[2026-07-08 17:08:58] data_length 17 iseq 188
[2026-07-08 17:08:58] buffer is less than sof_index + frame_length(26), buffer size: b'\xa5\x11\x00\xbc\xb3\x01\x02\t\x01\xb8'
[2026-07-08 17:08:58] out while is working
[2026-07-08 17:08:58] data_length 17 iseq 188
[2026-07-08 17:08:58] begin switch_method
[2026-07-08 17:08:58] find command id513
[2026-07-08 17:08:58] buffer is less than 5, real size: 0
[2026-07-08 17:08:58] out while is working
[2026-07-08 17:08:58] buffer is less than 5, real size: 0
[2026-07-08 17:08:58] out while is working
[2026-07-08 17:08:58] buffer is less than 5, real size: 1
[2026-07-08 17:08:58] out while is working
[2026-07-08 17:08:58] data_length 5 iseq 189
[2026-07-08 17:08:58] begin switch_method
[2026-07-08 17:08:58] find command id521
[2026-07-08 17:08:58] buffer is less than 5, real size: 0
[2026-07-08 17:08:58] out while is working
[2026-07-08 17:08:58] buffer is less than 5, real size: 0
[2026-07-08 17:08:58] out while is working
[2026-07-08 17:08:58] buffer is less than 5, real size: 0
[2026-07-08 17:08:58] out while is working
[2026-07-08 17:08:58] buffer is less than 5, real size: 0
[2026-07-08 17:08:58] out while is working
[2026-07-08 17:08:58] buffer is less than 5, real size: 0
[2026-07-08 17:08:58] out while is working
[2026-07-08 17:08:58] buffer is less than 5, real size: 0
[2026-07-08 17:08:58] out while is working
[2026-07-08 17:08:58] buffer is less than 5, real size: 0
[2026-07-08 17:08:58] out while is working
[2026-07-08 17:08:58] buffer is less than 5, real size: 0
[2026-07-08 17:08:58] out while is working
[2026-07-08 17:08:58] buffer is less than 5, real size: 0
[2026-07-08 17:08:58] out while is working
[2026-07-08 17:08:58] buffer is less than 5, real size: 1
[2026-07-08 17:08:58] out while is working
[2026-07-08 17:08:58] data_length 14 iseq 190
[2026-07-08 17:08:58] begin switch_method
[2026-07-08 17:08:58] find command id514
[2026-07-08 17:08:58] data_length 17 iseq 191
[2026-07-08 17:08:58] buffer is less than sof_index + frame_length(26), buffer size: b'\xa5\x11\x00\xbfQ\x01\x02\t\x01'
[2026-07-08 17:08:58] out while is working
[2026-07-08 17:08:58] data_length 17 iseq 191
[2026-07-08 17:08:58] buffer is less than sof_index + frame_length(26), buffer size: b'\xa5\x11\x00\xbfQ\x01\x02\t\x01\xb8'
[2026-07-08 17:08:58] out while is working
[2026-07-08 17:08:58] data_length 17 iseq 191
[2026-07-08 17:08:58] begin switch_method
[2026-07-08 17:08:58] find command id513
[2026-07-08 17:08:58] buffer is less than 5, real size: 0
[2026-07-08 17:08:58] out while is working
[2026-07-08 17:08:58] buffer is less than 5, real size: 0
[2026-07-08 17:08:58] out while is working
[2026-07-08 17:08:58] buffer is less than 5, real size: 0
[2026-07-08 17:08:58] out while is working
[2026-07-08 17:08:58] buffer is less than 5, real size: 0
[2026-07-08 17:08:58] out while is working
[2026-07-08 17:08:58] buffer is less than 5, real size: 0
[2026-07-08 17:08:58] out while is working
[2026-07-08 17:08:58] buffer is less than 5, real size: 0
[2026-07-08 17:08:58] out while is working
[2026-07-08 17:08:58] buffer is less than 5, real size: 0
[2026-07-08 17:08:58] out while is working
[2026-07-08 17:08:58] buffer is less than 5, real size: 0
[2026-07-08 17:08:58] out while is working
[2026-07-08 17:08:58] buffer is less than 5, real size: 0
[2026-07-08 17:08:58] out while is working
[2026-07-08 17:08:58] buffer is less than 5, real size: 0
[2026-07-08 17:08:58] out while is working
[2026-07-08 17:08:58] buffer is less than 5, real size: 1
[2026-07-08 17:08:58] out while is working
[2026-07-08 17:08:58] data_length 14 iseq 192
[2026-07-08 17:08:58] begin switch_method
[2026-07-08 17:08:58] find command id514
[2026-07-08 17:08:58] data_length 17 iseq 193
[2026-07-08 17:08:58] buffer is less than sof_index + frame_length(26), buffer size: b'\xa5\x11\x00\xc1\xb6\x01\x02\t\x01'
[2026-07-08 17:08:58] out while is working
[2026-07-08 17:08:58] data_length 17 iseq 193
[2026-07-08 17:08:58] buffer is less than sof_index + frame_length(26), buffer size: b'\xa5\x11\x00\xc1\xb6\x01\x02\t\x01\xb8'
[2026-07-08 17:08:58] out while is working
[2026-07-08 17:08:58] data_length 17 iseq 193
[2026-07-08 17:08:58] begin switch_method
[2026-07-08 17:08:58] find command id513
[2026-07-08 17:08:58] buffer is less than 5, real size: 0
[2026-07-08 17:08:58] out while is working
[2026-07-08 17:08:58] buffer is less than 5, real size: 0
[2026-07-08 17:08:58] out while is working
[2026-07-08 17:08:58] buffer is less than 5, real size: 0
[2026-07-08 17:08:58] out while is working
[2026-07-08 17:08:58] buffer is less than 5, real size: 0
[2026-07-08 17:08:58] out while is working
[2026-07-08 17:08:58] buffer is less than 5, real size: 0
[2026-07-08 17:08:58] out while is working
[2026-07-08 17:08:58] buffer is less than 5, real size: 0
[2026-07-08 17:08:58] out while is working
[2026-07-08 17:08:58] buffer is less than 5, real size: 0
[2026-07-08 17:08:58] out while is working
[2026-07-08 17:08:58] buffer is less than 5, real size: 0
[2026-07-08 17:08:58] out while is working
[2026-07-08 17:08:58] buffer is less than 5, real size: 0
[2026-07-08 17:08:58] out while is working
[2026-07-08 17:08:58] buffer is less than 5, real size: 0
[2026-07-08 17:08:58] out while is working
[2026-07-08 17:08:58] buffer is less than 5, real size: 1
[2026-07-08 17:08:58] out while is working
[2026-07-08 17:08:58] data_length 14 iseq 194
[2026-07-08 17:08:58] begin switch_method
[2026-07-08 17:08:58] find command id514
[2026-07-08 17:08:58] data_length 12 iseq 195
[2026-07-08 17:08:58] buffer is less than sof_index + frame_length(21), buffer size: b'\xa5\x0c\x00\xc3P\x03\x02\x00\x00'
[2026-07-08 17:08:58] out while is working
[2026-07-08 17:08:58] data_length 12 iseq 195
[2026-07-08 17:08:58] buffer is less than sof_index + frame_length(21), buffer size: b'\xa5\x0c\x00\xc3P\x03\x02\x00\x00\x00'
[2026-07-08 17:08:58] out while is working
[2026-07-08 17:08:58] data_length 12 iseq 195
[2026-07-08 17:08:58] begin switch_method
[2026-07-08 17:08:58] find command id515
[2026-07-08 17:08:58] data_length 17 iseq 196
[2026-07-08 17:08:58] buffer is less than sof_index + frame_length(26), buffer size: b'\xa5\x11\x00\xc4\x89\x01\x02\t\x01\xb8"\xb8"d\x00@\x01x\x00\x00'
[2026-07-08 17:08:58] out while is working
[2026-07-08 17:08:58] data_length 17 iseq 196
[2026-07-08 17:08:58] buffer is less than sof_index + frame_length(26), buffer size: b'\xa5\x11\x00\xc4\x89\x01\x02\t\x01\xb8"\xb8"d\x00@\x01x\x00\x00\x00'
[2026-07-08 17:08:58] out while is working
[2026-07-08 17:08:58] data_length 17 iseq 196
[2026-07-08 17:08:58] begin switch_method
[2026-07-08 17:08:58] find command id513
[2026-07-08 17:08:58] buffer is less than 5, real size: 0
[2026-07-08 17:08:58] out while is working
[2026-07-08 17:08:58] buffer is less than 5, real size: 1
[2026-07-08 17:08:58] out while is working
[2026-07-08 17:08:58] data_length 5 iseq 197
[2026-07-08 17:08:58] begin switch_method
[2026-07-08 17:08:58] find command id521
[2026-07-08 17:08:58] buffer is less than 5, real size: 0
[2026-07-08 17:08:58] out while is working
[2026-07-08 17:08:58] buffer is less than 5, real size: 0
[2026-07-08 17:08:58] out while is working
[2026-07-08 17:08:58] buffer is less than 5, real size: 0
[2026-07-08 17:08:58] out while is working
[2026-07-08 17:08:58] buffer is less than 5, real size: 0
[2026-07-08 17:08:58] out while is working
[2026-07-08 17:08:58] buffer is less than 5, real size: 0
[2026-07-08 17:08:58] out while is working
[2026-07-08 17:08:58] buffer is less than 5, real size: 0
[2026-07-08 17:08:58] out while is working
[2026-07-08 17:08:58] buffer is less than 5, real size: 0
[2026-07-08 17:08:58] out while is working
[2026-07-08 17:08:58] buffer is less than 5, real size: 0
[2026-07-08 17:08:58] out while is working
[2026-07-08 17:08:58] buffer is less than 5, real size: 0
[2026-07-08 17:08:58] out while is working
[2026-07-08 17:08:58] buffer is less than 5, real size: 0
[2026-07-08 17:08:58] out while is working
[2026-07-08 17:08:58] buffer is less than 5, real size: 1
[2026-07-08 17:08:58] out while is working
[2026-07-08 17:08:58] data_length 14 iseq 198
[2026-07-08 17:08:58] begin switch_method
[2026-07-08 17:08:58] find command id514
[2026-07-08 17:08:58] data_length 17 iseq 199
[2026-07-08 17:08:58] buffer is less than sof_index + frame_length(26), buffer size: b'\xa5\x11\x00\xc7k\x01\x02\t\x01'
[2026-07-08 17:08:58] out while is working
[2026-07-08 17:08:58] data_length 17 iseq 199
[2026-07-08 17:08:58] buffer is less than sof_index + frame_length(26), buffer size: b'\xa5\x11\x00\xc7k\x01\x02\t\x01\xb8'
[2026-07-08 17:08:58] out while is working
[2026-07-08 17:08:58] data_length 17 iseq 199
[2026-07-08 17:08:58] begin switch_method
[2026-07-08 17:08:58] find command id513
[2026-07-08 17:08:58] buffer is less than 5, real size: 0
[2026-07-08 17:08:58] out while is working
[2026-07-08 17:08:58] buffer is less than 5, real size: 0
[2026-07-08 17:08:58] out while is working
[2026-07-08 17:08:58] buffer is less than 5, real size: 0
[2026-07-08 17:08:58] out while is working
[2026-07-08 17:08:58] buffer is less than 5, real size: 0
[2026-07-08 17:08:58] out while is working
[2026-07-08 17:08:58] buffer is less than 5, real size: 0
[2026-07-08 17:08:58] out while is working
[2026-07-08 17:08:58] buffer is less than 5, real size: 0
[2026-07-08 17:08:58] out while is working
[2026-07-08 17:08:58] buffer is less than 5, real size: 0
[2026-07-08 17:08:58] out while is working
[2026-07-08 17:08:58] buffer is less than 5, real size: 0
[2026-07-08 17:08:58] out while is working
[2026-07-08 17:08:58] buffer is less than 5, real size: 0
[2026-07-08 17:08:58] out while is working
[2026-07-08 17:08:58] buffer is less than 5, real size: 0
[2026-07-08 17:08:58] out while is working
[2026-07-08 17:08:58] buffer is less than 5, real size: 0
[2026-07-08 17:08:58] out while is working
[2026-07-08 17:08:58] buffer is less than 5, real size: 1
[2026-07-08 17:08:58] out while is working
[2026-07-08 17:08:58] data_length 14 iseq 200
[2026-07-08 17:08:58] begin switch_method
[2026-07-08 17:08:58] find command id514
[2026-07-08 17:08:58] data_length 17 iseq 201
[2026-07-08 17:08:58] buffer is less than sof_index + frame_length(26), buffer size: b'\xa5\x11\x00\xc9t\x01\x02\t\x01'
[2026-07-08 17:08:58] out while is working
[2026-07-08 17:08:58] data_length 17 iseq 201
[2026-07-08 17:08:58] buffer is less than sof_index + frame_length(26), buffer size: b'\xa5\x11\x00\xc9t\x01\x02\t\x01\xb8'
[2026-07-08 17:08:58] out while is working
[2026-07-08 17:08:58] data_length 17 iseq 201
[2026-07-08 17:08:58] begin switch_method
[2026-07-08 17:08:58] find command id513
[2026-07-08 17:08:58] buffer is less than 5, real size: 0
[2026-07-08 17:08:58] out while is working
[2026-07-08 17:08:58] buffer is less than 5, real size: 0
[2026-07-08 17:08:58] out while is working
[2026-07-08 17:08:58] buffer is less than 5, real size: 0
[2026-07-08 17:08:58] out while is working
[2026-07-08 17:08:58] buffer is less than 5, real size: 0
[2026-07-08 17:08:58] out while is working
[2026-07-08 17:08:58] buffer is less than 5, real size: 0
[2026-07-08 17:08:58] out while is working
[2026-07-08 17:08:58] buffer is less than 5, real size: 0
[2026-07-08 17:08:58] out while is working
[2026-07-08 17:08:58] buffer is less than 5, real size: 0
[2026-07-08 17:08:58] out while is working
[2026-07-08 17:08:58] buffer is less than 5, real size: 0
[2026-07-08 17:08:58] out while is working
[2026-07-08 17:08:58] buffer is less than 5, real size: 0
[2026-07-08 17:08:58] out while is working
[2026-07-08 17:08:58] buffer is less than 5, real size: 0
[2026-07-08 17:08:58] out while is working
[2026-07-08 17:08:58] buffer is less than 5, real size: 1
[2026-07-08 17:08:58] out while is working
[2026-07-08 17:08:58] data_length 5 iseq 202
[2026-07-08 17:08:58] begin switch_method
[2026-07-08 17:08:58] find command id521
[2026-07-08 17:08:58] buffer is less than 5, real size: 0
[2026-07-08 17:08:58] out while is working
[2026-07-08 17:08:58] buffer is less than 5, real size: 1
[2026-07-08 17:08:58] out while is working
[2026-07-08 17:08:58] data_length 14 iseq 203
[2026-07-08 17:08:58] begin switch_method
[2026-07-08 17:08:58] find command id514
[2026-07-08 17:08:58] data_length 17 iseq 204
[2026-07-08 17:08:58] buffer is less than sof_index + frame_length(26), buffer size: b'\xa5\x11\x00\xccK\x01\x02\t\x01'
[2026-07-08 17:08:58] out while is working
[2026-07-08 17:08:58] data_length 17 iseq 204
[2026-07-08 17:08:58] buffer is less than sof_index + frame_length(26), buffer size: b'\xa5\x11\x00\xccK\x01\x02\t\x01\xb8'
[2026-07-08 17:08:58] out while is working
[2026-07-08 17:08:58] data_length 17 iseq 204
[2026-07-08 17:08:58] begin switch_method
[2026-07-08 17:08:58] find command id513
[2026-07-08 17:08:58] buffer is less than 5, real size: 0
[2026-07-08 17:08:58] out while is working
[2026-07-08 17:08:58] buffer is less than 5, real size: 0
[2026-07-08 17:08:58] out while is working
[2026-07-08 17:08:58] buffer is less than 5, real size: 0
[2026-07-08 17:08:58] out while is working
[2026-07-08 17:08:58] buffer is less than 5, real size: 0
[2026-07-08 17:08:58] out while is working
[2026-07-08 17:08:58] buffer is less than 5, real size: 0
[2026-07-08 17:08:58] out while is working
[2026-07-08 17:08:58] buffer is less than 5, real size: 0
[2026-07-08 17:08:58] out while is working
[2026-07-08 17:08:58] buffer is less than 5, real size: 0
[2026-07-08 17:08:58] out while is working
[2026-07-08 17:08:58] buffer is less than 5, real size: 0
[2026-07-08 17:08:58] out while is working
[2026-07-08 17:08:58] buffer is less than 5, real size: 0
[2026-07-08 17:08:58] out while is working
[2026-07-08 17:08:58] buffer is less than 5, real size: 1
[2026-07-08 17:08:58] out while is working
[2026-07-08 17:08:58] data_length 2 iseq 205
[2026-07-08 17:08:58] begin switch_method
[2026-07-08 17:08:58] find command id524
[2026-07-08 17:08:58] Mark process: [0, 0, 0, 0, 0, 0] (raw bits: 0000000000000000)
[2026-07-08 17:08:58] data_length 4 iseq 206
[2026-07-08 17:08:58] begin switch_method
[2026-07-08 17:08:58] find command id257
[2026-07-08 17:08:58] data_length 11 iseq 207
[2026-07-08 17:08:58] buffer is less than sof_index + frame_length(20), buffer size: b'\xa5\x0b\x00\xcf\x89\x01\x00\x01'
[2026-07-08 17:08:58] out while is working
[2026-07-08 17:08:58] data_length 11 iseq 207
[2026-07-08 17:08:58] buffer is less than sof_index + frame_length(20), buffer size: b'\xa5\x0b\x00\xcf\x89\x01\x00\x01\x00'
[2026-07-08 17:08:58] out while is working
[2026-07-08 17:08:58] data_length 11 iseq 207
[2026-07-08 17:08:58] begin switch_method
[2026-07-08 17:08:58] find command id1
[2026-07-08 17:08:58] data_length 3 iseq 208
[2026-07-08 17:08:58] begin switch_method
[2026-07-08 17:08:58] find command id261
[2026-07-08 17:08:58] Dart target: 0
[2026-07-08 17:08:58] data_length 1 iseq 209
[2026-07-08 17:08:58] buffer is less than sof_index + frame_length(10), buffer size: b'\xa5\x01\x00\xd1a\x0e\x02('
[2026-07-08 17:08:58] out while is working
[2026-07-08 17:08:58] data_length 1 iseq 209
[2026-07-08 17:08:58] buffer is less than sof_index + frame_length(10), buffer size: b'\xa5\x01\x00\xd1a\x0e\x02(\xe7'
[2026-07-08 17:08:58] out while is working
[2026-07-08 17:08:58] data_length 1 iseq 209
[2026-07-08 17:08:58] begin switch_method
[2026-07-08 17:08:58] find command id526
[2026-07-08 17:08:58] Double effect chance: 0, is double effect active: 0
[2026-07-08 17:08:58] Interference level: 1, is key updated: 1
[2026-07-08 17:08:58] buffer is less than 5, real size: 0
[2026-07-08 17:08:58] out while is working
[2026-07-08 17:08:58] buffer is less than 5, real size: 1
[2026-07-08 17:08:58] out while is working
[2026-07-08 17:08:58] data_length 14 iseq 210
[2026-07-08 17:08:58] begin switch_method
[2026-07-08 17:08:58] find command id514
[2026-07-08 17:08:58] data_length 17 iseq 211
[2026-07-08 17:08:58] buffer is less than sof_index + frame_length(26), buffer size: b'\xa5\x11\x00\xd3\x97\x01\x02\t\x01'
[2026-07-08 17:08:58] out while is working
[2026-07-08 17:08:58] data_length 17 iseq 211
[2026-07-08 17:08:58] buffer is less than sof_index + frame_length(26), buffer size: b'\xa5\x11\x00\xd3\x97\x01\x02\t\x01\xb8'
[2026-07-08 17:08:58] out while is working
[2026-07-08 17:08:58] data_length 17 iseq 211
[2026-07-08 17:08:58] begin switch_method
[2026-07-08 17:08:58] find command id513
[2026-07-08 17:08:58] buffer is less than 5, real size: 0
[2026-07-08 17:08:58] out while is working
[2026-07-08 17:08:58] buffer is less than 5, real size: 0
[2026-07-08 17:08:58] out while is working
[2026-07-08 17:08:58] buffer is less than 5, real size: 0
[2026-07-08 17:08:58] out while is working
[2026-07-08 17:08:58] buffer is less than 5, real size: 0
[2026-07-08 17:08:58] out while is working
[2026-07-08 17:08:58] buffer is less than 5, real size: 0
[2026-07-08 17:08:58] out while is working
[2026-07-08 17:08:58] buffer is less than 5, real size: 0
[2026-07-08 17:08:58] out while is working
[2026-07-08 17:08:58] buffer is less than 5, real size: 0
[2026-07-08 17:08:58] out while is working
[2026-07-08 17:08:58] buffer is less than 5, real size: 0
[2026-07-08 17:08:58] out while is working
[2026-07-08 17:08:58] buffer is less than 5, real size: 0
[2026-07-08 17:08:58] out while is working
[2026-07-08 17:08:58] buffer is less than 5, real size: 0
[2026-07-08 17:08:58] out while is working
[2026-07-08 17:08:58] buffer is less than 5, real size: 1
[2026-07-08 17:08:58] out while is working
[2026-07-08 17:08:58] data_length 14 iseq 212
[2026-07-08 17:08:58] begin switch_method
[2026-07-08 17:08:58] find command id514
[2026-07-08 17:08:58] data_length 17 iseq 213
[2026-07-08 17:08:58] buffer is less than sof_index + frame_length(26), buffer size: b'\xa5\x11\x00\xd5J\x01\x02\t\x01'
[2026-07-08 17:08:58] out while is working
[2026-07-08 17:08:58] data_length 17 iseq 213
[2026-07-08 17:08:58] buffer is less than sof_index + frame_length(26), buffer size: b'\xa5\x11\x00\xd5J\x01\x02\t\x01\xb8'
[2026-07-08 17:08:58] out while is working
[2026-07-08 17:08:58] data_length 17 iseq 213
[2026-07-08 17:08:58] begin switch_method
[2026-07-08 17:08:58] find command id513
[2026-07-08 17:08:58] buffer is less than 5, real size: 0
[2026-07-08 17:08:58] out while is working
[2026-07-08 17:08:58] buffer is less than 5, real size: 0
[2026-07-08 17:08:58] out while is working
[2026-07-08 17:08:58] buffer is less than 5, real size: 0
[2026-07-08 17:08:58] out while is working
[2026-07-08 17:08:58] buffer is less than 5, real size: 0
[2026-07-08 17:08:58] out while is working
[2026-07-08 17:08:58] buffer is less than 5, real size: 0
[2026-07-08 17:08:58] out while is working
[2026-07-08 17:08:58] buffer is less than 5, real size: 0
[2026-07-08 17:08:58] out while is working
[2026-07-08 17:08:58] buffer is less than 5, real size: 0
[2026-07-08 17:08:58] out while is working
[2026-07-08 17:08:58] buffer is less than 5, real size: 0
[2026-07-08 17:08:58] out while is working
[2026-07-08 17:08:58] buffer is less than 5, real size: 0
[2026-07-08 17:08:58] out while is working
[2026-07-08 17:08:58] buffer is less than 5, real size: 1
[2026-07-08 17:08:58] out while is working
[2026-07-08 17:08:58] data_length 5 iseq 214
[2026-07-08 17:08:58] begin switch_method
[2026-07-08 17:08:58] find command id521
[2026-07-08 17:08:58] buffer is less than 5, real size: 0
[2026-07-08 17:08:58] out while is working
[2026-07-08 17:08:58] buffer is less than 5, real size: 1
[2026-07-08 17:08:58] out while is working
[2026-07-08 17:08:58] data_length 14 iseq 215
[2026-07-08 17:08:58] begin switch_method
[2026-07-08 17:08:58] find command id514
[2026-07-08 17:08:58] data_length 17 iseq 216
[2026-07-08 17:08:58] buffer is less than sof_index + frame_length(26), buffer size: b'\xa5\x11\x00\xd8\xb7\x01\x02\t\x01'
[2026-07-08 17:08:58] out while is working
[2026-07-08 17:08:58] data_length 17 iseq 216
[2026-07-08 17:08:58] buffer is less than sof_index + frame_length(26), buffer size: b'\xa5\x11\x00\xd8\xb7\x01\x02\t\x01\xb8'
[2026-07-08 17:08:58] out while is working
[2026-07-08 17:08:58] data_length 17 iseq 216
[2026-07-08 17:08:58] begin switch_method
[2026-07-08 17:08:58] find command id513
[2026-07-08 17:08:58] buffer is less than 5, real size: 0
[2026-07-08 17:08:58] out while is working
[2026-07-08 17:08:58] buffer is less than 5, real size: 0
[2026-07-08 17:08:58] out while is working
[2026-07-08 17:08:58] buffer is less than 5, real size: 0
[2026-07-08 17:08:58] out while is working
[2026-07-08 17:08:58] buffer is less than 5, real size: 0
[2026-07-08 17:08:58] out while is working
[2026-07-08 17:08:59] buffer is less than 5, real size: 0
[2026-07-08 17:08:59] out while is working
[2026-07-08 17:08:59] buffer is less than 5, real size: 0
[2026-07-08 17:08:59] out while is working
[2026-07-08 17:08:59] buffer is less than 5, real size: 0
[2026-07-08 17:08:59] out while is working
[2026-07-08 17:08:59] buffer is less than 5, real size: 0
[2026-07-08 17:08:59] out while is working
[2026-07-08 17:08:59] buffer is less than 5, real size: 0
[2026-07-08 17:08:59] out while is working
[2026-07-08 17:08:59] buffer is less than 5, real size: 0
[2026-07-08 17:08:59] out while is working
[2026-07-08 17:08:59] buffer is less than 5, real size: 1
[2026-07-08 17:08:59] out while is working
[2026-07-08 17:08:59] data_length 14 iseq 217
[2026-07-08 17:08:59] begin switch_method
[2026-07-08 17:08:59] find command id514
[2026-07-08 17:08:59] data_length 17 iseq 218
[2026-07-08 17:08:59] buffer is less than sof_index + frame_length(26), buffer size: b'\xa5\x11\x00\xda\x0b\x01\x02\t\x01'
[2026-07-08 17:08:59] out while is working
[2026-07-08 17:08:59] data_length 17 iseq 218
[2026-07-08 17:08:59] buffer is less than sof_index + frame_length(26), buffer size: b'\xa5\x11\x00\xda\x0b\x01\x02\t\x01\xb8'
[2026-07-08 17:08:59] out while is working
[2026-07-08 17:08:59] data_length 17 iseq 218
[2026-07-08 17:08:59] begin switch_method
[2026-07-08 17:08:59] find command id513
[2026-07-08 17:08:59] buffer is less than 5, real size: 0
[2026-07-08 17:08:59] out while is working
[2026-07-08 17:08:59] buffer is less than 5, real size: 0
[2026-07-08 17:08:59] out while is working
[2026-07-08 17:08:59] buffer is less than 5, real size: 0
[2026-07-08 17:08:59] out while is working
[2026-07-08 17:08:59] buffer is less than 5, real size: 0
[2026-07-08 17:08:59] out while is working
[2026-07-08 17:08:59] buffer is less than 5, real size: 0
[2026-07-08 17:08:59] out while is working
[2026-07-08 17:08:59] buffer is less than 5, real size: 0
[2026-07-08 17:08:59] out while is working
[2026-07-08 17:08:59] buffer is less than 5, real size: 0
[2026-07-08 17:08:59] out while is working
[2026-07-08 17:08:59] buffer is less than 5, real size: 0
[2026-07-08 17:08:59] out while is working
[2026-07-08 17:08:59] buffer is less than 5, real size: 0
[2026-07-08 17:08:59] out while is working
[2026-07-08 17:08:59] buffer is less than 5, real size: 0
[2026-07-08 17:08:59] out while is working
[2026-07-08 17:08:59] buffer is less than 5, real size: 1
[2026-07-08 17:08:59] out while is working
[2026-07-08 17:08:59] data_length 14 iseq 219
[2026-07-08 17:08:59] begin switch_method
[2026-07-08 17:08:59] find command id514
[2026-07-08 17:08:59] data_length 17 iseq 220
[2026-07-08 17:08:59] buffer is less than sof_index + frame_length(26), buffer size: b'\xa5\x11\x00\xdc\xd6\x01\x02\t\x01'
[2026-07-08 17:08:59] out while is working
[2026-07-08 17:08:59] data_length 17 iseq 220
[2026-07-08 17:08:59] buffer is less than sof_index + frame_length(26), buffer size: b'\xa5\x11\x00\xdc\xd6\x01\x02\t\x01\xb8'
[2026-07-08 17:08:59] out while is working
[2026-07-08 17:08:59] data_length 17 iseq 220
[2026-07-08 17:08:59] begin switch_method
[2026-07-08 17:08:59] find command id513
[2026-07-08 17:08:59] buffer is less than 5, real size: 0
[2026-07-08 17:08:59] out while is working
[2026-07-08 17:08:59] buffer is less than 5, real size: 0
[2026-07-08 17:08:59] out while is working
[2026-07-08 17:08:59] buffer is less than 5, real size: 0
[2026-07-08 17:08:59] out while is working
[2026-07-08 17:08:59] buffer is less than 5, real size: 0
[2026-07-08 17:08:59] out while is working
[2026-07-08 17:08:59] buffer is less than 5, real size: 0
[2026-07-08 17:08:59] out while is working
[2026-07-08 17:08:59] buffer is less than 5, real size: 0
[2026-07-08 17:08:59] out while is working
[2026-07-08 17:08:59] buffer is less than 5, real size: 0
[2026-07-08 17:08:59] out while is working
[2026-07-08 17:08:59] buffer is less than 5, real size: 0
[2026-07-08 17:08:59] out while is working
[2026-07-08 17:08:59] buffer is less than 5, real size: 1
[2026-07-08 17:08:59] out while is working
[2026-07-08 17:08:59] data_length 5 iseq 221
[2026-07-08 17:08:59] begin switch_method
[2026-07-08 17:08:59] find command id521
[2026-07-08 17:08:59] buffer is less than 5, real size: 0
[2026-07-08 17:08:59] out while is working
[2026-07-08 17:08:59] buffer is less than 5, real size: 0
[2026-07-08 17:08:59] out while is working
[2026-07-08 17:08:59] buffer is less than 5, real size: 1
[2026-07-08 17:08:59] out while is working
[2026-07-08 17:08:59] data_length 14 iseq 222
[2026-07-08 17:08:59] begin switch_method
[2026-07-08 17:08:59] find command id514
[2026-07-08 17:08:59] data_length 17 iseq 223
[2026-07-08 17:08:59] buffer is less than sof_index + frame_length(26), buffer size: b'\xa5\x11\x00\xdf4\x01\x02\t\x01'
[2026-07-08 17:08:59] out while is working
[2026-07-08 17:08:59] data_length 17 iseq 223
[2026-07-08 17:08:59] buffer is less than sof_index + frame_length(26), buffer size: b'\xa5\x11\x00\xdf4\x01\x02\t\x01\xb8'
[2026-07-08 17:08:59] out while is working
[2026-07-08 17:08:59] data_length 17 iseq 223
[2026-07-08 17:08:59] begin switch_method
[2026-07-08 17:08:59] find command id513
[2026-07-08 17:08:59] buffer is less than 5, real size: 0
[2026-07-08 17:08:59] out while is working
[2026-07-08 17:08:59] buffer is less than 5, real size: 0
[2026-07-08 17:08:59] out while is working
[2026-07-08 17:08:59] buffer is less than 5, real size: 0
[2026-07-08 17:08:59] out while is working
[2026-07-08 17:08:59] buffer is less than 5, real size: 0
[2026-07-08 17:08:59] out while is working
[2026-07-08 17:08:59] buffer is less than 5, real size: 0
[2026-07-08 17:08:59] out while is working
[2026-07-08 17:08:59] buffer is less than 5, real size: 0
[2026-07-08 17:08:59] out while is working
[2026-07-08 17:08:59] buffer is less than 5, real size: 0
[2026-07-08 17:08:59] out while is working
[2026-07-08 17:08:59] buffer is less than 5, real size: 0
[2026-07-08 17:08:59] out while is working
[2026-07-08 17:08:59] buffer is less than 5, real size: 0
[2026-07-08 17:08:59] out while is working
[2026-07-08 17:08:59] buffer is less than 5, real size: 0
[2026-07-08 17:08:59] out while is working
[2026-07-08 17:08:59] buffer is less than 5, real size: 0
[2026-07-08 17:08:59] out while is working
[2026-07-08 17:08:59] buffer is less than 5, real size: 1
[2026-07-08 17:08:59] out while is working
[2026-07-08 17:08:59] data_length 14 iseq 224
[2026-07-08 17:08:59] begin switch_method
[2026-07-08 17:08:59] find command id514
[2026-07-08 17:08:59] data_length 12 iseq 225
[2026-07-08 17:08:59] buffer is less than sof_index + frame_length(21), buffer size: b'\xa5\x0c\x00\xe1\xcf\x03\x02\x00\x00'
[2026-07-08 17:08:59] out while is working
[2026-07-08 17:08:59] data_length 12 iseq 225
[2026-07-08 17:08:59] buffer is less than sof_index + frame_length(21), buffer size: b'\xa5\x0c\x00\xe1\xcf\x03\x02\x00\x00\x00'
[2026-07-08 17:08:59] out while is working
[2026-07-08 17:08:59] data_length 12 iseq 225
[2026-07-08 17:08:59] begin switch_method
[2026-07-08 17:08:59] find command id515
[2026-07-08 17:08:59] data_length 17 iseq 226
[2026-07-08 17:08:59] buffer is less than sof_index + frame_length(26), buffer size: b'\xa5\x11\x00\xe2w\x01\x02\t\x01\xb8"\xb8"d\x00@\x01x\x00\x00'
[2026-07-08 17:08:59] out while is working
[2026-07-08 17:08:59] data_length 17 iseq 226
[2026-07-08 17:08:59] buffer is less than sof_index + frame_length(26), buffer size: b'\xa5\x11\x00\xe2w\x01\x02\t\x01\xb8"\xb8"d\x00@\x01x\x00\x00\x00'
[2026-07-08 17:08:59] out while is working
[2026-07-08 17:08:59] data_length 17 iseq 226
[2026-07-08 17:08:59] begin switch_method
[2026-07-08 17:08:59] find command id513
[2026-07-08 17:08:59] buffer is less than 5, real size: 0
[2026-07-08 17:08:59] out while is working
[2026-07-08 17:08:59] buffer is less than 5, real size: 0
[2026-07-08 17:08:59] out while is working
[2026-07-08 17:08:59] buffer is less than 5, real size: 0
[2026-07-08 17:08:59] out while is working
[2026-07-08 17:08:59] buffer is less than 5, real size: 0
[2026-07-08 17:08:59] out while is working
[2026-07-08 17:08:59] buffer is less than 5, real size: 0
[2026-07-08 17:08:59] out while is working
[2026-07-08 17:08:59] buffer is less than 5, real size: 0
[2026-07-08 17:08:59] out while is working
[2026-07-08 17:08:59] buffer is less than 5, real size: 0
[2026-07-08 17:08:59] out while is working
[2026-07-08 17:08:59] buffer is less than 5, real size: 0
[2026-07-08 17:08:59] out while is working
[2026-07-08 17:08:59] buffer is less than 5, real size: 0
[2026-07-08 17:08:59] out while is working
[2026-07-08 17:08:59] buffer is less than 5, real size: 0
[2026-07-08 17:08:59] out while is working
[2026-07-08 17:08:59] buffer is less than 5, real size: 1
[2026-07-08 17:08:59] out while is working
[2026-07-08 17:08:59] data_length 14 iseq 227
[2026-07-08 17:08:59] begin switch_method
[2026-07-08 17:08:59] find command id514
[2026-07-08 17:08:59] data_length 17 iseq 228
[2026-07-08 17:08:59] buffer is less than sof_index + frame_length(26), buffer size: b'\xa5\x11\x00\xe4\xaa\x01\x02\t\x01'
[2026-07-08 17:08:59] out while is working
[2026-07-08 17:08:59] data_length 17 iseq 228
[2026-07-08 17:08:59] buffer is less than sof_index + frame_length(26), buffer size: b'\xa5\x11\x00\xe4\xaa\x01\x02\t\x01\xb8'
[2026-07-08 17:08:59] out while is working
[2026-07-08 17:08:59] data_length 17 iseq 228
[2026-07-08 17:08:59] begin switch_method
[2026-07-08 17:08:59] find command id513
[2026-07-08 17:08:59] buffer is less than 5, real size: 0
[2026-07-08 17:08:59] out while is working
[2026-07-08 17:08:59] buffer is less than 5, real size: 0
[2026-07-08 17:08:59] out while is working
[2026-07-08 17:08:59] buffer is less than 5, real size: 0
[2026-07-08 17:08:59] out while is working
[2026-07-08 17:08:59] buffer is less than 5, real size: 0
[2026-07-08 17:08:59] out while is working
[2026-07-08 17:08:59] buffer is less than 5, real size: 0
[2026-07-08 17:08:59] out while is working
[2026-07-08 17:08:59] buffer is less than 5, real size: 0
[2026-07-08 17:08:59] out while is working
[2026-07-08 17:08:59] buffer is less than 5, real size: 0
[2026-07-08 17:08:59] out while is working
[2026-07-08 17:08:59] buffer is less than 5, real size: 1
[2026-07-08 17:08:59] out while is working
[2026-07-08 17:08:59] data_length 5 iseq 229
[2026-07-08 17:08:59] begin switch_method
[2026-07-08 17:08:59] find command id521
[2026-07-08 17:08:59] buffer is less than 5, real size: 0
[2026-07-08 17:08:59] out while is working
[2026-07-08 17:08:59] buffer is less than 5, real size: 0
[2026-07-08 17:08:59] out while is working
[2026-07-08 17:08:59] buffer is less than 5, real size: 0
[2026-07-08 17:08:59] out while is working
[2026-07-08 17:08:59] buffer is less than 5, real size: 1
[2026-07-08 17:08:59] out while is working
[2026-07-08 17:08:59] data_length 14 iseq 230
[2026-07-08 17:08:59] begin switch_method
[2026-07-08 17:08:59] find command id514
[2026-07-08 17:08:59] data_length 17 iseq 231
[2026-07-08 17:08:59] buffer is less than sof_index + frame_length(26), buffer size: b'\xa5\x11\x00\xe7H\x01\x02\t\x01'
[2026-07-08 17:08:59] out while is working
[2026-07-08 17:08:59] data_length 17 iseq 231
[2026-07-08 17:08:59] buffer is less than sof_index + frame_length(26), buffer size: b'\xa5\x11\x00\xe7H\x01\x02\t\x01\xb8'
[2026-07-08 17:08:59] out while is working
[2026-07-08 17:08:59] data_length 17 iseq 231
[2026-07-08 17:08:59] begin switch_method
[2026-07-08 17:08:59] find command id513
[2026-07-08 17:08:59] buffer is less than 5, real size: 0
[2026-07-08 17:08:59] out while is working
[2026-07-08 17:08:59] buffer is less than 5, real size: 0
[2026-07-08 17:08:59] out while is working
[2026-07-08 17:08:59] buffer is less than 5, real size: 0
[2026-07-08 17:08:59] out while is working
[2026-07-08 17:08:59] buffer is less than 5, real size: 0
[2026-07-08 17:08:59] out while is working
[2026-07-08 17:08:59] buffer is less than 5, real size: 0
[2026-07-08 17:08:59] out while is working
[2026-07-08 17:08:59] buffer is less than 5, real size: 0
[2026-07-08 17:08:59] out while is working
[2026-07-08 17:08:59] buffer is less than 5, real size: 0
[2026-07-08 17:08:59] out while is working
[2026-07-08 17:08:59] buffer is less than 5, real size: 0
[2026-07-08 17:08:59] out while is working
[2026-07-08 17:08:59] buffer is less than 5, real size: 0
[2026-07-08 17:08:59] out while is working
[2026-07-08 17:08:59] buffer is less than 5, real size: 0
[2026-07-08 17:08:59] out while is working
[2026-07-08 17:08:59] buffer is less than 5, real size: 1
[2026-07-08 17:08:59] out while is working
[2026-07-08 17:08:59] data_length 14 iseq 232
[2026-07-08 17:08:59] begin switch_method
[2026-07-08 17:08:59] find command id514
[2026-07-08 17:08:59] data_length 17 iseq 233
[2026-07-08 17:08:59] buffer is less than sof_index + frame_length(26), buffer size: b'\xa5\x11\x00\xe9W\x01\x02\t\x01'
[2026-07-08 17:08:59] out while is working
[2026-07-08 17:08:59] data_length 17 iseq 233
[2026-07-08 17:08:59] buffer is less than sof_index + frame_length(26), buffer size: b'\xa5\x11\x00\xe9W\x01\x02\t\x01\xb8'
[2026-07-08 17:08:59] out while is working
[2026-07-08 17:08:59] data_length 17 iseq 233
[2026-07-08 17:08:59] begin switch_method
[2026-07-08 17:08:59] find command id513
[2026-07-08 17:08:59] buffer is less than 5, real size: 0
[2026-07-08 17:08:59] out while is working
[2026-07-08 17:08:59] buffer is less than 5, real size: 0
[2026-07-08 17:08:59] out while is working
[2026-07-08 17:08:59] buffer is less than 5, real size: 0
[2026-07-08 17:08:59] out while is working
[2026-07-08 17:08:59] buffer is less than 5, real size: 0
[2026-07-08 17:08:59] out while is working
[2026-07-08 17:08:59] buffer is less than 5, real size: 0
[2026-07-08 17:08:59] out while is working
[2026-07-08 17:08:59] buffer is less than 5, real size: 0
[2026-07-08 17:08:59] out while is working
[2026-07-08 17:08:59] buffer is less than 5, real size: 0
[2026-07-08 17:08:59] out while is working
[2026-07-08 17:08:59] buffer is less than 5, real size: 0
[2026-07-08 17:08:59] out while is working
[2026-07-08 17:08:59] buffer is less than 5, real size: 1
[2026-07-08 17:08:59] out while is working
[2026-07-08 17:08:59] data_length 2 iseq 234
[2026-07-08 17:08:59] begin switch_method
[2026-07-08 17:08:59] find command id524
[2026-07-08 17:08:59] Mark process: [0, 0, 0, 0, 0, 0] (raw bits: 0000000000000000)
[2026-07-08 17:08:59] data_length 4 iseq 235
[2026-07-08 17:08:59] begin switch_method
[2026-07-08 17:08:59] find command id257
[2026-07-08 17:08:59] data_length 11 iseq 236
[2026-07-08 17:08:59] buffer is less than sof_index + frame_length(20), buffer size: b'\xa5\x0b\x00\xecH\x01\x00\x01'
[2026-07-08 17:08:59] out while is working
[2026-07-08 17:08:59] data_length 11 iseq 236
[2026-07-08 17:08:59] buffer is less than sof_index + frame_length(20), buffer size: b'\xa5\x0b\x00\xecH\x01\x00\x01\x00'
[2026-07-08 17:08:59] out while is working
[2026-07-08 17:08:59] data_length 11 iseq 236
[2026-07-08 17:08:59] begin switch_method
[2026-07-08 17:08:59] find command id1
[2026-07-08 17:08:59] data_length 3 iseq 237
[2026-07-08 17:08:59] begin switch_method
[2026-07-08 17:08:59] find command id261
[2026-07-08 17:08:59] Dart target: 0
[2026-07-08 17:08:59] data_length 1 iseq 238
[2026-07-08 17:08:59] buffer is less than sof_index + frame_length(10), buffer size: b'\xa5\x01\x00\xee\x9e\x0e\x02('
[2026-07-08 17:08:59] out while is working
[2026-07-08 17:08:59] data_length 1 iseq 238
[2026-07-08 17:08:59] buffer is less than sof_index + frame_length(10), buffer size: b'\xa5\x01\x00\xee\x9e\x0e\x02(\x18'
[2026-07-08 17:08:59] out while is working
[2026-07-08 17:08:59] data_length 1 iseq 238
[2026-07-08 17:08:59] begin switch_method
[2026-07-08 17:08:59] find command id526
[2026-07-08 17:08:59] Double effect chance: 0, is double effect active: 0
[2026-07-08 17:08:59] Interference level: 1, is key updated: 1
[2026-07-08 17:08:59] buffer is less than 5, real size: 0
[2026-07-08 17:08:59] out while is working
[2026-07-08 17:08:59] buffer is less than 5, real size: 0
[2026-07-08 17:08:59] out while is working
[2026-07-08 17:08:59] buffer is less than 5, real size: 1
[2026-07-08 17:08:59] out while is working
[2026-07-08 17:08:59] data_length 14 iseq 239
[2026-07-08 17:08:59] begin switch_method
[2026-07-08 17:08:59] find command id514
[2026-07-08 17:08:59] data_length 17 iseq 240
[2026-07-08 17:08:59] buffer is less than sof_index + frame_length(26), buffer size: b'\xa5\x11\x00\xf0V\x01\x02\t\x01'
[2026-07-08 17:08:59] out while is working
[2026-07-08 17:08:59] data_length 17 iseq 240
[2026-07-08 17:08:59] buffer is less than sof_index + frame_length(26), buffer size: b'\xa5\x11\x00\xf0V\x01\x02\t\x01\xb8'
[2026-07-08 17:08:59] out while is working
[2026-07-08 17:08:59] data_length 17 iseq 240
[2026-07-08 17:08:59] begin switch_method
[2026-07-08 17:08:59] find command id513
[2026-07-08 17:08:59] buffer is less than 5, real size: 0
[2026-07-08 17:08:59] out while is working
[2026-07-08 17:08:59] buffer is less than 5, real size: 0
[2026-07-08 17:08:59] out while is working
[2026-07-08 17:08:59] buffer is less than 5, real size: 0
[2026-07-08 17:08:59] out while is working
[2026-07-08 17:08:59] buffer is less than 5, real size: 0
[2026-07-08 17:08:59] out while is working
[2026-07-08 17:08:59] buffer is less than 5, real size: 0
[2026-07-08 17:08:59] out while is working
[2026-07-08 17:08:59] buffer is less than 5, real size: 0
[2026-07-08 17:08:59] out while is working
[2026-07-08 17:08:59] buffer is less than 5, real size: 1
[2026-07-08 17:08:59] out while is working
[2026-07-08 17:08:59] data_length 5 iseq 241
[2026-07-08 17:08:59] begin switch_method
[2026-07-08 17:08:59] find command id521
[2026-07-08 17:08:59] buffer is less than 5, real size: 0
[2026-07-08 17:08:59] out while is working
[2026-07-08 17:08:59] buffer is less than 5, real size: 0
[2026-07-08 17:08:59] out while is working
[2026-07-08 17:08:59] buffer is less than 5, real size: 0
[2026-07-08 17:08:59] out while is working
[2026-07-08 17:08:59] buffer is less than 5, real size: 0
[2026-07-08 17:08:59] out while is working
[2026-07-08 17:08:59] buffer is less than 5, real size: 1
[2026-07-08 17:08:59] out while is working
[2026-07-08 17:08:59] data_length 14 iseq 242
[2026-07-08 17:08:59] begin switch_method
[2026-07-08 17:08:59] find command id514
[2026-07-08 17:08:59] data_length 17 iseq 243
[2026-07-08 17:08:59] buffer is less than sof_index + frame_length(26), buffer size: b'\xa5\x11\x00\xf3\xb4\x01\x02\t\x01'
[2026-07-08 17:08:59] out while is working
[2026-07-08 17:08:59] data_length 17 iseq 243
[2026-07-08 17:08:59] buffer is less than sof_index + frame_length(26), buffer size: b'\xa5\x11\x00\xf3\xb4\x01\x02\t\x01\xb8'
[2026-07-08 17:08:59] out while is working
[2026-07-08 17:08:59] data_length 17 iseq 243
[2026-07-08 17:08:59] begin switch_method
[2026-07-08 17:08:59] find command id513
[2026-07-08 17:08:59] buffer is less than 5, real size: 0
[2026-07-08 17:08:59] out while is working
[2026-07-08 17:08:59] buffer is less than 5, real size: 0
[2026-07-08 17:08:59] out while is working
[2026-07-08 17:08:59] buffer is less than 5, real size: 0
[2026-07-08 17:08:59] out while is working
[2026-07-08 17:08:59] buffer is less than 5, real size: 0
[2026-07-08 17:08:59] out while is working
[2026-07-08 17:08:59] buffer is less than 5, real size: 0
[2026-07-08 17:08:59] out while is working
[2026-07-08 17:08:59] buffer is less than 5, real size: 0
[2026-07-08 17:08:59] out while is working
[2026-07-08 17:08:59] buffer is less than 5, real size: 0
[2026-07-08 17:08:59] out while is working
[2026-07-08 17:08:59] buffer is less than 5, real size: 0
[2026-07-08 17:08:59] out while is working
[2026-07-08 17:08:59] buffer is less than 5, real size: 0
[2026-07-08 17:08:59] out while is working
[2026-07-08 17:08:59] buffer is less than 5, real size: 0
[2026-07-08 17:08:59] out while is working
[2026-07-08 17:08:59] buffer is less than 5, real size: 1
[2026-07-08 17:08:59] out while is working
[2026-07-08 17:08:59] data_length 14 iseq 244
[2026-07-08 17:08:59] begin switch_method
[2026-07-08 17:08:59] find command id514
[2026-07-08 17:08:59] data_length 17 iseq 245
[2026-07-08 17:08:59] buffer is less than sof_index + frame_length(26), buffer size: b'\xa5\x11\x00\xf5i\x01\x02\t\x01'
[2026-07-08 17:08:59] out while is working
[2026-07-08 17:08:59] data_length 17 iseq 245
[2026-07-08 17:08:59] buffer is less than sof_index + frame_length(26), buffer size: b'\xa5\x11\x00\xf5i\x01\x02\t\x01\xb8'
[2026-07-08 17:08:59] out while is working
[2026-07-08 17:08:59] data_length 17 iseq 245
[2026-07-08 17:08:59] begin switch_method
[2026-07-08 17:08:59] find command id513
[2026-07-08 17:08:59] buffer is less than 5, real size: 0
[2026-07-08 17:08:59] out while is working
[2026-07-08 17:09:00] buffer is less than 5, real size: 0
[2026-07-08 17:09:00] out while is working
[2026-07-08 17:09:00] buffer is less than 5, real size: 0
[2026-07-08 17:09:00] out while is working
[2026-07-08 17:09:00] buffer is less than 5, real size: 0
[2026-07-08 17:09:00] out while is working
[2026-07-08 17:09:00] buffer is less than 5, real size: 0
[2026-07-08 17:09:00] out while is working
[2026-07-08 17:09:00] buffer is less than 5, real size: 0
[2026-07-08 17:09:00] out while is working
[2026-07-08 17:09:00] buffer is less than 5, real size: 0
[2026-07-08 17:09:00] out while is working
[2026-07-08 17:09:00] buffer is less than 5, real size: 0
[2026-07-08 17:09:00] out while is working
[2026-07-08 17:09:00] buffer is less than 5, real size: 0
[2026-07-08 17:09:00] out while is working
[2026-07-08 17:09:00] buffer is less than 5, real size: 0
[2026-07-08 17:09:00] out while is working
[2026-07-08 17:09:00] buffer is less than 5, real size: 0
[2026-07-08 17:09:00] out while is working
[2026-07-08 17:09:00] buffer is less than 5, real size: 1
[2026-07-08 17:09:00] out while is working
[2026-07-08 17:09:00] data_length 14 iseq 246
[2026-07-08 17:09:00] begin switch_method
[2026-07-08 17:09:00] find command id514
[2026-07-08 17:09:00] data_length 17 iseq 247
[2026-07-08 17:09:00] buffer is less than sof_index + frame_length(26), buffer size: b'\xa5\x11\x00\xf7\xd5\x01\x02\t\x01'
[2026-07-08 17:09:00] out while is working
[2026-07-08 17:09:00] data_length 17 iseq 247
[2026-07-08 17:09:00] buffer is less than sof_index + frame_length(26), buffer size: b'\xa5\x11\x00\xf7\xd5\x01\x02\t\x01\xb8'
[2026-07-08 17:09:00] out while is working
[2026-07-08 17:09:00] data_length 17 iseq 247
[2026-07-08 17:09:00] begin switch_method
[2026-07-08 17:09:00] find command id513
[2026-07-08 17:09:00] buffer is less than 5, real size: 0
[2026-07-08 17:09:00] out while is working
[2026-07-08 17:09:00] buffer is less than 5, real size: 0
[2026-07-08 17:09:00] out while is working
[2026-07-08 17:09:00] buffer is less than 5, real size: 0
[2026-07-08 17:09:00] out while is working
[2026-07-08 17:09:00] buffer is less than 5, real size: 0
[2026-07-08 17:09:00] out while is working
[2026-07-08 17:09:00] buffer is less than 5, real size: 0
[2026-07-08 17:09:00] out while is working
[2026-07-08 17:09:00] buffer is less than 5, real size: 0
[2026-07-08 17:09:00] out while is working
[2026-07-08 17:09:00] buffer is less than 5, real size: 0
[2026-07-08 17:09:00] out while is working
[2026-07-08 17:09:00] buffer is less than 5, real size: 1
[2026-07-08 17:09:00] out while is working
[2026-07-08 17:09:00] data_length 5 iseq 248
[2026-07-08 17:09:00] begin switch_method
[2026-07-08 17:09:00] find command id521
[2026-07-08 17:09:00] buffer is less than 5, real size: 0
[2026-07-08 17:09:00] out while is working
[2026-07-08 17:09:00] buffer is less than 5, real size: 0
[2026-07-08 17:09:00] out while is working
[2026-07-08 17:09:00] buffer is less than 5, real size: 0
[2026-07-08 17:09:00] out while is working
[2026-07-08 17:09:00] buffer is less than 5, real size: 1
[2026-07-08 17:09:00] out while is working
[2026-07-08 17:09:00] data_length 14 iseq 249
[2026-07-08 17:09:00] begin switch_method
[2026-07-08 17:09:00] find command id514
[2026-07-08 17:09:00] data_length 17 iseq 250
[2026-07-08 17:09:00] buffer is less than sof_index + frame_length(26), buffer size: b'\xa5\x11\x00\xfa(\x01\x02\t\x01'
[2026-07-08 17:09:00] out while is working
[2026-07-08 17:09:00] data_length 17 iseq 250
[2026-07-08 17:09:00] buffer is less than sof_index + frame_length(26), buffer size: b'\xa5\x11\x00\xfa(\x01\x02\t\x01\xb8'
[2026-07-08 17:09:00] out while is working
[2026-07-08 17:09:00] data_length 17 iseq 250
[2026-07-08 17:09:00] begin switch_method
[2026-07-08 17:09:00] find command id513
[2026-07-08 17:09:00] buffer is less than 5, real size: 0
[2026-07-08 17:09:00] out while is working
[2026-07-08 17:09:00] buffer is less than 5, real size: 0
[2026-07-08 17:09:00] out while is working
[2026-07-08 17:09:00] buffer is less than 5, real size: 0
[2026-07-08 17:09:00] out while is working
[2026-07-08 17:09:00] buffer is less than 5, real size: 0
[2026-07-08 17:09:00] out while is working
[2026-07-08 17:09:00] buffer is less than 5, real size: 0
[2026-07-08 17:09:00] out while is working
[2026-07-08 17:09:00] buffer is less than 5, real size: 0
[2026-07-08 17:09:00] out while is working
[2026-07-08 17:09:00] buffer is less than 5, real size: 0
[2026-07-08 17:09:00] out while is working
[2026-07-08 17:09:00] buffer is less than 5, real size: 0
[2026-07-08 17:09:00] out while is working
[2026-07-08 17:09:00] buffer is less than 5, real size: 0
[2026-07-08 17:09:00] out while is working
[2026-07-08 17:09:00] buffer is less than 5, real size: 0
[2026-07-08 17:09:00] out while is working
[2026-07-08 17:09:00] buffer is less than 5, real size: 1
[2026-07-08 17:09:00] out while is working
[2026-07-08 17:09:00] data_length 14 iseq 251
[2026-07-08 17:09:00] begin switch_method
[2026-07-08 17:09:00] find command id514
[2026-07-08 17:09:00] data_length 17 iseq 252
[2026-07-08 17:09:00] buffer is less than sof_index + frame_length(26), buffer size: b'\xa5\x11\x00\xfc\xf5\x01\x02\t\x01'
[2026-07-08 17:09:00] out while is working
[2026-07-08 17:09:00] data_length 17 iseq 252
[2026-07-08 17:09:00] buffer is less than sof_index + frame_length(26), buffer size: b'\xa5\x11\x00\xfc\xf5\x01\x02\t\x01\xb8'
[2026-07-08 17:09:00] out while is working
[2026-07-08 17:09:00] data_length 17 iseq 252
[2026-07-08 17:09:00] begin switch_method
[2026-07-08 17:09:00] find command id513
[2026-07-08 17:09:00] buffer is less than 5, real size: 0
[2026-07-08 17:09:00] out while is working
[2026-07-08 17:09:00] buffer is less than 5, real size: 0
[2026-07-08 17:09:00] out while is working
[2026-07-08 17:09:00] buffer is less than 5, real size: 0
[2026-07-08 17:09:00] out while is working
[2026-07-08 17:09:00] buffer is less than 5, real size: 0
[2026-07-08 17:09:00] out while is working
[2026-07-08 17:09:00] buffer is less than 5, real size: 0
[2026-07-08 17:09:00] out while is working
[2026-07-08 17:09:00] buffer is less than 5, real size: 0
[2026-07-08 17:09:00] out while is working
[2026-07-08 17:09:00] buffer is less than 5, real size: 0
[2026-07-08 17:09:00] out while is working
[2026-07-08 17:09:00] buffer is less than 5, real size: 0
[2026-07-08 17:09:00] out while is working
[2026-07-08 17:09:00] buffer is less than 5, real size: 0
[2026-07-08 17:09:00] out while is working
[2026-07-08 17:09:00] buffer is less than 5, real size: 0
[2026-07-08 17:09:00] out while is working
[2026-07-08 17:09:00] buffer is less than 5, real size: 1
[2026-07-08 17:09:00] out while is working
[2026-07-08 17:09:00] data_length 14 iseq 253
[2026-07-08 17:09:00] begin switch_method
[2026-07-08 17:09:00] find command id514
[2026-07-08 17:09:00] data_length 12 iseq 254
[2026-07-08 17:09:00] buffer is less than sof_index + frame_length(21), buffer size: b'\xa5\x0c\x00\xfe\x13\x03\x02\x00\x00'
[2026-07-08 17:09:00] out while is working
[2026-07-08 17:09:00] data_length 12 iseq 254
[2026-07-08 17:09:00] buffer is less than sof_index + frame_length(21), buffer size: b'\xa5\x0c\x00\xfe\x13\x03\x02\x00\x00\x00'
[2026-07-08 17:09:00] out while is working
[2026-07-08 17:09:00] data_length 12 iseq 254
[2026-07-08 17:09:00] begin switch_method
[2026-07-08 17:09:00] find command id515
[2026-07-08 17:09:00] data_length 17 iseq 255
[2026-07-08 17:09:00] buffer is less than sof_index + frame_length(26), buffer size: b'\xa5\x11\x00\xff\x17\x01\x02\t\x01\xb8"\xb8"d\x00@\x01x\x00\x00'
[2026-07-08 17:09:00] out while is working
[2026-07-08 17:09:00] data_length 17 iseq 255
[2026-07-08 17:09:00] buffer is less than sof_index + frame_length(26), buffer size: b'\xa5\x11\x00\xff\x17\x01\x02\t\x01\xb8"\xb8"d\x00@\x01x\x00\x00\x00'
[2026-07-08 17:09:00] out while is working
[2026-07-08 17:09:00] data_length 17 iseq 255
[2026-07-08 17:09:00] begin switch_method
[2026-07-08 17:09:00] find command id513
[2026-07-08 17:09:00] buffer is less than 5, real size: 0
[2026-07-08 17:09:00] out while is working
[2026-07-08 17:09:00] buffer is less than 5, real size: 0
[2026-07-08 17:09:00] out while is working
[2026-07-08 17:09:00] buffer is less than 5, real size: 0
[2026-07-08 17:09:00] out while is working
[2026-07-08 17:09:00] buffer is less than 5, real size: 1
[2026-07-08 17:09:00] out while is working
[2026-07-08 17:09:00] data_length 5 iseq 0
[2026-07-08 17:09:00] begin switch_method
[2026-07-08 17:09:00] find command id521
[2026-07-08 17:09:00] buffer is less than 5, real size: 0
[2026-07-08 17:09:00] out while is working
[2026-07-08 17:09:00] buffer is less than 5, real size: 0
[2026-07-08 17:09:00] out while is working
[2026-07-08 17:09:00] buffer is less than 5, real size: 0
[2026-07-08 17:09:00] out while is working
[2026-07-08 17:09:00] buffer is less than 5, real size: 0
[2026-07-08 17:09:00] out while is working
[2026-07-08 17:09:00] buffer is less than 5, real size: 0
[2026-07-08 17:09:00] out while is working
[2026-07-08 17:09:00] buffer is less than 5, real size: 0
[2026-07-08 17:09:00] out while is working
[2026-07-08 17:09:00] buffer is less than 5, real size: 0
[2026-07-08 17:09:00] out while is working
[2026-07-08 17:09:00] buffer is less than 5, real size: 1
[2026-07-08 17:09:00] out while is working
[2026-07-08 17:09:00] data_length 14 iseq 1
[2026-07-08 17:09:00] begin switch_method
[2026-07-08 17:09:00] find command id514
[2026-07-08 17:09:00] data_length 17 iseq 2
[2026-07-08 17:09:00] buffer is less than sof_index + frame_length(26), buffer size: b'\xa5\x11\x00\x02\x9e\x01\x02\t\x01'
[2026-07-08 17:09:00] out while is working
[2026-07-08 17:09:00] data_length 17 iseq 2
[2026-07-08 17:09:00] buffer is less than sof_index + frame_length(26), buffer size: b'\xa5\x11\x00\x02\x9e\x01\x02\t\x01\xb8'
[2026-07-08 17:09:00] out while is working
[2026-07-08 17:09:00] data_length 17 iseq 2
[2026-07-08 17:09:00] begin switch_method
[2026-07-08 17:09:00] find command id513
[2026-07-08 17:09:00] buffer is less than 5, real size: 0
[2026-07-08 17:09:00] out while is working
[2026-07-08 17:09:00] buffer is less than 5, real size: 0
[2026-07-08 17:09:00] out while is working
[2026-07-08 17:09:00] buffer is less than 5, real size: 0
[2026-07-08 17:09:00] out while is working
[2026-07-08 17:09:00] buffer is less than 5, real size: 0
[2026-07-08 17:09:00] out while is working
[2026-07-08 17:09:00] buffer is less than 5, real size: 0
[2026-07-08 17:09:00] out while is working
[2026-07-08 17:09:00] buffer is less than 5, real size: 0
[2026-07-08 17:09:00] out while is working
[2026-07-08 17:09:00] buffer is less than 5, real size: 0
[2026-07-08 17:09:00] out while is working
[2026-07-08 17:09:00] buffer is less than 5, real size: 0
[2026-07-08 17:09:00] out while is working
[2026-07-08 17:09:00] buffer is less than 5, real size: 0
[2026-07-08 17:09:00] out while is working
[2026-07-08 17:09:00] buffer is less than 5, real size: 0
[2026-07-08 17:09:00] out while is working
[2026-07-08 17:09:00] buffer is less than 5, real size: 1
[2026-07-08 17:09:00] out while is working
[2026-07-08 17:09:00] data_length 14 iseq 3
[2026-07-08 17:09:00] begin switch_method
[2026-07-08 17:09:00] find command id514
[2026-07-08 17:09:00] data_length 17 iseq 4
[2026-07-08 17:09:00] buffer is less than sof_index + frame_length(26), buffer size: b'\xa5\x11\x00\x04C\x01\x02\t\x01'
[2026-07-08 17:09:00] out while is working
[2026-07-08 17:09:00] data_length 17 iseq 4
[2026-07-08 17:09:00] buffer is less than sof_index + frame_length(26), buffer size: b'\xa5\x11\x00\x04C\x01\x02\t\x01\xb8'
[2026-07-08 17:09:00] out while is working
[2026-07-08 17:09:00] data_length 17 iseq 4
[2026-07-08 17:09:00] begin switch_method
[2026-07-08 17:09:00] find command id513
[2026-07-08 17:09:00] buffer is less than 5, real size: 0
[2026-07-08 17:09:00] out while is working
[2026-07-08 17:09:00] buffer is less than 5, real size: 0
[2026-07-08 17:09:00] out while is working
[2026-07-08 17:09:00] buffer is less than 5, real size: 0
[2026-07-08 17:09:00] out while is working
[2026-07-08 17:09:00] buffer is less than 5, real size: 0
[2026-07-08 17:09:00] out while is working
[2026-07-08 17:09:00] buffer is less than 5, real size: 0
[2026-07-08 17:09:00] out while is working
[2026-07-08 17:09:00] buffer is less than 5, real size: 0
[2026-07-08 17:09:00] out while is working
[2026-07-08 17:09:00] buffer is less than 5, real size: 0
[2026-07-08 17:09:00] out while is working
[2026-07-08 17:09:00] buffer is less than 5, real size: 0
[2026-07-08 17:09:00] out while is working
[2026-07-08 17:09:00] buffer is less than 5, real size: 0
[2026-07-08 17:09:00] out while is working
[2026-07-08 17:09:00] buffer is less than 5, real size: 0
[2026-07-08 17:09:00] out while is working
[2026-07-08 17:09:00] buffer is less than 5, real size: 1
[2026-07-08 17:09:00] out while is working
[2026-07-08 17:09:00] data_length 14 iseq 5
[2026-07-08 17:09:00] begin switch_method
[2026-07-08 17:09:00] find command id514
[2026-07-08 17:09:00] data_length 17 iseq 6
[2026-07-08 17:09:00] buffer is less than sof_index + frame_length(26), buffer size: b'\xa5\x11\x00\x06\xff\x01\x02\t\x01'
[2026-07-08 17:09:00] out while is working
[2026-07-08 17:09:00] data_length 17 iseq 6
[2026-07-08 17:09:00] buffer is less than sof_index + frame_length(26), buffer size: b'\xa5\x11\x00\x06\xff\x01\x02\t\x01\xb8'
[2026-07-08 17:09:00] out while is working
[2026-07-08 17:09:00] data_length 17 iseq 6
[2026-07-08 17:09:00] begin switch_method
[2026-07-08 17:09:00] find command id513
[2026-07-08 17:09:00] buffer is less than 5, real size: 0
[2026-07-08 17:09:00] out while is working
[2026-07-08 17:09:00] buffer is less than 5, real size: 0
[2026-07-08 17:09:00] out while is working
[2026-07-08 17:09:00] buffer is less than 5, real size: 0
[2026-07-08 17:09:00] out while is working
[2026-07-08 17:09:00] buffer is less than 5, real size: 0
[2026-07-08 17:09:00] out while is working
[2026-07-08 17:09:00] buffer is less than 5, real size: 1
[2026-07-08 17:09:00] out while is working
[2026-07-08 17:09:00] data_length 2 iseq 7
[2026-07-08 17:09:00] begin switch_method
[2026-07-08 17:09:00] find command id524
[2026-07-08 17:09:00] Mark process: [0, 0, 0, 0, 0, 0] (raw bits: 0000000000000000)
[2026-07-08 17:09:00] data_length 4 iseq 8
[2026-07-08 17:09:00] begin switch_method
[2026-07-08 17:09:00] find command id257
[2026-07-08 17:09:00] buffer is less than 5, real size: 0
[2026-07-08 17:09:00] out while is working
[2026-07-08 17:09:00] buffer is less than 5, real size: 1
[2026-07-08 17:09:00] out while is working
[2026-07-08 17:09:00] data_length 11 iseq 9
[2026-07-08 17:09:00] begin switch_method
[2026-07-08 17:09:00] find command id1
[2026-07-08 17:09:00] data_length 3 iseq 10
[2026-07-08 17:09:00] begin switch_method
[2026-07-08 17:09:00] find command id261
[2026-07-08 17:09:00] Dart target: 0
[2026-07-08 17:09:00] buffer is less than 5, real size: 0
[2026-07-08 17:09:00] out while is working
[2026-07-08 17:09:00] buffer is less than 5, real size: 1
[2026-07-08 17:09:00] out while is working
[2026-07-08 17:09:00] data_length 1 iseq 11
[2026-07-08 17:09:00] begin switch_method
[2026-07-08 17:09:00] find command id526
[2026-07-08 17:09:00] Double effect chance: 0, is double effect active: 0
[2026-07-08 17:09:00] Interference level: 1, is key updated: 1
[2026-07-08 17:09:00] data_length 5 iseq 12
[2026-07-08 17:09:00] begin switch_method
[2026-07-08 17:09:00] find command id521
[2026-07-08 17:09:00] buffer is less than 5, real size: 0
[2026-07-08 17:09:00] out while is working
[2026-07-08 17:09:00] buffer is less than 5, real size: 0
[2026-07-08 17:09:00] out while is working
[2026-07-08 17:09:00] buffer is less than 5, real size: 0
[2026-07-08 17:09:00] out while is working
[2026-07-08 17:09:00] buffer is less than 5, real size: 0
[2026-07-08 17:09:00] out while is working
[2026-07-08 17:09:00] buffer is less than 5, real size: 0
[2026-07-08 17:09:00] out while is working
[2026-07-08 17:09:00] buffer is less than 5, real size: 1
[2026-07-08 17:09:00] out while is working
[2026-07-08 17:09:00] data_length 14 iseq 13
[2026-07-08 17:09:00] begin switch_method
[2026-07-08 17:09:00] find command id514
[2026-07-08 17:09:00] data_length 17 iseq 14
[2026-07-08 17:09:00] buffer is less than sof_index + frame_length(26), buffer size: b'\xa5\x11\x00\x0e=\x01\x02\t\x01'
[2026-07-08 17:09:00] out while is working
[2026-07-08 17:09:00] data_length 17 iseq 14
[2026-07-08 17:09:00] buffer is less than sof_index + frame_length(26), buffer size: b'\xa5\x11\x00\x0e=\x01\x02\t\x01\xb8'
[2026-07-08 17:09:00] out while is working
[2026-07-08 17:09:00] data_length 17 iseq 14
[2026-07-08 17:09:00] begin switch_method
[2026-07-08 17:09:00] find command id513
[2026-07-08 17:09:00] buffer is less than 5, real size: 0
[2026-07-08 17:09:00] out while is working
[2026-07-08 17:09:00] buffer is less than 5, real size: 0
[2026-07-08 17:09:00] out while is working
[2026-07-08 17:09:00] buffer is less than 5, real size: 0
[2026-07-08 17:09:00] out while is working
[2026-07-08 17:09:00] buffer is less than 5, real size: 0
[2026-07-08 17:09:00] out while is working
[2026-07-08 17:09:00] buffer is less than 5, real size: 0
[2026-07-08 17:09:00] out while is working
[2026-07-08 17:09:00] buffer is less than 5, real size: 0
[2026-07-08 17:09:00] out while is working
[2026-07-08 17:09:00] buffer is less than 5, real size: 0
[2026-07-08 17:09:00] out while is working
[2026-07-08 17:09:00] buffer is less than 5, real size: 0
[2026-07-08 17:09:00] out while is working
[2026-07-08 17:09:00] buffer is less than 5, real size: 0
[2026-07-08 17:09:00] out while is working
[2026-07-08 17:09:00] buffer is less than 5, real size: 0
[2026-07-08 17:09:00] out while is working
[2026-07-08 17:09:00] buffer is less than 5, real size: 1
[2026-07-08 17:09:00] out while is working
[2026-07-08 17:09:00] data_length 14 iseq 15
[2026-07-08 17:09:00] begin switch_method
[2026-07-08 17:09:00] find command id514
[2026-07-08 17:09:00] data_length 17 iseq 16
[2026-07-08 17:09:00] buffer is less than sof_index + frame_length(26), buffer size: b'\xa5\x11\x00\x10\xbf\x01\x02\t\x01'
[2026-07-08 17:09:00] out while is working
[2026-07-08 17:09:00] data_length 17 iseq 16
[2026-07-08 17:09:00] buffer is less than sof_index + frame_length(26), buffer size: b'\xa5\x11\x00\x10\xbf\x01\x02\t\x01\xb8'
[2026-07-08 17:09:00] out while is working
[2026-07-08 17:09:00] data_length 17 iseq 16
[2026-07-08 17:09:00] begin switch_method
[2026-07-08 17:09:00] find command id513
[2026-07-08 17:09:00] buffer is less than 5, real size: 0
[2026-07-08 17:09:00] out while is working
[2026-07-08 17:09:00] buffer is less than 5, real size: 0
[2026-07-08 17:09:00] out while is working
[2026-07-08 17:09:00] buffer is less than 5, real size: 0
[2026-07-08 17:09:00] out while is working
[2026-07-08 17:09:00] buffer is less than 5, real size: 0
[2026-07-08 17:09:00] out while is working
[2026-07-08 17:09:00] buffer is less than 5, real size: 0
[2026-07-08 17:09:00] out while is working
[2026-07-08 17:09:00] buffer is less than 5, real size: 0
[2026-07-08 17:09:00] out while is working
[2026-07-08 17:09:00] buffer is less than 5, real size: 0
[2026-07-08 17:09:00] out while is working
[2026-07-08 17:09:00] buffer is less than 5, real size: 0
[2026-07-08 17:09:00] out while is working
[2026-07-08 17:09:01] buffer is less than 5, real size: 0
[2026-07-08 17:09:01] out while is working
[2026-07-08 17:09:01] buffer is less than 5, real size: 0
[2026-07-08 17:09:01] out while is working
[2026-07-08 17:09:01] buffer is less than 5, real size: 1
[2026-07-08 17:09:01] out while is working
[2026-07-08 17:09:01] data_length 14 iseq 17
[2026-07-08 17:09:01] begin switch_method
[2026-07-08 17:09:01] find command id514
[2026-07-08 17:09:01] data_length 17 iseq 18
[2026-07-08 17:09:01] buffer is less than sof_index + frame_length(26), buffer size: b'\xa5\x11\x00\x12\x03\x01\x02\t\x01'
[2026-07-08 17:09:01] out while is working
[2026-07-08 17:09:01] data_length 17 iseq 18
[2026-07-08 17:09:01] buffer is less than sof_index + frame_length(26), buffer size: b'\xa5\x11\x00\x12\x03\x01\x02\t\x01\xb8'
[2026-07-08 17:09:01] out while is working
[2026-07-08 17:09:01] data_length 17 iseq 18
[2026-07-08 17:09:01] begin switch_method
[2026-07-08 17:09:01] find command id513
[2026-07-08 17:09:01] buffer is less than 5, real size: 0
[2026-07-08 17:09:01] out while is working
[2026-07-08 17:09:01] buffer is less than 5, real size: 0
[2026-07-08 17:09:01] out while is working
[2026-07-08 17:09:01] buffer is less than 5, real size: 0
[2026-07-08 17:09:01] out while is working
[2026-07-08 17:09:01] buffer is less than 5, real size: 1
[2026-07-08 17:09:01] out while is working
[2026-07-08 17:09:01] data_length 5 iseq 19
[2026-07-08 17:09:01] begin switch_method
[2026-07-08 17:09:01] find command id521
[2026-07-08 17:09:01] buffer is less than 5, real size: 0
[2026-07-08 17:09:01] out while is working
[2026-07-08 17:09:01] buffer is less than 5, real size: 0
[2026-07-08 17:09:01] out while is working
[2026-07-08 17:09:01] buffer is less than 5, real size: 0
[2026-07-08 17:09:01] out while is working
[2026-07-08 17:09:01] buffer is less than 5, real size: 0
[2026-07-08 17:09:01] out while is working
[2026-07-08 17:09:01] buffer is less than 5, real size: 0
[2026-07-08 17:09:01] out while is working
[2026-07-08 17:09:01] buffer is less than 5, real size: 0
[2026-07-08 17:09:01] out while is working
[2026-07-08 17:09:01] buffer is less than 5, real size: 0
[2026-07-08 17:09:01] out while is working
[2026-07-08 17:09:01] buffer is less than 5, real size: 0
[2026-07-08 17:09:01] out while is working
[2026-07-08 17:09:01] buffer is less than 5, real size: 1
[2026-07-08 17:09:01] out while is working
[2026-07-08 17:09:01] data_length 14 iseq 20
[2026-07-08 17:09:01] begin switch_method
[2026-07-08 17:09:01] find command id514
[2026-07-08 17:09:01] data_length 17 iseq 21
[2026-07-08 17:09:01] buffer is less than sof_index + frame_length(26), buffer size: b'\xa5\x11\x00\x15\x80\x01\x02\t\x01'
[2026-07-08 17:09:01] out while is working
[2026-07-08 17:09:01] data_length 17 iseq 21
[2026-07-08 17:09:01] buffer is less than sof_index + frame_length(26), buffer size: b'\xa5\x11\x00\x15\x80\x01\x02\t\x01\xb8'
[2026-07-08 17:09:01] out while is working
[2026-07-08 17:09:01] data_length 17 iseq 21
[2026-07-08 17:09:01] begin switch_method
[2026-07-08 17:09:01] find command id513
[2026-07-08 17:09:01] buffer is less than 5, real size: 0
[2026-07-08 17:09:01] out while is working
[2026-07-08 17:09:01] buffer is less than 5, real size: 0
[2026-07-08 17:09:01] out while is working
[2026-07-08 17:09:01] buffer is less than 5, real size: 0
[2026-07-08 17:09:01] out while is working
[2026-07-08 17:09:01] buffer is less than 5, real size: 0
[2026-07-08 17:09:01] out while is working
[2026-07-08 17:09:01] buffer is less than 5, real size: 0
[2026-07-08 17:09:01] out while is working
[2026-07-08 17:09:01] buffer is less than 5, real size: 0
[2026-07-08 17:09:01] out while is working
[2026-07-08 17:09:01] buffer is less than 5, real size: 0
[2026-07-08 17:09:01] out while is working
[2026-07-08 17:09:01] buffer is less than 5, real size: 0
[2026-07-08 17:09:01] out while is working
[2026-07-08 17:09:01] buffer is less than 5, real size: 0
[2026-07-08 17:09:01] out while is working
[2026-07-08 17:09:01] buffer is less than 5, real size: 0
[2026-07-08 17:09:01] out while is working
[2026-07-08 17:09:01] buffer is less than 5, real size: 1
[2026-07-08 17:09:01] out while is working
[2026-07-08 17:09:01] data_length 14 iseq 22
[2026-07-08 17:09:01] begin switch_method
[2026-07-08 17:09:01] find command id514
[2026-07-08 17:09:01] data_length 17 iseq 23
[2026-07-08 17:09:01] buffer is less than sof_index + frame_length(26), buffer size: b'\xa5\x11\x00\x17<\x01\x02\t\x01'
[2026-07-08 17:09:01] out while is working
[2026-07-08 17:09:01] data_length 17 iseq 23
[2026-07-08 17:09:01] buffer is less than sof_index + frame_length(26), buffer size: b'\xa5\x11\x00\x17<\x01\x02\t\x01\xb8'
[2026-07-08 17:09:01] out while is working
[2026-07-08 17:09:01] data_length 17 iseq 23
[2026-07-08 17:09:01] begin switch_method
[2026-07-08 17:09:01] find command id513
[2026-07-08 17:09:01] buffer is less than 5, real size: 0
[2026-07-08 17:09:01] out while is working
[2026-07-08 17:09:01] buffer is less than 5, real size: 0
[2026-07-08 17:09:01] out while is working
[2026-07-08 17:09:01] buffer is less than 5, real size: 0
[2026-07-08 17:09:01] out while is working
[2026-07-08 17:09:01] buffer is less than 5, real size: 0
[2026-07-08 17:09:01] out while is working
[2026-07-08 17:09:01] buffer is less than 5, real size: 0
[2026-07-08 17:09:01] out while is working
[2026-07-08 17:09:01] buffer is less than 5, real size: 0
[2026-07-08 17:09:01] out while is working
[2026-07-08 17:09:01] buffer is less than 5, real size: 0
[2026-07-08 17:09:01] out while is working
[2026-07-08 17:09:01] buffer is less than 5, real size: 0
[2026-07-08 17:09:01] out while is working
[2026-07-08 17:09:01] buffer is less than 5, real size: 0
[2026-07-08 17:09:01] out while is working
[2026-07-08 17:09:01] buffer is less than 5, real size: 0
[2026-07-08 17:09:01] out while is working
[2026-07-08 17:09:01] buffer is less than 5, real size: 1
[2026-07-08 17:09:01] out while is working
[2026-07-08 17:09:01] data_length 14 iseq 24
[2026-07-08 17:09:01] begin switch_method
[2026-07-08 17:09:01] find command id514
[2026-07-08 17:09:01] data_length 17 iseq 25
[2026-07-08 17:09:01] buffer is less than sof_index + frame_length(26), buffer size: b'\xa5\x11\x00\x19#\x01\x02\t\x01'
[2026-07-08 17:09:01] out while is working
[2026-07-08 17:09:01] data_length 17 iseq 25
[2026-07-08 17:09:01] buffer is less than sof_index + frame_length(26), buffer size: b'\xa5\x11\x00\x19#\x01\x02\t\x01\xb8'
[2026-07-08 17:09:01] out while is working
[2026-07-08 17:09:01] data_length 17 iseq 25
[2026-07-08 17:09:01] begin switch_method
[2026-07-08 17:09:01] find command id513
[2026-07-08 17:09:01] buffer is less than 5, real size: 0
[2026-07-08 17:09:01] out while is working
[2026-07-08 17:09:01] buffer is less than 5, real size: 0
[2026-07-08 17:09:01] out while is working
[2026-07-08 17:09:01] buffer is less than 5, real size: 0
[2026-07-08 17:09:01] out while is working
[2026-07-08 17:09:01] buffer is less than 5, real size: 1
[2026-07-08 17:09:01] out while is working
[2026-07-08 17:09:01] data_length 5 iseq 26
[2026-07-08 17:09:01] begin switch_method
[2026-07-08 17:09:01] find command id521
[2026-07-08 17:09:01] buffer is less than 5, real size: 0
[2026-07-08 17:09:01] out while is working
[2026-07-08 17:09:01] buffer is less than 5, real size: 0
[2026-07-08 17:09:01] out while is working
[2026-07-08 17:09:01] buffer is less than 5, real size: 0
[2026-07-08 17:09:01] out while is working
[2026-07-08 17:09:01] buffer is less than 5, real size: 0
[2026-07-08 17:09:01] out while is working
[2026-07-08 17:09:01] buffer is less than 5, real size: 0
[2026-07-08 17:09:01] out while is working
[2026-07-08 17:09:01] buffer is less than 5, real size: 0
[2026-07-08 17:09:01] out while is working
[2026-07-08 17:09:01] buffer is less than 5, real size: 0
[2026-07-08 17:09:01] out while is working
[2026-07-08 17:09:01] buffer is less than 5, real size: 0
[2026-07-08 17:09:01] out while is working
[2026-07-08 17:09:01] buffer is less than 5, real size: 1
[2026-07-08 17:09:01] out while is working
[2026-07-08 17:09:01] data_length 14 iseq 27
[2026-07-08 17:09:01] begin switch_method
[2026-07-08 17:09:01] find command id514
[2026-07-08 17:09:01] data_length 12 iseq 28
[2026-07-08 17:09:01] buffer is less than sof_index + frame_length(21), buffer size: b'\xa5\x0c\x00\x1cF\x03\x02\x00\x00'
[2026-07-08 17:09:01] out while is working
[2026-07-08 17:09:01] data_length 12 iseq 28
[2026-07-08 17:09:01] buffer is less than sof_index + frame_length(21), buffer size: b'\xa5\x0c\x00\x1cF\x03\x02\x00\x00\x00'
[2026-07-08 17:09:01] out while is working
[2026-07-08 17:09:01] data_length 12 iseq 28
[2026-07-08 17:09:01] begin switch_method
[2026-07-08 17:09:01] find command id515
[2026-07-08 17:09:01] data_length 17 iseq 29
[2026-07-08 17:09:01] buffer is less than sof_index + frame_length(26), buffer size: b'\xa5\x11\x00\x1dB\x01\x02\t\x01\xb8"\xb8"d\x00@\x01x\x00\x00'
[2026-07-08 17:09:01] out while is working
[2026-07-08 17:09:01] data_length 17 iseq 29
[2026-07-08 17:09:01] buffer is less than sof_index + frame_length(26), buffer size: b'\xa5\x11\x00\x1dB\x01\x02\t\x01\xb8"\xb8"d\x00@\x01x\x00\x00\x00'
[2026-07-08 17:09:01] out while is working
[2026-07-08 17:09:01] data_length 17 iseq 29
[2026-07-08 17:09:01] begin switch_method
[2026-07-08 17:09:01] find command id513
[2026-07-08 17:09:01] buffer is less than 5, real size: 0
[2026-07-08 17:09:01] out while is working
[2026-07-08 17:09:01] buffer is less than 5, real size: 0
[2026-07-08 17:09:01] out while is working
[2026-07-08 17:09:01] buffer is less than 5, real size: 0
[2026-07-08 17:09:01] out while is working
[2026-07-08 17:09:01] buffer is less than 5, real size: 0
[2026-07-08 17:09:01] out while is working
[2026-07-08 17:09:01] buffer is less than 5, real size: 0
[2026-07-08 17:09:01] out while is working
[2026-07-08 17:09:01] buffer is less than 5, real size: 0
[2026-07-08 17:09:01] out while is working
[2026-07-08 17:09:01] buffer is less than 5, real size: 0
[2026-07-08 17:09:01] out while is working
[2026-07-08 17:09:01] buffer is less than 5, real size: 0
[2026-07-08 17:09:01] out while is working
[2026-07-08 17:09:01] buffer is less than 5, real size: 0
[2026-07-08 17:09:01] out while is working
[2026-07-08 17:09:01] buffer is less than 5, real size: 0
[2026-07-08 17:09:01] out while is working
[2026-07-08 17:09:01] buffer is less than 5, real size: 1
[2026-07-08 17:09:01] out while is working
[2026-07-08 17:09:01] data_length 14 iseq 30
[2026-07-08 17:09:01] begin switch_method
[2026-07-08 17:09:01] find command id514
[2026-07-08 17:09:01] data_length 17 iseq 31
[2026-07-08 17:09:01] buffer is less than sof_index + frame_length(26), buffer size: b'\xa5\x11\x00\x1f\xfe\x01\x02\t\x01'
[2026-07-08 17:09:01] out while is working
[2026-07-08 17:09:01] data_length 17 iseq 31
[2026-07-08 17:09:01] buffer is less than sof_index + frame_length(26), buffer size: b'\xa5\x11\x00\x1f\xfe\x01\x02\t\x01\xb8'
[2026-07-08 17:09:01] out while is working
[2026-07-08 17:09:01] data_length 17 iseq 31
[2026-07-08 17:09:01] begin switch_method
[2026-07-08 17:09:01] find command id513
[2026-07-08 17:09:01] buffer is less than 5, real size: 0
[2026-07-08 17:09:01] out while is working
[2026-07-08 17:09:01] buffer is less than 5, real size: 0
[2026-07-08 17:09:01] out while is working
[2026-07-08 17:09:01] buffer is less than 5, real size: 0
[2026-07-08 17:09:01] out while is working
[2026-07-08 17:09:01] buffer is less than 5, real size: 0
[2026-07-08 17:09:01] out while is working
[2026-07-08 17:09:01] buffer is less than 5, real size: 0
[2026-07-08 17:09:01] out while is working
[2026-07-08 17:09:01] buffer is less than 5, real size: 0
[2026-07-08 17:09:01] out while is working
[2026-07-08 17:09:01] buffer is less than 5, real size: 0
[2026-07-08 17:09:01] out while is working
[2026-07-08 17:09:01] buffer is less than 5, real size: 0
[2026-07-08 17:09:01] out while is working
[2026-07-08 17:09:01] buffer is less than 5, real size: 0
[2026-07-08 17:09:01] out while is working
[2026-07-08 17:09:01] buffer is less than 5, real size: 0
[2026-07-08 17:09:01] out while is working
[2026-07-08 17:09:01] buffer is less than 5, real size: 1
[2026-07-08 17:09:01] out while is working
[2026-07-08 17:09:01] data_length 5 iseq 32
[2026-07-08 17:09:01] begin switch_method
[2026-07-08 17:09:01] find command id521
[2026-07-08 17:09:01] data_length 14 iseq 33
[2026-07-08 17:09:01] buffer is less than sof_index + frame_length(23), buffer size: b'\xa5\x0e\x00!J\x02\x02\x00\x00\x00\x00\x00\x00\x00\x00\x00\x00\x00'
[2026-07-08 17:09:01] out while is working
[2026-07-08 17:09:01] data_length 14 iseq 33
[2026-07-08 17:09:01] buffer is less than sof_index + frame_length(23), buffer size: b'\xa5\x0e\x00!J\x02\x02\x00\x00\x00\x00\x00\x00\x00\x00\x00\x00\x00\x00'
[2026-07-08 17:09:01] out while is working
[2026-07-08 17:09:01] data_length 14 iseq 33
[2026-07-08 17:09:01] begin switch_method
[2026-07-08 17:09:01] find command id514
[2026-07-08 17:09:01] data_length 17 iseq 34
[2026-07-08 17:09:01] begin switch_method
[2026-07-08 17:09:01] find command id513
[2026-07-08 17:09:01] buffer is less than 5, real size: 0
[2026-07-08 17:09:01] out while is working
[2026-07-08 17:09:01] buffer is less than 5, real size: 0
[2026-07-08 17:09:01] out while is working
[2026-07-08 17:09:01] buffer is less than 5, real size: 0
[2026-07-08 17:09:01] out while is working
[2026-07-08 17:09:01] buffer is less than 5, real size: 0
[2026-07-08 17:09:01] out while is working
[2026-07-08 17:09:01] buffer is less than 5, real size: 0
[2026-07-08 17:09:01] out while is working
[2026-07-08 17:09:01] buffer is less than 5, real size: 0
[2026-07-08 17:09:01] out while is working
[2026-07-08 17:09:01] buffer is less than 5, real size: 0
[2026-07-08 17:09:01] out while is working
[2026-07-08 17:09:01] buffer is less than 5, real size: 0
[2026-07-08 17:09:01] out while is working
[2026-07-08 17:09:01] buffer is less than 5, real size: 0
[2026-07-08 17:09:01] out while is working
[2026-07-08 17:09:01] buffer is less than 5, real size: 0
[2026-07-08 17:09:01] out while is working
[2026-07-08 17:09:01] buffer is less than 5, real size: 1
[2026-07-08 17:09:01] out while is working
[2026-07-08 17:09:01] data_length 14 iseq 35
[2026-07-08 17:09:01] begin switch_method
[2026-07-08 17:09:01] find command id514
[2026-07-08 17:09:01] data_length 17 iseq 36
[2026-07-08 17:09:01] buffer is less than sof_index + frame_length(26), buffer size: b'\xa5\x11\x00$`\x01\x02\t\x01'
[2026-07-08 17:09:01] out while is working
[2026-07-08 17:09:01] data_length 17 iseq 36
[2026-07-08 17:09:01] buffer is less than sof_index + frame_length(26), buffer size: b'\xa5\x11\x00$`\x01\x02\t\x01\xb8'
[2026-07-08 17:09:01] out while is working
[2026-07-08 17:09:01] data_length 17 iseq 36
[2026-07-08 17:09:01] begin switch_method
[2026-07-08 17:09:01] find command id513
[2026-07-08 17:09:01] buffer is less than 5, real size: 0
[2026-07-08 17:09:01] out while is working
[2026-07-08 17:09:01] buffer is less than 5, real size: 1
[2026-07-08 17:09:01] out while is working
[2026-07-08 17:09:01] data_length 2 iseq 37
[2026-07-08 17:09:01] begin switch_method
[2026-07-08 17:09:01] find command id524
[2026-07-08 17:09:01] Mark process: [0, 0, 0, 0, 0, 0] (raw bits: 0000000000000000)
[2026-07-08 17:09:01] data_length 4 iseq 38
[2026-07-08 17:09:01] begin switch_method
[2026-07-08 17:09:01] find command id257
[2026-07-08 17:09:01] data_length 11 iseq 39
[2026-07-08 17:09:01] buffer is less than sof_index + frame_length(20), buffer size: b"\xa5\x0b\x00'\xa2\x01\x00\x01"
[2026-07-08 17:09:01] out while is working
[2026-07-08 17:09:01] data_length 11 iseq 39
[2026-07-08 17:09:01] buffer is less than sof_index + frame_length(20), buffer size: b"\xa5\x0b\x00'\xa2\x01\x00\x01\x00"
[2026-07-08 17:09:01] out while is working
[2026-07-08 17:09:01] data_length 11 iseq 39
[2026-07-08 17:09:01] begin switch_method
[2026-07-08 17:09:01] find command id1
[2026-07-08 17:09:01] data_length 3 iseq 40
[2026-07-08 17:09:01] begin switch_method
[2026-07-08 17:09:01] find command id261
[2026-07-08 17:09:01] Dart target: 0
[2026-07-08 17:09:01] data_length 1 iseq 41
[2026-07-08 17:09:01] buffer is less than sof_index + frame_length(10), buffer size: b'\xa5\x01\x00)\xd7\x0e\x02('
[2026-07-08 17:09:01] out while is working
[2026-07-08 17:09:01] data_length 1 iseq 41
[2026-07-08 17:09:01] buffer is less than sof_index + frame_length(10), buffer size: b'\xa5\x01\x00)\xd7\x0e\x02(g'
[2026-07-08 17:09:01] out while is working
[2026-07-08 17:09:01] data_length 1 iseq 41
[2026-07-08 17:09:01] begin switch_method
[2026-07-08 17:09:01] find command id526
[2026-07-08 17:09:01] Double effect chance: 0, is double effect active: 0
[2026-07-08 17:09:01] Interference level: 1, is key updated: 1
[2026-07-08 17:09:01] buffer is less than 5, real size: 0
[2026-07-08 17:09:01] out while is working
[2026-07-08 17:09:01] buffer is less than 5, real size: 0
[2026-07-08 17:09:01] out while is working
[2026-07-08 17:09:01] buffer is less than 5, real size: 0
[2026-07-08 17:09:01] out while is working
[2026-07-08 17:09:01] buffer is less than 5, real size: 0
[2026-07-08 17:09:01] out while is working
[2026-07-08 17:09:01] buffer is less than 5, real size: 0
[2026-07-08 17:09:01] out while is working
[2026-07-08 17:09:01] buffer is less than 5, real size: 0
[2026-07-08 17:09:01] out while is working
[2026-07-08 17:09:01] buffer is less than 5, real size: 0
[2026-07-08 17:09:01] out while is working
[2026-07-08 17:09:01] buffer is less than 5, real size: 0
[2026-07-08 17:09:01] out while is working
[2026-07-08 17:09:01] buffer is less than 5, real size: 0
[2026-07-08 17:09:01] out while is working
[2026-07-08 17:09:01] buffer is less than 5, real size: 1
[2026-07-08 17:09:01] out while is working
[2026-07-08 17:09:01] data_length 14 iseq 42
[2026-07-08 17:09:01] begin switch_method
[2026-07-08 17:09:01] find command id514
[2026-07-08 17:09:01] data_length 17 iseq 43
[2026-07-08 17:09:01] buffer is less than sof_index + frame_length(26), buffer size: b'\xa5\x11\x00+!\x01\x02\t\x01'
[2026-07-08 17:09:01] out while is working
[2026-07-08 17:09:01] data_length 17 iseq 43
[2026-07-08 17:09:01] buffer is less than sof_index + frame_length(26), buffer size: b'\xa5\x11\x00+!\x01\x02\t\x01\xb8'
[2026-07-08 17:09:01] out while is working
[2026-07-08 17:09:01] data_length 17 iseq 43
[2026-07-08 17:09:01] begin switch_method
[2026-07-08 17:09:01] find command id513
[2026-07-08 17:09:01] buffer is less than 5, real size: 0
[2026-07-08 17:09:01] out while is working
[2026-07-08 17:09:01] buffer is less than 5, real size: 0
[2026-07-08 17:09:01] out while is working
[2026-07-08 17:09:01] buffer is less than 5, real size: 0
[2026-07-08 17:09:01] out while is working
[2026-07-08 17:09:01] buffer is less than 5, real size: 0
[2026-07-08 17:09:01] out while is working
[2026-07-08 17:09:01] buffer is less than 5, real size: 0
[2026-07-08 17:09:01] out while is working
[2026-07-08 17:09:01] buffer is less than 5, real size: 0
[2026-07-08 17:09:01] out while is working
[2026-07-08 17:09:01] buffer is less than 5, real size: 0
[2026-07-08 17:09:01] out while is working
[2026-07-08 17:09:01] buffer is less than 5, real size: 0
[2026-07-08 17:09:01] out while is working
[2026-07-08 17:09:01] buffer is less than 5, real size: 0
[2026-07-08 17:09:01] out while is working
[2026-07-08 17:09:01] buffer is less than 5, real size: 0
[2026-07-08 17:09:01] out while is working
[2026-07-08 17:09:01] buffer is less than 5, real size: 1
[2026-07-08 17:09:01] out while is working
[2026-07-08 17:09:01] data_length 5 iseq 44
[2026-07-08 17:09:01] begin switch_method
[2026-07-08 17:09:01] find command id521
[2026-07-08 17:09:01] buffer is less than 5, real size: 0
[2026-07-08 17:09:01] out while is working
[2026-07-08 17:09:01] buffer is less than 5, real size: 0
[2026-07-08 17:09:01] out while is working
[2026-07-08 17:09:01] data_length 14 iseq 45
[2026-07-08 17:09:01] begin switch_method
[2026-07-08 17:09:01] find command id514
[2026-07-08 17:09:01] data_length 17 iseq 46
[2026-07-08 17:09:01] buffer is less than sof_index + frame_length(26), buffer size: b'\xa5\x11\x00.\x1e\x01\x02\t\x01'
[2026-07-08 17:09:01] out while is working
[2026-07-08 17:09:01] data_length 17 iseq 46
[2026-07-08 17:09:01] buffer is less than sof_index + frame_length(26), buffer size: b'\xa5\x11\x00.\x1e\x01\x02\t\x01\xb8'
[2026-07-08 17:09:01] out while is working
[2026-07-08 17:09:01] data_length 17 iseq 46
[2026-07-08 17:09:01] begin switch_method
[2026-07-08 17:09:01] find command id513
[2026-07-08 17:09:01] buffer is less than 5, real size: 0
[2026-07-08 17:09:01] out while is working
[2026-07-08 17:09:01] buffer is less than 5, real size: 0
[2026-07-08 17:09:01] out while is working
[2026-07-08 17:09:01] buffer is less than 5, real size: 0
[2026-07-08 17:09:01] out while is working
[2026-07-08 17:09:01] buffer is less than 5, real size: 0
[2026-07-08 17:09:01] out while is working
[2026-07-08 17:09:02] buffer is less than 5, real size: 0
[2026-07-08 17:09:02] out while is working
[2026-07-08 17:09:02] buffer is less than 5, real size: 0
[2026-07-08 17:09:02] out while is working
[2026-07-08 17:09:02] buffer is less than 5, real size: 0
[2026-07-08 17:09:02] out while is working
[2026-07-08 17:09:02] buffer is less than 5, real size: 0
[2026-07-08 17:09:02] out while is working
[2026-07-08 17:09:02] buffer is less than 5, real size: 0
[2026-07-08 17:09:02] out while is working
[2026-07-08 17:09:02] buffer is less than 5, real size: 0
[2026-07-08 17:09:02] out while is working
[2026-07-08 17:09:02] buffer is less than 5, real size: 0
[2026-07-08 17:09:02] out while is working
[2026-07-08 17:09:02] buffer is less than 5, real size: 1
[2026-07-08 17:09:02] out while is working
[2026-07-08 17:09:02] data_length 14 iseq 47
[2026-07-08 17:09:02] begin switch_method
[2026-07-08 17:09:02] find command id514
[2026-07-08 17:09:02] data_length 17 iseq 48
[2026-07-08 17:09:02] buffer is less than sof_index + frame_length(26), buffer size: b'\xa5\x11\x000\x9c\x01\x02\t\x01'
[2026-07-08 17:09:02] out while is working
[2026-07-08 17:09:02] data_length 17 iseq 48
[2026-07-08 17:09:02] buffer is less than sof_index + frame_length(26), buffer size: b'\xa5\x11\x000\x9c\x01\x02\t\x01\xb8'
[2026-07-08 17:09:02] out while is working
[2026-07-08 17:09:02] data_length 17 iseq 48
[2026-07-08 17:09:02] begin switch_method
[2026-07-08 17:09:02] find command id513
[2026-07-08 17:09:02] buffer is less than 5, real size: 0
[2026-07-08 17:09:02] out while is working
[2026-07-08 17:09:02] buffer is less than 5, real size: 0
[2026-07-08 17:09:02] out while is working
[2026-07-08 17:09:02] buffer is less than 5, real size: 0
[2026-07-08 17:09:02] out while is working
[2026-07-08 17:09:02] buffer is less than 5, real size: 0
[2026-07-08 17:09:02] out while is working
[2026-07-08 17:09:02] buffer is less than 5, real size: 0
[2026-07-08 17:09:02] out while is working
[2026-07-08 17:09:02] buffer is less than 5, real size: 0
[2026-07-08 17:09:02] out while is working
[2026-07-08 17:09:02] buffer is less than 5, real size: 0
[2026-07-08 17:09:02] out while is working
[2026-07-08 17:09:02] buffer is less than 5, real size: 0
[2026-07-08 17:09:02] out while is working
[2026-07-08 17:09:02] buffer is less than 5, real size: 0
[2026-07-08 17:09:02] out while is working
[2026-07-08 17:09:02] buffer is less than 5, real size: 0
[2026-07-08 17:09:02] out while is working
[2026-07-08 17:09:02] buffer is less than 5, real size: 1
[2026-07-08 17:09:02] out while is working
[2026-07-08 17:09:02] data_length 14 iseq 49
[2026-07-08 17:09:02] begin switch_method
[2026-07-08 17:09:02] find command id514
[2026-07-08 17:09:02] data_length 17 iseq 50
[2026-07-08 17:09:02] buffer is less than sof_index + frame_length(26), buffer size: b'\xa5\x11\x002 \x01\x02\t\x01'
[2026-07-08 17:09:02] out while is working
[2026-07-08 17:09:02] data_length 17 iseq 50
[2026-07-08 17:09:02] buffer is less than sof_index + frame_length(26), buffer size: b'\xa5\x11\x002 \x01\x02\t\x01\xb8'
[2026-07-08 17:09:02] out while is working
[2026-07-08 17:09:02] data_length 17 iseq 50
[2026-07-08 17:09:02] begin switch_method
[2026-07-08 17:09:02] find command id513
[2026-07-08 17:09:02] buffer is less than 5, real size: 0
[2026-07-08 17:09:02] out while is working
[2026-07-08 17:09:02] buffer is less than 5, real size: 0
[2026-07-08 17:09:02] out while is working
[2026-07-08 17:09:02] buffer is less than 5, real size: 0
[2026-07-08 17:09:02] out while is working
[2026-07-08 17:09:02] buffer is less than 5, real size: 0
[2026-07-08 17:09:02] out while is working
[2026-07-08 17:09:02] buffer is less than 5, real size: 0
[2026-07-08 17:09:02] out while is working
[2026-07-08 17:09:02] buffer is less than 5, real size: 0
[2026-07-08 17:09:02] out while is working
[2026-07-08 17:09:02] buffer is less than 5, real size: 0
[2026-07-08 17:09:02] out while is working
[2026-07-08 17:09:02] buffer is less than 5, real size: 1
[2026-07-08 17:09:02] out while is working
[2026-07-08 17:09:02] data_length 5 iseq 51
[2026-07-08 17:09:02] begin switch_method
[2026-07-08 17:09:02] find command id521
[2026-07-08 17:09:02] buffer is less than 5, real size: 0
[2026-07-08 17:09:02] out while is working
[2026-07-08 17:09:02] buffer is less than 5, real size: 0
[2026-07-08 17:09:02] out while is working
[2026-07-08 17:09:02] buffer is less than 5, real size: 0
[2026-07-08 17:09:02] out while is working
[2026-07-08 17:09:02] buffer is less than 5, real size: 0
[2026-07-08 17:09:02] out while is working
[2026-07-08 17:09:02] buffer is less than 5, real size: 1
[2026-07-08 17:09:02] out while is working
[2026-07-08 17:09:02] data_length 14 iseq 52
[2026-07-08 17:09:02] begin switch_method
[2026-07-08 17:09:02] find command id514
[2026-07-08 17:09:02] data_length 17 iseq 53
[2026-07-08 17:09:02] buffer is less than sof_index + frame_length(26), buffer size: b'\xa5\x11\x005\xa3\x01\x02\t\x01'
[2026-07-08 17:09:02] out while is working
[2026-07-08 17:09:02] data_length 17 iseq 53
[2026-07-08 17:09:02] buffer is less than sof_index + frame_length(26), buffer size: b'\xa5\x11\x005\xa3\x01\x02\t\x01\xb8'
[2026-07-08 17:09:02] out while is working
[2026-07-08 17:09:02] data_length 17 iseq 53
[2026-07-08 17:09:02] begin switch_method
[2026-07-08 17:09:02] find command id513
[2026-07-08 17:09:02] buffer is less than 5, real size: 0
[2026-07-08 17:09:02] out while is working
[2026-07-08 17:09:02] buffer is less than 5, real size: 0
[2026-07-08 17:09:02] out while is working
[2026-07-08 17:09:02] buffer is less than 5, real size: 0
[2026-07-08 17:09:02] out while is working
[2026-07-08 17:09:02] buffer is less than 5, real size: 0
[2026-07-08 17:09:02] out while is working
[2026-07-08 17:09:02] buffer is less than 5, real size: 0
[2026-07-08 17:09:02] out while is working
[2026-07-08 17:09:02] buffer is less than 5, real size: 0
[2026-07-08 17:09:02] out while is working
[2026-07-08 17:09:02] buffer is less than 5, real size: 0
[2026-07-08 17:09:02] out while is working
[2026-07-08 17:09:02] buffer is less than 5, real size: 0
[2026-07-08 17:09:02] out while is working
[2026-07-08 17:09:02] buffer is less than 5, real size: 0
[2026-07-08 17:09:02] out while is working
[2026-07-08 17:09:02] buffer is less than 5, real size: 0
[2026-07-08 17:09:02] out while is working
[2026-07-08 17:09:02] buffer is less than 5, real size: 1
[2026-07-08 17:09:02] out while is working
[2026-07-08 17:09:02] data_length 14 iseq 54
[2026-07-08 17:09:02] begin switch_method
[2026-07-08 17:09:02] find command id514
[2026-07-08 17:09:02] data_length 17 iseq 55
[2026-07-08 17:09:02] buffer is less than sof_index + frame_length(26), buffer size: b'\xa5\x11\x007\x1f\x01\x02\t\x01'
[2026-07-08 17:09:02] out while is working
[2026-07-08 17:09:02] data_length 17 iseq 55
[2026-07-08 17:09:02] buffer is less than sof_index + frame_length(26), buffer size: b'\xa5\x11\x007\x1f\x01\x02\t\x01\xb8'
[2026-07-08 17:09:02] out while is working
[2026-07-08 17:09:02] data_length 17 iseq 55
[2026-07-08 17:09:02] begin switch_method
[2026-07-08 17:09:02] find command id513
[2026-07-08 17:09:02] buffer is less than 5, real size: 0
[2026-07-08 17:09:02] out while is working
[2026-07-08 17:09:02] buffer is less than 5, real size: 0
[2026-07-08 17:09:02] out while is working
[2026-07-08 17:09:02] buffer is less than 5, real size: 0
[2026-07-08 17:09:02] out while is working
[2026-07-08 17:09:02] buffer is less than 5, real size: 0
[2026-07-08 17:09:02] out while is working
[2026-07-08 17:09:02] buffer is less than 5, real size: 0
[2026-07-08 17:09:02] out while is working
[2026-07-08 17:09:02] buffer is less than 5, real size: 0
[2026-07-08 17:09:02] out while is working
[2026-07-08 17:09:02] buffer is less than 5, real size: 0
[2026-07-08 17:09:02] out while is working
[2026-07-08 17:09:02] buffer is less than 5, real size: 0
[2026-07-08 17:09:02] out while is working
[2026-07-08 17:09:02] buffer is less than 5, real size: 0
[2026-07-08 17:09:02] out while is working
[2026-07-08 17:09:02] buffer is less than 5, real size: 0
[2026-07-08 17:09:02] out while is working
[2026-07-08 17:09:02] buffer is less than 5, real size: 1
[2026-07-08 17:09:02] out while is working
[2026-07-08 17:09:02] data_length 14 iseq 56
[2026-07-08 17:09:02] begin switch_method
[2026-07-08 17:09:02] find command id514
[2026-07-08 17:09:02] data_length 12 iseq 57
[2026-07-08 17:09:02] buffer is less than sof_index + frame_length(21), buffer size: b'\xa5\x0c\x009Z\x03\x02\x00\x00'
[2026-07-08 17:09:02] out while is working
[2026-07-08 17:09:02] data_length 12 iseq 57
[2026-07-08 17:09:02] buffer is less than sof_index + frame_length(21), buffer size: b'\xa5\x0c\x009Z\x03\x02\x00\x00\x00'
[2026-07-08 17:09:02] out while is working
[2026-07-08 17:09:02] data_length 12 iseq 57
[2026-07-08 17:09:02] begin switch_method
[2026-07-08 17:09:02] find command id515
[2026-07-08 17:09:02] data_length 17 iseq 58
[2026-07-08 17:09:02] buffer is less than sof_index + frame_length(26), buffer size: b'\xa5\x11\x00:\xe2\x01\x02\t\x01\xb8"\xb8"d\x00@\x01x\x00\x00'
[2026-07-08 17:09:02] out while is working
[2026-07-08 17:09:02] data_length 17 iseq 58
[2026-07-08 17:09:02] buffer is less than sof_index + frame_length(26), buffer size: b'\xa5\x11\x00:\xe2\x01\x02\t\x01\xb8"\xb8"d\x00@\x01x\x00\x00\x00'
[2026-07-08 17:09:02] out while is working
[2026-07-08 17:09:02] data_length 17 iseq 58
[2026-07-08 17:09:02] begin switch_method
[2026-07-08 17:09:02] find command id513
[2026-07-08 17:09:02] buffer is less than 5, real size: 0
[2026-07-08 17:09:02] out while is working
[2026-07-08 17:09:02] buffer is less than 5, real size: 0
[2026-07-08 17:09:02] out while is working
[2026-07-08 17:09:02] buffer is less than 5, real size: 0
[2026-07-08 17:09:02] out while is working
[2026-07-08 17:09:02] buffer is less than 5, real size: 0
[2026-07-08 17:09:02] out while is working
[2026-07-08 17:09:02] buffer is less than 5, real size: 0
[2026-07-08 17:09:02] out while is working
[2026-07-08 17:09:02] buffer is less than 5, real size: 0
[2026-07-08 17:09:02] out while is working
[2026-07-08 17:09:02] buffer is less than 5, real size: 1
[2026-07-08 17:09:02] out while is working
[2026-07-08 17:09:02] data_length 5 iseq 59
[2026-07-08 17:09:02] begin switch_method
[2026-07-08 17:09:02] find command id521
[2026-07-08 17:09:02] buffer is less than 5, real size: 0
[2026-07-08 17:09:02] out while is working
[2026-07-08 17:09:02] buffer is less than 5, real size: 0
[2026-07-08 17:09:02] out while is working
[2026-07-08 17:09:02] buffer is less than 5, real size: 0
[2026-07-08 17:09:02] out while is working
[2026-07-08 17:09:02] buffer is less than 5, real size: 0
[2026-07-08 17:09:02] out while is working
[2026-07-08 17:09:02] buffer is less than 5, real size: 0
[2026-07-08 17:09:02] out while is working
[2026-07-08 17:09:02] buffer is less than 5, real size: 1
[2026-07-08 17:09:02] out while is working
[2026-07-08 17:09:02] data_length 14 iseq 60
[2026-07-08 17:09:02] begin switch_method
[2026-07-08 17:09:02] find command id514
[2026-07-08 17:09:02] data_length 17 iseq 61
[2026-07-08 17:09:02] buffer is less than sof_index + frame_length(26), buffer size: b'\xa5\x11\x00=a\x01\x02\t\x01'
[2026-07-08 17:09:02] out while is working
[2026-07-08 17:09:02] data_length 17 iseq 61
[2026-07-08 17:09:02] buffer is less than sof_index + frame_length(26), buffer size: b'\xa5\x11\x00=a\x01\x02\t\x01\xb8'
[2026-07-08 17:09:02] out while is working
[2026-07-08 17:09:02] data_length 17 iseq 61
[2026-07-08 17:09:02] begin switch_method
[2026-07-08 17:09:02] find command id513
[2026-07-08 17:09:02] buffer is less than 5, real size: 0
[2026-07-08 17:09:02] out while is working
[2026-07-08 17:09:02] buffer is less than 5, real size: 0
[2026-07-08 17:09:02] out while is working
[2026-07-08 17:09:02] buffer is less than 5, real size: 0
[2026-07-08 17:09:02] out while is working
[2026-07-08 17:09:02] buffer is less than 5, real size: 0
[2026-07-08 17:09:02] out while is working
[2026-07-08 17:09:02] buffer is less than 5, real size: 0
[2026-07-08 17:09:02] out while is working
[2026-07-08 17:09:02] buffer is less than 5, real size: 0
[2026-07-08 17:09:02] out while is working
[2026-07-08 17:09:02] buffer is less than 5, real size: 0
[2026-07-08 17:09:02] out while is working
[2026-07-08 17:09:02] buffer is less than 5, real size: 0
[2026-07-08 17:09:02] out while is working
[2026-07-08 17:09:02] buffer is less than 5, real size: 0
[2026-07-08 17:09:02] out while is working
[2026-07-08 17:09:02] buffer is less than 5, real size: 0
[2026-07-08 17:09:02] out while is working
[2026-07-08 17:09:02] buffer is less than 5, real size: 1
[2026-07-08 17:09:02] out while is working
[2026-07-08 17:09:02] data_length 14 iseq 62
[2026-07-08 17:09:02] begin switch_method
[2026-07-08 17:09:02] find command id514
[2026-07-08 17:09:02] data_length 17 iseq 63
[2026-07-08 17:09:02] buffer is less than sof_index + frame_length(26), buffer size: b'\xa5\x11\x00?\xdd\x01\x02\t\x01'
[2026-07-08 17:09:02] out while is working
[2026-07-08 17:09:02] data_length 17 iseq 63
[2026-07-08 17:09:02] buffer is less than sof_index + frame_length(26), buffer size: b'\xa5\x11\x00?\xdd\x01\x02\t\x01\xb8'
[2026-07-08 17:09:02] out while is working
[2026-07-08 17:09:02] data_length 17 iseq 63
[2026-07-08 17:09:02] begin switch_method
[2026-07-08 17:09:02] find command id513
[2026-07-08 17:09:02] buffer is less than 5, real size: 0
[2026-07-08 17:09:02] out while is working
[2026-07-08 17:09:02] buffer is less than 5, real size: 0
[2026-07-08 17:09:02] out while is working
[2026-07-08 17:09:02] buffer is less than 5, real size: 0
[2026-07-08 17:09:02] out while is working
[2026-07-08 17:09:02] buffer is less than 5, real size: 0
[2026-07-08 17:09:02] out while is working
[2026-07-08 17:09:02] buffer is less than 5, real size: 0
[2026-07-08 17:09:02] out while is working
[2026-07-08 17:09:02] buffer is less than 5, real size: 0
[2026-07-08 17:09:02] out while is working
[2026-07-08 17:09:02] buffer is less than 5, real size: 0
[2026-07-08 17:09:02] out while is working
[2026-07-08 17:09:02] buffer is less than 5, real size: 0
[2026-07-08 17:09:02] out while is working
[2026-07-08 17:09:02] buffer is less than 5, real size: 0
[2026-07-08 17:09:02] out while is working
[2026-07-08 17:09:02] buffer is less than 5, real size: 1
[2026-07-08 17:09:02] out while is working
[2026-07-08 17:09:02] data_length 2 iseq 64
[2026-07-08 17:09:02] begin switch_method
[2026-07-08 17:09:02] find command id524
[2026-07-08 17:09:02] Mark process: [0, 0, 0, 0, 0, 0] (raw bits: 0000000000000000)
[2026-07-08 17:09:02] data_length 4 iseq 65
[2026-07-08 17:09:02] begin switch_method
[2026-07-08 17:09:02] find command id257
[2026-07-08 17:09:02] data_length 11 iseq 66
[2026-07-08 17:09:02] buffer is less than sof_index + frame_length(20), buffer size: b'\xa5\x0b\x00B\xf8\x01\x00\x01'
[2026-07-08 17:09:02] out while is working
[2026-07-08 17:09:02] data_length 11 iseq 66
[2026-07-08 17:09:02] buffer is less than sof_index + frame_length(20), buffer size: b'\xa5\x0b\x00B\xf8\x01\x00\x01\x00'
[2026-07-08 17:09:02] out while is working
[2026-07-08 17:09:02] data_length 11 iseq 66
[2026-07-08 17:09:02] begin switch_method
[2026-07-08 17:09:02] find command id1
[2026-07-08 17:09:02] data_length 3 iseq 67
[2026-07-08 17:09:02] begin switch_method
[2026-07-08 17:09:02] find command id261
[2026-07-08 17:09:02] Dart target: 0
[2026-07-08 17:09:02] data_length 1 iseq 68
[2026-07-08 17:09:02] buffer is less than sof_index + frame_length(10), buffer size: b'\xa5\x01\x00DO\x0e\x02('
[2026-07-08 17:09:02] out while is working
[2026-07-08 17:09:02] data_length 1 iseq 68
[2026-07-08 17:09:02] buffer is less than sof_index + frame_length(10), buffer size: b'\xa5\x01\x00DO\x0e\x02(\xb7'
[2026-07-08 17:09:02] out while is working
[2026-07-08 17:09:02] data_length 1 iseq 68
[2026-07-08 17:09:02] begin switch_method
[2026-07-08 17:09:02] find command id526
[2026-07-08 17:09:02] Double effect chance: 0, is double effect active: 0
[2026-07-08 17:09:02] Interference level: 1, is key updated: 1
[2026-07-08 17:09:02] buffer is less than 5, real size: 0
[2026-07-08 17:09:02] out while is working
[2026-07-08 17:09:02] buffer is less than 5, real size: 1
[2026-07-08 17:09:02] out while is working
[2026-07-08 17:09:02] data_length 14 iseq 69
[2026-07-08 17:09:02] begin switch_method
[2026-07-08 17:09:02] find command id514
[2026-07-08 17:09:02] data_length 17 iseq 70
[2026-07-08 17:09:02] buffer is less than sof_index + frame_length(26), buffer size: b'\xa5\x11\x00F\xb9\x01\x02\t\x01'
[2026-07-08 17:09:02] out while is working
[2026-07-08 17:09:02] data_length 17 iseq 70
[2026-07-08 17:09:02] buffer is less than sof_index + frame_length(26), buffer size: b'\xa5\x11\x00F\xb9\x01\x02\t\x01\xb8'
[2026-07-08 17:09:02] out while is working
[2026-07-08 17:09:02] data_length 17 iseq 70
[2026-07-08 17:09:02] begin switch_method
[2026-07-08 17:09:02] find command id513
[2026-07-08 17:09:02] buffer is less than 5, real size: 0
[2026-07-08 17:09:02] out while is working
[2026-07-08 17:09:02] buffer is less than 5, real size: 0
[2026-07-08 17:09:02] out while is working
[2026-07-08 17:09:02] buffer is less than 5, real size: 0
[2026-07-08 17:09:02] out while is working
[2026-07-08 17:09:02] buffer is less than 5, real size: 0
[2026-07-08 17:09:02] out while is working
[2026-07-08 17:09:02] buffer is less than 5, real size: 0
[2026-07-08 17:09:02] out while is working
[2026-07-08 17:09:02] buffer is less than 5, real size: 1
[2026-07-08 17:09:02] out while is working
[2026-07-08 17:09:02] data_length 5 iseq 71
[2026-07-08 17:09:02] begin switch_method
[2026-07-08 17:09:02] find command id521
[2026-07-08 17:09:02] buffer is less than 5, real size: 0
[2026-07-08 17:09:02] out while is working
[2026-07-08 17:09:02] buffer is less than 5, real size: 0
[2026-07-08 17:09:02] out while is working
[2026-07-08 17:09:02] buffer is less than 5, real size: 0
[2026-07-08 17:09:02] out while is working
[2026-07-08 17:09:02] buffer is less than 5, real size: 0
[2026-07-08 17:09:02] out while is working
[2026-07-08 17:09:02] buffer is less than 5, real size: 0
[2026-07-08 17:09:02] out while is working
[2026-07-08 17:09:02] buffer is less than 5, real size: 1
[2026-07-08 17:09:02] out while is working
[2026-07-08 17:09:02] data_length 14 iseq 72
[2026-07-08 17:09:02] begin switch_method
[2026-07-08 17:09:02] find command id514
[2026-07-08 17:09:02] data_length 17 iseq 73
[2026-07-08 17:09:02] buffer is less than sof_index + frame_length(26), buffer size: b'\xa5\x11\x00I\xf8\x01\x02\t\x01'
[2026-07-08 17:09:02] out while is working
[2026-07-08 17:09:02] data_length 17 iseq 73
[2026-07-08 17:09:02] buffer is less than sof_index + frame_length(26), buffer size: b'\xa5\x11\x00I\xf8\x01\x02\t\x01\xb8'
[2026-07-08 17:09:02] out while is working
[2026-07-08 17:09:02] data_length 17 iseq 73
[2026-07-08 17:09:02] begin switch_method
[2026-07-08 17:09:02] find command id513
[2026-07-08 17:09:02] buffer is less than 5, real size: 0
[2026-07-08 17:09:02] out while is working
[2026-07-08 17:09:02] buffer is less than 5, real size: 0
[2026-07-08 17:09:02] out while is working
[2026-07-08 17:09:02] buffer is less than 5, real size: 0
[2026-07-08 17:09:02] out while is working
[2026-07-08 17:09:02] buffer is less than 5, real size: 0
[2026-07-08 17:09:02] out while is working
[2026-07-08 17:09:02] buffer is less than 5, real size: 0
[2026-07-08 17:09:02] out while is working
[2026-07-08 17:09:02] buffer is less than 5, real size: 0
[2026-07-08 17:09:02] out while is working
[2026-07-08 17:09:02] buffer is less than 5, real size: 0
[2026-07-08 17:09:02] out while is working
[2026-07-08 17:09:02] buffer is less than 5, real size: 0
[2026-07-08 17:09:02] out while is working
[2026-07-08 17:09:02] buffer is less than 5, real size: 0
[2026-07-08 17:09:02] out while is working
[2026-07-08 17:09:02] buffer is less than 5, real size: 0
[2026-07-08 17:09:02] out while is working
[2026-07-08 17:09:02] buffer is less than 5, real size: 1
[2026-07-08 17:09:02] out while is working
[2026-07-08 17:09:02] data_length 14 iseq 74
[2026-07-08 17:09:02] begin switch_method
[2026-07-08 17:09:02] find command id514
[2026-07-08 17:09:02] data_length 17 iseq 75
[2026-07-08 17:09:02] buffer is less than sof_index + frame_length(26), buffer size: b'\xa5\x11\x00KD\x01\x02\t\x01'
[2026-07-08 17:09:02] out while is working
[2026-07-08 17:09:02] data_length 17 iseq 75
[2026-07-08 17:09:02] buffer is less than sof_index + frame_length(26), buffer size: b'\xa5\x11\x00KD\x01\x02\t\x01\xb8'
[2026-07-08 17:09:02] out while is working
[2026-07-08 17:09:02] data_length 17 iseq 75
[2026-07-08 17:09:02] begin switch_method
[2026-07-08 17:09:02] find command id513
[2026-07-08 17:09:02] buffer is less than 5, real size: 0
[2026-07-08 17:09:02] out while is working
[2026-07-08 17:09:03] buffer is less than 5, real size: 0
[2026-07-08 17:09:03] out while is working
[2026-07-08 17:09:03] buffer is less than 5, real size: 0
[2026-07-08 17:09:03] out while is working
[2026-07-08 17:09:03] buffer is less than 5, real size: 0
[2026-07-08 17:09:03] out while is working
[2026-07-08 17:09:03] buffer is less than 5, real size: 0
[2026-07-08 17:09:03] out while is working
[2026-07-08 17:09:03] buffer is less than 5, real size: 0
[2026-07-08 17:09:03] out while is working
[2026-07-08 17:09:03] buffer is less than 5, real size: 0
[2026-07-08 17:09:03] out while is working
[2026-07-08 17:09:03] buffer is less than 5, real size: 0
[2026-07-08 17:09:03] out while is working
[2026-07-08 17:09:03] buffer is less than 5, real size: 0
[2026-07-08 17:09:03] out while is working
[2026-07-08 17:09:03] buffer is less than 5, real size: 0
[2026-07-08 17:09:03] out while is working
[2026-07-08 17:09:03] buffer is less than 5, real size: 1
[2026-07-08 17:09:03] out while is working
[2026-07-08 17:09:03] data_length 14 iseq 76
[2026-07-08 17:09:03] begin switch_method
[2026-07-08 17:09:03] find command id514
[2026-07-08 17:09:03] data_length 17 iseq 77
[2026-07-08 17:09:03] buffer is less than sof_index + frame_length(26), buffer size: b'\xa5\x11\x00M\x99\x01\x02\t\x01'
[2026-07-08 17:09:03] out while is working
[2026-07-08 17:09:03] data_length 17 iseq 77
[2026-07-08 17:09:03] buffer is less than sof_index + frame_length(26), buffer size: b'\xa5\x11\x00M\x99\x01\x02\t\x01\xb8'
[2026-07-08 17:09:03] out while is working
[2026-07-08 17:09:03] data_length 17 iseq 77
[2026-07-08 17:09:03] begin switch_method
[2026-07-08 17:09:03] find command id513
[2026-07-08 17:09:03] buffer is less than 5, real size: 0
[2026-07-08 17:09:03] out while is working
[2026-07-08 17:09:03] buffer is less than 5, real size: 0
[2026-07-08 17:09:03] out while is working
[2026-07-08 17:09:03] buffer is less than 5, real size: 0
[2026-07-08 17:09:03] out while is working
[2026-07-08 17:09:03] buffer is less than 5, real size: 0
[2026-07-08 17:09:03] out while is working
[2026-07-08 17:09:03] buffer is less than 5, real size: 0
[2026-07-08 17:09:03] out while is working
[2026-07-08 17:09:03] buffer is less than 5, real size: 1
[2026-07-08 17:09:03] out while is working
[2026-07-08 17:09:03] data_length 5 iseq 78
[2026-07-08 17:09:03] begin switch_method
[2026-07-08 17:09:03] find command id521
[2026-07-08 17:09:03] buffer is less than 5, real size: 0
[2026-07-08 17:09:03] out while is working
[2026-07-08 17:09:03] buffer is less than 5, real size: 0
[2026-07-08 17:09:03] out while is working
[2026-07-08 17:09:03] buffer is less than 5, real size: 0
[2026-07-08 17:09:03] out while is working
[2026-07-08 17:09:03] buffer is less than 5, real size: 0
[2026-07-08 17:09:03] out while is working
[2026-07-08 17:09:03] buffer is less than 5, real size: 0
[2026-07-08 17:09:03] out while is working
[2026-07-08 17:09:03] buffer is less than 5, real size: 1
[2026-07-08 17:09:03] out while is working
[2026-07-08 17:09:03] data_length 14 iseq 79
[2026-07-08 17:09:03] begin switch_method
[2026-07-08 17:09:03] find command id514
[2026-07-08 17:09:03] data_length 17 iseq 80
[2026-07-08 17:09:03] buffer is less than sof_index + frame_length(26), buffer size: b'\xa5\x11\x00P\xf9\x01\x02\t\x01'
[2026-07-08 17:09:03] out while is working
[2026-07-08 17:09:03] data_length 17 iseq 80
[2026-07-08 17:09:03] buffer is less than sof_index + frame_length(26), buffer size: b'\xa5\x11\x00P\xf9\x01\x02\t\x01\xb8'
[2026-07-08 17:09:03] out while is working
[2026-07-08 17:09:03] data_length 17 iseq 80
[2026-07-08 17:09:03] begin switch_method
[2026-07-08 17:09:03] find command id513
[2026-07-08 17:09:03] buffer is less than 5, real size: 0
[2026-07-08 17:09:03] out while is working
[2026-07-08 17:09:03] buffer is less than 5, real size: 0
[2026-07-08 17:09:03] out while is working
[2026-07-08 17:09:03] buffer is less than 5, real size: 0
[2026-07-08 17:09:03] out while is working
[2026-07-08 17:09:03] buffer is less than 5, real size: 0
[2026-07-08 17:09:03] out while is working
[2026-07-08 17:09:03] buffer is less than 5, real size: 0
[2026-07-08 17:09:03] out while is working
[2026-07-08 17:09:03] buffer is less than 5, real size: 0
[2026-07-08 17:09:03] out while is working
[2026-07-08 17:09:03] buffer is less than 5, real size: 0
[2026-07-08 17:09:03] out while is working
[2026-07-08 17:09:03] buffer is less than 5, real size: 0
[2026-07-08 17:09:03] out while is working
[2026-07-08 17:09:03] buffer is less than 5, real size: 0
[2026-07-08 17:09:03] out while is working
[2026-07-08 17:09:03] buffer is less than 5, real size: 0
[2026-07-08 17:09:03] out while is working
[2026-07-08 17:09:03] buffer is less than 5, real size: 0
[2026-07-08 17:09:03] out while is working
[2026-07-08 17:09:03] buffer is less than 5, real size: 1
[2026-07-08 17:09:03] out while is working
[2026-07-08 17:09:03] data_length 14 iseq 81
[2026-07-08 17:09:03] begin switch_method
[2026-07-08 17:09:03] find command id514
[2026-07-08 17:09:03] data_length 17 iseq 82
[2026-07-08 17:09:03] buffer is less than sof_index + frame_length(26), buffer size: b'\xa5\x11\x00RE\x01\x02\t\x01'
[2026-07-08 17:09:03] out while is working
[2026-07-08 17:09:03] data_length 17 iseq 82
[2026-07-08 17:09:03] buffer is less than sof_index + frame_length(26), buffer size: b'\xa5\x11\x00RE\x01\x02\t\x01\xb8'
[2026-07-08 17:09:03] out while is working
[2026-07-08 17:09:03] data_length 17 iseq 82
[2026-07-08 17:09:03] begin switch_method
[2026-07-08 17:09:03] find command id513
[2026-07-08 17:09:03] buffer is less than 5, real size: 0
[2026-07-08 17:09:03] out while is working
[2026-07-08 17:09:03] buffer is less than 5, real size: 0
[2026-07-08 17:09:03] out while is working
[2026-07-08 17:09:03] buffer is less than 5, real size: 0
[2026-07-08 17:09:03] out while is working
[2026-07-08 17:09:03] buffer is less than 5, real size: 0
[2026-07-08 17:09:03] out while is working
[2026-07-08 17:09:03] buffer is less than 5, real size: 0
[2026-07-08 17:09:03] out while is working
[2026-07-08 17:09:03] buffer is less than 5, real size: 0
[2026-07-08 17:09:03] out while is working
[2026-07-08 17:09:03] buffer is less than 5, real size: 0
[2026-07-08 17:09:03] out while is working
[2026-07-08 17:09:03] buffer is less than 5, real size: 0
[2026-07-08 17:09:03] out while is working
[2026-07-08 17:09:03] buffer is less than 5, real size: 0
[2026-07-08 17:09:03] out while is working
[2026-07-08 17:09:03] buffer is less than 5, real size: 0
[2026-07-08 17:09:03] out while is working
[2026-07-08 17:09:03] buffer is less than 5, real size: 1
[2026-07-08 17:09:03] out while is working
[2026-07-08 17:09:03] data_length 14 iseq 83
[2026-07-08 17:09:03] begin switch_method
[2026-07-08 17:09:03] find command id514
[2026-07-08 17:09:03] data_length 17 iseq 84
[2026-07-08 17:09:03] buffer is less than sof_index + frame_length(26), buffer size: b'\xa5\x11\x00T\x98\x01\x02\t\x01'
[2026-07-08 17:09:03] out while is working
[2026-07-08 17:09:03] data_length 17 iseq 84
[2026-07-08 17:09:03] buffer is less than sof_index + frame_length(26), buffer size: b'\xa5\x11\x00T\x98\x01\x02\t\x01\xb8'
[2026-07-08 17:09:03] out while is working
[2026-07-08 17:09:03] data_length 17 iseq 84
[2026-07-08 17:09:03] begin switch_method
[2026-07-08 17:09:03] find command id513
[2026-07-08 17:09:03] buffer is less than 5, real size: 0
[2026-07-08 17:09:03] out while is working
[2026-07-08 17:09:03] buffer is less than 5, real size: 0
[2026-07-08 17:09:03] out while is working
[2026-07-08 17:09:03] buffer is less than 5, real size: 0
[2026-07-08 17:09:03] out while is working
[2026-07-08 17:09:03] buffer is less than 5, real size: 1
[2026-07-08 17:09:03] out while is working
[2026-07-08 17:09:03] data_length 5 iseq 85
[2026-07-08 17:09:03] begin switch_method
[2026-07-08 17:09:03] find command id521
[2026-07-08 17:09:03] buffer is less than 5, real size: 0
[2026-07-08 17:09:03] out while is working
[2026-07-08 17:09:03] buffer is less than 5, real size: 0
[2026-07-08 17:09:03] out while is working
[2026-07-08 17:09:03] buffer is less than 5, real size: 0
[2026-07-08 17:09:03] out while is working
[2026-07-08 17:09:03] buffer is less than 5, real size: 0
[2026-07-08 17:09:03] out while is working
[2026-07-08 17:09:03] buffer is less than 5, real size: 0
[2026-07-08 17:09:03] out while is working
[2026-07-08 17:09:03] buffer is less than 5, real size: 0
[2026-07-08 17:09:03] out while is working
[2026-07-08 17:09:03] buffer is less than 5, real size: 0
[2026-07-08 17:09:03] out while is working
[2026-07-08 17:09:03] buffer is less than 5, real size: 0
[2026-07-08 17:09:03] out while is working
[2026-07-08 17:09:03] buffer is less than 5, real size: 1
[2026-07-08 17:09:03] out while is working
[2026-07-08 17:09:03] data_length 14 iseq 86
[2026-07-08 17:09:03] begin switch_method
[2026-07-08 17:09:03] find command id514
[2026-07-08 17:09:03] data_length 12 iseq 87
[2026-07-08 17:09:03] buffer is less than sof_index + frame_length(21), buffer size: b'\xa5\x0c\x00W \x03\x02\x00\x00'
[2026-07-08 17:09:03] out while is working
[2026-07-08 17:09:03] data_length 12 iseq 87
[2026-07-08 17:09:03] buffer is less than sof_index + frame_length(21), buffer size: b'\xa5\x0c\x00W \x03\x02\x00\x00\x00'
[2026-07-08 17:09:03] out while is working
[2026-07-08 17:09:03] data_length 12 iseq 87
[2026-07-08 17:09:03] begin switch_method
[2026-07-08 17:09:03] find command id515
[2026-07-08 17:09:03] data_length 17 iseq 88
[2026-07-08 17:09:03] buffer is less than sof_index + frame_length(26), buffer size: b'\xa5\x11\x00X;\x01\x02\t\x01\xb8"\xb8"d\x00@\x01x\x00\x00'
[2026-07-08 17:09:03] out while is working
[2026-07-08 17:09:03] data_length 17 iseq 88
[2026-07-08 17:09:03] buffer is less than sof_index + frame_length(26), buffer size: b'\xa5\x11\x00X;\x01\x02\t\x01\xb8"\xb8"d\x00@\x01x\x00\x00\x00'
[2026-07-08 17:09:03] out while is working
[2026-07-08 17:09:03] data_length 17 iseq 88
[2026-07-08 17:09:03] begin switch_method
[2026-07-08 17:09:03] find command id513
[2026-07-08 17:09:03] buffer is less than 5, real size: 0
[2026-07-08 17:09:03] out while is working
[2026-07-08 17:09:03] buffer is less than 5, real size: 0
[2026-07-08 17:09:03] out while is working
[2026-07-08 17:09:03] buffer is less than 5, real size: 0
[2026-07-08 17:09:03] out while is working
[2026-07-08 17:09:03] buffer is less than 5, real size: 0
[2026-07-08 17:09:03] out while is working
[2026-07-08 17:09:03] buffer is less than 5, real size: 0
[2026-07-08 17:09:03] out while is working
[2026-07-08 17:09:03] buffer is less than 5, real size: 0
[2026-07-08 17:09:03] out while is working
[2026-07-08 17:09:03] buffer is less than 5, real size: 0
[2026-07-08 17:09:03] out while is working
[2026-07-08 17:09:03] buffer is less than 5, real size: 0
[2026-07-08 17:09:03] out while is working
[2026-07-08 17:09:03] buffer is less than 5, real size: 0
[2026-07-08 17:09:03] out while is working
[2026-07-08 17:09:03] buffer is less than 5, real size: 0
[2026-07-08 17:09:03] out while is working
[2026-07-08 17:09:03] buffer is less than 5, real size: 1
[2026-07-08 17:09:03] out while is working
[2026-07-08 17:09:03] data_length 14 iseq 89
[2026-07-08 17:09:03] begin switch_method
[2026-07-08 17:09:03] find command id514
[2026-07-08 17:09:03] data_length 17 iseq 90
[2026-07-08 17:09:03] buffer is less than sof_index + frame_length(26), buffer size: b'\xa5\x11\x00Z\x87\x01\x02\t\x01'
[2026-07-08 17:09:03] out while is working
[2026-07-08 17:09:03] data_length 17 iseq 90
[2026-07-08 17:09:03] buffer is less than sof_index + frame_length(26), buffer size: b'\xa5\x11\x00Z\x87\x01\x02\t\x01\xb8'
[2026-07-08 17:09:03] out while is working
[2026-07-08 17:09:03] data_length 17 iseq 90
[2026-07-08 17:09:03] begin switch_method
[2026-07-08 17:09:03] find command id513
[2026-07-08 17:09:03] buffer is less than 5, real size: 0
[2026-07-08 17:09:03] out while is working
[2026-07-08 17:09:03] buffer is less than 5, real size: 0
[2026-07-08 17:09:03] out while is working
[2026-07-08 17:09:03] buffer is less than 5, real size: 0
[2026-07-08 17:09:03] out while is working
[2026-07-08 17:09:03] buffer is less than 5, real size: 0
[2026-07-08 17:09:03] out while is working
[2026-07-08 17:09:03] buffer is less than 5, real size: 0
[2026-07-08 17:09:03] out while is working
[2026-07-08 17:09:03] buffer is less than 5, real size: 0
[2026-07-08 17:09:03] out while is working
[2026-07-08 17:09:03] buffer is less than 5, real size: 0
[2026-07-08 17:09:03] out while is working
[2026-07-08 17:09:03] buffer is less than 5, real size: 0
[2026-07-08 17:09:03] out while is working
[2026-07-08 17:09:03] buffer is less than 5, real size: 0
[2026-07-08 17:09:03] out while is working
[2026-07-08 17:09:03] buffer is less than 5, real size: 0
[2026-07-08 17:09:03] out while is working
[2026-07-08 17:09:03] buffer is less than 5, real size: 1
[2026-07-08 17:09:03] out while is working
[2026-07-08 17:09:03] data_length 14 iseq 91
[2026-07-08 17:09:03] begin switch_method
[2026-07-08 17:09:03] find command id514
[2026-07-08 17:09:03] data_length 17 iseq 92
[2026-07-08 17:09:03] buffer is less than sof_index + frame_length(26), buffer size: b'\xa5\x11\x00\\Z\x01\x02\t\x01'
[2026-07-08 17:09:03] out while is working
[2026-07-08 17:09:03] data_length 17 iseq 92
[2026-07-08 17:09:03] buffer is less than sof_index + frame_length(26), buffer size: b'\xa5\x11\x00\\Z\x01\x02\t\x01\xb8'
[2026-07-08 17:09:03] out while is working
[2026-07-08 17:09:03] data_length 17 iseq 92
[2026-07-08 17:09:03] begin switch_method
[2026-07-08 17:09:03] find command id513
[2026-07-08 17:09:03] buffer is less than 5, real size: 0
[2026-07-08 17:09:03] out while is working
[2026-07-08 17:09:03] buffer is less than 5, real size: 0
[2026-07-08 17:09:03] out while is working
[2026-07-08 17:09:03] buffer is less than 5, real size: 0
[2026-07-08 17:09:03] out while is working
[2026-07-08 17:09:03] buffer is less than 5, real size: 1
[2026-07-08 17:09:03] out while is working
[2026-07-08 17:09:03] data_length 2 iseq 93
[2026-07-08 17:09:03] begin switch_method
[2026-07-08 17:09:03] find command id524
[2026-07-08 17:09:03] Mark process: [0, 0, 0, 0, 0, 0] (raw bits: 0000000000000000)
[2026-07-08 17:09:03] buffer is less than 5, real size: 0
[2026-07-08 17:09:03] out while is working
[2026-07-08 17:09:03] buffer is less than 5, real size: 0
[2026-07-08 17:09:03] out while is working
[2026-07-08 17:09:03] buffer is less than 5, real size: 1
[2026-07-08 17:09:03] out while is working
[2026-07-08 17:09:03] data_length 4 iseq 94
[2026-07-08 17:09:03] begin switch_method
[2026-07-08 17:09:03] find command id257
[2026-07-08 17:09:03] data_length 11 iseq 95
[2026-07-08 17:09:03] buffer is less than sof_index + frame_length(20), buffer size: b'\xa5\x0b\x00_\x98\x01\x00\x01\x00\x00\x00\x00\x00\x00\x00\x00\x00\x006'
[2026-07-08 17:09:03] out while is working
[2026-07-08 17:09:03] data_length 11 iseq 95
[2026-07-08 17:09:03] begin switch_method
[2026-07-08 17:09:03] find command id1
[2026-07-08 17:09:03] buffer is less than 5, real size: 0
[2026-07-08 17:09:03] out while is working
[2026-07-08 17:09:03] data_length 3 iseq 96
[2026-07-08 17:09:03] begin switch_method
[2026-07-08 17:09:03] find command id261
[2026-07-08 17:09:03] Dart target: 0
[2026-07-08 17:09:03] data_length 1 iseq 97
[2026-07-08 17:09:03] begin switch_method
[2026-07-08 17:09:03] find command id526
[2026-07-08 17:09:03] Double effect chance: 0, is double effect active: 0
[2026-07-08 17:09:03] Interference level: 1, is key updated: 1
[2026-07-08 17:09:03] data_length 5 iseq 98
[2026-07-08 17:09:03] buffer is less than sof_index + frame_length(14), buffer size: b'\xa5\x05\x00b/\t\x02\x00\x00'
[2026-07-08 17:09:03] out while is working
[2026-07-08 17:09:03] data_length 5 iseq 98
[2026-07-08 17:09:03] buffer is less than sof_index + frame_length(14), buffer size: b'\xa5\x05\x00b/\t\x02\x00\x00\x00'
[2026-07-08 17:09:03] out while is working
[2026-07-08 17:09:03] data_length 5 iseq 98
[2026-07-08 17:09:03] begin switch_method
[2026-07-08 17:09:03] find command id521
[2026-07-08 17:09:03] buffer is less than 5, real size: 0
[2026-07-08 17:09:03] out while is working
[2026-07-08 17:09:03] buffer is less than 5, real size: 0
[2026-07-08 17:09:03] out while is working
[2026-07-08 17:09:03] buffer is less than 5, real size: 0
[2026-07-08 17:09:03] out while is working
[2026-07-08 17:09:03] buffer is less than 5, real size: 0
[2026-07-08 17:09:03] out while is working
[2026-07-08 17:09:03] buffer is less than 5, real size: 0
[2026-07-08 17:09:03] out while is working
[2026-07-08 17:09:03] buffer is less than 5, real size: 0
[2026-07-08 17:09:03] out while is working
[2026-07-08 17:09:03] buffer is less than 5, real size: 1
[2026-07-08 17:09:03] out while is working
[2026-07-08 17:09:03] data_length 14 iseq 99
[2026-07-08 17:09:03] begin switch_method
[2026-07-08 17:09:03] find command id514
[2026-07-08 17:09:03] data_length 17 iseq 100
[2026-07-08 17:09:03] buffer is less than sof_index + frame_length(26), buffer size: b'\xa5\x11\x00d&\x01\x02\t\x01'
[2026-07-08 17:09:03] out while is working
[2026-07-08 17:09:03] data_length 17 iseq 100
[2026-07-08 17:09:03] buffer is less than sof_index + frame_length(26), buffer size: b'\xa5\x11\x00d&\x01\x02\t\x01\xb8'
[2026-07-08 17:09:03] out while is working
[2026-07-08 17:09:03] data_length 17 iseq 100
[2026-07-08 17:09:03] begin switch_method
[2026-07-08 17:09:03] find command id513
[2026-07-08 17:09:03] buffer is less than 5, real size: 0
[2026-07-08 17:09:03] out while is working
[2026-07-08 17:09:03] buffer is less than 5, real size: 0
[2026-07-08 17:09:03] out while is working
[2026-07-08 17:09:03] buffer is less than 5, real size: 0
[2026-07-08 17:09:03] out while is working
[2026-07-08 17:09:03] buffer is less than 5, real size: 0
[2026-07-08 17:09:03] out while is working
[2026-07-08 17:09:03] buffer is less than 5, real size: 0
[2026-07-08 17:09:03] out while is working
[2026-07-08 17:09:03] buffer is less than 5, real size: 0
[2026-07-08 17:09:03] out while is working
[2026-07-08 17:09:03] buffer is less than 5, real size: 0
[2026-07-08 17:09:03] out while is working
[2026-07-08 17:09:03] buffer is less than 5, real size: 0
[2026-07-08 17:09:03] out while is working
[2026-07-08 17:09:03] buffer is less than 5, real size: 0
[2026-07-08 17:09:03] out while is working
[2026-07-08 17:09:03] buffer is less than 5, real size: 0
[2026-07-08 17:09:03] out while is working
[2026-07-08 17:09:03] buffer is less than 5, real size: 1
[2026-07-08 17:09:03] out while is working
[2026-07-08 17:09:03] data_length 14 iseq 101
[2026-07-08 17:09:03] begin switch_method
[2026-07-08 17:09:03] find command id514
[2026-07-08 17:09:03] data_length 17 iseq 102
[2026-07-08 17:09:03] buffer is less than sof_index + frame_length(26), buffer size: b'\xa5\x11\x00f\x9a\x01\x02\t\x01'
[2026-07-08 17:09:03] out while is working
[2026-07-08 17:09:03] data_length 17 iseq 102
[2026-07-08 17:09:03] buffer is less than sof_index + frame_length(26), buffer size: b'\xa5\x11\x00f\x9a\x01\x02\t\x01\xb8'
[2026-07-08 17:09:03] out while is working
[2026-07-08 17:09:03] data_length 17 iseq 102
[2026-07-08 17:09:03] begin switch_method
[2026-07-08 17:09:03] find command id513
[2026-07-08 17:09:03] buffer is less than 5, real size: 0
[2026-07-08 17:09:03] out while is working
[2026-07-08 17:09:03] buffer is less than 5, real size: 0
[2026-07-08 17:09:03] out while is working
[2026-07-08 17:09:03] buffer is less than 5, real size: 0
[2026-07-08 17:09:03] out while is working
[2026-07-08 17:09:03] buffer is less than 5, real size: 0
[2026-07-08 17:09:03] out while is working
[2026-07-08 17:09:03] buffer is less than 5, real size: 0
[2026-07-08 17:09:03] out while is working
[2026-07-08 17:09:03] buffer is less than 5, real size: 0
[2026-07-08 17:09:03] out while is working
[2026-07-08 17:09:03] buffer is less than 5, real size: 0
[2026-07-08 17:09:03] out while is working
[2026-07-08 17:09:03] buffer is less than 5, real size: 0
[2026-07-08 17:09:03] out while is working
[2026-07-08 17:09:04] buffer is less than 5, real size: 0
[2026-07-08 17:09:04] out while is working
[2026-07-08 17:09:04] buffer is less than 5, real size: 0
[2026-07-08 17:09:04] out while is working
[2026-07-08 17:09:04] buffer is less than 5, real size: 1
[2026-07-08 17:09:04] out while is working
[2026-07-08 17:09:04] data_length 14 iseq 103
[2026-07-08 17:09:04] begin switch_method
[2026-07-08 17:09:04] find command id514
[2026-07-08 17:09:04] data_length 17 iseq 104
[2026-07-08 17:09:04] buffer is less than sof_index + frame_length(26), buffer size: b'\xa5\x11\x00h\x85\x01\x02\t\x01'
[2026-07-08 17:09:04] out while is working
[2026-07-08 17:09:04] data_length 17 iseq 104
[2026-07-08 17:09:04] buffer is less than sof_index + frame_length(26), buffer size: b'\xa5\x11\x00h\x85\x01\x02\t\x01\xb8'
[2026-07-08 17:09:04] out while is working
[2026-07-08 17:09:04] data_length 17 iseq 104
[2026-07-08 17:09:04] begin switch_method
[2026-07-08 17:09:04] find command id513
[2026-07-08 17:09:04] buffer is less than 5, real size: 0
[2026-07-08 17:09:04] out while is working
[2026-07-08 17:09:04] buffer is less than 5, real size: 0
[2026-07-08 17:09:04] out while is working
[2026-07-08 17:09:04] buffer is less than 5, real size: 1
[2026-07-08 17:09:04] out while is working
[2026-07-08 17:09:04] data_length 5 iseq 105
[2026-07-08 17:09:04] begin switch_method
[2026-07-08 17:09:04] find command id521
[2026-07-08 17:09:04] buffer is less than 5, real size: 0
[2026-07-08 17:09:04] out while is working
[2026-07-08 17:09:04] buffer is less than 5, real size: 0
[2026-07-08 17:09:04] out while is working
[2026-07-08 17:09:04] buffer is less than 5, real size: 0
[2026-07-08 17:09:04] out while is working
[2026-07-08 17:09:04] buffer is less than 5, real size: 0
[2026-07-08 17:09:04] out while is working
[2026-07-08 17:09:04] buffer is less than 5, real size: 0
[2026-07-08 17:09:04] out while is working
[2026-07-08 17:09:04] buffer is less than 5, real size: 0
[2026-07-08 17:09:04] out while is working
[2026-07-08 17:09:04] buffer is less than 5, real size: 0
[2026-07-08 17:09:04] out while is working
[2026-07-08 17:09:04] buffer is less than 5, real size: 0
[2026-07-08 17:09:04] out while is working
[2026-07-08 17:09:04] buffer is less than 5, real size: 0
[2026-07-08 17:09:04] out while is working
[2026-07-08 17:09:04] buffer is less than 5, real size: 1
[2026-07-08 17:09:04] out while is working
[2026-07-08 17:09:04] data_length 14 iseq 106
[2026-07-08 17:09:04] begin switch_method
[2026-07-08 17:09:04] find command id514
[2026-07-08 17:09:04] data_length 17 iseq 107
[2026-07-08 17:09:04] buffer is less than sof_index + frame_length(26), buffer size: b'\xa5\x11\x00kg\x01\x02\t\x01'
[2026-07-08 17:09:04] out while is working
[2026-07-08 17:09:04] data_length 17 iseq 107
[2026-07-08 17:09:04] buffer is less than sof_index + frame_length(26), buffer size: b'\xa5\x11\x00kg\x01\x02\t\x01\xb8'
[2026-07-08 17:09:04] out while is working
[2026-07-08 17:09:04] data_length 17 iseq 107
[2026-07-08 17:09:04] begin switch_method
[2026-07-08 17:09:04] find command id513
[2026-07-08 17:09:04] buffer is less than 5, real size: 0
[2026-07-08 17:09:04] out while is working
[2026-07-08 17:09:04] buffer is less than 5, real size: 0
[2026-07-08 17:09:04] out while is working
[2026-07-08 17:09:04] buffer is less than 5, real size: 0
[2026-07-08 17:09:04] out while is working
[2026-07-08 17:09:04] buffer is less than 5, real size: 0
[2026-07-08 17:09:04] out while is working
[2026-07-08 17:09:04] buffer is less than 5, real size: 0
[2026-07-08 17:09:04] out while is working
[2026-07-08 17:09:04] buffer is less than 5, real size: 0
[2026-07-08 17:09:04] out while is working
[2026-07-08 17:09:04] buffer is less than 5, real size: 0
[2026-07-08 17:09:04] out while is working
[2026-07-08 17:09:04] buffer is less than 5, real size: 0
[2026-07-08 17:09:04] out while is working
[2026-07-08 17:09:04] buffer is less than 5, real size: 0
[2026-07-08 17:09:04] out while is working
[2026-07-08 17:09:04] buffer is less than 5, real size: 0
[2026-07-08 17:09:04] out while is working
[2026-07-08 17:09:04] buffer is less than 5, real size: 1
[2026-07-08 17:09:04] out while is working
[2026-07-08 17:09:04] data_length 14 iseq 108
[2026-07-08 17:09:04] begin switch_method
[2026-07-08 17:09:04] find command id514
[2026-07-08 17:09:04] data_length 17 iseq 109
[2026-07-08 17:09:04] buffer is less than sof_index + frame_length(26), buffer size: b'\xa5\x11\x00m\xba\x01\x02\t\x01'
[2026-07-08 17:09:04] out while is working
[2026-07-08 17:09:04] data_length 17 iseq 109
[2026-07-08 17:09:04] buffer is less than sof_index + frame_length(26), buffer size: b'\xa5\x11\x00m\xba\x01\x02\t\x01\xb8'
[2026-07-08 17:09:04] out while is working
[2026-07-08 17:09:04] data_length 17 iseq 109
[2026-07-08 17:09:04] begin switch_method
[2026-07-08 17:09:04] find command id513
[2026-07-08 17:09:04] buffer is less than 5, real size: 0
[2026-07-08 17:09:04] out while is working
[2026-07-08 17:09:04] buffer is less than 5, real size: 0
[2026-07-08 17:09:04] out while is working
[2026-07-08 17:09:04] buffer is less than 5, real size: 0
[2026-07-08 17:09:04] out while is working
[2026-07-08 17:09:04] buffer is less than 5, real size: 0
[2026-07-08 17:09:04] out while is working
[2026-07-08 17:09:04] buffer is less than 5, real size: 0
[2026-07-08 17:09:04] out while is working
[2026-07-08 17:09:04] buffer is less than 5, real size: 0
[2026-07-08 17:09:04] out while is working
[2026-07-08 17:09:04] buffer is less than 5, real size: 0
[2026-07-08 17:09:04] out while is working
[2026-07-08 17:09:04] buffer is less than 5, real size: 0
[2026-07-08 17:09:04] out while is working
[2026-07-08 17:09:04] buffer is less than 5, real size: 0
[2026-07-08 17:09:04] out while is working
[2026-07-08 17:09:04] buffer is less than 5, real size: 0
[2026-07-08 17:09:04] out while is working
[2026-07-08 17:09:04] buffer is less than 5, real size: 1
[2026-07-08 17:09:04] out while is working
[2026-07-08 17:09:04] data_length 14 iseq 110
[2026-07-08 17:09:04] begin switch_method
[2026-07-08 17:09:04] find command id514
[2026-07-08 17:09:04] data_length 17 iseq 111
[2026-07-08 17:09:04] buffer is less than sof_index + frame_length(26), buffer size: b'\xa5\x11\x00o\x06\x01\x02\t\x01'
[2026-07-08 17:09:04] out while is working
[2026-07-08 17:09:04] data_length 17 iseq 111
[2026-07-08 17:09:04] buffer is less than sof_index + frame_length(26), buffer size: b'\xa5\x11\x00o\x06\x01\x02\t\x01\xb8'
[2026-07-08 17:09:04] out while is working
[2026-07-08 17:09:04] data_length 17 iseq 111
[2026-07-08 17:09:04] begin switch_method
[2026-07-08 17:09:04] find command id513
[2026-07-08 17:09:04] buffer is less than 5, real size: 0
[2026-07-08 17:09:04] out while is working
[2026-07-08 17:09:04] buffer is less than 5, real size: 0
[2026-07-08 17:09:04] out while is working
[2026-07-08 17:09:04] buffer is less than 5, real size: 1
[2026-07-08 17:09:04] out while is working
[2026-07-08 17:09:04] data_length 5 iseq 112
[2026-07-08 17:09:04] begin switch_method
[2026-07-08 17:09:04] find command id521
[2026-07-08 17:09:04] buffer is less than 5, real size: 0
[2026-07-08 17:09:04] out while is working
[2026-07-08 17:09:04] buffer is less than 5, real size: 0
[2026-07-08 17:09:04] out while is working
[2026-07-08 17:09:04] buffer is less than 5, real size: 0
[2026-07-08 17:09:04] out while is working
[2026-07-08 17:09:04] buffer is less than 5, real size: 0
[2026-07-08 17:09:04] out while is working
[2026-07-08 17:09:04] buffer is less than 5, real size: 0
[2026-07-08 17:09:04] out while is working
[2026-07-08 17:09:04] buffer is less than 5, real size: 0
[2026-07-08 17:09:04] out while is working
[2026-07-08 17:09:04] buffer is less than 5, real size: 0
[2026-07-08 17:09:04] out while is working
[2026-07-08 17:09:04] buffer is less than 5, real size: 0
[2026-07-08 17:09:04] out while is working
[2026-07-08 17:09:04] buffer is less than 5, real size: 0
[2026-07-08 17:09:04] out while is working
[2026-07-08 17:09:04] buffer is less than 5, real size: 0
[2026-07-08 17:09:04] out while is working
[2026-07-08 17:09:04] buffer is less than 5, real size: 0
[2026-07-08 17:09:04] out while is working
[2026-07-08 17:09:04] buffer is less than 5, real size: 1
[2026-07-08 17:09:04] out while is working
[2026-07-08 17:09:04] data_length 14 iseq 113
[2026-07-08 17:09:04] begin switch_method
[2026-07-08 17:09:04] find command id514
[2026-07-08 17:09:04] data_length 17 iseq 114
[2026-07-08 17:09:04] buffer is less than sof_index + frame_length(26), buffer size: b'\xa5\x11\x00rf\x01\x02\t\x01'
[2026-07-08 17:09:04] out while is working
[2026-07-08 17:09:04] data_length 17 iseq 114
[2026-07-08 17:09:04] buffer is less than sof_index + frame_length(26), buffer size: b'\xa5\x11\x00rf\x01\x02\t\x01\xb8'
[2026-07-08 17:09:04] out while is working
[2026-07-08 17:09:04] data_length 17 iseq 114
[2026-07-08 17:09:04] begin switch_method
[2026-07-08 17:09:04] find command id513
[2026-07-08 17:09:04] buffer is less than 5, real size: 0
[2026-07-08 17:09:04] out while is working
[2026-07-08 17:09:04] buffer is less than 5, real size: 0
[2026-07-08 17:09:04] out while is working
[2026-07-08 17:09:04] buffer is less than 5, real size: 0
[2026-07-08 17:09:04] out while is working
[2026-07-08 17:09:04] buffer is less than 5, real size: 0
[2026-07-08 17:09:04] out while is working
[2026-07-08 17:09:04] buffer is less than 5, real size: 0
[2026-07-08 17:09:04] out while is working
[2026-07-08 17:09:04] buffer is less than 5, real size: 0
[2026-07-08 17:09:04] out while is working
[2026-07-08 17:09:04] buffer is less than 5, real size: 0
[2026-07-08 17:09:04] out while is working
[2026-07-08 17:09:04] buffer is less than 5, real size: 0
[2026-07-08 17:09:04] out while is working
[2026-07-08 17:09:04] buffer is less than 5, real size: 0
[2026-07-08 17:09:04] out while is working
[2026-07-08 17:09:04] buffer is less than 5, real size: 0
[2026-07-08 17:09:04] out while is working
[2026-07-08 17:09:04] buffer is less than 5, real size: 1
[2026-07-08 17:09:04] out while is working
[2026-07-08 17:09:04] data_length 14 iseq 115
[2026-07-08 17:09:04] begin switch_method
[2026-07-08 17:09:04] find command id514
[2026-07-08 17:09:04] data_length 12 iseq 116
[2026-07-08 17:09:04] buffer is less than sof_index + frame_length(21), buffer size: b'\xa5\x0c\x00t\xe1\x03\x02\x00\x00'
[2026-07-08 17:09:04] out while is working
[2026-07-08 17:09:04] data_length 12 iseq 116
[2026-07-08 17:09:04] buffer is less than sof_index + frame_length(21), buffer size: b'\xa5\x0c\x00t\xe1\x03\x02\x00\x00\x00'
[2026-07-08 17:09:04] out while is working
[2026-07-08 17:09:04] data_length 12 iseq 116
[2026-07-08 17:09:04] begin switch_method
[2026-07-08 17:09:04] find command id515
[2026-07-08 17:09:04] data_length 17 iseq 117
[2026-07-08 17:09:04] buffer is less than sof_index + frame_length(26), buffer size: b'\xa5\x11\x00u\xe5\x01\x02\t\x01\xb8"\xb8"d\x00@\x01x\x00\x00'
[2026-07-08 17:09:04] out while is working
[2026-07-08 17:09:04] data_length 17 iseq 117
[2026-07-08 17:09:04] buffer is less than sof_index + frame_length(26), buffer size: b'\xa5\x11\x00u\xe5\x01\x02\t\x01\xb8"\xb8"d\x00@\x01x\x00\x00\x00'
[2026-07-08 17:09:04] out while is working
[2026-07-08 17:09:04] data_length 17 iseq 117
[2026-07-08 17:09:04] begin switch_method
[2026-07-08 17:09:04] find command id513
[2026-07-08 17:09:04] buffer is less than 5, real size: 0
[2026-07-08 17:09:04] out while is working
[2026-07-08 17:09:04] buffer is less than 5, real size: 0
[2026-07-08 17:09:04] out while is working
[2026-07-08 17:09:04] buffer is less than 5, real size: 0
[2026-07-08 17:09:04] out while is working
[2026-07-08 17:09:04] buffer is less than 5, real size: 0
[2026-07-08 17:09:04] out while is working
[2026-07-08 17:09:04] buffer is less than 5, real size: 0
[2026-07-08 17:09:04] out while is working
[2026-07-08 17:09:04] buffer is less than 5, real size: 0
[2026-07-08 17:09:04] out while is working
[2026-07-08 17:09:04] buffer is less than 5, real size: 0
[2026-07-08 17:09:04] out while is working
[2026-07-08 17:09:04] buffer is less than 5, real size: 0
[2026-07-08 17:09:04] out while is working
[2026-07-08 17:09:04] buffer is less than 5, real size: 0
[2026-07-08 17:09:04] out while is working
[2026-07-08 17:09:04] buffer is less than 5, real size: 1
[2026-07-08 17:09:04] out while is working
[2026-07-08 17:09:04] data_length 5 iseq 118
[2026-07-08 17:09:04] begin switch_method
[2026-07-08 17:09:04] find command id521
[2026-07-08 17:09:04] buffer is less than 5, real size: 0
[2026-07-08 17:09:04] out while is working
[2026-07-08 17:09:04] buffer is less than 5, real size: 0
[2026-07-08 17:09:04] out while is working
[2026-07-08 17:09:04] buffer is less than 5, real size: 1
[2026-07-08 17:09:04] out while is working
[2026-07-08 17:09:04] data_length 14 iseq 119
[2026-07-08 17:09:04] begin switch_method
[2026-07-08 17:09:04] find command id514
[2026-07-08 17:09:04] data_length 17 iseq 120
[2026-07-08 17:09:04] buffer is less than sof_index + frame_length(26), buffer size: b'\xa5\x11\x00x\x18\x01\x02\t\x01'
[2026-07-08 17:09:04] out while is working
[2026-07-08 17:09:04] data_length 17 iseq 120
[2026-07-08 17:09:04] buffer is less than sof_index + frame_length(26), buffer size: b'\xa5\x11\x00x\x18\x01\x02\t\x01\xb8'
[2026-07-08 17:09:04] out while is working
[2026-07-08 17:09:04] data_length 17 iseq 120
[2026-07-08 17:09:04] begin switch_method
[2026-07-08 17:09:04] find command id513
[2026-07-08 17:09:04] buffer is less than 5, real size: 0
[2026-07-08 17:09:04] out while is working
[2026-07-08 17:09:04] buffer is less than 5, real size: 0
[2026-07-08 17:09:04] out while is working
[2026-07-08 17:09:04] buffer is less than 5, real size: 0
[2026-07-08 17:09:04] out while is working
[2026-07-08 17:09:04] buffer is less than 5, real size: 0
[2026-07-08 17:09:04] out while is working
[2026-07-08 17:09:04] buffer is less than 5, real size: 0
[2026-07-08 17:09:04] out while is working
[2026-07-08 17:09:04] buffer is less than 5, real size: 0
[2026-07-08 17:09:04] out while is working
[2026-07-08 17:09:04] buffer is less than 5, real size: 0
[2026-07-08 17:09:04] out while is working
[2026-07-08 17:09:04] buffer is less than 5, real size: 0
[2026-07-08 17:09:04] out while is working
[2026-07-08 17:09:04] buffer is less than 5, real size: 0
[2026-07-08 17:09:04] out while is working
[2026-07-08 17:09:04] buffer is less than 5, real size: 1
[2026-07-08 17:09:04] out while is working
[2026-07-08 17:09:04] data_length 2 iseq 121
[2026-07-08 17:09:04] begin switch_method
[2026-07-08 17:09:04] find command id524
[2026-07-08 17:09:04] Mark process: [0, 0, 0, 0, 0, 0] (raw bits: 0000000000000000)
[2026-07-08 17:09:04] data_length 4 iseq 122
[2026-07-08 17:09:04] begin switch_method
[2026-07-08 17:09:04] find command id257
[2026-07-08 17:09:04] data_length 11 iseq 123
[2026-07-08 17:09:04] buffer is less than sof_index + frame_length(20), buffer size: b'\xa5\x0b\x00{\xda\x01\x00\x01'
[2026-07-08 17:09:04] out while is working
[2026-07-08 17:09:04] data_length 11 iseq 123
[2026-07-08 17:09:04] buffer is less than sof_index + frame_length(20), buffer size: b'\xa5\x0b\x00{\xda\x01\x00\x01\x00'
[2026-07-08 17:09:04] out while is working
[2026-07-08 17:09:04] data_length 11 iseq 123
[2026-07-08 17:09:04] begin switch_method
[2026-07-08 17:09:04] find command id1
[2026-07-08 17:09:04] data_length 3 iseq 124
[2026-07-08 17:09:04] begin switch_method
[2026-07-08 17:09:04] find command id261
[2026-07-08 17:09:04] Dart target: 0
[2026-07-08 17:09:04] buffer is less than 5, real size: 0
[2026-07-08 17:09:04] out while is working
[2026-07-08 17:09:04] buffer is less than 5, real size: 1
[2026-07-08 17:09:04] out while is working
[2026-07-08 17:09:04] data_length 1 iseq 125
[2026-07-08 17:09:04] begin switch_method
[2026-07-08 17:09:04] find command id526
[2026-07-08 17:09:04] Double effect chance: 0, is double effect active: 0
[2026-07-08 17:09:04] Interference level: 1, is key updated: 1
[2026-07-08 17:09:04] data_length 14 iseq 126
[2026-07-08 17:09:04] buffer is less than sof_index + frame_length(23), buffer size: b'\xa5\x0e\x00~\xd0\x02\x02\x00\x00\x00\x00\x00\x00\x00\x00\x00\x00\x00\x00\x00\x00\xc5'
[2026-07-08 17:09:04] out while is working
[2026-07-08 17:09:04] data_length 14 iseq 126
[2026-07-08 17:09:04] begin switch_method
[2026-07-08 17:09:04] find command id514
[2026-07-08 17:09:04] buffer is less than 5, real size: 0
[2026-07-08 17:09:04] out while is working
[2026-07-08 17:09:04] data_length 17 iseq 127
[2026-07-08 17:09:04] begin switch_method
[2026-07-08 17:09:04] find command id513
[2026-07-08 17:09:04] buffer is less than 5, real size: 0
[2026-07-08 17:09:04] out while is working
[2026-07-08 17:09:04] buffer is less than 5, real size: 0
[2026-07-08 17:09:04] out while is working
[2026-07-08 17:09:04] buffer is less than 5, real size: 0
[2026-07-08 17:09:04] out while is working
[2026-07-08 17:09:04] buffer is less than 5, real size: 0
[2026-07-08 17:09:04] out while is working
[2026-07-08 17:09:04] buffer is less than 5, real size: 0
[2026-07-08 17:09:04] out while is working
[2026-07-08 17:09:04] buffer is less than 5, real size: 0
[2026-07-08 17:09:04] out while is working
[2026-07-08 17:09:04] buffer is less than 5, real size: 0
[2026-07-08 17:09:04] out while is working
[2026-07-08 17:09:04] buffer is less than 5, real size: 0
[2026-07-08 17:09:04] out while is working
[2026-07-08 17:09:04] buffer is less than 5, real size: 0
[2026-07-08 17:09:04] out while is working
[2026-07-08 17:09:04] buffer is less than 5, real size: 0
[2026-07-08 17:09:04] out while is working
[2026-07-08 17:09:04] buffer is less than 5, real size: 1
[2026-07-08 17:09:04] out while is working
[2026-07-08 17:09:04] data_length 14 iseq 128
[2026-07-08 17:09:04] begin switch_method
[2026-07-08 17:09:04] find command id514
[2026-07-08 17:09:04] data_length 17 iseq 129
[2026-07-08 17:09:04] buffer is less than sof_index + frame_length(26), buffer size: b'\xa5\x11\x00\x81\xf0\x01\x02\t\x01'
[2026-07-08 17:09:04] out while is working
[2026-07-08 17:09:04] data_length 17 iseq 129
[2026-07-08 17:09:04] buffer is less than sof_index + frame_length(26), buffer size: b'\xa5\x11\x00\x81\xf0\x01\x02\t\x01\xb8'
[2026-07-08 17:09:04] out while is working
[2026-07-08 17:09:04] data_length 17 iseq 129
[2026-07-08 17:09:04] begin switch_method
[2026-07-08 17:09:04] find command id513
[2026-07-08 17:09:04] buffer is less than 5, real size: 0
[2026-07-08 17:09:04] out while is working
[2026-07-08 17:09:04] buffer is less than 5, real size: 0
[2026-07-08 17:09:04] out while is working
[2026-07-08 17:09:04] buffer is less than 5, real size: 0
[2026-07-08 17:09:04] out while is working
[2026-07-08 17:09:04] buffer is less than 5, real size: 0
[2026-07-08 17:09:04] out while is working
[2026-07-08 17:09:04] buffer is less than 5, real size: 0
[2026-07-08 17:09:04] out while is working
[2026-07-08 17:09:04] buffer is less than 5, real size: 0
[2026-07-08 17:09:04] out while is working
[2026-07-08 17:09:04] buffer is less than 5, real size: 0
[2026-07-08 17:09:04] out while is working
[2026-07-08 17:09:04] buffer is less than 5, real size: 1
[2026-07-08 17:09:04] out while is working
[2026-07-08 17:09:04] data_length 5 iseq 130
[2026-07-08 17:09:04] begin switch_method
[2026-07-08 17:09:04] find command id521
[2026-07-08 17:09:04] buffer is less than 5, real size: 0
[2026-07-08 17:09:04] out while is working
[2026-07-08 17:09:04] buffer is less than 5, real size: 0
[2026-07-08 17:09:04] out while is working
[2026-07-08 17:09:04] buffer is less than 5, real size: 0
[2026-07-08 17:09:04] out while is working
[2026-07-08 17:09:04] buffer is less than 5, real size: 1
[2026-07-08 17:09:04] out while is working
[2026-07-08 17:09:04] data_length 14 iseq 131
[2026-07-08 17:09:04] begin switch_method
[2026-07-08 17:09:04] find command id514
[2026-07-08 17:09:04] data_length 17 iseq 132
[2026-07-08 17:09:04] buffer is less than sof_index + frame_length(26), buffer size: b'\xa5\x11\x00\x84\xcf\x01\x02\t\x01'
[2026-07-08 17:09:04] out while is working
[2026-07-08 17:09:04] data_length 17 iseq 132
[2026-07-08 17:09:04] buffer is less than sof_index + frame_length(26), buffer size: b'\xa5\x11\x00\x84\xcf\x01\x02\t\x01\xb8'
[2026-07-08 17:09:04] out while is working
[2026-07-08 17:09:04] data_length 17 iseq 132
[2026-07-08 17:09:04] begin switch_method
[2026-07-08 17:09:04] find command id513
[2026-07-08 17:09:04] buffer is less than 5, real size: 0
[2026-07-08 17:09:04] out while is working
[2026-07-08 17:09:04] buffer is less than 5, real size: 0
[2026-07-08 17:09:04] out while is working
[2026-07-08 17:09:05] buffer is less than 5, real size: 0
[2026-07-08 17:09:05] out while is working
[2026-07-08 17:09:05] buffer is less than 5, real size: 0
[2026-07-08 17:09:05] out while is working
[2026-07-08 17:09:05] buffer is less than 5, real size: 0
[2026-07-08 17:09:05] out while is working
[2026-07-08 17:09:05] buffer is less than 5, real size: 0
[2026-07-08 17:09:05] out while is working
[2026-07-08 17:09:05] buffer is less than 5, real size: 0
[2026-07-08 17:09:05] out while is working
[2026-07-08 17:09:05] buffer is less than 5, real size: 0
[2026-07-08 17:09:05] out while is working
[2026-07-08 17:09:05] buffer is less than 5, real size: 0
[2026-07-08 17:09:05] out while is working
[2026-07-08 17:09:05] buffer is less than 5, real size: 0
[2026-07-08 17:09:05] out while is working
[2026-07-08 17:09:05] buffer is less than 5, real size: 1
[2026-07-08 17:09:05] out while is working
[2026-07-08 17:09:05] data_length 14 iseq 133
[2026-07-08 17:09:05] begin switch_method
[2026-07-08 17:09:05] find command id514
[2026-07-08 17:09:05] data_length 17 iseq 134
[2026-07-08 17:09:05] buffer is less than sof_index + frame_length(26), buffer size: b'\xa5\x11\x00\x86s\x01\x02\t\x01'
[2026-07-08 17:09:05] out while is working
[2026-07-08 17:09:05] data_length 17 iseq 134
[2026-07-08 17:09:05] buffer is less than sof_index + frame_length(26), buffer size: b'\xa5\x11\x00\x86s\x01\x02\t\x01\xb8'
[2026-07-08 17:09:05] out while is working
[2026-07-08 17:09:05] data_length 17 iseq 134
[2026-07-08 17:09:05] begin switch_method
[2026-07-08 17:09:05] find command id513
[2026-07-08 17:09:05] buffer is less than 5, real size: 0
[2026-07-08 17:09:05] out while is working
[2026-07-08 17:09:05] buffer is less than 5, real size: 0
[2026-07-08 17:09:05] out while is working
[2026-07-08 17:09:05] buffer is less than 5, real size: 0
[2026-07-08 17:09:05] out while is working
[2026-07-08 17:09:05] buffer is less than 5, real size: 0
[2026-07-08 17:09:05] out while is working
[2026-07-08 17:09:05] buffer is less than 5, real size: 0
[2026-07-08 17:09:05] out while is working
[2026-07-08 17:09:05] buffer is less than 5, real size: 0
[2026-07-08 17:09:05] out while is working
[2026-07-08 17:09:05] buffer is less than 5, real size: 0
[2026-07-08 17:09:05] out while is working
[2026-07-08 17:09:05] buffer is less than 5, real size: 0
[2026-07-08 17:09:05] out while is working
[2026-07-08 17:09:05] buffer is less than 5, real size: 0
[2026-07-08 17:09:05] out while is working
[2026-07-08 17:09:05] buffer is less than 5, real size: 0
[2026-07-08 17:09:05] out while is working
[2026-07-08 17:09:05] buffer is less than 5, real size: 1
[2026-07-08 17:09:05] out while is working
[2026-07-08 17:09:05] data_length 14 iseq 135
[2026-07-08 17:09:05] begin switch_method
[2026-07-08 17:09:05] find command id514
[2026-07-08 17:09:05] data_length 17 iseq 136
[2026-07-08 17:09:05] buffer is less than sof_index + frame_length(26), buffer size: b'\xa5\x11\x00\x88l\x01\x02\t\x01'
[2026-07-08 17:09:05] out while is working
[2026-07-08 17:09:05] data_length 17 iseq 136
[2026-07-08 17:09:05] buffer is less than sof_index + frame_length(26), buffer size: b'\xa5\x11\x00\x88l\x01\x02\t\x01\xb8'
[2026-07-08 17:09:05] out while is working
[2026-07-08 17:09:05] data_length 17 iseq 136
[2026-07-08 17:09:05] begin switch_method
[2026-07-08 17:09:05] find command id513
[2026-07-08 17:09:05] buffer is less than 5, real size: 0
[2026-07-08 17:09:05] out while is working
[2026-07-08 17:09:05] buffer is less than 5, real size: 0
[2026-07-08 17:09:05] out while is working
[2026-07-08 17:09:05] buffer is less than 5, real size: 0
[2026-07-08 17:09:05] out while is working
[2026-07-08 17:09:05] buffer is less than 5, real size: 0
[2026-07-08 17:09:05] out while is working
[2026-07-08 17:09:05] buffer is less than 5, real size: 0
[2026-07-08 17:09:05] out while is working
[2026-07-08 17:09:05] buffer is less than 5, real size: 0
[2026-07-08 17:09:05] out while is working
[2026-07-08 17:09:05] buffer is less than 5, real size: 1
[2026-07-08 17:09:05] out while is working
[2026-07-08 17:09:05] data_length 5 iseq 137
[2026-07-08 17:09:05] begin switch_method
[2026-07-08 17:09:05] find command id521
[2026-07-08 17:09:05] buffer is less than 5, real size: 0
[2026-07-08 17:09:05] out while is working
[2026-07-08 17:09:05] buffer is less than 5, real size: 0
[2026-07-08 17:09:05] out while is working
[2026-07-08 17:09:05] buffer is less than 5, real size: 0
[2026-07-08 17:09:05] out while is working
[2026-07-08 17:09:05] buffer is less than 5, real size: 0
[2026-07-08 17:09:05] out while is working
[2026-07-08 17:09:05] buffer is less than 5, real size: 0
[2026-07-08 17:09:05] out while is working
[2026-07-08 17:09:05] buffer is less than 5, real size: 1
[2026-07-08 17:09:05] out while is working
[2026-07-08 17:09:05] data_length 14 iseq 138
[2026-07-08 17:09:05] begin switch_method
[2026-07-08 17:09:05] find command id514
[2026-07-08 17:09:05] data_length 17 iseq 139
[2026-07-08 17:09:05] buffer is less than sof_index + frame_length(26), buffer size: b'\xa5\x11\x00\x8b\x8e\x01\x02\t\x01'
[2026-07-08 17:09:05] out while is working
[2026-07-08 17:09:05] data_length 17 iseq 139
[2026-07-08 17:09:05] buffer is less than sof_index + frame_length(26), buffer size: b'\xa5\x11\x00\x8b\x8e\x01\x02\t\x01\xb8'
[2026-07-08 17:09:05] out while is working
[2026-07-08 17:09:05] data_length 17 iseq 139
[2026-07-08 17:09:05] begin switch_method
[2026-07-08 17:09:05] find command id513
[2026-07-08 17:09:05] buffer is less than 5, real size: 0
[2026-07-08 17:09:05] out while is working
[2026-07-08 17:09:05] buffer is less than 5, real size: 0
[2026-07-08 17:09:05] out while is working
[2026-07-08 17:09:05] buffer is less than 5, real size: 0
[2026-07-08 17:09:05] out while is working
[2026-07-08 17:09:05] buffer is less than 5, real size: 0
[2026-07-08 17:09:05] out while is working
[2026-07-08 17:09:05] buffer is less than 5, real size: 0
[2026-07-08 17:09:05] out while is working
[2026-07-08 17:09:05] buffer is less than 5, real size: 0
[2026-07-08 17:09:05] out while is working
[2026-07-08 17:09:05] buffer is less than 5, real size: 0
[2026-07-08 17:09:05] out while is working
[2026-07-08 17:09:05] buffer is less than 5, real size: 0
[2026-07-08 17:09:05] out while is working
[2026-07-08 17:09:05] buffer is less than 5, real size: 0
[2026-07-08 17:09:05] out while is working
[2026-07-08 17:09:05] buffer is less than 5, real size: 0
[2026-07-08 17:09:05] out while is working
[2026-07-08 17:09:05] buffer is less than 5, real size: 1
[2026-07-08 17:09:05] out while is working
[2026-07-08 17:09:05] data_length 14 iseq 140
[2026-07-08 17:09:05] begin switch_method
[2026-07-08 17:09:05] find command id514
[2026-07-08 17:09:05] data_length 17 iseq 141
[2026-07-08 17:09:05] buffer is less than sof_index + frame_length(26), buffer size: b'\xa5\x11\x00\x8dS\x01\x02\t\x01'
[2026-07-08 17:09:05] out while is working
[2026-07-08 17:09:05] data_length 17 iseq 141
[2026-07-08 17:09:05] buffer is less than sof_index + frame_length(26), buffer size: b'\xa5\x11\x00\x8dS\x01\x02\t\x01\xb8'
[2026-07-08 17:09:05] out while is working
[2026-07-08 17:09:05] data_length 17 iseq 141
[2026-07-08 17:09:05] begin switch_method
[2026-07-08 17:09:05] find command id513
[2026-07-08 17:09:05] buffer is less than 5, real size: 0
[2026-07-08 17:09:05] out while is working
[2026-07-08 17:09:05] buffer is less than 5, real size: 0
[2026-07-08 17:09:05] out while is working
[2026-07-08 17:09:05] buffer is less than 5, real size: 0
[2026-07-08 17:09:05] out while is working
[2026-07-08 17:09:05] buffer is less than 5, real size: 0
[2026-07-08 17:09:05] out while is working
[2026-07-08 17:09:05] buffer is less than 5, real size: 0
[2026-07-08 17:09:05] out while is working
[2026-07-08 17:09:05] buffer is less than 5, real size: 0
[2026-07-08 17:09:05] out while is working
[2026-07-08 17:09:05] buffer is less than 5, real size: 0
[2026-07-08 17:09:05] out while is working
[2026-07-08 17:09:05] buffer is less than 5, real size: 0
[2026-07-08 17:09:05] out while is working
[2026-07-08 17:09:05] buffer is less than 5, real size: 0
[2026-07-08 17:09:05] out while is working
[2026-07-08 17:09:05] buffer is less than 5, real size: 0
[2026-07-08 17:09:05] out while is working
[2026-07-08 17:09:05] buffer is less than 5, real size: 1
[2026-07-08 17:09:05] out while is working
[2026-07-08 17:09:05] data_length 14 iseq 142
[2026-07-08 17:09:05] begin switch_method
[2026-07-08 17:09:05] find command id514
[2026-07-08 17:09:05] data_length 17 iseq 143
[2026-07-08 17:09:05] buffer is less than sof_index + frame_length(26), buffer size: b'\xa5\x11\x00\x8f\xef\x01\x02\t\x01'
[2026-07-08 17:09:05] out while is working
[2026-07-08 17:09:05] data_length 17 iseq 143
[2026-07-08 17:09:05] buffer is less than sof_index + frame_length(26), buffer size: b'\xa5\x11\x00\x8f\xef\x01\x02\t\x01\xb8'
[2026-07-08 17:09:05] out while is working
[2026-07-08 17:09:05] data_length 17 iseq 143
[2026-07-08 17:09:05] begin switch_method
[2026-07-08 17:09:05] find command id513
[2026-07-08 17:09:05] buffer is less than 5, real size: 0
[2026-07-08 17:09:05] out while is working
[2026-07-08 17:09:05] buffer is less than 5, real size: 0
[2026-07-08 17:09:05] out while is working
[2026-07-08 17:09:05] buffer is less than 5, real size: 0
[2026-07-08 17:09:05] out while is working
[2026-07-08 17:09:05] buffer is less than 5, real size: 0
[2026-07-08 17:09:05] out while is working
[2026-07-08 17:09:05] buffer is less than 5, real size: 0
[2026-07-08 17:09:05] out while is working
[2026-07-08 17:09:05] buffer is less than 5, real size: 0
[2026-07-08 17:09:05] out while is working
[2026-07-08 17:09:05] buffer is less than 5, real size: 1
[2026-07-08 17:09:05] out while is working
[2026-07-08 17:09:05] data_length 5 iseq 144
[2026-07-08 17:09:05] begin switch_method
[2026-07-08 17:09:05] find command id521
[2026-07-08 17:09:05] buffer is less than 5, real size: 0
[2026-07-08 17:09:05] out while is working
[2026-07-08 17:09:05] buffer is less than 5, real size: 0
[2026-07-08 17:09:05] out while is working
[2026-07-08 17:09:05] buffer is less than 5, real size: 0
[2026-07-08 17:09:05] out while is working
[2026-07-08 17:09:05] buffer is less than 5, real size: 0
[2026-07-08 17:09:05] out while is working
[2026-07-08 17:09:05] buffer is less than 5, real size: 1
[2026-07-08 17:09:05] out while is working
[2026-07-08 17:09:05] data_length 14 iseq 145
[2026-07-08 17:09:05] begin switch_method
[2026-07-08 17:09:05] find command id514
[2026-07-08 17:09:05] data_length 12 iseq 146
[2026-07-08 17:09:05] buffer is less than sof_index + frame_length(21), buffer size: b'\xa5\x0c\x00\x92\xd5\x03\x02\x00\x00'
[2026-07-08 17:09:05] out while is working
[2026-07-08 17:09:05] data_length 12 iseq 146
[2026-07-08 17:09:05] buffer is less than sof_index + frame_length(21), buffer size: b'\xa5\x0c\x00\x92\xd5\x03\x02\x00\x00\x00'
[2026-07-08 17:09:05] out while is working
[2026-07-08 17:09:05] data_length 12 iseq 146
[2026-07-08 17:09:05] begin switch_method
[2026-07-08 17:09:05] find command id515
[2026-07-08 17:09:05] data_length 17 iseq 147
[2026-07-08 17:09:05] buffer is less than sof_index + frame_length(26), buffer size: b'\xa5\x11\x00\x93\xd1\x01\x02\t\x01\xb8"\xb8"d\x00@\x01x\x00\x00'
[2026-07-08 17:09:05] out while is working
[2026-07-08 17:09:05] data_length 17 iseq 147
[2026-07-08 17:09:05] buffer is less than sof_index + frame_length(26), buffer size: b'\xa5\x11\x00\x93\xd1\x01\x02\t\x01\xb8"\xb8"d\x00@\x01x\x00\x00\x00'
[2026-07-08 17:09:05] out while is working
[2026-07-08 17:09:05] data_length 17 iseq 147
[2026-07-08 17:09:05] begin switch_method
[2026-07-08 17:09:05] find command id513
[2026-07-08 17:09:05] buffer is less than 5, real size: 0
[2026-07-08 17:09:05] out while is working
[2026-07-08 17:09:05] buffer is less than 5, real size: 0
[2026-07-08 17:09:05] out while is working
[2026-07-08 17:09:05] buffer is less than 5, real size: 0
[2026-07-08 17:09:05] out while is working
[2026-07-08 17:09:05] buffer is less than 5, real size: 0
[2026-07-08 17:09:05] out while is working
[2026-07-08 17:09:05] buffer is less than 5, real size: 0
[2026-07-08 17:09:05] out while is working
[2026-07-08 17:09:05] buffer is less than 5, real size: 0
[2026-07-08 17:09:05] out while is working
[2026-07-08 17:09:05] buffer is less than 5, real size: 0
[2026-07-08 17:09:05] out while is working
[2026-07-08 17:09:05] buffer is less than 5, real size: 0
[2026-07-08 17:09:05] out while is working
[2026-07-08 17:09:05] buffer is less than 5, real size: 0
[2026-07-08 17:09:05] out while is working
[2026-07-08 17:09:05] buffer is less than 5, real size: 0
[2026-07-08 17:09:05] out while is working
[2026-07-08 17:09:05] buffer is less than 5, real size: 1
[2026-07-08 17:09:05] out while is working
[2026-07-08 17:09:05] data_length 14 iseq 148
[2026-07-08 17:09:05] begin switch_method
[2026-07-08 17:09:05] find command id514
[2026-07-08 17:09:05] data_length 17 iseq 149
[2026-07-08 17:09:05] buffer is less than sof_index + frame_length(26), buffer size: b'\xa5\x11\x00\x95\x0c\x01\x02\t\x01'
[2026-07-08 17:09:05] out while is working
[2026-07-08 17:09:05] data_length 17 iseq 149
[2026-07-08 17:09:05] buffer is less than sof_index + frame_length(26), buffer size: b'\xa5\x11\x00\x95\x0c\x01\x02\t\x01\xb8'
[2026-07-08 17:09:05] out while is working
[2026-07-08 17:09:05] data_length 17 iseq 149
[2026-07-08 17:09:05] begin switch_method
[2026-07-08 17:09:05] find command id513
[2026-07-08 17:09:05] buffer is less than 5, real size: 0
[2026-07-08 17:09:05] out while is working
[2026-07-08 17:09:05] buffer is less than 5, real size: 0
[2026-07-08 17:09:05] out while is working
[2026-07-08 17:09:05] buffer is less than 5, real size: 0
[2026-07-08 17:09:05] out while is working
[2026-07-08 17:09:05] buffer is less than 5, real size: 0
[2026-07-08 17:09:05] out while is working
[2026-07-08 17:09:05] buffer is less than 5, real size: 0
[2026-07-08 17:09:05] out while is working
[2026-07-08 17:09:05] buffer is less than 5, real size: 0
[2026-07-08 17:09:05] out while is working
[2026-07-08 17:09:05] buffer is less than 5, real size: 1
[2026-07-08 17:09:05] out while is working
[2026-07-08 17:09:05] data_length 2 iseq 150
[2026-07-08 17:09:05] begin switch_method
[2026-07-08 17:09:05] find command id524
[2026-07-08 17:09:05] Mark process: [0, 0, 0, 0, 0, 0] (raw bits: 0000000000000000)
[2026-07-08 17:09:05] data_length 4 iseq 151
[2026-07-08 17:09:05] begin switch_method
[2026-07-08 17:09:05] find command id257
[2026-07-08 17:09:05] data_length 11 iseq 152
[2026-07-08 17:09:05] buffer is less than sof_index + frame_length(20), buffer size: b'\xa5\x0b\x00\x98\xd1\x01\x00\x01'
[2026-07-08 17:09:05] out while is working
[2026-07-08 17:09:05] data_length 11 iseq 152
[2026-07-08 17:09:05] buffer is less than sof_index + frame_length(20), buffer size: b'\xa5\x0b\x00\x98\xd1\x01\x00\x01\x00'
[2026-07-08 17:09:05] out while is working
[2026-07-08 17:09:05] data_length 11 iseq 152
[2026-07-08 17:09:05] begin switch_method
[2026-07-08 17:09:05] find command id1
[2026-07-08 17:09:05] data_length 3 iseq 153
[2026-07-08 17:09:05] begin switch_method
[2026-07-08 17:09:05] find command id261
[2026-07-08 17:09:05] Dart target: 0
[2026-07-08 17:09:05] data_length 1 iseq 154
[2026-07-08 17:09:05] buffer is less than sof_index + frame_length(10), buffer size: b'\xa5\x01\x00\x9a\x07\x0e\x02('
[2026-07-08 17:09:05] out while is working
[2026-07-08 17:09:05] data_length 1 iseq 154
[2026-07-08 17:09:05] buffer is less than sof_index + frame_length(10), buffer size: b'\xa5\x01\x00\x9a\x07\x0e\x02(W'
[2026-07-08 17:09:05] out while is working
[2026-07-08 17:09:05] data_length 1 iseq 154
[2026-07-08 17:09:05] begin switch_method
[2026-07-08 17:09:05] find command id526
[2026-07-08 17:09:05] Double effect chance: 0, is double effect active: 0
[2026-07-08 17:09:05] Interference level: 1, is key updated: 1
[2026-07-08 17:09:05] buffer is less than 5, real size: 0
[2026-07-08 17:09:05] out while is working
[2026-07-08 17:09:05] buffer is less than 5, real size: 0
[2026-07-08 17:09:05] out while is working
[2026-07-08 17:09:05] buffer is less than 5, real size: 0
[2026-07-08 17:09:05] out while is working
[2026-07-08 17:09:05] buffer is less than 5, real size: 0
[2026-07-08 17:09:05] out while is working
[2026-07-08 17:09:05] buffer is less than 5, real size: 1
[2026-07-08 17:09:05] out while is working
[2026-07-08 17:09:05] data_length 14 iseq 155
[2026-07-08 17:09:05] begin switch_method
[2026-07-08 17:09:05] find command id514
[2026-07-08 17:09:05] data_length 17 iseq 156
[2026-07-08 17:09:05] buffer is less than sof_index + frame_length(26), buffer size: b'\xa5\x11\x00\x9c\x90\x01\x02\t\x01'
[2026-07-08 17:09:05] out while is working
[2026-07-08 17:09:05] data_length 17 iseq 156
[2026-07-08 17:09:05] buffer is less than sof_index + frame_length(26), buffer size: b'\xa5\x11\x00\x9c\x90\x01\x02\t\x01\xb8'
[2026-07-08 17:09:05] out while is working
[2026-07-08 17:09:05] data_length 17 iseq 156
[2026-07-08 17:09:05] begin switch_method
[2026-07-08 17:09:05] find command id513
[2026-07-08 17:09:05] buffer is less than 5, real size: 0
[2026-07-08 17:09:05] out while is working
[2026-07-08 17:09:05] buffer is less than 5, real size: 0
[2026-07-08 17:09:05] out while is working
[2026-07-08 17:09:05] buffer is less than 5, real size: 0
[2026-07-08 17:09:05] out while is working
[2026-07-08 17:09:05] buffer is less than 5, real size: 0
[2026-07-08 17:09:05] out while is working
[2026-07-08 17:09:05] buffer is less than 5, real size: 0
[2026-07-08 17:09:05] out while is working
[2026-07-08 17:09:05] buffer is less than 5, real size: 0
[2026-07-08 17:09:05] out while is working
[2026-07-08 17:09:05] buffer is less than 5, real size: 1
[2026-07-08 17:09:05] out while is working
[2026-07-08 17:09:05] data_length 5 iseq 157
[2026-07-08 17:09:05] begin switch_method
[2026-07-08 17:09:05] find command id521
[2026-07-08 17:09:05] buffer is less than 5, real size: 0
[2026-07-08 17:09:05] out while is working
[2026-07-08 17:09:05] buffer is less than 5, real size: 0
[2026-07-08 17:09:05] out while is working
[2026-07-08 17:09:05] buffer is less than 5, real size: 0
[2026-07-08 17:09:05] out while is working
[2026-07-08 17:09:05] buffer is less than 5, real size: 0
[2026-07-08 17:09:05] out while is working
[2026-07-08 17:09:05] buffer is less than 5, real size: 1
[2026-07-08 17:09:05] out while is working
[2026-07-08 17:09:05] data_length 14 iseq 158
[2026-07-08 17:09:05] begin switch_method
[2026-07-08 17:09:05] find command id514
[2026-07-08 17:09:05] data_length 17 iseq 159
[2026-07-08 17:09:05] buffer is less than sof_index + frame_length(26), buffer size: b'\xa5\x11\x00\x9fr\x01\x02\t\x01'
[2026-07-08 17:09:05] out while is working
[2026-07-08 17:09:05] data_length 17 iseq 159
[2026-07-08 17:09:05] buffer is less than sof_index + frame_length(26), buffer size: b'\xa5\x11\x00\x9fr\x01\x02\t\x01\xb8'
[2026-07-08 17:09:05] out while is working
[2026-07-08 17:09:05] data_length 17 iseq 159
[2026-07-08 17:09:05] begin switch_method
[2026-07-08 17:09:05] find command id513
[2026-07-08 17:09:05] buffer is less than 5, real size: 0
[2026-07-08 17:09:05] out while is working
[2026-07-08 17:09:05] buffer is less than 5, real size: 0
[2026-07-08 17:09:05] out while is working
[2026-07-08 17:09:05] buffer is less than 5, real size: 0
[2026-07-08 17:09:05] out while is working
[2026-07-08 17:09:05] buffer is less than 5, real size: 0
[2026-07-08 17:09:05] out while is working
[2026-07-08 17:09:05] buffer is less than 5, real size: 0
[2026-07-08 17:09:05] out while is working
[2026-07-08 17:09:05] buffer is less than 5, real size: 0
[2026-07-08 17:09:05] out while is working
[2026-07-08 17:09:05] buffer is less than 5, real size: 0
[2026-07-08 17:09:05] out while is working
[2026-07-08 17:09:05] buffer is less than 5, real size: 0
[2026-07-08 17:09:05] out while is working
[2026-07-08 17:09:05] buffer is less than 5, real size: 0
[2026-07-08 17:09:05] out while is working
[2026-07-08 17:09:05] buffer is less than 5, real size: 0
[2026-07-08 17:09:05] out while is working
[2026-07-08 17:09:06] buffer is less than 5, real size: 1
[2026-07-08 17:09:06] out while is working
[2026-07-08 17:09:06] data_length 14 iseq 160
[2026-07-08 17:09:06] begin switch_method
[2026-07-08 17:09:06] find command id514
[2026-07-08 17:09:06] data_length 17 iseq 161
[2026-07-08 17:09:06] buffer is less than sof_index + frame_length(26), buffer size: b'\xa5\x11\x00\xa1\xd3\x01\x02\t\x01'
[2026-07-08 17:09:06] out while is working
[2026-07-08 17:09:06] data_length 17 iseq 161
[2026-07-08 17:09:06] buffer is less than sof_index + frame_length(26), buffer size: b'\xa5\x11\x00\xa1\xd3\x01\x02\t\x01\xb8'
[2026-07-08 17:09:06] out while is working
[2026-07-08 17:09:06] data_length 17 iseq 161
[2026-07-08 17:09:06] begin switch_method
[2026-07-08 17:09:06] find command id513
[2026-07-08 17:09:06] buffer is less than 5, real size: 0
[2026-07-08 17:09:06] out while is working
[2026-07-08 17:09:06] buffer is less than 5, real size: 0
[2026-07-08 17:09:06] out while is working
[2026-07-08 17:09:06] buffer is less than 5, real size: 0
[2026-07-08 17:09:06] out while is working
[2026-07-08 17:09:06] buffer is less than 5, real size: 0
[2026-07-08 17:09:06] out while is working
[2026-07-08 17:09:06] buffer is less than 5, real size: 0
[2026-07-08 17:09:06] out while is working
[2026-07-08 17:09:06] buffer is less than 5, real size: 0
[2026-07-08 17:09:06] out while is working
[2026-07-08 17:09:06] buffer is less than 5, real size: 0
[2026-07-08 17:09:06] out while is working
[2026-07-08 17:09:06] buffer is less than 5, real size: 0
[2026-07-08 17:09:06] out while is working
[2026-07-08 17:09:06] buffer is less than 5, real size: 0
[2026-07-08 17:09:06] out while is working
[2026-07-08 17:09:06] buffer is less than 5, real size: 0
[2026-07-08 17:09:06] out while is working
[2026-07-08 17:09:06] buffer is less than 5, real size: 1
[2026-07-08 17:09:06] out while is working
[2026-07-08 17:09:06] data_length 14 iseq 162
[2026-07-08 17:09:06] begin switch_method
[2026-07-08 17:09:06] find command id514
[2026-07-08 17:09:06] data_length 17 iseq 163
[2026-07-08 17:09:06] buffer is less than sof_index + frame_length(26), buffer size: b'\xa5\x11\x00\xa3o\x01\x02\t\x01'
[2026-07-08 17:09:06] out while is working
[2026-07-08 17:09:06] data_length 17 iseq 163
[2026-07-08 17:09:06] buffer is less than sof_index + frame_length(26), buffer size: b'\xa5\x11\x00\xa3o\x01\x02\t\x01\xb8'
[2026-07-08 17:09:06] out while is working
[2026-07-08 17:09:06] data_length 17 iseq 163
[2026-07-08 17:09:06] begin switch_method
[2026-07-08 17:09:06] find command id513
[2026-07-08 17:09:06] buffer is less than 5, real size: 0
[2026-07-08 17:09:06] out while is working
[2026-07-08 17:09:06] buffer is less than 5, real size: 0
[2026-07-08 17:09:06] out while is working
[2026-07-08 17:09:06] buffer is less than 5, real size: 0
[2026-07-08 17:09:06] out while is working
[2026-07-08 17:09:06] buffer is less than 5, real size: 0
[2026-07-08 17:09:06] out while is working
[2026-07-08 17:09:06] buffer is less than 5, real size: 0
[2026-07-08 17:09:06] out while is working
[2026-07-08 17:09:06] buffer is less than 5, real size: 1
[2026-07-08 17:09:06] out while is working
[2026-07-08 17:09:06] data_length 5 iseq 164
[2026-07-08 17:09:06] begin switch_method
[2026-07-08 17:09:06] find command id521
[2026-07-08 17:09:06] buffer is less than 5, real size: 0
[2026-07-08 17:09:06] out while is working
[2026-07-08 17:09:06] buffer is less than 5, real size: 0
[2026-07-08 17:09:06] out while is working
[2026-07-08 17:09:06] buffer is less than 5, real size: 0
[2026-07-08 17:09:06] out while is working
[2026-07-08 17:09:06] buffer is less than 5, real size: 0
[2026-07-08 17:09:06] out while is working
[2026-07-08 17:09:06] buffer is less than 5, real size: 0
[2026-07-08 17:09:06] out while is working
[2026-07-08 17:09:06] buffer is less than 5, real size: 1
[2026-07-08 17:09:06] out while is working
[2026-07-08 17:09:06] data_length 14 iseq 165
[2026-07-08 17:09:06] begin switch_method
[2026-07-08 17:09:06] find command id514
[2026-07-08 17:09:06] data_length 17 iseq 166
[2026-07-08 17:09:06] buffer is less than sof_index + frame_length(26), buffer size: b'\xa5\x11\x00\xa6P\x01\x02\t\x01'
[2026-07-08 17:09:06] out while is working
[2026-07-08 17:09:06] data_length 17 iseq 166
[2026-07-08 17:09:06] buffer is less than sof_index + frame_length(26), buffer size: b'\xa5\x11\x00\xa6P\x01\x02\t\x01\xb8'
[2026-07-08 17:09:06] out while is working
[2026-07-08 17:09:06] data_length 17 iseq 166
[2026-07-08 17:09:06] begin switch_method
[2026-07-08 17:09:06] find command id513
[2026-07-08 17:09:06] buffer is less than 5, real size: 0
[2026-07-08 17:09:06] out while is working
[2026-07-08 17:09:06] buffer is less than 5, real size: 0
[2026-07-08 17:09:06] out while is working
[2026-07-08 17:09:06] buffer is less than 5, real size: 0
[2026-07-08 17:09:06] out while is working
[2026-07-08 17:09:06] buffer is less than 5, real size: 0
[2026-07-08 17:09:06] out while is working
[2026-07-08 17:09:06] buffer is less than 5, real size: 0
[2026-07-08 17:09:06] out while is working
[2026-07-08 17:09:06] buffer is less than 5, real size: 0
[2026-07-08 17:09:06] out while is working
[2026-07-08 17:09:06] buffer is less than 5, real size: 0
[2026-07-08 17:09:06] out while is working
[2026-07-08 17:09:06] buffer is less than 5, real size: 0
[2026-07-08 17:09:06] out while is working
[2026-07-08 17:09:06] buffer is less than 5, real size: 0
[2026-07-08 17:09:06] out while is working
[2026-07-08 17:09:06] buffer is less than 5, real size: 0
[2026-07-08 17:09:06] out while is working
[2026-07-08 17:09:06] buffer is less than 5, real size: 1
[2026-07-08 17:09:06] out while is working
[2026-07-08 17:09:06] data_length 14 iseq 167
[2026-07-08 17:09:06] begin switch_method
[2026-07-08 17:09:06] find command id514
[2026-07-08 17:09:06] data_length 17 iseq 168
[2026-07-08 17:09:06] buffer is less than sof_index + frame_length(26), buffer size: b'\xa5\x11\x00\xa8O\x01\x02\t\x01'
[2026-07-08 17:09:06] out while is working
[2026-07-08 17:09:06] data_length 17 iseq 168
[2026-07-08 17:09:06] buffer is less than sof_index + frame_length(26), buffer size: b'\xa5\x11\x00\xa8O\x01\x02\t\x01\xb8'
[2026-07-08 17:09:06] out while is working
[2026-07-08 17:09:06] data_length 17 iseq 168
[2026-07-08 17:09:06] begin switch_method
[2026-07-08 17:09:06] find command id513
[2026-07-08 17:09:06] buffer is less than 5, real size: 0
[2026-07-08 17:09:06] out while is working
[2026-07-08 17:09:06] buffer is less than 5, real size: 0
[2026-07-08 17:09:06] out while is working
[2026-07-08 17:09:06] buffer is less than 5, real size: 0
[2026-07-08 17:09:06] out while is working
[2026-07-08 17:09:06] buffer is less than 5, real size: 0
[2026-07-08 17:09:06] out while is working
[2026-07-08 17:09:06] buffer is less than 5, real size: 0
[2026-07-08 17:09:06] out while is working
[2026-07-08 17:09:06] buffer is less than 5, real size: 0
[2026-07-08 17:09:06] out while is working
[2026-07-08 17:09:06] buffer is less than 5, real size: 0
[2026-07-08 17:09:06] out while is working
[2026-07-08 17:09:06] buffer is less than 5, real size: 0
[2026-07-08 17:09:06] out while is working
[2026-07-08 17:09:06] buffer is less than 5, real size: 0
[2026-07-08 17:09:06] out while is working
[2026-07-08 17:09:06] buffer is less than 5, real size: 0
[2026-07-08 17:09:06] out while is working
[2026-07-08 17:09:06] buffer is less than 5, real size: 1
[2026-07-08 17:09:06] out while is working
[2026-07-08 17:09:06] data_length 14 iseq 169
[2026-07-08 17:09:06] begin switch_method
[2026-07-08 17:09:06] find command id514
[2026-07-08 17:09:06] data_length 17 iseq 170
[2026-07-08 17:09:06] buffer is less than sof_index + frame_length(26), buffer size: b'\xa5\x11\x00\xaa\xf3\x01\x02\t\x01'
[2026-07-08 17:09:06] out while is working
[2026-07-08 17:09:06] data_length 17 iseq 170
[2026-07-08 17:09:06] buffer is less than sof_index + frame_length(26), buffer size: b'\xa5\x11\x00\xaa\xf3\x01\x02\t\x01\xb8'
[2026-07-08 17:09:06] out while is working
[2026-07-08 17:09:06] data_length 17 iseq 170
[2026-07-08 17:09:06] begin switch_method
[2026-07-08 17:09:06] find command id513
[2026-07-08 17:09:06] buffer is less than 5, real size: 0
[2026-07-08 17:09:06] out while is working
[2026-07-08 17:09:06] buffer is less than 5, real size: 0
[2026-07-08 17:09:06] out while is working
[2026-07-08 17:09:06] buffer is less than 5, real size: 0
[2026-07-08 17:09:06] out while is working
[2026-07-08 17:09:06] buffer is less than 5, real size: 0
[2026-07-08 17:09:06] out while is working
[2026-07-08 17:09:06] buffer is less than 5, real size: 1
[2026-07-08 17:09:06] out while is working
[2026-07-08 17:09:06] data_length 5 iseq 171
[2026-07-08 17:09:06] begin switch_method
[2026-07-08 17:09:06] find command id521
[2026-07-08 17:09:06] buffer is less than 5, real size: 0
[2026-07-08 17:09:06] out while is working
[2026-07-08 17:09:06] buffer is less than 5, real size: 0
[2026-07-08 17:09:06] out while is working
[2026-07-08 17:09:06] buffer is less than 5, real size: 0
[2026-07-08 17:09:06] out while is working
[2026-07-08 17:09:06] buffer is less than 5, real size: 0
[2026-07-08 17:09:06] out while is working
[2026-07-08 17:09:06] buffer is less than 5, real size: 0
[2026-07-08 17:09:06] out while is working
[2026-07-08 17:09:06] buffer is less than 5, real size: 0
[2026-07-08 17:09:06] out while is working
[2026-07-08 17:09:06] buffer is less than 5, real size: 1
[2026-07-08 17:09:06] out while is working
[2026-07-08 17:09:06] data_length 14 iseq 172
[2026-07-08 17:09:06] begin switch_method
[2026-07-08 17:09:06] find command id514
[2026-07-08 17:09:06] data_length 17 iseq 173
[2026-07-08 17:09:06] buffer is less than sof_index + frame_length(26), buffer size: b'\xa5\x11\x00\xadp\x01\x02\t\x01'
[2026-07-08 17:09:06] out while is working
[2026-07-08 17:09:06] data_length 17 iseq 173
[2026-07-08 17:09:06] buffer is less than sof_index + frame_length(26), buffer size: b'\xa5\x11\x00\xadp\x01\x02\t\x01\xb8'
[2026-07-08 17:09:06] out while is working
[2026-07-08 17:09:06] data_length 17 iseq 173
[2026-07-08 17:09:06] begin switch_method
[2026-07-08 17:09:06] find command id513
[2026-07-08 17:09:06] buffer is less than 5, real size: 0
[2026-07-08 17:09:06] out while is working
[2026-07-08 17:09:06] buffer is less than 5, real size: 0
[2026-07-08 17:09:06] out while is working
[2026-07-08 17:09:06] buffer is less than 5, real size: 0
[2026-07-08 17:09:06] out while is working
[2026-07-08 17:09:06] buffer is less than 5, real size: 0
[2026-07-08 17:09:06] out while is working
[2026-07-08 17:09:06] buffer is less than 5, real size: 0
[2026-07-08 17:09:06] out while is working
[2026-07-08 17:09:06] buffer is less than 5, real size: 0
[2026-07-08 17:09:06] out while is working
[2026-07-08 17:09:06] buffer is less than 5, real size: 0
[2026-07-08 17:09:06] out while is working
[2026-07-08 17:09:06] buffer is less than 5, real size: 0
[2026-07-08 17:09:06] out while is working
[2026-07-08 17:09:06] buffer is less than 5, real size: 0
[2026-07-08 17:09:06] out while is working
[2026-07-08 17:09:06] buffer is less than 5, real size: 0
[2026-07-08 17:09:06] out while is working
[2026-07-08 17:09:06] buffer is less than 5, real size: 0
[2026-07-08 17:09:06] out while is working
[2026-07-08 17:09:06] buffer is less than 5, real size: 1
[2026-07-08 17:09:06] out while is working
[2026-07-08 17:09:06] data_length 14 iseq 174
[2026-07-08 17:09:06] begin switch_method
[2026-07-08 17:09:06] find command id514
[2026-07-08 17:09:06] data_length 12 iseq 175
[2026-07-08 17:09:06] buffer is less than sof_index + frame_length(21), buffer size: b'\xa5\x0c\x00\xaf\x96\x03\x02\x00\x00'
[2026-07-08 17:09:06] out while is working
[2026-07-08 17:09:06] data_length 12 iseq 175
[2026-07-08 17:09:06] buffer is less than sof_index + frame_length(21), buffer size: b'\xa5\x0c\x00\xaf\x96\x03\x02\x00\x00\x00'
[2026-07-08 17:09:06] out while is working
[2026-07-08 17:09:06] data_length 12 iseq 175
[2026-07-08 17:09:06] begin switch_method
[2026-07-08 17:09:06] find command id515
[2026-07-08 17:09:06] data_length 17 iseq 176
[2026-07-08 17:09:06] buffer is less than sof_index + frame_length(26), buffer size: b'\xa5\x11\x00\xb0\x10\x01\x02\t\x01\xb8"\xb8"d\x00@\x01x\x00\x00'
[2026-07-08 17:09:06] out while is working
[2026-07-08 17:09:06] data_length 17 iseq 176
[2026-07-08 17:09:06] buffer is less than sof_index + frame_length(26), buffer size: b'\xa5\x11\x00\xb0\x10\x01\x02\t\x01\xb8"\xb8"d\x00@\x01x\x00\x00\x00'
[2026-07-08 17:09:06] out while is working
[2026-07-08 17:09:06] data_length 17 iseq 176
[2026-07-08 17:09:06] begin switch_method
[2026-07-08 17:09:06] find command id513
[2026-07-08 17:09:06] buffer is less than 5, real size: 0
[2026-07-08 17:09:06] out while is working
[2026-07-08 17:09:06] buffer is less than 5, real size: 0
[2026-07-08 17:09:06] out while is working
[2026-07-08 17:09:06] buffer is less than 5, real size: 0
[2026-07-08 17:09:06] out while is working
[2026-07-08 17:09:06] buffer is less than 5, real size: 0
[2026-07-08 17:09:06] out while is working
[2026-07-08 17:09:06] buffer is less than 5, real size: 0
[2026-07-08 17:09:06] out while is working
[2026-07-08 17:09:06] buffer is less than 5, real size: 0
[2026-07-08 17:09:06] out while is working
[2026-07-08 17:09:06] buffer is less than 5, real size: 0
[2026-07-08 17:09:06] out while is working
[2026-07-08 17:09:06] buffer is less than 5, real size: 0
[2026-07-08 17:09:06] out while is working
[2026-07-08 17:09:06] buffer is less than 5, real size: 0
[2026-07-08 17:09:06] out while is working
[2026-07-08 17:09:06] buffer is less than 5, real size: 0
[2026-07-08 17:09:06] out while is working
[2026-07-08 17:09:06] buffer is less than 5, real size: 1
[2026-07-08 17:09:06] out while is working
[2026-07-08 17:09:06] data_length 14 iseq 177
[2026-07-08 17:09:06] begin switch_method
[2026-07-08 17:09:06] find command id514
[2026-07-08 17:09:06] data_length 17 iseq 178
[2026-07-08 17:09:06] buffer is less than sof_index + frame_length(26), buffer size: b'\xa5\x11\x00\xb2\xac\x01\x02\t\x01'
[2026-07-08 17:09:06] out while is working
[2026-07-08 17:09:06] data_length 17 iseq 178
[2026-07-08 17:09:06] buffer is less than sof_index + frame_length(26), buffer size: b'\xa5\x11\x00\xb2\xac\x01\x02\t\x01\xb8'
[2026-07-08 17:09:06] out while is working
[2026-07-08 17:09:06] data_length 17 iseq 178
[2026-07-08 17:09:06] begin switch_method
[2026-07-08 17:09:06] find command id513
[2026-07-08 17:09:06] buffer is less than 5, real size: 0
[2026-07-08 17:09:06] out while is working
[2026-07-08 17:09:06] buffer is less than 5, real size: 0
[2026-07-08 17:09:06] out while is working
[2026-07-08 17:09:06] buffer is less than 5, real size: 0
[2026-07-08 17:09:06] out while is working
[2026-07-08 17:09:06] buffer is less than 5, real size: 0
[2026-07-08 17:09:06] out while is working
[2026-07-08 17:09:06] buffer is less than 5, real size: 1
[2026-07-08 17:09:06] out while is working
[2026-07-08 17:09:06] data_length 2 iseq 179
[2026-07-08 17:09:06] begin switch_method
[2026-07-08 17:09:06] find command id524
[2026-07-08 17:09:06] Mark process: [0, 0, 0, 0, 0, 0] (raw bits: 0000000000000000)
[2026-07-08 17:09:06] data_length 4 iseq 180
[2026-07-08 17:09:06] begin switch_method
[2026-07-08 17:09:06] find command id257
[2026-07-08 17:09:06] data_length 11 iseq 181
[2026-07-08 17:09:06] buffer is less than sof_index + frame_length(20), buffer size: b'\xa5\x0b\x00\xb5\x0f\x01\x00\x01'
[2026-07-08 17:09:06] out while is working
[2026-07-08 17:09:06] data_length 11 iseq 181
[2026-07-08 17:09:06] buffer is less than sof_index + frame_length(20), buffer size: b'\xa5\x0b\x00\xb5\x0f\x01\x00\x01\x00'
[2026-07-08 17:09:06] out while is working
[2026-07-08 17:09:06] data_length 11 iseq 181
[2026-07-08 17:09:06] begin switch_method
[2026-07-08 17:09:06] find command id1
[2026-07-08 17:09:06] data_length 3 iseq 182
[2026-07-08 17:09:06] begin switch_method
[2026-07-08 17:09:06] find command id261
[2026-07-08 17:09:06] Dart target: 0
[2026-07-08 17:09:06] data_length 1 iseq 183
[2026-07-08 17:09:06] buffer is less than sof_index + frame_length(10), buffer size: b'\xa5\x01\x00\xb7\xd9\x0e\x02('
[2026-07-08 17:09:06] out while is working
[2026-07-08 17:09:06] data_length 1 iseq 183
[2026-07-08 17:09:06] buffer is less than sof_index + frame_length(10), buffer size: b'\xa5\x01\x00\xb7\xd9\x0e\x02(\x88'
[2026-07-08 17:09:06] out while is working
[2026-07-08 17:09:06] data_length 1 iseq 183
[2026-07-08 17:09:06] begin switch_method
[2026-07-08 17:09:06] find command id526
[2026-07-08 17:09:06] Double effect chance: 0, is double effect active: 0
[2026-07-08 17:09:06] Interference level: 1, is key updated: 1
[2026-07-08 17:09:06] buffer is less than 5, real size: 0
[2026-07-08 17:09:06] out while is working
[2026-07-08 17:09:06] buffer is less than 5, real size: 1
[2026-07-08 17:09:06] out while is working
[2026-07-08 17:09:06] data_length 5 iseq 184
[2026-07-08 17:09:06] begin switch_method
[2026-07-08 17:09:06] find command id521
[2026-07-08 17:09:06] buffer is less than 5, real size: 0
[2026-07-08 17:09:06] out while is working
[2026-07-08 17:09:06] buffer is less than 5, real size: 0
[2026-07-08 17:09:06] out while is working
[2026-07-08 17:09:06] buffer is less than 5, real size: 0
[2026-07-08 17:09:06] out while is working
[2026-07-08 17:09:06] buffer is less than 5, real size: 0
[2026-07-08 17:09:06] out while is working
[2026-07-08 17:09:06] buffer is less than 5, real size: 0
[2026-07-08 17:09:06] out while is working
[2026-07-08 17:09:06] buffer is less than 5, real size: 1
[2026-07-08 17:09:06] out while is working
[2026-07-08 17:09:06] data_length 14 iseq 185
[2026-07-08 17:09:06] begin switch_method
[2026-07-08 17:09:06] find command id514
[2026-07-08 17:09:06] data_length 17 iseq 186
[2026-07-08 17:09:06] buffer is less than sof_index + frame_length(26), buffer size: b'\xa5\x11\x00\xban\x01\x02\t\x01'
[2026-07-08 17:09:06] out while is working
[2026-07-08 17:09:06] data_length 17 iseq 186
[2026-07-08 17:09:06] buffer is less than sof_index + frame_length(26), buffer size: b'\xa5\x11\x00\xban\x01\x02\t\x01\xb8'
[2026-07-08 17:09:06] out while is working
[2026-07-08 17:09:06] data_length 17 iseq 186
[2026-07-08 17:09:06] begin switch_method
[2026-07-08 17:09:06] find command id513
[2026-07-08 17:09:06] buffer is less than 5, real size: 0
[2026-07-08 17:09:06] out while is working
[2026-07-08 17:09:06] buffer is less than 5, real size: 0
[2026-07-08 17:09:06] out while is working
[2026-07-08 17:09:06] buffer is less than 5, real size: 0
[2026-07-08 17:09:06] out while is working
[2026-07-08 17:09:06] buffer is less than 5, real size: 0
[2026-07-08 17:09:06] out while is working
[2026-07-08 17:09:06] buffer is less than 5, real size: 0
[2026-07-08 17:09:06] out while is working
[2026-07-08 17:09:06] buffer is less than 5, real size: 0
[2026-07-08 17:09:06] out while is working
[2026-07-08 17:09:06] buffer is less than 5, real size: 0
[2026-07-08 17:09:06] out while is working
[2026-07-08 17:09:06] buffer is less than 5, real size: 0
[2026-07-08 17:09:06] out while is working
[2026-07-08 17:09:06] buffer is less than 5, real size: 0
[2026-07-08 17:09:06] out while is working
[2026-07-08 17:09:06] buffer is less than 5, real size: 0
[2026-07-08 17:09:06] out while is working
[2026-07-08 17:09:06] buffer is less than 5, real size: 1
[2026-07-08 17:09:06] out while is working
[2026-07-08 17:09:06] data_length 14 iseq 187
[2026-07-08 17:09:06] begin switch_method
[2026-07-08 17:09:06] find command id514
[2026-07-08 17:09:06] data_length 17 iseq 188
[2026-07-08 17:09:06] buffer is less than sof_index + frame_length(26), buffer size: b'\xa5\x11\x00\xbc\xb3\x01\x02\t\x01'
[2026-07-08 17:09:06] out while is working
[2026-07-08 17:09:06] data_length 17 iseq 188
[2026-07-08 17:09:06] buffer is less than sof_index + frame_length(26), buffer size: b'\xa5\x11\x00\xbc\xb3\x01\x02\t\x01\xb8'
[2026-07-08 17:09:06] out while is working
[2026-07-08 17:09:06] data_length 17 iseq 188
[2026-07-08 17:09:06] begin switch_method
[2026-07-08 17:09:06] find command id513
[2026-07-08 17:09:06] buffer is less than 5, real size: 0
[2026-07-08 17:09:06] out while is working
[2026-07-08 17:09:06] buffer is less than 5, real size: 0
[2026-07-08 17:09:06] out while is working
[2026-07-08 17:09:06] buffer is less than 5, real size: 0
[2026-07-08 17:09:06] out while is working
[2026-07-08 17:09:06] buffer is less than 5, real size: 0
[2026-07-08 17:09:06] out while is working
[2026-07-08 17:09:06] buffer is less than 5, real size: 0
[2026-07-08 17:09:06] out while is working
[2026-07-08 17:09:06] buffer is less than 5, real size: 0
[2026-07-08 17:09:06] out while is working
[2026-07-08 17:09:06] buffer is less than 5, real size: 0
[2026-07-08 17:09:06] out while is working
[2026-07-08 17:09:06] buffer is less than 5, real size: 0
[2026-07-08 17:09:06] out while is working
[2026-07-08 17:09:06] buffer is less than 5, real size: 0
[2026-07-08 17:09:06] out while is working
[2026-07-08 17:09:07] buffer is less than 5, real size: 0
[2026-07-08 17:09:07] out while is working
[2026-07-08 17:09:07] buffer is less than 5, real size: 1
[2026-07-08 17:09:07] out while is working
[2026-07-08 17:09:07] data_length 14 iseq 189
[2026-07-08 17:09:07] begin switch_method
[2026-07-08 17:09:07] find command id514
[2026-07-08 17:09:07] data_length 17 iseq 190
[2026-07-08 17:09:07] buffer is less than sof_index + frame_length(26), buffer size: b'\xa5\x11\x00\xbe\x0f\x01\x02\t\x01'
[2026-07-08 17:09:07] out while is working
[2026-07-08 17:09:07] data_length 17 iseq 190
[2026-07-08 17:09:07] buffer is less than sof_index + frame_length(26), buffer size: b'\xa5\x11\x00\xbe\x0f\x01\x02\t\x01\xb8'
[2026-07-08 17:09:07] out while is working
[2026-07-08 17:09:07] data_length 17 iseq 190
[2026-07-08 17:09:07] begin switch_method
[2026-07-08 17:09:07] find command id513
[2026-07-08 17:09:07] buffer is less than 5, real size: 0
[2026-07-08 17:09:07] out while is working
[2026-07-08 17:09:07] buffer is less than 5, real size: 0
[2026-07-08 17:09:07] out while is working
[2026-07-08 17:09:07] buffer is less than 5, real size: 0
[2026-07-08 17:09:07] out while is working
[2026-07-08 17:09:07] buffer is less than 5, real size: 1
[2026-07-08 17:09:07] out while is working
[2026-07-08 17:09:07] data_length 5 iseq 191
[2026-07-08 17:09:07] begin switch_method
[2026-07-08 17:09:07] find command id521
[2026-07-08 17:09:07] buffer is less than 5, real size: 0
[2026-07-08 17:09:07] out while is working
[2026-07-08 17:09:07] buffer is less than 5, real size: 0
[2026-07-08 17:09:07] out while is working
[2026-07-08 17:09:07] buffer is less than 5, real size: 0
[2026-07-08 17:09:07] out while is working
[2026-07-08 17:09:07] buffer is less than 5, real size: 0
[2026-07-08 17:09:07] out while is working
[2026-07-08 17:09:07] buffer is less than 5, real size: 0
[2026-07-08 17:09:07] out while is working
[2026-07-08 17:09:07] buffer is less than 5, real size: 0
[2026-07-08 17:09:07] out while is working
[2026-07-08 17:09:07] buffer is less than 5, real size: 0
[2026-07-08 17:09:07] out while is working
[2026-07-08 17:09:07] buffer is less than 5, real size: 1
[2026-07-08 17:09:07] out while is working
[2026-07-08 17:09:07] data_length 14 iseq 192
[2026-07-08 17:09:07] begin switch_method
[2026-07-08 17:09:07] find command id514
[2026-07-08 17:09:07] data_length 17 iseq 193
[2026-07-08 17:09:07] buffer is less than sof_index + frame_length(26), buffer size: b'\xa5\x11\x00\xc1\xb6\x01\x02\t\x01'
[2026-07-08 17:09:07] out while is working
[2026-07-08 17:09:07] data_length 17 iseq 193
[2026-07-08 17:09:07] buffer is less than sof_index + frame_length(26), buffer size: b'\xa5\x11\x00\xc1\xb6\x01\x02\t\x01\xb8'
[2026-07-08 17:09:07] out while is working
[2026-07-08 17:09:07] data_length 17 iseq 193
[2026-07-08 17:09:07] begin switch_method
[2026-07-08 17:09:07] find command id513
[2026-07-08 17:09:07] buffer is less than 5, real size: 0
[2026-07-08 17:09:07] out while is working
[2026-07-08 17:09:07] buffer is less than 5, real size: 0
[2026-07-08 17:09:07] out while is working
[2026-07-08 17:09:07] buffer is less than 5, real size: 0
[2026-07-08 17:09:07] out while is working
[2026-07-08 17:09:07] buffer is less than 5, real size: 0
[2026-07-08 17:09:07] out while is working
[2026-07-08 17:09:07] buffer is less than 5, real size: 0
[2026-07-08 17:09:07] out while is working
[2026-07-08 17:09:07] buffer is less than 5, real size: 0
[2026-07-08 17:09:07] out while is working
[2026-07-08 17:09:07] buffer is less than 5, real size: 0
[2026-07-08 17:09:07] out while is working
[2026-07-08 17:09:07] buffer is less than 5, real size: 0
[2026-07-08 17:09:07] out while is working
[2026-07-08 17:09:07] buffer is less than 5, real size: 0
[2026-07-08 17:09:07] out while is working
[2026-07-08 17:09:07] buffer is less than 5, real size: 0
[2026-07-08 17:09:07] out while is working
[2026-07-08 17:09:07] buffer is less than 5, real size: 0
[2026-07-08 17:09:07] out while is working
[2026-07-08 17:09:07] buffer is less than 5, real size: 1
[2026-07-08 17:09:07] out while is working
[2026-07-08 17:09:07] data_length 14 iseq 194
[2026-07-08 17:09:07] begin switch_method
[2026-07-08 17:09:07] find command id514
[2026-07-08 17:09:07] data_length 17 iseq 195
[2026-07-08 17:09:07] buffer is less than sof_index + frame_length(26), buffer size: b'\xa5\x11\x00\xc3\n\x01\x02\t\x01'
[2026-07-08 17:09:07] out while is working
[2026-07-08 17:09:07] data_length 17 iseq 195
[2026-07-08 17:09:07] buffer is less than sof_index + frame_length(26), buffer size: b'\xa5\x11\x00\xc3\n\x01\x02\t\x01\xb8'
[2026-07-08 17:09:07] out while is working
[2026-07-08 17:09:07] data_length 17 iseq 195
[2026-07-08 17:09:07] begin switch_method
[2026-07-08 17:09:07] find command id513
[2026-07-08 17:09:07] buffer is less than 5, real size: 0
[2026-07-08 17:09:07] out while is working
[2026-07-08 17:09:07] buffer is less than 5, real size: 0
[2026-07-08 17:09:07] out while is working
[2026-07-08 17:09:07] buffer is less than 5, real size: 0
[2026-07-08 17:09:07] out while is working
[2026-07-08 17:09:07] buffer is less than 5, real size: 0
[2026-07-08 17:09:07] out while is working
[2026-07-08 17:09:07] buffer is less than 5, real size: 0
[2026-07-08 17:09:07] out while is working
[2026-07-08 17:09:07] buffer is less than 5, real size: 0
[2026-07-08 17:09:07] out while is working
[2026-07-08 17:09:07] buffer is less than 5, real size: 0
[2026-07-08 17:09:07] out while is working
[2026-07-08 17:09:07] buffer is less than 5, real size: 0
[2026-07-08 17:09:07] out while is working
[2026-07-08 17:09:07] buffer is less than 5, real size: 0
[2026-07-08 17:09:07] out while is working
[2026-07-08 17:09:07] buffer is less than 5, real size: 0
[2026-07-08 17:09:07] out while is working
[2026-07-08 17:09:07] buffer is less than 5, real size: 0
[2026-07-08 17:09:07] out while is working
[2026-07-08 17:09:07] buffer is less than 5, real size: 1
[2026-07-08 17:09:07] out while is working
[2026-07-08 17:09:07] data_length 14 iseq 196
[2026-07-08 17:09:07] begin switch_method
[2026-07-08 17:09:07] find command id514
[2026-07-08 17:09:07] data_length 17 iseq 197
[2026-07-08 17:09:07] buffer is less than sof_index + frame_length(26), buffer size: b'\xa5\x11\x00\xc5\xd7\x01\x02\t\x01'
[2026-07-08 17:09:07] out while is working
[2026-07-08 17:09:07] data_length 17 iseq 197
[2026-07-08 17:09:07] buffer is less than sof_index + frame_length(26), buffer size: b'\xa5\x11\x00\xc5\xd7\x01\x02\t\x01\xb8'
[2026-07-08 17:09:07] out while is working
[2026-07-08 17:09:07] data_length 17 iseq 197
[2026-07-08 17:09:07] begin switch_method
[2026-07-08 17:09:07] find command id513
[2026-07-08 17:09:07] buffer is less than 5, real size: 0
[2026-07-08 17:09:07] out while is working
[2026-07-08 17:09:07] buffer is less than 5, real size: 1
[2026-07-08 17:09:07] out while is working
[2026-07-08 17:09:07] data_length 5 iseq 198
[2026-07-08 17:09:07] begin switch_method
[2026-07-08 17:09:07] find command id521
[2026-07-08 17:09:07] buffer is less than 5, real size: 0
[2026-07-08 17:09:07] out while is working
[2026-07-08 17:09:07] buffer is less than 5, real size: 0
[2026-07-08 17:09:07] out while is working
[2026-07-08 17:09:07] buffer is less than 5, real size: 0
[2026-07-08 17:09:07] out while is working
[2026-07-08 17:09:07] buffer is less than 5, real size: 0
[2026-07-08 17:09:07] out while is working
[2026-07-08 17:09:07] buffer is less than 5, real size: 0
[2026-07-08 17:09:07] out while is working
[2026-07-08 17:09:07] buffer is less than 5, real size: 0
[2026-07-08 17:09:07] out while is working
[2026-07-08 17:09:07] buffer is less than 5, real size: 0
[2026-07-08 17:09:07] out while is working
[2026-07-08 17:09:07] buffer is less than 5, real size: 0
[2026-07-08 17:09:07] out while is working
[2026-07-08 17:09:07] buffer is less than 5, real size: 0
[2026-07-08 17:09:07] out while is working
[2026-07-08 17:09:07] buffer is less than 5, real size: 0
[2026-07-08 17:09:07] out while is working
[2026-07-08 17:09:07] buffer is less than 5, real size: 1
[2026-07-08 17:09:07] out while is working
[2026-07-08 17:09:07] data_length 14 iseq 199
[2026-07-08 17:09:07] begin switch_method
[2026-07-08 17:09:07] find command id514
[2026-07-08 17:09:07] data_length 17 iseq 200
[2026-07-08 17:09:07] buffer is less than sof_index + frame_length(26), buffer size: b'\xa5\x11\x00\xc8*\x01\x02\t\x01'
[2026-07-08 17:09:07] out while is working
[2026-07-08 17:09:07] data_length 17 iseq 200
[2026-07-08 17:09:07] buffer is less than sof_index + frame_length(26), buffer size: b'\xa5\x11\x00\xc8*\x01\x02\t\x01\xb8'
[2026-07-08 17:09:07] out while is working
[2026-07-08 17:09:07] data_length 17 iseq 200
[2026-07-08 17:09:07] begin switch_method
[2026-07-08 17:09:07] find command id513
[2026-07-08 17:09:07] buffer is less than 5, real size: 0
[2026-07-08 17:09:07] out while is working
[2026-07-08 17:09:07] buffer is less than 5, real size: 0
[2026-07-08 17:09:07] out while is working
[2026-07-08 17:09:07] buffer is less than 5, real size: 0
[2026-07-08 17:09:07] out while is working
[2026-07-08 17:09:07] buffer is less than 5, real size: 0
[2026-07-08 17:09:07] out while is working
[2026-07-08 17:09:07] buffer is less than 5, real size: 0
[2026-07-08 17:09:07] out while is working
[2026-07-08 17:09:07] buffer is less than 5, real size: 0
[2026-07-08 17:09:07] out while is working
[2026-07-08 17:09:07] buffer is less than 5, real size: 0
[2026-07-08 17:09:07] out while is working
[2026-07-08 17:09:07] buffer is less than 5, real size: 0
[2026-07-08 17:09:07] out while is working
[2026-07-08 17:09:07] buffer is less than 5, real size: 0
[2026-07-08 17:09:07] out while is working
[2026-07-08 17:09:07] buffer is less than 5, real size: 0
[2026-07-08 17:09:07] out while is working
[2026-07-08 17:09:07] buffer is less than 5, real size: 1
[2026-07-08 17:09:07] out while is working
[2026-07-08 17:09:07] data_length 14 iseq 201
[2026-07-08 17:09:07] begin switch_method
[2026-07-08 17:09:07] find command id514
[2026-07-08 17:09:07] data_length 17 iseq 202
[2026-07-08 17:09:07] buffer is less than sof_index + frame_length(26), buffer size: b'\xa5\x11\x00\xca\x96\x01\x02\t\x01'
[2026-07-08 17:09:07] out while is working
[2026-07-08 17:09:07] data_length 17 iseq 202
[2026-07-08 17:09:07] buffer is less than sof_index + frame_length(26), buffer size: b'\xa5\x11\x00\xca\x96\x01\x02\t\x01\xb8'
[2026-07-08 17:09:07] out while is working
[2026-07-08 17:09:07] data_length 17 iseq 202
[2026-07-08 17:09:07] begin switch_method
[2026-07-08 17:09:07] find command id513
[2026-07-08 17:09:07] buffer is less than 5, real size: 0
[2026-07-08 17:09:07] out while is working
[2026-07-08 17:09:07] buffer is less than 5, real size: 0
[2026-07-08 17:09:07] out while is working
[2026-07-08 17:09:07] buffer is less than 5, real size: 0
[2026-07-08 17:09:07] out while is working
[2026-07-08 17:09:07] buffer is less than 5, real size: 0
[2026-07-08 17:09:07] out while is working
[2026-07-08 17:09:07] buffer is less than 5, real size: 0
[2026-07-08 17:09:07] out while is working
[2026-07-08 17:09:07] buffer is less than 5, real size: 0
[2026-07-08 17:09:07] out while is working
[2026-07-08 17:09:07] buffer is less than 5, real size: 0
[2026-07-08 17:09:07] out while is working
[2026-07-08 17:09:07] buffer is less than 5, real size: 0
[2026-07-08 17:09:07] out while is working
[2026-07-08 17:09:07] buffer is less than 5, real size: 0
[2026-07-08 17:09:07] out while is working
[2026-07-08 17:09:07] buffer is less than 5, real size: 0
[2026-07-08 17:09:07] out while is working
[2026-07-08 17:09:07] buffer is less than 5, real size: 1
[2026-07-08 17:09:07] out while is working
[2026-07-08 17:09:07] data_length 5 iseq 203
[2026-07-08 17:09:07] begin switch_method
[2026-07-08 17:09:07] find command id521
[2026-07-08 17:09:07] data_length 14 iseq 204
[2026-07-08 17:09:07] buffer is less than sof_index + frame_length(23), buffer size: b'\xa5\x0e\x00\xcc^\x02\x02\x00\x00\x00\x00\x00\x00\x00\x00\x00\x00\x00'
[2026-07-08 17:09:07] out while is working
[2026-07-08 17:09:07] data_length 14 iseq 204
[2026-07-08 17:09:07] buffer is less than sof_index + frame_length(23), buffer size: b'\xa5\x0e\x00\xcc^\x02\x02\x00\x00\x00\x00\x00\x00\x00\x00\x00\x00\x00\x00'
[2026-07-08 17:09:07] out while is working
[2026-07-08 17:09:07] data_length 14 iseq 204
[2026-07-08 17:09:07] begin switch_method
[2026-07-08 17:09:07] find command id514
[2026-07-08 17:09:07] data_length 12 iseq 205
[2026-07-08 17:09:07] begin switch_method
[2026-07-08 17:09:07] find command id515
[2026-07-08 17:09:07] data_length 17 iseq 206
[2026-07-08 17:09:07] buffer is less than sof_index + frame_length(26), buffer size: b'\xa5\x11\x00\xce\xf7\x01'
[2026-07-08 17:09:07] out while is working
[2026-07-08 17:09:07] data_length 17 iseq 206
[2026-07-08 17:09:07] buffer is less than sof_index + frame_length(26), buffer size: b'\xa5\x11\x00\xce\xf7\x01\x02'
[2026-07-08 17:09:07] out while is working
[2026-07-08 17:09:07] data_length 17 iseq 206
[2026-07-08 17:09:07] begin switch_method
[2026-07-08 17:09:07] find command id513
[2026-07-08 17:09:07] buffer is less than 5, real size: 0
[2026-07-08 17:09:07] out while is working
[2026-07-08 17:09:07] buffer is less than 5, real size: 0
[2026-07-08 17:09:07] out while is working
[2026-07-08 17:09:07] buffer is less than 5, real size: 0
[2026-07-08 17:09:07] out while is working
[2026-07-08 17:09:07] buffer is less than 5, real size: 0
[2026-07-08 17:09:07] out while is working
[2026-07-08 17:09:07] buffer is less than 5, real size: 0
[2026-07-08 17:09:07] out while is working
[2026-07-08 17:09:07] buffer is less than 5, real size: 0
[2026-07-08 17:09:07] out while is working
[2026-07-08 17:09:07] buffer is less than 5, real size: 0
[2026-07-08 17:09:07] out while is working
[2026-07-08 17:09:07] buffer is less than 5, real size: 0
[2026-07-08 17:09:07] out while is working
[2026-07-08 17:09:07] buffer is less than 5, real size: 0
[2026-07-08 17:09:07] out while is working
[2026-07-08 17:09:07] buffer is less than 5, real size: 0
[2026-07-08 17:09:07] out while is working
[2026-07-08 17:09:07] buffer is less than 5, real size: 1
[2026-07-08 17:09:07] out while is working
[2026-07-08 17:09:07] data_length 14 iseq 207
[2026-07-08 17:09:07] begin switch_method
[2026-07-08 17:09:07] find command id514
[2026-07-08 17:09:07] data_length 17 iseq 208
[2026-07-08 17:09:07] buffer is less than sof_index + frame_length(26), buffer size: b'\xa5\x11\x00\xd0u\x01\x02\t\x01'
[2026-07-08 17:09:07] out while is working
[2026-07-08 17:09:07] data_length 17 iseq 208
[2026-07-08 17:09:07] buffer is less than sof_index + frame_length(26), buffer size: b'\xa5\x11\x00\xd0u\x01\x02\t\x01\xb8'
[2026-07-08 17:09:07] out while is working
[2026-07-08 17:09:07] data_length 17 iseq 208
[2026-07-08 17:09:07] begin switch_method
[2026-07-08 17:09:07] find command id513
[2026-07-08 17:09:07] buffer is less than 5, real size: 0
[2026-07-08 17:09:07] out while is working
[2026-07-08 17:09:07] buffer is less than 5, real size: 1
[2026-07-08 17:09:07] out while is working
[2026-07-08 17:09:07] data_length 2 iseq 209
[2026-07-08 17:09:07] begin switch_method
[2026-07-08 17:09:07] find command id524
[2026-07-08 17:09:07] Mark process: [0, 0, 0, 0, 0, 0] (raw bits: 0000000000000000)
[2026-07-08 17:09:07] data_length 4 iseq 210
[2026-07-08 17:09:07] begin switch_method
[2026-07-08 17:09:07] find command id257
[2026-07-08 17:09:07] data_length 11 iseq 211
[2026-07-08 17:09:07] buffer is less than sof_index + frame_length(20), buffer size: b'\xa5\x0b\x00\xd3\xb7\x01\x00\x01'
[2026-07-08 17:09:07] out while is working
[2026-07-08 17:09:07] data_length 11 iseq 211
[2026-07-08 17:09:07] buffer is less than sof_index + frame_length(20), buffer size: b'\xa5\x0b\x00\xd3\xb7\x01\x00\x01\x00'
[2026-07-08 17:09:07] out while is working
[2026-07-08 17:09:07] data_length 11 iseq 211
[2026-07-08 17:09:07] begin switch_method
[2026-07-08 17:09:07] find command id1
[2026-07-08 17:09:07] data_length 3 iseq 212
[2026-07-08 17:09:07] begin switch_method
[2026-07-08 17:09:07] find command id261
[2026-07-08 17:09:07] Dart target: 0
[2026-07-08 17:09:07] data_length 1 iseq 213
[2026-07-08 17:09:07] buffer is less than sof_index + frame_length(10), buffer size: b'\xa5\x01\x00\xd5\x00\x0e\x02('
[2026-07-08 17:09:07] out while is working
[2026-07-08 17:09:07] data_length 1 iseq 213
[2026-07-08 17:09:07] buffer is less than sof_index + frame_length(10), buffer size: b'\xa5\x01\x00\xd5\x00\x0e\x02(\xa8'
[2026-07-08 17:09:07] out while is working
[2026-07-08 17:09:07] data_length 1 iseq 213
[2026-07-08 17:09:07] begin switch_method
[2026-07-08 17:09:07] find command id526
[2026-07-08 17:09:07] Double effect chance: 0, is double effect active: 0
[2026-07-08 17:09:07] Interference level: 1, is key updated: 1
[2026-07-08 17:09:07] buffer is less than 5, real size: 0
[2026-07-08 17:09:07] out while is working
[2026-07-08 17:09:07] buffer is less than 5, real size: 0
[2026-07-08 17:09:07] out while is working
[2026-07-08 17:09:07] buffer is less than 5, real size: 0
[2026-07-08 17:09:07] out while is working
[2026-07-08 17:09:07] buffer is less than 5, real size: 0
[2026-07-08 17:09:07] out while is working
[2026-07-08 17:09:07] buffer is less than 5, real size: 0
[2026-07-08 17:09:07] out while is working
[2026-07-08 17:09:07] buffer is less than 5, real size: 0
[2026-07-08 17:09:07] out while is working
[2026-07-08 17:09:07] buffer is less than 5, real size: 0
[2026-07-08 17:09:07] out while is working
[2026-07-08 17:09:07] buffer is less than 5, real size: 0
[2026-07-08 17:09:07] out while is working
[2026-07-08 17:09:07] buffer is less than 5, real size: 0
[2026-07-08 17:09:07] out while is working
[2026-07-08 17:09:07] buffer is less than 5, real size: 1
[2026-07-08 17:09:07] out while is working
[2026-07-08 17:09:07] data_length 14 iseq 214
[2026-07-08 17:09:07] begin switch_method
[2026-07-08 17:09:07] find command id514
[2026-07-08 17:09:07] data_length 17 iseq 215
[2026-07-08 17:09:07] buffer is less than sof_index + frame_length(26), buffer size: b'\xa5\x11\x00\xd7\xf6\x01\x02\t\x01'
[2026-07-08 17:09:07] out while is working
[2026-07-08 17:09:07] data_length 17 iseq 215
[2026-07-08 17:09:07] buffer is less than sof_index + frame_length(26), buffer size: b'\xa5\x11\x00\xd7\xf6\x01\x02\t\x01\xb8'
[2026-07-08 17:09:07] out while is working
[2026-07-08 17:09:07] data_length 17 iseq 215
[2026-07-08 17:09:07] begin switch_method
[2026-07-08 17:09:07] find command id513
[2026-07-08 17:09:07] buffer is less than 5, real size: 0
[2026-07-08 17:09:07] out while is working
[2026-07-08 17:09:07] buffer is less than 5, real size: 0
[2026-07-08 17:09:07] out while is working
[2026-07-08 17:09:07] buffer is less than 5, real size: 0
[2026-07-08 17:09:07] out while is working
[2026-07-08 17:09:07] buffer is less than 5, real size: 0
[2026-07-08 17:09:07] out while is working
[2026-07-08 17:09:07] buffer is less than 5, real size: 0
[2026-07-08 17:09:07] out while is working
[2026-07-08 17:09:07] buffer is less than 5, real size: 0
[2026-07-08 17:09:07] out while is working
[2026-07-08 17:09:07] buffer is less than 5, real size: 0
[2026-07-08 17:09:07] out while is working
[2026-07-08 17:09:07] buffer is less than 5, real size: 0
[2026-07-08 17:09:07] out while is working
[2026-07-08 17:09:07] buffer is less than 5, real size: 0
[2026-07-08 17:09:07] out while is working
[2026-07-08 17:09:07] buffer is less than 5, real size: 0
[2026-07-08 17:09:07] out while is working
[2026-07-08 17:09:07] buffer is less than 5, real size: 1
[2026-07-08 17:09:07] out while is working
[2026-07-08 17:09:07] data_length 5 iseq 216
[2026-07-08 17:09:07] begin switch_method
[2026-07-08 17:09:07] find command id521
[2026-07-08 17:09:07] data_length 14 iseq 217
[2026-07-08 17:09:07] buffer is less than sof_index + frame_length(23), buffer size: b'\xa5\x0e\x00\xd9\xfc\x02\x02\x00\x00\x00\x00\x00\x00\x00\x00\x00\x00\x00'
[2026-07-08 17:09:07] out while is working
[2026-07-08 17:09:07] data_length 14 iseq 217
[2026-07-08 17:09:07] buffer is less than sof_index + frame_length(23), buffer size: b'\xa5\x0e\x00\xd9\xfc\x02\x02\x00\x00\x00\x00\x00\x00\x00\x00\x00\x00\x00\x00'
[2026-07-08 17:09:07] out while is working
[2026-07-08 17:09:07] data_length 14 iseq 217
[2026-07-08 17:09:07] begin switch_method
[2026-07-08 17:09:07] find command id514
[2026-07-08 17:09:07] data_length 17 iseq 218
[2026-07-08 17:09:07] begin switch_method
[2026-07-08 17:09:07] find command id513
[2026-07-08 17:09:07] buffer is less than 5, real size: 0
[2026-07-08 17:09:07] out while is working
[2026-07-08 17:09:07] buffer is less than 5, real size: 0
[2026-07-08 17:09:07] out while is working
[2026-07-08 17:09:07] buffer is less than 5, real size: 0
[2026-07-08 17:09:07] out while is working
[2026-07-08 17:09:07] buffer is less than 5, real size: 0
[2026-07-08 17:09:07] out while is working
[2026-07-08 17:09:07] buffer is less than 5, real size: 0
[2026-07-08 17:09:07] out while is working
[2026-07-08 17:09:08] buffer is less than 5, real size: 0
[2026-07-08 17:09:08] out while is working
[2026-07-08 17:09:08] buffer is less than 5, real size: 0
[2026-07-08 17:09:08] out while is working
[2026-07-08 17:09:08] buffer is less than 5, real size: 0
[2026-07-08 17:09:08] out while is working
[2026-07-08 17:09:08] buffer is less than 5, real size: 0
[2026-07-08 17:09:08] out while is working
[2026-07-08 17:09:08] buffer is less than 5, real size: 0
[2026-07-08 17:09:08] out while is working
[2026-07-08 17:09:08] buffer is less than 5, real size: 1
[2026-07-08 17:09:08] out while is working
[2026-07-08 17:09:08] data_length 14 iseq 219
[2026-07-08 17:09:08] begin switch_method
[2026-07-08 17:09:08] find command id514
[2026-07-08 17:09:08] data_length 17 iseq 220
[2026-07-08 17:09:08] buffer is less than sof_index + frame_length(26), buffer size: b'\xa5\x11\x00\xdc\xd6\x01\x02\t\x01'
[2026-07-08 17:09:08] out while is working
[2026-07-08 17:09:08] data_length 17 iseq 220
[2026-07-08 17:09:08] buffer is less than sof_index + frame_length(26), buffer size: b'\xa5\x11\x00\xdc\xd6\x01\x02\t\x01\xb8'
[2026-07-08 17:09:08] out while is working
[2026-07-08 17:09:08] data_length 17 iseq 220
[2026-07-08 17:09:08] begin switch_method
[2026-07-08 17:09:08] find command id513
[2026-07-08 17:09:08] buffer is less than 5, real size: 0
[2026-07-08 17:09:08] out while is working
[2026-07-08 17:09:08] buffer is less than 5, real size: 0
[2026-07-08 17:09:08] out while is working
[2026-07-08 17:09:08] buffer is less than 5, real size: 0
[2026-07-08 17:09:08] out while is working
[2026-07-08 17:09:08] buffer is less than 5, real size: 0
[2026-07-08 17:09:08] out while is working
[2026-07-08 17:09:08] buffer is less than 5, real size: 0
[2026-07-08 17:09:08] out while is working
[2026-07-08 17:09:08] buffer is less than 5, real size: 0
[2026-07-08 17:09:08] out while is working
[2026-07-08 17:09:08] buffer is less than 5, real size: 0
[2026-07-08 17:09:08] out while is working
[2026-07-08 17:09:08] buffer is less than 5, real size: 0
[2026-07-08 17:09:08] out while is working
[2026-07-08 17:09:08] buffer is less than 5, real size: 0
[2026-07-08 17:09:08] out while is working
[2026-07-08 17:09:08] buffer is less than 5, real size: 0
[2026-07-08 17:09:08] out while is working
[2026-07-08 17:09:08] buffer is less than 5, real size: 0
[2026-07-08 17:09:08] out while is working
[2026-07-08 17:09:08] buffer is less than 5, real size: 1
[2026-07-08 17:09:08] out while is working
[2026-07-08 17:09:08] data_length 14 iseq 221
[2026-07-08 17:09:08] begin switch_method
[2026-07-08 17:09:08] find command id514
[2026-07-08 17:09:08] data_length 17 iseq 222
[2026-07-08 17:09:08] buffer is less than sof_index + frame_length(26), buffer size: b'\xa5\x11\x00\xdej\x01\x02\t\x01'
[2026-07-08 17:09:08] out while is working
[2026-07-08 17:09:08] data_length 17 iseq 222
[2026-07-08 17:09:08] buffer is less than sof_index + frame_length(26), buffer size: b'\xa5\x11\x00\xdej\x01\x02\t\x01\xb8'
[2026-07-08 17:09:08] out while is working
[2026-07-08 17:09:08] data_length 17 iseq 222
[2026-07-08 17:09:08] begin switch_method
[2026-07-08 17:09:08] find command id513
[2026-07-08 17:09:08] buffer is less than 5, real size: 0
[2026-07-08 17:09:08] out while is working
[2026-07-08 17:09:08] buffer is less than 5, real size: 0
[2026-07-08 17:09:08] out while is working
[2026-07-08 17:09:08] buffer is less than 5, real size: 0
[2026-07-08 17:09:08] out while is working
[2026-07-08 17:09:08] buffer is less than 5, real size: 0
[2026-07-08 17:09:08] out while is working
[2026-07-08 17:09:08] buffer is less than 5, real size: 0
[2026-07-08 17:09:08] out while is working
[2026-07-08 17:09:08] buffer is less than 5, real size: 0
[2026-07-08 17:09:08] out while is working
[2026-07-08 17:09:08] buffer is less than 5, real size: 0
[2026-07-08 17:09:08] out while is working
[2026-07-08 17:09:08] buffer is less than 5, real size: 0
[2026-07-08 17:09:08] out while is working
[2026-07-08 17:09:08] buffer is less than 5, real size: 1
[2026-07-08 17:09:08] out while is working
[2026-07-08 17:09:08] data_length 5 iseq 223
[2026-07-08 17:09:08] begin switch_method
[2026-07-08 17:09:08] find command id521
[2026-07-08 17:09:08] buffer is less than 5, real size: 0
[2026-07-08 17:09:08] out while is working
[2026-07-08 17:09:08] buffer is less than 5, real size: 0
[2026-07-08 17:09:08] out while is working
[2026-07-08 17:09:08] buffer is less than 5, real size: 0
[2026-07-08 17:09:08] out while is working
[2026-07-08 17:09:08] buffer is less than 5, real size: 0
[2026-07-08 17:09:08] out while is working
[2026-07-08 17:09:08] buffer is less than 5, real size: 1
[2026-07-08 17:09:08] out while is working
[2026-07-08 17:09:08] data_length 14 iseq 224
[2026-07-08 17:09:08] begin switch_method
[2026-07-08 17:09:08] find command id514
[2026-07-08 17:09:08] data_length 17 iseq 225
[2026-07-08 17:09:08] buffer is less than sof_index + frame_length(26), buffer size: b'\xa5\x11\x00\xe1\x95\x01\x02\t\x01'
[2026-07-08 17:09:08] out while is working
[2026-07-08 17:09:08] data_length 17 iseq 225
[2026-07-08 17:09:08] buffer is less than sof_index + frame_length(26), buffer size: b'\xa5\x11\x00\xe1\x95\x01\x02\t\x01\xb8'
[2026-07-08 17:09:08] out while is working
[2026-07-08 17:09:08] data_length 17 iseq 225
[2026-07-08 17:09:08] begin switch_method
[2026-07-08 17:09:08] find command id513
[2026-07-08 17:09:08] buffer is less than 5, real size: 0
[2026-07-08 17:09:08] out while is working
[2026-07-08 17:09:08] buffer is less than 5, real size: 0
[2026-07-08 17:09:08] out while is working
[2026-07-08 17:09:08] buffer is less than 5, real size: 0
[2026-07-08 17:09:08] out while is working
[2026-07-08 17:09:08] buffer is less than 5, real size: 0
[2026-07-08 17:09:08] out while is working
[2026-07-08 17:09:08] buffer is less than 5, real size: 0
[2026-07-08 17:09:08] out while is working
[2026-07-08 17:09:08] buffer is less than 5, real size: 0
[2026-07-08 17:09:08] out while is working
[2026-07-08 17:09:08] buffer is less than 5, real size: 0
[2026-07-08 17:09:08] out while is working
[2026-07-08 17:09:08] buffer is less than 5, real size: 0
[2026-07-08 17:09:08] out while is working
[2026-07-08 17:09:08] buffer is less than 5, real size: 0
[2026-07-08 17:09:08] out while is working
[2026-07-08 17:09:08] buffer is less than 5, real size: 0
[2026-07-08 17:09:08] out while is working
[2026-07-08 17:09:08] buffer is less than 5, real size: 1
[2026-07-08 17:09:08] out while is working
[2026-07-08 17:09:08] data_length 14 iseq 226
[2026-07-08 17:09:08] begin switch_method
[2026-07-08 17:09:08] find command id514
[2026-07-08 17:09:08] data_length 17 iseq 227
[2026-07-08 17:09:08] buffer is less than sof_index + frame_length(26), buffer size: b'\xa5\x11\x00\xe3)\x01\x02\t\x01'
[2026-07-08 17:09:08] out while is working
[2026-07-08 17:09:08] data_length 17 iseq 227
[2026-07-08 17:09:08] buffer is less than sof_index + frame_length(26), buffer size: b'\xa5\x11\x00\xe3)\x01\x02\t\x01\xb8'
[2026-07-08 17:09:08] out while is working
[2026-07-08 17:09:08] data_length 17 iseq 227
[2026-07-08 17:09:08] begin switch_method
[2026-07-08 17:09:08] find command id513
[2026-07-08 17:09:08] buffer is less than 5, real size: 0
[2026-07-08 17:09:08] out while is working
[2026-07-08 17:09:08] buffer is less than 5, real size: 0
[2026-07-08 17:09:08] out while is working
[2026-07-08 17:09:08] buffer is less than 5, real size: 0
[2026-07-08 17:09:08] out while is working
[2026-07-08 17:09:08] buffer is less than 5, real size: 0
[2026-07-08 17:09:08] out while is working
[2026-07-08 17:09:08] buffer is less than 5, real size: 0
[2026-07-08 17:09:08] out while is working
[2026-07-08 17:09:08] buffer is less than 5, real size: 0
[2026-07-08 17:09:08] out while is working
[2026-07-08 17:09:08] buffer is less than 5, real size: 0
[2026-07-08 17:09:08] out while is working
[2026-07-08 17:09:08] buffer is less than 5, real size: 0
[2026-07-08 17:09:08] out while is working
[2026-07-08 17:09:08] buffer is less than 5, real size: 0
[2026-07-08 17:09:08] out while is working
[2026-07-08 17:09:08] buffer is less than 5, real size: 0
[2026-07-08 17:09:08] out while is working
[2026-07-08 17:09:08] buffer is less than 5, real size: 1
[2026-07-08 17:09:08] out while is working
[2026-07-08 17:09:08] data_length 14 iseq 228
[2026-07-08 17:09:08] begin switch_method
[2026-07-08 17:09:08] find command id514
[2026-07-08 17:09:08] data_length 17 iseq 229
[2026-07-08 17:09:08] buffer is less than sof_index + frame_length(26), buffer size: b'\xa5\x11\x00\xe5\xf4\x01\x02\t\x01'
[2026-07-08 17:09:08] out while is working
[2026-07-08 17:09:08] data_length 17 iseq 229
[2026-07-08 17:09:08] buffer is less than sof_index + frame_length(26), buffer size: b'\xa5\x11\x00\xe5\xf4\x01\x02\t\x01\xb8'
[2026-07-08 17:09:08] out while is working
[2026-07-08 17:09:08] data_length 17 iseq 229
[2026-07-08 17:09:08] begin switch_method
[2026-07-08 17:09:08] find command id513
[2026-07-08 17:09:08] buffer is less than 5, real size: 0
[2026-07-08 17:09:08] out while is working
[2026-07-08 17:09:08] buffer is less than 5, real size: 0
[2026-07-08 17:09:08] out while is working
[2026-07-08 17:09:08] buffer is less than 5, real size: 0
[2026-07-08 17:09:08] out while is working
[2026-07-08 17:09:08] buffer is less than 5, real size: 0
[2026-07-08 17:09:08] out while is working
[2026-07-08 17:09:08] buffer is less than 5, real size: 0
[2026-07-08 17:09:08] out while is working
[2026-07-08 17:09:08] buffer is less than 5, real size: 0
[2026-07-08 17:09:08] out while is working
[2026-07-08 17:09:08] buffer is less than 5, real size: 1
[2026-07-08 17:09:08] out while is working
[2026-07-08 17:09:08] data_length 5 iseq 230
[2026-07-08 17:09:08] begin switch_method
[2026-07-08 17:09:08] find command id521
[2026-07-08 17:09:08] buffer is less than 5, real size: 0
[2026-07-08 17:09:08] out while is working
[2026-07-08 17:09:08] buffer is less than 5, real size: 0
[2026-07-08 17:09:08] out while is working
[2026-07-08 17:09:08] buffer is less than 5, real size: 0
[2026-07-08 17:09:08] out while is working
[2026-07-08 17:09:08] buffer is less than 5, real size: 0
[2026-07-08 17:09:08] out while is working
[2026-07-08 17:09:08] buffer is less than 5, real size: 1
[2026-07-08 17:09:08] out while is working
[2026-07-08 17:09:08] data_length 14 iseq 231
[2026-07-08 17:09:08] begin switch_method
[2026-07-08 17:09:08] find command id514
[2026-07-08 17:09:08] data_length 17 iseq 232
[2026-07-08 17:09:08] buffer is less than sof_index + frame_length(26), buffer size: b'\xa5\x11\x00\xe8\t\x01\x02\t\x01'
[2026-07-08 17:09:08] out while is working
[2026-07-08 17:09:08] data_length 17 iseq 232
[2026-07-08 17:09:08] buffer is less than sof_index + frame_length(26), buffer size: b'\xa5\x11\x00\xe8\t\x01\x02\t\x01\xb8'
[2026-07-08 17:09:08] out while is working
[2026-07-08 17:09:08] data_length 17 iseq 232
[2026-07-08 17:09:08] begin switch_method
[2026-07-08 17:09:08] find command id513
[2026-07-08 17:09:08] buffer is less than 5, real size: 0
[2026-07-08 17:09:08] out while is working
[2026-07-08 17:09:08] buffer is less than 5, real size: 0
[2026-07-08 17:09:08] out while is working
[2026-07-08 17:09:08] buffer is less than 5, real size: 0
[2026-07-08 17:09:08] out while is working
[2026-07-08 17:09:08] buffer is less than 5, real size: 0
[2026-07-08 17:09:08] out while is working
[2026-07-08 17:09:08] buffer is less than 5, real size: 0
[2026-07-08 17:09:08] out while is working
[2026-07-08 17:09:08] buffer is less than 5, real size: 0
[2026-07-08 17:09:08] out while is working
[2026-07-08 17:09:08] buffer is less than 5, real size: 0
[2026-07-08 17:09:08] out while is working
[2026-07-08 17:09:08] buffer is less than 5, real size: 0
[2026-07-08 17:09:08] out while is working
[2026-07-08 17:09:08] buffer is less than 5, real size: 0
[2026-07-08 17:09:08] out while is working
[2026-07-08 17:09:08] buffer is less than 5, real size: 0
[2026-07-08 17:09:08] out while is working
[2026-07-08 17:09:08] buffer is less than 5, real size: 1
[2026-07-08 17:09:08] out while is working
[2026-07-08 17:09:08] data_length 14 iseq 233
[2026-07-08 17:09:08] begin switch_method
[2026-07-08 17:09:08] find command id514
[2026-07-08 17:09:08] data_length 12 iseq 234
[2026-07-08 17:09:08] buffer is less than sof_index + frame_length(21), buffer size: b'\xa5\x0c\x00\xea\xef\x03\x02\x00\x00'
[2026-07-08 17:09:08] out while is working
[2026-07-08 17:09:08] data_length 12 iseq 234
[2026-07-08 17:09:08] buffer is less than sof_index + frame_length(21), buffer size: b'\xa5\x0c\x00\xea\xef\x03\x02\x00\x00\x00'
[2026-07-08 17:09:08] out while is working
[2026-07-08 17:09:08] data_length 12 iseq 234
[2026-07-08 17:09:08] begin switch_method
[2026-07-08 17:09:08] find command id515
[2026-07-08 17:09:08] data_length 17 iseq 235
[2026-07-08 17:09:08] buffer is less than sof_index + frame_length(26), buffer size: b'\xa5\x11\x00\xeb\xeb\x01\x02\t\x01\xb8"\xb8"d\x00@\x01x\x00\x00'
[2026-07-08 17:09:08] out while is working
[2026-07-08 17:09:08] data_length 17 iseq 235
[2026-07-08 17:09:08] buffer is less than sof_index + frame_length(26), buffer size: b'\xa5\x11\x00\xeb\xeb\x01\x02\t\x01\xb8"\xb8"d\x00@\x01x\x00\x00\x00'
[2026-07-08 17:09:08] out while is working
[2026-07-08 17:09:08] data_length 17 iseq 235
[2026-07-08 17:09:08] begin switch_method
[2026-07-08 17:09:08] find command id513
[2026-07-08 17:09:08] buffer is less than 5, real size: 0
[2026-07-08 17:09:08] out while is working
[2026-07-08 17:09:08] buffer is less than 5, real size: 0
[2026-07-08 17:09:08] out while is working
[2026-07-08 17:09:08] buffer is less than 5, real size: 0
[2026-07-08 17:09:08] out while is working
[2026-07-08 17:09:08] buffer is less than 5, real size: 0
[2026-07-08 17:09:08] out while is working
[2026-07-08 17:09:08] buffer is less than 5, real size: 0
[2026-07-08 17:09:08] out while is working
[2026-07-08 17:09:08] buffer is less than 5, real size: 0
[2026-07-08 17:09:08] out while is working
[2026-07-08 17:09:08] buffer is less than 5, real size: 1
[2026-07-08 17:09:08] out while is working
[2026-07-08 17:09:08] data_length 2 iseq 236
[2026-07-08 17:09:08] begin switch_method
[2026-07-08 17:09:08] find command id524
[2026-07-08 17:09:08] Mark process: [0, 0, 0, 0, 0, 0] (raw bits: 0000000000000000)
[2026-07-08 17:09:08] data_length 4 iseq 237
[2026-07-08 17:09:08] begin switch_method
[2026-07-08 17:09:08] find command id257
[2026-07-08 17:09:08] data_length 11 iseq 238
[2026-07-08 17:09:08] buffer is less than sof_index + frame_length(20), buffer size: b'\xa5\x0b\x00\xee\xf4\x01\x00\x01'
[2026-07-08 17:09:08] out while is working
[2026-07-08 17:09:08] data_length 11 iseq 238
[2026-07-08 17:09:08] buffer is less than sof_index + frame_length(20), buffer size: b'\xa5\x0b\x00\xee\xf4\x01\x00\x01\x00'
[2026-07-08 17:09:08] out while is working
[2026-07-08 17:09:08] data_length 11 iseq 238
[2026-07-08 17:09:08] begin switch_method
[2026-07-08 17:09:08] find command id1
[2026-07-08 17:09:08] data_length 3 iseq 239
[2026-07-08 17:09:08] begin switch_method
[2026-07-08 17:09:08] find command id261
[2026-07-08 17:09:08] Dart target: 0
[2026-07-08 17:09:08] data_length 1 iseq 240
[2026-07-08 17:09:08] buffer is less than sof_index + frame_length(10), buffer size: b'\xa5\x01\x00\xf0\x1c\x0e\x02('
[2026-07-08 17:09:08] out while is working
[2026-07-08 17:09:08] data_length 1 iseq 240
[2026-07-08 17:09:08] buffer is less than sof_index + frame_length(10), buffer size: b'\xa5\x01\x00\xf0\x1c\x0e\x02(\xf8'
[2026-07-08 17:09:08] out while is working
[2026-07-08 17:09:08] data_length 1 iseq 240
[2026-07-08 17:09:08] begin switch_method
[2026-07-08 17:09:08] find command id526
[2026-07-08 17:09:08] Double effect chance: 0, is double effect active: 0
[2026-07-08 17:09:08] Interference level: 1, is key updated: 1
[2026-07-08 17:09:08] buffer is less than 5, real size: 0
[2026-07-08 17:09:08] out while is working
[2026-07-08 17:09:08] buffer is less than 5, real size: 0
[2026-07-08 17:09:08] out while is working
[2026-07-08 17:09:08] buffer is less than 5, real size: 0
[2026-07-08 17:09:08] out while is working
[2026-07-08 17:09:08] buffer is less than 5, real size: 0
[2026-07-08 17:09:08] out while is working
[2026-07-08 17:09:08] buffer is less than 5, real size: 1
[2026-07-08 17:09:08] out while is working
[2026-07-08 17:09:08] data_length 14 iseq 241
[2026-07-08 17:09:08] begin switch_method
[2026-07-08 17:09:08] find command id514
[2026-07-08 17:09:08] data_length 17 iseq 242
[2026-07-08 17:09:08] buffer is less than sof_index + frame_length(26), buffer size: b'\xa5\x11\x00\xf2\xea\x01\x02\t\x01'
[2026-07-08 17:09:08] out while is working
[2026-07-08 17:09:08] data_length 17 iseq 242
[2026-07-08 17:09:08] buffer is less than sof_index + frame_length(26), buffer size: b'\xa5\x11\x00\xf2\xea\x01\x02\t\x01\xb8'
[2026-07-08 17:09:08] out while is working
[2026-07-08 17:09:08] data_length 17 iseq 242
[2026-07-08 17:09:08] begin switch_method
[2026-07-08 17:09:08] find command id513
[2026-07-08 17:09:08] buffer is less than 5, real size: 0
[2026-07-08 17:09:08] out while is working
[2026-07-08 17:09:08] buffer is less than 5, real size: 0
[2026-07-08 17:09:08] out while is working
[2026-07-08 17:09:08] buffer is less than 5, real size: 0
[2026-07-08 17:09:08] out while is working
[2026-07-08 17:09:08] buffer is less than 5, real size: 0
[2026-07-08 17:09:08] out while is working
[2026-07-08 17:09:08] buffer is less than 5, real size: 0
[2026-07-08 17:09:08] out while is working
[2026-07-08 17:09:08] buffer is less than 5, real size: 1
[2026-07-08 17:09:08] out while is working
[2026-07-08 17:09:08] data_length 5 iseq 243
[2026-07-08 17:09:08] begin switch_method
[2026-07-08 17:09:08] find command id521
[2026-07-08 17:09:08] buffer is less than 5, real size: 0
[2026-07-08 17:09:08] out while is working
[2026-07-08 17:09:08] buffer is less than 5, real size: 0
[2026-07-08 17:09:08] out while is working
[2026-07-08 17:09:08] buffer is less than 5, real size: 0
[2026-07-08 17:09:08] out while is working
[2026-07-08 17:09:08] buffer is less than 5, real size: 0
[2026-07-08 17:09:08] out while is working
[2026-07-08 17:09:08] buffer is less than 5, real size: 0
[2026-07-08 17:09:08] out while is working
[2026-07-08 17:09:08] buffer is less than 5, real size: 1
[2026-07-08 17:09:08] out while is working
[2026-07-08 17:09:08] data_length 14 iseq 244
[2026-07-08 17:09:08] begin switch_method
[2026-07-08 17:09:08] find command id514
[2026-07-08 17:09:08] data_length 17 iseq 245
[2026-07-08 17:09:08] buffer is less than sof_index + frame_length(26), buffer size: b'\xa5\x11\x00\xf5i\x01\x02\t\x01'
[2026-07-08 17:09:08] out while is working
[2026-07-08 17:09:08] data_length 17 iseq 245
[2026-07-08 17:09:08] buffer is less than sof_index + frame_length(26), buffer size: b'\xa5\x11\x00\xf5i\x01\x02\t\x01\xb8'
[2026-07-08 17:09:08] out while is working
[2026-07-08 17:09:08] data_length 17 iseq 245
[2026-07-08 17:09:08] begin switch_method
[2026-07-08 17:09:08] find command id513
[2026-07-08 17:09:08] buffer is less than 5, real size: 0
[2026-07-08 17:09:08] out while is working
[2026-07-08 17:09:08] buffer is less than 5, real size: 0
[2026-07-08 17:09:08] out while is working
[2026-07-08 17:09:08] buffer is less than 5, real size: 0
[2026-07-08 17:09:08] out while is working
[2026-07-08 17:09:08] buffer is less than 5, real size: 0
[2026-07-08 17:09:08] out while is working
[2026-07-08 17:09:08] buffer is less than 5, real size: 0
[2026-07-08 17:09:08] out while is working
[2026-07-08 17:09:08] buffer is less than 5, real size: 0
[2026-07-08 17:09:08] out while is working
[2026-07-08 17:09:08] buffer is less than 5, real size: 0
[2026-07-08 17:09:08] out while is working
[2026-07-08 17:09:08] buffer is less than 5, real size: 0
[2026-07-08 17:09:08] out while is working
[2026-07-08 17:09:08] buffer is less than 5, real size: 0
[2026-07-08 17:09:08] out while is working
[2026-07-08 17:09:08] buffer is less than 5, real size: 0
[2026-07-08 17:09:08] out while is working
[2026-07-08 17:09:08] buffer is less than 5, real size: 1
[2026-07-08 17:09:08] out while is working
[2026-07-08 17:09:08] data_length 14 iseq 246
[2026-07-08 17:09:08] begin switch_method
[2026-07-08 17:09:08] find command id514
[2026-07-08 17:09:08] data_length 17 iseq 247
[2026-07-08 17:09:08] buffer is less than sof_index + frame_length(26), buffer size: b'\xa5\x11\x00\xf7\xd5\x01\x02\t\x01'
[2026-07-08 17:09:08] out while is working
[2026-07-08 17:09:08] data_length 17 iseq 247
[2026-07-08 17:09:08] buffer is less than sof_index + frame_length(26), buffer size: b'\xa5\x11\x00\xf7\xd5\x01\x02\t\x01\xb8'
[2026-07-08 17:09:08] out while is working
[2026-07-08 17:09:08] data_length 17 iseq 247
[2026-07-08 17:09:08] begin switch_method
[2026-07-08 17:09:08] find command id513
[2026-07-08 17:09:08] buffer is less than 5, real size: 0
[2026-07-08 17:09:08] out while is working
[2026-07-08 17:09:09] buffer is less than 5, real size: 0
[2026-07-08 17:09:09] out while is working
[2026-07-08 17:09:09] buffer is less than 5, real size: 0
[2026-07-08 17:09:09] out while is working
[2026-07-08 17:09:09] buffer is less than 5, real size: 0
[2026-07-08 17:09:09] out while is working
[2026-07-08 17:09:09] buffer is less than 5, real size: 0
[2026-07-08 17:09:09] out while is working
[2026-07-08 17:09:09] buffer is less than 5, real size: 0
[2026-07-08 17:09:09] out while is working
[2026-07-08 17:09:09] buffer is less than 5, real size: 0
[2026-07-08 17:09:09] out while is working
[2026-07-08 17:09:09] buffer is less than 5, real size: 0
[2026-07-08 17:09:09] out while is working
[2026-07-08 17:09:09] buffer is less than 5, real size: 0
[2026-07-08 17:09:09] out while is working
[2026-07-08 17:09:09] buffer is less than 5, real size: 0
[2026-07-08 17:09:09] out while is working
[2026-07-08 17:09:09] buffer is less than 5, real size: 1
[2026-07-08 17:09:09] out while is working
[2026-07-08 17:09:09] data_length 14 iseq 248
[2026-07-08 17:09:09] begin switch_method
[2026-07-08 17:09:09] find command id514
[2026-07-08 17:09:09] data_length 17 iseq 249
[2026-07-08 17:09:09] buffer is less than sof_index + frame_length(26), buffer size: b'\xa5\x11\x00\xf9\xca\x01\x02\t\x01'
[2026-07-08 17:09:09] out while is working
[2026-07-08 17:09:09] data_length 17 iseq 249
[2026-07-08 17:09:09] buffer is less than sof_index + frame_length(26), buffer size: b'\xa5\x11\x00\xf9\xca\x01\x02\t\x01\xb8'
[2026-07-08 17:09:09] out while is working
[2026-07-08 17:09:09] data_length 17 iseq 249
[2026-07-08 17:09:09] begin switch_method
[2026-07-08 17:09:09] find command id513
[2026-07-08 17:09:09] buffer is less than 5, real size: 0
[2026-07-08 17:09:09] out while is working
[2026-07-08 17:09:09] buffer is less than 5, real size: 0
[2026-07-08 17:09:09] out while is working
[2026-07-08 17:09:09] buffer is less than 5, real size: 0
[2026-07-08 17:09:09] out while is working
[2026-07-08 17:09:09] buffer is less than 5, real size: 0
[2026-07-08 17:09:09] out while is working
[2026-07-08 17:09:09] buffer is less than 5, real size: 0
[2026-07-08 17:09:09] out while is working
[2026-07-08 17:09:09] buffer is less than 5, real size: 1
[2026-07-08 17:09:09] out while is working
[2026-07-08 17:09:09] data_length 5 iseq 250
[2026-07-08 17:09:09] begin switch_method
[2026-07-08 17:09:09] find command id521
[2026-07-08 17:09:09] buffer is less than 5, real size: 0
[2026-07-08 17:09:09] out while is working
[2026-07-08 17:09:09] buffer is less than 5, real size: 0
[2026-07-08 17:09:09] out while is working
[2026-07-08 17:09:09] buffer is less than 5, real size: 0
[2026-07-08 17:09:09] out while is working
[2026-07-08 17:09:09] buffer is less than 5, real size: 0
[2026-07-08 17:09:09] out while is working
[2026-07-08 17:09:09] buffer is less than 5, real size: 0
[2026-07-08 17:09:09] out while is working
[2026-07-08 17:09:09] buffer is less than 5, real size: 1
[2026-07-08 17:09:09] out while is working
[2026-07-08 17:09:09] data_length 14 iseq 251
[2026-07-08 17:09:09] begin switch_method
[2026-07-08 17:09:09] find command id514
[2026-07-08 17:09:09] data_length 17 iseq 252
[2026-07-08 17:09:09] buffer is less than sof_index + frame_length(26), buffer size: b'\xa5\x11\x00\xfc\xf5\x01\x02\t\x01'
[2026-07-08 17:09:09] out while is working
[2026-07-08 17:09:09] data_length 17 iseq 252
[2026-07-08 17:09:09] buffer is less than sof_index + frame_length(26), buffer size: b'\xa5\x11\x00\xfc\xf5\x01\x02\t\x01\xb8'
[2026-07-08 17:09:09] out while is working
[2026-07-08 17:09:09] data_length 17 iseq 252
[2026-07-08 17:09:09] begin switch_method
[2026-07-08 17:09:09] find command id513
[2026-07-08 17:09:09] buffer is less than 5, real size: 0
[2026-07-08 17:09:09] out while is working
[2026-07-08 17:09:09] buffer is less than 5, real size: 0
[2026-07-08 17:09:09] out while is working
[2026-07-08 17:09:09] buffer is less than 5, real size: 0
[2026-07-08 17:09:09] out while is working
[2026-07-08 17:09:09] buffer is less than 5, real size: 0
[2026-07-08 17:09:09] out while is working
[2026-07-08 17:09:09] buffer is less than 5, real size: 0
[2026-07-08 17:09:09] out while is working
[2026-07-08 17:09:09] buffer is less than 5, real size: 0
[2026-07-08 17:09:09] out while is working
[2026-07-08 17:09:09] buffer is less than 5, real size: 0
[2026-07-08 17:09:09] out while is working
[2026-07-08 17:09:09] buffer is less than 5, real size: 0
[2026-07-08 17:09:09] out while is working
[2026-07-08 17:09:09] buffer is less than 5, real size: 0
[2026-07-08 17:09:09] out while is working
[2026-07-08 17:09:09] buffer is less than 5, real size: 0
[2026-07-08 17:09:09] out while is working
[2026-07-08 17:09:09] buffer is less than 5, real size: 1
[2026-07-08 17:09:09] out while is working
[2026-07-08 17:09:09] data_length 14 iseq 253
[2026-07-08 17:09:09] begin switch_method
[2026-07-08 17:09:09] find command id514
[2026-07-08 17:09:09] data_length 17 iseq 254
[2026-07-08 17:09:09] buffer is less than sof_index + frame_length(26), buffer size: b'\xa5\x11\x00\xfeI\x01\x02\t\x01'
[2026-07-08 17:09:09] out while is working
[2026-07-08 17:09:09] data_length 17 iseq 254
[2026-07-08 17:09:09] buffer is less than sof_index + frame_length(26), buffer size: b'\xa5\x11\x00\xfeI\x01\x02\t\x01\xb8'
[2026-07-08 17:09:09] out while is working
[2026-07-08 17:09:09] data_length 17 iseq 254
[2026-07-08 17:09:09] begin switch_method
[2026-07-08 17:09:09] find command id513
[2026-07-08 17:09:09] buffer is less than 5, real size: 0
[2026-07-08 17:09:09] out while is working
[2026-07-08 17:09:09] buffer is less than 5, real size: 0
[2026-07-08 17:09:09] out while is working
[2026-07-08 17:09:09] buffer is less than 5, real size: 0
[2026-07-08 17:09:09] out while is working
[2026-07-08 17:09:09] buffer is less than 5, real size: 0
[2026-07-08 17:09:09] out while is working
[2026-07-08 17:09:09] buffer is less than 5, real size: 0
[2026-07-08 17:09:09] out while is working
[2026-07-08 17:09:09] buffer is less than 5, real size: 0
[2026-07-08 17:09:09] out while is working
[2026-07-08 17:09:09] buffer is less than 5, real size: 0
[2026-07-08 17:09:09] out while is working
[2026-07-08 17:09:09] buffer is less than 5, real size: 0
[2026-07-08 17:09:09] out while is working
[2026-07-08 17:09:09] buffer is less than 5, real size: 0
[2026-07-08 17:09:09] out while is working
[2026-07-08 17:09:09] buffer is less than 5, real size: 0
[2026-07-08 17:09:09] out while is working
[2026-07-08 17:09:09] buffer is less than 5, real size: 0
[2026-07-08 17:09:09] out while is working
[2026-07-08 17:09:09] buffer is less than 5, real size: 1
[2026-07-08 17:09:09] out while is working
[2026-07-08 17:09:09] data_length 14 iseq 255
[2026-07-08 17:09:09] begin switch_method
[2026-07-08 17:09:09] find command id514
[2026-07-08 17:09:09] data_length 17 iseq 0
[2026-07-08 17:09:09] buffer is less than sof_index + frame_length(26), buffer size: b'\xa5\x11\x00\x00"\x01\x02\t\x01'
[2026-07-08 17:09:09] out while is working
[2026-07-08 17:09:09] data_length 17 iseq 0
[2026-07-08 17:09:09] buffer is less than sof_index + frame_length(26), buffer size: b'\xa5\x11\x00\x00"\x01\x02\t\x01\xb8'
[2026-07-08 17:09:09] out while is working
[2026-07-08 17:09:09] data_length 17 iseq 0
[2026-07-08 17:09:09] begin switch_method
[2026-07-08 17:09:09] find command id513
[2026-07-08 17:09:09] buffer is less than 5, real size: 0
[2026-07-08 17:09:09] out while is working
[2026-07-08 17:09:09] buffer is less than 5, real size: 0
[2026-07-08 17:09:09] out while is working
[2026-07-08 17:09:09] buffer is less than 5, real size: 0
[2026-07-08 17:09:09] out while is working
[2026-07-08 17:09:09] buffer is less than 5, real size: 0
[2026-07-08 17:09:09] out while is working
[2026-07-08 17:09:09] buffer is less than 5, real size: 1
[2026-07-08 17:09:09] out while is working
[2026-07-08 17:09:09] data_length 5 iseq 1
[2026-07-08 17:09:09] begin switch_method
[2026-07-08 17:09:09] find command id521
[2026-07-08 17:09:09] buffer is less than 5, real size: 0
[2026-07-08 17:09:09] out while is working
[2026-07-08 17:09:09] buffer is less than 5, real size: 0
[2026-07-08 17:09:09] out while is working
[2026-07-08 17:09:09] buffer is less than 5, real size: 0
[2026-07-08 17:09:09] out while is working
[2026-07-08 17:09:09] buffer is less than 5, real size: 0
[2026-07-08 17:09:09] out while is working
[2026-07-08 17:09:09] buffer is less than 5, real size: 0
[2026-07-08 17:09:09] out while is working
[2026-07-08 17:09:09] buffer is less than 5, real size: 0
[2026-07-08 17:09:09] out while is working
[2026-07-08 17:09:09] buffer is less than 5, real size: 1
[2026-07-08 17:09:09] out while is working
[2026-07-08 17:09:09] data_length 14 iseq 2
[2026-07-08 17:09:09] begin switch_method
[2026-07-08 17:09:09] find command id514
[2026-07-08 17:09:09] data_length 17 iseq 3
[2026-07-08 17:09:09] buffer is less than sof_index + frame_length(26), buffer size: b'\xa5\x11\x00\x03\xc0\x01\x02\t\x01'
[2026-07-08 17:09:09] out while is working
[2026-07-08 17:09:09] data_length 17 iseq 3
[2026-07-08 17:09:09] buffer is less than sof_index + frame_length(26), buffer size: b'\xa5\x11\x00\x03\xc0\x01\x02\t\x01\xb8'
[2026-07-08 17:09:09] out while is working
[2026-07-08 17:09:09] data_length 17 iseq 3
[2026-07-08 17:09:09] begin switch_method
[2026-07-08 17:09:09] find command id513
[2026-07-08 17:09:09] buffer is less than 5, real size: 0
[2026-07-08 17:09:09] out while is working
[2026-07-08 17:09:09] buffer is less than 5, real size: 0
[2026-07-08 17:09:09] out while is working
[2026-07-08 17:09:09] buffer is less than 5, real size: 0
[2026-07-08 17:09:09] out while is working
[2026-07-08 17:09:09] buffer is less than 5, real size: 0
[2026-07-08 17:09:09] out while is working
[2026-07-08 17:09:09] buffer is less than 5, real size: 0
[2026-07-08 17:09:09] out while is working
[2026-07-08 17:09:09] buffer is less than 5, real size: 0
[2026-07-08 17:09:09] out while is working
[2026-07-08 17:09:09] buffer is less than 5, real size: 0
[2026-07-08 17:09:09] out while is working
[2026-07-08 17:09:09] buffer is less than 5, real size: 0
[2026-07-08 17:09:09] out while is working
[2026-07-08 17:09:09] buffer is less than 5, real size: 0
[2026-07-08 17:09:09] out while is working
[2026-07-08 17:09:09] buffer is less than 5, real size: 0
[2026-07-08 17:09:09] out while is working
[2026-07-08 17:09:09] buffer is less than 5, real size: 0
[2026-07-08 17:09:09] out while is working
[2026-07-08 17:09:09] buffer is less than 5, real size: 1
[2026-07-08 17:09:09] out while is working
[2026-07-08 17:09:09] data_length 14 iseq 4
[2026-07-08 17:09:09] begin switch_method
[2026-07-08 17:09:09] find command id514
[2026-07-08 17:09:09] data_length 17 iseq 5
[2026-07-08 17:09:09] buffer is less than sof_index + frame_length(26), buffer size: b'\xa5\x11\x00\x05\x1d\x01\x02\t\x01'
[2026-07-08 17:09:09] out while is working
[2026-07-08 17:09:09] data_length 17 iseq 5
[2026-07-08 17:09:09] buffer is less than sof_index + frame_length(26), buffer size: b'\xa5\x11\x00\x05\x1d\x01\x02\t\x01\xb8'
[2026-07-08 17:09:09] out while is working
[2026-07-08 17:09:09] data_length 17 iseq 5
[2026-07-08 17:09:09] begin switch_method
[2026-07-08 17:09:09] find command id513
[2026-07-08 17:09:09] buffer is less than 5, real size: 0
[2026-07-08 17:09:09] out while is working
[2026-07-08 17:09:09] buffer is less than 5, real size: 0
[2026-07-08 17:09:09] out while is working
[2026-07-08 17:09:09] buffer is less than 5, real size: 0
[2026-07-08 17:09:09] out while is working
[2026-07-08 17:09:09] buffer is less than 5, real size: 0
[2026-07-08 17:09:09] out while is working
[2026-07-08 17:09:09] buffer is less than 5, real size: 0
[2026-07-08 17:09:09] out while is working
[2026-07-08 17:09:09] buffer is less than 5, real size: 0
[2026-07-08 17:09:09] out while is working
[2026-07-08 17:09:09] buffer is less than 5, real size: 0
[2026-07-08 17:09:09] out while is working
[2026-07-08 17:09:09] buffer is less than 5, real size: 0
[2026-07-08 17:09:09] out while is working
[2026-07-08 17:09:09] buffer is less than 5, real size: 0
[2026-07-08 17:09:09] out while is working
[2026-07-08 17:09:09] buffer is less than 5, real size: 0
[2026-07-08 17:09:09] out while is working
[2026-07-08 17:09:09] buffer is less than 5, real size: 1
[2026-07-08 17:09:09] out while is working
[2026-07-08 17:09:09] data_length 14 iseq 6
[2026-07-08 17:09:09] begin switch_method
[2026-07-08 17:09:09] find command id514
[2026-07-08 17:09:09] data_length 12 iseq 7
[2026-07-08 17:09:09] buffer is less than sof_index + frame_length(21), buffer size: b'\xa5\x0c\x00\x07\xfb\x03\x02\x00\x00'
[2026-07-08 17:09:09] out while is working
[2026-07-08 17:09:09] data_length 12 iseq 7
[2026-07-08 17:09:09] buffer is less than sof_index + frame_length(21), buffer size: b'\xa5\x0c\x00\x07\xfb\x03\x02\x00\x00\x00'
[2026-07-08 17:09:09] out while is working
[2026-07-08 17:09:09] data_length 12 iseq 7
[2026-07-08 17:09:09] begin switch_method
[2026-07-08 17:09:09] find command id515
[2026-07-08 17:09:09] data_length 17 iseq 8
[2026-07-08 17:09:09] buffer is less than sof_index + frame_length(26), buffer size: b'\xa5\x11\x00\x08\xe0\x01\x02\t\x01\xb8"\xb8"d\x00@\x01x\x00\x00'
[2026-07-08 17:09:09] out while is working
[2026-07-08 17:09:09] data_length 17 iseq 8
[2026-07-08 17:09:09] buffer is less than sof_index + frame_length(26), buffer size: b'\xa5\x11\x00\x08\xe0\x01\x02\t\x01\xb8"\xb8"d\x00@\x01x\x00\x00\x00'
[2026-07-08 17:09:09] out while is working
[2026-07-08 17:09:09] data_length 17 iseq 8
[2026-07-08 17:09:09] begin switch_method
[2026-07-08 17:09:09] find command id513
[2026-07-08 17:09:09] buffer is less than 5, real size: 0
[2026-07-08 17:09:09] out while is working
[2026-07-08 17:09:09] buffer is less than 5, real size: 0
[2026-07-08 17:09:09] out while is working
[2026-07-08 17:09:09] buffer is less than 5, real size: 0
[2026-07-08 17:09:09] out while is working
[2026-07-08 17:09:09] buffer is less than 5, real size: 0
[2026-07-08 17:09:09] out while is working
[2026-07-08 17:09:09] buffer is less than 5, real size: 1
[2026-07-08 17:09:09] out while is working
[2026-07-08 17:09:09] data_length 2 iseq 9
[2026-07-08 17:09:09] begin switch_method
[2026-07-08 17:09:09] find command id524
[2026-07-08 17:09:09] Mark process: [0, 0, 0, 0, 0, 0] (raw bits: 0000000000000000)
[2026-07-08 17:09:09] data_length 4 iseq 10
[2026-07-08 17:09:09] begin switch_method
[2026-07-08 17:09:09] find command id257
[2026-07-08 17:09:09] data_length 11 iseq 11
[2026-07-08 17:09:09] buffer is less than sof_index + frame_length(20), buffer size: b'\xa5\x0b\x00\x0b"\x01\x00\x01'
[2026-07-08 17:09:09] out while is working
[2026-07-08 17:09:09] data_length 11 iseq 11
[2026-07-08 17:09:09] buffer is less than sof_index + frame_length(20), buffer size: b'\xa5\x0b\x00\x0b"\x01\x00\x01\x00'
[2026-07-08 17:09:09] out while is working
[2026-07-08 17:09:09] data_length 11 iseq 11
[2026-07-08 17:09:09] begin switch_method
[2026-07-08 17:09:09] find command id1
[2026-07-08 17:09:09] data_length 3 iseq 12
[2026-07-08 17:09:09] begin switch_method
[2026-07-08 17:09:09] find command id261
[2026-07-08 17:09:09] Dart target: 0
[2026-07-08 17:09:09] data_length 1 iseq 13
[2026-07-08 17:09:09] buffer is less than sof_index + frame_length(10), buffer size: b'\xa5\x01\x00\r\x95\x0e\x02('
[2026-07-08 17:09:09] out while is working
[2026-07-08 17:09:09] data_length 1 iseq 13
[2026-07-08 17:09:09] buffer is less than sof_index + frame_length(10), buffer size: b"\xa5\x01\x00\r\x95\x0e\x02('"
[2026-07-08 17:09:09] out while is working
[2026-07-08 17:09:09] data_length 1 iseq 13
[2026-07-08 17:09:09] begin switch_method
[2026-07-08 17:09:09] find command id526
[2026-07-08 17:09:09] Double effect chance: 0, is double effect active: 0
[2026-07-08 17:09:09] Interference level: 1, is key updated: 1
[2026-07-08 17:09:09] data_length 5 iseq 14
[2026-07-08 17:09:09] begin switch_method
[2026-07-08 17:09:09] find command id521
[2026-07-08 17:09:09] buffer is less than 5, real size: 0
[2026-07-08 17:09:09] out while is working
[2026-07-08 17:09:09] buffer is less than 5, real size: 0
[2026-07-08 17:09:09] out while is working
[2026-07-08 17:09:09] buffer is less than 5, real size: 0
[2026-07-08 17:09:09] out while is working
[2026-07-08 17:09:09] buffer is less than 5, real size: 0
[2026-07-08 17:09:09] out while is working
[2026-07-08 17:09:09] buffer is less than 5, real size: 0
[2026-07-08 17:09:09] out while is working
[2026-07-08 17:09:09] buffer is less than 5, real size: 0
[2026-07-08 17:09:09] out while is working
[2026-07-08 17:09:09] buffer is less than 5, real size: 1
[2026-07-08 17:09:09] out while is working
[2026-07-08 17:09:09] data_length 14 iseq 15
[2026-07-08 17:09:09] begin switch_method
[2026-07-08 17:09:09] find command id514
[2026-07-08 17:09:09] data_length 17 iseq 16
[2026-07-08 17:09:09] buffer is less than sof_index + frame_length(26), buffer size: b'\xa5\x11\x00\x10\xbf\x01\x02\t\x01'
[2026-07-08 17:09:09] out while is working
[2026-07-08 17:09:09] data_length 17 iseq 16
[2026-07-08 17:09:09] buffer is less than sof_index + frame_length(26), buffer size: b'\xa5\x11\x00\x10\xbf\x01\x02\t\x01\xb8'
[2026-07-08 17:09:09] out while is working
[2026-07-08 17:09:09] data_length 17 iseq 16
[2026-07-08 17:09:09] begin switch_method
[2026-07-08 17:09:09] find command id513
[2026-07-08 17:09:09] buffer is less than 5, real size: 0
[2026-07-08 17:09:09] out while is working
[2026-07-08 17:09:09] buffer is less than 5, real size: 0
[2026-07-08 17:09:09] out while is working
[2026-07-08 17:09:09] buffer is less than 5, real size: 0
[2026-07-08 17:09:09] out while is working
[2026-07-08 17:09:09] buffer is less than 5, real size: 0
[2026-07-08 17:09:09] out while is working
[2026-07-08 17:09:09] buffer is less than 5, real size: 0
[2026-07-08 17:09:09] out while is working
[2026-07-08 17:09:09] buffer is less than 5, real size: 0
[2026-07-08 17:09:09] out while is working
[2026-07-08 17:09:09] buffer is less than 5, real size: 0
[2026-07-08 17:09:09] out while is working
[2026-07-08 17:09:09] buffer is less than 5, real size: 0
[2026-07-08 17:09:09] out while is working
[2026-07-08 17:09:09] buffer is less than 5, real size: 0
[2026-07-08 17:09:09] out while is working
[2026-07-08 17:09:09] buffer is less than 5, real size: 0
[2026-07-08 17:09:09] out while is working
[2026-07-08 17:09:09] buffer is less than 5, real size: 0
[2026-07-08 17:09:09] out while is working
[2026-07-08 17:09:09] data_length 14 iseq 17
[2026-07-08 17:09:09] begin switch_method
[2026-07-08 17:09:09] find command id514
[2026-07-08 17:09:09] data_length 17 iseq 18
[2026-07-08 17:09:09] buffer is less than sof_index + frame_length(26), buffer size: b'\xa5\x11\x00\x12\x03\x01\x02\t\x01'
[2026-07-08 17:09:09] out while is working
[2026-07-08 17:09:09] data_length 17 iseq 18
[2026-07-08 17:09:09] buffer is less than sof_index + frame_length(26), buffer size: b'\xa5\x11\x00\x12\x03\x01\x02\t\x01\xb8'
[2026-07-08 17:09:09] out while is working
[2026-07-08 17:09:09] data_length 17 iseq 18
[2026-07-08 17:09:09] begin switch_method
[2026-07-08 17:09:09] find command id513
[2026-07-08 17:09:09] buffer is less than 5, real size: 0
[2026-07-08 17:09:09] out while is working
[2026-07-08 17:09:09] buffer is less than 5, real size: 0
[2026-07-08 17:09:09] out while is working
[2026-07-08 17:09:09] buffer is less than 5, real size: 0
[2026-07-08 17:09:09] out while is working
[2026-07-08 17:09:09] buffer is less than 5, real size: 0
[2026-07-08 17:09:09] out while is working
[2026-07-08 17:09:09] buffer is less than 5, real size: 0
[2026-07-08 17:09:09] out while is working
[2026-07-08 17:09:09] buffer is less than 5, real size: 0
[2026-07-08 17:09:09] out while is working
[2026-07-08 17:09:09] buffer is less than 5, real size: 0
[2026-07-08 17:09:09] out while is working
[2026-07-08 17:09:10] buffer is less than 5, real size: 0
[2026-07-08 17:09:10] out while is working
[2026-07-08 17:09:10] buffer is less than 5, real size: 0
[2026-07-08 17:09:10] out while is working
[2026-07-08 17:09:10] buffer is less than 5, real size: 0
[2026-07-08 17:09:10] out while is working
[2026-07-08 17:09:10] buffer is less than 5, real size: 1
[2026-07-08 17:09:10] out while is working
[2026-07-08 17:09:10] data_length 14 iseq 19
[2026-07-08 17:09:10] begin switch_method
[2026-07-08 17:09:10] find command id514
[2026-07-08 17:09:10] data_length 17 iseq 20
[2026-07-08 17:09:10] buffer is less than sof_index + frame_length(26), buffer size: b'\xa5\x11\x00\x14\xde\x01\x02\t\x01'
[2026-07-08 17:09:10] out while is working
[2026-07-08 17:09:10] data_length 17 iseq 20
[2026-07-08 17:09:10] buffer is less than sof_index + frame_length(26), buffer size: b'\xa5\x11\x00\x14\xde\x01\x02\t\x01\xb8'
[2026-07-08 17:09:10] out while is working
[2026-07-08 17:09:10] data_length 17 iseq 20
[2026-07-08 17:09:10] begin switch_method
[2026-07-08 17:09:10] find command id513
[2026-07-08 17:09:10] buffer is less than 5, real size: 0
[2026-07-08 17:09:10] out while is working
[2026-07-08 17:09:10] buffer is less than 5, real size: 0
[2026-07-08 17:09:10] out while is working
[2026-07-08 17:09:10] buffer is less than 5, real size: 1
[2026-07-08 17:09:10] out while is working
[2026-07-08 17:09:10] data_length 5 iseq 21
[2026-07-08 17:09:10] begin switch_method
[2026-07-08 17:09:10] find command id521
[2026-07-08 17:09:10] buffer is less than 5, real size: 0
[2026-07-08 17:09:10] out while is working
[2026-07-08 17:09:10] buffer is less than 5, real size: 0
[2026-07-08 17:09:10] out while is working
[2026-07-08 17:09:10] buffer is less than 5, real size: 0
[2026-07-08 17:09:10] out while is working
[2026-07-08 17:09:10] buffer is less than 5, real size: 0
[2026-07-08 17:09:10] out while is working
[2026-07-08 17:09:10] buffer is less than 5, real size: 0
[2026-07-08 17:09:10] out while is working
[2026-07-08 17:09:10] buffer is less than 5, real size: 0
[2026-07-08 17:09:10] out while is working
[2026-07-08 17:09:10] buffer is less than 5, real size: 0
[2026-07-08 17:09:10] out while is working
[2026-07-08 17:09:10] buffer is less than 5, real size: 0
[2026-07-08 17:09:10] out while is working
[2026-07-08 17:09:10] buffer is less than 5, real size: 0
[2026-07-08 17:09:10] out while is working
[2026-07-08 17:09:10] buffer is less than 5, real size: 1
[2026-07-08 17:09:10] out while is working
[2026-07-08 17:09:10] data_length 14 iseq 22
[2026-07-08 17:09:10] begin switch_method
[2026-07-08 17:09:10] find command id514
[2026-07-08 17:09:10] data_length 17 iseq 23
[2026-07-08 17:09:10] buffer is less than sof_index + frame_length(26), buffer size: b'\xa5\x11\x00\x17<\x01\x02\t\x01'
[2026-07-08 17:09:10] out while is working
[2026-07-08 17:09:10] data_length 17 iseq 23
[2026-07-08 17:09:10] buffer is less than sof_index + frame_length(26), buffer size: b'\xa5\x11\x00\x17<\x01\x02\t\x01\xb8'
[2026-07-08 17:09:10] out while is working
[2026-07-08 17:09:10] data_length 17 iseq 23
[2026-07-08 17:09:10] begin switch_method
[2026-07-08 17:09:10] find command id513
[2026-07-08 17:09:10] buffer is less than 5, real size: 0
[2026-07-08 17:09:10] out while is working
[2026-07-08 17:09:10] buffer is less than 5, real size: 0
[2026-07-08 17:09:10] out while is working
[2026-07-08 17:09:10] buffer is less than 5, real size: 0
[2026-07-08 17:09:10] out while is working
[2026-07-08 17:09:10] buffer is less than 5, real size: 0
[2026-07-08 17:09:10] out while is working
[2026-07-08 17:09:10] buffer is less than 5, real size: 0
[2026-07-08 17:09:10] out while is working
[2026-07-08 17:09:10] buffer is less than 5, real size: 0
[2026-07-08 17:09:10] out while is working
[2026-07-08 17:09:10] buffer is less than 5, real size: 0
[2026-07-08 17:09:10] out while is working
[2026-07-08 17:09:10] buffer is less than 5, real size: 0
[2026-07-08 17:09:10] out while is working
[2026-07-08 17:09:10] buffer is less than 5, real size: 0
[2026-07-08 17:09:10] out while is working
[2026-07-08 17:09:10] buffer is less than 5, real size: 0
[2026-07-08 17:09:10] out while is working
[2026-07-08 17:09:10] buffer is less than 5, real size: 0
[2026-07-08 17:09:10] out while is working
[2026-07-08 17:09:10] buffer is less than 5, real size: 1
[2026-07-08 17:09:10] out while is working
[2026-07-08 17:09:10] data_length 14 iseq 24
[2026-07-08 17:09:10] begin switch_method
[2026-07-08 17:09:10] find command id514
[2026-07-08 17:09:10] data_length 17 iseq 25
[2026-07-08 17:09:10] buffer is less than sof_index + frame_length(26), buffer size: b'\xa5\x11\x00\x19#\x01\x02\t\x01'
[2026-07-08 17:09:10] out while is working
[2026-07-08 17:09:10] data_length 17 iseq 25
[2026-07-08 17:09:10] buffer is less than sof_index + frame_length(26), buffer size: b'\xa5\x11\x00\x19#\x01\x02\t\x01\xb8'
[2026-07-08 17:09:10] out while is working
[2026-07-08 17:09:10] data_length 17 iseq 25
[2026-07-08 17:09:10] begin switch_method
[2026-07-08 17:09:10] find command id513
[2026-07-08 17:09:10] buffer is less than 5, real size: 0
[2026-07-08 17:09:10] out while is working
[2026-07-08 17:09:10] buffer is less than 5, real size: 0
[2026-07-08 17:09:10] out while is working
[2026-07-08 17:09:10] buffer is less than 5, real size: 0
[2026-07-08 17:09:10] out while is working
[2026-07-08 17:09:10] buffer is less than 5, real size: 0
[2026-07-08 17:09:10] out while is working
[2026-07-08 17:09:10] buffer is less than 5, real size: 0
[2026-07-08 17:09:10] out while is working
[2026-07-08 17:09:10] buffer is less than 5, real size: 0
[2026-07-08 17:09:10] out while is working
[2026-07-08 17:09:10] buffer is less than 5, real size: 0
[2026-07-08 17:09:10] out while is working
[2026-07-08 17:09:10] buffer is less than 5, real size: 0
[2026-07-08 17:09:10] out while is working
[2026-07-08 17:09:10] buffer is less than 5, real size: 0
[2026-07-08 17:09:10] out while is working
[2026-07-08 17:09:10] buffer is less than 5, real size: 0
[2026-07-08 17:09:10] out while is working
[2026-07-08 17:09:10] buffer is less than 5, real size: 0
[2026-07-08 17:09:10] out while is working
[2026-07-08 17:09:10] buffer is less than 5, real size: 1
[2026-07-08 17:09:10] out while is working
[2026-07-08 17:09:10] data_length 14 iseq 26
[2026-07-08 17:09:10] begin switch_method
[2026-07-08 17:09:10] find command id514
[2026-07-08 17:09:10] data_length 17 iseq 27
[2026-07-08 17:09:10] buffer is less than sof_index + frame_length(26), buffer size: b'\xa5\x11\x00\x1b\x9f\x01\x02\t\x01'
[2026-07-08 17:09:10] out while is working
[2026-07-08 17:09:10] data_length 17 iseq 27
[2026-07-08 17:09:10] buffer is less than sof_index + frame_length(26), buffer size: b'\xa5\x11\x00\x1b\x9f\x01\x02\t\x01\xb8'
[2026-07-08 17:09:10] out while is working
[2026-07-08 17:09:10] data_length 17 iseq 27
[2026-07-08 17:09:10] begin switch_method
[2026-07-08 17:09:10] find command id513
[2026-07-08 17:09:10] buffer is less than 5, real size: 0
[2026-07-08 17:09:10] out while is working
[2026-07-08 17:09:10] buffer is less than 5, real size: 0
[2026-07-08 17:09:10] out while is working
[2026-07-08 17:09:10] buffer is less than 5, real size: 0
[2026-07-08 17:09:10] out while is working
[2026-07-08 17:09:10] buffer is less than 5, real size: 0
[2026-07-08 17:09:10] out while is working
[2026-07-08 17:09:10] buffer is less than 5, real size: 0
[2026-07-08 17:09:10] out while is working
[2026-07-08 17:09:10] buffer is less than 5, real size: 0
[2026-07-08 17:09:10] out while is working
[2026-07-08 17:09:10] buffer is less than 5, real size: 0
[2026-07-08 17:09:10] out while is working
[2026-07-08 17:09:10] buffer is less than 5, real size: 1
[2026-07-08 17:09:10] out while is working
[2026-07-08 17:09:10] data_length 5 iseq 28
[2026-07-08 17:09:10] begin switch_method
[2026-07-08 17:09:10] find command id521
[2026-07-08 17:09:10] buffer is less than 5, real size: 0
[2026-07-08 17:09:10] out while is working
[2026-07-08 17:09:10] buffer is less than 5, real size: 0
[2026-07-08 17:09:10] out while is working
[2026-07-08 17:09:10] buffer is less than 5, real size: 0
[2026-07-08 17:09:10] out while is working
[2026-07-08 17:09:10] buffer is less than 5, real size: 1
[2026-07-08 17:09:10] out while is working
[2026-07-08 17:09:10] data_length 14 iseq 29
[2026-07-08 17:09:10] begin switch_method
[2026-07-08 17:09:10] find command id514
[2026-07-08 17:09:10] data_length 17 iseq 30
[2026-07-08 17:09:10] buffer is less than sof_index + frame_length(26), buffer size: b'\xa5\x11\x00\x1e\xa0\x01\x02\t\x01'
[2026-07-08 17:09:10] out while is working
[2026-07-08 17:09:10] data_length 17 iseq 30
[2026-07-08 17:09:10] buffer is less than sof_index + frame_length(26), buffer size: b'\xa5\x11\x00\x1e\xa0\x01\x02\t\x01\xb8'
[2026-07-08 17:09:10] out while is working
[2026-07-08 17:09:10] data_length 17 iseq 30
[2026-07-08 17:09:10] begin switch_method
[2026-07-08 17:09:10] find command id513
[2026-07-08 17:09:10] buffer is less than 5, real size: 0
[2026-07-08 17:09:10] out while is working
[2026-07-08 17:09:10] buffer is less than 5, real size: 0
[2026-07-08 17:09:10] out while is working
[2026-07-08 17:09:10] buffer is less than 5, real size: 0
[2026-07-08 17:09:10] out while is working
[2026-07-08 17:09:10] buffer is less than 5, real size: 0
[2026-07-08 17:09:10] out while is working
[2026-07-08 17:09:10] buffer is less than 5, real size: 0
[2026-07-08 17:09:10] out while is working
[2026-07-08 17:09:10] buffer is less than 5, real size: 0
[2026-07-08 17:09:10] out while is working
[2026-07-08 17:09:10] buffer is less than 5, real size: 0
[2026-07-08 17:09:10] out while is working
[2026-07-08 17:09:10] buffer is less than 5, real size: 0
[2026-07-08 17:09:10] out while is working
[2026-07-08 17:09:10] buffer is less than 5, real size: 0
[2026-07-08 17:09:10] out while is working
[2026-07-08 17:09:10] buffer is less than 5, real size: 0
[2026-07-08 17:09:10] out while is working
[2026-07-08 17:09:10] buffer is less than 5, real size: 0
[2026-07-08 17:09:10] out while is working
[2026-07-08 17:09:10] buffer is less than 5, real size: 1
[2026-07-08 17:09:10] out while is working
[2026-07-08 17:09:10] data_length 14 iseq 31
[2026-07-08 17:09:10] begin switch_method
[2026-07-08 17:09:10] find command id514
[2026-07-08 17:09:10] data_length 17 iseq 32
[2026-07-08 17:09:10] buffer is less than sof_index + frame_length(26), buffer size: b'\xa5\x11\x00 \x01\x01\x02\t\x01'
[2026-07-08 17:09:10] out while is working
[2026-07-08 17:09:10] data_length 17 iseq 32
[2026-07-08 17:09:10] buffer is less than sof_index + frame_length(26), buffer size: b'\xa5\x11\x00 \x01\x01\x02\t\x01\xb8'
[2026-07-08 17:09:10] out while is working
[2026-07-08 17:09:10] data_length 17 iseq 32
[2026-07-08 17:09:10] begin switch_method
[2026-07-08 17:09:10] find command id513
[2026-07-08 17:09:10] buffer is less than 5, real size: 0
[2026-07-08 17:09:10] out while is working
[2026-07-08 17:09:10] buffer is less than 5, real size: 0
[2026-07-08 17:09:10] out while is working
[2026-07-08 17:09:10] buffer is less than 5, real size: 0
[2026-07-08 17:09:10] out while is working
[2026-07-08 17:09:10] buffer is less than 5, real size: 0
[2026-07-08 17:09:10] out while is working
[2026-07-08 17:09:10] buffer is less than 5, real size: 0
[2026-07-08 17:09:10] out while is working
[2026-07-08 17:09:10] buffer is less than 5, real size: 0
[2026-07-08 17:09:10] out while is working
[2026-07-08 17:09:10] buffer is less than 5, real size: 0
[2026-07-08 17:09:10] out while is working
[2026-07-08 17:09:10] buffer is less than 5, real size: 0
[2026-07-08 17:09:10] out while is working
[2026-07-08 17:09:10] buffer is less than 5, real size: 0
[2026-07-08 17:09:10] out while is working
[2026-07-08 17:09:10] buffer is less than 5, real size: 1
[2026-07-08 17:09:10] out while is working
[2026-07-08 17:09:10] data_length 5 iseq 33
[2026-07-08 17:09:10] begin switch_method
[2026-07-08 17:09:10] find command id521
[2026-07-08 17:09:10] buffer is less than 5, real size: 0
[2026-07-08 17:09:10] out while is working
[2026-07-08 17:09:10] buffer is less than 5, real size: 1
[2026-07-08 17:09:10] out while is working
[2026-07-08 17:09:10] data_length 14 iseq 34
[2026-07-08 17:09:10] begin switch_method
[2026-07-08 17:09:10] find command id514
[2026-07-08 17:09:10] data_length 17 iseq 35
[2026-07-08 17:09:10] buffer is less than sof_index + frame_length(26), buffer size: b'\xa5\x11\x00#\xe3\x01\x02\t\x01'
[2026-07-08 17:09:10] out while is working
[2026-07-08 17:09:10] data_length 17 iseq 35
[2026-07-08 17:09:10] buffer is less than sof_index + frame_length(26), buffer size: b'\xa5\x11\x00#\xe3\x01\x02\t\x01\xb8'
[2026-07-08 17:09:10] out while is working
[2026-07-08 17:09:10] data_length 17 iseq 35
[2026-07-08 17:09:10] begin switch_method
[2026-07-08 17:09:10] find command id513
[2026-07-08 17:09:10] buffer is less than 5, real size: 0
[2026-07-08 17:09:10] out while is working
[2026-07-08 17:09:10] buffer is less than 5, real size: 0
[2026-07-08 17:09:10] out while is working
[2026-07-08 17:09:10] buffer is less than 5, real size: 0
[2026-07-08 17:09:10] out while is working
[2026-07-08 17:09:10] buffer is less than 5, real size: 0
[2026-07-08 17:09:10] out while is working
[2026-07-08 17:09:10] buffer is less than 5, real size: 0
[2026-07-08 17:09:10] out while is working
[2026-07-08 17:09:10] buffer is less than 5, real size: 0
[2026-07-08 17:09:10] out while is working
[2026-07-08 17:09:10] buffer is less than 5, real size: 0
[2026-07-08 17:09:10] out while is working
[2026-07-08 17:09:10] buffer is less than 5, real size: 0
[2026-07-08 17:09:10] out while is working
[2026-07-08 17:09:10] buffer is less than 5, real size: 0
[2026-07-08 17:09:10] out while is working
[2026-07-08 17:09:10] buffer is less than 5, real size: 0
[2026-07-08 17:09:10] out while is working
[2026-07-08 17:09:10] buffer is less than 5, real size: 1
[2026-07-08 17:09:10] out while is working
[2026-07-08 17:09:10] data_length 2 iseq 36
[2026-07-08 17:09:10] begin switch_method
[2026-07-08 17:09:10] find command id524
[2026-07-08 17:09:10] Mark process: [0, 0, 0, 0, 0, 0] (raw bits: 0000000000000000)
[2026-07-08 17:09:10] data_length 4 iseq 37
[2026-07-08 17:09:10] begin switch_method
[2026-07-08 17:09:10] find command id257
[2026-07-08 17:09:10] data_length 11 iseq 38
[2026-07-08 17:09:10] buffer is less than sof_index + frame_length(20), buffer size: b'\xa5\x0b\x00&\xfc\x01\x00\x01'
[2026-07-08 17:09:10] out while is working
[2026-07-08 17:09:10] data_length 11 iseq 38
[2026-07-08 17:09:10] buffer is less than sof_index + frame_length(20), buffer size: b'\xa5\x0b\x00&\xfc\x01\x00\x01\x00'
[2026-07-08 17:09:10] out while is working
[2026-07-08 17:09:10] data_length 11 iseq 38
[2026-07-08 17:09:10] begin switch_method
[2026-07-08 17:09:10] find command id1
[2026-07-08 17:09:10] data_length 3 iseq 39
[2026-07-08 17:09:10] begin switch_method
[2026-07-08 17:09:10] find command id261
[2026-07-08 17:09:10] Dart target: 0
[2026-07-08 17:09:10] data_length 1 iseq 40
[2026-07-08 17:09:10] buffer is less than sof_index + frame_length(10), buffer size: b'\xa5\x01\x00(\x89\x0e\x02('
[2026-07-08 17:09:10] out while is working
[2026-07-08 17:09:10] data_length 1 iseq 40
[2026-07-08 17:09:10] buffer is less than sof_index + frame_length(10), buffer size: b'\xa5\x01\x00(\x89\x0e\x02(w'
[2026-07-08 17:09:10] out while is working
[2026-07-08 17:09:10] data_length 1 iseq 40
[2026-07-08 17:09:10] begin switch_method
[2026-07-08 17:09:10] find command id526
[2026-07-08 17:09:10] Double effect chance: 0, is double effect active: 0
[2026-07-08 17:09:10] Interference level: 1, is key updated: 1
[2026-07-08 17:09:10] buffer is less than 5, real size: 0
[2026-07-08 17:09:10] out while is working
[2026-07-08 17:09:10] buffer is less than 5, real size: 1
[2026-07-08 17:09:10] out while is working
[2026-07-08 17:09:10] data_length 14 iseq 41
[2026-07-08 17:09:10] begin switch_method
[2026-07-08 17:09:10] find command id514
[2026-07-08 17:09:10] data_length 12 iseq 42
[2026-07-08 17:09:10] buffer is less than sof_index + frame_length(21), buffer size: b'\xa5\x0c\x00*%\x03\x02\x00\x00'
[2026-07-08 17:09:10] out while is working
[2026-07-08 17:09:10] data_length 12 iseq 42
[2026-07-08 17:09:10] buffer is less than sof_index + frame_length(21), buffer size: b'\xa5\x0c\x00*%\x03\x02\x00\x00\x00'
[2026-07-08 17:09:10] out while is working
[2026-07-08 17:09:10] data_length 12 iseq 42
[2026-07-08 17:09:10] begin switch_method
[2026-07-08 17:09:10] find command id515
[2026-07-08 17:09:10] data_length 17 iseq 43
[2026-07-08 17:09:10] buffer is less than sof_index + frame_length(26), buffer size: b'\xa5\x11\x00+!\x01\x02\t\x01\xb8"\xb8"d\x00@\x01x\x00\x00'
[2026-07-08 17:09:10] out while is working
[2026-07-08 17:09:10] data_length 17 iseq 43
[2026-07-08 17:09:10] buffer is less than sof_index + frame_length(26), buffer size: b'\xa5\x11\x00+!\x01\x02\t\x01\xb8"\xb8"d\x00@\x01x\x00\x00\x00'
[2026-07-08 17:09:10] out while is working
[2026-07-08 17:09:10] data_length 17 iseq 43
[2026-07-08 17:09:10] begin switch_method
[2026-07-08 17:09:10] find command id513
[2026-07-08 17:09:10] buffer is less than 5, real size: 0
[2026-07-08 17:09:10] out while is working
[2026-07-08 17:09:10] buffer is less than 5, real size: 0
[2026-07-08 17:09:10] out while is working
[2026-07-08 17:09:10] buffer is less than 5, real size: 0
[2026-07-08 17:09:10] out while is working
[2026-07-08 17:09:10] buffer is less than 5, real size: 0
[2026-07-08 17:09:10] out while is working
[2026-07-08 17:09:10] buffer is less than 5, real size: 0
[2026-07-08 17:09:10] out while is working
[2026-07-08 17:09:10] buffer is less than 5, real size: 0
[2026-07-08 17:09:10] out while is working
[2026-07-08 17:09:10] buffer is less than 5, real size: 0
[2026-07-08 17:09:10] out while is working
[2026-07-08 17:09:10] buffer is less than 5, real size: 0
[2026-07-08 17:09:10] out while is working
[2026-07-08 17:09:10] buffer is less than 5, real size: 0
[2026-07-08 17:09:10] out while is working
[2026-07-08 17:09:10] buffer is less than 5, real size: 0
[2026-07-08 17:09:10] out while is working
[2026-07-08 17:09:10] buffer is less than 5, real size: 1
[2026-07-08 17:09:10] out while is working
[2026-07-08 17:09:10] data_length 14 iseq 44
[2026-07-08 17:09:10] begin switch_method
[2026-07-08 17:09:10] find command id514
[2026-07-08 17:09:10] data_length 17 iseq 45
[2026-07-08 17:09:10] buffer is less than sof_index + frame_length(26), buffer size: b'\xa5\x11\x00-\xfc\x01\x02\t\x01'
[2026-07-08 17:09:10] out while is working
[2026-07-08 17:09:10] data_length 17 iseq 45
[2026-07-08 17:09:10] buffer is less than sof_index + frame_length(26), buffer size: b'\xa5\x11\x00-\xfc\x01\x02\t\x01\xb8'
[2026-07-08 17:09:10] out while is working
[2026-07-08 17:09:10] data_length 17 iseq 45
[2026-07-08 17:09:10] begin switch_method
[2026-07-08 17:09:10] find command id513
[2026-07-08 17:09:10] buffer is less than 5, real size: 0
[2026-07-08 17:09:10] out while is working
[2026-07-08 17:09:10] buffer is less than 5, real size: 0
[2026-07-08 17:09:10] out while is working
[2026-07-08 17:09:10] buffer is less than 5, real size: 0
[2026-07-08 17:09:10] out while is working
[2026-07-08 17:09:10] buffer is less than 5, real size: 0
[2026-07-08 17:09:10] out while is working
[2026-07-08 17:09:10] buffer is less than 5, real size: 0
[2026-07-08 17:09:10] out while is working
[2026-07-08 17:09:10] buffer is less than 5, real size: 0
[2026-07-08 17:09:10] out while is working
[2026-07-08 17:09:10] buffer is less than 5, real size: 0
[2026-07-08 17:09:10] out while is working
[2026-07-08 17:09:10] buffer is less than 5, real size: 0
[2026-07-08 17:09:10] out while is working
[2026-07-08 17:09:10] buffer is less than 5, real size: 1
[2026-07-08 17:09:10] out while is working
[2026-07-08 17:09:10] data_length 5 iseq 46
[2026-07-08 17:09:10] begin switch_method
[2026-07-08 17:09:10] find command id521
[2026-07-08 17:09:10] buffer is less than 5, real size: 0
[2026-07-08 17:09:10] out while is working
[2026-07-08 17:09:10] buffer is less than 5, real size: 0
[2026-07-08 17:09:10] out while is working
[2026-07-08 17:09:10] buffer is less than 5, real size: 1
[2026-07-08 17:09:10] out while is working
[2026-07-08 17:09:10] data_length 14 iseq 47
[2026-07-08 17:09:10] begin switch_method
[2026-07-08 17:09:10] find command id514
[2026-07-08 17:09:10] data_length 17 iseq 48
[2026-07-08 17:09:10] buffer is less than sof_index + frame_length(26), buffer size: b'\xa5\x11\x000\x9c\x01\x02\t\x01'
[2026-07-08 17:09:10] out while is working
[2026-07-08 17:09:10] data_length 17 iseq 48
[2026-07-08 17:09:10] buffer is less than sof_index + frame_length(26), buffer size: b'\xa5\x11\x000\x9c\x01\x02\t\x01\xb8'
[2026-07-08 17:09:10] out while is working
[2026-07-08 17:09:10] data_length 17 iseq 48
[2026-07-08 17:09:10] begin switch_method
[2026-07-08 17:09:10] find command id513
[2026-07-08 17:09:10] buffer is less than 5, real size: 0
[2026-07-08 17:09:10] out while is working
[2026-07-08 17:09:10] buffer is less than 5, real size: 0
[2026-07-08 17:09:10] out while is working
[2026-07-08 17:09:10] buffer is less than 5, real size: 0
[2026-07-08 17:09:10] out while is working
[2026-07-08 17:09:11] buffer is less than 5, real size: 0
[2026-07-08 17:09:11] out while is working
[2026-07-08 17:09:11] buffer is less than 5, real size: 0
[2026-07-08 17:09:11] out while is working
[2026-07-08 17:09:11] buffer is less than 5, real size: 0
[2026-07-08 17:09:11] out while is working
[2026-07-08 17:09:11] buffer is less than 5, real size: 0
[2026-07-08 17:09:11] out while is working
[2026-07-08 17:09:11] buffer is less than 5, real size: 0
[2026-07-08 17:09:11] out while is working
[2026-07-08 17:09:11] buffer is less than 5, real size: 0
[2026-07-08 17:09:11] out while is working
[2026-07-08 17:09:11] buffer is less than 5, real size: 0
[2026-07-08 17:09:11] out while is working
[2026-07-08 17:09:11] buffer is less than 5, real size: 1
[2026-07-08 17:09:11] out while is working
[2026-07-08 17:09:11] data_length 14 iseq 49
[2026-07-08 17:09:11] begin switch_method
[2026-07-08 17:09:11] find command id514
[2026-07-08 17:09:11] data_length 17 iseq 50
[2026-07-08 17:09:11] buffer is less than sof_index + frame_length(26), buffer size: b'\xa5\x11\x002 \x01\x02\t\x01'
[2026-07-08 17:09:11] out while is working
[2026-07-08 17:09:11] data_length 17 iseq 50
[2026-07-08 17:09:11] buffer is less than sof_index + frame_length(26), buffer size: b'\xa5\x11\x002 \x01\x02\t\x01\xb8'
[2026-07-08 17:09:11] out while is working
[2026-07-08 17:09:11] data_length 17 iseq 50
[2026-07-08 17:09:11] begin switch_method
[2026-07-08 17:09:11] find command id513
[2026-07-08 17:09:11] buffer is less than 5, real size: 0
[2026-07-08 17:09:11] out while is working
[2026-07-08 17:09:11] buffer is less than 5, real size: 0
[2026-07-08 17:09:11] out while is working
[2026-07-08 17:09:11] buffer is less than 5, real size: 0
[2026-07-08 17:09:11] out while is working
[2026-07-08 17:09:11] buffer is less than 5, real size: 0
[2026-07-08 17:09:11] out while is working
[2026-07-08 17:09:11] buffer is less than 5, real size: 0
[2026-07-08 17:09:11] out while is working
[2026-07-08 17:09:11] buffer is less than 5, real size: 0
[2026-07-08 17:09:11] out while is working
[2026-07-08 17:09:11] buffer is less than 5, real size: 0
[2026-07-08 17:09:11] out while is working
[2026-07-08 17:09:11] buffer is less than 5, real size: 0
[2026-07-08 17:09:11] out while is working
[2026-07-08 17:09:11] buffer is less than 5, real size: 0
[2026-07-08 17:09:11] out while is working
[2026-07-08 17:09:11] buffer is less than 5, real size: 0
[2026-07-08 17:09:11] out while is working
[2026-07-08 17:09:11] buffer is less than 5, real size: 1
[2026-07-08 17:09:11] out while is working
[2026-07-08 17:09:11] data_length 14 iseq 51
[2026-07-08 17:09:11] begin switch_method
[2026-07-08 17:09:11] find command id514
[2026-07-08 17:09:11] data_length 17 iseq 52
[2026-07-08 17:09:11] buffer is less than sof_index + frame_length(26), buffer size: b'\xa5\x11\x004\xfd\x01\x02\t\x01'
[2026-07-08 17:09:11] out while is working
[2026-07-08 17:09:11] data_length 17 iseq 52
[2026-07-08 17:09:11] buffer is less than sof_index + frame_length(26), buffer size: b'\xa5\x11\x004\xfd\x01\x02\t\x01\xb8'
[2026-07-08 17:09:11] out while is working
[2026-07-08 17:09:11] data_length 17 iseq 52
[2026-07-08 17:09:11] begin switch_method
[2026-07-08 17:09:11] find command id513
[2026-07-08 17:09:11] buffer is less than 5, real size: 0
[2026-07-08 17:09:11] out while is working
[2026-07-08 17:09:11] buffer is less than 5, real size: 0
[2026-07-08 17:09:11] out while is working
[2026-07-08 17:09:11] buffer is less than 5, real size: 0
[2026-07-08 17:09:11] out while is working
[2026-07-08 17:09:11] buffer is less than 5, real size: 0
[2026-07-08 17:09:11] out while is working
[2026-07-08 17:09:11] buffer is less than 5, real size: 0
[2026-07-08 17:09:11] out while is working
[2026-07-08 17:09:11] buffer is less than 5, real size: 0
[2026-07-08 17:09:11] out while is working
[2026-07-08 17:09:11] buffer is less than 5, real size: 0
[2026-07-08 17:09:11] out while is working
[2026-07-08 17:09:11] buffer is less than 5, real size: 0
[2026-07-08 17:09:11] out while is working
[2026-07-08 17:09:11] buffer is less than 5, real size: 1
[2026-07-08 17:09:11] out while is working
[2026-07-08 17:09:11] data_length 5 iseq 53
[2026-07-08 17:09:11] begin switch_method
[2026-07-08 17:09:11] find command id521
[2026-07-08 17:09:11] buffer is less than 5, real size: 0
[2026-07-08 17:09:11] out while is working
[2026-07-08 17:09:11] buffer is less than 5, real size: 0
[2026-07-08 17:09:11] out while is working
[2026-07-08 17:09:11] buffer is less than 5, real size: 0
[2026-07-08 17:09:11] out while is working
[2026-07-08 17:09:11] buffer is less than 5, real size: 1
[2026-07-08 17:09:11] out while is working
[2026-07-08 17:09:11] data_length 14 iseq 54
[2026-07-08 17:09:11] begin switch_method
[2026-07-08 17:09:11] find command id514
[2026-07-08 17:09:11] data_length 17 iseq 55
[2026-07-08 17:09:11] buffer is less than sof_index + frame_length(26), buffer size: b'\xa5\x11\x007\x1f\x01\x02\t\x01'
[2026-07-08 17:09:11] out while is working
[2026-07-08 17:09:11] data_length 17 iseq 55
[2026-07-08 17:09:11] buffer is less than sof_index + frame_length(26), buffer size: b'\xa5\x11\x007\x1f\x01\x02\t\x01\xb8'
[2026-07-08 17:09:11] out while is working
[2026-07-08 17:09:11] data_length 17 iseq 55
[2026-07-08 17:09:11] begin switch_method
[2026-07-08 17:09:11] find command id513
[2026-07-08 17:09:11] buffer is less than 5, real size: 0
[2026-07-08 17:09:11] out while is working
[2026-07-08 17:09:11] buffer is less than 5, real size: 0
[2026-07-08 17:09:11] out while is working
[2026-07-08 17:09:11] buffer is less than 5, real size: 0
[2026-07-08 17:09:11] out while is working
[2026-07-08 17:09:11] buffer is less than 5, real size: 0
[2026-07-08 17:09:11] out while is working
[2026-07-08 17:09:11] buffer is less than 5, real size: 0
[2026-07-08 17:09:11] out while is working
[2026-07-08 17:09:11] buffer is less than 5, real size: 0
[2026-07-08 17:09:11] out while is working
[2026-07-08 17:09:11] buffer is less than 5, real size: 0
[2026-07-08 17:09:11] out while is working
[2026-07-08 17:09:11] buffer is less than 5, real size: 0
[2026-07-08 17:09:11] out while is working
[2026-07-08 17:09:11] buffer is less than 5, real size: 0
[2026-07-08 17:09:11] out while is working
[2026-07-08 17:09:11] buffer is less than 5, real size: 0
[2026-07-08 17:09:11] out while is working
[2026-07-08 17:09:11] buffer is less than 5, real size: 1
[2026-07-08 17:09:11] out while is working
[2026-07-08 17:09:11] data_length 14 iseq 56
[2026-07-08 17:09:11] begin switch_method
[2026-07-08 17:09:11] find command id514
[2026-07-08 17:09:11] data_length 17 iseq 57
[2026-07-08 17:09:11] buffer is less than sof_index + frame_length(26), buffer size: b'\xa5\x11\x009\x00\x01\x02\t\x01'
[2026-07-08 17:09:11] out while is working
[2026-07-08 17:09:11] data_length 17 iseq 57
[2026-07-08 17:09:11] buffer is less than sof_index + frame_length(26), buffer size: b'\xa5\x11\x009\x00\x01\x02\t\x01\xb8'
[2026-07-08 17:09:11] out while is working
[2026-07-08 17:09:11] data_length 17 iseq 57
[2026-07-08 17:09:11] begin switch_method
[2026-07-08 17:09:11] find command id513
[2026-07-08 17:09:11] buffer is less than 5, real size: 0
[2026-07-08 17:09:11] out while is working
[2026-07-08 17:09:11] buffer is less than 5, real size: 0
[2026-07-08 17:09:11] out while is working
[2026-07-08 17:09:11] buffer is less than 5, real size: 0
[2026-07-08 17:09:11] out while is working
[2026-07-08 17:09:11] buffer is less than 5, real size: 0
[2026-07-08 17:09:11] out while is working
[2026-07-08 17:09:11] buffer is less than 5, real size: 0
[2026-07-08 17:09:11] out while is working
[2026-07-08 17:09:11] buffer is less than 5, real size: 0
[2026-07-08 17:09:11] out while is working
[2026-07-08 17:09:11] buffer is less than 5, real size: 0
[2026-07-08 17:09:11] out while is working
[2026-07-08 17:09:11] buffer is less than 5, real size: 0
[2026-07-08 17:09:11] out while is working
[2026-07-08 17:09:11] buffer is less than 5, real size: 0
[2026-07-08 17:09:11] out while is working
[2026-07-08 17:09:11] buffer is less than 5, real size: 0
[2026-07-08 17:09:11] out while is working
[2026-07-08 17:09:11] buffer is less than 5, real size: 1
[2026-07-08 17:09:11] out while is working
[2026-07-08 17:09:11] data_length 14 iseq 58
[2026-07-08 17:09:11] begin switch_method
[2026-07-08 17:09:11] find command id514
[2026-07-08 17:09:11] data_length 17 iseq 59
[2026-07-08 17:09:11] buffer is less than sof_index + frame_length(26), buffer size: b'\xa5\x11\x00;\xbc\x01\x02\t\x01'
[2026-07-08 17:09:11] out while is working
[2026-07-08 17:09:11] data_length 17 iseq 59
[2026-07-08 17:09:11] buffer is less than sof_index + frame_length(26), buffer size: b'\xa5\x11\x00;\xbc\x01\x02\t\x01\xb8'
[2026-07-08 17:09:11] out while is working
[2026-07-08 17:09:11] data_length 17 iseq 59
[2026-07-08 17:09:11] begin switch_method
[2026-07-08 17:09:11] find command id513
[2026-07-08 17:09:11] buffer is less than 5, real size: 0
[2026-07-08 17:09:11] out while is working
[2026-07-08 17:09:11] buffer is less than 5, real size: 0
[2026-07-08 17:09:11] out while is working
[2026-07-08 17:09:11] buffer is less than 5, real size: 0
[2026-07-08 17:09:11] out while is working
[2026-07-08 17:09:11] buffer is less than 5, real size: 0
[2026-07-08 17:09:11] out while is working
[2026-07-08 17:09:11] buffer is less than 5, real size: 0
[2026-07-08 17:09:11] out while is working
[2026-07-08 17:09:11] buffer is less than 5, real size: 0
[2026-07-08 17:09:11] out while is working
[2026-07-08 17:09:11] buffer is less than 5, real size: 0
[2026-07-08 17:09:11] out while is working
[2026-07-08 17:09:11] buffer is less than 5, real size: 1
[2026-07-08 17:09:11] out while is working
[2026-07-08 17:09:11] data_length 5 iseq 60
[2026-07-08 17:09:11] begin switch_method
[2026-07-08 17:09:11] find command id521
[2026-07-08 17:09:11] buffer is less than 5, real size: 0
[2026-07-08 17:09:11] out while is working
[2026-07-08 17:09:11] buffer is less than 5, real size: 0
[2026-07-08 17:09:11] out while is working
[2026-07-08 17:09:11] buffer is less than 5, real size: 0
[2026-07-08 17:09:11] out while is working
[2026-07-08 17:09:11] buffer is less than 5, real size: 0
[2026-07-08 17:09:11] out while is working
[2026-07-08 17:09:11] buffer is less than 5, real size: 1
[2026-07-08 17:09:11] out while is working
[2026-07-08 17:09:11] data_length 14 iseq 61
[2026-07-08 17:09:11] begin switch_method
[2026-07-08 17:09:11] find command id514
[2026-07-08 17:09:11] data_length 17 iseq 62
[2026-07-08 17:09:11] buffer is less than sof_index + frame_length(26), buffer size: b'\xa5\x11\x00>\x83\x01\x02\t\x01'
[2026-07-08 17:09:11] out while is working
[2026-07-08 17:09:11] data_length 17 iseq 62
[2026-07-08 17:09:11] buffer is less than sof_index + frame_length(26), buffer size: b'\xa5\x11\x00>\x83\x01\x02\t\x01\xb8'
[2026-07-08 17:09:11] out while is working
[2026-07-08 17:09:11] data_length 17 iseq 62
[2026-07-08 17:09:11] begin switch_method
[2026-07-08 17:09:11] find command id513
[2026-07-08 17:09:11] buffer is less than 5, real size: 0
[2026-07-08 17:09:11] out while is working
[2026-07-08 17:09:11] buffer is less than 5, real size: 0
[2026-07-08 17:09:11] out while is working
[2026-07-08 17:09:11] buffer is less than 5, real size: 0
[2026-07-08 17:09:11] out while is working
[2026-07-08 17:09:11] buffer is less than 5, real size: 0
[2026-07-08 17:09:11] out while is working
[2026-07-08 17:09:11] buffer is less than 5, real size: 0
[2026-07-08 17:09:11] out while is working
[2026-07-08 17:09:11] buffer is less than 5, real size: 0
[2026-07-08 17:09:11] out while is working
[2026-07-08 17:09:11] buffer is less than 5, real size: 0
[2026-07-08 17:09:11] out while is working
[2026-07-08 17:09:11] buffer is less than 5, real size: 0
[2026-07-08 17:09:11] out while is working
[2026-07-08 17:09:11] buffer is less than 5, real size: 0
[2026-07-08 17:09:11] out while is working
[2026-07-08 17:09:11] buffer is less than 5, real size: 0
[2026-07-08 17:09:11] out while is working
[2026-07-08 17:09:11] buffer is less than 5, real size: 1
[2026-07-08 17:09:11] out while is working
[2026-07-08 17:09:11] data_length 14 iseq 63
[2026-07-08 17:09:11] begin switch_method
[2026-07-08 17:09:11] find command id514
[2026-07-08 17:09:11] data_length 17 iseq 64
[2026-07-08 17:09:11] buffer is less than sof_index + frame_length(26), buffer size: b'\xa5\x11\x00@d\x01\x02\t\x01'
[2026-07-08 17:09:11] out while is working
[2026-07-08 17:09:11] data_length 17 iseq 64
[2026-07-08 17:09:11] buffer is less than sof_index + frame_length(26), buffer size: b'\xa5\x11\x00@d\x01\x02\t\x01\xb8'
[2026-07-08 17:09:11] out while is working
[2026-07-08 17:09:11] data_length 17 iseq 64
[2026-07-08 17:09:11] begin switch_method
[2026-07-08 17:09:11] find command id513
[2026-07-08 17:09:11] buffer is less than 5, real size: 0
[2026-07-08 17:09:11] out while is working
[2026-07-08 17:09:11] buffer is less than 5, real size: 0
[2026-07-08 17:09:11] out while is working
[2026-07-08 17:09:11] buffer is less than 5, real size: 0
[2026-07-08 17:09:11] out while is working
[2026-07-08 17:09:11] buffer is less than 5, real size: 0
[2026-07-08 17:09:11] out while is working
[2026-07-08 17:09:11] buffer is less than 5, real size: 0
[2026-07-08 17:09:11] out while is working
[2026-07-08 17:09:11] buffer is less than 5, real size: 0
[2026-07-08 17:09:11] out while is working
[2026-07-08 17:09:11] buffer is less than 5, real size: 1
[2026-07-08 17:09:11] out while is working
[2026-07-08 17:09:11] data_length 2 iseq 65
[2026-07-08 17:09:11] begin switch_method
[2026-07-08 17:09:11] find command id524
[2026-07-08 17:09:11] Mark process: [0, 0, 0, 0, 0, 0] (raw bits: 0000000000000000)
[2026-07-08 17:09:11] data_length 4 iseq 66
[2026-07-08 17:09:11] begin switch_method
[2026-07-08 17:09:11] find command id257
[2026-07-08 17:09:11] buffer is less than 5, real size: 0
[2026-07-08 17:09:11] out while is working
[2026-07-08 17:09:11] buffer is less than 5, real size: 0
[2026-07-08 17:09:11] out while is working
[2026-07-08 17:09:11] buffer is less than 5, real size: 0
[2026-07-08 17:09:11] out while is working
[2026-07-08 17:09:11] buffer is less than 5, real size: 0
[2026-07-08 17:09:11] out while is working
[2026-07-08 17:09:11] buffer is less than 5, real size: 0
[2026-07-08 17:09:11] out while is working
[2026-07-08 17:09:11] buffer is less than 5, real size: 1
[2026-07-08 17:09:11] out while is working
[2026-07-08 17:09:11] data_length 14 iseq 67
[2026-07-08 17:09:11] begin switch_method
[2026-07-08 17:09:11] find command id514
[2026-07-08 17:09:11] data_length 12 iseq 68
[2026-07-08 17:09:11] buffer is less than sof_index + frame_length(21), buffer size: b'\xa5\x0c\x00D_\x03\x02\x00\x00'
[2026-07-08 17:09:11] out while is working
[2026-07-08 17:09:11] data_length 12 iseq 68
[2026-07-08 17:09:11] buffer is less than sof_index + frame_length(21), buffer size: b'\xa5\x0c\x00D_\x03\x02\x00\x00\x00'
[2026-07-08 17:09:11] out while is working
[2026-07-08 17:09:11] data_length 12 iseq 68
[2026-07-08 17:09:11] begin switch_method
[2026-07-08 17:09:11] find command id515
[2026-07-08 17:09:11] data_length 17 iseq 69
[2026-07-08 17:09:11] buffer is less than sof_index + frame_length(26), buffer size: b'\xa5\x11\x00E[\x01\x02\t\x01\xb8"\xb8"d\x00@\x01x\x00\x00'
[2026-07-08 17:09:11] out while is working
[2026-07-08 17:09:11] data_length 17 iseq 69
[2026-07-08 17:09:11] buffer is less than sof_index + frame_length(26), buffer size: b'\xa5\x11\x00E[\x01\x02\t\x01\xb8"\xb8"d\x00@\x01x\x00\x00\x00'
[2026-07-08 17:09:11] out while is working
[2026-07-08 17:09:11] data_length 17 iseq 69
[2026-07-08 17:09:11] begin switch_method
[2026-07-08 17:09:11] find command id513
[2026-07-08 17:09:11] data_length 11 iseq 70
[2026-07-08 17:09:11] begin switch_method
[2026-07-08 17:09:11] find command id1
[2026-07-08 17:09:11] buffer is less than 5, real size: 0
[2026-07-08 17:09:11] out while is working
[2026-07-08 17:09:11] buffer is less than 5, real size: 1
[2026-07-08 17:09:11] out while is working
[2026-07-08 17:09:11] data_length 3 iseq 71
[2026-07-08 17:09:11] begin switch_method
[2026-07-08 17:09:11] find command id261
[2026-07-08 17:09:11] Dart target: 0
[2026-07-08 17:09:11] data_length 1 iseq 72
[2026-07-08 17:09:11] begin switch_method
[2026-07-08 17:09:11] find command id526
[2026-07-08 17:09:11] Double effect chance: 0, is double effect active: 0
[2026-07-08 17:09:11] Interference level: 1, is key updated: 1
[2026-07-08 17:09:11] buffer is less than 5, real size: 0
[2026-07-08 17:09:11] out while is working
[2026-07-08 17:09:11] buffer is less than 5, real size: 0
[2026-07-08 17:09:11] out while is working
[2026-07-08 17:09:11] buffer is less than 5, real size: 0
[2026-07-08 17:09:11] out while is working
[2026-07-08 17:09:11] buffer is less than 5, real size: 0
[2026-07-08 17:09:11] out while is working
[2026-07-08 17:09:11] buffer is less than 5, real size: 0
[2026-07-08 17:09:11] out while is working
[2026-07-08 17:09:11] buffer is less than 5, real size: 1
[2026-07-08 17:09:11] out while is working
[2026-07-08 17:09:11] data_length 5 iseq 73
[2026-07-08 17:09:11] begin switch_method
[2026-07-08 17:09:11] find command id521
[2026-07-08 17:09:11] buffer is less than 5, real size: 0
[2026-07-08 17:09:11] out while is working
[2026-07-08 17:09:11] buffer is less than 5, real size: 0
[2026-07-08 17:09:11] out while is working
[2026-07-08 17:09:11] buffer is less than 5, real size: 0
[2026-07-08 17:09:11] out while is working
[2026-07-08 17:09:11] buffer is less than 5, real size: 0
[2026-07-08 17:09:11] out while is working
[2026-07-08 17:09:11] buffer is less than 5, real size: 0
[2026-07-08 17:09:11] out while is working
[2026-07-08 17:09:11] buffer is less than 5, real size: 1
[2026-07-08 17:09:11] out while is working
[2026-07-08 17:09:11] data_length 14 iseq 74
[2026-07-08 17:09:11] begin switch_method
[2026-07-08 17:09:11] find command id514
[2026-07-08 17:09:11] data_length 17 iseq 75
[2026-07-08 17:09:11] buffer is less than sof_index + frame_length(26), buffer size: b'\xa5\x11\x00KD\x01\x02\t\x01'
[2026-07-08 17:09:11] out while is working
[2026-07-08 17:09:11] data_length 17 iseq 75
[2026-07-08 17:09:11] buffer is less than sof_index + frame_length(26), buffer size: b'\xa5\x11\x00KD\x01\x02\t\x01\xb8'
[2026-07-08 17:09:11] out while is working
[2026-07-08 17:09:11] data_length 17 iseq 75
[2026-07-08 17:09:11] begin switch_method
[2026-07-08 17:09:11] find command id513
[2026-07-08 17:09:11] buffer is less than 5, real size: 0
[2026-07-08 17:09:11] out while is working
[2026-07-08 17:09:11] buffer is less than 5, real size: 0
[2026-07-08 17:09:11] out while is working
[2026-07-08 17:09:11] buffer is less than 5, real size: 0
[2026-07-08 17:09:11] out while is working
[2026-07-08 17:09:11] buffer is less than 5, real size: 0
[2026-07-08 17:09:11] out while is working
[2026-07-08 17:09:11] buffer is less than 5, real size: 0
[2026-07-08 17:09:11] out while is working
[2026-07-08 17:09:11] buffer is less than 5, real size: 0
[2026-07-08 17:09:11] out while is working
[2026-07-08 17:09:11] buffer is less than 5, real size: 0
[2026-07-08 17:09:11] out while is working
[2026-07-08 17:09:11] buffer is less than 5, real size: 0
[2026-07-08 17:09:11] out while is working
[2026-07-08 17:09:11] buffer is less than 5, real size: 0
[2026-07-08 17:09:11] out while is working
[2026-07-08 17:09:11] buffer is less than 5, real size: 0
[2026-07-08 17:09:11] out while is working
[2026-07-08 17:09:11] buffer is less than 5, real size: 1
[2026-07-08 17:09:11] out while is working
[2026-07-08 17:09:11] data_length 14 iseq 76
[2026-07-08 17:09:11] begin switch_method
[2026-07-08 17:09:11] find command id514
[2026-07-08 17:09:11] data_length 17 iseq 77
[2026-07-08 17:09:11] buffer is less than sof_index + frame_length(26), buffer size: b'\xa5\x11\x00M\x99\x01\x02\t\x01'
[2026-07-08 17:09:11] out while is working
[2026-07-08 17:09:11] data_length 17 iseq 77
[2026-07-08 17:09:11] buffer is less than sof_index + frame_length(26), buffer size: b'\xa5\x11\x00M\x99\x01\x02\t\x01\xb8'
[2026-07-08 17:09:11] out while is working
[2026-07-08 17:09:11] data_length 17 iseq 77
[2026-07-08 17:09:12] begin switch_method
[2026-07-08 17:09:12] find command id513
[2026-07-08 17:09:12] buffer is less than 5, real size: 0
[2026-07-08 17:09:12] out while is working
[2026-07-08 17:09:12] buffer is less than 5, real size: 0
[2026-07-08 17:09:12] out while is working
[2026-07-08 17:09:12] buffer is less than 5, real size: 0
[2026-07-08 17:09:12] out while is working
[2026-07-08 17:09:12] buffer is less than 5, real size: 0
[2026-07-08 17:09:12] out while is working
[2026-07-08 17:09:12] buffer is less than 5, real size: 0
[2026-07-08 17:09:12] out while is working
[2026-07-08 17:09:12] buffer is less than 5, real size: 0
[2026-07-08 17:09:12] out while is working
[2026-07-08 17:09:12] buffer is less than 5, real size: 0
[2026-07-08 17:09:12] out while is working
[2026-07-08 17:09:12] buffer is less than 5, real size: 0
[2026-07-08 17:09:12] out while is working
[2026-07-08 17:09:12] buffer is less than 5, real size: 0
[2026-07-08 17:09:12] out while is working
[2026-07-08 17:09:12] buffer is less than 5, real size: 0
[2026-07-08 17:09:12] out while is working
[2026-07-08 17:09:12] buffer is less than 5, real size: 1
[2026-07-08 17:09:12] out while is working
[2026-07-08 17:09:12] data_length 14 iseq 78
[2026-07-08 17:09:12] begin switch_method
[2026-07-08 17:09:12] find command id514
[2026-07-08 17:09:12] data_length 17 iseq 79
[2026-07-08 17:09:12] buffer is less than sof_index + frame_length(26), buffer size: b'\xa5\x11\x00O%\x01\x02\t\x01'
[2026-07-08 17:09:12] out while is working
[2026-07-08 17:09:12] data_length 17 iseq 79
[2026-07-08 17:09:12] buffer is less than sof_index + frame_length(26), buffer size: b'\xa5\x11\x00O%\x01\x02\t\x01\xb8'
[2026-07-08 17:09:12] out while is working
[2026-07-08 17:09:12] data_length 17 iseq 79
[2026-07-08 17:09:12] begin switch_method
[2026-07-08 17:09:12] find command id513
[2026-07-08 17:09:12] buffer is less than 5, real size: 0
[2026-07-08 17:09:12] out while is working
[2026-07-08 17:09:12] buffer is less than 5, real size: 0
[2026-07-08 17:09:12] out while is working
[2026-07-08 17:09:12] buffer is less than 5, real size: 0
[2026-07-08 17:09:12] out while is working
[2026-07-08 17:09:12] buffer is less than 5, real size: 0
[2026-07-08 17:09:12] out while is working
[2026-07-08 17:09:12] buffer is less than 5, real size: 0
[2026-07-08 17:09:12] out while is working
[2026-07-08 17:09:12] buffer is less than 5, real size: 0
[2026-07-08 17:09:12] out while is working
[2026-07-08 17:09:12] buffer is less than 5, real size: 0
[2026-07-08 17:09:12] out while is working
[2026-07-08 17:09:12] buffer is less than 5, real size: 1
[2026-07-08 17:09:12] out while is working
[2026-07-08 17:09:12] data_length 5 iseq 80
[2026-07-08 17:09:12] begin switch_method
[2026-07-08 17:09:12] find command id521
[2026-07-08 17:09:12] buffer is less than 5, real size: 0
[2026-07-08 17:09:12] out while is working
[2026-07-08 17:09:12] buffer is less than 5, real size: 0
[2026-07-08 17:09:12] out while is working
[2026-07-08 17:09:12] buffer is less than 5, real size: 0
[2026-07-08 17:09:12] out while is working
[2026-07-08 17:09:12] buffer is less than 5, real size: 1
[2026-07-08 17:09:12] out while is working
[2026-07-08 17:09:12] data_length 14 iseq 81
[2026-07-08 17:09:12] begin switch_method
[2026-07-08 17:09:12] find command id514
[2026-07-08 17:09:12] data_length 17 iseq 82
[2026-07-08 17:09:12] buffer is less than sof_index + frame_length(26), buffer size: b'\xa5\x11\x00RE\x01\x02\t\x01'
[2026-07-08 17:09:12] out while is working
[2026-07-08 17:09:12] data_length 17 iseq 82
[2026-07-08 17:09:12] buffer is less than sof_index + frame_length(26), buffer size: b'\xa5\x11\x00RE\x01\x02\t\x01\xb8'
[2026-07-08 17:09:12] out while is working
[2026-07-08 17:09:12] data_length 17 iseq 82
[2026-07-08 17:09:12] begin switch_method
[2026-07-08 17:09:12] find command id513
[2026-07-08 17:09:12] buffer is less than 5, real size: 0
[2026-07-08 17:09:12] out while is working
[2026-07-08 17:09:12] buffer is less than 5, real size: 0
[2026-07-08 17:09:12] out while is working
[2026-07-08 17:09:12] buffer is less than 5, real size: 0
[2026-07-08 17:09:12] out while is working
[2026-07-08 17:09:12] buffer is less than 5, real size: 0
[2026-07-08 17:09:12] out while is working
[2026-07-08 17:09:12] buffer is less than 5, real size: 0
[2026-07-08 17:09:12] out while is working
[2026-07-08 17:09:12] buffer is less than 5, real size: 0
[2026-07-08 17:09:12] out while is working
[2026-07-08 17:09:12] buffer is less than 5, real size: 0
[2026-07-08 17:09:12] out while is working
[2026-07-08 17:09:12] buffer is less than 5, real size: 0
[2026-07-08 17:09:12] out while is working
[2026-07-08 17:09:12] buffer is less than 5, real size: 0
[2026-07-08 17:09:12] out while is working
[2026-07-08 17:09:12] buffer is less than 5, real size: 0
[2026-07-08 17:09:12] out while is working
[2026-07-08 17:09:12] buffer is less than 5, real size: 1
[2026-07-08 17:09:12] out while is working
[2026-07-08 17:09:12] data_length 14 iseq 83
[2026-07-08 17:09:12] begin switch_method
[2026-07-08 17:09:12] find command id514
[2026-07-08 17:09:12] data_length 17 iseq 84
[2026-07-08 17:09:12] buffer is less than sof_index + frame_length(26), buffer size: b'\xa5\x11\x00T\x98\x01\x02\t\x01'
[2026-07-08 17:09:12] out while is working
[2026-07-08 17:09:12] data_length 17 iseq 84
[2026-07-08 17:09:12] buffer is less than sof_index + frame_length(26), buffer size: b'\xa5\x11\x00T\x98\x01\x02\t\x01\xb8'
[2026-07-08 17:09:12] out while is working
[2026-07-08 17:09:12] data_length 17 iseq 84
[2026-07-08 17:09:12] begin switch_method
[2026-07-08 17:09:12] find command id513
[2026-07-08 17:09:12] buffer is less than 5, real size: 0
[2026-07-08 17:09:12] out while is working
[2026-07-08 17:09:12] buffer is less than 5, real size: 0
[2026-07-08 17:09:12] out while is working
[2026-07-08 17:09:12] buffer is less than 5, real size: 0
[2026-07-08 17:09:12] out while is working
[2026-07-08 17:09:12] buffer is less than 5, real size: 0
[2026-07-08 17:09:12] out while is working
[2026-07-08 17:09:12] buffer is less than 5, real size: 0
[2026-07-08 17:09:12] out while is working
[2026-07-08 17:09:12] buffer is less than 5, real size: 0
[2026-07-08 17:09:12] out while is working
[2026-07-08 17:09:12] buffer is less than 5, real size: 0
[2026-07-08 17:09:12] out while is working
[2026-07-08 17:09:12] buffer is less than 5, real size: 0
[2026-07-08 17:09:12] out while is working
[2026-07-08 17:09:12] buffer is less than 5, real size: 0
[2026-07-08 17:09:12] out while is working
[2026-07-08 17:09:12] buffer is less than 5, real size: 0
[2026-07-08 17:09:12] out while is working
[2026-07-08 17:09:12] buffer is less than 5, real size: 1
[2026-07-08 17:09:12] out while is working
[2026-07-08 17:09:12] data_length 14 iseq 85
[2026-07-08 17:09:12] begin switch_method
[2026-07-08 17:09:12] find command id514
[2026-07-08 17:09:12] data_length 17 iseq 86
[2026-07-08 17:09:12] buffer is less than sof_index + frame_length(26), buffer size: b'\xa5\x11\x00V$\x01\x02\t\x01'
[2026-07-08 17:09:12] out while is working
[2026-07-08 17:09:12] data_length 17 iseq 86
[2026-07-08 17:09:12] buffer is less than sof_index + frame_length(26), buffer size: b'\xa5\x11\x00V$\x01\x02\t\x01\xb8'
[2026-07-08 17:09:12] out while is working
[2026-07-08 17:09:12] data_length 17 iseq 86
[2026-07-08 17:09:12] begin switch_method
[2026-07-08 17:09:12] find command id513
[2026-07-08 17:09:12] buffer is less than 5, real size: 0
[2026-07-08 17:09:12] out while is working
[2026-07-08 17:09:12] buffer is less than 5, real size: 0
[2026-07-08 17:09:12] out while is working
[2026-07-08 17:09:12] buffer is less than 5, real size: 0
[2026-07-08 17:09:12] out while is working
[2026-07-08 17:09:12] buffer is less than 5, real size: 0
[2026-07-08 17:09:12] out while is working
[2026-07-08 17:09:12] buffer is less than 5, real size: 0
[2026-07-08 17:09:12] out while is working
[2026-07-08 17:09:12] buffer is less than 5, real size: 1
[2026-07-08 17:09:12] out while is working
[2026-07-08 17:09:12] data_length 5 iseq 87
[2026-07-08 17:09:12] begin switch_method
[2026-07-08 17:09:12] find command id521
[2026-07-08 17:09:12] buffer is less than 5, real size: 0
[2026-07-08 17:09:12] out while is working
[2026-07-08 17:09:12] buffer is less than 5, real size: 0
[2026-07-08 17:09:12] out while is working
[2026-07-08 17:09:12] buffer is less than 5, real size: 0
[2026-07-08 17:09:12] out while is working
[2026-07-08 17:09:12] buffer is less than 5, real size: 0
[2026-07-08 17:09:12] out while is working
[2026-07-08 17:09:12] buffer is less than 5, real size: 0
[2026-07-08 17:09:12] out while is working
[2026-07-08 17:09:12] buffer is less than 5, real size: 1
[2026-07-08 17:09:12] out while is working
[2026-07-08 17:09:12] data_length 14 iseq 88
[2026-07-08 17:09:12] begin switch_method
[2026-07-08 17:09:12] find command id514
[2026-07-08 17:09:12] data_length 17 iseq 89
[2026-07-08 17:09:12] buffer is less than sof_index + frame_length(26), buffer size: b'\xa5\x11\x00Ye\x01\x02\t\x01'
[2026-07-08 17:09:12] out while is working
[2026-07-08 17:09:12] data_length 17 iseq 89
[2026-07-08 17:09:12] buffer is less than sof_index + frame_length(26), buffer size: b'\xa5\x11\x00Ye\x01\x02\t\x01\xb8'
[2026-07-08 17:09:12] out while is working
[2026-07-08 17:09:12] data_length 17 iseq 89
[2026-07-08 17:09:12] begin switch_method
[2026-07-08 17:09:12] find command id513
[2026-07-08 17:09:12] buffer is less than 5, real size: 0
[2026-07-08 17:09:12] out while is working
[2026-07-08 17:09:12] buffer is less than 5, real size: 0
[2026-07-08 17:09:12] out while is working
[2026-07-08 17:09:12] buffer is less than 5, real size: 0
[2026-07-08 17:09:12] out while is working
[2026-07-08 17:09:12] buffer is less than 5, real size: 0
[2026-07-08 17:09:12] out while is working
[2026-07-08 17:09:12] buffer is less than 5, real size: 0
[2026-07-08 17:09:12] out while is working
[2026-07-08 17:09:12] buffer is less than 5, real size: 0
[2026-07-08 17:09:12] out while is working
[2026-07-08 17:09:12] buffer is less than 5, real size: 0
[2026-07-08 17:09:12] out while is working
[2026-07-08 17:09:12] buffer is less than 5, real size: 0
[2026-07-08 17:09:12] out while is working
[2026-07-08 17:09:12] buffer is less than 5, real size: 0
[2026-07-08 17:09:12] out while is working
[2026-07-08 17:09:12] buffer is less than 5, real size: 0
[2026-07-08 17:09:12] out while is working
[2026-07-08 17:09:12] buffer is less than 5, real size: 1
[2026-07-08 17:09:12] out while is working
[2026-07-08 17:09:12] data_length 14 iseq 90
[2026-07-08 17:09:12] begin switch_method
[2026-07-08 17:09:12] find command id514
[2026-07-08 17:09:12] data_length 17 iseq 91
[2026-07-08 17:09:12] buffer is less than sof_index + frame_length(26), buffer size: b'\xa5\x11\x00[\xd9\x01\x02\t\x01'
[2026-07-08 17:09:12] out while is working
[2026-07-08 17:09:12] data_length 17 iseq 91
[2026-07-08 17:09:12] buffer is less than sof_index + frame_length(26), buffer size: b'\xa5\x11\x00[\xd9\x01\x02\t\x01\xb8'
[2026-07-08 17:09:12] out while is working
[2026-07-08 17:09:12] data_length 17 iseq 91
[2026-07-08 17:09:12] begin switch_method
[2026-07-08 17:09:12] find command id513
[2026-07-08 17:09:12] buffer is less than 5, real size: 0
[2026-07-08 17:09:12] out while is working
[2026-07-08 17:09:12] buffer is less than 5, real size: 0
[2026-07-08 17:09:12] out while is working
[2026-07-08 17:09:12] buffer is less than 5, real size: 0
[2026-07-08 17:09:12] out while is working
[2026-07-08 17:09:12] buffer is less than 5, real size: 0
[2026-07-08 17:09:12] out while is working
[2026-07-08 17:09:12] buffer is less than 5, real size: 0
[2026-07-08 17:09:12] out while is working
[2026-07-08 17:09:12] buffer is less than 5, real size: 0
[2026-07-08 17:09:12] out while is working
[2026-07-08 17:09:12] buffer is less than 5, real size: 0
[2026-07-08 17:09:12] out while is working
[2026-07-08 17:09:12] buffer is less than 5, real size: 0
[2026-07-08 17:09:12] out while is working
[2026-07-08 17:09:12] buffer is less than 5, real size: 0
[2026-07-08 17:09:12] out while is working
[2026-07-08 17:09:12] buffer is less than 5, real size: 0
[2026-07-08 17:09:12] out while is working
[2026-07-08 17:09:12] buffer is less than 5, real size: 1
[2026-07-08 17:09:12] out while is working
[2026-07-08 17:09:12] data_length 14 iseq 92
[2026-07-08 17:09:12] begin switch_method
[2026-07-08 17:09:12] find command id514
[2026-07-08 17:09:12] data_length 17 iseq 93
[2026-07-08 17:09:12] buffer is less than sof_index + frame_length(26), buffer size: b'\xa5\x11\x00]\x04\x01\x02\t\x01'
[2026-07-08 17:09:12] out while is working
[2026-07-08 17:09:12] data_length 17 iseq 93
[2026-07-08 17:09:12] buffer is less than sof_index + frame_length(26), buffer size: b'\xa5\x11\x00]\x04\x01\x02\t\x01\xb8'
[2026-07-08 17:09:12] out while is working
[2026-07-08 17:09:12] data_length 17 iseq 93
[2026-07-08 17:09:12] begin switch_method
[2026-07-08 17:09:12] find command id513
[2026-07-08 17:09:12] buffer is less than 5, real size: 0
[2026-07-08 17:09:12] out while is working
[2026-07-08 17:09:12] buffer is less than 5, real size: 0
[2026-07-08 17:09:12] out while is working
[2026-07-08 17:09:12] buffer is less than 5, real size: 0
[2026-07-08 17:09:12] out while is working
[2026-07-08 17:09:12] buffer is less than 5, real size: 0
[2026-07-08 17:09:12] out while is working
[2026-07-08 17:09:12] buffer is less than 5, real size: 1
[2026-07-08 17:09:12] out while is working
[2026-07-08 17:09:12] data_length 2 iseq 94
[2026-07-08 17:09:12] begin switch_method
[2026-07-08 17:09:12] find command id524
[2026-07-08 17:09:12] Mark process: [0, 0, 0, 0, 0, 0] (raw bits: 0000000000000000)
[2026-07-08 17:09:12] buffer is less than 5, real size: 0
[2026-07-08 17:09:12] out while is working
[2026-07-08 17:09:12] buffer is less than 5, real size: 1
[2026-07-08 17:09:12] out while is working
[2026-07-08 17:09:12] data_length 4 iseq 95
[2026-07-08 17:09:12] begin switch_method
[2026-07-08 17:09:12] find command id257
[2026-07-08 17:09:12] data_length 11 iseq 96
[2026-07-08 17:09:12] buffer is less than sof_index + frame_length(20), buffer size: b'\xa5\x0b\x00`g\x01\x00\x01\x00\x00\x00\x00\x00\x00\x00\x00\x00\x00\x83'
[2026-07-08 17:09:12] out while is working
[2026-07-08 17:09:12] data_length 11 iseq 96
[2026-07-08 17:09:12] begin switch_method
[2026-07-08 17:09:12] find command id1
[2026-07-08 17:09:12] buffer is less than 5, real size: 0
[2026-07-08 17:09:12] out while is working
[2026-07-08 17:09:12] data_length 3 iseq 97
[2026-07-08 17:09:12] begin switch_method
[2026-07-08 17:09:12] find command id261
[2026-07-08 17:09:12] Dart target: 0
[2026-07-08 17:09:12] data_length 1 iseq 98
[2026-07-08 17:09:12] begin switch_method
[2026-07-08 17:09:12] find command id526
[2026-07-08 17:09:12] Double effect chance: 0, is double effect active: 0
[2026-07-08 17:09:12] Interference level: 1, is key updated: 1
[2026-07-08 17:09:12] data_length 5 iseq 99
[2026-07-08 17:09:12] buffer is less than sof_index + frame_length(14), buffer size: b'\xa5\x05\x00cq\t\x02\x00\x00'
[2026-07-08 17:09:12] out while is working
[2026-07-08 17:09:12] data_length 5 iseq 99
[2026-07-08 17:09:12] buffer is less than sof_index + frame_length(14), buffer size: b'\xa5\x05\x00cq\t\x02\x00\x00\x00'
[2026-07-08 17:09:12] out while is working
[2026-07-08 17:09:12] data_length 5 iseq 99
[2026-07-08 17:09:12] begin switch_method
[2026-07-08 17:09:12] find command id521
[2026-07-08 17:09:12] buffer is less than 5, real size: 0
[2026-07-08 17:09:12] out while is working
[2026-07-08 17:09:12] buffer is less than 5, real size: 0
[2026-07-08 17:09:12] out while is working
[2026-07-08 17:09:12] buffer is less than 5, real size: 0
[2026-07-08 17:09:12] out while is working
[2026-07-08 17:09:12] buffer is less than 5, real size: 0
[2026-07-08 17:09:12] out while is working
[2026-07-08 17:09:12] buffer is less than 5, real size: 0
[2026-07-08 17:09:12] out while is working
[2026-07-08 17:09:12] buffer is less than 5, real size: 1
[2026-07-08 17:09:12] out while is working
[2026-07-08 17:09:12] data_length 14 iseq 100
[2026-07-08 17:09:12] begin switch_method
[2026-07-08 17:09:12] find command id514
[2026-07-08 17:09:12] data_length 12 iseq 101
[2026-07-08 17:09:12] buffer is less than sof_index + frame_length(21), buffer size: b'\xa5\x0c\x00e"\x03\x02\x00\x00'
[2026-07-08 17:09:12] out while is working
[2026-07-08 17:09:12] data_length 12 iseq 101
[2026-07-08 17:09:12] buffer is less than sof_index + frame_length(21), buffer size: b'\xa5\x0c\x00e"\x03\x02\x00\x00\x00'
[2026-07-08 17:09:12] out while is working
[2026-07-08 17:09:12] data_length 12 iseq 101
[2026-07-08 17:09:12] begin switch_method
[2026-07-08 17:09:12] find command id515
[2026-07-08 17:09:12] data_length 17 iseq 102
[2026-07-08 17:09:12] buffer is less than sof_index + frame_length(26), buffer size: b'\xa5\x11\x00f\x9a\x01\x02\t\x01\xb8"\xb8"d\x00@\x01x\x00\x00'
[2026-07-08 17:09:12] out while is working
[2026-07-08 17:09:12] data_length 17 iseq 102
[2026-07-08 17:09:12] buffer is less than sof_index + frame_length(26), buffer size: b'\xa5\x11\x00f\x9a\x01\x02\t\x01\xb8"\xb8"d\x00@\x01x\x00\x00\x00'
[2026-07-08 17:09:12] out while is working
[2026-07-08 17:09:12] data_length 17 iseq 102
[2026-07-08 17:09:12] begin switch_method
[2026-07-08 17:09:12] find command id513
[2026-07-08 17:09:12] buffer is less than 5, real size: 0
[2026-07-08 17:09:12] out while is working
[2026-07-08 17:09:12] buffer is less than 5, real size: 0
[2026-07-08 17:09:12] out while is working
[2026-07-08 17:09:12] buffer is less than 5, real size: 0
[2026-07-08 17:09:12] out while is working
[2026-07-08 17:09:12] buffer is less than 5, real size: 0
[2026-07-08 17:09:12] out while is working
[2026-07-08 17:09:12] buffer is less than 5, real size: 0
[2026-07-08 17:09:12] out while is working
[2026-07-08 17:09:12] buffer is less than 5, real size: 0
[2026-07-08 17:09:12] out while is working
[2026-07-08 17:09:12] buffer is less than 5, real size: 0
[2026-07-08 17:09:12] out while is working
[2026-07-08 17:09:12] buffer is less than 5, real size: 0
[2026-07-08 17:09:12] out while is working
[2026-07-08 17:09:12] buffer is less than 5, real size: 0
[2026-07-08 17:09:12] out while is working
[2026-07-08 17:09:12] buffer is less than 5, real size: 0
[2026-07-08 17:09:12] out while is working
[2026-07-08 17:09:12] buffer is less than 5, real size: 1
[2026-07-08 17:09:12] out while is working
[2026-07-08 17:09:12] data_length 14 iseq 103
[2026-07-08 17:09:12] begin switch_method
[2026-07-08 17:09:12] find command id514
[2026-07-08 17:09:12] data_length 17 iseq 104
[2026-07-08 17:09:12] buffer is less than sof_index + frame_length(26), buffer size: b'\xa5\x11\x00h\x85\x01\x02\t\x01'
[2026-07-08 17:09:12] out while is working
[2026-07-08 17:09:12] data_length 17 iseq 104
[2026-07-08 17:09:12] buffer is less than sof_index + frame_length(26), buffer size: b'\xa5\x11\x00h\x85\x01\x02\t\x01\xb8'
[2026-07-08 17:09:12] out while is working
[2026-07-08 17:09:12] data_length 17 iseq 104
[2026-07-08 17:09:12] begin switch_method
[2026-07-08 17:09:12] find command id513
[2026-07-08 17:09:12] buffer is less than 5, real size: 0
[2026-07-08 17:09:12] out while is working
[2026-07-08 17:09:12] buffer is less than 5, real size: 0
[2026-07-08 17:09:12] out while is working
[2026-07-08 17:09:12] buffer is less than 5, real size: 0
[2026-07-08 17:09:12] out while is working
[2026-07-08 17:09:12] buffer is less than 5, real size: 0
[2026-07-08 17:09:12] out while is working
[2026-07-08 17:09:12] buffer is less than 5, real size: 0
[2026-07-08 17:09:12] out while is working
[2026-07-08 17:09:12] buffer is less than 5, real size: 0
[2026-07-08 17:09:12] out while is working
[2026-07-08 17:09:12] buffer is less than 5, real size: 0
[2026-07-08 17:09:12] out while is working
[2026-07-08 17:09:12] buffer is less than 5, real size: 0
[2026-07-08 17:09:12] out while is working
[2026-07-08 17:09:12] buffer is less than 5, real size: 0
[2026-07-08 17:09:12] out while is working
[2026-07-08 17:09:13] buffer is less than 5, real size: 0
[2026-07-08 17:09:13] out while is working
[2026-07-08 17:09:13] buffer is less than 5, real size: 1
[2026-07-08 17:09:13] out while is working
[2026-07-08 17:09:13] data_length 14 iseq 105
[2026-07-08 17:09:13] begin switch_method
[2026-07-08 17:09:13] find command id514
[2026-07-08 17:09:13] data_length 17 iseq 106
[2026-07-08 17:09:13] buffer is less than sof_index + frame_length(26), buffer size: b'\xa5\x11\x00j9\x01\x02\t\x01'
[2026-07-08 17:09:13] out while is working
[2026-07-08 17:09:13] data_length 17 iseq 106
[2026-07-08 17:09:13] buffer is less than sof_index + frame_length(26), buffer size: b'\xa5\x11\x00j9\x01\x02\t\x01\xb8'
[2026-07-08 17:09:13] out while is working
[2026-07-08 17:09:13] data_length 17 iseq 106
[2026-07-08 17:09:13] begin switch_method
[2026-07-08 17:09:13] find command id513
[2026-07-08 17:09:13] buffer is less than 5, real size: 0
[2026-07-08 17:09:13] out while is working
[2026-07-08 17:09:13] buffer is less than 5, real size: 0
[2026-07-08 17:09:13] out while is working
[2026-07-08 17:09:13] buffer is less than 5, real size: 0
[2026-07-08 17:09:13] out while is working
[2026-07-08 17:09:13] buffer is less than 5, real size: 1
[2026-07-08 17:09:13] out while is working
[2026-07-08 17:09:13] data_length 5 iseq 107
[2026-07-08 17:09:13] begin switch_method
[2026-07-08 17:09:13] find command id521
[2026-07-08 17:09:13] buffer is less than 5, real size: 0
[2026-07-08 17:09:13] out while is working
[2026-07-08 17:09:13] buffer is less than 5, real size: 0
[2026-07-08 17:09:13] out while is working
[2026-07-08 17:09:13] buffer is less than 5, real size: 0
[2026-07-08 17:09:13] out while is working
[2026-07-08 17:09:13] buffer is less than 5, real size: 0
[2026-07-08 17:09:13] out while is working
[2026-07-08 17:09:13] buffer is less than 5, real size: 0
[2026-07-08 17:09:13] out while is working
[2026-07-08 17:09:13] buffer is less than 5, real size: 0
[2026-07-08 17:09:13] out while is working
[2026-07-08 17:09:13] buffer is less than 5, real size: 0
[2026-07-08 17:09:13] out while is working
[2026-07-08 17:09:13] buffer is less than 5, real size: 0
[2026-07-08 17:09:13] out while is working
[2026-07-08 17:09:13] buffer is less than 5, real size: 1
[2026-07-08 17:09:13] out while is working
[2026-07-08 17:09:13] data_length 14 iseq 108
[2026-07-08 17:09:13] begin switch_method
[2026-07-08 17:09:13] find command id514
[2026-07-08 17:09:13] data_length 17 iseq 109
[2026-07-08 17:09:13] buffer is less than sof_index + frame_length(26), buffer size: b'\xa5\x11\x00m\xba\x01\x02\t\x01'
[2026-07-08 17:09:13] out while is working
[2026-07-08 17:09:13] data_length 17 iseq 109
[2026-07-08 17:09:13] buffer is less than sof_index + frame_length(26), buffer size: b'\xa5\x11\x00m\xba\x01\x02\t\x01\xb8'
[2026-07-08 17:09:13] out while is working
[2026-07-08 17:09:13] data_length 17 iseq 109
[2026-07-08 17:09:13] begin switch_method
[2026-07-08 17:09:13] find command id513
[2026-07-08 17:09:13] buffer is less than 5, real size: 0
[2026-07-08 17:09:13] out while is working
[2026-07-08 17:09:13] buffer is less than 5, real size: 0
[2026-07-08 17:09:13] out while is working
[2026-07-08 17:09:13] buffer is less than 5, real size: 0
[2026-07-08 17:09:13] out while is working
[2026-07-08 17:09:13] buffer is less than 5, real size: 0
[2026-07-08 17:09:13] out while is working
[2026-07-08 17:09:13] buffer is less than 5, real size: 0
[2026-07-08 17:09:13] out while is working
[2026-07-08 17:09:13] buffer is less than 5, real size: 0
[2026-07-08 17:09:13] out while is working
[2026-07-08 17:09:13] buffer is less than 5, real size: 0
[2026-07-08 17:09:13] out while is working
[2026-07-08 17:09:13] buffer is less than 5, real size: 0
[2026-07-08 17:09:13] out while is working
[2026-07-08 17:09:13] buffer is less than 5, real size: 0
[2026-07-08 17:09:13] out while is working
[2026-07-08 17:09:13] buffer is less than 5, real size: 0
[2026-07-08 17:09:13] out while is working
[2026-07-08 17:09:13] buffer is less than 5, real size: 0
[2026-07-08 17:09:13] out while is working
[2026-07-08 17:09:13] buffer is less than 5, real size: 1
[2026-07-08 17:09:13] out while is working
[2026-07-08 17:09:13] data_length 14 iseq 110
[2026-07-08 17:09:13] begin switch_method
[2026-07-08 17:09:13] find command id514
[2026-07-08 17:09:13] data_length 17 iseq 111
[2026-07-08 17:09:13] buffer is less than sof_index + frame_length(26), buffer size: b'\xa5\x11\x00o\x06\x01\x02\t\x01'
[2026-07-08 17:09:13] out while is working
[2026-07-08 17:09:13] data_length 17 iseq 111
[2026-07-08 17:09:13] buffer is less than sof_index + frame_length(26), buffer size: b'\xa5\x11\x00o\x06\x01\x02\t\x01\xb8'
[2026-07-08 17:09:13] out while is working
[2026-07-08 17:09:13] data_length 17 iseq 111
[2026-07-08 17:09:13] begin switch_method
[2026-07-08 17:09:13] find command id513
[2026-07-08 17:09:13] buffer is less than 5, real size: 0
[2026-07-08 17:09:13] out while is working
[2026-07-08 17:09:13] buffer is less than 5, real size: 0
[2026-07-08 17:09:13] out while is working
[2026-07-08 17:09:13] buffer is less than 5, real size: 0
[2026-07-08 17:09:13] out while is working
[2026-07-08 17:09:13] buffer is less than 5, real size: 0
[2026-07-08 17:09:13] out while is working
[2026-07-08 17:09:13] buffer is less than 5, real size: 0
[2026-07-08 17:09:13] out while is working
[2026-07-08 17:09:13] buffer is less than 5, real size: 0
[2026-07-08 17:09:13] out while is working
[2026-07-08 17:09:13] buffer is less than 5, real size: 0
[2026-07-08 17:09:13] out while is working
[2026-07-08 17:09:13] buffer is less than 5, real size: 0
[2026-07-08 17:09:13] out while is working
[2026-07-08 17:09:13] buffer is less than 5, real size: 0
[2026-07-08 17:09:13] out while is working
[2026-07-08 17:09:13] buffer is less than 5, real size: 0
[2026-07-08 17:09:13] out while is working
[2026-07-08 17:09:13] buffer is less than 5, real size: 1
[2026-07-08 17:09:13] out while is working
[2026-07-08 17:09:13] data_length 14 iseq 112
[2026-07-08 17:09:13] begin switch_method
[2026-07-08 17:09:13] find command id514
[2026-07-08 17:09:13] data_length 17 iseq 113
[2026-07-08 17:09:13] buffer is less than sof_index + frame_length(26), buffer size: b'\xa5\x11\x00q\x84\x01\x02\t\x01'
[2026-07-08 17:09:13] out while is working
[2026-07-08 17:09:13] data_length 17 iseq 113
[2026-07-08 17:09:13] buffer is less than sof_index + frame_length(26), buffer size: b'\xa5\x11\x00q\x84\x01\x02\t\x01\xb8'
[2026-07-08 17:09:13] out while is working
[2026-07-08 17:09:13] data_length 17 iseq 113
[2026-07-08 17:09:13] begin switch_method
[2026-07-08 17:09:13] find command id513
[2026-07-08 17:09:13] buffer is less than 5, real size: 0
[2026-07-08 17:09:13] out while is working
[2026-07-08 17:09:13] buffer is less than 5, real size: 0
[2026-07-08 17:09:13] out while is working
[2026-07-08 17:09:13] buffer is less than 5, real size: 0
[2026-07-08 17:09:13] out while is working
[2026-07-08 17:09:13] buffer is less than 5, real size: 1
[2026-07-08 17:09:13] out while is working
[2026-07-08 17:09:13] data_length 5 iseq 114
[2026-07-08 17:09:13] begin switch_method
[2026-07-08 17:09:13] find command id521
[2026-07-08 17:09:13] buffer is less than 5, real size: 0
[2026-07-08 17:09:13] out while is working
[2026-07-08 17:09:13] buffer is less than 5, real size: 0
[2026-07-08 17:09:13] out while is working
[2026-07-08 17:09:13] buffer is less than 5, real size: 0
[2026-07-08 17:09:13] out while is working
[2026-07-08 17:09:13] buffer is less than 5, real size: 0
[2026-07-08 17:09:13] out while is working
[2026-07-08 17:09:13] buffer is less than 5, real size: 0
[2026-07-08 17:09:13] out while is working
[2026-07-08 17:09:13] buffer is less than 5, real size: 0
[2026-07-08 17:09:13] out while is working
[2026-07-08 17:09:13] buffer is less than 5, real size: 0
[2026-07-08 17:09:13] out while is working
[2026-07-08 17:09:13] buffer is less than 5, real size: 1
[2026-07-08 17:09:13] out while is working
[2026-07-08 17:09:13] data_length 14 iseq 115
[2026-07-08 17:09:13] begin switch_method
[2026-07-08 17:09:13] find command id514
[2026-07-08 17:09:13] data_length 17 iseq 116
[2026-07-08 17:09:13] buffer is less than sof_index + frame_length(26), buffer size: b'\xa5\x11\x00t\xbb\x01\x02\t\x01'
[2026-07-08 17:09:13] out while is working
[2026-07-08 17:09:13] data_length 17 iseq 116
[2026-07-08 17:09:13] buffer is less than sof_index + frame_length(26), buffer size: b'\xa5\x11\x00t\xbb\x01\x02\t\x01\xb8'
[2026-07-08 17:09:13] out while is working
[2026-07-08 17:09:13] data_length 17 iseq 116
[2026-07-08 17:09:13] begin switch_method
[2026-07-08 17:09:13] find command id513
[2026-07-08 17:09:13] buffer is less than 5, real size: 0
[2026-07-08 17:09:13] out while is working
[2026-07-08 17:09:13] buffer is less than 5, real size: 0
[2026-07-08 17:09:13] out while is working
[2026-07-08 17:09:13] buffer is less than 5, real size: 0
[2026-07-08 17:09:13] out while is working
[2026-07-08 17:09:13] buffer is less than 5, real size: 0
[2026-07-08 17:09:13] out while is working
[2026-07-08 17:09:13] buffer is less than 5, real size: 0
[2026-07-08 17:09:13] out while is working
[2026-07-08 17:09:13] buffer is less than 5, real size: 0
[2026-07-08 17:09:13] out while is working
[2026-07-08 17:09:13] buffer is less than 5, real size: 0
[2026-07-08 17:09:13] out while is working
[2026-07-08 17:09:13] buffer is less than 5, real size: 0
[2026-07-08 17:09:13] out while is working
[2026-07-08 17:09:13] buffer is less than 5, real size: 0
[2026-07-08 17:09:13] out while is working
[2026-07-08 17:09:13] buffer is less than 5, real size: 0
[2026-07-08 17:09:13] out while is working
[2026-07-08 17:09:13] buffer is less than 5, real size: 1
[2026-07-08 17:09:13] out while is working
[2026-07-08 17:09:13] data_length 14 iseq 117
[2026-07-08 17:09:13] begin switch_method
[2026-07-08 17:09:13] find command id514
[2026-07-08 17:09:13] data_length 17 iseq 118
[2026-07-08 17:09:13] buffer is less than sof_index + frame_length(26), buffer size: b'\xa5\x11\x00v\x07\x01\x02\t\x01'
[2026-07-08 17:09:13] out while is working
[2026-07-08 17:09:13] data_length 17 iseq 118
[2026-07-08 17:09:13] buffer is less than sof_index + frame_length(26), buffer size: b'\xa5\x11\x00v\x07\x01\x02\t\x01\xb8'
[2026-07-08 17:09:13] out while is working
[2026-07-08 17:09:13] data_length 17 iseq 118
[2026-07-08 17:09:13] begin switch_method
[2026-07-08 17:09:13] find command id513
[2026-07-08 17:09:13] buffer is less than 5, real size: 0
[2026-07-08 17:09:13] out while is working
[2026-07-08 17:09:13] buffer is less than 5, real size: 0
[2026-07-08 17:09:13] out while is working
[2026-07-08 17:09:13] buffer is less than 5, real size: 0
[2026-07-08 17:09:13] out while is working
[2026-07-08 17:09:13] buffer is less than 5, real size: 0
[2026-07-08 17:09:13] out while is working
[2026-07-08 17:09:13] buffer is less than 5, real size: 0
[2026-07-08 17:09:13] out while is working
[2026-07-08 17:09:13] buffer is less than 5, real size: 0
[2026-07-08 17:09:13] out while is working
[2026-07-08 17:09:13] buffer is less than 5, real size: 0
[2026-07-08 17:09:13] out while is working
[2026-07-08 17:09:13] buffer is less than 5, real size: 0
[2026-07-08 17:09:13] out while is working
[2026-07-08 17:09:13] buffer is less than 5, real size: 0
[2026-07-08 17:09:13] out while is working
[2026-07-08 17:09:13] buffer is less than 5, real size: 0
[2026-07-08 17:09:13] out while is working
[2026-07-08 17:09:13] buffer is less than 5, real size: 1
[2026-07-08 17:09:13] out while is working
[2026-07-08 17:09:13] data_length 14 iseq 119
[2026-07-08 17:09:13] begin switch_method
[2026-07-08 17:09:13] find command id514
[2026-07-08 17:09:13] data_length 17 iseq 120
[2026-07-08 17:09:13] buffer is less than sof_index + frame_length(26), buffer size: b'\xa5\x11\x00x\x18\x01\x02\t\x01'
[2026-07-08 17:09:13] out while is working
[2026-07-08 17:09:13] data_length 17 iseq 120
[2026-07-08 17:09:13] buffer is less than sof_index + frame_length(26), buffer size: b'\xa5\x11\x00x\x18\x01\x02\t\x01\xb8'
[2026-07-08 17:09:13] out while is working
[2026-07-08 17:09:13] data_length 17 iseq 120
[2026-07-08 17:09:13] begin switch_method
[2026-07-08 17:09:13] find command id513
[2026-07-08 17:09:13] buffer is less than 5, real size: 0
[2026-07-08 17:09:13] out while is working
[2026-07-08 17:09:13] buffer is less than 5, real size: 1
[2026-07-08 17:09:13] out while is working
[2026-07-08 17:09:13] data_length 5 iseq 121
[2026-07-08 17:09:13] begin switch_method
[2026-07-08 17:09:13] find command id521
[2026-07-08 17:09:13] buffer is less than 5, real size: 0
[2026-07-08 17:09:13] out while is working
[2026-07-08 17:09:13] buffer is less than 5, real size: 0
[2026-07-08 17:09:13] out while is working
[2026-07-08 17:09:13] buffer is less than 5, real size: 0
[2026-07-08 17:09:13] out while is working
[2026-07-08 17:09:13] buffer is less than 5, real size: 0
[2026-07-08 17:09:13] out while is working
[2026-07-08 17:09:13] buffer is less than 5, real size: 0
[2026-07-08 17:09:13] out while is working
[2026-07-08 17:09:13] buffer is less than 5, real size: 0
[2026-07-08 17:09:13] out while is working
[2026-07-08 17:09:13] buffer is less than 5, real size: 0
[2026-07-08 17:09:13] out while is working
[2026-07-08 17:09:13] buffer is less than 5, real size: 0
[2026-07-08 17:09:13] out while is working
[2026-07-08 17:09:13] buffer is less than 5, real size: 0
[2026-07-08 17:09:13] out while is working
[2026-07-08 17:09:13] buffer is less than 5, real size: 0
[2026-07-08 17:09:13] out while is working
[2026-07-08 17:09:13] buffer is less than 5, real size: 1
[2026-07-08 17:09:13] out while is working
[2026-07-08 17:09:13] data_length 14 iseq 122
[2026-07-08 17:09:13] begin switch_method
[2026-07-08 17:09:13] find command id514
[2026-07-08 17:09:13] data_length 17 iseq 123
[2026-07-08 17:09:13] buffer is less than sof_index + frame_length(26), buffer size: b'\xa5\x11\x00{\xfa\x01\x02\t\x01'
[2026-07-08 17:09:13] out while is working
[2026-07-08 17:09:13] data_length 17 iseq 123
[2026-07-08 17:09:13] buffer is less than sof_index + frame_length(26), buffer size: b'\xa5\x11\x00{\xfa\x01\x02\t\x01\xb8'
[2026-07-08 17:09:13] out while is working
[2026-07-08 17:09:13] data_length 17 iseq 123
[2026-07-08 17:09:13] begin switch_method
[2026-07-08 17:09:13] find command id513
[2026-07-08 17:09:13] buffer is less than 5, real size: 0
[2026-07-08 17:09:13] out while is working
[2026-07-08 17:09:13] buffer is less than 5, real size: 0
[2026-07-08 17:09:13] out while is working
[2026-07-08 17:09:13] buffer is less than 5, real size: 0
[2026-07-08 17:09:13] out while is working
[2026-07-08 17:09:13] buffer is less than 5, real size: 1
[2026-07-08 17:09:13] out while is working
[2026-07-08 17:09:13] data_length 2 iseq 124
[2026-07-08 17:09:13] begin switch_method
[2026-07-08 17:09:13] find command id524
[2026-07-08 17:09:13] Mark process: [0, 0, 0, 0, 0, 0] (raw bits: 0000000000000000)
[2026-07-08 17:09:13] data_length 4 iseq 125
[2026-07-08 17:09:13] begin switch_method
[2026-07-08 17:09:13] find command id257
[2026-07-08 17:09:13] data_length 11 iseq 126
[2026-07-08 17:09:13] buffer is less than sof_index + frame_length(20), buffer size: b'\xa5\x0b\x00~\xe5\x01\x00\x01'
[2026-07-08 17:09:13] out while is working
[2026-07-08 17:09:13] data_length 11 iseq 126
[2026-07-08 17:09:13] buffer is less than sof_index + frame_length(20), buffer size: b'\xa5\x0b\x00~\xe5\x01\x00\x01\x00'
[2026-07-08 17:09:13] out while is working
[2026-07-08 17:09:13] data_length 11 iseq 126
[2026-07-08 17:09:13] begin switch_method
[2026-07-08 17:09:13] find command id1
[2026-07-08 17:09:13] data_length 3 iseq 127
[2026-07-08 17:09:13] begin switch_method
[2026-07-08 17:09:13] find command id261
[2026-07-08 17:09:13] Dart target: 0
[2026-07-08 17:09:13] data_length 1 iseq 128
[2026-07-08 17:09:13] buffer is less than sof_index + frame_length(10), buffer size: b'\xa5\x01\x00\x80\xe4\x0e\x02('
[2026-07-08 17:09:13] out while is working
[2026-07-08 17:09:13] data_length 1 iseq 128
[2026-07-08 17:09:13] buffer is less than sof_index + frame_length(10), buffer size: b'\xa5\x01\x00\x80\xe4\x0e\x02(\xf8'
[2026-07-08 17:09:13] out while is working
[2026-07-08 17:09:13] data_length 1 iseq 128
[2026-07-08 17:09:13] begin switch_method
[2026-07-08 17:09:13] find command id526
[2026-07-08 17:09:13] Double effect chance: 0, is double effect active: 0
[2026-07-08 17:09:13] Interference level: 1, is key updated: 1
[2026-07-08 17:09:13] buffer is less than 5, real size: 0
[2026-07-08 17:09:13] out while is working
[2026-07-08 17:09:13] buffer is less than 5, real size: 0
[2026-07-08 17:09:13] out while is working
[2026-07-08 17:09:13] buffer is less than 5, real size: 0
[2026-07-08 17:09:13] out while is working
[2026-07-08 17:09:13] buffer is less than 5, real size: 0
[2026-07-08 17:09:13] out while is working
[2026-07-08 17:09:13] buffer is less than 5, real size: 0
[2026-07-08 17:09:13] out while is working
[2026-07-08 17:09:13] buffer is less than 5, real size: 0
[2026-07-08 17:09:13] out while is working
[2026-07-08 17:09:13] buffer is less than 5, real size: 0
[2026-07-08 17:09:13] out while is working
[2026-07-08 17:09:13] buffer is less than 5, real size: 1
[2026-07-08 17:09:13] out while is working
[2026-07-08 17:09:13] data_length 14 iseq 129
[2026-07-08 17:09:13] begin switch_method
[2026-07-08 17:09:13] find command id514
[2026-07-08 17:09:13] data_length 12 iseq 130
[2026-07-08 17:09:13] buffer is less than sof_index + frame_length(21), buffer size: b'\xa5\x0c\x00\x82H\x03\x02\x00\x00'
[2026-07-08 17:09:13] out while is working
[2026-07-08 17:09:13] data_length 12 iseq 130
[2026-07-08 17:09:13] buffer is less than sof_index + frame_length(21), buffer size: b'\xa5\x0c\x00\x82H\x03\x02\x00\x00\x00'
[2026-07-08 17:09:13] out while is working
[2026-07-08 17:09:13] data_length 12 iseq 130
[2026-07-08 17:09:13] begin switch_method
[2026-07-08 17:09:13] find command id515
[2026-07-08 17:09:13] data_length 17 iseq 131
[2026-07-08 17:09:13] buffer is less than sof_index + frame_length(26), buffer size: b'\xa5\x11\x00\x83L\x01\x02\t\x01\xb8"\xb8"d\x00@\x01x\x00\x00'
[2026-07-08 17:09:13] out while is working
[2026-07-08 17:09:13] data_length 17 iseq 131
[2026-07-08 17:09:13] buffer is less than sof_index + frame_length(26), buffer size: b'\xa5\x11\x00\x83L\x01\x02\t\x01\xb8"\xb8"d\x00@\x01x\x00\x00\x00'
[2026-07-08 17:09:13] out while is working
[2026-07-08 17:09:13] data_length 17 iseq 131
[2026-07-08 17:09:13] begin switch_method
[2026-07-08 17:09:13] find command id513
[2026-07-08 17:09:13] buffer is less than 5, real size: 0
[2026-07-08 17:09:13] out while is working
[2026-07-08 17:09:13] buffer is less than 5, real size: 0
[2026-07-08 17:09:13] out while is working
[2026-07-08 17:09:13] buffer is less than 5, real size: 0
[2026-07-08 17:09:13] out while is working
[2026-07-08 17:09:13] buffer is less than 5, real size: 0
[2026-07-08 17:09:13] out while is working
[2026-07-08 17:09:13] buffer is less than 5, real size: 0
[2026-07-08 17:09:13] out while is working
[2026-07-08 17:09:13] buffer is less than 5, real size: 0
[2026-07-08 17:09:13] out while is working
[2026-07-08 17:09:13] buffer is less than 5, real size: 0
[2026-07-08 17:09:13] out while is working
[2026-07-08 17:09:13] buffer is less than 5, real size: 0
[2026-07-08 17:09:13] out while is working
[2026-07-08 17:09:13] buffer is less than 5, real size: 0
[2026-07-08 17:09:13] out while is working
[2026-07-08 17:09:13] buffer is less than 5, real size: 0
[2026-07-08 17:09:13] out while is working
[2026-07-08 17:09:13] buffer is less than 5, real size: 1
[2026-07-08 17:09:13] out while is working
[2026-07-08 17:09:13] data_length 14 iseq 132
[2026-07-08 17:09:13] begin switch_method
[2026-07-08 17:09:13] find command id514
[2026-07-08 17:09:13] data_length 17 iseq 133
[2026-07-08 17:09:13] buffer is less than sof_index + frame_length(26), buffer size: b'\xa5\x11\x00\x85\x91\x01\x02\t\x01'
[2026-07-08 17:09:13] out while is working
[2026-07-08 17:09:13] data_length 17 iseq 133
[2026-07-08 17:09:13] buffer is less than sof_index + frame_length(26), buffer size: b'\xa5\x11\x00\x85\x91\x01\x02\t\x01\xb8'
[2026-07-08 17:09:13] out while is working
[2026-07-08 17:09:13] data_length 17 iseq 133
[2026-07-08 17:09:13] begin switch_method
[2026-07-08 17:09:13] find command id513
[2026-07-08 17:09:13] buffer is less than 5, real size: 0
[2026-07-08 17:09:13] out while is working
[2026-07-08 17:09:13] buffer is less than 5, real size: 0
[2026-07-08 17:09:13] out while is working
[2026-07-08 17:09:13] buffer is less than 5, real size: 1
[2026-07-08 17:09:13] out while is working
[2026-07-08 17:09:13] data_length 5 iseq 134
[2026-07-08 17:09:13] begin switch_method
[2026-07-08 17:09:13] find command id521
[2026-07-08 17:09:13] buffer is less than 5, real size: 0
[2026-07-08 17:09:13] out while is working
[2026-07-08 17:09:13] buffer is less than 5, real size: 0
[2026-07-08 17:09:13] out while is working
[2026-07-08 17:09:13] buffer is less than 5, real size: 0
[2026-07-08 17:09:13] out while is working
[2026-07-08 17:09:13] buffer is less than 5, real size: 0
[2026-07-08 17:09:13] out while is working
[2026-07-08 17:09:14] buffer is less than 5, real size: 0
[2026-07-08 17:09:14] out while is working
[2026-07-08 17:09:14] buffer is less than 5, real size: 0
[2026-07-08 17:09:14] out while is working
[2026-07-08 17:09:14] buffer is less than 5, real size: 0
[2026-07-08 17:09:14] out while is working
[2026-07-08 17:09:14] buffer is less than 5, real size: 0
[2026-07-08 17:09:14] out while is working
[2026-07-08 17:09:14] buffer is less than 5, real size: 1
[2026-07-08 17:09:14] out while is working
[2026-07-08 17:09:14] data_length 14 iseq 135
[2026-07-08 17:09:14] begin switch_method
[2026-07-08 17:09:14] find command id514
[2026-07-08 17:09:14] data_length 17 iseq 136
[2026-07-08 17:09:14] buffer is less than sof_index + frame_length(26), buffer size: b'\xa5\x11\x00\x88l\x01\x02\t\x01'
[2026-07-08 17:09:14] out while is working
[2026-07-08 17:09:14] data_length 17 iseq 136
[2026-07-08 17:09:14] buffer is less than sof_index + frame_length(26), buffer size: b'\xa5\x11\x00\x88l\x01\x02\t\x01\xb8'
[2026-07-08 17:09:14] out while is working
[2026-07-08 17:09:14] data_length 17 iseq 136
[2026-07-08 17:09:14] begin switch_method
[2026-07-08 17:09:14] find command id513
[2026-07-08 17:09:14] buffer is less than 5, real size: 0
[2026-07-08 17:09:14] out while is working
[2026-07-08 17:09:14] buffer is less than 5, real size: 0
[2026-07-08 17:09:14] out while is working
[2026-07-08 17:09:14] buffer is less than 5, real size: 0
[2026-07-08 17:09:14] out while is working
[2026-07-08 17:09:14] buffer is less than 5, real size: 0
[2026-07-08 17:09:14] out while is working
[2026-07-08 17:09:14] buffer is less than 5, real size: 0
[2026-07-08 17:09:14] out while is working
[2026-07-08 17:09:14] buffer is less than 5, real size: 0
[2026-07-08 17:09:14] out while is working
[2026-07-08 17:09:14] buffer is less than 5, real size: 0
[2026-07-08 17:09:14] out while is working
[2026-07-08 17:09:14] buffer is less than 5, real size: 0
[2026-07-08 17:09:14] out while is working
[2026-07-08 17:09:14] buffer is less than 5, real size: 0
[2026-07-08 17:09:14] out while is working
[2026-07-08 17:09:14] buffer is less than 5, real size: 0
[2026-07-08 17:09:14] out while is working
[2026-07-08 17:09:14] buffer is less than 5, real size: 1
[2026-07-08 17:09:14] out while is working
[2026-07-08 17:09:14] data_length 14 iseq 137
[2026-07-08 17:09:14] begin switch_method
[2026-07-08 17:09:14] find command id514
[2026-07-08 17:09:14] data_length 17 iseq 138
[2026-07-08 17:09:14] buffer is less than sof_index + frame_length(26), buffer size: b'\xa5\x11\x00\x8a\xd0\x01\x02\t\x01'
[2026-07-08 17:09:14] out while is working
[2026-07-08 17:09:14] data_length 17 iseq 138
[2026-07-08 17:09:14] buffer is less than sof_index + frame_length(26), buffer size: b'\xa5\x11\x00\x8a\xd0\x01\x02\t\x01\xb8'
[2026-07-08 17:09:14] out while is working
[2026-07-08 17:09:14] data_length 17 iseq 138
[2026-07-08 17:09:14] begin switch_method
[2026-07-08 17:09:14] find command id513
[2026-07-08 17:09:14] buffer is less than 5, real size: 0
[2026-07-08 17:09:14] out while is working
[2026-07-08 17:09:14] buffer is less than 5, real size: 0
[2026-07-08 17:09:14] out while is working
[2026-07-08 17:09:14] buffer is less than 5, real size: 0
[2026-07-08 17:09:14] out while is working
[2026-07-08 17:09:14] buffer is less than 5, real size: 0
[2026-07-08 17:09:14] out while is working
[2026-07-08 17:09:14] buffer is less than 5, real size: 0
[2026-07-08 17:09:14] out while is working
[2026-07-08 17:09:14] buffer is less than 5, real size: 0
[2026-07-08 17:09:14] out while is working
[2026-07-08 17:09:14] buffer is less than 5, real size: 0
[2026-07-08 17:09:14] out while is working
[2026-07-08 17:09:14] buffer is less than 5, real size: 0
[2026-07-08 17:09:14] out while is working
[2026-07-08 17:09:14] buffer is less than 5, real size: 0
[2026-07-08 17:09:14] out while is working
[2026-07-08 17:09:14] buffer is less than 5, real size: 0
[2026-07-08 17:09:14] out while is working
[2026-07-08 17:09:14] buffer is less than 5, real size: 0
[2026-07-08 17:09:14] out while is working
[2026-07-08 17:09:14] buffer is less than 5, real size: 1
[2026-07-08 17:09:14] out while is working
[2026-07-08 17:09:14] data_length 14 iseq 139
[2026-07-08 17:09:14] begin switch_method
[2026-07-08 17:09:14] find command id514
[2026-07-08 17:09:14] data_length 17 iseq 140
[2026-07-08 17:09:14] buffer is less than sof_index + frame_length(26), buffer size: b'\xa5\x11\x00\x8c\r\x01\x02\t\x01'
[2026-07-08 17:09:14] out while is working
[2026-07-08 17:09:14] data_length 17 iseq 140
[2026-07-08 17:09:14] buffer is less than sof_index + frame_length(26), buffer size: b'\xa5\x11\x00\x8c\r\x01\x02\t\x01\xb8'
[2026-07-08 17:09:14] out while is working
[2026-07-08 17:09:14] data_length 17 iseq 140
[2026-07-08 17:09:14] begin switch_method
[2026-07-08 17:09:14] find command id513
[2026-07-08 17:09:14] buffer is less than 5, real size: 0
[2026-07-08 17:09:14] out while is working
[2026-07-08 17:09:14] buffer is less than 5, real size: 1
[2026-07-08 17:09:14] out while is working
[2026-07-08 17:09:14] data_length 5 iseq 141
[2026-07-08 17:09:14] begin switch_method
[2026-07-08 17:09:14] find command id521
[2026-07-08 17:09:14] buffer is less than 5, real size: 0
[2026-07-08 17:09:14] out while is working
[2026-07-08 17:09:14] buffer is less than 5, real size: 0
[2026-07-08 17:09:14] out while is working
[2026-07-08 17:09:14] buffer is less than 5, real size: 0
[2026-07-08 17:09:14] out while is working
[2026-07-08 17:09:14] buffer is less than 5, real size: 0
[2026-07-08 17:09:14] out while is working
[2026-07-08 17:09:14] buffer is less than 5, real size: 0
[2026-07-08 17:09:14] out while is working
[2026-07-08 17:09:14] buffer is less than 5, real size: 0
[2026-07-08 17:09:14] out while is working
[2026-07-08 17:09:14] buffer is less than 5, real size: 0
[2026-07-08 17:09:14] out while is working
[2026-07-08 17:09:14] buffer is less than 5, real size: 0
[2026-07-08 17:09:14] out while is working
[2026-07-08 17:09:14] buffer is less than 5, real size: 0
[2026-07-08 17:09:14] out while is working
[2026-07-08 17:09:14] buffer is less than 5, real size: 0
[2026-07-08 17:09:14] out while is working
[2026-07-08 17:09:14] buffer is less than 5, real size: 1
[2026-07-08 17:09:14] out while is working
[2026-07-08 17:09:14] data_length 14 iseq 142
[2026-07-08 17:09:14] begin switch_method
[2026-07-08 17:09:14] find command id514
[2026-07-08 17:09:14] data_length 17 iseq 143
[2026-07-08 17:09:14] buffer is less than sof_index + frame_length(26), buffer size: b'\xa5\x11\x00\x8f\xef\x01\x02\t\x01'
[2026-07-08 17:09:14] out while is working
[2026-07-08 17:09:14] data_length 17 iseq 143
[2026-07-08 17:09:14] buffer is less than sof_index + frame_length(26), buffer size: b'\xa5\x11\x00\x8f\xef\x01\x02\t\x01\xb8'
[2026-07-08 17:09:14] out while is working
[2026-07-08 17:09:14] data_length 17 iseq 143
[2026-07-08 17:09:14] begin switch_method
[2026-07-08 17:09:14] find command id513
[2026-07-08 17:09:14] buffer is less than 5, real size: 0
[2026-07-08 17:09:14] out while is working
[2026-07-08 17:09:14] buffer is less than 5, real size: 0
[2026-07-08 17:09:14] out while is working
[2026-07-08 17:09:14] buffer is less than 5, real size: 0
[2026-07-08 17:09:14] out while is working
[2026-07-08 17:09:14] buffer is less than 5, real size: 0
[2026-07-08 17:09:14] out while is working
[2026-07-08 17:09:14] buffer is less than 5, real size: 0
[2026-07-08 17:09:14] out while is working
[2026-07-08 17:09:14] buffer is less than 5, real size: 0
[2026-07-08 17:09:14] out while is working
[2026-07-08 17:09:14] buffer is less than 5, real size: 0
[2026-07-08 17:09:14] out while is working
[2026-07-08 17:09:14] buffer is less than 5, real size: 0
[2026-07-08 17:09:14] out while is working
[2026-07-08 17:09:14] buffer is less than 5, real size: 0
[2026-07-08 17:09:14] out while is working
[2026-07-08 17:09:14] buffer is less than 5, real size: 0
[2026-07-08 17:09:14] out while is working
[2026-07-08 17:09:14] buffer is less than 5, real size: 1
[2026-07-08 17:09:14] out while is working
[2026-07-08 17:09:14] data_length 14 iseq 144
[2026-07-08 17:09:14] begin switch_method
[2026-07-08 17:09:14] find command id514
[2026-07-08 17:09:14] data_length 17 iseq 145
[2026-07-08 17:09:14] buffer is less than sof_index + frame_length(26), buffer size: b'\xa5\x11\x00\x91m\x01\x02\t\x01'
[2026-07-08 17:09:14] out while is working
[2026-07-08 17:09:14] data_length 17 iseq 145
[2026-07-08 17:09:14] buffer is less than sof_index + frame_length(26), buffer size: b'\xa5\x11\x00\x91m\x01\x02\t\x01\xb8'
[2026-07-08 17:09:14] out while is working
[2026-07-08 17:09:14] data_length 17 iseq 145
[2026-07-08 17:09:14] begin switch_method
[2026-07-08 17:09:14] find command id513
[2026-07-08 17:09:14] buffer is less than 5, real size: 0
[2026-07-08 17:09:14] out while is working
[2026-07-08 17:09:14] buffer is less than 5, real size: 0
[2026-07-08 17:09:14] out while is working
[2026-07-08 17:09:14] buffer is less than 5, real size: 0
[2026-07-08 17:09:14] out while is working
[2026-07-08 17:09:14] buffer is less than 5, real size: 0
[2026-07-08 17:09:14] out while is working
[2026-07-08 17:09:14] buffer is less than 5, real size: 0
[2026-07-08 17:09:14] out while is working
[2026-07-08 17:09:14] buffer is less than 5, real size: 0
[2026-07-08 17:09:14] out while is working
[2026-07-08 17:09:14] buffer is less than 5, real size: 0
[2026-07-08 17:09:14] out while is working
[2026-07-08 17:09:14] buffer is less than 5, real size: 0
[2026-07-08 17:09:14] out while is working
[2026-07-08 17:09:14] buffer is less than 5, real size: 0
[2026-07-08 17:09:14] out while is working
[2026-07-08 17:09:14] buffer is less than 5, real size: 1
[2026-07-08 17:09:14] out while is working
[2026-07-08 17:09:14] data_length 5 iseq 146
[2026-07-08 17:09:14] begin switch_method
[2026-07-08 17:09:14] find command id521
[2026-07-08 17:09:14] buffer is less than 5, real size: 0
[2026-07-08 17:09:14] out while is working
[2026-07-08 17:09:14] buffer is less than 5, real size: 1
[2026-07-08 17:09:14] out while is working
[2026-07-08 17:09:14] data_length 14 iseq 147
[2026-07-08 17:09:14] begin switch_method
[2026-07-08 17:09:14] find command id514
[2026-07-08 17:09:14] data_length 17 iseq 148
[2026-07-08 17:09:14] buffer is less than sof_index + frame_length(26), buffer size: b'\xa5\x11\x00\x94R\x01\x02\t\x01'
[2026-07-08 17:09:14] out while is working
[2026-07-08 17:09:14] data_length 17 iseq 148
[2026-07-08 17:09:14] buffer is less than sof_index + frame_length(26), buffer size: b'\xa5\x11\x00\x94R\x01\x02\t\x01\xb8'
[2026-07-08 17:09:14] out while is working
[2026-07-08 17:09:14] data_length 17 iseq 148
[2026-07-08 17:09:14] begin switch_method
[2026-07-08 17:09:14] find command id513
[2026-07-08 17:09:14] buffer is less than 5, real size: 0
[2026-07-08 17:09:14] out while is working
[2026-07-08 17:09:14] buffer is less than 5, real size: 0
[2026-07-08 17:09:14] out while is working
[2026-07-08 17:09:14] buffer is less than 5, real size: 0
[2026-07-08 17:09:14] out while is working
[2026-07-08 17:09:14] buffer is less than 5, real size: 0
[2026-07-08 17:09:14] out while is working
[2026-07-08 17:09:14] buffer is less than 5, real size: 0
[2026-07-08 17:09:14] out while is working
[2026-07-08 17:09:14] buffer is less than 5, real size: 0
[2026-07-08 17:09:14] out while is working
[2026-07-08 17:09:14] buffer is less than 5, real size: 0
[2026-07-08 17:09:14] out while is working
[2026-07-08 17:09:14] buffer is less than 5, real size: 0
[2026-07-08 17:09:14] out while is working
[2026-07-08 17:09:14] buffer is less than 5, real size: 0
[2026-07-08 17:09:14] out while is working
[2026-07-08 17:09:14] buffer is less than 5, real size: 0
[2026-07-08 17:09:14] out while is working
[2026-07-08 17:09:14] buffer is less than 5, real size: 1
[2026-07-08 17:09:14] out while is working
[2026-07-08 17:09:14] data_length 14 iseq 149
[2026-07-08 17:09:14] begin switch_method
[2026-07-08 17:09:14] find command id514
[2026-07-08 17:09:14] data_length 17 iseq 150
[2026-07-08 17:09:14] buffer is less than sof_index + frame_length(26), buffer size: b'\xa5\x11\x00\x96\xee\x01\x02\t\x01'
[2026-07-08 17:09:14] out while is working
[2026-07-08 17:09:14] data_length 17 iseq 150
[2026-07-08 17:09:14] buffer is less than sof_index + frame_length(26), buffer size: b'\xa5\x11\x00\x96\xee\x01\x02\t\x01\xb8'
[2026-07-08 17:09:14] out while is working
[2026-07-08 17:09:14] data_length 17 iseq 150
[2026-07-08 17:09:14] begin switch_method
[2026-07-08 17:09:14] find command id513
[2026-07-08 17:09:14] buffer is less than 5, real size: 0
[2026-07-08 17:09:14] out while is working
[2026-07-08 17:09:14] buffer is less than 5, real size: 0
[2026-07-08 17:09:14] out while is working
[2026-07-08 17:09:14] buffer is less than 5, real size: 0
[2026-07-08 17:09:14] out while is working
[2026-07-08 17:09:14] buffer is less than 5, real size: 0
[2026-07-08 17:09:14] out while is working
[2026-07-08 17:09:14] buffer is less than 5, real size: 0
[2026-07-08 17:09:14] out while is working
[2026-07-08 17:09:14] buffer is less than 5, real size: 0
[2026-07-08 17:09:14] out while is working
[2026-07-08 17:09:14] buffer is less than 5, real size: 0
[2026-07-08 17:09:14] out while is working
[2026-07-08 17:09:14] buffer is less than 5, real size: 0
[2026-07-08 17:09:14] out while is working
[2026-07-08 17:09:14] buffer is less than 5, real size: 0
[2026-07-08 17:09:14] out while is working
[2026-07-08 17:09:14] buffer is less than 5, real size: 0
[2026-07-08 17:09:14] out while is working
[2026-07-08 17:09:14] buffer is less than 5, real size: 1
[2026-07-08 17:09:14] out while is working
[2026-07-08 17:09:14] data_length 14 iseq 151
[2026-07-08 17:09:14] begin switch_method
[2026-07-08 17:09:14] find command id514
[2026-07-08 17:09:14] data_length 17 iseq 152
[2026-07-08 17:09:14] buffer is less than sof_index + frame_length(26), buffer size: b'\xa5\x11\x00\x98\xf1\x01\x02\t\x01'
[2026-07-08 17:09:14] out while is working
[2026-07-08 17:09:14] data_length 17 iseq 152
[2026-07-08 17:09:14] buffer is less than sof_index + frame_length(26), buffer size: b'\xa5\x11\x00\x98\xf1\x01\x02\t\x01\xb8'
[2026-07-08 17:09:14] out while is working
[2026-07-08 17:09:14] data_length 17 iseq 152
[2026-07-08 17:09:14] begin switch_method
[2026-07-08 17:09:14] find command id513
[2026-07-08 17:09:14] buffer is less than 5, real size: 0
[2026-07-08 17:09:14] out while is working
[2026-07-08 17:09:14] buffer is less than 5, real size: 1
[2026-07-08 17:09:14] out while is working
[2026-07-08 17:09:14] data_length 2 iseq 153
[2026-07-08 17:09:14] begin switch_method
[2026-07-08 17:09:14] find command id524
[2026-07-08 17:09:14] Mark process: [0, 0, 0, 0, 0, 0] (raw bits: 0000000000000000)
[2026-07-08 17:09:14] data_length 4 iseq 154
[2026-07-08 17:09:14] begin switch_method
[2026-07-08 17:09:14] find command id257
[2026-07-08 17:09:14] data_length 11 iseq 155
[2026-07-08 17:09:14] buffer is less than sof_index + frame_length(20), buffer size: b'\xa5\x0b\x00\x9b3\x01\x00\x01'
[2026-07-08 17:09:14] out while is working
[2026-07-08 17:09:14] data_length 11 iseq 155
[2026-07-08 17:09:14] buffer is less than sof_index + frame_length(20), buffer size: b'\xa5\x0b\x00\x9b3\x01\x00\x01\x00'
[2026-07-08 17:09:14] out while is working
[2026-07-08 17:09:14] data_length 11 iseq 155
[2026-07-08 17:09:14] begin switch_method
[2026-07-08 17:09:14] find command id1
[2026-07-08 17:09:14] data_length 3 iseq 156
[2026-07-08 17:09:14] begin switch_method
[2026-07-08 17:09:14] find command id261
[2026-07-08 17:09:14] Dart target: 0
[2026-07-08 17:09:14] buffer is less than 5, real size: 0
[2026-07-08 17:09:14] out while is working
[2026-07-08 17:09:14] buffer is less than 5, real size: 1
[2026-07-08 17:09:14] out while is working
[2026-07-08 17:09:14] data_length 1 iseq 157
[2026-07-08 17:09:14] begin switch_method
[2026-07-08 17:09:14] find command id526
[2026-07-08 17:09:14] Double effect chance: 0, is double effect active: 0
[2026-07-08 17:09:14] Interference level: 1, is key updated: 1
[2026-07-08 17:09:14] buffer is less than 5, real size: 0
[2026-07-08 17:09:14] out while is working
[2026-07-08 17:09:14] buffer is less than 5, real size: 0
[2026-07-08 17:09:14] out while is working
[2026-07-08 17:09:14] buffer is less than 5, real size: 0
[2026-07-08 17:09:14] out while is working
[2026-07-08 17:09:14] buffer is less than 5, real size: 0
[2026-07-08 17:09:14] out while is working
[2026-07-08 17:09:14] buffer is less than 5, real size: 0
[2026-07-08 17:09:14] out while is working
[2026-07-08 17:09:14] buffer is less than 5, real size: 0
[2026-07-08 17:09:14] out while is working
[2026-07-08 17:09:14] buffer is less than 5, real size: 1
[2026-07-08 17:09:14] out while is working
[2026-07-08 17:09:14] data_length 5 iseq 158
[2026-07-08 17:09:14] begin switch_method
[2026-07-08 17:09:14] find command id521
[2026-07-08 17:09:14] buffer is less than 5, real size: 0
[2026-07-08 17:09:14] out while is working
[2026-07-08 17:09:14] buffer is less than 5, real size: 0
[2026-07-08 17:09:14] out while is working
[2026-07-08 17:09:14] buffer is less than 5, real size: 0
[2026-07-08 17:09:14] out while is working
[2026-07-08 17:09:14] buffer is less than 5, real size: 1
[2026-07-08 17:09:14] out while is working
[2026-07-08 17:09:14] data_length 14 iseq 159
[2026-07-08 17:09:14] begin switch_method
[2026-07-08 17:09:14] find command id514
[2026-07-08 17:09:14] data_length 12 iseq 160
[2026-07-08 17:09:14] buffer is less than sof_index + frame_length(21), buffer size: b'\xa5\x0c\x00\xa0\xd7\x03\x02\x00\x00'
[2026-07-08 17:09:14] out while is working
[2026-07-08 17:09:14] data_length 12 iseq 160
[2026-07-08 17:09:14] buffer is less than sof_index + frame_length(21), buffer size: b'\xa5\x0c\x00\xa0\xd7\x03\x02\x00\x00\x00'
[2026-07-08 17:09:14] out while is working
[2026-07-08 17:09:14] data_length 12 iseq 160
[2026-07-08 17:09:14] begin switch_method
[2026-07-08 17:09:14] find command id515
[2026-07-08 17:09:14] data_length 17 iseq 161
[2026-07-08 17:09:14] buffer is less than sof_index + frame_length(26), buffer size: b'\xa5\x11\x00\xa1\xd3\x01\x02\t\x01\xb8"\xb8"d\x00@\x01x\x00\x00'
[2026-07-08 17:09:14] out while is working
[2026-07-08 17:09:14] data_length 17 iseq 161
[2026-07-08 17:09:14] buffer is less than sof_index + frame_length(26), buffer size: b'\xa5\x11\x00\xa1\xd3\x01\x02\t\x01\xb8"\xb8"d\x00@\x01x\x00\x00\x00'
[2026-07-08 17:09:14] out while is working
[2026-07-08 17:09:14] data_length 17 iseq 161
[2026-07-08 17:09:14] begin switch_method
[2026-07-08 17:09:14] find command id513
[2026-07-08 17:09:14] buffer is less than 5, real size: 0
[2026-07-08 17:09:14] out while is working
[2026-07-08 17:09:14] buffer is less than 5, real size: 0
[2026-07-08 17:09:14] out while is working
[2026-07-08 17:09:14] buffer is less than 5, real size: 0
[2026-07-08 17:09:14] out while is working
[2026-07-08 17:09:14] buffer is less than 5, real size: 0
[2026-07-08 17:09:14] out while is working
[2026-07-08 17:09:14] buffer is less than 5, real size: 0
[2026-07-08 17:09:14] out while is working
[2026-07-08 17:09:14] buffer is less than 5, real size: 0
[2026-07-08 17:09:14] out while is working
[2026-07-08 17:09:14] buffer is less than 5, real size: 0
[2026-07-08 17:09:14] out while is working
[2026-07-08 17:09:14] buffer is less than 5, real size: 0
[2026-07-08 17:09:14] out while is working
[2026-07-08 17:09:14] buffer is less than 5, real size: 0
[2026-07-08 17:09:14] out while is working
[2026-07-08 17:09:14] buffer is less than 5, real size: 0
[2026-07-08 17:09:14] out while is working
[2026-07-08 17:09:14] buffer is less than 5, real size: 1
[2026-07-08 17:09:14] out while is working
[2026-07-08 17:09:14] data_length 14 iseq 162
[2026-07-08 17:09:14] begin switch_method
[2026-07-08 17:09:14] find command id514
[2026-07-08 17:09:14] data_length 17 iseq 163
[2026-07-08 17:09:14] buffer is less than sof_index + frame_length(26), buffer size: b'\xa5\x11\x00\xa3o\x01\x02\t\x01'
[2026-07-08 17:09:14] out while is working
[2026-07-08 17:09:14] data_length 17 iseq 163
[2026-07-08 17:09:14] buffer is less than sof_index + frame_length(26), buffer size: b'\xa5\x11\x00\xa3o\x01\x02\t\x01\xb8'
[2026-07-08 17:09:14] out while is working
[2026-07-08 17:09:14] data_length 17 iseq 163
[2026-07-08 17:09:14] begin switch_method
[2026-07-08 17:09:14] find command id513
[2026-07-08 17:09:14] buffer is less than 5, real size: 0
[2026-07-08 17:09:14] out while is working
[2026-07-08 17:09:14] buffer is less than 5, real size: 0
[2026-07-08 17:09:14] out while is working
[2026-07-08 17:09:14] buffer is less than 5, real size: 0
[2026-07-08 17:09:14] out while is working
[2026-07-08 17:09:14] buffer is less than 5, real size: 0
[2026-07-08 17:09:14] out while is working
[2026-07-08 17:09:15] buffer is less than 5, real size: 0
[2026-07-08 17:09:15] out while is working
[2026-07-08 17:09:15] buffer is less than 5, real size: 0
[2026-07-08 17:09:15] out while is working
[2026-07-08 17:09:15] buffer is less than 5, real size: 0
[2026-07-08 17:09:15] out while is working
[2026-07-08 17:09:15] buffer is less than 5, real size: 0
[2026-07-08 17:09:15] out while is working
[2026-07-08 17:09:15] buffer is less than 5, real size: 0
[2026-07-08 17:09:15] out while is working
[2026-07-08 17:09:15] buffer is less than 5, real size: 0
[2026-07-08 17:09:15] out while is working
[2026-07-08 17:09:15] buffer is less than 5, real size: 1
[2026-07-08 17:09:15] out while is working
[2026-07-08 17:09:15] data_length 14 iseq 164
[2026-07-08 17:09:15] begin switch_method
[2026-07-08 17:09:15] find command id514
[2026-07-08 17:09:15] data_length 17 iseq 165
[2026-07-08 17:09:15] buffer is less than sof_index + frame_length(26), buffer size: b'\xa5\x11\x00\xa5\xb2\x01\x02\t\x01'
[2026-07-08 17:09:15] out while is working
[2026-07-08 17:09:15] data_length 17 iseq 165
[2026-07-08 17:09:15] buffer is less than sof_index + frame_length(26), buffer size: b'\xa5\x11\x00\xa5\xb2\x01\x02\t\x01\xb8'
[2026-07-08 17:09:15] out while is working
[2026-07-08 17:09:15] data_length 17 iseq 165
[2026-07-08 17:09:15] begin switch_method
[2026-07-08 17:09:15] find command id513
[2026-07-08 17:09:15] buffer is less than 5, real size: 0
[2026-07-08 17:09:15] out while is working
[2026-07-08 17:09:15] buffer is less than 5, real size: 0
[2026-07-08 17:09:15] out while is working
[2026-07-08 17:09:15] buffer is less than 5, real size: 0
[2026-07-08 17:09:15] out while is working
[2026-07-08 17:09:15] buffer is less than 5, real size: 0
[2026-07-08 17:09:15] out while is working
[2026-07-08 17:09:15] buffer is less than 5, real size: 0
[2026-07-08 17:09:15] out while is working
[2026-07-08 17:09:15] buffer is less than 5, real size: 0
[2026-07-08 17:09:15] out while is working
[2026-07-08 17:09:15] buffer is less than 5, real size: 0
[2026-07-08 17:09:15] out while is working
[2026-07-08 17:09:15] buffer is less than 5, real size: 0
[2026-07-08 17:09:15] out while is working
[2026-07-08 17:09:15] buffer is less than 5, real size: 0
[2026-07-08 17:09:15] out while is working
[2026-07-08 17:09:15] buffer is less than 5, real size: 1
[2026-07-08 17:09:15] out while is working
[2026-07-08 17:09:15] data_length 5 iseq 166
[2026-07-08 17:09:15] begin switch_method
[2026-07-08 17:09:15] find command id521
[2026-07-08 17:09:15] buffer is less than 5, real size: 0
[2026-07-08 17:09:15] out while is working
[2026-07-08 17:09:15] buffer is less than 5, real size: 1
[2026-07-08 17:09:15] out while is working
[2026-07-08 17:09:15] data_length 14 iseq 167
[2026-07-08 17:09:15] begin switch_method
[2026-07-08 17:09:15] find command id514
[2026-07-08 17:09:15] data_length 17 iseq 168
[2026-07-08 17:09:15] buffer is less than sof_index + frame_length(26), buffer size: b'\xa5\x11\x00\xa8O\x01\x02\t\x01'
[2026-07-08 17:09:15] out while is working
[2026-07-08 17:09:15] data_length 17 iseq 168
[2026-07-08 17:09:15] buffer is less than sof_index + frame_length(26), buffer size: b'\xa5\x11\x00\xa8O\x01\x02\t\x01\xb8'
[2026-07-08 17:09:15] out while is working
[2026-07-08 17:09:15] data_length 17 iseq 168
[2026-07-08 17:09:15] begin switch_method
[2026-07-08 17:09:15] find command id513
[2026-07-08 17:09:15] buffer is less than 5, real size: 0
[2026-07-08 17:09:15] out while is working
[2026-07-08 17:09:15] buffer is less than 5, real size: 0
[2026-07-08 17:09:15] out while is working
[2026-07-08 17:09:15] buffer is less than 5, real size: 0
[2026-07-08 17:09:15] out while is working
[2026-07-08 17:09:15] buffer is less than 5, real size: 0
[2026-07-08 17:09:15] out while is working
[2026-07-08 17:09:15] buffer is less than 5, real size: 0
[2026-07-08 17:09:15] out while is working
[2026-07-08 17:09:15] buffer is less than 5, real size: 0
[2026-07-08 17:09:15] out while is working
[2026-07-08 17:09:15] buffer is less than 5, real size: 0
[2026-07-08 17:09:15] out while is working
[2026-07-08 17:09:15] buffer is less than 5, real size: 0
[2026-07-08 17:09:15] out while is working
[2026-07-08 17:09:15] buffer is less than 5, real size: 0
[2026-07-08 17:09:15] out while is working
[2026-07-08 17:09:15] buffer is less than 5, real size: 0
[2026-07-08 17:09:15] out while is working
[2026-07-08 17:09:15] buffer is less than 5, real size: 1
[2026-07-08 17:09:15] out while is working
[2026-07-08 17:09:15] data_length 14 iseq 169
[2026-07-08 17:09:15] begin switch_method
[2026-07-08 17:09:15] find command id514
[2026-07-08 17:09:15] data_length 17 iseq 170
[2026-07-08 17:09:15] buffer is less than sof_index + frame_length(26), buffer size: b'\xa5\x11\x00\xaa\xf3\x01\x02\t\x01'
[2026-07-08 17:09:15] out while is working
[2026-07-08 17:09:15] data_length 17 iseq 170
[2026-07-08 17:09:15] buffer is less than sof_index + frame_length(26), buffer size: b'\xa5\x11\x00\xaa\xf3\x01\x02\t\x01\xb8'
[2026-07-08 17:09:15] out while is working
[2026-07-08 17:09:15] data_length 17 iseq 170
[2026-07-08 17:09:15] begin switch_method
[2026-07-08 17:09:15] find command id513
[2026-07-08 17:09:15] buffer is less than 5, real size: 0
[2026-07-08 17:09:15] out while is working
[2026-07-08 17:09:15] buffer is less than 5, real size: 0
[2026-07-08 17:09:15] out while is working
[2026-07-08 17:09:15] buffer is less than 5, real size: 0
[2026-07-08 17:09:15] out while is working
[2026-07-08 17:09:15] buffer is less than 5, real size: 0
[2026-07-08 17:09:15] out while is working
[2026-07-08 17:09:15] buffer is less than 5, real size: 0
[2026-07-08 17:09:15] out while is working
[2026-07-08 17:09:15] buffer is less than 5, real size: 0
[2026-07-08 17:09:15] out while is working
[2026-07-08 17:09:15] buffer is less than 5, real size: 0
[2026-07-08 17:09:15] out while is working
[2026-07-08 17:09:15] buffer is less than 5, real size: 0
[2026-07-08 17:09:15] out while is working
[2026-07-08 17:09:15] buffer is less than 5, real size: 0
[2026-07-08 17:09:15] out while is working
[2026-07-08 17:09:15] buffer is less than 5, real size: 0
[2026-07-08 17:09:15] out while is working
[2026-07-08 17:09:15] buffer is less than 5, real size: 1
[2026-07-08 17:09:15] out while is working
[2026-07-08 17:09:15] data_length 14 iseq 171
[2026-07-08 17:09:15] begin switch_method
[2026-07-08 17:09:15] find command id514
[2026-07-08 17:09:15] data_length 17 iseq 172
[2026-07-08 17:09:15] buffer is less than sof_index + frame_length(26), buffer size: b'\xa5\x11\x00\xac.\x01\x02\t\x01'
[2026-07-08 17:09:15] out while is working
[2026-07-08 17:09:15] data_length 17 iseq 172
[2026-07-08 17:09:15] buffer is less than sof_index + frame_length(26), buffer size: b'\xa5\x11\x00\xac.\x01\x02\t\x01\xb8'
[2026-07-08 17:09:15] out while is working
[2026-07-08 17:09:15] data_length 17 iseq 172
[2026-07-08 17:09:15] begin switch_method
[2026-07-08 17:09:15] find command id513
[2026-07-08 17:09:15] buffer is less than 5, real size: 0
[2026-07-08 17:09:15] out while is working
[2026-07-08 17:09:15] buffer is less than 5, real size: 0
[2026-07-08 17:09:15] out while is working
[2026-07-08 17:09:15] buffer is less than 5, real size: 0
[2026-07-08 17:09:15] out while is working
[2026-07-08 17:09:15] buffer is less than 5, real size: 0
[2026-07-08 17:09:15] out while is working
[2026-07-08 17:09:15] buffer is less than 5, real size: 0
[2026-07-08 17:09:15] out while is working
[2026-07-08 17:09:15] buffer is less than 5, real size: 0
[2026-07-08 17:09:15] out while is working
[2026-07-08 17:09:15] buffer is less than 5, real size: 0
[2026-07-08 17:09:15] out while is working
[2026-07-08 17:09:15] buffer is less than 5, real size: 0
[2026-07-08 17:09:15] out while is working
[2026-07-08 17:09:15] buffer is less than 5, real size: 0
[2026-07-08 17:09:15] out while is working
[2026-07-08 17:09:15] buffer is less than 5, real size: 1
[2026-07-08 17:09:15] out while is working
[2026-07-08 17:09:15] data_length 5 iseq 173
[2026-07-08 17:09:15] begin switch_method
[2026-07-08 17:09:15] find command id521
[2026-07-08 17:09:15] buffer is less than 5, real size: 0
[2026-07-08 17:09:15] out while is working
[2026-07-08 17:09:15] buffer is less than 5, real size: 0
[2026-07-08 17:09:15] out while is working
[2026-07-08 17:09:15] buffer is less than 5, real size: 1
[2026-07-08 17:09:15] out while is working
[2026-07-08 17:09:15] data_length 14 iseq 174
[2026-07-08 17:09:15] begin switch_method
[2026-07-08 17:09:15] find command id514
[2026-07-08 17:09:15] data_length 17 iseq 175
[2026-07-08 17:09:15] buffer is less than sof_index + frame_length(26), buffer size: b'\xa5\x11\x00\xaf\xcc\x01\x02\t\x01'
[2026-07-08 17:09:15] out while is working
[2026-07-08 17:09:15] data_length 17 iseq 175
[2026-07-08 17:09:15] buffer is less than sof_index + frame_length(26), buffer size: b'\xa5\x11\x00\xaf\xcc\x01\x02\t\x01\xb8'
[2026-07-08 17:09:15] out while is working
[2026-07-08 17:09:15] data_length 17 iseq 175
[2026-07-08 17:09:15] begin switch_method
[2026-07-08 17:09:15] find command id513
[2026-07-08 17:09:15] buffer is less than 5, real size: 0
[2026-07-08 17:09:15] out while is working
[2026-07-08 17:09:15] buffer is less than 5, real size: 0
[2026-07-08 17:09:15] out while is working
[2026-07-08 17:09:15] buffer is less than 5, real size: 0
[2026-07-08 17:09:15] out while is working
[2026-07-08 17:09:15] buffer is less than 5, real size: 0
[2026-07-08 17:09:15] out while is working
[2026-07-08 17:09:15] buffer is less than 5, real size: 0
[2026-07-08 17:09:15] out while is working
[2026-07-08 17:09:15] buffer is less than 5, real size: 0
[2026-07-08 17:09:15] out while is working
[2026-07-08 17:09:15] buffer is less than 5, real size: 0
[2026-07-08 17:09:15] out while is working
[2026-07-08 17:09:15] buffer is less than 5, real size: 0
[2026-07-08 17:09:15] out while is working
[2026-07-08 17:09:15] buffer is less than 5, real size: 0
[2026-07-08 17:09:15] out while is working
[2026-07-08 17:09:15] buffer is less than 5, real size: 0
[2026-07-08 17:09:15] out while is working
[2026-07-08 17:09:15] buffer is less than 5, real size: 0
[2026-07-08 17:09:15] out while is working
[2026-07-08 17:09:15] buffer is less than 5, real size: 1
[2026-07-08 17:09:15] out while is working
[2026-07-08 17:09:15] data_length 14 iseq 176
[2026-07-08 17:09:15] begin switch_method
[2026-07-08 17:09:15] find command id514
[2026-07-08 17:09:15] data_length 17 iseq 177
[2026-07-08 17:09:15] buffer is less than sof_index + frame_length(26), buffer size: b'\xa5\x11\x00\xb1N\x01\x02\t\x01'
[2026-07-08 17:09:15] out while is working
[2026-07-08 17:09:15] data_length 17 iseq 177
[2026-07-08 17:09:15] buffer is less than sof_index + frame_length(26), buffer size: b'\xa5\x11\x00\xb1N\x01\x02\t\x01\xb8'
[2026-07-08 17:09:15] out while is working
[2026-07-08 17:09:15] data_length 17 iseq 177
[2026-07-08 17:09:15] begin switch_method
[2026-07-08 17:09:15] find command id513
[2026-07-08 17:09:15] buffer is less than 5, real size: 0
[2026-07-08 17:09:15] out while is working
[2026-07-08 17:09:15] buffer is less than 5, real size: 0
[2026-07-08 17:09:15] out while is working
[2026-07-08 17:09:15] buffer is less than 5, real size: 0
[2026-07-08 17:09:15] out while is working
[2026-07-08 17:09:15] buffer is less than 5, real size: 0
[2026-07-08 17:09:15] out while is working
[2026-07-08 17:09:15] buffer is less than 5, real size: 0
[2026-07-08 17:09:15] out while is working
[2026-07-08 17:09:15] buffer is less than 5, real size: 0
[2026-07-08 17:09:15] out while is working
[2026-07-08 17:09:15] buffer is less than 5, real size: 0
[2026-07-08 17:09:15] out while is working
[2026-07-08 17:09:15] buffer is less than 5, real size: 0
[2026-07-08 17:09:15] out while is working
[2026-07-08 17:09:15] buffer is less than 5, real size: 0
[2026-07-08 17:09:15] out while is working
[2026-07-08 17:09:15] buffer is less than 5, real size: 0
[2026-07-08 17:09:15] out while is working
[2026-07-08 17:09:15] buffer is less than 5, real size: 1
[2026-07-08 17:09:15] out while is working
[2026-07-08 17:09:15] data_length 14 iseq 178
[2026-07-08 17:09:15] begin switch_method
[2026-07-08 17:09:15] find command id514
[2026-07-08 17:09:15] data_length 17 iseq 179
[2026-07-08 17:09:15] buffer is less than sof_index + frame_length(26), buffer size: b'\xa5\x11\x00\xb3\xf2\x01\x02\t\x01'
[2026-07-08 17:09:15] out while is working
[2026-07-08 17:09:15] data_length 17 iseq 179
[2026-07-08 17:09:15] buffer is less than sof_index + frame_length(26), buffer size: b'\xa5\x11\x00\xb3\xf2\x01\x02\t\x01\xb8'
[2026-07-08 17:09:15] out while is working
[2026-07-08 17:09:15] data_length 17 iseq 179
[2026-07-08 17:09:15] begin switch_method
[2026-07-08 17:09:15] find command id513
[2026-07-08 17:09:15] buffer is less than 5, real size: 0
[2026-07-08 17:09:15] out while is working
[2026-07-08 17:09:15] buffer is less than 5, real size: 0
[2026-07-08 17:09:15] out while is working
[2026-07-08 17:09:15] buffer is less than 5, real size: 0
[2026-07-08 17:09:15] out while is working
[2026-07-08 17:09:15] buffer is less than 5, real size: 0
[2026-07-08 17:09:15] out while is working
[2026-07-08 17:09:15] buffer is less than 5, real size: 0
[2026-07-08 17:09:15] out while is working
[2026-07-08 17:09:15] buffer is less than 5, real size: 0
[2026-07-08 17:09:15] out while is working
[2026-07-08 17:09:15] buffer is less than 5, real size: 0
[2026-07-08 17:09:15] out while is working
[2026-07-08 17:09:15] buffer is less than 5, real size: 1
[2026-07-08 17:09:15] out while is working
[2026-07-08 17:09:15] data_length 2 iseq 180
[2026-07-08 17:09:15] begin switch_method
[2026-07-08 17:09:15] find command id524
[2026-07-08 17:09:15] Mark process: [0, 0, 0, 0, 0, 0] (raw bits: 0000000000000000)
[2026-07-08 17:09:15] data_length 4 iseq 181
[2026-07-08 17:09:15] begin switch_method
[2026-07-08 17:09:15] find command id257
[2026-07-08 17:09:15] data_length 11 iseq 182
[2026-07-08 17:09:15] buffer is less than sof_index + frame_length(20), buffer size: b'\xa5\x0b\x00\xb6\xed\x01\x00\x01'
[2026-07-08 17:09:15] out while is working
[2026-07-08 17:09:15] data_length 11 iseq 182
[2026-07-08 17:09:15] buffer is less than sof_index + frame_length(20), buffer size: b'\xa5\x0b\x00\xb6\xed\x01\x00\x01\x00'
[2026-07-08 17:09:15] out while is working
[2026-07-08 17:09:15] data_length 11 iseq 182
[2026-07-08 17:09:15] begin switch_method
[2026-07-08 17:09:15] find command id1
[2026-07-08 17:09:15] data_length 3 iseq 183
[2026-07-08 17:09:15] begin switch_method
[2026-07-08 17:09:15] find command id261
[2026-07-08 17:09:15] Dart target: 0
[2026-07-08 17:09:15] data_length 1 iseq 184
[2026-07-08 17:09:15] buffer is less than sof_index + frame_length(10), buffer size: b'\xa5\x01\x00\xb8\x98\x0e\x02('
[2026-07-08 17:09:15] out while is working
[2026-07-08 17:09:15] data_length 1 iseq 184
[2026-07-08 17:09:15] buffer is less than sof_index + frame_length(10), buffer size: b'\xa5\x01\x00\xb8\x98\x0e\x02(x'
[2026-07-08 17:09:15] out while is working
[2026-07-08 17:09:15] data_length 1 iseq 184
[2026-07-08 17:09:15] begin switch_method
[2026-07-08 17:09:15] find command id526
[2026-07-08 17:09:15] Double effect chance: 0, is double effect active: 0
[2026-07-08 17:09:15] Interference level: 1, is key updated: 1
[2026-07-08 17:09:15] data_length 5 iseq 185
[2026-07-08 17:09:15] begin switch_method
[2026-07-08 17:09:15] find command id521
[2026-07-08 17:09:15] buffer is less than 5, real size: 0
[2026-07-08 17:09:15] out while is working
[2026-07-08 17:09:15] buffer is less than 5, real size: 0
[2026-07-08 17:09:15] out while is working
[2026-07-08 17:09:15] buffer is less than 5, real size: 0
[2026-07-08 17:09:15] out while is working
[2026-07-08 17:09:15] buffer is less than 5, real size: 1
[2026-07-08 17:09:15] out while is working
[2026-07-08 17:09:15] data_length 14 iseq 186
[2026-07-08 17:09:15] begin switch_method
[2026-07-08 17:09:15] find command id514
[2026-07-08 17:09:15] data_length 17 iseq 187
[2026-07-08 17:09:15] buffer is less than sof_index + frame_length(26), buffer size: b'\xa5\x11\x00\xbb0\x01\x02\t\x01'
[2026-07-08 17:09:15] out while is working
[2026-07-08 17:09:15] data_length 17 iseq 187
[2026-07-08 17:09:15] buffer is less than sof_index + frame_length(26), buffer size: b'\xa5\x11\x00\xbb0\x01\x02\t\x01\xb8'
[2026-07-08 17:09:15] out while is working
[2026-07-08 17:09:15] data_length 17 iseq 187
[2026-07-08 17:09:15] begin switch_method
[2026-07-08 17:09:15] find command id513
[2026-07-08 17:09:15] buffer is less than 5, real size: 0
[2026-07-08 17:09:15] out while is working
[2026-07-08 17:09:15] buffer is less than 5, real size: 0
[2026-07-08 17:09:15] out while is working
[2026-07-08 17:09:15] buffer is less than 5, real size: 0
[2026-07-08 17:09:15] out while is working
[2026-07-08 17:09:15] buffer is less than 5, real size: 0
[2026-07-08 17:09:15] out while is working
[2026-07-08 17:09:15] buffer is less than 5, real size: 0
[2026-07-08 17:09:15] out while is working
[2026-07-08 17:09:15] buffer is less than 5, real size: 0
[2026-07-08 17:09:15] out while is working
[2026-07-08 17:09:15] buffer is less than 5, real size: 0
[2026-07-08 17:09:15] out while is working
[2026-07-08 17:09:15] buffer is less than 5, real size: 0
[2026-07-08 17:09:15] out while is working
[2026-07-08 17:09:15] buffer is less than 5, real size: 0
[2026-07-08 17:09:15] out while is working
[2026-07-08 17:09:15] buffer is less than 5, real size: 0
[2026-07-08 17:09:15] out while is working
[2026-07-08 17:09:15] buffer is less than 5, real size: 1
[2026-07-08 17:09:15] out while is working
[2026-07-08 17:09:15] data_length 14 iseq 188
[2026-07-08 17:09:15] begin switch_method
[2026-07-08 17:09:15] find command id514
[2026-07-08 17:09:15] data_length 12 iseq 189
[2026-07-08 17:09:15] buffer is less than sof_index + frame_length(21), buffer size: b'\xa5\x0c\x00\xbd\xb7\x03\x02\x00\x00'
[2026-07-08 17:09:15] out while is working
[2026-07-08 17:09:15] data_length 12 iseq 189
[2026-07-08 17:09:15] buffer is less than sof_index + frame_length(21), buffer size: b'\xa5\x0c\x00\xbd\xb7\x03\x02\x00\x00\x00'
[2026-07-08 17:09:15] out while is working
[2026-07-08 17:09:15] data_length 12 iseq 189
[2026-07-08 17:09:15] begin switch_method
[2026-07-08 17:09:15] find command id515
[2026-07-08 17:09:15] data_length 17 iseq 190
[2026-07-08 17:09:15] buffer is less than sof_index + frame_length(26), buffer size: b'\xa5\x11\x00\xbe\x0f\x01\x02\t\x01\xb8"\xb8"d\x00@\x01x\x00\x00'
[2026-07-08 17:09:15] out while is working
[2026-07-08 17:09:15] data_length 17 iseq 190
[2026-07-08 17:09:15] buffer is less than sof_index + frame_length(26), buffer size: b'\xa5\x11\x00\xbe\x0f\x01\x02\t\x01\xb8"\xb8"d\x00@\x01x\x00\x00\x00'
[2026-07-08 17:09:15] out while is working
[2026-07-08 17:09:15] data_length 17 iseq 190
[2026-07-08 17:09:15] begin switch_method
[2026-07-08 17:09:15] find command id513
[2026-07-08 17:09:15] buffer is less than 5, real size: 0
[2026-07-08 17:09:15] out while is working
[2026-07-08 17:09:15] buffer is less than 5, real size: 0
[2026-07-08 17:09:15] out while is working
[2026-07-08 17:09:15] buffer is less than 5, real size: 0
[2026-07-08 17:09:15] out while is working
[2026-07-08 17:09:15] buffer is less than 5, real size: 0
[2026-07-08 17:09:15] out while is working
[2026-07-08 17:09:15] buffer is less than 5, real size: 0
[2026-07-08 17:09:15] out while is working
[2026-07-08 17:09:15] buffer is less than 5, real size: 0
[2026-07-08 17:09:15] out while is working
[2026-07-08 17:09:15] buffer is less than 5, real size: 0
[2026-07-08 17:09:15] out while is working
[2026-07-08 17:09:15] buffer is less than 5, real size: 0
[2026-07-08 17:09:15] out while is working
[2026-07-08 17:09:15] buffer is less than 5, real size: 0
[2026-07-08 17:09:15] out while is working
[2026-07-08 17:09:15] buffer is less than 5, real size: 0
[2026-07-08 17:09:15] out while is working
[2026-07-08 17:09:15] buffer is less than 5, real size: 1
[2026-07-08 17:09:15] out while is working
[2026-07-08 17:09:15] data_length 14 iseq 191
[2026-07-08 17:09:15] begin switch_method
[2026-07-08 17:09:15] find command id514
[2026-07-08 17:09:15] data_length 17 iseq 192
[2026-07-08 17:09:15] buffer is less than sof_index + frame_length(26), buffer size: b'\xa5\x11\x00\xc0\xe8\x01\x02\t\x01'
[2026-07-08 17:09:15] out while is working
[2026-07-08 17:09:15] data_length 17 iseq 192
[2026-07-08 17:09:15] buffer is less than sof_index + frame_length(26), buffer size: b'\xa5\x11\x00\xc0\xe8\x01\x02\t\x01\xb8'
[2026-07-08 17:09:15] out while is working
[2026-07-08 17:09:15] data_length 17 iseq 192
[2026-07-08 17:09:15] begin switch_method
[2026-07-08 17:09:15] find command id513
[2026-07-08 17:09:15] buffer is less than 5, real size: 0
[2026-07-08 17:09:15] out while is working
[2026-07-08 17:09:16] buffer is less than 5, real size: 0
[2026-07-08 17:09:16] out while is working
[2026-07-08 17:09:16] buffer is less than 5, real size: 0
[2026-07-08 17:09:16] out while is working
[2026-07-08 17:09:16] buffer is less than 5, real size: 0
[2026-07-08 17:09:16] out while is working
[2026-07-08 17:09:16] buffer is less than 5, real size: 0
[2026-07-08 17:09:16] out while is working
[2026-07-08 17:09:16] buffer is less than 5, real size: 0
[2026-07-08 17:09:16] out while is working
[2026-07-08 17:09:16] buffer is less than 5, real size: 0
[2026-07-08 17:09:16] out while is working
[2026-07-08 17:09:16] buffer is less than 5, real size: 1
[2026-07-08 17:09:16] out while is working
[2026-07-08 17:09:16] data_length 5 iseq 193
[2026-07-08 17:09:16] begin switch_method
[2026-07-08 17:09:16] find command id521
[2026-07-08 17:09:16] buffer is less than 5, real size: 0
[2026-07-08 17:09:16] out while is working
[2026-07-08 17:09:16] buffer is less than 5, real size: 0
[2026-07-08 17:09:16] out while is working
[2026-07-08 17:09:16] buffer is less than 5, real size: 0
[2026-07-08 17:09:16] out while is working
[2026-07-08 17:09:16] buffer is less than 5, real size: 1
[2026-07-08 17:09:16] out while is working
[2026-07-08 17:09:16] data_length 14 iseq 194
[2026-07-08 17:09:16] begin switch_method
[2026-07-08 17:09:16] find command id514
[2026-07-08 17:09:16] data_length 17 iseq 195
[2026-07-08 17:09:16] buffer is less than sof_index + frame_length(26), buffer size: b'\xa5\x11\x00\xc3\n\x01\x02\t\x01'
[2026-07-08 17:09:16] out while is working
[2026-07-08 17:09:16] data_length 17 iseq 195
[2026-07-08 17:09:16] buffer is less than sof_index + frame_length(26), buffer size: b'\xa5\x11\x00\xc3\n\x01\x02\t\x01\xb8'
[2026-07-08 17:09:16] out while is working
[2026-07-08 17:09:16] data_length 17 iseq 195
[2026-07-08 17:09:16] begin switch_method
[2026-07-08 17:09:16] find command id513
[2026-07-08 17:09:16] buffer is less than 5, real size: 0
[2026-07-08 17:09:16] out while is working
[2026-07-08 17:09:16] buffer is less than 5, real size: 0
[2026-07-08 17:09:16] out while is working
[2026-07-08 17:09:16] buffer is less than 5, real size: 0
[2026-07-08 17:09:16] out while is working
[2026-07-08 17:09:16] buffer is less than 5, real size: 0
[2026-07-08 17:09:16] out while is working
[2026-07-08 17:09:16] buffer is less than 5, real size: 0
[2026-07-08 17:09:16] out while is working
[2026-07-08 17:09:16] buffer is less than 5, real size: 0
[2026-07-08 17:09:16] out while is working
[2026-07-08 17:09:16] buffer is less than 5, real size: 0
[2026-07-08 17:09:16] out while is working
[2026-07-08 17:09:16] buffer is less than 5, real size: 0
[2026-07-08 17:09:16] out while is working
[2026-07-08 17:09:16] buffer is less than 5, real size: 0
[2026-07-08 17:09:16] out while is working
[2026-07-08 17:09:16] buffer is less than 5, real size: 0
[2026-07-08 17:09:16] out while is working
[2026-07-08 17:09:16] buffer is less than 5, real size: 0
[2026-07-08 17:09:16] out while is working
[2026-07-08 17:09:16] buffer is less than 5, real size: 1
[2026-07-08 17:09:16] out while is working
[2026-07-08 17:09:16] data_length 14 iseq 196
[2026-07-08 17:09:16] begin switch_method
[2026-07-08 17:09:16] find command id514
[2026-07-08 17:09:16] data_length 17 iseq 197
[2026-07-08 17:09:16] buffer is less than sof_index + frame_length(26), buffer size: b'\xa5\x11\x00\xc5\xd7\x01\x02\t\x01'
[2026-07-08 17:09:16] out while is working
[2026-07-08 17:09:16] data_length 17 iseq 197
[2026-07-08 17:09:16] buffer is less than sof_index + frame_length(26), buffer size: b'\xa5\x11\x00\xc5\xd7\x01\x02\t\x01\xb8'
[2026-07-08 17:09:16] out while is working
[2026-07-08 17:09:16] data_length 17 iseq 197
[2026-07-08 17:09:16] begin switch_method
[2026-07-08 17:09:16] find command id513
[2026-07-08 17:09:16] buffer is less than 5, real size: 0
[2026-07-08 17:09:16] out while is working
[2026-07-08 17:09:16] buffer is less than 5, real size: 0
[2026-07-08 17:09:16] out while is working
[2026-07-08 17:09:16] buffer is less than 5, real size: 0
[2026-07-08 17:09:16] out while is working
[2026-07-08 17:09:16] buffer is less than 5, real size: 0
[2026-07-08 17:09:16] out while is working
[2026-07-08 17:09:16] buffer is less than 5, real size: 0
[2026-07-08 17:09:16] out while is working
[2026-07-08 17:09:16] buffer is less than 5, real size: 0
[2026-07-08 17:09:16] out while is working
[2026-07-08 17:09:16] buffer is less than 5, real size: 0
[2026-07-08 17:09:16] out while is working
[2026-07-08 17:09:16] buffer is less than 5, real size: 0
[2026-07-08 17:09:16] out while is working
[2026-07-08 17:09:16] buffer is less than 5, real size: 0
[2026-07-08 17:09:16] out while is working
[2026-07-08 17:09:16] buffer is less than 5, real size: 0
[2026-07-08 17:09:16] out while is working
[2026-07-08 17:09:16] buffer is less than 5, real size: 1
[2026-07-08 17:09:16] out while is working
[2026-07-08 17:09:16] data_length 14 iseq 198
[2026-07-08 17:09:16] begin switch_method
[2026-07-08 17:09:16] find command id514
[2026-07-08 17:09:16] data_length 17 iseq 199
[2026-07-08 17:09:16] buffer is less than sof_index + frame_length(26), buffer size: b'\xa5\x11\x00\xc7k\x01\x02\t\x01'
[2026-07-08 17:09:16] out while is working
[2026-07-08 17:09:16] data_length 17 iseq 199
[2026-07-08 17:09:16] buffer is less than sof_index + frame_length(26), buffer size: b'\xa5\x11\x00\xc7k\x01\x02\t\x01\xb8'
[2026-07-08 17:09:16] out while is working
[2026-07-08 17:09:16] data_length 17 iseq 199
[2026-07-08 17:09:16] begin switch_method
[2026-07-08 17:09:16] find command id513
[2026-07-08 17:09:16] buffer is less than 5, real size: 0
[2026-07-08 17:09:16] out while is working
[2026-07-08 17:09:16] buffer is less than 5, real size: 0
[2026-07-08 17:09:16] out while is working
[2026-07-08 17:09:16] buffer is less than 5, real size: 0
[2026-07-08 17:09:16] out while is working
[2026-07-08 17:09:16] buffer is less than 5, real size: 0
[2026-07-08 17:09:16] out while is working
[2026-07-08 17:09:16] buffer is less than 5, real size: 0
[2026-07-08 17:09:16] out while is working
[2026-07-08 17:09:16] buffer is less than 5, real size: 1
[2026-07-08 17:09:16] out while is working
[2026-07-08 17:09:16] data_length 5 iseq 200
[2026-07-08 17:09:16] begin switch_method
[2026-07-08 17:09:16] find command id521
[2026-07-08 17:09:16] buffer is less than 5, real size: 0
[2026-07-08 17:09:16] out while is working
[2026-07-08 17:09:16] buffer is less than 5, real size: 0
[2026-07-08 17:09:16] out while is working
[2026-07-08 17:09:16] buffer is less than 5, real size: 0
[2026-07-08 17:09:16] out while is working
[2026-07-08 17:09:16] buffer is less than 5, real size: 0
[2026-07-08 17:09:16] out while is working
[2026-07-08 17:09:16] buffer is less than 5, real size: 0
[2026-07-08 17:09:16] out while is working
[2026-07-08 17:09:16] buffer is less than 5, real size: 1
[2026-07-08 17:09:16] out while is working
[2026-07-08 17:09:16] data_length 14 iseq 201
[2026-07-08 17:09:16] begin switch_method
[2026-07-08 17:09:16] find command id514
[2026-07-08 17:09:16] data_length 17 iseq 202
[2026-07-08 17:09:16] buffer is less than sof_index + frame_length(26), buffer size: b'\xa5\x11\x00\xca\x96\x01\x02\t\x01'
[2026-07-08 17:09:16] out while is working
[2026-07-08 17:09:16] data_length 17 iseq 202
[2026-07-08 17:09:16] buffer is less than sof_index + frame_length(26), buffer size: b'\xa5\x11\x00\xca\x96\x01\x02\t\x01\xb8'
[2026-07-08 17:09:16] out while is working
[2026-07-08 17:09:16] data_length 17 iseq 202
[2026-07-08 17:09:16] begin switch_method
[2026-07-08 17:09:16] find command id513
[2026-07-08 17:09:16] buffer is less than 5, real size: 0
[2026-07-08 17:09:16] out while is working
[2026-07-08 17:09:16] buffer is less than 5, real size: 0
[2026-07-08 17:09:16] out while is working
[2026-07-08 17:09:16] buffer is less than 5, real size: 0
[2026-07-08 17:09:16] out while is working
[2026-07-08 17:09:16] buffer is less than 5, real size: 0
[2026-07-08 17:09:16] out while is working
[2026-07-08 17:09:16] buffer is less than 5, real size: 0
[2026-07-08 17:09:16] out while is working
[2026-07-08 17:09:16] buffer is less than 5, real size: 0
[2026-07-08 17:09:16] out while is working
[2026-07-08 17:09:16] buffer is less than 5, real size: 0
[2026-07-08 17:09:16] out while is working
[2026-07-08 17:09:16] buffer is less than 5, real size: 0
[2026-07-08 17:09:16] out while is working
[2026-07-08 17:09:16] buffer is less than 5, real size: 0
[2026-07-08 17:09:16] out while is working
[2026-07-08 17:09:16] buffer is less than 5, real size: 0
[2026-07-08 17:09:16] out while is working
[2026-07-08 17:09:16] buffer is less than 5, real size: 1
[2026-07-08 17:09:16] out while is working
[2026-07-08 17:09:16] data_length 14 iseq 203
[2026-07-08 17:09:16] begin switch_method
[2026-07-08 17:09:16] find command id514
[2026-07-08 17:09:16] data_length 17 iseq 204
[2026-07-08 17:09:16] buffer is less than sof_index + frame_length(26), buffer size: b'\xa5\x11\x00\xccK\x01\x02\t\x01'
[2026-07-08 17:09:16] out while is working
[2026-07-08 17:09:16] data_length 17 iseq 204
[2026-07-08 17:09:16] buffer is less than sof_index + frame_length(26), buffer size: b'\xa5\x11\x00\xccK\x01\x02\t\x01\xb8'
[2026-07-08 17:09:16] out while is working
[2026-07-08 17:09:16] data_length 17 iseq 204
[2026-07-08 17:09:16] begin switch_method
[2026-07-08 17:09:16] find command id513
[2026-07-08 17:09:16] buffer is less than 5, real size: 0
[2026-07-08 17:09:16] out while is working
[2026-07-08 17:09:16] buffer is less than 5, real size: 0
[2026-07-08 17:09:16] out while is working
[2026-07-08 17:09:16] buffer is less than 5, real size: 0
[2026-07-08 17:09:16] out while is working
[2026-07-08 17:09:16] buffer is less than 5, real size: 0
[2026-07-08 17:09:16] out while is working
[2026-07-08 17:09:16] buffer is less than 5, real size: 0
[2026-07-08 17:09:16] out while is working
[2026-07-08 17:09:16] buffer is less than 5, real size: 0
[2026-07-08 17:09:16] out while is working
[2026-07-08 17:09:16] buffer is less than 5, real size: 0
[2026-07-08 17:09:16] out while is working
[2026-07-08 17:09:16] buffer is less than 5, real size: 0
[2026-07-08 17:09:16] out while is working
[2026-07-08 17:09:16] buffer is less than 5, real size: 0
[2026-07-08 17:09:16] out while is working
[2026-07-08 17:09:16] buffer is less than 5, real size: 0
[2026-07-08 17:09:16] out while is working
[2026-07-08 17:09:16] buffer is less than 5, real size: 1
[2026-07-08 17:09:16] out while is working
[2026-07-08 17:09:16] data_length 14 iseq 205
[2026-07-08 17:09:16] begin switch_method
[2026-07-08 17:09:16] find command id514
[2026-07-08 17:09:16] data_length 17 iseq 206
[2026-07-08 17:09:16] buffer is less than sof_index + frame_length(26), buffer size: b'\xa5\x11\x00\xce\xf7\x01\x02\t\x01'
[2026-07-08 17:09:16] out while is working
[2026-07-08 17:09:16] data_length 17 iseq 206
[2026-07-08 17:09:16] buffer is less than sof_index + frame_length(26), buffer size: b'\xa5\x11\x00\xce\xf7\x01\x02\t\x01\xb8'
[2026-07-08 17:09:16] out while is working
[2026-07-08 17:09:16] data_length 17 iseq 206
[2026-07-08 17:09:16] begin switch_method
[2026-07-08 17:09:16] find command id513
[2026-07-08 17:09:16] buffer is less than 5, real size: 0
[2026-07-08 17:09:16] out while is working
[2026-07-08 17:09:16] buffer is less than 5, real size: 0
[2026-07-08 17:09:16] out while is working
[2026-07-08 17:09:16] buffer is less than 5, real size: 0
[2026-07-08 17:09:16] out while is working
[2026-07-08 17:09:16] buffer is less than 5, real size: 0
[2026-07-08 17:09:16] out while is working
[2026-07-08 17:09:16] buffer is less than 5, real size: 1
[2026-07-08 17:09:16] out while is working
[2026-07-08 17:09:16] data_length 5 iseq 207
[2026-07-08 17:09:16] begin switch_method
[2026-07-08 17:09:16] find command id521
[2026-07-08 17:09:16] buffer is less than 5, real size: 0
[2026-07-08 17:09:16] out while is working
[2026-07-08 17:09:16] buffer is less than 5, real size: 0
[2026-07-08 17:09:16] out while is working
[2026-07-08 17:09:16] buffer is less than 5, real size: 0
[2026-07-08 17:09:16] out while is working
[2026-07-08 17:09:16] buffer is less than 5, real size: 0
[2026-07-08 17:09:16] out while is working
[2026-07-08 17:09:16] buffer is less than 5, real size: 0
[2026-07-08 17:09:16] out while is working
[2026-07-08 17:09:16] buffer is less than 5, real size: 0
[2026-07-08 17:09:16] out while is working
[2026-07-08 17:09:16] buffer is less than 5, real size: 0
[2026-07-08 17:09:16] out while is working
[2026-07-08 17:09:16] buffer is less than 5, real size: 1
[2026-07-08 17:09:16] out while is working
[2026-07-08 17:09:16] data_length 14 iseq 208
[2026-07-08 17:09:16] begin switch_method
[2026-07-08 17:09:16] find command id514
[2026-07-08 17:09:16] buffer is less than 5, real size: 0
[2026-07-08 17:09:16] out while is working
[2026-07-08 17:09:16] buffer is less than 5, real size: 0
[2026-07-08 17:09:16] out while is working
[2026-07-08 17:09:16] buffer is less than 5, real size: 0
[2026-07-08 17:09:16] out while is working
[2026-07-08 17:09:16] buffer is less than 5, real size: 1
[2026-07-08 17:09:16] out while is working
[2026-07-08 17:09:16] data_length 17 iseq 209
[2026-07-08 17:09:16] begin switch_method
[2026-07-08 17:09:16] find command id513
[2026-07-08 17:09:16] buffer is less than 5, real size: 0
[2026-07-08 17:09:16] out while is working
[2026-07-08 17:09:16] buffer is less than 5, real size: 0
[2026-07-08 17:09:16] out while is working
[2026-07-08 17:09:16] buffer is less than 5, real size: 1
[2026-07-08 17:09:16] out while is working
[2026-07-08 17:09:16] data_length 2 iseq 210
[2026-07-08 17:09:16] begin switch_method
[2026-07-08 17:09:16] find command id524
[2026-07-08 17:09:16] Mark process: [0, 0, 0, 0, 0, 0] (raw bits: 0000000000000000)
[2026-07-08 17:09:16] data_length 4 iseq 211
[2026-07-08 17:09:16] begin switch_method
[2026-07-08 17:09:16] find command id257
[2026-07-08 17:09:16] buffer is less than 5, real size: 0
[2026-07-08 17:09:16] out while is working
[2026-07-08 17:09:16] buffer is less than 5, real size: 1
[2026-07-08 17:09:16] out while is working
[2026-07-08 17:09:16] data_length 11 iseq 212
[2026-07-08 17:09:16] begin switch_method
[2026-07-08 17:09:16] find command id1
[2026-07-08 17:09:16] data_length 3 iseq 213
[2026-07-08 17:09:16] begin switch_method
[2026-07-08 17:09:16] find command id261
[2026-07-08 17:09:16] Dart target: 0
[2026-07-08 17:09:16] buffer is less than 5, real size: 0
[2026-07-08 17:09:16] out while is working
[2026-07-08 17:09:16] buffer is less than 5, real size: 1
[2026-07-08 17:09:16] out while is working
[2026-07-08 17:09:16] data_length 1 iseq 214
[2026-07-08 17:09:16] begin switch_method
[2026-07-08 17:09:16] find command id526
[2026-07-08 17:09:16] Double effect chance: 0, is double effect active: 0
[2026-07-08 17:09:16] Interference level: 1, is key updated: 1
[2026-07-08 17:09:16] buffer is less than 5, real size: 0
[2026-07-08 17:09:16] out while is working
[2026-07-08 17:09:16] buffer is less than 5, real size: 0
[2026-07-08 17:09:16] out while is working
[2026-07-08 17:09:16] buffer is less than 5, real size: 0
[2026-07-08 17:09:16] out while is working
[2026-07-08 17:09:16] buffer is less than 5, real size: 0
[2026-07-08 17:09:16] out while is working
[2026-07-08 17:09:16] buffer is less than 5, real size: 0
[2026-07-08 17:09:16] out while is working
[2026-07-08 17:09:16] buffer is less than 5, real size: 0
[2026-07-08 17:09:16] out while is working
[2026-07-08 17:09:16] data_length 14 iseq 215
[2026-07-08 17:09:16] begin switch_method
[2026-07-08 17:09:16] find command id514
[2026-07-08 17:09:16] data_length 17 iseq 216
[2026-07-08 17:09:16] buffer is less than sof_index + frame_length(26), buffer size: b'\xa5\x11\x00\xd8\xb7\x01\x02\t\x01'
[2026-07-08 17:09:16] out while is working
[2026-07-08 17:09:16] data_length 17 iseq 216
[2026-07-08 17:09:16] buffer is less than sof_index + frame_length(26), buffer size: b'\xa5\x11\x00\xd8\xb7\x01\x02\t\x01\xb8'
[2026-07-08 17:09:16] out while is working
[2026-07-08 17:09:16] data_length 17 iseq 216
[2026-07-08 17:09:16] begin switch_method
[2026-07-08 17:09:16] find command id513
[2026-07-08 17:09:16] buffer is less than 5, real size: 0
[2026-07-08 17:09:16] out while is working
[2026-07-08 17:09:16] buffer is less than 5, real size: 0
[2026-07-08 17:09:16] out while is working
[2026-07-08 17:09:16] buffer is less than 5, real size: 0
[2026-07-08 17:09:16] out while is working
[2026-07-08 17:09:16] buffer is less than 5, real size: 0
[2026-07-08 17:09:16] out while is working
[2026-07-08 17:09:16] buffer is less than 5, real size: 0
[2026-07-08 17:09:16] out while is working
[2026-07-08 17:09:16] buffer is less than 5, real size: 0
[2026-07-08 17:09:16] out while is working
[2026-07-08 17:09:16] buffer is less than 5, real size: 0
[2026-07-08 17:09:16] out while is working
[2026-07-08 17:09:16] buffer is less than 5, real size: 0
[2026-07-08 17:09:16] out while is working
[2026-07-08 17:09:16] buffer is less than 5, real size: 0
[2026-07-08 17:09:16] out while is working
[2026-07-08 17:09:16] buffer is less than 5, real size: 0
[2026-07-08 17:09:16] out while is working
[2026-07-08 17:09:16] buffer is less than 5, real size: 1
[2026-07-08 17:09:16] out while is working
[2026-07-08 17:09:16] data_length 14 iseq 217
[2026-07-08 17:09:16] begin switch_method
[2026-07-08 17:09:16] find command id514
[2026-07-08 17:09:16] data_length 12 iseq 218
[2026-07-08 17:09:16] buffer is less than sof_index + frame_length(21), buffer size: b'\xa5\x0c\x00\xdaQ\x03\x02\x00\x00'
[2026-07-08 17:09:16] out while is working
[2026-07-08 17:09:16] data_length 12 iseq 218
[2026-07-08 17:09:16] buffer is less than sof_index + frame_length(21), buffer size: b'\xa5\x0c\x00\xdaQ\x03\x02\x00\x00\x00'
[2026-07-08 17:09:16] out while is working
[2026-07-08 17:09:16] data_length 12 iseq 218
[2026-07-08 17:09:16] begin switch_method
[2026-07-08 17:09:16] find command id515
[2026-07-08 17:09:16] data_length 17 iseq 219
[2026-07-08 17:09:16] buffer is less than sof_index + frame_length(26), buffer size: b'\xa5\x11\x00\xdbU\x01\x02\t\x01\xb8"\xb8"d\x00@\x01x\x00\x00'
[2026-07-08 17:09:16] out while is working
[2026-07-08 17:09:16] data_length 17 iseq 219
[2026-07-08 17:09:16] buffer is less than sof_index + frame_length(26), buffer size: b'\xa5\x11\x00\xdbU\x01\x02\t\x01\xb8"\xb8"d\x00@\x01x\x00\x00\x00'
[2026-07-08 17:09:16] out while is working
[2026-07-08 17:09:16] data_length 17 iseq 219
[2026-07-08 17:09:16] begin switch_method
[2026-07-08 17:09:16] find command id513
[2026-07-08 17:09:16] buffer is less than 5, real size: 0
[2026-07-08 17:09:16] out while is working
[2026-07-08 17:09:16] buffer is less than 5, real size: 0
[2026-07-08 17:09:16] out while is working
[2026-07-08 17:09:16] buffer is less than 5, real size: 0
[2026-07-08 17:09:16] out while is working
[2026-07-08 17:09:16] buffer is less than 5, real size: 0
[2026-07-08 17:09:16] out while is working
[2026-07-08 17:09:16] buffer is less than 5, real size: 1
[2026-07-08 17:09:16] out while is working
[2026-07-08 17:09:16] data_length 5 iseq 220
[2026-07-08 17:09:16] begin switch_method
[2026-07-08 17:09:16] find command id521
[2026-07-08 17:09:16] buffer is less than 5, real size: 0
[2026-07-08 17:09:16] out while is working
[2026-07-08 17:09:16] buffer is less than 5, real size: 0
[2026-07-08 17:09:16] out while is working
[2026-07-08 17:09:16] buffer is less than 5, real size: 0
[2026-07-08 17:09:16] out while is working
[2026-07-08 17:09:16] buffer is less than 5, real size: 0
[2026-07-08 17:09:16] out while is working
[2026-07-08 17:09:16] buffer is less than 5, real size: 0
[2026-07-08 17:09:16] out while is working
[2026-07-08 17:09:17] buffer is less than 5, real size: 0
[2026-07-08 17:09:17] out while is working
[2026-07-08 17:09:17] buffer is less than 5, real size: 0
[2026-07-08 17:09:17] out while is working
[2026-07-08 17:09:17] buffer is less than 5, real size: 1
[2026-07-08 17:09:17] out while is working
[2026-07-08 17:09:17] data_length 14 iseq 221
[2026-07-08 17:09:17] begin switch_method
[2026-07-08 17:09:17] find command id514
[2026-07-08 17:09:17] data_length 17 iseq 222
[2026-07-08 17:09:17] buffer is less than sof_index + frame_length(26), buffer size: b'\xa5\x11\x00\xdej\x01\x02\t\x01'
[2026-07-08 17:09:17] out while is working
[2026-07-08 17:09:17] data_length 17 iseq 222
[2026-07-08 17:09:17] buffer is less than sof_index + frame_length(26), buffer size: b'\xa5\x11\x00\xdej\x01\x02\t\x01\xb8'
[2026-07-08 17:09:17] out while is working
[2026-07-08 17:09:17] data_length 17 iseq 222
[2026-07-08 17:09:17] begin switch_method
[2026-07-08 17:09:17] find command id513
[2026-07-08 17:09:17] buffer is less than 5, real size: 0
[2026-07-08 17:09:17] out while is working
[2026-07-08 17:09:17] buffer is less than 5, real size: 0
[2026-07-08 17:09:17] out while is working
[2026-07-08 17:09:17] buffer is less than 5, real size: 0
[2026-07-08 17:09:17] out while is working
[2026-07-08 17:09:17] buffer is less than 5, real size: 0
[2026-07-08 17:09:17] out while is working
[2026-07-08 17:09:17] buffer is less than 5, real size: 0
[2026-07-08 17:09:17] out while is working
[2026-07-08 17:09:17] buffer is less than 5, real size: 0
[2026-07-08 17:09:17] out while is working
[2026-07-08 17:09:17] buffer is less than 5, real size: 0
[2026-07-08 17:09:17] out while is working
[2026-07-08 17:09:17] buffer is less than 5, real size: 0
[2026-07-08 17:09:17] out while is working
[2026-07-08 17:09:17] buffer is less than 5, real size: 0
[2026-07-08 17:09:17] out while is working
[2026-07-08 17:09:17] buffer is less than 5, real size: 0
[2026-07-08 17:09:17] out while is working
[2026-07-08 17:09:17] buffer is less than 5, real size: 1
[2026-07-08 17:09:17] out while is working
[2026-07-08 17:09:17] data_length 14 iseq 223
[2026-07-08 17:09:17] begin switch_method
[2026-07-08 17:09:17] find command id514
[2026-07-08 17:09:17] data_length 17 iseq 224
[2026-07-08 17:09:17] buffer is less than sof_index + frame_length(26), buffer size: b'\xa5\x11\x00\xe0\xcb\x01\x02\t\x01'
[2026-07-08 17:09:17] out while is working
[2026-07-08 17:09:17] data_length 17 iseq 224
[2026-07-08 17:09:17] buffer is less than sof_index + frame_length(26), buffer size: b'\xa5\x11\x00\xe0\xcb\x01\x02\t\x01\xb8'
[2026-07-08 17:09:17] out while is working
[2026-07-08 17:09:17] data_length 17 iseq 224
[2026-07-08 17:09:17] begin switch_method
[2026-07-08 17:09:17] find command id513
[2026-07-08 17:09:17] buffer is less than 5, real size: 0
[2026-07-08 17:09:17] out while is working
[2026-07-08 17:09:17] buffer is less than 5, real size: 0
[2026-07-08 17:09:17] out while is working
[2026-07-08 17:09:17] buffer is less than 5, real size: 0
[2026-07-08 17:09:17] out while is working
[2026-07-08 17:09:17] buffer is less than 5, real size: 0
[2026-07-08 17:09:17] out while is working
[2026-07-08 17:09:17] buffer is less than 5, real size: 0
[2026-07-08 17:09:17] out while is working
[2026-07-08 17:09:17] buffer is less than 5, real size: 0
[2026-07-08 17:09:17] out while is working
[2026-07-08 17:09:17] buffer is less than 5, real size: 0
[2026-07-08 17:09:17] out while is working
[2026-07-08 17:09:17] buffer is less than 5, real size: 0
[2026-07-08 17:09:17] out while is working
[2026-07-08 17:09:17] buffer is less than 5, real size: 0
[2026-07-08 17:09:17] out while is working
[2026-07-08 17:09:17] buffer is less than 5, real size: 0
[2026-07-08 17:09:17] out while is working
[2026-07-08 17:09:17] buffer is less than 5, real size: 1
[2026-07-08 17:09:17] out while is working
[2026-07-08 17:09:17] data_length 14 iseq 225
[2026-07-08 17:09:17] begin switch_method
[2026-07-08 17:09:17] find command id514
[2026-07-08 17:09:17] data_length 17 iseq 226
[2026-07-08 17:09:17] buffer is less than sof_index + frame_length(26), buffer size: b'\xa5\x11\x00\xe2w\x01\x02\t\x01'
[2026-07-08 17:09:17] out while is working
[2026-07-08 17:09:17] data_length 17 iseq 226
[2026-07-08 17:09:17] buffer is less than sof_index + frame_length(26), buffer size: b'\xa5\x11\x00\xe2w\x01\x02\t\x01\xb8'
[2026-07-08 17:09:17] out while is working
[2026-07-08 17:09:17] data_length 17 iseq 226
[2026-07-08 17:09:17] begin switch_method
[2026-07-08 17:09:17] find command id513
[2026-07-08 17:09:17] buffer is less than 5, real size: 0
[2026-07-08 17:09:17] out while is working
[2026-07-08 17:09:17] buffer is less than 5, real size: 0
[2026-07-08 17:09:17] out while is working
[2026-07-08 17:09:17] buffer is less than 5, real size: 0
[2026-07-08 17:09:17] out while is working
[2026-07-08 17:09:17] buffer is less than 5, real size: 1
[2026-07-08 17:09:17] out while is working
[2026-07-08 17:09:17] data_length 5 iseq 227
[2026-07-08 17:09:17] begin switch_method
[2026-07-08 17:09:17] find command id521
[2026-07-08 17:09:17] buffer is less than 5, real size: 0
[2026-07-08 17:09:17] out while is working
[2026-07-08 17:09:17] buffer is less than 5, real size: 0
[2026-07-08 17:09:17] out while is working
[2026-07-08 17:09:17] buffer is less than 5, real size: 0
[2026-07-08 17:09:17] out while is working
[2026-07-08 17:09:17] buffer is less than 5, real size: 0
[2026-07-08 17:09:17] out while is working
[2026-07-08 17:09:17] buffer is less than 5, real size: 0
[2026-07-08 17:09:17] out while is working
[2026-07-08 17:09:17] buffer is less than 5, real size: 0
[2026-07-08 17:09:17] out while is working
[2026-07-08 17:09:17] buffer is less than 5, real size: 0
[2026-07-08 17:09:17] out while is working
[2026-07-08 17:09:17] buffer is less than 5, real size: 1
[2026-07-08 17:09:17] out while is working
[2026-07-08 17:09:17] data_length 14 iseq 228
[2026-07-08 17:09:17] begin switch_method
[2026-07-08 17:09:17] find command id514
[2026-07-08 17:09:17] data_length 17 iseq 229
[2026-07-08 17:09:17] buffer is less than sof_index + frame_length(26), buffer size: b'\xa5\x11\x00\xe5\xf4\x01\x02\t\x01'
[2026-07-08 17:09:17] out while is working
[2026-07-08 17:09:17] data_length 17 iseq 229
[2026-07-08 17:09:17] buffer is less than sof_index + frame_length(26), buffer size: b'\xa5\x11\x00\xe5\xf4\x01\x02\t\x01\xb8'
[2026-07-08 17:09:17] out while is working
[2026-07-08 17:09:17] data_length 17 iseq 229
[2026-07-08 17:09:17] begin switch_method
[2026-07-08 17:09:17] find command id513
[2026-07-08 17:09:17] buffer is less than 5, real size: 0
[2026-07-08 17:09:17] out while is working
[2026-07-08 17:09:17] buffer is less than 5, real size: 0
[2026-07-08 17:09:17] out while is working
[2026-07-08 17:09:17] buffer is less than 5, real size: 0
[2026-07-08 17:09:17] out while is working
[2026-07-08 17:09:17] buffer is less than 5, real size: 0
[2026-07-08 17:09:17] out while is working
[2026-07-08 17:09:17] buffer is less than 5, real size: 0
[2026-07-08 17:09:17] out while is working
[2026-07-08 17:09:17] buffer is less than 5, real size: 0
[2026-07-08 17:09:17] out while is working
[2026-07-08 17:09:17] buffer is less than 5, real size: 0
[2026-07-08 17:09:17] out while is working
[2026-07-08 17:09:17] buffer is less than 5, real size: 0
[2026-07-08 17:09:17] out while is working
[2026-07-08 17:09:17] buffer is less than 5, real size: 0
[2026-07-08 17:09:17] out while is working
[2026-07-08 17:09:17] buffer is less than 5, real size: 0
[2026-07-08 17:09:17] out while is working
[2026-07-08 17:09:17] buffer is less than 5, real size: 1
[2026-07-08 17:09:17] out while is working
[2026-07-08 17:09:17] data_length 14 iseq 230
[2026-07-08 17:09:17] begin switch_method
[2026-07-08 17:09:17] find command id514
[2026-07-08 17:09:17] data_length 17 iseq 231
[2026-07-08 17:09:17] buffer is less than sof_index + frame_length(26), buffer size: b'\xa5\x11\x00\xe7H\x01\x02\t\x01'
[2026-07-08 17:09:17] out while is working
[2026-07-08 17:09:17] data_length 17 iseq 231
[2026-07-08 17:09:17] buffer is less than sof_index + frame_length(26), buffer size: b'\xa5\x11\x00\xe7H\x01\x02\t\x01\xb8'
[2026-07-08 17:09:17] out while is working
[2026-07-08 17:09:17] data_length 17 iseq 231
[2026-07-08 17:09:17] begin switch_method
[2026-07-08 17:09:17] find command id513
[2026-07-08 17:09:17] buffer is less than 5, real size: 0
[2026-07-08 17:09:17] out while is working
[2026-07-08 17:09:17] buffer is less than 5, real size: 0
[2026-07-08 17:09:17] out while is working
[2026-07-08 17:09:17] buffer is less than 5, real size: 0
[2026-07-08 17:09:17] out while is working
[2026-07-08 17:09:17] buffer is less than 5, real size: 0
[2026-07-08 17:09:17] out while is working
[2026-07-08 17:09:17] buffer is less than 5, real size: 0
[2026-07-08 17:09:17] out while is working
[2026-07-08 17:09:17] buffer is less than 5, real size: 0
[2026-07-08 17:09:17] out while is working
[2026-07-08 17:09:17] buffer is less than 5, real size: 0
[2026-07-08 17:09:17] out while is working
[2026-07-08 17:09:17] buffer is less than 5, real size: 0
[2026-07-08 17:09:17] out while is working
[2026-07-08 17:09:17] buffer is less than 5, real size: 0
[2026-07-08 17:09:17] out while is working
[2026-07-08 17:09:17] buffer is less than 5, real size: 0
[2026-07-08 17:09:17] out while is working
[2026-07-08 17:09:17] buffer is less than 5, real size: 1
[2026-07-08 17:09:17] out while is working
[2026-07-08 17:09:17] data_length 14 iseq 232
[2026-07-08 17:09:17] begin switch_method
[2026-07-08 17:09:17] find command id514
[2026-07-08 17:09:17] data_length 17 iseq 233
[2026-07-08 17:09:17] buffer is less than sof_index + frame_length(26), buffer size: b'\xa5\x11\x00\xe9W\x01\x02\t\x01'
[2026-07-08 17:09:17] out while is working
[2026-07-08 17:09:17] data_length 17 iseq 233
[2026-07-08 17:09:17] buffer is less than sof_index + frame_length(26), buffer size: b'\xa5\x11\x00\xe9W\x01\x02\t\x01\xb8'
[2026-07-08 17:09:17] out while is working
[2026-07-08 17:09:17] data_length 17 iseq 233
[2026-07-08 17:09:17] begin switch_method
[2026-07-08 17:09:17] find command id513
[2026-07-08 17:09:17] buffer is less than 5, real size: 0
[2026-07-08 17:09:17] out while is working
[2026-07-08 17:09:17] buffer is less than 5, real size: 0
[2026-07-08 17:09:17] out while is working
[2026-07-08 17:09:17] buffer is less than 5, real size: 0
[2026-07-08 17:09:17] out while is working
[2026-07-08 17:09:17] buffer is less than 5, real size: 0
[2026-07-08 17:09:17] out while is working
[2026-07-08 17:09:17] buffer is less than 5, real size: 0
[2026-07-08 17:09:17] out while is working
[2026-07-08 17:09:17] buffer is less than 5, real size: 1
[2026-07-08 17:09:17] out while is working
[2026-07-08 17:09:17] data_length 5 iseq 234
[2026-07-08 17:09:17] begin switch_method
[2026-07-08 17:09:17] find command id521
[2026-07-08 17:09:17] buffer is less than 5, real size: 0
[2026-07-08 17:09:17] out while is working
[2026-07-08 17:09:17] buffer is less than 5, real size: 0
[2026-07-08 17:09:17] out while is working
[2026-07-08 17:09:17] buffer is less than 5, real size: 0
[2026-07-08 17:09:17] out while is working
[2026-07-08 17:09:17] buffer is less than 5, real size: 0
[2026-07-08 17:09:17] out while is working
[2026-07-08 17:09:17] buffer is less than 5, real size: 0
[2026-07-08 17:09:17] out while is working
[2026-07-08 17:09:17] buffer is less than 5, real size: 1
[2026-07-08 17:09:17] out while is working
[2026-07-08 17:09:17] data_length 14 iseq 235
[2026-07-08 17:09:17] begin switch_method
[2026-07-08 17:09:17] find command id514
[2026-07-08 17:09:17] data_length 17 iseq 236
[2026-07-08 17:09:17] buffer is less than sof_index + frame_length(26), buffer size: b'\xa5\x11\x00\xech\x01\x02\t\x01'
[2026-07-08 17:09:17] out while is working
[2026-07-08 17:09:17] data_length 17 iseq 236
[2026-07-08 17:09:17] buffer is less than sof_index + frame_length(26), buffer size: b'\xa5\x11\x00\xech\x01\x02\t\x01\xb8'
[2026-07-08 17:09:17] out while is working
[2026-07-08 17:09:17] data_length 17 iseq 236
[2026-07-08 17:09:17] begin switch_method
[2026-07-08 17:09:17] find command id513
[2026-07-08 17:09:17] buffer is less than 5, real size: 0
[2026-07-08 17:09:17] out while is working
[2026-07-08 17:09:17] buffer is less than 5, real size: 0
[2026-07-08 17:09:17] out while is working
[2026-07-08 17:09:17] buffer is less than 5, real size: 0
[2026-07-08 17:09:17] out while is working
[2026-07-08 17:09:17] buffer is less than 5, real size: 0
[2026-07-08 17:09:17] out while is working
[2026-07-08 17:09:17] buffer is less than 5, real size: 0
[2026-07-08 17:09:17] out while is working
[2026-07-08 17:09:17] buffer is less than 5, real size: 0
[2026-07-08 17:09:17] out while is working
[2026-07-08 17:09:17] buffer is less than 5, real size: 0
[2026-07-08 17:09:17] out while is working
[2026-07-08 17:09:17] buffer is less than 5, real size: 0
[2026-07-08 17:09:17] out while is working
[2026-07-08 17:09:17] buffer is less than 5, real size: 0
[2026-07-08 17:09:17] out while is working
[2026-07-08 17:09:17] buffer is less than 5, real size: 0
[2026-07-08 17:09:17] out while is working
[2026-07-08 17:09:17] buffer is less than 5, real size: 1
[2026-07-08 17:09:17] out while is working
[2026-07-08 17:09:17] data_length 14 iseq 237
[2026-07-08 17:09:17] begin switch_method
[2026-07-08 17:09:17] find command id514
[2026-07-08 17:09:17] data_length 17 iseq 238
[2026-07-08 17:09:17] buffer is less than sof_index + frame_length(26), buffer size: b'\xa5\x11\x00\xee\xd4\x01\x02\t\x01'
[2026-07-08 17:09:17] out while is working
[2026-07-08 17:09:17] data_length 17 iseq 238
[2026-07-08 17:09:17] buffer is less than sof_index + frame_length(26), buffer size: b'\xa5\x11\x00\xee\xd4\x01\x02\t\x01\xb8'
[2026-07-08 17:09:17] out while is working
[2026-07-08 17:09:17] data_length 17 iseq 238
[2026-07-08 17:09:17] begin switch_method
[2026-07-08 17:09:17] find command id513
[2026-07-08 17:09:17] buffer is less than 5, real size: 0
[2026-07-08 17:09:17] out while is working
[2026-07-08 17:09:17] buffer is less than 5, real size: 0
[2026-07-08 17:09:17] out while is working
[2026-07-08 17:09:17] buffer is less than 5, real size: 1
[2026-07-08 17:09:17] out while is working
[2026-07-08 17:09:17] data_length 2 iseq 239
[2026-07-08 17:09:17] begin switch_method
[2026-07-08 17:09:17] find command id524
[2026-07-08 17:09:17] Mark process: [0, 0, 0, 0, 0, 0] (raw bits: 0000000000000000)
[2026-07-08 17:09:17] data_length 4 iseq 240
[2026-07-08 17:09:17] begin switch_method
[2026-07-08 17:09:17] find command id257
[2026-07-08 17:09:17] data_length 11 iseq 241
[2026-07-08 17:09:17] buffer is less than sof_index + frame_length(20), buffer size: b'\xa5\x0b\x00\xf1(\x01\x00\x01'
[2026-07-08 17:09:17] out while is working
[2026-07-08 17:09:17] data_length 11 iseq 241
[2026-07-08 17:09:17] buffer is less than sof_index + frame_length(20), buffer size: b'\xa5\x0b\x00\xf1(\x01\x00\x01\x00'
[2026-07-08 17:09:17] out while is working
[2026-07-08 17:09:17] data_length 11 iseq 241
[2026-07-08 17:09:17] begin switch_method
[2026-07-08 17:09:17] find command id1
[2026-07-08 17:09:17] data_length 3 iseq 242
[2026-07-08 17:09:17] begin switch_method
[2026-07-08 17:09:17] find command id261
[2026-07-08 17:09:17] Dart target: 0
[2026-07-08 17:09:17] buffer is less than 5, real size: 0
[2026-07-08 17:09:17] out while is working
[2026-07-08 17:09:17] buffer is less than 5, real size: 1
[2026-07-08 17:09:17] out while is working
[2026-07-08 17:09:17] data_length 1 iseq 243
[2026-07-08 17:09:17] begin switch_method
[2026-07-08 17:09:17] find command id526
[2026-07-08 17:09:17] Double effect chance: 0, is double effect active: 0
[2026-07-08 17:09:17] Interference level: 1, is key updated: 1
[2026-07-08 17:09:17] buffer is less than 5, real size: 0
[2026-07-08 17:09:17] out while is working
[2026-07-08 17:09:17] buffer is less than 5, real size: 0
[2026-07-08 17:09:17] out while is working
[2026-07-08 17:09:17] buffer is less than 5, real size: 0
[2026-07-08 17:09:17] out while is working
[2026-07-08 17:09:17] buffer is less than 5, real size: 0
[2026-07-08 17:09:17] out while is working
[2026-07-08 17:09:17] buffer is less than 5, real size: 0
[2026-07-08 17:09:17] out while is working
[2026-07-08 17:09:17] buffer is less than 5, real size: 0
[2026-07-08 17:09:17] out while is working
[2026-07-08 17:09:17] buffer is less than 5, real size: 0
[2026-07-08 17:09:17] out while is working
[2026-07-08 17:09:17] buffer is less than 5, real size: 1
[2026-07-08 17:09:17] out while is working
[2026-07-08 17:09:17] data_length 14 iseq 244
[2026-07-08 17:09:17] begin switch_method
[2026-07-08 17:09:17] find command id514
[2026-07-08 17:09:17] data_length 17 iseq 245
[2026-07-08 17:09:17] buffer is less than sof_index + frame_length(26), buffer size: b'\xa5\x11\x00\xf5i\x01\x02\t\x01'
[2026-07-08 17:09:17] out while is working
[2026-07-08 17:09:17] data_length 17 iseq 245
[2026-07-08 17:09:17] buffer is less than sof_index + frame_length(26), buffer size: b'\xa5\x11\x00\xf5i\x01\x02\t\x01\xb8'
[2026-07-08 17:09:17] out while is working
[2026-07-08 17:09:17] data_length 17 iseq 245
[2026-07-08 17:09:17] begin switch_method
[2026-07-08 17:09:17] find command id513
[2026-07-08 17:09:17] buffer is less than 5, real size: 0
[2026-07-08 17:09:17] out while is working
[2026-07-08 17:09:17] buffer is less than 5, real size: 1
[2026-07-08 17:09:17] out while is working
[2026-07-08 17:09:17] data_length 5 iseq 246
[2026-07-08 17:09:17] begin switch_method
[2026-07-08 17:09:17] find command id521
[2026-07-08 17:09:17] buffer is less than 5, real size: 0
[2026-07-08 17:09:17] out while is working
[2026-07-08 17:09:17] buffer is less than 5, real size: 0
[2026-07-08 17:09:17] out while is working
[2026-07-08 17:09:17] buffer is less than 5, real size: 0
[2026-07-08 17:09:17] out while is working
[2026-07-08 17:09:17] buffer is less than 5, real size: 0
[2026-07-08 17:09:17] out while is working
[2026-07-08 17:09:17] buffer is less than 5, real size: 0
[2026-07-08 17:09:17] out while is working
[2026-07-08 17:09:17] buffer is less than 5, real size: 0
[2026-07-08 17:09:17] out while is working
[2026-07-08 17:09:17] buffer is less than 5, real size: 0
[2026-07-08 17:09:17] out while is working
[2026-07-08 17:09:17] buffer is less than 5, real size: 0
[2026-07-08 17:09:17] out while is working
[2026-07-08 17:09:17] buffer is less than 5, real size: 0
[2026-07-08 17:09:17] out while is working
[2026-07-08 17:09:17] buffer is less than 5, real size: 0
[2026-07-08 17:09:17] out while is working
[2026-07-08 17:09:17] buffer is less than 5, real size: 1
[2026-07-08 17:09:17] out while is working
[2026-07-08 17:09:17] data_length 14 iseq 247
[2026-07-08 17:09:17] begin switch_method
[2026-07-08 17:09:17] find command id514
[2026-07-08 17:09:17] data_length 12 iseq 248
[2026-07-08 17:09:17] buffer is less than sof_index + frame_length(21), buffer size: b'\xa5\x0c\x00\xf8\xce\x03\x02\x00\x00'
[2026-07-08 17:09:17] out while is working
[2026-07-08 17:09:17] data_length 12 iseq 248
[2026-07-08 17:09:17] buffer is less than sof_index + frame_length(21), buffer size: b'\xa5\x0c\x00\xf8\xce\x03\x02\x00\x00\x00'
[2026-07-08 17:09:17] out while is working
[2026-07-08 17:09:17] data_length 12 iseq 248
[2026-07-08 17:09:17] begin switch_method
[2026-07-08 17:09:17] find command id515
[2026-07-08 17:09:17] data_length 17 iseq 249
[2026-07-08 17:09:17] buffer is less than sof_index + frame_length(26), buffer size: b'\xa5\x11\x00\xf9\xca\x01\x02\t\x01\xb8"\xb8"d\x00@\x01x\x00\x00'
[2026-07-08 17:09:17] out while is working
[2026-07-08 17:09:17] data_length 17 iseq 249
[2026-07-08 17:09:17] buffer is less than sof_index + frame_length(26), buffer size: b'\xa5\x11\x00\xf9\xca\x01\x02\t\x01\xb8"\xb8"d\x00@\x01x\x00\x00\x00'
[2026-07-08 17:09:17] out while is working
[2026-07-08 17:09:17] data_length 17 iseq 249
[2026-07-08 17:09:17] begin switch_method
[2026-07-08 17:09:17] find command id513
[2026-07-08 17:09:17] buffer is less than 5, real size: 0
[2026-07-08 17:09:17] out while is working
[2026-07-08 17:09:17] buffer is less than 5, real size: 0
[2026-07-08 17:09:17] out while is working
[2026-07-08 17:09:17] buffer is less than 5, real size: 0
[2026-07-08 17:09:17] out while is working
[2026-07-08 17:09:17] buffer is less than 5, real size: 0
[2026-07-08 17:09:17] out while is working
[2026-07-08 17:09:17] buffer is less than 5, real size: 0
[2026-07-08 17:09:17] out while is working
[2026-07-08 17:09:17] buffer is less than 5, real size: 0
[2026-07-08 17:09:17] out while is working
[2026-07-08 17:09:17] buffer is less than 5, real size: 0
[2026-07-08 17:09:17] out while is working
[2026-07-08 17:09:18] buffer is less than 5, real size: 0
[2026-07-08 17:09:18] out while is working
[2026-07-08 17:09:18] buffer is less than 5, real size: 0
[2026-07-08 17:09:18] out while is working
[2026-07-08 17:09:18] buffer is less than 5, real size: 0
[2026-07-08 17:09:18] out while is working
[2026-07-08 17:09:18] buffer is less than 5, real size: 1
[2026-07-08 17:09:18] out while is working
[2026-07-08 17:09:18] data_length 14 iseq 250
[2026-07-08 17:09:18] begin switch_method
[2026-07-08 17:09:18] find command id514
[2026-07-08 17:09:18] data_length 17 iseq 251
[2026-07-08 17:09:18] buffer is less than sof_index + frame_length(26), buffer size: b'\xa5\x11\x00\xfbv\x01\x02\t\x01'
[2026-07-08 17:09:18] out while is working
[2026-07-08 17:09:18] data_length 17 iseq 251
[2026-07-08 17:09:18] buffer is less than sof_index + frame_length(26), buffer size: b'\xa5\x11\x00\xfbv\x01\x02\t\x01\xb8'
[2026-07-08 17:09:18] out while is working
[2026-07-08 17:09:18] data_length 17 iseq 251
[2026-07-08 17:09:18] begin switch_method
[2026-07-08 17:09:18] find command id513
[2026-07-08 17:09:18] buffer is less than 5, real size: 0
[2026-07-08 17:09:18] out while is working
[2026-07-08 17:09:18] buffer is less than 5, real size: 0
[2026-07-08 17:09:18] out while is working
[2026-07-08 17:09:18] buffer is less than 5, real size: 0
[2026-07-08 17:09:18] out while is working
[2026-07-08 17:09:18] buffer is less than 5, real size: 0
[2026-07-08 17:09:18] out while is working
[2026-07-08 17:09:18] buffer is less than 5, real size: 0
[2026-07-08 17:09:18] out while is working
[2026-07-08 17:09:18] buffer is less than 5, real size: 0
[2026-07-08 17:09:18] out while is working
[2026-07-08 17:09:18] buffer is less than 5, real size: 0
[2026-07-08 17:09:18] out while is working
[2026-07-08 17:09:18] buffer is less than 5, real size: 0
[2026-07-08 17:09:18] out while is working
[2026-07-08 17:09:18] buffer is less than 5, real size: 0
[2026-07-08 17:09:18] out while is working
[2026-07-08 17:09:18] buffer is less than 5, real size: 0
[2026-07-08 17:09:18] out while is working
[2026-07-08 17:09:18] buffer is less than 5, real size: 1
[2026-07-08 17:09:18] out while is working
[2026-07-08 17:09:18] data_length 14 iseq 252
[2026-07-08 17:09:18] begin switch_method
[2026-07-08 17:09:18] find command id514
[2026-07-08 17:09:18] data_length 17 iseq 253
[2026-07-08 17:09:18] buffer is less than sof_index + frame_length(26), buffer size: b'\xa5\x11\x00\xfd\xab\x01\x02\t\x01'
[2026-07-08 17:09:18] out while is working
[2026-07-08 17:09:18] data_length 17 iseq 253
[2026-07-08 17:09:18] buffer is less than sof_index + frame_length(26), buffer size: b'\xa5\x11\x00\xfd\xab\x01\x02\t\x01\xb8'
[2026-07-08 17:09:18] out while is working
[2026-07-08 17:09:18] data_length 17 iseq 253
[2026-07-08 17:09:18] begin switch_method
[2026-07-08 17:09:18] find command id513
[2026-07-08 17:09:18] buffer is less than 5, real size: 0
[2026-07-08 17:09:18] out while is working
[2026-07-08 17:09:18] buffer is less than 5, real size: 0
[2026-07-08 17:09:18] out while is working
[2026-07-08 17:09:18] buffer is less than 5, real size: 1
[2026-07-08 17:09:18] out while is working
[2026-07-08 17:09:18] data_length 5 iseq 254
[2026-07-08 17:09:18] begin switch_method
[2026-07-08 17:09:18] find command id521
[2026-07-08 17:09:18] buffer is less than 5, real size: 0
[2026-07-08 17:09:18] out while is working
[2026-07-08 17:09:18] buffer is less than 5, real size: 0
[2026-07-08 17:09:18] out while is working
[2026-07-08 17:09:18] buffer is less than 5, real size: 0
[2026-07-08 17:09:18] out while is working
[2026-07-08 17:09:18] buffer is less than 5, real size: 0
[2026-07-08 17:09:18] out while is working
[2026-07-08 17:09:18] buffer is less than 5, real size: 0
[2026-07-08 17:09:18] out while is working
[2026-07-08 17:09:18] buffer is less than 5, real size: 0
[2026-07-08 17:09:18] out while is working
[2026-07-08 17:09:18] buffer is less than 5, real size: 0
[2026-07-08 17:09:18] out while is working
[2026-07-08 17:09:18] buffer is less than 5, real size: 0
[2026-07-08 17:09:18] out while is working
[2026-07-08 17:09:18] buffer is less than 5, real size: 0
[2026-07-08 17:09:18] out while is working
[2026-07-08 17:09:18] buffer is less than 5, real size: 1
[2026-07-08 17:09:18] out while is working
[2026-07-08 17:09:18] data_length 14 iseq 255
[2026-07-08 17:09:18] begin switch_method
[2026-07-08 17:09:18] find command id514
[2026-07-08 17:09:18] data_length 17 iseq 0
[2026-07-08 17:09:18] buffer is less than sof_index + frame_length(26), buffer size: b'\xa5\x11\x00\x00"\x01\x02\t\x01'
[2026-07-08 17:09:18] out while is working
[2026-07-08 17:09:18] data_length 17 iseq 0
[2026-07-08 17:09:18] buffer is less than sof_index + frame_length(26), buffer size: b'\xa5\x11\x00\x00"\x01\x02\t\x01\xb8'
[2026-07-08 17:09:18] out while is working
[2026-07-08 17:09:18] data_length 17 iseq 0
[2026-07-08 17:09:18] begin switch_method
[2026-07-08 17:09:18] find command id513
[2026-07-08 17:09:18] buffer is less than 5, real size: 0
[2026-07-08 17:09:18] out while is working
[2026-07-08 17:09:18] buffer is less than 5, real size: 0
[2026-07-08 17:09:18] out while is working
[2026-07-08 17:09:18] buffer is less than 5, real size: 0
[2026-07-08 17:09:18] out while is working
[2026-07-08 17:09:18] buffer is less than 5, real size: 0
[2026-07-08 17:09:18] out while is working
[2026-07-08 17:09:18] buffer is less than 5, real size: 0
[2026-07-08 17:09:18] out while is working
[2026-07-08 17:09:18] buffer is less than 5, real size: 0
[2026-07-08 17:09:18] out while is working
[2026-07-08 17:09:18] buffer is less than 5, real size: 0
[2026-07-08 17:09:18] out while is working
[2026-07-08 17:09:18] buffer is less than 5, real size: 0
[2026-07-08 17:09:18] out while is working
[2026-07-08 17:09:18] buffer is less than 5, real size: 0
[2026-07-08 17:09:18] out while is working
[2026-07-08 17:09:18] buffer is less than 5, real size: 0
[2026-07-08 17:09:18] out while is working
[2026-07-08 17:09:18] buffer is less than 5, real size: 1
[2026-07-08 17:09:18] out while is working
[2026-07-08 17:09:18] data_length 14 iseq 1
[2026-07-08 17:09:18] begin switch_method
[2026-07-08 17:09:18] find command id514
[2026-07-08 17:09:18] data_length 17 iseq 2
[2026-07-08 17:09:18] buffer is less than sof_index + frame_length(26), buffer size: b'\xa5\x11\x00\x02\x9e\x01\x02\t\x01'
[2026-07-08 17:09:18] out while is working
[2026-07-08 17:09:18] data_length 17 iseq 2
[2026-07-08 17:09:18] buffer is less than sof_index + frame_length(26), buffer size: b'\xa5\x11\x00\x02\x9e\x01\x02\t\x01\xb8'
[2026-07-08 17:09:18] out while is working
[2026-07-08 17:09:18] data_length 17 iseq 2
[2026-07-08 17:09:18] begin switch_method
[2026-07-08 17:09:18] find command id513
[2026-07-08 17:09:18] buffer is less than 5, real size: 0
[2026-07-08 17:09:18] out while is working
[2026-07-08 17:09:18] buffer is less than 5, real size: 0
[2026-07-08 17:09:18] out while is working
[2026-07-08 17:09:18] buffer is less than 5, real size: 0
[2026-07-08 17:09:18] out while is working
[2026-07-08 17:09:18] buffer is less than 5, real size: 0
[2026-07-08 17:09:18] out while is working
[2026-07-08 17:09:18] buffer is less than 5, real size: 0
[2026-07-08 17:09:18] out while is working
[2026-07-08 17:09:18] buffer is less than 5, real size: 0
[2026-07-08 17:09:18] out while is working
[2026-07-08 17:09:18] buffer is less than 5, real size: 0
[2026-07-08 17:09:18] out while is working
[2026-07-08 17:09:18] buffer is less than 5, real size: 0
[2026-07-08 17:09:18] out while is working
[2026-07-08 17:09:18] buffer is less than 5, real size: 0
[2026-07-08 17:09:18] out while is working
[2026-07-08 17:09:18] buffer is less than 5, real size: 0
[2026-07-08 17:09:18] out while is working
[2026-07-08 17:09:18] buffer is less than 5, real size: 1
[2026-07-08 17:09:18] out while is working
[2026-07-08 17:09:18] data_length 14 iseq 3
[2026-07-08 17:09:18] begin switch_method
[2026-07-08 17:09:18] find command id514
[2026-07-08 17:09:18] data_length 17 iseq 4
[2026-07-08 17:09:18] buffer is less than sof_index + frame_length(26), buffer size: b'\xa5\x11\x00\x04C\x01\x02\t\x01'
[2026-07-08 17:09:18] out while is working
[2026-07-08 17:09:18] data_length 17 iseq 4
[2026-07-08 17:09:18] buffer is less than sof_index + frame_length(26), buffer size: b'\xa5\x11\x00\x04C\x01\x02\t\x01\xb8'
[2026-07-08 17:09:18] out while is working
[2026-07-08 17:09:18] data_length 17 iseq 4
[2026-07-08 17:09:18] begin switch_method
[2026-07-08 17:09:18] find command id513
[2026-07-08 17:09:18] buffer is less than 5, real size: 0
[2026-07-08 17:09:18] out while is working
[2026-07-08 17:09:18] buffer is less than 5, real size: 1
[2026-07-08 17:09:18] out while is working
[2026-07-08 17:09:18] data_length 5 iseq 5
[2026-07-08 17:09:18] begin switch_method
[2026-07-08 17:09:18] find command id521
[2026-07-08 17:09:18] buffer is less than 5, real size: 0
[2026-07-08 17:09:18] out while is working
[2026-07-08 17:09:18] buffer is less than 5, real size: 0
[2026-07-08 17:09:18] out while is working
[2026-07-08 17:09:18] buffer is less than 5, real size: 0
[2026-07-08 17:09:18] out while is working
[2026-07-08 17:09:18] buffer is less than 5, real size: 0
[2026-07-08 17:09:18] out while is working
[2026-07-08 17:09:18] buffer is less than 5, real size: 0
[2026-07-08 17:09:18] out while is working
[2026-07-08 17:09:18] buffer is less than 5, real size: 0
[2026-07-08 17:09:18] out while is working
[2026-07-08 17:09:18] buffer is less than 5, real size: 0
[2026-07-08 17:09:18] out while is working
[2026-07-08 17:09:18] buffer is less than 5, real size: 0
[2026-07-08 17:09:18] out while is working
[2026-07-08 17:09:18] buffer is less than 5, real size: 0
[2026-07-08 17:09:18] out while is working
[2026-07-08 17:09:18] buffer is less than 5, real size: 1
[2026-07-08 17:09:18] out while is working
[2026-07-08 17:09:18] data_length 14 iseq 6
[2026-07-08 17:09:18] begin switch_method
[2026-07-08 17:09:18] find command id514
[2026-07-08 17:09:18] data_length 17 iseq 7
[2026-07-08 17:09:18] buffer is less than sof_index + frame_length(26), buffer size: b'\xa5\x11\x00\x07\xa1\x01\x02\t\x01'
[2026-07-08 17:09:18] out while is working
[2026-07-08 17:09:18] data_length 17 iseq 7
[2026-07-08 17:09:18] buffer is less than sof_index + frame_length(26), buffer size: b'\xa5\x11\x00\x07\xa1\x01\x02\t\x01\xb8'
[2026-07-08 17:09:18] out while is working
[2026-07-08 17:09:18] data_length 17 iseq 7
[2026-07-08 17:09:18] begin switch_method
[2026-07-08 17:09:18] find command id513
[2026-07-08 17:09:18] buffer is less than 5, real size: 0
[2026-07-08 17:09:18] out while is working
[2026-07-08 17:09:18] buffer is less than 5, real size: 0
[2026-07-08 17:09:18] out while is working
[2026-07-08 17:09:18] buffer is less than 5, real size: 0
[2026-07-08 17:09:18] out while is working
[2026-07-08 17:09:18] buffer is less than 5, real size: 0
[2026-07-08 17:09:18] out while is working
[2026-07-08 17:09:18] buffer is less than 5, real size: 0
[2026-07-08 17:09:18] out while is working
[2026-07-08 17:09:18] buffer is less than 5, real size: 0
[2026-07-08 17:09:18] out while is working
[2026-07-08 17:09:18] buffer is less than 5, real size: 0
[2026-07-08 17:09:18] out while is working
[2026-07-08 17:09:18] buffer is less than 5, real size: 0
[2026-07-08 17:09:18] out while is working
[2026-07-08 17:09:18] buffer is less than 5, real size: 0
[2026-07-08 17:09:18] out while is working
[2026-07-08 17:09:18] buffer is less than 5, real size: 0
[2026-07-08 17:09:18] out while is working
[2026-07-08 17:09:18] buffer is less than 5, real size: 0
[2026-07-08 17:09:18] out while is working
[2026-07-08 17:09:18] buffer is less than 5, real size: 1
[2026-07-08 17:09:18] out while is working
[2026-07-08 17:09:18] data_length 14 iseq 8
[2026-07-08 17:09:18] begin switch_method
[2026-07-08 17:09:18] find command id514
[2026-07-08 17:09:18] data_length 17 iseq 9
[2026-07-08 17:09:18] buffer is less than sof_index + frame_length(26), buffer size: b'\xa5\x11\x00\t\xbe\x01\x02\t\x01'
[2026-07-08 17:09:18] out while is working
[2026-07-08 17:09:18] data_length 17 iseq 9
[2026-07-08 17:09:18] buffer is less than sof_index + frame_length(26), buffer size: b'\xa5\x11\x00\t\xbe\x01\x02\t\x01\xb8'
[2026-07-08 17:09:18] out while is working
[2026-07-08 17:09:18] data_length 17 iseq 9
[2026-07-08 17:09:18] begin switch_method
[2026-07-08 17:09:18] find command id513
[2026-07-08 17:09:18] buffer is less than 5, real size: 0
[2026-07-08 17:09:18] out while is working
[2026-07-08 17:09:18] buffer is less than 5, real size: 0
[2026-07-08 17:09:18] out while is working
[2026-07-08 17:09:18] buffer is less than 5, real size: 0
[2026-07-08 17:09:18] out while is working
[2026-07-08 17:09:18] buffer is less than 5, real size: 0
[2026-07-08 17:09:18] out while is working
[2026-07-08 17:09:18] buffer is less than 5, real size: 0
[2026-07-08 17:09:18] out while is working
[2026-07-08 17:09:18] buffer is less than 5, real size: 0
[2026-07-08 17:09:18] out while is working
[2026-07-08 17:09:18] buffer is less than 5, real size: 0
[2026-07-08 17:09:18] out while is working
[2026-07-08 17:09:18] buffer is less than 5, real size: 0
[2026-07-08 17:09:18] out while is working
[2026-07-08 17:09:18] buffer is less than 5, real size: 0
[2026-07-08 17:09:18] out while is working
[2026-07-08 17:09:18] buffer is less than 5, real size: 0
[2026-07-08 17:09:18] out while is working
[2026-07-08 17:09:18] buffer is less than 5, real size: 1
[2026-07-08 17:09:18] out while is working
[2026-07-08 17:09:18] data_length 14 iseq 10
[2026-07-08 17:09:18] begin switch_method
[2026-07-08 17:09:18] find command id514
[2026-07-08 17:09:18] data_length 17 iseq 11
[2026-07-08 17:09:18] buffer is less than sof_index + frame_length(26), buffer size: b'\xa5\x11\x00\x0b\x02\x01\x02\t\x01'
[2026-07-08 17:09:18] out while is working
[2026-07-08 17:09:18] data_length 17 iseq 11
[2026-07-08 17:09:18] buffer is less than sof_index + frame_length(26), buffer size: b'\xa5\x11\x00\x0b\x02\x01\x02\t\x01\xb8'
[2026-07-08 17:09:18] out while is working
[2026-07-08 17:09:18] data_length 17 iseq 11
[2026-07-08 17:09:18] begin switch_method
[2026-07-08 17:09:18] find command id513
[2026-07-08 17:09:18] buffer is less than 5, real size: 0
[2026-07-08 17:09:18] out while is working
[2026-07-08 17:09:18] buffer is less than 5, real size: 1
[2026-07-08 17:09:18] out while is working
[2026-07-08 17:09:18] data_length 2 iseq 12
[2026-07-08 17:09:18] begin switch_method
[2026-07-08 17:09:18] find command id524
[2026-07-08 17:09:18] Mark process: [0, 0, 0, 0, 0, 0] (raw bits: 0000000000000000)
[2026-07-08 17:09:18] data_length 4 iseq 13
[2026-07-08 17:09:18] begin switch_method
[2026-07-08 17:09:18] find command id257
[2026-07-08 17:09:18] data_length 11 iseq 14
[2026-07-08 17:09:18] buffer is less than sof_index + frame_length(20), buffer size: b'\xa5\x0b\x00\x0e\x1d\x01\x00\x01'
[2026-07-08 17:09:18] out while is working
[2026-07-08 17:09:18] data_length 11 iseq 14
[2026-07-08 17:09:18] buffer is less than sof_index + frame_length(20), buffer size: b'\xa5\x0b\x00\x0e\x1d\x01\x00\x01\x00'
[2026-07-08 17:09:18] out while is working
[2026-07-08 17:09:18] data_length 11 iseq 14
[2026-07-08 17:09:18] begin switch_method
[2026-07-08 17:09:18] find command id1
[2026-07-08 17:09:18] data_length 3 iseq 15
[2026-07-08 17:09:18] begin switch_method
[2026-07-08 17:09:18] find command id261
[2026-07-08 17:09:18] Dart target: 0
[2026-07-08 17:09:18] data_length 1 iseq 16
[2026-07-08 17:09:18] buffer is less than sof_index + frame_length(10), buffer size: b'\xa5\x01\x00\x10\xf5\x0e\x02('
[2026-07-08 17:09:18] out while is working
[2026-07-08 17:09:18] data_length 1 iseq 16
[2026-07-08 17:09:18] buffer is less than sof_index + frame_length(10), buffer size: b'\xa5\x01\x00\x10\xf5\x0e\x02(\xf7'
[2026-07-08 17:09:18] out while is working
[2026-07-08 17:09:18] data_length 1 iseq 16
[2026-07-08 17:09:18] begin switch_method
[2026-07-08 17:09:18] find command id526
[2026-07-08 17:09:18] Double effect chance: 0, is double effect active: 0
[2026-07-08 17:09:18] Interference level: 1, is key updated: 1
[2026-07-08 17:09:18] data_length 5 iseq 17
[2026-07-08 17:09:18] begin switch_method
[2026-07-08 17:09:18] find command id521
[2026-07-08 17:09:18] buffer is less than 5, real size: 0
[2026-07-08 17:09:18] out while is working
[2026-07-08 17:09:18] buffer is less than 5, real size: 0
[2026-07-08 17:09:18] out while is working
[2026-07-08 17:09:18] buffer is less than 5, real size: 0
[2026-07-08 17:09:18] out while is working
[2026-07-08 17:09:18] buffer is less than 5, real size: 0
[2026-07-08 17:09:18] out while is working
[2026-07-08 17:09:18] buffer is less than 5, real size: 0
[2026-07-08 17:09:18] out while is working
[2026-07-08 17:09:18] buffer is less than 5, real size: 0
[2026-07-08 17:09:18] out while is working
[2026-07-08 17:09:18] buffer is less than 5, real size: 0
[2026-07-08 17:09:18] out while is working
[2026-07-08 17:09:18] buffer is less than 5, real size: 0
[2026-07-08 17:09:18] out while is working
[2026-07-08 17:09:18] buffer is less than 5, real size: 0
[2026-07-08 17:09:18] out while is working
[2026-07-08 17:09:18] buffer is less than 5, real size: 1
[2026-07-08 17:09:18] out while is working
[2026-07-08 17:09:18] data_length 14 iseq 18
[2026-07-08 17:09:18] begin switch_method
[2026-07-08 17:09:18] find command id514
[2026-07-08 17:09:18] data_length 17 iseq 19
[2026-07-08 17:09:18] buffer is less than sof_index + frame_length(26), buffer size: b'\xa5\x11\x00\x13]\x01\x02\t\x01'
[2026-07-08 17:09:18] out while is working
[2026-07-08 17:09:18] data_length 17 iseq 19
[2026-07-08 17:09:18] buffer is less than sof_index + frame_length(26), buffer size: b'\xa5\x11\x00\x13]\x01\x02\t\x01\xb8'
[2026-07-08 17:09:18] out while is working
[2026-07-08 17:09:18] data_length 17 iseq 19
[2026-07-08 17:09:18] begin switch_method
[2026-07-08 17:09:18] find command id513
[2026-07-08 17:09:18] buffer is less than 5, real size: 0
[2026-07-08 17:09:18] out while is working
[2026-07-08 17:09:18] buffer is less than 5, real size: 0
[2026-07-08 17:09:18] out while is working
[2026-07-08 17:09:18] buffer is less than 5, real size: 0
[2026-07-08 17:09:18] out while is working
[2026-07-08 17:09:18] buffer is less than 5, real size: 0
[2026-07-08 17:09:18] out while is working
[2026-07-08 17:09:18] buffer is less than 5, real size: 0
[2026-07-08 17:09:18] out while is working
[2026-07-08 17:09:18] buffer is less than 5, real size: 0
[2026-07-08 17:09:18] out while is working
[2026-07-08 17:09:18] buffer is less than 5, real size: 0
[2026-07-08 17:09:18] out while is working
[2026-07-08 17:09:18] buffer is less than 5, real size: 0
[2026-07-08 17:09:18] out while is working
[2026-07-08 17:09:18] buffer is less than 5, real size: 0
[2026-07-08 17:09:18] out while is working
[2026-07-08 17:09:18] buffer is less than 5, real size: 0
[2026-07-08 17:09:18] out while is working
[2026-07-08 17:09:18] buffer is less than 5, real size: 1
[2026-07-08 17:09:18] out while is working
[2026-07-08 17:09:18] data_length 14 iseq 20
[2026-07-08 17:09:18] begin switch_method
[2026-07-08 17:09:18] find command id514
[2026-07-08 17:09:18] data_length 12 iseq 21
[2026-07-08 17:09:18] buffer is less than sof_index + frame_length(21), buffer size: b'\xa5\x0c\x00\x15\xda\x03\x02\x00\x00'
[2026-07-08 17:09:18] out while is working
[2026-07-08 17:09:18] data_length 12 iseq 21
[2026-07-08 17:09:18] buffer is less than sof_index + frame_length(21), buffer size: b'\xa5\x0c\x00\x15\xda\x03\x02\x00\x00\x00'
[2026-07-08 17:09:18] out while is working
[2026-07-08 17:09:18] data_length 12 iseq 21
[2026-07-08 17:09:18] begin switch_method
[2026-07-08 17:09:18] find command id515
[2026-07-08 17:09:18] data_length 17 iseq 22
[2026-07-08 17:09:18] buffer is less than sof_index + frame_length(26), buffer size: b'\xa5\x11\x00\x16b\x01\x02\t\x01\xb8"\xb8"d\x00@\x01x\x00\x00'
[2026-07-08 17:09:18] out while is working
[2026-07-08 17:09:18] data_length 17 iseq 22
[2026-07-08 17:09:18] buffer is less than sof_index + frame_length(26), buffer size: b'\xa5\x11\x00\x16b\x01\x02\t\x01\xb8"\xb8"d\x00@\x01x\x00\x00\x00'
[2026-07-08 17:09:18] out while is working
[2026-07-08 17:09:18] data_length 17 iseq 22
[2026-07-08 17:09:18] begin switch_method
[2026-07-08 17:09:18] find command id513
[2026-07-08 17:09:18] buffer is less than 5, real size: 0
[2026-07-08 17:09:18] out while is working
[2026-07-08 17:09:18] buffer is less than 5, real size: 0
[2026-07-08 17:09:18] out while is working
[2026-07-08 17:09:18] buffer is less than 5, real size: 0
[2026-07-08 17:09:18] out while is working
[2026-07-08 17:09:18] buffer is less than 5, real size: 0
[2026-07-08 17:09:18] out while is working
[2026-07-08 17:09:18] buffer is less than 5, real size: 0
[2026-07-08 17:09:18] out while is working
[2026-07-08 17:09:19] buffer is less than 5, real size: 0
[2026-07-08 17:09:19] out while is working
[2026-07-08 17:09:19] buffer is less than 5, real size: 0
[2026-07-08 17:09:19] out while is working
[2026-07-08 17:09:19] buffer is less than 5, real size: 0
[2026-07-08 17:09:19] out while is working
[2026-07-08 17:09:19] buffer is less than 5, real size: 0
[2026-07-08 17:09:19] out while is working
[2026-07-08 17:09:19] buffer is less than 5, real size: 1
[2026-07-08 17:09:19] out while is working
[2026-07-08 17:09:19] data_length 5 iseq 23
[2026-07-08 17:09:19] begin switch_method
[2026-07-08 17:09:19] find command id521
[2026-07-08 17:09:19] buffer is less than 5, real size: 0
[2026-07-08 17:09:19] out while is working
[2026-07-08 17:09:19] buffer is less than 5, real size: 1
[2026-07-08 17:09:19] out while is working
[2026-07-08 17:09:19] data_length 14 iseq 24
[2026-07-08 17:09:19] begin switch_method
[2026-07-08 17:09:19] find command id514
[2026-07-08 17:09:19] data_length 17 iseq 25
[2026-07-08 17:09:19] buffer is less than sof_index + frame_length(26), buffer size: b'\xa5\x11\x00\x19#\x01\x02\t\x01'
[2026-07-08 17:09:19] out while is working
[2026-07-08 17:09:19] data_length 17 iseq 25
[2026-07-08 17:09:19] buffer is less than sof_index + frame_length(26), buffer size: b'\xa5\x11\x00\x19#\x01\x02\t\x01\xb8'
[2026-07-08 17:09:19] out while is working
[2026-07-08 17:09:19] data_length 17 iseq 25
[2026-07-08 17:09:19] begin switch_method
[2026-07-08 17:09:19] find command id513
[2026-07-08 17:09:19] buffer is less than 5, real size: 0
[2026-07-08 17:09:19] out while is working
[2026-07-08 17:09:19] buffer is less than 5, real size: 0
[2026-07-08 17:09:19] out while is working
[2026-07-08 17:09:19] buffer is less than 5, real size: 0
[2026-07-08 17:09:19] out while is working
[2026-07-08 17:09:19] buffer is less than 5, real size: 0
[2026-07-08 17:09:19] out while is working
[2026-07-08 17:09:19] buffer is less than 5, real size: 0
[2026-07-08 17:09:19] out while is working
[2026-07-08 17:09:19] buffer is less than 5, real size: 0
[2026-07-08 17:09:19] out while is working
[2026-07-08 17:09:19] buffer is less than 5, real size: 0
[2026-07-08 17:09:19] out while is working
[2026-07-08 17:09:19] buffer is less than 5, real size: 0
[2026-07-08 17:09:19] out while is working
[2026-07-08 17:09:19] buffer is less than 5, real size: 0
[2026-07-08 17:09:19] out while is working
[2026-07-08 17:09:19] buffer is less than 5, real size: 0
[2026-07-08 17:09:19] out while is working
[2026-07-08 17:09:19] buffer is less than 5, real size: 1
[2026-07-08 17:09:19] out while is working
[2026-07-08 17:09:19] data_length 14 iseq 26
[2026-07-08 17:09:19] begin switch_method
[2026-07-08 17:09:19] find command id514
[2026-07-08 17:09:19] data_length 17 iseq 27
[2026-07-08 17:09:19] buffer is less than sof_index + frame_length(26), buffer size: b'\xa5\x11\x00\x1b\x9f\x01\x02\t\x01'
[2026-07-08 17:09:19] out while is working
[2026-07-08 17:09:19] data_length 17 iseq 27
[2026-07-08 17:09:19] buffer is less than sof_index + frame_length(26), buffer size: b'\xa5\x11\x00\x1b\x9f\x01\x02\t\x01\xb8'
[2026-07-08 17:09:19] out while is working
[2026-07-08 17:09:19] data_length 17 iseq 27
[2026-07-08 17:09:19] begin switch_method
[2026-07-08 17:09:19] find command id513
[2026-07-08 17:09:19] buffer is less than 5, real size: 0
[2026-07-08 17:09:19] out while is working
[2026-07-08 17:09:19] buffer is less than 5, real size: 0
[2026-07-08 17:09:19] out while is working
[2026-07-08 17:09:19] buffer is less than 5, real size: 0
[2026-07-08 17:09:19] out while is working
[2026-07-08 17:09:19] buffer is less than 5, real size: 0
[2026-07-08 17:09:19] out while is working
[2026-07-08 17:09:19] buffer is less than 5, real size: 0
[2026-07-08 17:09:19] out while is working
[2026-07-08 17:09:19] buffer is less than 5, real size: 0
[2026-07-08 17:09:19] out while is working
[2026-07-08 17:09:19] buffer is less than 5, real size: 0
[2026-07-08 17:09:19] out while is working
[2026-07-08 17:09:19] buffer is less than 5, real size: 0
[2026-07-08 17:09:19] out while is working
[2026-07-08 17:09:19] buffer is less than 5, real size: 0
[2026-07-08 17:09:19] out while is working
[2026-07-08 17:09:19] buffer is less than 5, real size: 0
[2026-07-08 17:09:19] out while is working
[2026-07-08 17:09:19] buffer is less than 5, real size: 1
[2026-07-08 17:09:19] out while is working
[2026-07-08 17:09:19] data_length 14 iseq 28
[2026-07-08 17:09:19] begin switch_method
[2026-07-08 17:09:19] find command id514
[2026-07-08 17:09:19] data_length 17 iseq 29
[2026-07-08 17:09:19] buffer is less than sof_index + frame_length(26), buffer size: b'\xa5\x11\x00\x1dB\x01\x02\t\x01'
[2026-07-08 17:09:19] out while is working
[2026-07-08 17:09:19] data_length 17 iseq 29
[2026-07-08 17:09:19] buffer is less than sof_index + frame_length(26), buffer size: b'\xa5\x11\x00\x1dB\x01\x02\t\x01\xb8'
[2026-07-08 17:09:19] out while is working
[2026-07-08 17:09:19] data_length 17 iseq 29
[2026-07-08 17:09:19] begin switch_method
[2026-07-08 17:09:19] find command id513
[2026-07-08 17:09:19] buffer is less than 5, real size: 0
[2026-07-08 17:09:19] out while is working
[2026-07-08 17:09:19] buffer is less than 5, real size: 0
[2026-07-08 17:09:19] out while is working
[2026-07-08 17:09:19] buffer is less than 5, real size: 0
[2026-07-08 17:09:19] out while is working
[2026-07-08 17:09:19] buffer is less than 5, real size: 0
[2026-07-08 17:09:19] out while is working
[2026-07-08 17:09:19] buffer is less than 5, real size: 0
[2026-07-08 17:09:19] out while is working
[2026-07-08 17:09:19] buffer is less than 5, real size: 0
[2026-07-08 17:09:19] out while is working
[2026-07-08 17:09:19] buffer is less than 5, real size: 0
[2026-07-08 17:09:19] out while is working
[2026-07-08 17:09:19] buffer is less than 5, real size: 0
[2026-07-08 17:09:19] out while is working
[2026-07-08 17:09:19] buffer is less than 5, real size: 0
[2026-07-08 17:09:19] out while is working
[2026-07-08 17:09:19] buffer is less than 5, real size: 1
[2026-07-08 17:09:19] out while is working
[2026-07-08 17:09:19] data_length 5 iseq 30
[2026-07-08 17:09:19] begin switch_method
[2026-07-08 17:09:19] find command id521
[2026-07-08 17:09:19] buffer is less than 5, real size: 0
[2026-07-08 17:09:19] out while is working
[2026-07-08 17:09:19] buffer is less than 5, real size: 1
[2026-07-08 17:09:19] out while is working
[2026-07-08 17:09:19] data_length 14 iseq 31
[2026-07-08 17:09:19] begin switch_method
[2026-07-08 17:09:19] find command id514
[2026-07-08 17:09:19] data_length 17 iseq 32
[2026-07-08 17:09:19] buffer is less than sof_index + frame_length(26), buffer size: b'\xa5\x11\x00 \x01\x01\x02\t\x01'
[2026-07-08 17:09:19] out while is working
[2026-07-08 17:09:19] data_length 17 iseq 32
[2026-07-08 17:09:19] buffer is less than sof_index + frame_length(26), buffer size: b'\xa5\x11\x00 \x01\x01\x02\t\x01\xb8'
[2026-07-08 17:09:19] out while is working
[2026-07-08 17:09:19] data_length 17 iseq 32
[2026-07-08 17:09:19] begin switch_method
[2026-07-08 17:09:19] find command id513
[2026-07-08 17:09:19] buffer is less than 5, real size: 0
[2026-07-08 17:09:19] out while is working
[2026-07-08 17:09:19] buffer is less than 5, real size: 0
[2026-07-08 17:09:19] out while is working
[2026-07-08 17:09:19] buffer is less than 5, real size: 0
[2026-07-08 17:09:19] out while is working
[2026-07-08 17:09:19] buffer is less than 5, real size: 0
[2026-07-08 17:09:19] out while is working
[2026-07-08 17:09:19] buffer is less than 5, real size: 0
[2026-07-08 17:09:19] out while is working
[2026-07-08 17:09:19] buffer is less than 5, real size: 0
[2026-07-08 17:09:19] out while is working
[2026-07-08 17:09:19] buffer is less than 5, real size: 0
[2026-07-08 17:09:19] out while is working
[2026-07-08 17:09:19] buffer is less than 5, real size: 0
[2026-07-08 17:09:19] out while is working
[2026-07-08 17:09:19] buffer is less than 5, real size: 0
[2026-07-08 17:09:19] out while is working
[2026-07-08 17:09:19] buffer is less than 5, real size: 0
[2026-07-08 17:09:19] out while is working
[2026-07-08 17:09:19] buffer is less than 5, real size: 1
[2026-07-08 17:09:19] out while is working
[2026-07-08 17:09:19] data_length 14 iseq 33
[2026-07-08 17:09:19] begin switch_method
[2026-07-08 17:09:19] find command id514
[2026-07-08 17:09:19] data_length 17 iseq 34
[2026-07-08 17:09:19] buffer is less than sof_index + frame_length(26), buffer size: b'\xa5\x11\x00"\xbd\x01\x02\t\x01'
[2026-07-08 17:09:19] out while is working
[2026-07-08 17:09:19] data_length 17 iseq 34
[2026-07-08 17:09:19] buffer is less than sof_index + frame_length(26), buffer size: b'\xa5\x11\x00"\xbd\x01\x02\t\x01\xb8'
[2026-07-08 17:09:19] out while is working
[2026-07-08 17:09:19] data_length 17 iseq 34
[2026-07-08 17:09:19] begin switch_method
[2026-07-08 17:09:19] find command id513
[2026-07-08 17:09:19] buffer is less than 5, real size: 0
[2026-07-08 17:09:19] out while is working
[2026-07-08 17:09:19] buffer is less than 5, real size: 0
[2026-07-08 17:09:19] out while is working
[2026-07-08 17:09:19] buffer is less than 5, real size: 0
[2026-07-08 17:09:19] out while is working
[2026-07-08 17:09:19] buffer is less than 5, real size: 0
[2026-07-08 17:09:19] out while is working
[2026-07-08 17:09:19] buffer is less than 5, real size: 0
[2026-07-08 17:09:19] out while is working
[2026-07-08 17:09:19] buffer is less than 5, real size: 0
[2026-07-08 17:09:19] out while is working
[2026-07-08 17:09:19] buffer is less than 5, real size: 0
[2026-07-08 17:09:19] out while is working
[2026-07-08 17:09:19] buffer is less than 5, real size: 0
[2026-07-08 17:09:19] out while is working
[2026-07-08 17:09:19] buffer is less than 5, real size: 0
[2026-07-08 17:09:19] out while is working
[2026-07-08 17:09:19] buffer is less than 5, real size: 0
[2026-07-08 17:09:19] out while is working
[2026-07-08 17:09:19] buffer is less than 5, real size: 1
[2026-07-08 17:09:19] out while is working
[2026-07-08 17:09:19] data_length 14 iseq 35
[2026-07-08 17:09:19] begin switch_method
[2026-07-08 17:09:19] find command id514
[2026-07-08 17:09:19] data_length 17 iseq 36
[2026-07-08 17:09:19] buffer is less than sof_index + frame_length(26), buffer size: b'\xa5\x11\x00$`\x01\x02\t\x01'
[2026-07-08 17:09:19] out while is working
[2026-07-08 17:09:19] data_length 17 iseq 36
[2026-07-08 17:09:19] buffer is less than sof_index + frame_length(26), buffer size: b'\xa5\x11\x00$`\x01\x02\t\x01\xb8'
[2026-07-08 17:09:19] out while is working
[2026-07-08 17:09:19] data_length 17 iseq 36
[2026-07-08 17:09:19] begin switch_method
[2026-07-08 17:09:19] find command id513
[2026-07-08 17:09:19] buffer is less than 5, real size: 0
[2026-07-08 17:09:19] out while is working
[2026-07-08 17:09:19] buffer is less than 5, real size: 0
[2026-07-08 17:09:19] out while is working
[2026-07-08 17:09:19] buffer is less than 5, real size: 0
[2026-07-08 17:09:19] out while is working
[2026-07-08 17:09:19] buffer is less than 5, real size: 0
[2026-07-08 17:09:19] out while is working
[2026-07-08 17:09:19] buffer is less than 5, real size: 0
[2026-07-08 17:09:19] out while is working
[2026-07-08 17:09:19] buffer is less than 5, real size: 0
[2026-07-08 17:09:19] out while is working
[2026-07-08 17:09:19] buffer is less than 5, real size: 0
[2026-07-08 17:09:19] out while is working
[2026-07-08 17:09:19] buffer is less than 5, real size: 1
[2026-07-08 17:09:19] out while is working
[2026-07-08 17:09:19] data_length 5 iseq 37
[2026-07-08 17:09:19] begin switch_method
[2026-07-08 17:09:19] find command id521
[2026-07-08 17:09:19] buffer is less than 5, real size: 0
[2026-07-08 17:09:19] out while is working
[2026-07-08 17:09:19] buffer is less than 5, real size: 0
[2026-07-08 17:09:19] out while is working
[2026-07-08 17:09:19] buffer is less than 5, real size: 0
[2026-07-08 17:09:19] out while is working
[2026-07-08 17:09:19] buffer is less than 5, real size: 1
[2026-07-08 17:09:19] out while is working
[2026-07-08 17:09:19] data_length 14 iseq 38
[2026-07-08 17:09:19] begin switch_method
[2026-07-08 17:09:19] find command id514
[2026-07-08 17:09:19] data_length 17 iseq 39
[2026-07-08 17:09:19] buffer is less than sof_index + frame_length(26), buffer size: b"\xa5\x11\x00'\x82\x01\x02\t\x01"
[2026-07-08 17:09:19] out while is working
[2026-07-08 17:09:19] data_length 17 iseq 39
[2026-07-08 17:09:19] buffer is less than sof_index + frame_length(26), buffer size: b"\xa5\x11\x00'\x82\x01\x02\t\x01\xb8"
[2026-07-08 17:09:19] out while is working
[2026-07-08 17:09:19] data_length 17 iseq 39
[2026-07-08 17:09:19] begin switch_method
[2026-07-08 17:09:19] find command id513
[2026-07-08 17:09:19] buffer is less than 5, real size: 0
[2026-07-08 17:09:19] out while is working
[2026-07-08 17:09:19] buffer is less than 5, real size: 0
[2026-07-08 17:09:19] out while is working
[2026-07-08 17:09:19] buffer is less than 5, real size: 0
[2026-07-08 17:09:19] out while is working
[2026-07-08 17:09:19] buffer is less than 5, real size: 0
[2026-07-08 17:09:19] out while is working
[2026-07-08 17:09:19] buffer is less than 5, real size: 0
[2026-07-08 17:09:19] out while is working
[2026-07-08 17:09:19] buffer is less than 5, real size: 0
[2026-07-08 17:09:19] out while is working
[2026-07-08 17:09:19] buffer is less than 5, real size: 0
[2026-07-08 17:09:19] out while is working
[2026-07-08 17:09:19] buffer is less than 5, real size: 0
[2026-07-08 17:09:19] out while is working
[2026-07-08 17:09:19] buffer is less than 5, real size: 1
[2026-07-08 17:09:19] out while is working
[2026-07-08 17:09:19] data_length 2 iseq 40
[2026-07-08 17:09:19] begin switch_method
[2026-07-08 17:09:19] find command id524
[2026-07-08 17:09:19] Mark process: [0, 0, 0, 0, 0, 0] (raw bits: 0000000000000000)
[2026-07-08 17:09:19] data_length 4 iseq 41
[2026-07-08 17:09:19] begin switch_method
[2026-07-08 17:09:19] find command id257
[2026-07-08 17:09:19] data_length 11 iseq 42
[2026-07-08 17:09:19] buffer is less than sof_index + frame_length(20), buffer size: b'\xa5\x0b\x00*_\x01\x00\x01'
[2026-07-08 17:09:19] out while is working
[2026-07-08 17:09:19] data_length 11 iseq 42
[2026-07-08 17:09:19] buffer is less than sof_index + frame_length(20), buffer size: b'\xa5\x0b\x00*_\x01\x00\x01\x00'
[2026-07-08 17:09:19] out while is working
[2026-07-08 17:09:19] data_length 11 iseq 42
[2026-07-08 17:09:19] begin switch_method
[2026-07-08 17:09:19] find command id1
[2026-07-08 17:09:19] data_length 3 iseq 43
[2026-07-08 17:09:19] begin switch_method
[2026-07-08 17:09:19] find command id261
[2026-07-08 17:09:19] Dart target: 0
[2026-07-08 17:09:19] buffer is less than 5, real size: 0
[2026-07-08 17:09:19] out while is working
[2026-07-08 17:09:19] buffer is less than 5, real size: 1
[2026-07-08 17:09:19] out while is working
[2026-07-08 17:09:19] data_length 1 iseq 44
[2026-07-08 17:09:19] begin switch_method
[2026-07-08 17:09:19] find command id526
[2026-07-08 17:09:19] Double effect chance: 0, is double effect active: 0
[2026-07-08 17:09:19] Interference level: 1, is key updated: 1
[2026-07-08 17:09:19] buffer is less than 5, real size: 0
[2026-07-08 17:09:19] out while is working
[2026-07-08 17:09:19] buffer is less than 5, real size: 0
[2026-07-08 17:09:19] out while is working
[2026-07-08 17:09:19] buffer is less than 5, real size: 1
[2026-07-08 17:09:19] out while is working
[2026-07-08 17:09:19] data_length 14 iseq 45
[2026-07-08 17:09:19] begin switch_method
[2026-07-08 17:09:19] find command id514
[2026-07-08 17:09:19] data_length 17 iseq 46
[2026-07-08 17:09:19] buffer is less than sof_index + frame_length(26), buffer size: b'\xa5\x11\x00.\x1e\x01\x02\t\x01'
[2026-07-08 17:09:19] out while is working
[2026-07-08 17:09:19] data_length 17 iseq 46
[2026-07-08 17:09:19] buffer is less than sof_index + frame_length(26), buffer size: b'\xa5\x11\x00.\x1e\x01\x02\t\x01\xb8'
[2026-07-08 17:09:19] out while is working
[2026-07-08 17:09:19] data_length 17 iseq 46
[2026-07-08 17:09:19] begin switch_method
[2026-07-08 17:09:19] find command id513
[2026-07-08 17:09:19] buffer is less than 5, real size: 0
[2026-07-08 17:09:19] out while is working
[2026-07-08 17:09:19] buffer is less than 5, real size: 0
[2026-07-08 17:09:19] out while is working
[2026-07-08 17:09:19] buffer is less than 5, real size: 0
[2026-07-08 17:09:19] out while is working
[2026-07-08 17:09:19] buffer is less than 5, real size: 0
[2026-07-08 17:09:19] out while is working
[2026-07-08 17:09:19] buffer is less than 5, real size: 0
[2026-07-08 17:09:19] out while is working
[2026-07-08 17:09:19] buffer is less than 5, real size: 0
[2026-07-08 17:09:19] out while is working
[2026-07-08 17:09:19] buffer is less than 5, real size: 0
[2026-07-08 17:09:19] out while is working
[2026-07-08 17:09:19] buffer is less than 5, real size: 0
[2026-07-08 17:09:19] out while is working
[2026-07-08 17:09:19] buffer is less than 5, real size: 0
[2026-07-08 17:09:19] out while is working
[2026-07-08 17:09:19] buffer is less than 5, real size: 0
[2026-07-08 17:09:19] out while is working
[2026-07-08 17:09:19] buffer is less than 5, real size: 1
[2026-07-08 17:09:19] out while is working
[2026-07-08 17:09:19] data_length 14 iseq 47
[2026-07-08 17:09:19] begin switch_method
[2026-07-08 17:09:19] find command id514
[2026-07-08 17:09:19] data_length 17 iseq 48
[2026-07-08 17:09:19] buffer is less than sof_index + frame_length(26), buffer size: b'\xa5\x11\x000\x9c\x01\x02\t\x01'
[2026-07-08 17:09:19] out while is working
[2026-07-08 17:09:19] data_length 17 iseq 48
[2026-07-08 17:09:19] buffer is less than sof_index + frame_length(26), buffer size: b'\xa5\x11\x000\x9c\x01\x02\t\x01\xb8'
[2026-07-08 17:09:19] out while is working
[2026-07-08 17:09:19] data_length 17 iseq 48
[2026-07-08 17:09:19] begin switch_method
[2026-07-08 17:09:19] find command id513
[2026-07-08 17:09:19] buffer is less than 5, real size: 0
[2026-07-08 17:09:19] out while is working
[2026-07-08 17:09:19] buffer is less than 5, real size: 0
[2026-07-08 17:09:19] out while is working
[2026-07-08 17:09:19] buffer is less than 5, real size: 0
[2026-07-08 17:09:19] out while is working
[2026-07-08 17:09:19] buffer is less than 5, real size: 0
[2026-07-08 17:09:19] out while is working
[2026-07-08 17:09:19] buffer is less than 5, real size: 0
[2026-07-08 17:09:19] out while is working
[2026-07-08 17:09:19] buffer is less than 5, real size: 0
[2026-07-08 17:09:19] out while is working
[2026-07-08 17:09:19] buffer is less than 5, real size: 0
[2026-07-08 17:09:19] out while is working
[2026-07-08 17:09:19] buffer is less than 5, real size: 1
[2026-07-08 17:09:19] out while is working
[2026-07-08 17:09:19] data_length 5 iseq 49
[2026-07-08 17:09:19] begin switch_method
[2026-07-08 17:09:19] find command id521
[2026-07-08 17:09:19] buffer is less than 5, real size: 0
[2026-07-08 17:09:19] out while is working
[2026-07-08 17:09:19] buffer is less than 5, real size: 0
[2026-07-08 17:09:19] out while is working
[2026-07-08 17:09:19] buffer is less than 5, real size: 0
[2026-07-08 17:09:19] out while is working
[2026-07-08 17:09:19] buffer is less than 5, real size: 1
[2026-07-08 17:09:19] out while is working
[2026-07-08 17:09:19] data_length 14 iseq 50
[2026-07-08 17:09:19] begin switch_method
[2026-07-08 17:09:19] find command id514
[2026-07-08 17:09:19] data_length 12 iseq 51
[2026-07-08 17:09:19] buffer is less than sof_index + frame_length(21), buffer size: b'\xa5\x0c\x003$\x03\x02\x00\x00'
[2026-07-08 17:09:19] out while is working
[2026-07-08 17:09:19] data_length 12 iseq 51
[2026-07-08 17:09:19] buffer is less than sof_index + frame_length(21), buffer size: b'\xa5\x0c\x003$\x03\x02\x00\x00\x00'
[2026-07-08 17:09:19] out while is working
[2026-07-08 17:09:19] data_length 12 iseq 51
[2026-07-08 17:09:19] begin switch_method
[2026-07-08 17:09:19] find command id515
[2026-07-08 17:09:19] data_length 17 iseq 52
[2026-07-08 17:09:19] buffer is less than sof_index + frame_length(26), buffer size: b'\xa5\x11\x004\xfd\x01\x02\t\x01\xb8"\xb8"d\x00@\x01x\x00\x00'
[2026-07-08 17:09:19] out while is working
[2026-07-08 17:09:19] data_length 17 iseq 52
[2026-07-08 17:09:19] buffer is less than sof_index + frame_length(26), buffer size: b'\xa5\x11\x004\xfd\x01\x02\t\x01\xb8"\xb8"d\x00@\x01x\x00\x00\x00'
[2026-07-08 17:09:19] out while is working
[2026-07-08 17:09:19] data_length 17 iseq 52
[2026-07-08 17:09:19] begin switch_method
[2026-07-08 17:09:19] find command id513
[2026-07-08 17:09:19] buffer is less than 5, real size: 0
[2026-07-08 17:09:19] out while is working
[2026-07-08 17:09:19] buffer is less than 5, real size: 0
[2026-07-08 17:09:19] out while is working
[2026-07-08 17:09:20] buffer is less than 5, real size: 0
[2026-07-08 17:09:20] out while is working
[2026-07-08 17:09:20] buffer is less than 5, real size: 0
[2026-07-08 17:09:20] out while is working
[2026-07-08 17:09:20] buffer is less than 5, real size: 0
[2026-07-08 17:09:20] out while is working
[2026-07-08 17:09:20] buffer is less than 5, real size: 0
[2026-07-08 17:09:20] out while is working
[2026-07-08 17:09:20] buffer is less than 5, real size: 0
[2026-07-08 17:09:20] out while is working
[2026-07-08 17:09:20] buffer is less than 5, real size: 0
[2026-07-08 17:09:20] out while is working
[2026-07-08 17:09:20] buffer is less than 5, real size: 0
[2026-07-08 17:09:20] out while is working
[2026-07-08 17:09:20] buffer is less than 5, real size: 0
[2026-07-08 17:09:20] out while is working
[2026-07-08 17:09:20] buffer is less than 5, real size: 1
[2026-07-08 17:09:20] out while is working
[2026-07-08 17:09:20] data_length 14 iseq 53
[2026-07-08 17:09:20] begin switch_method
[2026-07-08 17:09:20] find command id514
[2026-07-08 17:09:20] data_length 17 iseq 54
[2026-07-08 17:09:20] buffer is less than sof_index + frame_length(26), buffer size: b'\xa5\x11\x006A\x01\x02\t\x01'
[2026-07-08 17:09:20] out while is working
[2026-07-08 17:09:20] data_length 17 iseq 54
[2026-07-08 17:09:20] buffer is less than sof_index + frame_length(26), buffer size: b'\xa5\x11\x006A\x01\x02\t\x01\xb8'
[2026-07-08 17:09:20] out while is working
[2026-07-08 17:09:20] data_length 17 iseq 54
[2026-07-08 17:09:20] begin switch_method
[2026-07-08 17:09:20] find command id513
[2026-07-08 17:09:20] buffer is less than 5, real size: 0
[2026-07-08 17:09:20] out while is working
[2026-07-08 17:09:20] buffer is less than 5, real size: 0
[2026-07-08 17:09:20] out while is working
[2026-07-08 17:09:20] buffer is less than 5, real size: 0
[2026-07-08 17:09:20] out while is working
[2026-07-08 17:09:20] buffer is less than 5, real size: 0
[2026-07-08 17:09:20] out while is working
[2026-07-08 17:09:20] buffer is less than 5, real size: 0
[2026-07-08 17:09:20] out while is working
[2026-07-08 17:09:20] buffer is less than 5, real size: 0
[2026-07-08 17:09:20] out while is working
[2026-07-08 17:09:20] buffer is less than 5, real size: 0
[2026-07-08 17:09:20] out while is working
[2026-07-08 17:09:20] buffer is less than 5, real size: 0
[2026-07-08 17:09:20] out while is working
[2026-07-08 17:09:20] buffer is less than 5, real size: 0
[2026-07-08 17:09:20] out while is working
[2026-07-08 17:09:20] buffer is less than 5, real size: 0
[2026-07-08 17:09:20] out while is working
[2026-07-08 17:09:20] buffer is less than 5, real size: 1
[2026-07-08 17:09:20] out while is working
[2026-07-08 17:09:20] data_length 14 iseq 55
[2026-07-08 17:09:20] begin switch_method
[2026-07-08 17:09:20] find command id514
[2026-07-08 17:09:20] data_length 17 iseq 56
[2026-07-08 17:09:20] buffer is less than sof_index + frame_length(26), buffer size: b'\xa5\x11\x008^\x01\x02\t\x01'
[2026-07-08 17:09:20] out while is working
[2026-07-08 17:09:20] data_length 17 iseq 56
[2026-07-08 17:09:20] buffer is less than sof_index + frame_length(26), buffer size: b'\xa5\x11\x008^\x01\x02\t\x01\xb8'
[2026-07-08 17:09:20] out while is working
[2026-07-08 17:09:20] data_length 17 iseq 56
[2026-07-08 17:09:20] begin switch_method
[2026-07-08 17:09:20] find command id513
[2026-07-08 17:09:20] buffer is less than 5, real size: 0
[2026-07-08 17:09:20] out while is working
[2026-07-08 17:09:20] buffer is less than 5, real size: 0
[2026-07-08 17:09:20] out while is working
[2026-07-08 17:09:20] buffer is less than 5, real size: 0
[2026-07-08 17:09:20] out while is working
[2026-07-08 17:09:20] buffer is less than 5, real size: 0
[2026-07-08 17:09:20] out while is working
[2026-07-08 17:09:20] buffer is less than 5, real size: 0
[2026-07-08 17:09:20] out while is working
[2026-07-08 17:09:20] buffer is less than 5, real size: 0
[2026-07-08 17:09:20] out while is working
[2026-07-08 17:09:20] buffer is less than 5, real size: 0
[2026-07-08 17:09:20] out while is working
[2026-07-08 17:09:20] buffer is less than 5, real size: 1
[2026-07-08 17:09:20] out while is working
[2026-07-08 17:09:20] data_length 5 iseq 57
[2026-07-08 17:09:20] begin switch_method
[2026-07-08 17:09:20] find command id521
[2026-07-08 17:09:20] buffer is less than 5, real size: 0
[2026-07-08 17:09:20] out while is working
[2026-07-08 17:09:20] buffer is less than 5, real size: 0
[2026-07-08 17:09:20] out while is working
[2026-07-08 17:09:20] buffer is less than 5, real size: 0
[2026-07-08 17:09:20] out while is working
[2026-07-08 17:09:20] buffer is less than 5, real size: 0
[2026-07-08 17:09:20] out while is working
[2026-07-08 17:09:20] buffer is less than 5, real size: 1
[2026-07-08 17:09:20] out while is working
[2026-07-08 17:09:20] data_length 14 iseq 58
[2026-07-08 17:09:20] begin switch_method
[2026-07-08 17:09:20] find command id514
[2026-07-08 17:09:20] data_length 17 iseq 59
[2026-07-08 17:09:20] buffer is less than sof_index + frame_length(26), buffer size: b'\xa5\x11\x00;\xbc\x01\x02\t\x01'
[2026-07-08 17:09:20] out while is working
[2026-07-08 17:09:20] data_length 17 iseq 59
[2026-07-08 17:09:20] buffer is less than sof_index + frame_length(26), buffer size: b'\xa5\x11\x00;\xbc\x01\x02\t\x01\xb8'
[2026-07-08 17:09:20] out while is working
[2026-07-08 17:09:20] data_length 17 iseq 59
[2026-07-08 17:09:20] begin switch_method
[2026-07-08 17:09:20] find command id513
[2026-07-08 17:09:20] buffer is less than 5, real size: 0
[2026-07-08 17:09:20] out while is working
[2026-07-08 17:09:20] buffer is less than 5, real size: 0
[2026-07-08 17:09:20] out while is working
[2026-07-08 17:09:20] buffer is less than 5, real size: 0
[2026-07-08 17:09:20] out while is working
[2026-07-08 17:09:20] buffer is less than 5, real size: 0
[2026-07-08 17:09:20] out while is working
[2026-07-08 17:09:20] buffer is less than 5, real size: 0
[2026-07-08 17:09:20] out while is working
[2026-07-08 17:09:20] buffer is less than 5, real size: 0
[2026-07-08 17:09:20] out while is working
[2026-07-08 17:09:20] buffer is less than 5, real size: 0
[2026-07-08 17:09:20] out while is working
[2026-07-08 17:09:20] buffer is less than 5, real size: 0
[2026-07-08 17:09:20] out while is working
[2026-07-08 17:09:20] buffer is less than 5, real size: 0
[2026-07-08 17:09:20] out while is working
[2026-07-08 17:09:20] buffer is less than 5, real size: 0
[2026-07-08 17:09:20] out while is working
[2026-07-08 17:09:20] buffer is less than 5, real size: 0
[2026-07-08 17:09:20] out while is working
[2026-07-08 17:09:20] buffer is less than 5, real size: 1
[2026-07-08 17:09:20] out while is working
[2026-07-08 17:09:20] data_length 14 iseq 60
[2026-07-08 17:09:20] begin switch_method
[2026-07-08 17:09:20] find command id514
[2026-07-08 17:09:20] data_length 17 iseq 61
[2026-07-08 17:09:20] buffer is less than sof_index + frame_length(26), buffer size: b'\xa5\x11\x00=a\x01\x02\t\x01'
[2026-07-08 17:09:20] out while is working
[2026-07-08 17:09:20] data_length 17 iseq 61
[2026-07-08 17:09:20] buffer is less than sof_index + frame_length(26), buffer size: b'\xa5\x11\x00=a\x01\x02\t\x01\xb8'
[2026-07-08 17:09:20] out while is working
[2026-07-08 17:09:20] data_length 17 iseq 61
[2026-07-08 17:09:20] begin switch_method
[2026-07-08 17:09:20] find command id513
[2026-07-08 17:09:20] buffer is less than 5, real size: 0
[2026-07-08 17:09:20] out while is working
[2026-07-08 17:09:20] buffer is less than 5, real size: 0
[2026-07-08 17:09:20] out while is working
[2026-07-08 17:09:20] buffer is less than 5, real size: 0
[2026-07-08 17:09:20] out while is working
[2026-07-08 17:09:20] buffer is less than 5, real size: 0
[2026-07-08 17:09:20] out while is working
[2026-07-08 17:09:20] buffer is less than 5, real size: 0
[2026-07-08 17:09:20] out while is working
[2026-07-08 17:09:20] buffer is less than 5, real size: 0
[2026-07-08 17:09:20] out while is working
[2026-07-08 17:09:20] buffer is less than 5, real size: 0
[2026-07-08 17:09:20] out while is working
[2026-07-08 17:09:20] buffer is less than 5, real size: 0
[2026-07-08 17:09:20] out while is working
[2026-07-08 17:09:20] buffer is less than 5, real size: 0
[2026-07-08 17:09:20] out while is working
[2026-07-08 17:09:20] buffer is less than 5, real size: 0
[2026-07-08 17:09:20] out while is working
[2026-07-08 17:09:20] buffer is less than 5, real size: 1
[2026-07-08 17:09:20] out while is working
[2026-07-08 17:09:20] data_length 14 iseq 62
[2026-07-08 17:09:20] begin switch_method
[2026-07-08 17:09:20] find command id514
[2026-07-08 17:09:20] data_length 17 iseq 63
[2026-07-08 17:09:20] buffer is less than sof_index + frame_length(26), buffer size: b'\xa5\x11\x00?\xdd\x01\x02\t\x01'
[2026-07-08 17:09:20] out while is working
[2026-07-08 17:09:20] data_length 17 iseq 63
[2026-07-08 17:09:20] buffer is less than sof_index + frame_length(26), buffer size: b'\xa5\x11\x00?\xdd\x01\x02\t\x01\xb8'
[2026-07-08 17:09:20] out while is working
[2026-07-08 17:09:20] data_length 17 iseq 63
[2026-07-08 17:09:20] begin switch_method
[2026-07-08 17:09:20] find command id513
[2026-07-08 17:09:20] buffer is less than 5, real size: 0
[2026-07-08 17:09:20] out while is working
[2026-07-08 17:09:20] buffer is less than 5, real size: 0
[2026-07-08 17:09:20] out while is working
[2026-07-08 17:09:20] buffer is less than 5, real size: 0
[2026-07-08 17:09:20] out while is working
[2026-07-08 17:09:20] buffer is less than 5, real size: 0
[2026-07-08 17:09:20] out while is working
[2026-07-08 17:09:20] buffer is less than 5, real size: 0
[2026-07-08 17:09:20] out while is working
[2026-07-08 17:09:20] buffer is less than 5, real size: 1
[2026-07-08 17:09:20] out while is working
[2026-07-08 17:09:20] data_length 5 iseq 64
[2026-07-08 17:09:20] begin switch_method
[2026-07-08 17:09:20] find command id521
[2026-07-08 17:09:20] buffer is less than 5, real size: 0
[2026-07-08 17:09:20] out while is working
[2026-07-08 17:09:20] buffer is less than 5, real size: 0
[2026-07-08 17:09:20] out while is working
[2026-07-08 17:09:20] buffer is less than 5, real size: 0
[2026-07-08 17:09:20] out while is working
[2026-07-08 17:09:20] buffer is less than 5, real size: 0
[2026-07-08 17:09:20] out while is working
[2026-07-08 17:09:20] buffer is less than 5, real size: 0
[2026-07-08 17:09:20] out while is working
[2026-07-08 17:09:20] buffer is less than 5, real size: 0
[2026-07-08 17:09:20] out while is working
[2026-07-08 17:09:20] buffer is less than 5, real size: 1
[2026-07-08 17:09:20] out while is working
[2026-07-08 17:09:20] data_length 14 iseq 65
[2026-07-08 17:09:20] begin switch_method
[2026-07-08 17:09:20] find command id514
[2026-07-08 17:09:20] data_length 17 iseq 66
[2026-07-08 17:09:20] buffer is less than sof_index + frame_length(26), buffer size: b'\xa5\x11\x00B\xd8\x01\x02\t\x01'
[2026-07-08 17:09:20] out while is working
[2026-07-08 17:09:20] data_length 17 iseq 66
[2026-07-08 17:09:20] buffer is less than sof_index + frame_length(26), buffer size: b'\xa5\x11\x00B\xd8\x01\x02\t\x01\xb8'
[2026-07-08 17:09:20] out while is working
[2026-07-08 17:09:20] data_length 17 iseq 66
[2026-07-08 17:09:20] begin switch_method
[2026-07-08 17:09:20] find command id513
[2026-07-08 17:09:20] buffer is less than 5, real size: 0
[2026-07-08 17:09:20] out while is working
[2026-07-08 17:09:20] buffer is less than 5, real size: 0
[2026-07-08 17:09:20] out while is working
[2026-07-08 17:09:20] buffer is less than 5, real size: 0
[2026-07-08 17:09:20] out while is working
[2026-07-08 17:09:20] buffer is less than 5, real size: 0
[2026-07-08 17:09:20] out while is working
[2026-07-08 17:09:20] buffer is less than 5, real size: 0
[2026-07-08 17:09:20] out while is working
[2026-07-08 17:09:20] buffer is less than 5, real size: 0
[2026-07-08 17:09:20] out while is working
[2026-07-08 17:09:20] buffer is less than 5, real size: 0
[2026-07-08 17:09:20] out while is working
[2026-07-08 17:09:20] buffer is less than 5, real size: 0
[2026-07-08 17:09:20] out while is working
[2026-07-08 17:09:20] buffer is less than 5, real size: 0
[2026-07-08 17:09:20] out while is working
[2026-07-08 17:09:20] buffer is less than 5, real size: 0
[2026-07-08 17:09:20] out while is working
[2026-07-08 17:09:20] buffer is less than 5, real size: 1
[2026-07-08 17:09:20] out while is working
[2026-07-08 17:09:20] data_length 14 iseq 67
[2026-07-08 17:09:20] begin switch_method
[2026-07-08 17:09:20] find command id514
[2026-07-08 17:09:20] data_length 17 iseq 68
[2026-07-08 17:09:20] buffer is less than sof_index + frame_length(26), buffer size: b'\xa5\x11\x00D\x05\x01\x02\t\x01'
[2026-07-08 17:09:20] out while is working
[2026-07-08 17:09:20] data_length 17 iseq 68
[2026-07-08 17:09:20] buffer is less than sof_index + frame_length(26), buffer size: b'\xa5\x11\x00D\x05\x01\x02\t\x01\xb8'
[2026-07-08 17:09:20] out while is working
[2026-07-08 17:09:20] data_length 17 iseq 68
[2026-07-08 17:09:20] begin switch_method
[2026-07-08 17:09:20] find command id513
[2026-07-08 17:09:20] buffer is less than 5, real size: 0
[2026-07-08 17:09:20] out while is working
[2026-07-08 17:09:20] buffer is less than 5, real size: 0
[2026-07-08 17:09:20] out while is working
[2026-07-08 17:09:20] buffer is less than 5, real size: 0
[2026-07-08 17:09:20] out while is working
[2026-07-08 17:09:20] buffer is less than 5, real size: 0
[2026-07-08 17:09:20] out while is working
[2026-07-08 17:09:20] buffer is less than 5, real size: 0
[2026-07-08 17:09:20] out while is working
[2026-07-08 17:09:20] buffer is less than 5, real size: 1
[2026-07-08 17:09:20] out while is working
[2026-07-08 17:09:20] data_length 2 iseq 69
[2026-07-08 17:09:20] begin switch_method
[2026-07-08 17:09:20] find command id524
[2026-07-08 17:09:20] Mark process: [0, 0, 0, 0, 0, 0] (raw bits: 0000000000000000)
[2026-07-08 17:09:20] data_length 4 iseq 70
[2026-07-08 17:09:20] begin switch_method
[2026-07-08 17:09:20] find command id257
[2026-07-08 17:09:20] data_length 11 iseq 71
[2026-07-08 17:09:20] buffer is less than sof_index + frame_length(20), buffer size: b'\xa5\x0b\x00G\xc7\x01\x00\x01'
[2026-07-08 17:09:20] out while is working
[2026-07-08 17:09:20] data_length 11 iseq 71
[2026-07-08 17:09:20] buffer is less than sof_index + frame_length(20), buffer size: b'\xa5\x0b\x00G\xc7\x01\x00\x01\x00'
[2026-07-08 17:09:20] out while is working
[2026-07-08 17:09:20] data_length 11 iseq 71
[2026-07-08 17:09:20] begin switch_method
[2026-07-08 17:09:20] find command id1
[2026-07-08 17:09:20] data_length 3 iseq 72
[2026-07-08 17:09:20] begin switch_method
[2026-07-08 17:09:20] find command id261
[2026-07-08 17:09:20] Dart target: 0
[2026-07-08 17:09:20] data_length 1 iseq 73
[2026-07-08 17:09:20] buffer is less than sof_index + frame_length(10), buffer size: b'\xa5\x01\x00I\xb2\x0e\x02('
[2026-07-08 17:09:20] out while is working
[2026-07-08 17:09:20] data_length 1 iseq 73
[2026-07-08 17:09:20] buffer is less than sof_index + frame_length(10), buffer size: b'\xa5\x01\x00I\xb2\x0e\x02(g'
[2026-07-08 17:09:20] out while is working
[2026-07-08 17:09:20] data_length 1 iseq 73
[2026-07-08 17:09:20] begin switch_method
[2026-07-08 17:09:20] find command id526
[2026-07-08 17:09:20] Double effect chance: 0, is double effect active: 0
[2026-07-08 17:09:20] Interference level: 1, is key updated: 1
[2026-07-08 17:09:20] buffer is less than 5, real size: 0
[2026-07-08 17:09:20] out while is working
[2026-07-08 17:09:20] buffer is less than 5, real size: 0
[2026-07-08 17:09:20] out while is working
[2026-07-08 17:09:20] buffer is less than 5, real size: 0
[2026-07-08 17:09:20] out while is working
[2026-07-08 17:09:20] buffer is less than 5, real size: 0
[2026-07-08 17:09:20] out while is working
[2026-07-08 17:09:20] buffer is less than 5, real size: 0
[2026-07-08 17:09:20] out while is working
[2026-07-08 17:09:20] buffer is less than 5, real size: 1
[2026-07-08 17:09:20] out while is working
[2026-07-08 17:09:20] data_length 14 iseq 74
[2026-07-08 17:09:20] begin switch_method
[2026-07-08 17:09:20] find command id514
[2026-07-08 17:09:20] data_length 17 iseq 75
[2026-07-08 17:09:20] buffer is less than sof_index + frame_length(26), buffer size: b'\xa5\x11\x00KD\x01\x02\t\x01'
[2026-07-08 17:09:20] out while is working
[2026-07-08 17:09:20] data_length 17 iseq 75
[2026-07-08 17:09:20] buffer is less than sof_index + frame_length(26), buffer size: b'\xa5\x11\x00KD\x01\x02\t\x01\xb8'
[2026-07-08 17:09:20] out while is working
[2026-07-08 17:09:20] data_length 17 iseq 75
[2026-07-08 17:09:20] begin switch_method
[2026-07-08 17:09:20] find command id513
[2026-07-08 17:09:20] buffer is less than 5, real size: 0
[2026-07-08 17:09:20] out while is working
[2026-07-08 17:09:20] buffer is less than 5, real size: 0
[2026-07-08 17:09:20] out while is working
[2026-07-08 17:09:20] buffer is less than 5, real size: 0
[2026-07-08 17:09:20] out while is working
[2026-07-08 17:09:20] buffer is less than 5, real size: 0
[2026-07-08 17:09:20] out while is working
[2026-07-08 17:09:20] buffer is less than 5, real size: 0
[2026-07-08 17:09:20] out while is working
[2026-07-08 17:09:20] buffer is less than 5, real size: 1
[2026-07-08 17:09:20] out while is working
[2026-07-08 17:09:20] data_length 5 iseq 76
[2026-07-08 17:09:20] begin switch_method
[2026-07-08 17:09:20] find command id521
[2026-07-08 17:09:20] buffer is less than 5, real size: 0
[2026-07-08 17:09:20] out while is working
[2026-07-08 17:09:20] buffer is less than 5, real size: 0
[2026-07-08 17:09:20] out while is working
[2026-07-08 17:09:20] buffer is less than 5, real size: 0
[2026-07-08 17:09:20] out while is working
[2026-07-08 17:09:20] buffer is less than 5, real size: 0
[2026-07-08 17:09:20] out while is working
[2026-07-08 17:09:20] buffer is less than 5, real size: 0
[2026-07-08 17:09:20] out while is working
[2026-07-08 17:09:20] buffer is less than 5, real size: 1
[2026-07-08 17:09:20] out while is working
[2026-07-08 17:09:20] data_length 14 iseq 77
[2026-07-08 17:09:20] begin switch_method
[2026-07-08 17:09:20] find command id514
[2026-07-08 17:09:20] data_length 17 iseq 78
[2026-07-08 17:09:20] buffer is less than sof_index + frame_length(26), buffer size: b'\xa5\x11\x00N{\x01\x02\t\x01'
[2026-07-08 17:09:20] out while is working
[2026-07-08 17:09:20] data_length 17 iseq 78
[2026-07-08 17:09:20] buffer is less than sof_index + frame_length(26), buffer size: b'\xa5\x11\x00N{\x01\x02\t\x01\xb8'
[2026-07-08 17:09:20] out while is working
[2026-07-08 17:09:20] data_length 17 iseq 78
[2026-07-08 17:09:20] begin switch_method
[2026-07-08 17:09:20] find command id513
[2026-07-08 17:09:20] buffer is less than 5, real size: 0
[2026-07-08 17:09:20] out while is working
[2026-07-08 17:09:20] buffer is less than 5, real size: 0
[2026-07-08 17:09:20] out while is working
[2026-07-08 17:09:20] buffer is less than 5, real size: 0
[2026-07-08 17:09:20] out while is working
[2026-07-08 17:09:20] buffer is less than 5, real size: 0
[2026-07-08 17:09:20] out while is working
[2026-07-08 17:09:20] buffer is less than 5, real size: 0
[2026-07-08 17:09:20] out while is working
[2026-07-08 17:09:20] buffer is less than 5, real size: 0
[2026-07-08 17:09:20] out while is working
[2026-07-08 17:09:20] buffer is less than 5, real size: 0
[2026-07-08 17:09:20] out while is working
[2026-07-08 17:09:20] buffer is less than 5, real size: 0
[2026-07-08 17:09:20] out while is working
[2026-07-08 17:09:20] buffer is less than 5, real size: 0
[2026-07-08 17:09:20] out while is working
[2026-07-08 17:09:20] buffer is less than 5, real size: 0
[2026-07-08 17:09:20] out while is working
[2026-07-08 17:09:21] buffer is less than 5, real size: 0
[2026-07-08 17:09:21] out while is working
[2026-07-08 17:09:21] buffer is less than 5, real size: 1
[2026-07-08 17:09:21] out while is working
[2026-07-08 17:09:21] data_length 14 iseq 79
[2026-07-08 17:09:21] begin switch_method
[2026-07-08 17:09:21] find command id514
[2026-07-08 17:09:21] data_length 12 iseq 80
[2026-07-08 17:09:21] buffer is less than sof_index + frame_length(21), buffer size: b'\xa5\x0c\x00P\xa3\x03\x02\x00\x00'
[2026-07-08 17:09:21] out while is working
[2026-07-08 17:09:21] data_length 12 iseq 80
[2026-07-08 17:09:21] buffer is less than sof_index + frame_length(21), buffer size: b'\xa5\x0c\x00P\xa3\x03\x02\x00\x00\x00'
[2026-07-08 17:09:21] out while is working
[2026-07-08 17:09:21] data_length 12 iseq 80
[2026-07-08 17:09:21] begin switch_method
[2026-07-08 17:09:21] find command id515
[2026-07-08 17:09:21] data_length 17 iseq 81
[2026-07-08 17:09:21] buffer is less than sof_index + frame_length(26), buffer size: b'\xa5\x11\x00Q\xa7\x01\x02\t\x01\xb8"\xb8"d\x00@\x01x\x00\x00'
[2026-07-08 17:09:21] out while is working
[2026-07-08 17:09:21] data_length 17 iseq 81
[2026-07-08 17:09:21] buffer is less than sof_index + frame_length(26), buffer size: b'\xa5\x11\x00Q\xa7\x01\x02\t\x01\xb8"\xb8"d\x00@\x01x\x00\x00\x00'
[2026-07-08 17:09:21] out while is working
[2026-07-08 17:09:21] data_length 17 iseq 81
[2026-07-08 17:09:21] begin switch_method
[2026-07-08 17:09:21] find command id513
[2026-07-08 17:09:21] buffer is less than 5, real size: 0
[2026-07-08 17:09:21] out while is working
[2026-07-08 17:09:21] buffer is less than 5, real size: 0
[2026-07-08 17:09:21] out while is working
[2026-07-08 17:09:21] buffer is less than 5, real size: 0
[2026-07-08 17:09:21] out while is working
[2026-07-08 17:09:21] buffer is less than 5, real size: 0
[2026-07-08 17:09:21] out while is working
[2026-07-08 17:09:21] buffer is less than 5, real size: 0
[2026-07-08 17:09:21] out while is working
[2026-07-08 17:09:21] buffer is less than 5, real size: 0
[2026-07-08 17:09:21] out while is working
[2026-07-08 17:09:21] buffer is less than 5, real size: 0
[2026-07-08 17:09:21] out while is working
[2026-07-08 17:09:21] buffer is less than 5, real size: 0
[2026-07-08 17:09:21] out while is working
[2026-07-08 17:09:21] buffer is less than 5, real size: 0
[2026-07-08 17:09:21] out while is working
[2026-07-08 17:09:21] buffer is less than 5, real size: 0
[2026-07-08 17:09:21] out while is working
[2026-07-08 17:09:21] buffer is less than 5, real size: 1
[2026-07-08 17:09:21] out while is working
[2026-07-08 17:09:21] data_length 14 iseq 82
[2026-07-08 17:09:21] begin switch_method
[2026-07-08 17:09:21] find command id514
[2026-07-08 17:09:21] data_length 17 iseq 83
[2026-07-08 17:09:21] buffer is less than sof_index + frame_length(26), buffer size: b'\xa5\x11\x00S\x1b\x01\x02\t\x01'
[2026-07-08 17:09:21] out while is working
[2026-07-08 17:09:21] data_length 17 iseq 83
[2026-07-08 17:09:21] buffer is less than sof_index + frame_length(26), buffer size: b'\xa5\x11\x00S\x1b\x01\x02\t\x01\xb8'
[2026-07-08 17:09:21] out while is working
[2026-07-08 17:09:21] data_length 17 iseq 83
[2026-07-08 17:09:21] begin switch_method
[2026-07-08 17:09:21] find command id513
[2026-07-08 17:09:21] buffer is less than 5, real size: 0
[2026-07-08 17:09:21] out while is working
[2026-07-08 17:09:21] buffer is less than 5, real size: 0
[2026-07-08 17:09:21] out while is working
[2026-07-08 17:09:21] buffer is less than 5, real size: 0
[2026-07-08 17:09:21] out while is working
[2026-07-08 17:09:21] buffer is less than 5, real size: 0
[2026-07-08 17:09:21] out while is working
[2026-07-08 17:09:21] buffer is less than 5, real size: 1
[2026-07-08 17:09:21] out while is working
[2026-07-08 17:09:21] data_length 5 iseq 84
[2026-07-08 17:09:21] begin switch_method
[2026-07-08 17:09:21] find command id521
[2026-07-08 17:09:21] buffer is less than 5, real size: 0
[2026-07-08 17:09:21] out while is working
[2026-07-08 17:09:21] buffer is less than 5, real size: 0
[2026-07-08 17:09:21] out while is working
[2026-07-08 17:09:21] buffer is less than 5, real size: 0
[2026-07-08 17:09:21] out while is working
[2026-07-08 17:09:21] buffer is less than 5, real size: 0
[2026-07-08 17:09:21] out while is working
[2026-07-08 17:09:21] buffer is less than 5, real size: 0
[2026-07-08 17:09:21] out while is working
[2026-07-08 17:09:21] buffer is less than 5, real size: 0
[2026-07-08 17:09:21] out while is working
[2026-07-08 17:09:21] buffer is less than 5, real size: 1
[2026-07-08 17:09:21] out while is working
[2026-07-08 17:09:21] data_length 14 iseq 85
[2026-07-08 17:09:21] begin switch_method
[2026-07-08 17:09:21] find command id514
[2026-07-08 17:09:21] data_length 17 iseq 86
[2026-07-08 17:09:21] buffer is less than sof_index + frame_length(26), buffer size: b'\xa5\x11\x00V$\x01\x02\t\x01'
[2026-07-08 17:09:21] out while is working
[2026-07-08 17:09:21] data_length 17 iseq 86
[2026-07-08 17:09:21] buffer is less than sof_index + frame_length(26), buffer size: b'\xa5\x11\x00V$\x01\x02\t\x01\xb8'
[2026-07-08 17:09:21] out while is working
[2026-07-08 17:09:21] data_length 17 iseq 86
[2026-07-08 17:09:21] begin switch_method
[2026-07-08 17:09:21] find command id513
[2026-07-08 17:09:21] buffer is less than 5, real size: 0
[2026-07-08 17:09:21] out while is working
[2026-07-08 17:09:21] buffer is less than 5, real size: 0
[2026-07-08 17:09:21] out while is working
[2026-07-08 17:09:21] buffer is less than 5, real size: 0
[2026-07-08 17:09:21] out while is working
[2026-07-08 17:09:21] buffer is less than 5, real size: 0
[2026-07-08 17:09:21] out while is working
[2026-07-08 17:09:21] buffer is less than 5, real size: 0
[2026-07-08 17:09:21] out while is working
[2026-07-08 17:09:21] buffer is less than 5, real size: 0
[2026-07-08 17:09:21] out while is working
[2026-07-08 17:09:21] buffer is less than 5, real size: 0
[2026-07-08 17:09:21] out while is working
[2026-07-08 17:09:21] buffer is less than 5, real size: 0
[2026-07-08 17:09:21] out while is working
[2026-07-08 17:09:21] buffer is less than 5, real size: 0
[2026-07-08 17:09:21] out while is working
[2026-07-08 17:09:21] buffer is less than 5, real size: 0
[2026-07-08 17:09:21] out while is working
[2026-07-08 17:09:21] buffer is less than 5, real size: 1
[2026-07-08 17:09:21] out while is working
[2026-07-08 17:09:21] data_length 14 iseq 87
[2026-07-08 17:09:21] begin switch_method
[2026-07-08 17:09:21] find command id514
[2026-07-08 17:09:21] data_length 17 iseq 88
[2026-07-08 17:09:21] buffer is less than sof_index + frame_length(26), buffer size: b'\xa5\x11\x00X;\x01\x02\t\x01'
[2026-07-08 17:09:21] out while is working
[2026-07-08 17:09:21] data_length 17 iseq 88
[2026-07-08 17:09:21] buffer is less than sof_index + frame_length(26), buffer size: b'\xa5\x11\x00X;\x01\x02\t\x01\xb8'
[2026-07-08 17:09:21] out while is working
[2026-07-08 17:09:21] data_length 17 iseq 88
[2026-07-08 17:09:21] begin switch_method
[2026-07-08 17:09:21] find command id513
[2026-07-08 17:09:21] buffer is less than 5, real size: 0
[2026-07-08 17:09:21] out while is working
[2026-07-08 17:09:21] buffer is less than 5, real size: 0
[2026-07-08 17:09:21] out while is working
[2026-07-08 17:09:21] buffer is less than 5, real size: 0
[2026-07-08 17:09:21] out while is working
[2026-07-08 17:09:21] buffer is less than 5, real size: 0
[2026-07-08 17:09:21] out while is working
[2026-07-08 17:09:21] buffer is less than 5, real size: 0
[2026-07-08 17:09:21] out while is working
[2026-07-08 17:09:21] buffer is less than 5, real size: 0
[2026-07-08 17:09:21] out while is working
[2026-07-08 17:09:21] buffer is less than 5, real size: 0
[2026-07-08 17:09:21] out while is working
[2026-07-08 17:09:21] buffer is less than 5, real size: 0
[2026-07-08 17:09:21] out while is working
[2026-07-08 17:09:21] buffer is less than 5, real size: 0
[2026-07-08 17:09:21] out while is working
[2026-07-08 17:09:21] buffer is less than 5, real size: 0
[2026-07-08 17:09:21] out while is working
[2026-07-08 17:09:21] buffer is less than 5, real size: 0
[2026-07-08 17:09:21] out while is working
[2026-07-08 17:09:21] buffer is less than 5, real size: 1
[2026-07-08 17:09:21] out while is working
[2026-07-08 17:09:21] data_length 14 iseq 89
[2026-07-08 17:09:21] begin switch_method
[2026-07-08 17:09:21] find command id514
[2026-07-08 17:09:21] data_length 17 iseq 90
[2026-07-08 17:09:21] buffer is less than sof_index + frame_length(26), buffer size: b'\xa5\x11\x00Z\x87\x01\x02\t\x01'
[2026-07-08 17:09:21] out while is working
[2026-07-08 17:09:21] data_length 17 iseq 90
[2026-07-08 17:09:21] buffer is less than sof_index + frame_length(26), buffer size: b'\xa5\x11\x00Z\x87\x01\x02\t\x01\xb8'
[2026-07-08 17:09:21] out while is working
[2026-07-08 17:09:21] data_length 17 iseq 90
[2026-07-08 17:09:21] begin switch_method
[2026-07-08 17:09:21] find command id513
[2026-07-08 17:09:21] buffer is less than 5, real size: 0
[2026-07-08 17:09:21] out while is working
[2026-07-08 17:09:21] buffer is less than 5, real size: 0
[2026-07-08 17:09:21] out while is working
[2026-07-08 17:09:21] buffer is less than 5, real size: 0
[2026-07-08 17:09:21] out while is working
[2026-07-08 17:09:21] buffer is less than 5, real size: 0
[2026-07-08 17:09:21] out while is working
[2026-07-08 17:09:21] buffer is less than 5, real size: 0
[2026-07-08 17:09:21] out while is working
[2026-07-08 17:09:21] buffer is less than 5, real size: 0
[2026-07-08 17:09:21] out while is working
[2026-07-08 17:09:21] buffer is less than 5, real size: 0
[2026-07-08 17:09:21] out while is working
[2026-07-08 17:09:21] buffer is less than 5, real size: 0
[2026-07-08 17:09:21] out while is working
[2026-07-08 17:09:21] buffer is less than 5, real size: 0
[2026-07-08 17:09:21] out while is working
[2026-07-08 17:09:21] buffer is less than 5, real size: 0
[2026-07-08 17:09:21] out while is working
[2026-07-08 17:09:21] buffer is less than 5, real size: 0
[2026-07-08 17:09:21] out while is working
[2026-07-08 17:09:21] buffer is less than 5, real size: 1
[2026-07-08 17:09:21] out while is working
[2026-07-08 17:09:21] data_length 5 iseq 91
[2026-07-08 17:09:21] begin switch_method
[2026-07-08 17:09:21] find command id521
[2026-07-08 17:09:21] data_length 14 iseq 92
[2026-07-08 17:09:21] buffer is less than sof_index + frame_length(23), buffer size: b'\xa5\x0e\x00\\O\x02\x02\x00\x00\x00\x00\x00\x00\x00\x00\x00\x00\x00'
[2026-07-08 17:09:21] out while is working
[2026-07-08 17:09:21] data_length 14 iseq 92
[2026-07-08 17:09:21] buffer is less than sof_index + frame_length(23), buffer size: b'\xa5\x0e\x00\\O\x02\x02\x00\x00\x00\x00\x00\x00\x00\x00\x00\x00\x00\x00'
[2026-07-08 17:09:21] out while is working
[2026-07-08 17:09:21] data_length 14 iseq 92
[2026-07-08 17:09:21] begin switch_method
[2026-07-08 17:09:21] find command id514
[2026-07-08 17:09:21] data_length 17 iseq 93
[2026-07-08 17:09:21] begin switch_method
[2026-07-08 17:09:21] find command id513
[2026-07-08 17:09:21] buffer is less than 5, real size: 0
[2026-07-08 17:09:21] out while is working
[2026-07-08 17:09:21] buffer is less than 5, real size: 0
[2026-07-08 17:09:21] out while is working
[2026-07-08 17:09:21] buffer is less than 5, real size: 0
[2026-07-08 17:09:21] out while is working
[2026-07-08 17:09:21] buffer is less than 5, real size: 0
[2026-07-08 17:09:21] out while is working
[2026-07-08 17:09:21] buffer is less than 5, real size: 0
[2026-07-08 17:09:21] out while is working
[2026-07-08 17:09:21] buffer is less than 5, real size: 0
[2026-07-08 17:09:21] out while is working
[2026-07-08 17:09:21] buffer is less than 5, real size: 0
[2026-07-08 17:09:21] out while is working
[2026-07-08 17:09:21] buffer is less than 5, real size: 0
[2026-07-08 17:09:21] out while is working
[2026-07-08 17:09:21] buffer is less than 5, real size: 0
[2026-07-08 17:09:21] out while is working
[2026-07-08 17:09:21] buffer is less than 5, real size: 0
[2026-07-08 17:09:21] out while is working
[2026-07-08 17:09:21] buffer is less than 5, real size: 1
[2026-07-08 17:09:21] out while is working
[2026-07-08 17:09:21] data_length 14 iseq 94
[2026-07-08 17:09:21] begin switch_method
[2026-07-08 17:09:21] find command id514
[2026-07-08 17:09:21] data_length 17 iseq 95
[2026-07-08 17:09:21] buffer is less than sof_index + frame_length(26), buffer size: b'\xa5\x11\x00_\xb8\x01\x02\t\x01'
[2026-07-08 17:09:21] out while is working
[2026-07-08 17:09:21] data_length 17 iseq 95
[2026-07-08 17:09:21] buffer is less than sof_index + frame_length(26), buffer size: b'\xa5\x11\x00_\xb8\x01\x02\t\x01\xb8'
[2026-07-08 17:09:21] out while is working
[2026-07-08 17:09:21] data_length 17 iseq 95
[2026-07-08 17:09:21] begin switch_method
[2026-07-08 17:09:21] find command id513
[2026-07-08 17:09:21] buffer is less than 5, real size: 0
[2026-07-08 17:09:21] out while is working
[2026-07-08 17:09:21] buffer is less than 5, real size: 0
[2026-07-08 17:09:21] out while is working
[2026-07-08 17:09:21] buffer is less than 5, real size: 0
[2026-07-08 17:09:21] out while is working
[2026-07-08 17:09:21] buffer is less than 5, real size: 0
[2026-07-08 17:09:21] out while is working
[2026-07-08 17:09:21] buffer is less than 5, real size: 0
[2026-07-08 17:09:21] out while is working
[2026-07-08 17:09:21] buffer is less than 5, real size: 0
[2026-07-08 17:09:21] out while is working
[2026-07-08 17:09:21] buffer is less than 5, real size: 0
[2026-07-08 17:09:21] out while is working
[2026-07-08 17:09:21] buffer is less than 5, real size: 0
[2026-07-08 17:09:21] out while is working
[2026-07-08 17:09:21] buffer is less than 5, real size: 0
[2026-07-08 17:09:21] out while is working
[2026-07-08 17:09:21] buffer is less than 5, real size: 0
[2026-07-08 17:09:21] out while is working
[2026-07-08 17:09:21] buffer is less than 5, real size: 1
[2026-07-08 17:09:21] out while is working
[2026-07-08 17:09:21] data_length 14 iseq 96
[2026-07-08 17:09:21] begin switch_method
[2026-07-08 17:09:21] find command id514
[2026-07-08 17:09:21] data_length 17 iseq 97
[2026-07-08 17:09:21] buffer is less than sof_index + frame_length(26), buffer size: b'\xa5\x11\x00a\x19\x01\x02\t\x01'
[2026-07-08 17:09:21] out while is working
[2026-07-08 17:09:21] data_length 17 iseq 97
[2026-07-08 17:09:21] buffer is less than sof_index + frame_length(26), buffer size: b'\xa5\x11\x00a\x19\x01\x02\t\x01\xb8'
[2026-07-08 17:09:21] out while is working
[2026-07-08 17:09:21] data_length 17 iseq 97
[2026-07-08 17:09:21] begin switch_method
[2026-07-08 17:09:21] find command id513
[2026-07-08 17:09:21] buffer is less than 5, real size: 0
[2026-07-08 17:09:21] out while is working
[2026-07-08 17:09:21] buffer is less than 5, real size: 0
[2026-07-08 17:09:21] out while is working
[2026-07-08 17:09:21] buffer is less than 5, real size: 1
[2026-07-08 17:09:21] out while is working
[2026-07-08 17:09:21] data_length 2 iseq 98
[2026-07-08 17:09:21] begin switch_method
[2026-07-08 17:09:21] find command id524
[2026-07-08 17:09:21] Mark process: [0, 0, 0, 0, 0, 0] (raw bits: 0000000000000000)
[2026-07-08 17:09:21] data_length 4 iseq 99
[2026-07-08 17:09:21] begin switch_method
[2026-07-08 17:09:21] find command id257
[2026-07-08 17:09:21] data_length 11 iseq 100
[2026-07-08 17:09:21] buffer is less than sof_index + frame_length(20), buffer size: b'\xa5\x0b\x00d\x06\x01\x00\x01'
[2026-07-08 17:09:21] out while is working
[2026-07-08 17:09:21] data_length 11 iseq 100
[2026-07-08 17:09:21] buffer is less than sof_index + frame_length(20), buffer size: b'\xa5\x0b\x00d\x06\x01\x00\x01\x00'
[2026-07-08 17:09:21] out while is working
[2026-07-08 17:09:21] data_length 11 iseq 100
[2026-07-08 17:09:21] begin switch_method
[2026-07-08 17:09:21] find command id1
[2026-07-08 17:09:21] data_length 3 iseq 101
[2026-07-08 17:09:21] begin switch_method
[2026-07-08 17:09:21] find command id261
[2026-07-08 17:09:21] Dart target: 0
[2026-07-08 17:09:21] data_length 1 iseq 102
[2026-07-08 17:09:21] buffer is less than sof_index + frame_length(10), buffer size: b'\xa5\x01\x00f\xd0\x0e\x02('
[2026-07-08 17:09:21] out while is working
[2026-07-08 17:09:21] data_length 1 iseq 102
[2026-07-08 17:09:21] buffer is less than sof_index + frame_length(10), buffer size: b'\xa5\x01\x00f\xd0\x0e\x02(\x98'
[2026-07-08 17:09:21] out while is working
[2026-07-08 17:09:21] data_length 1 iseq 102
[2026-07-08 17:09:21] begin switch_method
[2026-07-08 17:09:21] find command id526
[2026-07-08 17:09:21] Double effect chance: 0, is double effect active: 0
[2026-07-08 17:09:21] Interference level: 1, is key updated: 1
[2026-07-08 17:09:21] data_length 5 iseq 103
[2026-07-08 17:09:21] begin switch_method
[2026-07-08 17:09:21] find command id521
[2026-07-08 17:09:21] buffer is less than 5, real size: 0
[2026-07-08 17:09:21] out while is working
[2026-07-08 17:09:21] buffer is less than 5, real size: 0
[2026-07-08 17:09:21] out while is working
[2026-07-08 17:09:21] buffer is less than 5, real size: 0
[2026-07-08 17:09:21] out while is working
[2026-07-08 17:09:21] buffer is less than 5, real size: 0
[2026-07-08 17:09:21] out while is working
[2026-07-08 17:09:21] buffer is less than 5, real size: 0
[2026-07-08 17:09:21] out while is working
[2026-07-08 17:09:21] buffer is less than 5, real size: 0
[2026-07-08 17:09:21] out while is working
[2026-07-08 17:09:21] buffer is less than 5, real size: 0
[2026-07-08 17:09:21] out while is working
[2026-07-08 17:09:21] buffer is less than 5, real size: 0
[2026-07-08 17:09:21] out while is working
[2026-07-08 17:09:21] buffer is less than 5, real size: 1
[2026-07-08 17:09:21] out while is working
[2026-07-08 17:09:21] data_length 14 iseq 104
[2026-07-08 17:09:21] begin switch_method
[2026-07-08 17:09:21] find command id514
[2026-07-08 17:09:21] data_length 17 iseq 105
[2026-07-08 17:09:21] buffer is less than sof_index + frame_length(26), buffer size: b'\xa5\x11\x00i\xdb\x01\x02\t\x01'
[2026-07-08 17:09:21] out while is working
[2026-07-08 17:09:21] data_length 17 iseq 105
[2026-07-08 17:09:21] buffer is less than sof_index + frame_length(26), buffer size: b'\xa5\x11\x00i\xdb\x01\x02\t\x01\xb8'
[2026-07-08 17:09:21] out while is working
[2026-07-08 17:09:21] data_length 17 iseq 105
[2026-07-08 17:09:21] begin switch_method
[2026-07-08 17:09:21] find command id513
[2026-07-08 17:09:21] buffer is less than 5, real size: 0
[2026-07-08 17:09:21] out while is working
[2026-07-08 17:09:21] buffer is less than 5, real size: 0
[2026-07-08 17:09:21] out while is working
[2026-07-08 17:09:21] buffer is less than 5, real size: 0
[2026-07-08 17:09:21] out while is working
[2026-07-08 17:09:21] buffer is less than 5, real size: 0
[2026-07-08 17:09:21] out while is working
[2026-07-08 17:09:21] buffer is less than 5, real size: 0
[2026-07-08 17:09:21] out while is working
[2026-07-08 17:09:21] buffer is less than 5, real size: 0
[2026-07-08 17:09:21] out while is working
[2026-07-08 17:09:21] buffer is less than 5, real size: 0
[2026-07-08 17:09:21] out while is working
[2026-07-08 17:09:21] buffer is less than 5, real size: 0
[2026-07-08 17:09:21] out while is working
[2026-07-08 17:09:21] buffer is less than 5, real size: 0
[2026-07-08 17:09:21] out while is working
[2026-07-08 17:09:21] buffer is less than 5, real size: 0
[2026-07-08 17:09:21] out while is working
[2026-07-08 17:09:21] buffer is less than 5, real size: 0
[2026-07-08 17:09:21] out while is working
[2026-07-08 17:09:21] buffer is less than 5, real size: 1
[2026-07-08 17:09:21] out while is working
[2026-07-08 17:09:21] data_length 14 iseq 106
[2026-07-08 17:09:21] begin switch_method
[2026-07-08 17:09:21] find command id514
[2026-07-08 17:09:21] data_length 17 iseq 107
[2026-07-08 17:09:21] buffer is less than sof_index + frame_length(26), buffer size: b'\xa5\x11\x00kg\x01\x02\t\x01'
[2026-07-08 17:09:21] out while is working
[2026-07-08 17:09:21] data_length 17 iseq 107
[2026-07-08 17:09:21] buffer is less than sof_index + frame_length(26), buffer size: b'\xa5\x11\x00kg\x01\x02\t\x01\xb8'
[2026-07-08 17:09:21] out while is working
[2026-07-08 17:09:21] data_length 17 iseq 107
[2026-07-08 17:09:21] begin switch_method
[2026-07-08 17:09:21] find command id513
[2026-07-08 17:09:21] buffer is less than 5, real size: 0
[2026-07-08 17:09:21] out while is working
[2026-07-08 17:09:21] buffer is less than 5, real size: 0
[2026-07-08 17:09:21] out while is working
[2026-07-08 17:09:21] buffer is less than 5, real size: 0
[2026-07-08 17:09:21] out while is working
[2026-07-08 17:09:21] buffer is less than 5, real size: 0
[2026-07-08 17:09:21] out while is working
[2026-07-08 17:09:21] buffer is less than 5, real size: 0
[2026-07-08 17:09:21] out while is working
[2026-07-08 17:09:21] buffer is less than 5, real size: 0
[2026-07-08 17:09:21] out while is working
[2026-07-08 17:09:22] buffer is less than 5, real size: 0
[2026-07-08 17:09:22] out while is working
[2026-07-08 17:09:22] buffer is less than 5, real size: 0
[2026-07-08 17:09:22] out while is working
[2026-07-08 17:09:22] buffer is less than 5, real size: 0
[2026-07-08 17:09:22] out while is working
[2026-07-08 17:09:22] buffer is less than 5, real size: 0
[2026-07-08 17:09:22] out while is working
[2026-07-08 17:09:22] buffer is less than 5, real size: 1
[2026-07-08 17:09:22] out while is working
[2026-07-08 17:09:22] data_length 5 iseq 108
[2026-07-08 17:09:22] begin switch_method
[2026-07-08 17:09:22] find command id521
[2026-07-08 17:09:22] data_length 14 iseq 109
[2026-07-08 17:09:22] buffer is less than sof_index + frame_length(23), buffer size: b'\xa5\x0e\x00m\xaf\x02\x02\x00\x00\x00\x00\x00\x00\x00\x00\x00\x00\x00'
[2026-07-08 17:09:22] out while is working
[2026-07-08 17:09:22] data_length 14 iseq 109
[2026-07-08 17:09:22] buffer is less than sof_index + frame_length(23), buffer size: b'\xa5\x0e\x00m\xaf\x02\x02\x00\x00\x00\x00\x00\x00\x00\x00\x00\x00\x00\x00'
[2026-07-08 17:09:22] out while is working
[2026-07-08 17:09:22] data_length 14 iseq 109
[2026-07-08 17:09:22] begin switch_method
[2026-07-08 17:09:22] find command id514
[2026-07-08 17:09:22] data_length 12 iseq 110
[2026-07-08 17:09:22] begin switch_method
[2026-07-08 17:09:22] find command id515
[2026-07-08 17:09:22] data_length 17 iseq 111
[2026-07-08 17:09:22] buffer is less than sof_index + frame_length(26), buffer size: b'\xa5\x11\x00o\x06\x01'
[2026-07-08 17:09:22] out while is working
[2026-07-08 17:09:22] data_length 17 iseq 111
[2026-07-08 17:09:22] buffer is less than sof_index + frame_length(26), buffer size: b'\xa5\x11\x00o\x06\x01\x02'
[2026-07-08 17:09:22] out while is working
[2026-07-08 17:09:22] data_length 17 iseq 111
[2026-07-08 17:09:22] begin switch_method
[2026-07-08 17:09:22] find command id513
[2026-07-08 17:09:22] buffer is less than 5, real size: 0
[2026-07-08 17:09:22] out while is working
[2026-07-08 17:09:22] buffer is less than 5, real size: 0
[2026-07-08 17:09:22] out while is working
[2026-07-08 17:09:22] buffer is less than 5, real size: 0
[2026-07-08 17:09:22] out while is working
[2026-07-08 17:09:22] buffer is less than 5, real size: 0
[2026-07-08 17:09:22] out while is working
[2026-07-08 17:09:22] buffer is less than 5, real size: 0
[2026-07-08 17:09:22] out while is working
[2026-07-08 17:09:22] buffer is less than 5, real size: 0
[2026-07-08 17:09:22] out while is working
[2026-07-08 17:09:22] buffer is less than 5, real size: 0
[2026-07-08 17:09:22] out while is working
[2026-07-08 17:09:22] buffer is less than 5, real size: 0
[2026-07-08 17:09:22] out while is working
[2026-07-08 17:09:22] buffer is less than 5, real size: 0
[2026-07-08 17:09:22] out while is working
[2026-07-08 17:09:22] buffer is less than 5, real size: 0
[2026-07-08 17:09:22] out while is working
[2026-07-08 17:09:22] buffer is less than 5, real size: 1
[2026-07-08 17:09:22] out while is working
[2026-07-08 17:09:22] data_length 14 iseq 112
[2026-07-08 17:09:22] begin switch_method
[2026-07-08 17:09:22] find command id514
[2026-07-08 17:09:22] data_length 17 iseq 113
[2026-07-08 17:09:22] buffer is less than sof_index + frame_length(26), buffer size: b'\xa5\x11\x00q\x84\x01\x02\t\x01'
[2026-07-08 17:09:22] out while is working
[2026-07-08 17:09:22] data_length 17 iseq 113
[2026-07-08 17:09:22] buffer is less than sof_index + frame_length(26), buffer size: b'\xa5\x11\x00q\x84\x01\x02\t\x01\xb8'
[2026-07-08 17:09:22] out while is working
[2026-07-08 17:09:22] data_length 17 iseq 113
[2026-07-08 17:09:22] begin switch_method
[2026-07-08 17:09:22] find command id513
[2026-07-08 17:09:22] buffer is less than 5, real size: 0
[2026-07-08 17:09:22] out while is working
[2026-07-08 17:09:22] buffer is less than 5, real size: 0
[2026-07-08 17:09:22] out while is working
[2026-07-08 17:09:22] buffer is less than 5, real size: 0
[2026-07-08 17:09:22] out while is working
[2026-07-08 17:09:22] buffer is less than 5, real size: 0
[2026-07-08 17:09:22] out while is working
[2026-07-08 17:09:22] buffer is less than 5, real size: 0
[2026-07-08 17:09:22] out while is working
[2026-07-08 17:09:22] buffer is less than 5, real size: 0
[2026-07-08 17:09:22] out while is working
[2026-07-08 17:09:22] buffer is less than 5, real size: 0
[2026-07-08 17:09:22] out while is working
[2026-07-08 17:09:22] buffer is less than 5, real size: 0
[2026-07-08 17:09:22] out while is working
[2026-07-08 17:09:22] buffer is less than 5, real size: 0
[2026-07-08 17:09:22] out while is working
[2026-07-08 17:09:22] buffer is less than 5, real size: 0
[2026-07-08 17:09:22] out while is working
[2026-07-08 17:09:22] buffer is less than 5, real size: 0
[2026-07-08 17:09:22] out while is working
[2026-07-08 17:09:22] buffer is less than 5, real size: 1
[2026-07-08 17:09:22] out while is working
[2026-07-08 17:09:22] data_length 14 iseq 114
[2026-07-08 17:09:22] begin switch_method
[2026-07-08 17:09:22] find command id514
[2026-07-08 17:09:22] data_length 17 iseq 115
[2026-07-08 17:09:22] buffer is less than sof_index + frame_length(26), buffer size: b'\xa5\x11\x00s8\x01\x02\t\x01'
[2026-07-08 17:09:22] out while is working
[2026-07-08 17:09:22] data_length 17 iseq 115
[2026-07-08 17:09:22] buffer is less than sof_index + frame_length(26), buffer size: b'\xa5\x11\x00s8\x01\x02\t\x01\xb8'
[2026-07-08 17:09:22] out while is working
[2026-07-08 17:09:22] data_length 17 iseq 115
[2026-07-08 17:09:22] begin switch_method
[2026-07-08 17:09:22] find command id513
[2026-07-08 17:09:22] buffer is less than 5, real size: 0
[2026-07-08 17:09:22] out while is working
[2026-07-08 17:09:22] buffer is less than 5, real size: 0
[2026-07-08 17:09:22] out while is working
[2026-07-08 17:09:22] buffer is less than 5, real size: 0
[2026-07-08 17:09:22] out while is working
[2026-07-08 17:09:22] buffer is less than 5, real size: 0
[2026-07-08 17:09:22] out while is working
[2026-07-08 17:09:22] buffer is less than 5, real size: 0
[2026-07-08 17:09:22] out while is working
[2026-07-08 17:09:22] buffer is less than 5, real size: 0
[2026-07-08 17:09:22] out while is working
[2026-07-08 17:09:22] buffer is less than 5, real size: 0
[2026-07-08 17:09:22] out while is working
[2026-07-08 17:09:22] buffer is less than 5, real size: 0
[2026-07-08 17:09:22] out while is working
[2026-07-08 17:09:22] buffer is less than 5, real size: 0
[2026-07-08 17:09:22] out while is working
[2026-07-08 17:09:22] buffer is less than 5, real size: 1
[2026-07-08 17:09:22] out while is working
[2026-07-08 17:09:22] data_length 5 iseq 116
[2026-07-08 17:09:22] begin switch_method
[2026-07-08 17:09:22] find command id521
[2026-07-08 17:09:22] buffer is less than 5, real size: 0
[2026-07-08 17:09:22] out while is working
[2026-07-08 17:09:22] buffer is less than 5, real size: 1
[2026-07-08 17:09:22] out while is working
[2026-07-08 17:09:22] data_length 14 iseq 117
[2026-07-08 17:09:22] begin switch_method
[2026-07-08 17:09:22] find command id514
[2026-07-08 17:09:22] data_length 17 iseq 118
[2026-07-08 17:09:22] buffer is less than sof_index + frame_length(26), buffer size: b'\xa5\x11\x00v\x07\x01\x02\t\x01'
[2026-07-08 17:09:22] out while is working
[2026-07-08 17:09:22] data_length 17 iseq 118
[2026-07-08 17:09:22] buffer is less than sof_index + frame_length(26), buffer size: b'\xa5\x11\x00v\x07\x01\x02\t\x01\xb8'
[2026-07-08 17:09:22] out while is working
[2026-07-08 17:09:22] data_length 17 iseq 118
[2026-07-08 17:09:22] begin switch_method
[2026-07-08 17:09:22] find command id513
[2026-07-08 17:09:22] buffer is less than 5, real size: 0
[2026-07-08 17:09:22] out while is working
[2026-07-08 17:09:22] buffer is less than 5, real size: 0
[2026-07-08 17:09:22] out while is working
[2026-07-08 17:09:22] buffer is less than 5, real size: 0
[2026-07-08 17:09:22] out while is working
[2026-07-08 17:09:22] buffer is less than 5, real size: 0
[2026-07-08 17:09:22] out while is working
[2026-07-08 17:09:22] buffer is less than 5, real size: 0
[2026-07-08 17:09:22] out while is working
[2026-07-08 17:09:22] buffer is less than 5, real size: 0
[2026-07-08 17:09:22] out while is working
[2026-07-08 17:09:22] buffer is less than 5, real size: 0
[2026-07-08 17:09:22] out while is working
[2026-07-08 17:09:22] buffer is less than 5, real size: 0
[2026-07-08 17:09:22] out while is working
[2026-07-08 17:09:22] buffer is less than 5, real size: 0
[2026-07-08 17:09:22] out while is working
[2026-07-08 17:09:22] buffer is less than 5, real size: 0
[2026-07-08 17:09:22] out while is working
[2026-07-08 17:09:22] buffer is less than 5, real size: 1
[2026-07-08 17:09:22] out while is working
[2026-07-08 17:09:22] data_length 14 iseq 119
[2026-07-08 17:09:22] begin switch_method
[2026-07-08 17:09:22] find command id514
[2026-07-08 17:09:22] data_length 17 iseq 120
[2026-07-08 17:09:22] buffer is less than sof_index + frame_length(26), buffer size: b'\xa5\x11\x00x\x18\x01\x02\t\x01'
[2026-07-08 17:09:22] out while is working
[2026-07-08 17:09:22] data_length 17 iseq 120
[2026-07-08 17:09:22] buffer is less than sof_index + frame_length(26), buffer size: b'\xa5\x11\x00x\x18\x01\x02\t\x01\xb8'
[2026-07-08 17:09:22] out while is working
[2026-07-08 17:09:22] data_length 17 iseq 120
[2026-07-08 17:09:22] begin switch_method
[2026-07-08 17:09:22] find command id513
[2026-07-08 17:09:22] buffer is less than 5, real size: 0
[2026-07-08 17:09:22] out while is working
[2026-07-08 17:09:22] buffer is less than 5, real size: 0
[2026-07-08 17:09:22] out while is working
[2026-07-08 17:09:22] buffer is less than 5, real size: 0
[2026-07-08 17:09:22] out while is working
[2026-07-08 17:09:22] buffer is less than 5, real size: 0
[2026-07-08 17:09:22] out while is working
[2026-07-08 17:09:22] buffer is less than 5, real size: 0
[2026-07-08 17:09:22] out while is working
[2026-07-08 17:09:22] buffer is less than 5, real size: 0
[2026-07-08 17:09:22] out while is working
[2026-07-08 17:09:22] buffer is less than 5, real size: 0
[2026-07-08 17:09:22] out while is working
[2026-07-08 17:09:22] buffer is less than 5, real size: 0
[2026-07-08 17:09:22] out while is working
[2026-07-08 17:09:22] buffer is less than 5, real size: 0
[2026-07-08 17:09:22] out while is working
[2026-07-08 17:09:22] buffer is less than 5, real size: 0
[2026-07-08 17:09:22] out while is working
[2026-07-08 17:09:22] buffer is less than 5, real size: 1
[2026-07-08 17:09:22] out while is working
[2026-07-08 17:09:22] data_length 14 iseq 121
[2026-07-08 17:09:22] begin switch_method
[2026-07-08 17:09:22] find command id514
[2026-07-08 17:09:22] data_length 17 iseq 122
[2026-07-08 17:09:22] buffer is less than sof_index + frame_length(26), buffer size: b'\xa5\x11\x00z\xa4\x01\x02\t\x01'
[2026-07-08 17:09:22] out while is working
[2026-07-08 17:09:22] data_length 17 iseq 122
[2026-07-08 17:09:22] buffer is less than sof_index + frame_length(26), buffer size: b'\xa5\x11\x00z\xa4\x01\x02\t\x01\xb8'
[2026-07-08 17:09:22] out while is working
[2026-07-08 17:09:22] data_length 17 iseq 122
[2026-07-08 17:09:22] begin switch_method
[2026-07-08 17:09:22] find command id513
[2026-07-08 17:09:22] buffer is less than 5, real size: 0
[2026-07-08 17:09:22] out while is working
[2026-07-08 17:09:22] buffer is less than 5, real size: 0
[2026-07-08 17:09:22] out while is working
[2026-07-08 17:09:22] buffer is less than 5, real size: 0
[2026-07-08 17:09:22] out while is working
[2026-07-08 17:09:22] buffer is less than 5, real size: 0
[2026-07-08 17:09:22] out while is working
[2026-07-08 17:09:22] buffer is less than 5, real size: 0
[2026-07-08 17:09:22] out while is working
[2026-07-08 17:09:22] buffer is less than 5, real size: 0
[2026-07-08 17:09:22] out while is working
[2026-07-08 17:09:22] buffer is less than 5, real size: 0
[2026-07-08 17:09:22] out while is working
[2026-07-08 17:09:22] buffer is less than 5, real size: 0
[2026-07-08 17:09:22] out while is working
[2026-07-08 17:09:22] buffer is less than 5, real size: 1
[2026-07-08 17:09:22] out while is working
[2026-07-08 17:09:22] data_length 5 iseq 123
[2026-07-08 17:09:22] begin switch_method
[2026-07-08 17:09:22] find command id521
[2026-07-08 17:09:22] buffer is less than 5, real size: 0
[2026-07-08 17:09:22] out while is working
[2026-07-08 17:09:22] buffer is less than 5, real size: 0
[2026-07-08 17:09:22] out while is working
[2026-07-08 17:09:22] buffer is less than 5, real size: 1
[2026-07-08 17:09:22] out while is working
[2026-07-08 17:09:22] data_length 14 iseq 124
[2026-07-08 17:09:22] begin switch_method
[2026-07-08 17:09:22] find command id514
[2026-07-08 17:09:22] data_length 17 iseq 125
[2026-07-08 17:09:22] buffer is less than sof_index + frame_length(26), buffer size: b"\xa5\x11\x00}'\x01\x02\t\x01"
[2026-07-08 17:09:22] out while is working
[2026-07-08 17:09:22] data_length 17 iseq 125
[2026-07-08 17:09:22] buffer is less than sof_index + frame_length(26), buffer size: b"\xa5\x11\x00}'\x01\x02\t\x01\xb8"
[2026-07-08 17:09:22] out while is working
[2026-07-08 17:09:22] data_length 17 iseq 125
[2026-07-08 17:09:22] begin switch_method
[2026-07-08 17:09:22] find command id513
[2026-07-08 17:09:22] buffer is less than 5, real size: 0
[2026-07-08 17:09:22] out while is working
[2026-07-08 17:09:22] buffer is less than 5, real size: 0
[2026-07-08 17:09:22] out while is working
[2026-07-08 17:09:22] buffer is less than 5, real size: 0
[2026-07-08 17:09:22] out while is working
[2026-07-08 17:09:22] buffer is less than 5, real size: 0
[2026-07-08 17:09:22] out while is working
[2026-07-08 17:09:22] buffer is less than 5, real size: 0
[2026-07-08 17:09:22] out while is working
[2026-07-08 17:09:22] buffer is less than 5, real size: 0
[2026-07-08 17:09:22] out while is working
[2026-07-08 17:09:22] buffer is less than 5, real size: 0
[2026-07-08 17:09:22] out while is working
[2026-07-08 17:09:22] buffer is less than 5, real size: 0
[2026-07-08 17:09:22] out while is working
[2026-07-08 17:09:22] buffer is less than 5, real size: 0
[2026-07-08 17:09:22] out while is working
[2026-07-08 17:09:22] buffer is less than 5, real size: 1
[2026-07-08 17:09:22] out while is working
[2026-07-08 17:09:22] data_length 2 iseq 126
[2026-07-08 17:09:22] begin switch_method
[2026-07-08 17:09:22] find command id524
[2026-07-08 17:09:22] Mark process: [0, 0, 0, 0, 0, 0] (raw bits: 0000000000000000)
[2026-07-08 17:09:22] data_length 4 iseq 127
[2026-07-08 17:09:22] begin switch_method
[2026-07-08 17:09:22] find command id257
[2026-07-08 17:09:22] data_length 11 iseq 128
[2026-07-08 17:09:22] buffer is less than sof_index + frame_length(20), buffer size: b'\xa5\x0b\x00\x80\x8e\x01\x00\x01'
[2026-07-08 17:09:22] out while is working
[2026-07-08 17:09:22] data_length 11 iseq 128
[2026-07-08 17:09:22] buffer is less than sof_index + frame_length(20), buffer size: b'\xa5\x0b\x00\x80\x8e\x01\x00\x01\x00'
[2026-07-08 17:09:22] out while is working
[2026-07-08 17:09:22] data_length 11 iseq 128
[2026-07-08 17:09:22] begin switch_method
[2026-07-08 17:09:22] find command id1
[2026-07-08 17:09:22] data_length 3 iseq 129
[2026-07-08 17:09:22] begin switch_method
[2026-07-08 17:09:22] find command id261
[2026-07-08 17:09:22] Dart target: 0
[2026-07-08 17:09:22] data_length 1 iseq 130
[2026-07-08 17:09:22] buffer is less than sof_index + frame_length(10), buffer size: b'\xa5\x01\x00\x82X\x0e\x02('
[2026-07-08 17:09:22] out while is working
[2026-07-08 17:09:22] data_length 1 iseq 130
[2026-07-08 17:09:22] buffer is less than sof_index + frame_length(10), buffer size: b'\xa5\x01\x00\x82X\x0e\x02(\xd8'
[2026-07-08 17:09:22] out while is working
[2026-07-08 17:09:22] data_length 1 iseq 130
[2026-07-08 17:09:22] begin switch_method
[2026-07-08 17:09:22] find command id526
[2026-07-08 17:09:22] Double effect chance: 0, is double effect active: 0
[2026-07-08 17:09:22] Interference level: 1, is key updated: 1
[2026-07-08 17:09:22] buffer is less than 5, real size: 0
[2026-07-08 17:09:22] out while is working
[2026-07-08 17:09:22] buffer is less than 5, real size: 0
[2026-07-08 17:09:22] out while is working
[2026-07-08 17:09:22] buffer is less than 5, real size: 1
[2026-07-08 17:09:22] out while is working
[2026-07-08 17:09:22] data_length 14 iseq 131
[2026-07-08 17:09:22] begin switch_method
[2026-07-08 17:09:22] find command id514
[2026-07-08 17:09:22] data_length 17 iseq 132
[2026-07-08 17:09:22] buffer is less than sof_index + frame_length(26), buffer size: b'\xa5\x11\x00\x84\xcf\x01\x02\t\x01'
[2026-07-08 17:09:22] out while is working
[2026-07-08 17:09:22] data_length 17 iseq 132
[2026-07-08 17:09:22] buffer is less than sof_index + frame_length(26), buffer size: b'\xa5\x11\x00\x84\xcf\x01\x02\t\x01\xb8'
[2026-07-08 17:09:22] out while is working
[2026-07-08 17:09:22] data_length 17 iseq 132
[2026-07-08 17:09:22] begin switch_method
[2026-07-08 17:09:22] find command id513
[2026-07-08 17:09:22] buffer is less than 5, real size: 0
[2026-07-08 17:09:22] out while is working
[2026-07-08 17:09:22] buffer is less than 5, real size: 0
[2026-07-08 17:09:22] out while is working
[2026-07-08 17:09:22] buffer is less than 5, real size: 0
[2026-07-08 17:09:22] out while is working
[2026-07-08 17:09:22] buffer is less than 5, real size: 0
[2026-07-08 17:09:22] out while is working
[2026-07-08 17:09:22] buffer is less than 5, real size: 0
[2026-07-08 17:09:22] out while is working
[2026-07-08 17:09:22] buffer is less than 5, real size: 0
[2026-07-08 17:09:22] out while is working
[2026-07-08 17:09:22] buffer is less than 5, real size: 0
[2026-07-08 17:09:22] out while is working
[2026-07-08 17:09:22] buffer is less than 5, real size: 0
[2026-07-08 17:09:22] out while is working
[2026-07-08 17:09:22] buffer is less than 5, real size: 0
[2026-07-08 17:09:22] out while is working
[2026-07-08 17:09:22] buffer is less than 5, real size: 0
[2026-07-08 17:09:22] out while is working
[2026-07-08 17:09:22] buffer is less than 5, real size: 1
[2026-07-08 17:09:22] out while is working
[2026-07-08 17:09:22] data_length 14 iseq 133
[2026-07-08 17:09:22] begin switch_method
[2026-07-08 17:09:22] find command id514
[2026-07-08 17:09:22] data_length 17 iseq 134
[2026-07-08 17:09:22] buffer is less than sof_index + frame_length(26), buffer size: b'\xa5\x11\x00\x86s\x01\x02\t\x01'
[2026-07-08 17:09:22] out while is working
[2026-07-08 17:09:22] data_length 17 iseq 134
[2026-07-08 17:09:22] buffer is less than sof_index + frame_length(26), buffer size: b'\xa5\x11\x00\x86s\x01\x02\t\x01\xb8'
[2026-07-08 17:09:22] out while is working
[2026-07-08 17:09:22] data_length 17 iseq 134
[2026-07-08 17:09:22] begin switch_method
[2026-07-08 17:09:22] find command id513
[2026-07-08 17:09:22] buffer is less than 5, real size: 0
[2026-07-08 17:09:22] out while is working
[2026-07-08 17:09:22] buffer is less than 5, real size: 0
[2026-07-08 17:09:22] out while is working
[2026-07-08 17:09:22] buffer is less than 5, real size: 0
[2026-07-08 17:09:22] out while is working
[2026-07-08 17:09:22] buffer is less than 5, real size: 0
[2026-07-08 17:09:22] out while is working
[2026-07-08 17:09:22] buffer is less than 5, real size: 0
[2026-07-08 17:09:22] out while is working
[2026-07-08 17:09:22] buffer is less than 5, real size: 0
[2026-07-08 17:09:22] out while is working
[2026-07-08 17:09:22] buffer is less than 5, real size: 0
[2026-07-08 17:09:22] out while is working
[2026-07-08 17:09:22] buffer is less than 5, real size: 1
[2026-07-08 17:09:22] out while is working
[2026-07-08 17:09:22] data_length 5 iseq 135
[2026-07-08 17:09:22] begin switch_method
[2026-07-08 17:09:22] find command id521
[2026-07-08 17:09:22] buffer is less than 5, real size: 0
[2026-07-08 17:09:22] out while is working
[2026-07-08 17:09:22] buffer is less than 5, real size: 0
[2026-07-08 17:09:22] out while is working
[2026-07-08 17:09:22] buffer is less than 5, real size: 0
[2026-07-08 17:09:22] out while is working
[2026-07-08 17:09:22] buffer is less than 5, real size: 0
[2026-07-08 17:09:22] out while is working
[2026-07-08 17:09:22] data_length 14 iseq 136
[2026-07-08 17:09:22] begin switch_method
[2026-07-08 17:09:22] find command id514
[2026-07-08 17:09:22] data_length 17 iseq 137
[2026-07-08 17:09:22] buffer is less than sof_index + frame_length(26), buffer size: b'\xa5\x11\x00\x892\x01\x02\t\x01'
[2026-07-08 17:09:22] out while is working
[2026-07-08 17:09:22] data_length 17 iseq 137
[2026-07-08 17:09:22] buffer is less than sof_index + frame_length(26), buffer size: b'\xa5\x11\x00\x892\x01\x02\t\x01\xb8'
[2026-07-08 17:09:22] out while is working
[2026-07-08 17:09:22] data_length 17 iseq 137
[2026-07-08 17:09:22] begin switch_method
[2026-07-08 17:09:22] find command id513
[2026-07-08 17:09:22] buffer is less than 5, real size: 0
[2026-07-08 17:09:22] out while is working
[2026-07-08 17:09:22] buffer is less than 5, real size: 0
[2026-07-08 17:09:22] out while is working
[2026-07-08 17:09:23] buffer is less than 5, real size: 0
[2026-07-08 17:09:23] out while is working
[2026-07-08 17:09:23] buffer is less than 5, real size: 0
[2026-07-08 17:09:23] out while is working
[2026-07-08 17:09:23] buffer is less than 5, real size: 0
[2026-07-08 17:09:23] out while is working
[2026-07-08 17:09:23] buffer is less than 5, real size: 0
[2026-07-08 17:09:23] out while is working
[2026-07-08 17:09:23] buffer is less than 5, real size: 0
[2026-07-08 17:09:23] out while is working
[2026-07-08 17:09:23] buffer is less than 5, real size: 0
[2026-07-08 17:09:23] out while is working
[2026-07-08 17:09:23] buffer is less than 5, real size: 0
[2026-07-08 17:09:23] out while is working
[2026-07-08 17:09:23] buffer is less than 5, real size: 0
[2026-07-08 17:09:23] out while is working
[2026-07-08 17:09:23] buffer is less than 5, real size: 1
[2026-07-08 17:09:23] out while is working
[2026-07-08 17:09:23] data_length 14 iseq 138
[2026-07-08 17:09:23] begin switch_method
[2026-07-08 17:09:23] find command id514
[2026-07-08 17:09:23] data_length 12 iseq 139
[2026-07-08 17:09:23] buffer is less than sof_index + frame_length(21), buffer size: b'\xa5\x0c\x00\x8b\xd4\x03\x02\x00\x00'
[2026-07-08 17:09:23] out while is working
[2026-07-08 17:09:23] data_length 12 iseq 139
[2026-07-08 17:09:23] buffer is less than sof_index + frame_length(21), buffer size: b'\xa5\x0c\x00\x8b\xd4\x03\x02\x00\x00\x00'
[2026-07-08 17:09:23] out while is working
[2026-07-08 17:09:23] data_length 12 iseq 139
[2026-07-08 17:09:23] begin switch_method
[2026-07-08 17:09:23] find command id515
[2026-07-08 17:09:23] data_length 17 iseq 140
[2026-07-08 17:09:23] buffer is less than sof_index + frame_length(26), buffer size: b'\xa5\x11\x00\x8c\r\x01\x02\t\x01\xb8"\xb8"d\x00@\x01x\x00\x00'
[2026-07-08 17:09:23] out while is working
[2026-07-08 17:09:23] data_length 17 iseq 140
[2026-07-08 17:09:23] buffer is less than sof_index + frame_length(26), buffer size: b'\xa5\x11\x00\x8c\r\x01\x02\t\x01\xb8"\xb8"d\x00@\x01x\x00\x00\x00'
[2026-07-08 17:09:23] out while is working
[2026-07-08 17:09:23] data_length 17 iseq 140
[2026-07-08 17:09:23] begin switch_method
[2026-07-08 17:09:23] find command id513
[2026-07-08 17:09:23] buffer is less than 5, real size: 0
[2026-07-08 17:09:23] out while is working
[2026-07-08 17:09:23] buffer is less than 5, real size: 0
[2026-07-08 17:09:23] out while is working
[2026-07-08 17:09:23] buffer is less than 5, real size: 0
[2026-07-08 17:09:23] out while is working
[2026-07-08 17:09:23] buffer is less than 5, real size: 0
[2026-07-08 17:09:23] out while is working
[2026-07-08 17:09:23] buffer is less than 5, real size: 0
[2026-07-08 17:09:23] out while is working
[2026-07-08 17:09:23] buffer is less than 5, real size: 0
[2026-07-08 17:09:23] out while is working
[2026-07-08 17:09:23] buffer is less than 5, real size: 0
[2026-07-08 17:09:23] out while is working
[2026-07-08 17:09:23] buffer is less than 5, real size: 0
[2026-07-08 17:09:23] out while is working
[2026-07-08 17:09:23] buffer is less than 5, real size: 0
[2026-07-08 17:09:23] out while is working
[2026-07-08 17:09:23] buffer is less than 5, real size: 0
[2026-07-08 17:09:23] out while is working
[2026-07-08 17:09:23] buffer is less than 5, real size: 1
[2026-07-08 17:09:23] out while is working
[2026-07-08 17:09:23] data_length 14 iseq 141
[2026-07-08 17:09:23] begin switch_method
[2026-07-08 17:09:23] find command id514
[2026-07-08 17:09:23] data_length 17 iseq 142
[2026-07-08 17:09:23] buffer is less than sof_index + frame_length(26), buffer size: b'\xa5\x11\x00\x8e\xb1\x01\x02\t\x01'
[2026-07-08 17:09:23] out while is working
[2026-07-08 17:09:23] data_length 17 iseq 142
[2026-07-08 17:09:23] buffer is less than sof_index + frame_length(26), buffer size: b'\xa5\x11\x00\x8e\xb1\x01\x02\t\x01\xb8'
[2026-07-08 17:09:23] out while is working
[2026-07-08 17:09:23] data_length 17 iseq 142
[2026-07-08 17:09:23] begin switch_method
[2026-07-08 17:09:23] find command id513
[2026-07-08 17:09:23] buffer is less than 5, real size: 0
[2026-07-08 17:09:23] out while is working
[2026-07-08 17:09:23] buffer is less than 5, real size: 0
[2026-07-08 17:09:23] out while is working
[2026-07-08 17:09:23] buffer is less than 5, real size: 0
[2026-07-08 17:09:23] out while is working
[2026-07-08 17:09:23] buffer is less than 5, real size: 0
[2026-07-08 17:09:23] out while is working
[2026-07-08 17:09:23] buffer is less than 5, real size: 0
[2026-07-08 17:09:23] out while is working
[2026-07-08 17:09:23] buffer is less than 5, real size: 0
[2026-07-08 17:09:23] out while is working
[2026-07-08 17:09:23] buffer is less than 5, real size: 1
[2026-07-08 17:09:23] out while is working
[2026-07-08 17:09:23] data_length 5 iseq 143
[2026-07-08 17:09:23] begin switch_method
[2026-07-08 17:09:23] find command id521
[2026-07-08 17:09:23] buffer is less than 5, real size: 0
[2026-07-08 17:09:23] out while is working
[2026-07-08 17:09:23] buffer is less than 5, real size: 0
[2026-07-08 17:09:23] out while is working
[2026-07-08 17:09:23] buffer is less than 5, real size: 0
[2026-07-08 17:09:23] out while is working
[2026-07-08 17:09:23] buffer is less than 5, real size: 0
[2026-07-08 17:09:23] out while is working
[2026-07-08 17:09:23] buffer is less than 5, real size: 0
[2026-07-08 17:09:23] out while is working
[2026-07-08 17:09:23] buffer is less than 5, real size: 0
[2026-07-08 17:09:23] out while is working
[2026-07-08 17:09:23] buffer is less than 5, real size: 1
[2026-07-08 17:09:23] out while is working
[2026-07-08 17:09:23] data_length 14 iseq 144
[2026-07-08 17:09:23] begin switch_method
[2026-07-08 17:09:23] find command id514
[2026-07-08 17:09:23] data_length 17 iseq 145
[2026-07-08 17:09:23] buffer is less than sof_index + frame_length(26), buffer size: b'\xa5\x11\x00\x91m\x01\x02\t\x01'
[2026-07-08 17:09:23] out while is working
[2026-07-08 17:09:23] data_length 17 iseq 145
[2026-07-08 17:09:23] buffer is less than sof_index + frame_length(26), buffer size: b'\xa5\x11\x00\x91m\x01\x02\t\x01\xb8'
[2026-07-08 17:09:23] out while is working
[2026-07-08 17:09:23] data_length 17 iseq 145
[2026-07-08 17:09:23] begin switch_method
[2026-07-08 17:09:23] find command id513
[2026-07-08 17:09:23] buffer is less than 5, real size: 0
[2026-07-08 17:09:23] out while is working
[2026-07-08 17:09:23] buffer is less than 5, real size: 0
[2026-07-08 17:09:23] out while is working
[2026-07-08 17:09:23] buffer is less than 5, real size: 0
[2026-07-08 17:09:23] out while is working
[2026-07-08 17:09:23] buffer is less than 5, real size: 0
[2026-07-08 17:09:23] out while is working
[2026-07-08 17:09:23] buffer is less than 5, real size: 0
[2026-07-08 17:09:23] out while is working
[2026-07-08 17:09:23] buffer is less than 5, real size: 0
[2026-07-08 17:09:23] out while is working
[2026-07-08 17:09:23] buffer is less than 5, real size: 0
[2026-07-08 17:09:23] out while is working
[2026-07-08 17:09:23] buffer is less than 5, real size: 0
[2026-07-08 17:09:23] out while is working
[2026-07-08 17:09:23] buffer is less than 5, real size: 0
[2026-07-08 17:09:23] out while is working
[2026-07-08 17:09:23] buffer is less than 5, real size: 0
[2026-07-08 17:09:23] out while is working
[2026-07-08 17:09:23] buffer is less than 5, real size: 1
[2026-07-08 17:09:23] out while is working
[2026-07-08 17:09:23] data_length 14 iseq 146
[2026-07-08 17:09:23] begin switch_method
[2026-07-08 17:09:23] find command id514
[2026-07-08 17:09:23] data_length 17 iseq 147
[2026-07-08 17:09:23] buffer is less than sof_index + frame_length(26), buffer size: b'\xa5\x11\x00\x93\xd1\x01\x02\t\x01'
[2026-07-08 17:09:23] out while is working
[2026-07-08 17:09:23] data_length 17 iseq 147
[2026-07-08 17:09:23] buffer is less than sof_index + frame_length(26), buffer size: b'\xa5\x11\x00\x93\xd1\x01\x02\t\x01\xb8'
[2026-07-08 17:09:23] out while is working
[2026-07-08 17:09:23] data_length 17 iseq 147
[2026-07-08 17:09:23] begin switch_method
[2026-07-08 17:09:23] find command id513
[2026-07-08 17:09:23] buffer is less than 5, real size: 0
[2026-07-08 17:09:23] out while is working
[2026-07-08 17:09:23] buffer is less than 5, real size: 0
[2026-07-08 17:09:23] out while is working
[2026-07-08 17:09:23] buffer is less than 5, real size: 0
[2026-07-08 17:09:23] out while is working
[2026-07-08 17:09:23] buffer is less than 5, real size: 0
[2026-07-08 17:09:23] out while is working
[2026-07-08 17:09:23] buffer is less than 5, real size: 0
[2026-07-08 17:09:23] out while is working
[2026-07-08 17:09:23] buffer is less than 5, real size: 0
[2026-07-08 17:09:23] out while is working
[2026-07-08 17:09:23] buffer is less than 5, real size: 0
[2026-07-08 17:09:23] out while is working
[2026-07-08 17:09:23] buffer is less than 5, real size: 0
[2026-07-08 17:09:23] out while is working
[2026-07-08 17:09:23] buffer is less than 5, real size: 0
[2026-07-08 17:09:23] out while is working
[2026-07-08 17:09:23] buffer is less than 5, real size: 0
[2026-07-08 17:09:23] out while is working
[2026-07-08 17:09:23] buffer is less than 5, real size: 1
[2026-07-08 17:09:23] out while is working
[2026-07-08 17:09:23] data_length 14 iseq 148
[2026-07-08 17:09:23] begin switch_method
[2026-07-08 17:09:23] find command id514
[2026-07-08 17:09:23] data_length 17 iseq 149
[2026-07-08 17:09:23] buffer is less than sof_index + frame_length(26), buffer size: b'\xa5\x11\x00\x95\x0c\x01\x02\t\x01'
[2026-07-08 17:09:23] out while is working
[2026-07-08 17:09:23] data_length 17 iseq 149
[2026-07-08 17:09:23] buffer is less than sof_index + frame_length(26), buffer size: b'\xa5\x11\x00\x95\x0c\x01\x02\t\x01\xb8'
[2026-07-08 17:09:23] out while is working
[2026-07-08 17:09:23] data_length 17 iseq 149
[2026-07-08 17:09:23] begin switch_method
[2026-07-08 17:09:23] find command id513
[2026-07-08 17:09:23] buffer is less than 5, real size: 0
[2026-07-08 17:09:23] out while is working
[2026-07-08 17:09:23] buffer is less than 5, real size: 0
[2026-07-08 17:09:23] out while is working
[2026-07-08 17:09:23] buffer is less than 5, real size: 0
[2026-07-08 17:09:23] out while is working
[2026-07-08 17:09:23] buffer is less than 5, real size: 0
[2026-07-08 17:09:23] out while is working
[2026-07-08 17:09:23] buffer is less than 5, real size: 0
[2026-07-08 17:09:23] out while is working
[2026-07-08 17:09:23] buffer is less than 5, real size: 1
[2026-07-08 17:09:23] out while is working
[2026-07-08 17:09:23] data_length 5 iseq 150
[2026-07-08 17:09:23] begin switch_method
[2026-07-08 17:09:23] find command id521
[2026-07-08 17:09:23] buffer is less than 5, real size: 0
[2026-07-08 17:09:23] out while is working
[2026-07-08 17:09:23] buffer is less than 5, real size: 0
[2026-07-08 17:09:23] out while is working
[2026-07-08 17:09:23] buffer is less than 5, real size: 0
[2026-07-08 17:09:23] out while is working
[2026-07-08 17:09:23] buffer is less than 5, real size: 0
[2026-07-08 17:09:23] out while is working
[2026-07-08 17:09:23] buffer is less than 5, real size: 0
[2026-07-08 17:09:23] out while is working
[2026-07-08 17:09:23] buffer is less than 5, real size: 1
[2026-07-08 17:09:23] out while is working
[2026-07-08 17:09:23] data_length 14 iseq 151
[2026-07-08 17:09:23] begin switch_method
[2026-07-08 17:09:23] find command id514
[2026-07-08 17:09:23] data_length 17 iseq 152
[2026-07-08 17:09:23] buffer is less than sof_index + frame_length(26), buffer size: b'\xa5\x11\x00\x98\xf1\x01\x02\t\x01'
[2026-07-08 17:09:23] out while is working
[2026-07-08 17:09:23] data_length 17 iseq 152
[2026-07-08 17:09:23] buffer is less than sof_index + frame_length(26), buffer size: b'\xa5\x11\x00\x98\xf1\x01\x02\t\x01\xb8'
[2026-07-08 17:09:23] out while is working
[2026-07-08 17:09:23] data_length 17 iseq 152
[2026-07-08 17:09:23] begin switch_method
[2026-07-08 17:09:23] find command id513
[2026-07-08 17:09:23] buffer is less than 5, real size: 0
[2026-07-08 17:09:23] out while is working
[2026-07-08 17:09:23] buffer is less than 5, real size: 0
[2026-07-08 17:09:23] out while is working
[2026-07-08 17:09:23] buffer is less than 5, real size: 0
[2026-07-08 17:09:23] out while is working
[2026-07-08 17:09:23] buffer is less than 5, real size: 0
[2026-07-08 17:09:23] out while is working
[2026-07-08 17:09:23] buffer is less than 5, real size: 0
[2026-07-08 17:09:23] out while is working
[2026-07-08 17:09:23] buffer is less than 5, real size: 0
[2026-07-08 17:09:23] out while is working
[2026-07-08 17:09:23] buffer is less than 5, real size: 0
[2026-07-08 17:09:23] out while is working
[2026-07-08 17:09:23] buffer is less than 5, real size: 0
[2026-07-08 17:09:23] out while is working
[2026-07-08 17:09:23] buffer is less than 5, real size: 0
[2026-07-08 17:09:23] out while is working
[2026-07-08 17:09:23] buffer is less than 5, real size: 0
[2026-07-08 17:09:23] out while is working
[2026-07-08 17:09:23] buffer is less than 5, real size: 1
[2026-07-08 17:09:23] out while is working
[2026-07-08 17:09:23] data_length 14 iseq 153
[2026-07-08 17:09:23] begin switch_method
[2026-07-08 17:09:23] find command id514
[2026-07-08 17:09:23] data_length 17 iseq 154
[2026-07-08 17:09:23] buffer is less than sof_index + frame_length(26), buffer size: b'\xa5\x11\x00\x9aM\x01\x02\t\x01'
[2026-07-08 17:09:23] out while is working
[2026-07-08 17:09:23] data_length 17 iseq 154
[2026-07-08 17:09:23] buffer is less than sof_index + frame_length(26), buffer size: b'\xa5\x11\x00\x9aM\x01\x02\t\x01\xb8'
[2026-07-08 17:09:23] out while is working
[2026-07-08 17:09:23] data_length 17 iseq 154
[2026-07-08 17:09:23] begin switch_method
[2026-07-08 17:09:23] find command id513
[2026-07-08 17:09:23] buffer is less than 5, real size: 0
[2026-07-08 17:09:23] out while is working
[2026-07-08 17:09:23] buffer is less than 5, real size: 0
[2026-07-08 17:09:23] out while is working
[2026-07-08 17:09:23] buffer is less than 5, real size: 0
[2026-07-08 17:09:23] out while is working
[2026-07-08 17:09:23] buffer is less than 5, real size: 0
[2026-07-08 17:09:23] out while is working
[2026-07-08 17:09:23] buffer is less than 5, real size: 0
[2026-07-08 17:09:23] out while is working
[2026-07-08 17:09:23] buffer is less than 5, real size: 1
[2026-07-08 17:09:23] out while is working
[2026-07-08 17:09:23] data_length 2 iseq 155
[2026-07-08 17:09:23] begin switch_method
[2026-07-08 17:09:23] find command id524
[2026-07-08 17:09:23] Mark process: [0, 0, 0, 0, 0, 0] (raw bits: 0000000000000000)
[2026-07-08 17:09:23] data_length 4 iseq 156
[2026-07-08 17:09:23] begin switch_method
[2026-07-08 17:09:23] find command id257
[2026-07-08 17:09:23] data_length 11 iseq 157
[2026-07-08 17:09:23] buffer is less than sof_index + frame_length(20), buffer size: b'\xa5\x0b\x00\x9d\xee\x01\x00\x01'
[2026-07-08 17:09:23] out while is working
[2026-07-08 17:09:23] data_length 11 iseq 157
[2026-07-08 17:09:23] buffer is less than sof_index + frame_length(20), buffer size: b'\xa5\x0b\x00\x9d\xee\x01\x00\x01\x00'
[2026-07-08 17:09:23] out while is working
[2026-07-08 17:09:23] data_length 11 iseq 157
[2026-07-08 17:09:23] begin switch_method
[2026-07-08 17:09:23] find command id1
[2026-07-08 17:09:23] data_length 3 iseq 158
[2026-07-08 17:09:23] begin switch_method
[2026-07-08 17:09:23] find command id261
[2026-07-08 17:09:23] Dart target: 0
[2026-07-08 17:09:23] data_length 1 iseq 159
[2026-07-08 17:09:23] buffer is less than sof_index + frame_length(10), buffer size: b'\xa5\x01\x00\x9f8\x0e\x02('
[2026-07-08 17:09:23] out while is working
[2026-07-08 17:09:23] data_length 1 iseq 159
[2026-07-08 17:09:23] buffer is less than sof_index + frame_length(10), buffer size: b'\xa5\x01\x00\x9f8\x0e\x02(\x08'
[2026-07-08 17:09:23] out while is working
[2026-07-08 17:09:23] data_length 1 iseq 159
[2026-07-08 17:09:23] begin switch_method
[2026-07-08 17:09:23] find command id526
[2026-07-08 17:09:23] Double effect chance: 0, is double effect active: 0
[2026-07-08 17:09:23] Interference level: 1, is key updated: 1
[2026-07-08 17:09:23] buffer is less than 5, real size: 0
[2026-07-08 17:09:23] out while is working
[2026-07-08 17:09:23] buffer is less than 5, real size: 0
[2026-07-08 17:09:23] out while is working
[2026-07-08 17:09:23] buffer is less than 5, real size: 0
[2026-07-08 17:09:23] out while is working
[2026-07-08 17:09:23] buffer is less than 5, real size: 0
[2026-07-08 17:09:23] out while is working
[2026-07-08 17:09:23] buffer is less than 5, real size: 0
[2026-07-08 17:09:23] out while is working
[2026-07-08 17:09:23] buffer is less than 5, real size: 1
[2026-07-08 17:09:23] out while is working
[2026-07-08 17:09:23] data_length 14 iseq 160
[2026-07-08 17:09:23] begin switch_method
[2026-07-08 17:09:23] find command id514
[2026-07-08 17:09:23] data_length 17 iseq 161
[2026-07-08 17:09:23] buffer is less than sof_index + frame_length(26), buffer size: b'\xa5\x11\x00\xa1\xd3\x01\x02\t\x01'
[2026-07-08 17:09:23] out while is working
[2026-07-08 17:09:23] data_length 17 iseq 161
[2026-07-08 17:09:23] buffer is less than sof_index + frame_length(26), buffer size: b'\xa5\x11\x00\xa1\xd3\x01\x02\t\x01\xb8'
[2026-07-08 17:09:23] out while is working
[2026-07-08 17:09:23] data_length 17 iseq 161
[2026-07-08 17:09:23] begin switch_method
[2026-07-08 17:09:23] find command id513
[2026-07-08 17:09:23] buffer is less than 5, real size: 0
[2026-07-08 17:09:23] out while is working
[2026-07-08 17:09:23] buffer is less than 5, real size: 0
[2026-07-08 17:09:23] out while is working
[2026-07-08 17:09:23] buffer is less than 5, real size: 0
[2026-07-08 17:09:23] out while is working
[2026-07-08 17:09:23] buffer is less than 5, real size: 0
[2026-07-08 17:09:23] out while is working
[2026-07-08 17:09:23] buffer is less than 5, real size: 1
[2026-07-08 17:09:23] out while is working
[2026-07-08 17:09:23] data_length 5 iseq 162
[2026-07-08 17:09:23] begin switch_method
[2026-07-08 17:09:23] find command id521
[2026-07-08 17:09:23] buffer is less than 5, real size: 0
[2026-07-08 17:09:23] out while is working
[2026-07-08 17:09:23] buffer is less than 5, real size: 0
[2026-07-08 17:09:23] out while is working
[2026-07-08 17:09:23] buffer is less than 5, real size: 0
[2026-07-08 17:09:23] out while is working
[2026-07-08 17:09:23] buffer is less than 5, real size: 0
[2026-07-08 17:09:23] out while is working
[2026-07-08 17:09:23] buffer is less than 5, real size: 0
[2026-07-08 17:09:23] out while is working
[2026-07-08 17:09:23] buffer is less than 5, real size: 0
[2026-07-08 17:09:23] out while is working
[2026-07-08 17:09:23] buffer is less than 5, real size: 0
[2026-07-08 17:09:23] out while is working
[2026-07-08 17:09:23] buffer is less than 5, real size: 0
[2026-07-08 17:09:23] out while is working
[2026-07-08 17:09:23] buffer is less than 5, real size: 0
[2026-07-08 17:09:23] out while is working
[2026-07-08 17:09:23] buffer is less than 5, real size: 0
[2026-07-08 17:09:23] out while is working
[2026-07-08 17:09:23] buffer is less than 5, real size: 0
[2026-07-08 17:09:23] out while is working
[2026-07-08 17:09:23] buffer is less than 5, real size: 1
[2026-07-08 17:09:23] out while is working
[2026-07-08 17:09:23] data_length 14 iseq 163
[2026-07-08 17:09:23] begin switch_method
[2026-07-08 17:09:23] find command id514
[2026-07-08 17:09:23] data_length 17 iseq 164
[2026-07-08 17:09:23] buffer is less than sof_index + frame_length(26), buffer size: b'\xa5\x11\x00\xa4\xec\x01\x02\t\x01'
[2026-07-08 17:09:23] out while is working
[2026-07-08 17:09:23] data_length 17 iseq 164
[2026-07-08 17:09:23] buffer is less than sof_index + frame_length(26), buffer size: b'\xa5\x11\x00\xa4\xec\x01\x02\t\x01\xb8'
[2026-07-08 17:09:23] out while is working
[2026-07-08 17:09:23] data_length 17 iseq 164
[2026-07-08 17:09:23] begin switch_method
[2026-07-08 17:09:23] find command id513
[2026-07-08 17:09:23] buffer is less than 5, real size: 0
[2026-07-08 17:09:23] out while is working
[2026-07-08 17:09:23] buffer is less than 5, real size: 0
[2026-07-08 17:09:23] out while is working
[2026-07-08 17:09:23] buffer is less than 5, real size: 0
[2026-07-08 17:09:23] out while is working
[2026-07-08 17:09:23] buffer is less than 5, real size: 0
[2026-07-08 17:09:23] out while is working
[2026-07-08 17:09:23] buffer is less than 5, real size: 0
[2026-07-08 17:09:23] out while is working
[2026-07-08 17:09:24] buffer is less than 5, real size: 0
[2026-07-08 17:09:24] out while is working
[2026-07-08 17:09:24] buffer is less than 5, real size: 0
[2026-07-08 17:09:24] out while is working
[2026-07-08 17:09:24] buffer is less than 5, real size: 1
[2026-07-08 17:09:24] out while is working
[2026-07-08 17:09:24] data_length 14 iseq 165
[2026-07-08 17:09:24] begin switch_method
[2026-07-08 17:09:24] find command id514
[2026-07-08 17:09:24] data_length 17 iseq 166
[2026-07-08 17:09:24] buffer is less than sof_index + frame_length(26), buffer size: b'\xa5\x11\x00\xa6P\x01\x02\t\x01'
[2026-07-08 17:09:24] out while is working
[2026-07-08 17:09:24] data_length 17 iseq 166
[2026-07-08 17:09:24] buffer is less than sof_index + frame_length(26), buffer size: b'\xa5\x11\x00\xa6P\x01\x02\t\x01\xb8'
[2026-07-08 17:09:24] out while is working
[2026-07-08 17:09:24] data_length 17 iseq 166
[2026-07-08 17:09:24] begin switch_method
[2026-07-08 17:09:24] find command id513
[2026-07-08 17:09:24] buffer is less than 5, real size: 0
[2026-07-08 17:09:24] out while is working
[2026-07-08 17:09:24] buffer is less than 5, real size: 0
[2026-07-08 17:09:24] out while is working
[2026-07-08 17:09:24] buffer is less than 5, real size: 0
[2026-07-08 17:09:24] out while is working
[2026-07-08 17:09:24] buffer is less than 5, real size: 0
[2026-07-08 17:09:24] out while is working
[2026-07-08 17:09:24] buffer is less than 5, real size: 0
[2026-07-08 17:09:24] out while is working
[2026-07-08 17:09:24] buffer is less than 5, real size: 0
[2026-07-08 17:09:24] out while is working
[2026-07-08 17:09:24] buffer is less than 5, real size: 0
[2026-07-08 17:09:24] out while is working
[2026-07-08 17:09:24] buffer is less than 5, real size: 0
[2026-07-08 17:09:24] out while is working
[2026-07-08 17:09:24] buffer is less than 5, real size: 0
[2026-07-08 17:09:24] out while is working
[2026-07-08 17:09:24] buffer is less than 5, real size: 0
[2026-07-08 17:09:24] out while is working
[2026-07-08 17:09:24] buffer is less than 5, real size: 0
[2026-07-08 17:09:24] out while is working
[2026-07-08 17:09:24] buffer is less than 5, real size: 1
[2026-07-08 17:09:24] out while is working
[2026-07-08 17:09:24] data_length 14 iseq 167
[2026-07-08 17:09:24] begin switch_method
[2026-07-08 17:09:24] find command id514
[2026-07-08 17:09:24] data_length 12 iseq 168
[2026-07-08 17:09:24] buffer is less than sof_index + frame_length(21), buffer size: b'\xa5\x0c\x00\xa8\x15\x03\x02\x00\x00'
[2026-07-08 17:09:24] out while is working
[2026-07-08 17:09:24] data_length 12 iseq 168
[2026-07-08 17:09:24] buffer is less than sof_index + frame_length(21), buffer size: b'\xa5\x0c\x00\xa8\x15\x03\x02\x00\x00\x00'
[2026-07-08 17:09:24] out while is working
[2026-07-08 17:09:24] data_length 12 iseq 168
[2026-07-08 17:09:24] begin switch_method
[2026-07-08 17:09:24] find command id515
[2026-07-08 17:09:24] data_length 17 iseq 169
[2026-07-08 17:09:24] buffer is less than sof_index + frame_length(26), buffer size: b'\xa5\x11\x00\xa9\x11\x01\x02\t\x01\xb8"\xb8"d\x00@\x01x\x00\x00'
[2026-07-08 17:09:24] out while is working
[2026-07-08 17:09:24] data_length 17 iseq 169
[2026-07-08 17:09:24] buffer is less than sof_index + frame_length(26), buffer size: b'\xa5\x11\x00\xa9\x11\x01\x02\t\x01\xb8"\xb8"d\x00@\x01x\x00\x00\x00'
[2026-07-08 17:09:24] out while is working
[2026-07-08 17:09:24] data_length 17 iseq 169
[2026-07-08 17:09:24] begin switch_method
[2026-07-08 17:09:24] find command id513
[2026-07-08 17:09:24] buffer is less than 5, real size: 0
[2026-07-08 17:09:24] out while is working
[2026-07-08 17:09:24] buffer is less than 5, real size: 0
[2026-07-08 17:09:24] out while is working
[2026-07-08 17:09:24] buffer is less than 5, real size: 1
[2026-07-08 17:09:24] out while is working
[2026-07-08 17:09:24] data_length 5 iseq 170
[2026-07-08 17:09:24] begin switch_method
[2026-07-08 17:09:24] find command id521
[2026-07-08 17:09:24] buffer is less than 5, real size: 0
[2026-07-08 17:09:24] out while is working
[2026-07-08 17:09:24] buffer is less than 5, real size: 0
[2026-07-08 17:09:24] out while is working
[2026-07-08 17:09:24] buffer is less than 5, real size: 0
[2026-07-08 17:09:24] out while is working
[2026-07-08 17:09:24] buffer is less than 5, real size: 0
[2026-07-08 17:09:24] out while is working
[2026-07-08 17:09:24] buffer is less than 5, real size: 0
[2026-07-08 17:09:24] out while is working
[2026-07-08 17:09:24] buffer is less than 5, real size: 0
[2026-07-08 17:09:24] out while is working
[2026-07-08 17:09:24] buffer is less than 5, real size: 0
[2026-07-08 17:09:24] out while is working
[2026-07-08 17:09:24] buffer is less than 5, real size: 0
[2026-07-08 17:09:24] out while is working
[2026-07-08 17:09:24] buffer is less than 5, real size: 1
[2026-07-08 17:09:24] out while is working
[2026-07-08 17:09:24] data_length 14 iseq 171
[2026-07-08 17:09:24] begin switch_method
[2026-07-08 17:09:24] find command id514
[2026-07-08 17:09:24] data_length 17 iseq 172
[2026-07-08 17:09:24] buffer is less than sof_index + frame_length(26), buffer size: b'\xa5\x11\x00\xac.\x01\x02\t\x01'
[2026-07-08 17:09:24] out while is working
[2026-07-08 17:09:24] data_length 17 iseq 172
[2026-07-08 17:09:24] buffer is less than sof_index + frame_length(26), buffer size: b'\xa5\x11\x00\xac.\x01\x02\t\x01\xb8'
[2026-07-08 17:09:24] out while is working
[2026-07-08 17:09:24] data_length 17 iseq 172
[2026-07-08 17:09:24] begin switch_method
[2026-07-08 17:09:24] find command id513
[2026-07-08 17:09:24] buffer is less than 5, real size: 0
[2026-07-08 17:09:24] out while is working
[2026-07-08 17:09:24] buffer is less than 5, real size: 0
[2026-07-08 17:09:24] out while is working
[2026-07-08 17:09:24] buffer is less than 5, real size: 0
[2026-07-08 17:09:24] out while is working
[2026-07-08 17:09:24] buffer is less than 5, real size: 0
[2026-07-08 17:09:24] out while is working
[2026-07-08 17:09:24] buffer is less than 5, real size: 0
[2026-07-08 17:09:24] out while is working
[2026-07-08 17:09:24] buffer is less than 5, real size: 0
[2026-07-08 17:09:24] out while is working
[2026-07-08 17:09:24] buffer is less than 5, real size: 0
[2026-07-08 17:09:24] out while is working
[2026-07-08 17:09:24] buffer is less than 5, real size: 0
[2026-07-08 17:09:24] out while is working
[2026-07-08 17:09:24] buffer is less than 5, real size: 0
[2026-07-08 17:09:24] out while is working
[2026-07-08 17:09:24] buffer is less than 5, real size: 0
[2026-07-08 17:09:24] out while is working
[2026-07-08 17:09:24] buffer is less than 5, real size: 1
[2026-07-08 17:09:24] out while is working
[2026-07-08 17:09:24] data_length 14 iseq 173
[2026-07-08 17:09:24] begin switch_method
[2026-07-08 17:09:24] find command id514
[2026-07-08 17:09:24] data_length 17 iseq 174
[2026-07-08 17:09:24] buffer is less than sof_index + frame_length(26), buffer size: b'\xa5\x11\x00\xae\x92\x01\x02\t\x01'
[2026-07-08 17:09:24] out while is working
[2026-07-08 17:09:24] data_length 17 iseq 174
[2026-07-08 17:09:24] buffer is less than sof_index + frame_length(26), buffer size: b'\xa5\x11\x00\xae\x92\x01\x02\t\x01\xb8'
[2026-07-08 17:09:24] out while is working
[2026-07-08 17:09:24] data_length 17 iseq 174
[2026-07-08 17:09:24] begin switch_method
[2026-07-08 17:09:24] find command id513
[2026-07-08 17:09:24] buffer is less than 5, real size: 0
[2026-07-08 17:09:24] out while is working
[2026-07-08 17:09:24] buffer is less than 5, real size: 0
[2026-07-08 17:09:24] out while is working
[2026-07-08 17:09:24] buffer is less than 5, real size: 0
[2026-07-08 17:09:24] out while is working
[2026-07-08 17:09:24] buffer is less than 5, real size: 0
[2026-07-08 17:09:24] out while is working
[2026-07-08 17:09:24] buffer is less than 5, real size: 0
[2026-07-08 17:09:24] out while is working
[2026-07-08 17:09:24] buffer is less than 5, real size: 0
[2026-07-08 17:09:24] out while is working
[2026-07-08 17:09:24] buffer is less than 5, real size: 0
[2026-07-08 17:09:24] out while is working
[2026-07-08 17:09:24] buffer is less than 5, real size: 0
[2026-07-08 17:09:24] out while is working
[2026-07-08 17:09:24] buffer is less than 5, real size: 0
[2026-07-08 17:09:24] out while is working
[2026-07-08 17:09:24] buffer is less than 5, real size: 0
[2026-07-08 17:09:24] out while is working
[2026-07-08 17:09:24] buffer is less than 5, real size: 1
[2026-07-08 17:09:24] out while is working
[2026-07-08 17:09:24] data_length 14 iseq 175
[2026-07-08 17:09:24] begin switch_method
[2026-07-08 17:09:24] find command id514
[2026-07-08 17:09:24] data_length 17 iseq 176
[2026-07-08 17:09:24] buffer is less than sof_index + frame_length(26), buffer size: b'\xa5\x11\x00\xb0\x10\x01\x02\t\x01'
[2026-07-08 17:09:24] out while is working
[2026-07-08 17:09:24] data_length 17 iseq 176
[2026-07-08 17:09:24] buffer is less than sof_index + frame_length(26), buffer size: b'\xa5\x11\x00\xb0\x10\x01\x02\t\x01\xb8'
[2026-07-08 17:09:24] out while is working
[2026-07-08 17:09:24] data_length 17 iseq 176
[2026-07-08 17:09:24] begin switch_method
[2026-07-08 17:09:24] find command id513
[2026-07-08 17:09:24] buffer is less than 5, real size: 0
[2026-07-08 17:09:24] out while is working
[2026-07-08 17:09:24] buffer is less than 5, real size: 0
[2026-07-08 17:09:24] out while is working
[2026-07-08 17:09:24] buffer is less than 5, real size: 1
[2026-07-08 17:09:24] out while is working
[2026-07-08 17:09:24] data_length 5 iseq 177
[2026-07-08 17:09:24] begin switch_method
[2026-07-08 17:09:24] find command id521
[2026-07-08 17:09:24] buffer is less than 5, real size: 0
[2026-07-08 17:09:24] out while is working
[2026-07-08 17:09:24] buffer is less than 5, real size: 0
[2026-07-08 17:09:24] out while is working
[2026-07-08 17:09:24] buffer is less than 5, real size: 0
[2026-07-08 17:09:24] out while is working
[2026-07-08 17:09:24] buffer is less than 5, real size: 0
[2026-07-08 17:09:24] out while is working
[2026-07-08 17:09:24] buffer is less than 5, real size: 0
[2026-07-08 17:09:24] out while is working
[2026-07-08 17:09:24] buffer is less than 5, real size: 0
[2026-07-08 17:09:24] out while is working
[2026-07-08 17:09:24] buffer is less than 5, real size: 0
[2026-07-08 17:09:24] out while is working
[2026-07-08 17:09:24] buffer is less than 5, real size: 0
[2026-07-08 17:09:24] out while is working
[2026-07-08 17:09:24] buffer is less than 5, real size: 0
[2026-07-08 17:09:24] out while is working
[2026-07-08 17:09:24] buffer is less than 5, real size: 1
[2026-07-08 17:09:24] out while is working
[2026-07-08 17:09:24] data_length 14 iseq 178
[2026-07-08 17:09:24] begin switch_method
[2026-07-08 17:09:24] find command id514
[2026-07-08 17:09:24] data_length 17 iseq 179
[2026-07-08 17:09:24] buffer is less than sof_index + frame_length(26), buffer size: b'\xa5\x11\x00\xb3\xf2\x01\x02\t\x01'
[2026-07-08 17:09:24] out while is working
[2026-07-08 17:09:24] data_length 17 iseq 179
[2026-07-08 17:09:24] buffer is less than sof_index + frame_length(26), buffer size: b'\xa5\x11\x00\xb3\xf2\x01\x02\t\x01\xb8'
[2026-07-08 17:09:24] out while is working
[2026-07-08 17:09:24] data_length 17 iseq 179
[2026-07-08 17:09:24] begin switch_method
[2026-07-08 17:09:24] find command id513
[2026-07-08 17:09:24] buffer is less than 5, real size: 0
[2026-07-08 17:09:24] out while is working
[2026-07-08 17:09:24] buffer is less than 5, real size: 0
[2026-07-08 17:09:24] out while is working
[2026-07-08 17:09:24] buffer is less than 5, real size: 0
[2026-07-08 17:09:24] out while is working
[2026-07-08 17:09:24] buffer is less than 5, real size: 0
[2026-07-08 17:09:24] out while is working
[2026-07-08 17:09:24] buffer is less than 5, real size: 0
[2026-07-08 17:09:24] out while is working
[2026-07-08 17:09:24] buffer is less than 5, real size: 0
[2026-07-08 17:09:24] out while is working
[2026-07-08 17:09:24] buffer is less than 5, real size: 0
[2026-07-08 17:09:24] out while is working
[2026-07-08 17:09:24] buffer is less than 5, real size: 0
[2026-07-08 17:09:24] out while is working
[2026-07-08 17:09:24] buffer is less than 5, real size: 0
[2026-07-08 17:09:24] out while is working
[2026-07-08 17:09:24] buffer is less than 5, real size: 0
[2026-07-08 17:09:24] out while is working
[2026-07-08 17:09:24] buffer is less than 5, real size: 0
[2026-07-08 17:09:24] out while is working
[2026-07-08 17:09:24] buffer is less than 5, real size: 1
[2026-07-08 17:09:24] out while is working
[2026-07-08 17:09:24] data_length 14 iseq 180
[2026-07-08 17:09:24] begin switch_method
[2026-07-08 17:09:24] find command id514
[2026-07-08 17:09:24] data_length 17 iseq 181
[2026-07-08 17:09:24] buffer is less than sof_index + frame_length(26), buffer size: b'\xa5\x11\x00\xb5/\x01\x02\t\x01'
[2026-07-08 17:09:24] out while is working
[2026-07-08 17:09:24] data_length 17 iseq 181
[2026-07-08 17:09:24] buffer is less than sof_index + frame_length(26), buffer size: b'\xa5\x11\x00\xb5/\x01\x02\t\x01\xb8'
[2026-07-08 17:09:24] out while is working
[2026-07-08 17:09:24] data_length 17 iseq 181
[2026-07-08 17:09:24] begin switch_method
[2026-07-08 17:09:24] find command id513
[2026-07-08 17:09:24] buffer is less than 5, real size: 0
[2026-07-08 17:09:24] out while is working
[2026-07-08 17:09:24] buffer is less than 5, real size: 0
[2026-07-08 17:09:24] out while is working
[2026-07-08 17:09:24] buffer is less than 5, real size: 0
[2026-07-08 17:09:24] out while is working
[2026-07-08 17:09:24] buffer is less than 5, real size: 0
[2026-07-08 17:09:24] out while is working
[2026-07-08 17:09:24] buffer is less than 5, real size: 0
[2026-07-08 17:09:24] out while is working
[2026-07-08 17:09:24] buffer is less than 5, real size: 0
[2026-07-08 17:09:24] out while is working
[2026-07-08 17:09:24] buffer is less than 5, real size: 0
[2026-07-08 17:09:24] out while is working
[2026-07-08 17:09:24] buffer is less than 5, real size: 0
[2026-07-08 17:09:24] out while is working
[2026-07-08 17:09:24] buffer is less than 5, real size: 0
[2026-07-08 17:09:24] out while is working
[2026-07-08 17:09:24] buffer is less than 5, real size: 0
[2026-07-08 17:09:24] out while is working
[2026-07-08 17:09:24] buffer is less than 5, real size: 1
[2026-07-08 17:09:24] out while is working
[2026-07-08 17:09:24] data_length 14 iseq 182
[2026-07-08 17:09:24] begin switch_method
[2026-07-08 17:09:24] find command id514
[2026-07-08 17:09:24] data_length 17 iseq 183
[2026-07-08 17:09:24] buffer is less than sof_index + frame_length(26), buffer size: b'\xa5\x11\x00\xb7\x93\x01\x02\t\x01'
[2026-07-08 17:09:24] out while is working
[2026-07-08 17:09:24] data_length 17 iseq 183
[2026-07-08 17:09:24] buffer is less than sof_index + frame_length(26), buffer size: b'\xa5\x11\x00\xb7\x93\x01\x02\t\x01\xb8'
[2026-07-08 17:09:24] out while is working
[2026-07-08 17:09:24] data_length 17 iseq 183
[2026-07-08 17:09:24] begin switch_method
[2026-07-08 17:09:24] find command id513
[2026-07-08 17:09:24] buffer is less than 5, real size: 0
[2026-07-08 17:09:24] out while is working
[2026-07-08 17:09:24] buffer is less than 5, real size: 1
[2026-07-08 17:09:24] out while is working
[2026-07-08 17:09:24] data_length 2 iseq 184
[2026-07-08 17:09:24] begin switch_method
[2026-07-08 17:09:24] find command id524
[2026-07-08 17:09:24] Mark process: [0, 0, 0, 0, 0, 0] (raw bits: 0000000000000000)
[2026-07-08 17:09:24] data_length 4 iseq 185
[2026-07-08 17:09:24] begin switch_method
[2026-07-08 17:09:24] find command id257
[2026-07-08 17:09:24] data_length 11 iseq 186
[2026-07-08 17:09:24] buffer is less than sof_index + frame_length(20), buffer size: b'\xa5\x0b\x00\xbaN\x01\x00\x01'
[2026-07-08 17:09:24] out while is working
[2026-07-08 17:09:24] data_length 11 iseq 186
[2026-07-08 17:09:24] buffer is less than sof_index + frame_length(20), buffer size: b'\xa5\x0b\x00\xbaN\x01\x00\x01\x00'
[2026-07-08 17:09:24] out while is working
[2026-07-08 17:09:24] data_length 11 iseq 186
[2026-07-08 17:09:24] begin switch_method
[2026-07-08 17:09:24] find command id1
[2026-07-08 17:09:24] data_length 3 iseq 187
[2026-07-08 17:09:24] begin switch_method
[2026-07-08 17:09:24] find command id261
[2026-07-08 17:09:24] Dart target: 0
[2026-07-08 17:09:24] data_length 1 iseq 188
[2026-07-08 17:09:24] buffer is less than sof_index + frame_length(10), buffer size: b'\xa5\x01\x00\xbc\xf9\x0e\x02('
[2026-07-08 17:09:24] out while is working
[2026-07-08 17:09:24] data_length 1 iseq 188
[2026-07-08 17:09:24] buffer is less than sof_index + frame_length(10), buffer size: b'\xa5\x01\x00\xbc\xf9\x0e\x02(7'
[2026-07-08 17:09:24] out while is working
[2026-07-08 17:09:24] data_length 1 iseq 188
[2026-07-08 17:09:24] begin switch_method
[2026-07-08 17:09:24] find command id526
[2026-07-08 17:09:24] Double effect chance: 0, is double effect active: 0
[2026-07-08 17:09:24] Interference level: 1, is key updated: 1
[2026-07-08 17:09:24] data_length 5 iseq 189
[2026-07-08 17:09:24] begin switch_method
[2026-07-08 17:09:24] find command id521
[2026-07-08 17:09:24] buffer is less than 5, real size: 0
[2026-07-08 17:09:24] out while is working
[2026-07-08 17:09:24] buffer is less than 5, real size: 0
[2026-07-08 17:09:24] out while is working
[2026-07-08 17:09:24] buffer is less than 5, real size: 0
[2026-07-08 17:09:24] out while is working
[2026-07-08 17:09:24] buffer is less than 5, real size: 0
[2026-07-08 17:09:24] out while is working
[2026-07-08 17:09:24] buffer is less than 5, real size: 0
[2026-07-08 17:09:24] out while is working
[2026-07-08 17:09:24] buffer is less than 5, real size: 0
[2026-07-08 17:09:24] out while is working
[2026-07-08 17:09:24] buffer is less than 5, real size: 0
[2026-07-08 17:09:24] out while is working
[2026-07-08 17:09:24] buffer is less than 5, real size: 0
[2026-07-08 17:09:24] out while is working
[2026-07-08 17:09:24] buffer is less than 5, real size: 0
[2026-07-08 17:09:24] out while is working
[2026-07-08 17:09:24] buffer is less than 5, real size: 1
[2026-07-08 17:09:24] out while is working
[2026-07-08 17:09:24] data_length 14 iseq 190
[2026-07-08 17:09:24] begin switch_method
[2026-07-08 17:09:24] find command id514
[2026-07-08 17:09:24] data_length 17 iseq 191
[2026-07-08 17:09:24] buffer is less than sof_index + frame_length(26), buffer size: b'\xa5\x11\x00\xbfQ\x01\x02\t\x01'
[2026-07-08 17:09:24] out while is working
[2026-07-08 17:09:24] data_length 17 iseq 191
[2026-07-08 17:09:24] buffer is less than sof_index + frame_length(26), buffer size: b'\xa5\x11\x00\xbfQ\x01\x02\t\x01\xb8'
[2026-07-08 17:09:24] out while is working
[2026-07-08 17:09:24] data_length 17 iseq 191
[2026-07-08 17:09:24] begin switch_method
[2026-07-08 17:09:24] find command id513
[2026-07-08 17:09:24] buffer is less than 5, real size: 0
[2026-07-08 17:09:24] out while is working
[2026-07-08 17:09:24] buffer is less than 5, real size: 0
[2026-07-08 17:09:24] out while is working
[2026-07-08 17:09:24] buffer is less than 5, real size: 0
[2026-07-08 17:09:24] out while is working
[2026-07-08 17:09:24] buffer is less than 5, real size: 0
[2026-07-08 17:09:24] out while is working
[2026-07-08 17:09:24] buffer is less than 5, real size: 0
[2026-07-08 17:09:24] out while is working
[2026-07-08 17:09:24] buffer is less than 5, real size: 0
[2026-07-08 17:09:24] out while is working
[2026-07-08 17:09:24] buffer is less than 5, real size: 0
[2026-07-08 17:09:24] out while is working
[2026-07-08 17:09:24] buffer is less than 5, real size: 0
[2026-07-08 17:09:24] out while is working
[2026-07-08 17:09:24] buffer is less than 5, real size: 0
[2026-07-08 17:09:24] out while is working
[2026-07-08 17:09:24] buffer is less than 5, real size: 0
[2026-07-08 17:09:24] out while is working
[2026-07-08 17:09:24] buffer is less than 5, real size: 1
[2026-07-08 17:09:24] out while is working
[2026-07-08 17:09:24] data_length 14 iseq 192
[2026-07-08 17:09:24] begin switch_method
[2026-07-08 17:09:24] find command id514
[2026-07-08 17:09:24] data_length 17 iseq 193
[2026-07-08 17:09:24] buffer is less than sof_index + frame_length(26), buffer size: b'\xa5\x11\x00\xc1\xb6\x01\x02\t\x01'
[2026-07-08 17:09:24] out while is working
[2026-07-08 17:09:24] data_length 17 iseq 193
[2026-07-08 17:09:24] buffer is less than sof_index + frame_length(26), buffer size: b'\xa5\x11\x00\xc1\xb6\x01\x02\t\x01\xb8'
[2026-07-08 17:09:24] out while is working
[2026-07-08 17:09:24] data_length 17 iseq 193
[2026-07-08 17:09:24] begin switch_method
[2026-07-08 17:09:24] find command id513
[2026-07-08 17:09:24] buffer is less than 5, real size: 0
[2026-07-08 17:09:24] out while is working
[2026-07-08 17:09:24] buffer is less than 5, real size: 0
[2026-07-08 17:09:24] out while is working
[2026-07-08 17:09:24] buffer is less than 5, real size: 0
[2026-07-08 17:09:24] out while is working
[2026-07-08 17:09:24] buffer is less than 5, real size: 0
[2026-07-08 17:09:24] out while is working
[2026-07-08 17:09:24] buffer is less than 5, real size: 0
[2026-07-08 17:09:24] out while is working
[2026-07-08 17:09:25] buffer is less than 5, real size: 0
[2026-07-08 17:09:25] out while is working
[2026-07-08 17:09:25] buffer is less than 5, real size: 0
[2026-07-08 17:09:25] out while is working
[2026-07-08 17:09:25] buffer is less than 5, real size: 0
[2026-07-08 17:09:25] out while is working
[2026-07-08 17:09:25] buffer is less than 5, real size: 0
[2026-07-08 17:09:25] out while is working
[2026-07-08 17:09:25] buffer is less than 5, real size: 1
[2026-07-08 17:09:25] out while is working
[2026-07-08 17:09:25] data_length 5 iseq 194
[2026-07-08 17:09:25] begin switch_method
[2026-07-08 17:09:25] find command id521
[2026-07-08 17:09:25] buffer is less than 5, real size: 0
[2026-07-08 17:09:25] out while is working
[2026-07-08 17:09:25] buffer is less than 5, real size: 0
[2026-07-08 17:09:25] out while is working
[2026-07-08 17:09:25] buffer is less than 5, real size: 1
[2026-07-08 17:09:25] out while is working
[2026-07-08 17:09:25] data_length 14 iseq 195
[2026-07-08 17:09:25] begin switch_method
[2026-07-08 17:09:25] find command id514
[2026-07-08 17:09:25] data_length 17 iseq 196
[2026-07-08 17:09:25] buffer is less than sof_index + frame_length(26), buffer size: b'\xa5\x11\x00\xc4\x89\x01\x02\t\x01'
[2026-07-08 17:09:25] out while is working
[2026-07-08 17:09:25] data_length 17 iseq 196
[2026-07-08 17:09:25] buffer is less than sof_index + frame_length(26), buffer size: b'\xa5\x11\x00\xc4\x89\x01\x02\t\x01\xb8'
[2026-07-08 17:09:25] out while is working
[2026-07-08 17:09:25] data_length 17 iseq 196
[2026-07-08 17:09:25] begin switch_method
[2026-07-08 17:09:25] find command id513
[2026-07-08 17:09:25] buffer is less than 5, real size: 0
[2026-07-08 17:09:25] out while is working
[2026-07-08 17:09:25] buffer is less than 5, real size: 0
[2026-07-08 17:09:25] out while is working
[2026-07-08 17:09:25] buffer is less than 5, real size: 0
[2026-07-08 17:09:25] out while is working
[2026-07-08 17:09:25] buffer is less than 5, real size: 0
[2026-07-08 17:09:25] out while is working
[2026-07-08 17:09:25] buffer is less than 5, real size: 0
[2026-07-08 17:09:25] out while is working
[2026-07-08 17:09:25] buffer is less than 5, real size: 0
[2026-07-08 17:09:25] out while is working
[2026-07-08 17:09:25] buffer is less than 5, real size: 0
[2026-07-08 17:09:25] out while is working
[2026-07-08 17:09:25] buffer is less than 5, real size: 0
[2026-07-08 17:09:25] out while is working
[2026-07-08 17:09:25] buffer is less than 5, real size: 0
[2026-07-08 17:09:25] out while is working
[2026-07-08 17:09:25] buffer is less than 5, real size: 0
[2026-07-08 17:09:25] out while is working
[2026-07-08 17:09:25] buffer is less than 5, real size: 1
[2026-07-08 17:09:25] out while is working
[2026-07-08 17:09:25] data_length 14 iseq 197
[2026-07-08 17:09:25] begin switch_method
[2026-07-08 17:09:25] find command id514
[2026-07-08 17:09:25] data_length 12 iseq 198
[2026-07-08 17:09:25] buffer is less than sof_index + frame_length(21), buffer size: b'\xa5\x0c\x00\xc6o\x03\x02\x00\x00'
[2026-07-08 17:09:25] out while is working
[2026-07-08 17:09:25] data_length 12 iseq 198
[2026-07-08 17:09:25] buffer is less than sof_index + frame_length(21), buffer size: b'\xa5\x0c\x00\xc6o\x03\x02\x00\x00\x00'
[2026-07-08 17:09:25] out while is working
[2026-07-08 17:09:25] data_length 12 iseq 198
[2026-07-08 17:09:25] begin switch_method
[2026-07-08 17:09:25] find command id515
[2026-07-08 17:09:25] data_length 17 iseq 199
[2026-07-08 17:09:25] buffer is less than sof_index + frame_length(26), buffer size: b'\xa5\x11\x00\xc7k\x01\x02\t\x01\xb8"\xb8"d\x00@\x01x\x00\x00'
[2026-07-08 17:09:25] out while is working
[2026-07-08 17:09:25] data_length 17 iseq 199
[2026-07-08 17:09:25] buffer is less than sof_index + frame_length(26), buffer size: b'\xa5\x11\x00\xc7k\x01\x02\t\x01\xb8"\xb8"d\x00@\x01x\x00\x00\x00'
[2026-07-08 17:09:25] out while is working
[2026-07-08 17:09:25] data_length 17 iseq 199
[2026-07-08 17:09:25] begin switch_method
[2026-07-08 17:09:25] find command id513
[2026-07-08 17:09:25] buffer is less than 5, real size: 0
[2026-07-08 17:09:25] out while is working
[2026-07-08 17:09:25] buffer is less than 5, real size: 0
[2026-07-08 17:09:25] out while is working
[2026-07-08 17:09:25] buffer is less than 5, real size: 0
[2026-07-08 17:09:25] out while is working
[2026-07-08 17:09:25] buffer is less than 5, real size: 0
[2026-07-08 17:09:25] out while is working
[2026-07-08 17:09:25] buffer is less than 5, real size: 0
[2026-07-08 17:09:25] out while is working
[2026-07-08 17:09:25] buffer is less than 5, real size: 0
[2026-07-08 17:09:25] out while is working
[2026-07-08 17:09:25] buffer is less than 5, real size: 0
[2026-07-08 17:09:25] out while is working
[2026-07-08 17:09:25] buffer is less than 5, real size: 0
[2026-07-08 17:09:25] out while is working
[2026-07-08 17:09:25] buffer is less than 5, real size: 0
[2026-07-08 17:09:25] out while is working
[2026-07-08 17:09:25] buffer is less than 5, real size: 0
[2026-07-08 17:09:25] out while is working
[2026-07-08 17:09:25] buffer is less than 5, real size: 1
[2026-07-08 17:09:25] out while is working
[2026-07-08 17:09:25] data_length 14 iseq 200
[2026-07-08 17:09:25] begin switch_method
[2026-07-08 17:09:25] find command id514
[2026-07-08 17:09:25] data_length 17 iseq 201
[2026-07-08 17:09:25] buffer is less than sof_index + frame_length(26), buffer size: b'\xa5\x11\x00\xc9t\x01\x02\t\x01'
[2026-07-08 17:09:25] out while is working
[2026-07-08 17:09:25] data_length 17 iseq 201
[2026-07-08 17:09:25] buffer is less than sof_index + frame_length(26), buffer size: b'\xa5\x11\x00\xc9t\x01\x02\t\x01\xb8'
[2026-07-08 17:09:25] out while is working
[2026-07-08 17:09:25] data_length 17 iseq 201
[2026-07-08 17:09:25] begin switch_method
[2026-07-08 17:09:25] find command id513
[2026-07-08 17:09:25] buffer is less than 5, real size: 0
[2026-07-08 17:09:25] out while is working
[2026-07-08 17:09:25] buffer is less than 5, real size: 0
[2026-07-08 17:09:25] out while is working
[2026-07-08 17:09:25] buffer is less than 5, real size: 0
[2026-07-08 17:09:25] out while is working
[2026-07-08 17:09:25] buffer is less than 5, real size: 0
[2026-07-08 17:09:25] out while is working
[2026-07-08 17:09:25] buffer is less than 5, real size: 0
[2026-07-08 17:09:25] out while is working
[2026-07-08 17:09:25] buffer is less than 5, real size: 0
[2026-07-08 17:09:25] out while is working
[2026-07-08 17:09:25] buffer is less than 5, real size: 0
[2026-07-08 17:09:25] out while is working
[2026-07-08 17:09:25] buffer is less than 5, real size: 0
[2026-07-08 17:09:25] out while is working
[2026-07-08 17:09:25] buffer is less than 5, real size: 0
[2026-07-08 17:09:25] out while is working
[2026-07-08 17:09:25] data_length 5 iseq 202
[2026-07-08 17:09:25] begin switch_method
[2026-07-08 17:09:25] find command id521
[2026-07-08 17:09:25] buffer is less than 5, real size: 0
[2026-07-08 17:09:25] out while is working
[2026-07-08 17:09:25] buffer is less than 5, real size: 0
[2026-07-08 17:09:25] out while is working
[2026-07-08 17:09:25] buffer is less than 5, real size: 1
[2026-07-08 17:09:25] out while is working
[2026-07-08 17:09:25] data_length 14 iseq 203
[2026-07-08 17:09:25] begin switch_method
[2026-07-08 17:09:25] find command id514
[2026-07-08 17:09:25] data_length 17 iseq 204
[2026-07-08 17:09:25] buffer is less than sof_index + frame_length(26), buffer size: b'\xa5\x11\x00\xccK\x01\x02\t\x01'
[2026-07-08 17:09:25] out while is working
[2026-07-08 17:09:25] data_length 17 iseq 204
[2026-07-08 17:09:25] buffer is less than sof_index + frame_length(26), buffer size: b'\xa5\x11\x00\xccK\x01\x02\t\x01\xb8'
[2026-07-08 17:09:25] out while is working
[2026-07-08 17:09:25] data_length 17 iseq 204
[2026-07-08 17:09:25] begin switch_method
[2026-07-08 17:09:25] find command id513
[2026-07-08 17:09:25] buffer is less than 5, real size: 0
[2026-07-08 17:09:25] out while is working
[2026-07-08 17:09:25] buffer is less than 5, real size: 0
[2026-07-08 17:09:25] out while is working
[2026-07-08 17:09:25] buffer is less than 5, real size: 0
[2026-07-08 17:09:25] out while is working
[2026-07-08 17:09:25] buffer is less than 5, real size: 0
[2026-07-08 17:09:25] out while is working
[2026-07-08 17:09:25] buffer is less than 5, real size: 0
[2026-07-08 17:09:25] out while is working
[2026-07-08 17:09:25] buffer is less than 5, real size: 0
[2026-07-08 17:09:25] out while is working
[2026-07-08 17:09:25] buffer is less than 5, real size: 0
[2026-07-08 17:09:25] out while is working
[2026-07-08 17:09:25] buffer is less than 5, real size: 0
[2026-07-08 17:09:25] out while is working
[2026-07-08 17:09:25] buffer is less than 5, real size: 0
[2026-07-08 17:09:25] out while is working
[2026-07-08 17:09:25] buffer is less than 5, real size: 0
[2026-07-08 17:09:25] out while is working
[2026-07-08 17:09:25] buffer is less than 5, real size: 1
[2026-07-08 17:09:25] out while is working
[2026-07-08 17:09:25] data_length 14 iseq 205
[2026-07-08 17:09:25] begin switch_method
[2026-07-08 17:09:25] find command id514
[2026-07-08 17:09:25] data_length 17 iseq 206
[2026-07-08 17:09:25] buffer is less than sof_index + frame_length(26), buffer size: b'\xa5\x11\x00\xce\xf7\x01\x02\t\x01'
[2026-07-08 17:09:25] out while is working
[2026-07-08 17:09:25] data_length 17 iseq 206
[2026-07-08 17:09:25] buffer is less than sof_index + frame_length(26), buffer size: b'\xa5\x11\x00\xce\xf7\x01\x02\t\x01\xb8'
[2026-07-08 17:09:25] out while is working
[2026-07-08 17:09:25] data_length 17 iseq 206
[2026-07-08 17:09:25] begin switch_method
[2026-07-08 17:09:25] find command id513
[2026-07-08 17:09:25] buffer is less than 5, real size: 0
[2026-07-08 17:09:25] out while is working
[2026-07-08 17:09:25] buffer is less than 5, real size: 0
[2026-07-08 17:09:25] out while is working
[2026-07-08 17:09:25] buffer is less than 5, real size: 0
[2026-07-08 17:09:25] out while is working
[2026-07-08 17:09:25] buffer is less than 5, real size: 0
[2026-07-08 17:09:25] out while is working
[2026-07-08 17:09:25] buffer is less than 5, real size: 0
[2026-07-08 17:09:25] out while is working
[2026-07-08 17:09:25] buffer is less than 5, real size: 0
[2026-07-08 17:09:25] out while is working
[2026-07-08 17:09:25] buffer is less than 5, real size: 0
[2026-07-08 17:09:25] out while is working
[2026-07-08 17:09:25] buffer is less than 5, real size: 0
[2026-07-08 17:09:25] out while is working
[2026-07-08 17:09:25] buffer is less than 5, real size: 0
[2026-07-08 17:09:25] out while is working
[2026-07-08 17:09:25] buffer is less than 5, real size: 0
[2026-07-08 17:09:25] out while is working
[2026-07-08 17:09:25] buffer is less than 5, real size: 1
[2026-07-08 17:09:25] out while is working
[2026-07-08 17:09:25] data_length 14 iseq 207
[2026-07-08 17:09:25] begin switch_method
[2026-07-08 17:09:25] find command id514
[2026-07-08 17:09:25] data_length 17 iseq 208
[2026-07-08 17:09:25] buffer is less than sof_index + frame_length(26), buffer size: b'\xa5\x11\x00\xd0u\x01\x02\t\x01'
[2026-07-08 17:09:25] out while is working
[2026-07-08 17:09:25] data_length 17 iseq 208
[2026-07-08 17:09:25] buffer is less than sof_index + frame_length(26), buffer size: b'\xa5\x11\x00\xd0u\x01\x02\t\x01\xb8'
[2026-07-08 17:09:25] out while is working
[2026-07-08 17:09:25] data_length 17 iseq 208
[2026-07-08 17:09:25] begin switch_method
[2026-07-08 17:09:25] find command id513
[2026-07-08 17:09:25] buffer is less than 5, real size: 0
[2026-07-08 17:09:25] out while is working
[2026-07-08 17:09:25] buffer is less than 5, real size: 0
[2026-07-08 17:09:25] out while is working
[2026-07-08 17:09:25] buffer is less than 5, real size: 0
[2026-07-08 17:09:25] out while is working
[2026-07-08 17:09:25] buffer is less than 5, real size: 0
[2026-07-08 17:09:25] out while is working
[2026-07-08 17:09:25] buffer is less than 5, real size: 0
[2026-07-08 17:09:25] out while is working
[2026-07-08 17:09:25] buffer is less than 5, real size: 0
[2026-07-08 17:09:25] out while is working
[2026-07-08 17:09:25] buffer is less than 5, real size: 0
[2026-07-08 17:09:25] out while is working
[2026-07-08 17:09:25] buffer is less than 5, real size: 1
[2026-07-08 17:09:25] out while is working
[2026-07-08 17:09:25] data_length 5 iseq 209
[2026-07-08 17:09:25] begin switch_method
[2026-07-08 17:09:25] find command id521
[2026-07-08 17:09:25] buffer is less than 5, real size: 0
[2026-07-08 17:09:25] out while is working
[2026-07-08 17:09:25] buffer is less than 5, real size: 0
[2026-07-08 17:09:25] out while is working
[2026-07-08 17:09:25] buffer is less than 5, real size: 0
[2026-07-08 17:09:25] out while is working
[2026-07-08 17:09:25] buffer is less than 5, real size: 1
[2026-07-08 17:09:25] out while is working
[2026-07-08 17:09:25] data_length 14 iseq 210
[2026-07-08 17:09:25] begin switch_method
[2026-07-08 17:09:25] find command id514
[2026-07-08 17:09:25] data_length 17 iseq 211
[2026-07-08 17:09:25] buffer is less than sof_index + frame_length(26), buffer size: b'\xa5\x11\x00\xd3\x97\x01\x02\t\x01'
[2026-07-08 17:09:25] out while is working
[2026-07-08 17:09:25] data_length 17 iseq 211
[2026-07-08 17:09:25] buffer is less than sof_index + frame_length(26), buffer size: b'\xa5\x11\x00\xd3\x97\x01\x02\t\x01\xb8'
[2026-07-08 17:09:25] out while is working
[2026-07-08 17:09:25] data_length 17 iseq 211
[2026-07-08 17:09:25] begin switch_method
[2026-07-08 17:09:25] find command id513
[2026-07-08 17:09:25] buffer is less than 5, real size: 0
[2026-07-08 17:09:25] out while is working
[2026-07-08 17:09:25] buffer is less than 5, real size: 0
[2026-07-08 17:09:25] out while is working
[2026-07-08 17:09:25] buffer is less than 5, real size: 0
[2026-07-08 17:09:25] out while is working
[2026-07-08 17:09:25] buffer is less than 5, real size: 0
[2026-07-08 17:09:25] out while is working
[2026-07-08 17:09:25] buffer is less than 5, real size: 0
[2026-07-08 17:09:25] out while is working
[2026-07-08 17:09:25] buffer is less than 5, real size: 0
[2026-07-08 17:09:25] out while is working
[2026-07-08 17:09:25] buffer is less than 5, real size: 0
[2026-07-08 17:09:25] out while is working
[2026-07-08 17:09:25] buffer is less than 5, real size: 0
[2026-07-08 17:09:25] out while is working
[2026-07-08 17:09:25] buffer is less than 5, real size: 1
[2026-07-08 17:09:25] out while is working
[2026-07-08 17:09:25] data_length 2 iseq 212
[2026-07-08 17:09:25] begin switch_method
[2026-07-08 17:09:25] find command id524
[2026-07-08 17:09:25] Mark process: [0, 0, 0, 0, 0, 0] (raw bits: 0000000000000000)
[2026-07-08 17:09:25] data_length 4 iseq 213
[2026-07-08 17:09:25] begin switch_method
[2026-07-08 17:09:25] find command id257
[2026-07-08 17:09:25] data_length 11 iseq 214
[2026-07-08 17:09:25] buffer is less than sof_index + frame_length(20), buffer size: b'\xa5\x0b\x00\xd6\x88\x01\x00\x01'
[2026-07-08 17:09:25] out while is working
[2026-07-08 17:09:25] data_length 11 iseq 214
[2026-07-08 17:09:25] buffer is less than sof_index + frame_length(20), buffer size: b'\xa5\x0b\x00\xd6\x88\x01\x00\x01\x00'
[2026-07-08 17:09:25] out while is working
[2026-07-08 17:09:25] data_length 11 iseq 214
[2026-07-08 17:09:25] begin switch_method
[2026-07-08 17:09:25] find command id1
[2026-07-08 17:09:25] data_length 3 iseq 215
[2026-07-08 17:09:25] begin switch_method
[2026-07-08 17:09:25] find command id261
[2026-07-08 17:09:25] Dart target: 0
[2026-07-08 17:09:25] data_length 1 iseq 216
[2026-07-08 17:09:25] buffer is less than sof_index + frame_length(10), buffer size: b'\xa5\x01\x00\xd8\xfd\x0e\x02('
[2026-07-08 17:09:25] out while is working
[2026-07-08 17:09:25] data_length 1 iseq 216
[2026-07-08 17:09:25] buffer is less than sof_index + frame_length(10), buffer size: b'\xa5\x01\x00\xd8\xfd\x0e\x02(x'
[2026-07-08 17:09:25] out while is working
[2026-07-08 17:09:25] data_length 1 iseq 216
[2026-07-08 17:09:25] begin switch_method
[2026-07-08 17:09:25] find command id526
[2026-07-08 17:09:25] Double effect chance: 0, is double effect active: 0
[2026-07-08 17:09:25] Interference level: 1, is key updated: 1
[2026-07-08 17:09:25] buffer is less than 5, real size: 0
[2026-07-08 17:09:25] out while is working
[2026-07-08 17:09:25] buffer is less than 5, real size: 0
[2026-07-08 17:09:25] out while is working
[2026-07-08 17:09:25] buffer is less than 5, real size: 1
[2026-07-08 17:09:25] out while is working
[2026-07-08 17:09:25] data_length 14 iseq 217
[2026-07-08 17:09:25] begin switch_method
[2026-07-08 17:09:25] find command id514
[2026-07-08 17:09:25] data_length 17 iseq 218
[2026-07-08 17:09:25] buffer is less than sof_index + frame_length(26), buffer size: b'\xa5\x11\x00\xda\x0b\x01\x02\t\x01'
[2026-07-08 17:09:25] out while is working
[2026-07-08 17:09:25] data_length 17 iseq 218
[2026-07-08 17:09:25] buffer is less than sof_index + frame_length(26), buffer size: b'\xa5\x11\x00\xda\x0b\x01\x02\t\x01\xb8'
[2026-07-08 17:09:25] out while is working
[2026-07-08 17:09:25] data_length 17 iseq 218
[2026-07-08 17:09:25] begin switch_method
[2026-07-08 17:09:25] find command id513
[2026-07-08 17:09:25] buffer is less than 5, real size: 0
[2026-07-08 17:09:25] out while is working
[2026-07-08 17:09:25] buffer is less than 5, real size: 0
[2026-07-08 17:09:25] out while is working
[2026-07-08 17:09:25] buffer is less than 5, real size: 0
[2026-07-08 17:09:25] out while is working
[2026-07-08 17:09:25] buffer is less than 5, real size: 0
[2026-07-08 17:09:25] out while is working
[2026-07-08 17:09:25] buffer is less than 5, real size: 0
[2026-07-08 17:09:25] out while is working
[2026-07-08 17:09:25] buffer is less than 5, real size: 0
[2026-07-08 17:09:25] out while is working
[2026-07-08 17:09:25] buffer is less than 5, real size: 0
[2026-07-08 17:09:25] out while is working
[2026-07-08 17:09:25] buffer is less than 5, real size: 0
[2026-07-08 17:09:25] out while is working
[2026-07-08 17:09:25] buffer is less than 5, real size: 0
[2026-07-08 17:09:25] out while is working
[2026-07-08 17:09:25] buffer is less than 5, real size: 0
[2026-07-08 17:09:25] out while is working
[2026-07-08 17:09:25] buffer is less than 5, real size: 1
[2026-07-08 17:09:25] out while is working
[2026-07-08 17:09:25] data_length 14 iseq 219
[2026-07-08 17:09:25] begin switch_method
[2026-07-08 17:09:25] find command id514
[2026-07-08 17:09:25] data_length 17 iseq 220
[2026-07-08 17:09:25] buffer is less than sof_index + frame_length(26), buffer size: b'\xa5\x11\x00\xdc\xd6\x01\x02\t\x01'
[2026-07-08 17:09:25] out while is working
[2026-07-08 17:09:25] data_length 17 iseq 220
[2026-07-08 17:09:25] buffer is less than sof_index + frame_length(26), buffer size: b'\xa5\x11\x00\xdc\xd6\x01\x02\t\x01\xb8'
[2026-07-08 17:09:25] out while is working
[2026-07-08 17:09:25] data_length 17 iseq 220
[2026-07-08 17:09:25] begin switch_method
[2026-07-08 17:09:25] find command id513
[2026-07-08 17:09:25] buffer is less than 5, real size: 0
[2026-07-08 17:09:25] out while is working
[2026-07-08 17:09:25] buffer is less than 5, real size: 0
[2026-07-08 17:09:25] out while is working
[2026-07-08 17:09:25] buffer is less than 5, real size: 0
[2026-07-08 17:09:25] out while is working
[2026-07-08 17:09:25] buffer is less than 5, real size: 0
[2026-07-08 17:09:25] out while is working
[2026-07-08 17:09:25] buffer is less than 5, real size: 0
[2026-07-08 17:09:25] out while is working
[2026-07-08 17:09:25] buffer is less than 5, real size: 0
[2026-07-08 17:09:25] out while is working
[2026-07-08 17:09:25] buffer is less than 5, real size: 0
[2026-07-08 17:09:25] out while is working
[2026-07-08 17:09:25] buffer is less than 5, real size: 1
[2026-07-08 17:09:25] out while is working
[2026-07-08 17:09:25] data_length 5 iseq 221
[2026-07-08 17:09:25] begin switch_method
[2026-07-08 17:09:25] find command id521
[2026-07-08 17:09:25] buffer is less than 5, real size: 0
[2026-07-08 17:09:25] out while is working
[2026-07-08 17:09:25] buffer is less than 5, real size: 0
[2026-07-08 17:09:25] out while is working
[2026-07-08 17:09:25] buffer is less than 5, real size: 0
[2026-07-08 17:09:25] out while is working
[2026-07-08 17:09:25] buffer is less than 5, real size: 0
[2026-07-08 17:09:25] out while is working
[2026-07-08 17:09:25] buffer is less than 5, real size: 1
[2026-07-08 17:09:25] out while is working
[2026-07-08 17:09:25] data_length 14 iseq 222
[2026-07-08 17:09:25] begin switch_method
[2026-07-08 17:09:25] find command id514
[2026-07-08 17:09:25] data_length 17 iseq 223
[2026-07-08 17:09:25] buffer is less than sof_index + frame_length(26), buffer size: b'\xa5\x11\x00\xdf4\x01\x02\t\x01'
[2026-07-08 17:09:25] out while is working
[2026-07-08 17:09:25] data_length 17 iseq 223
[2026-07-08 17:09:25] buffer is less than sof_index + frame_length(26), buffer size: b'\xa5\x11\x00\xdf4\x01\x02\t\x01\xb8'
[2026-07-08 17:09:25] out while is working
[2026-07-08 17:09:25] data_length 17 iseq 223
[2026-07-08 17:09:25] begin switch_method
[2026-07-08 17:09:25] find command id513
[2026-07-08 17:09:25] buffer is less than 5, real size: 0
[2026-07-08 17:09:25] out while is working
[2026-07-08 17:09:25] buffer is less than 5, real size: 0
[2026-07-08 17:09:25] out while is working
[2026-07-08 17:09:26] buffer is less than 5, real size: 0
[2026-07-08 17:09:26] out while is working
[2026-07-08 17:09:26] buffer is less than 5, real size: 0
[2026-07-08 17:09:26] out while is working
[2026-07-08 17:09:26] buffer is less than 5, real size: 0
[2026-07-08 17:09:26] out while is working
[2026-07-08 17:09:26] buffer is less than 5, real size: 0
[2026-07-08 17:09:26] out while is working
[2026-07-08 17:09:26] buffer is less than 5, real size: 0
[2026-07-08 17:09:26] out while is working
[2026-07-08 17:09:26] buffer is less than 5, real size: 0
[2026-07-08 17:09:26] out while is working
[2026-07-08 17:09:26] buffer is less than 5, real size: 0
[2026-07-08 17:09:26] out while is working
[2026-07-08 17:09:26] buffer is less than 5, real size: 0
[2026-07-08 17:09:26] out while is working
[2026-07-08 17:09:26] buffer is less than 5, real size: 0
[2026-07-08 17:09:26] out while is working
[2026-07-08 17:09:26] buffer is less than 5, real size: 1
[2026-07-08 17:09:26] out while is working
[2026-07-08 17:09:26] data_length 14 iseq 224
[2026-07-08 17:09:26] begin switch_method
[2026-07-08 17:09:26] find command id514
[2026-07-08 17:09:26] data_length 17 iseq 225
[2026-07-08 17:09:26] buffer is less than sof_index + frame_length(26), buffer size: b'\xa5\x11\x00\xe1\x95\x01\x02\t\x01'
[2026-07-08 17:09:26] out while is working
[2026-07-08 17:09:26] data_length 17 iseq 225
[2026-07-08 17:09:26] buffer is less than sof_index + frame_length(26), buffer size: b'\xa5\x11\x00\xe1\x95\x01\x02\t\x01\xb8'
[2026-07-08 17:09:26] out while is working
[2026-07-08 17:09:26] data_length 17 iseq 225
[2026-07-08 17:09:26] begin switch_method
[2026-07-08 17:09:26] find command id513
[2026-07-08 17:09:26] buffer is less than 5, real size: 0
[2026-07-08 17:09:26] out while is working
[2026-07-08 17:09:26] buffer is less than 5, real size: 0
[2026-07-08 17:09:26] out while is working
[2026-07-08 17:09:26] buffer is less than 5, real size: 0
[2026-07-08 17:09:26] out while is working
[2026-07-08 17:09:26] buffer is less than 5, real size: 0
[2026-07-08 17:09:26] out while is working
[2026-07-08 17:09:26] buffer is less than 5, real size: 0
[2026-07-08 17:09:26] out while is working
[2026-07-08 17:09:26] buffer is less than 5, real size: 0
[2026-07-08 17:09:26] out while is working
[2026-07-08 17:09:26] buffer is less than 5, real size: 0
[2026-07-08 17:09:26] out while is working
[2026-07-08 17:09:26] buffer is less than 5, real size: 0
[2026-07-08 17:09:26] out while is working
[2026-07-08 17:09:26] buffer is less than 5, real size: 0
[2026-07-08 17:09:26] out while is working
[2026-07-08 17:09:26] buffer is less than 5, real size: 0
[2026-07-08 17:09:26] out while is working
[2026-07-08 17:09:26] buffer is less than 5, real size: 1
[2026-07-08 17:09:26] out while is working
[2026-07-08 17:09:26] data_length 14 iseq 226
[2026-07-08 17:09:26] begin switch_method
[2026-07-08 17:09:26] find command id514
[2026-07-08 17:09:26] data_length 12 iseq 227
[2026-07-08 17:09:26] buffer is less than sof_index + frame_length(21), buffer size: b'\xa5\x0c\x00\xe3s\x03\x02\x00\x00'
[2026-07-08 17:09:26] out while is working
[2026-07-08 17:09:26] data_length 12 iseq 227
[2026-07-08 17:09:26] buffer is less than sof_index + frame_length(21), buffer size: b'\xa5\x0c\x00\xe3s\x03\x02\x00\x00\x00'
[2026-07-08 17:09:26] out while is working
[2026-07-08 17:09:26] data_length 12 iseq 227
[2026-07-08 17:09:26] begin switch_method
[2026-07-08 17:09:26] find command id515
[2026-07-08 17:09:26] data_length 17 iseq 228
[2026-07-08 17:09:26] buffer is less than sof_index + frame_length(26), buffer size: b'\xa5\x11\x00\xe4\xaa\x01\x02\t\x01\xb8"\xb8"d\x00@\x01x\x00\x00'
[2026-07-08 17:09:26] out while is working
[2026-07-08 17:09:26] data_length 17 iseq 228
[2026-07-08 17:09:26] buffer is less than sof_index + frame_length(26), buffer size: b'\xa5\x11\x00\xe4\xaa\x01\x02\t\x01\xb8"\xb8"d\x00@\x01x\x00\x00\x00'
[2026-07-08 17:09:26] out while is working
[2026-07-08 17:09:26] data_length 17 iseq 228
[2026-07-08 17:09:26] begin switch_method
[2026-07-08 17:09:26] find command id513
[2026-07-08 17:09:26] buffer is less than 5, real size: 0
[2026-07-08 17:09:26] out while is working
[2026-07-08 17:09:26] buffer is less than 5, real size: 0
[2026-07-08 17:09:26] out while is working
[2026-07-08 17:09:26] buffer is less than 5, real size: 0
[2026-07-08 17:09:26] out while is working
[2026-07-08 17:09:26] buffer is less than 5, real size: 0
[2026-07-08 17:09:26] out while is working
[2026-07-08 17:09:26] buffer is less than 5, real size: 0
[2026-07-08 17:09:26] out while is working
[2026-07-08 17:09:26] buffer is less than 5, real size: 0
[2026-07-08 17:09:26] out while is working
[2026-07-08 17:09:26] buffer is less than 5, real size: 0
[2026-07-08 17:09:26] out while is working
[2026-07-08 17:09:26] buffer is less than 5, real size: 0
[2026-07-08 17:09:26] out while is working
[2026-07-08 17:09:26] buffer is less than 5, real size: 1
[2026-07-08 17:09:26] out while is working
[2026-07-08 17:09:26] data_length 5 iseq 229
[2026-07-08 17:09:26] begin switch_method
[2026-07-08 17:09:26] find command id521
[2026-07-08 17:09:26] buffer is less than 5, real size: 0
[2026-07-08 17:09:26] out while is working
[2026-07-08 17:09:26] buffer is less than 5, real size: 0
[2026-07-08 17:09:26] out while is working
[2026-07-08 17:09:26] buffer is less than 5, real size: 0
[2026-07-08 17:09:26] out while is working
[2026-07-08 17:09:26] buffer is less than 5, real size: 0
[2026-07-08 17:09:26] out while is working
[2026-07-08 17:09:26] buffer is less than 5, real size: 1
[2026-07-08 17:09:26] out while is working
[2026-07-08 17:09:26] data_length 14 iseq 230
[2026-07-08 17:09:26] begin switch_method
[2026-07-08 17:09:26] find command id514
[2026-07-08 17:09:26] data_length 17 iseq 231
[2026-07-08 17:09:26] buffer is less than sof_index + frame_length(26), buffer size: b'\xa5\x11\x00\xe7H\x01\x02\t\x01'
[2026-07-08 17:09:26] out while is working
[2026-07-08 17:09:26] data_length 17 iseq 231
[2026-07-08 17:09:26] buffer is less than sof_index + frame_length(26), buffer size: b'\xa5\x11\x00\xe7H\x01\x02\t\x01\xb8'
[2026-07-08 17:09:26] out while is working
[2026-07-08 17:09:26] data_length 17 iseq 231
[2026-07-08 17:09:26] begin switch_method
[2026-07-08 17:09:26] find command id513
[2026-07-08 17:09:26] buffer is less than 5, real size: 0
[2026-07-08 17:09:26] out while is working
[2026-07-08 17:09:26] buffer is less than 5, real size: 0
[2026-07-08 17:09:26] out while is working
[2026-07-08 17:09:26] buffer is less than 5, real size: 0
[2026-07-08 17:09:26] out while is working
[2026-07-08 17:09:26] buffer is less than 5, real size: 0
[2026-07-08 17:09:26] out while is working
[2026-07-08 17:09:26] buffer is less than 5, real size: 0
[2026-07-08 17:09:26] out while is working
[2026-07-08 17:09:26] buffer is less than 5, real size: 0
[2026-07-08 17:09:26] out while is working
[2026-07-08 17:09:26] buffer is less than 5, real size: 0
[2026-07-08 17:09:26] out while is working
[2026-07-08 17:09:26] buffer is less than 5, real size: 0
[2026-07-08 17:09:26] out while is working
[2026-07-08 17:09:26] buffer is less than 5, real size: 0
[2026-07-08 17:09:26] out while is working
[2026-07-08 17:09:26] buffer is less than 5, real size: 0
[2026-07-08 17:09:26] out while is working
[2026-07-08 17:09:26] buffer is less than 5, real size: 0
[2026-07-08 17:09:26] out while is working
[2026-07-08 17:09:26] buffer is less than 5, real size: 0
[2026-07-08 17:09:26] out while is working
[2026-07-08 17:09:26] buffer is less than 5, real size: 0
[2026-07-08 17:09:26] out while is working
[2026-07-08 17:09:26] buffer is less than 5, real size: 0
[2026-07-08 17:09:26] out while is working
[2026-07-08 17:09:26] buffer is less than 5, real size: 1
[2026-07-08 17:09:26] out while is working
[2026-07-08 17:09:26] data_length 14 iseq 232
[2026-07-08 17:09:26] begin switch_method
[2026-07-08 17:09:26] find command id514
[2026-07-08 17:09:26] data_length 17 iseq 233
[2026-07-08 17:09:26] buffer is less than sof_index + frame_length(26), buffer size: b'\xa5\x11\x00\xe9W\x01\x02\t\x01'
[2026-07-08 17:09:26] out while is working
[2026-07-08 17:09:26] data_length 17 iseq 233
[2026-07-08 17:09:26] buffer is less than sof_index + frame_length(26), buffer size: b'\xa5\x11\x00\xe9W\x01\x02\t\x01\xb8'
[2026-07-08 17:09:26] out while is working
[2026-07-08 17:09:26] data_length 17 iseq 233
[2026-07-08 17:09:26] begin switch_method
[2026-07-08 17:09:26] find command id513
[2026-07-08 17:09:26] buffer is less than 5, real size: 0
[2026-07-08 17:09:26] out while is working
[2026-07-08 17:09:26] buffer is less than 5, real size: 0
[2026-07-08 17:09:26] out while is working
[2026-07-08 17:09:26] buffer is less than 5, real size: 0
[2026-07-08 17:09:26] out while is working
[2026-07-08 17:09:26] buffer is less than 5, real size: 0
[2026-07-08 17:09:26] out while is working
[2026-07-08 17:09:26] buffer is less than 5, real size: 0
[2026-07-08 17:09:26] out while is working
[2026-07-08 17:09:26] buffer is less than 5, real size: 0
[2026-07-08 17:09:26] out while is working
[2026-07-08 17:09:26] buffer is less than 5, real size: 0
[2026-07-08 17:09:26] out while is working
[2026-07-08 17:09:26] buffer is less than 5, real size: 0
[2026-07-08 17:09:26] out while is working
[2026-07-08 17:09:26] buffer is less than 5, real size: 0
[2026-07-08 17:09:26] out while is working
[2026-07-08 17:09:26] buffer is less than 5, real size: 0
[2026-07-08 17:09:26] out while is working
[2026-07-08 17:09:26] buffer is less than 5, real size: 1
[2026-07-08 17:09:26] out while is working
[2026-07-08 17:09:26] data_length 5 iseq 234
[2026-07-08 17:09:26] begin switch_method
[2026-07-08 17:09:26] find command id521
[2026-07-08 17:09:26] data_length 14 iseq 235
[2026-07-08 17:09:26] buffer is less than sof_index + frame_length(23), buffer size: b'\xa5\x0e\x00\xeb\xfe\x02\x02\x00\x00\x00\x00\x00\x00\x00\x00\x00\x00\x00'
[2026-07-08 17:09:26] out while is working
[2026-07-08 17:09:26] data_length 14 iseq 235
[2026-07-08 17:09:26] buffer is less than sof_index + frame_length(23), buffer size: b'\xa5\x0e\x00\xeb\xfe\x02\x02\x00\x00\x00\x00\x00\x00\x00\x00\x00\x00\x00\x00'
[2026-07-08 17:09:26] out while is working
[2026-07-08 17:09:26] data_length 14 iseq 235
[2026-07-08 17:09:26] begin switch_method
[2026-07-08 17:09:26] find command id514
[2026-07-08 17:09:26] data_length 17 iseq 236
[2026-07-08 17:09:26] begin switch_method
[2026-07-08 17:09:26] find command id513
[2026-07-08 17:09:26] buffer is less than 5, real size: 0
[2026-07-08 17:09:26] out while is working
[2026-07-08 17:09:26] buffer is less than 5, real size: 0
[2026-07-08 17:09:26] out while is working
[2026-07-08 17:09:26] buffer is less than 5, real size: 0
[2026-07-08 17:09:26] out while is working
[2026-07-08 17:09:26] buffer is less than 5, real size: 0
[2026-07-08 17:09:26] out while is working
[2026-07-08 17:09:26] buffer is less than 5, real size: 0
[2026-07-08 17:09:26] out while is working
[2026-07-08 17:09:26] buffer is less than 5, real size: 0
[2026-07-08 17:09:26] out while is working
[2026-07-08 17:09:26] buffer is less than 5, real size: 0
[2026-07-08 17:09:26] out while is working
[2026-07-08 17:09:26] buffer is less than 5, real size: 0
[2026-07-08 17:09:26] out while is working
[2026-07-08 17:09:26] buffer is less than 5, real size: 0
[2026-07-08 17:09:26] out while is working
[2026-07-08 17:09:26] buffer is less than 5, real size: 0
[2026-07-08 17:09:26] out while is working
[2026-07-08 17:09:26] buffer is less than 5, real size: 1
[2026-07-08 17:09:26] out while is working
[2026-07-08 17:09:26] data_length 14 iseq 237
[2026-07-08 17:09:26] begin switch_method
[2026-07-08 17:09:26] find command id514
[2026-07-08 17:09:26] data_length 17 iseq 238
[2026-07-08 17:09:26] buffer is less than sof_index + frame_length(26), buffer size: b'\xa5\x11\x00\xee\xd4\x01\x02\t\x01'
[2026-07-08 17:09:26] out while is working
[2026-07-08 17:09:26] data_length 17 iseq 238
[2026-07-08 17:09:26] buffer is less than sof_index + frame_length(26), buffer size: b'\xa5\x11\x00\xee\xd4\x01\x02\t\x01\xb8'
[2026-07-08 17:09:26] out while is working
[2026-07-08 17:09:26] data_length 17 iseq 238
[2026-07-08 17:09:26] begin switch_method
[2026-07-08 17:09:26] find command id513
[2026-07-08 17:09:26] buffer is less than 5, real size: 0
[2026-07-08 17:09:26] out while is working
[2026-07-08 17:09:26] buffer is less than 5, real size: 0
[2026-07-08 17:09:26] out while is working
[2026-07-08 17:09:26] buffer is less than 5, real size: 0
[2026-07-08 17:09:26] out while is working
[2026-07-08 17:09:26] buffer is less than 5, real size: 0
[2026-07-08 17:09:26] out while is working
[2026-07-08 17:09:26] buffer is less than 5, real size: 0
[2026-07-08 17:09:26] out while is working
[2026-07-08 17:09:26] buffer is less than 5, real size: 0
[2026-07-08 17:09:26] out while is working
[2026-07-08 17:09:26] buffer is less than 5, real size: 0
[2026-07-08 17:09:26] out while is working
[2026-07-08 17:09:26] buffer is less than 5, real size: 0
[2026-07-08 17:09:26] out while is working
[2026-07-08 17:09:26] buffer is less than 5, real size: 0
[2026-07-08 17:09:26] out while is working
[2026-07-08 17:09:26] buffer is less than 5, real size: 0
[2026-07-08 17:09:26] out while is working
[2026-07-08 17:09:26] buffer is less than 5, real size: 1
[2026-07-08 17:09:26] out while is working
[2026-07-08 17:09:26] data_length 2 iseq 239
[2026-07-08 17:09:26] begin switch_method
[2026-07-08 17:09:26] find command id524
[2026-07-08 17:09:26] Mark process: [0, 0, 0, 0, 0, 0] (raw bits: 0000000000000000)
[2026-07-08 17:09:26] data_length 4 iseq 240
[2026-07-08 17:09:26] begin switch_method
[2026-07-08 17:09:26] find command id257
[2026-07-08 17:09:26] data_length 11 iseq 241
[2026-07-08 17:09:26] buffer is less than sof_index + frame_length(20), buffer size: b'\xa5\x0b\x00\xf1(\x01\x00\x01'
[2026-07-08 17:09:26] out while is working
[2026-07-08 17:09:26] data_length 11 iseq 241
[2026-07-08 17:09:26] buffer is less than sof_index + frame_length(20), buffer size: b'\xa5\x0b\x00\xf1(\x01\x00\x01\x00'
[2026-07-08 17:09:26] out while is working
[2026-07-08 17:09:26] data_length 11 iseq 241
[2026-07-08 17:09:26] begin switch_method
[2026-07-08 17:09:26] find command id1
[2026-07-08 17:09:26] data_length 3 iseq 242
[2026-07-08 17:09:26] begin switch_method
[2026-07-08 17:09:26] find command id261
[2026-07-08 17:09:26] Dart target: 0
[2026-07-08 17:09:26] data_length 1 iseq 243
[2026-07-08 17:09:26] buffer is less than sof_index + frame_length(10), buffer size: b'\xa5\x01\x00\xf3\xfe\x0e\x02('
[2026-07-08 17:09:26] out while is working
[2026-07-08 17:09:26] data_length 1 iseq 243
[2026-07-08 17:09:26] buffer is less than sof_index + frame_length(10), buffer size: b'\xa5\x01\x00\xf3\xfe\x0e\x02(\xc8'
[2026-07-08 17:09:26] out while is working
[2026-07-08 17:09:26] data_length 1 iseq 243
[2026-07-08 17:09:26] begin switch_method
[2026-07-08 17:09:26] find command id526
[2026-07-08 17:09:26] Double effect chance: 0, is double effect active: 0
[2026-07-08 17:09:26] Interference level: 1, is key updated: 1
[2026-07-08 17:09:26] data_length 14 iseq 244
[2026-07-08 17:09:26] begin switch_method
[2026-07-08 17:09:26] find command id514
[2026-07-08 17:09:26] data_length 17 iseq 245
[2026-07-08 17:09:26] buffer is less than sof_index + frame_length(26), buffer size: b'\xa5\x11\x00\xf5i\x01\x02'
[2026-07-08 17:09:26] out while is working
[2026-07-08 17:09:26] data_length 17 iseq 245
[2026-07-08 17:09:26] buffer is less than sof_index + frame_length(26), buffer size: b'\xa5\x11\x00\xf5i\x01\x02\t'
[2026-07-08 17:09:26] out while is working
[2026-07-08 17:09:26] data_length 17 iseq 245
[2026-07-08 17:09:26] begin switch_method
[2026-07-08 17:09:26] find command id513
[2026-07-08 17:09:26] buffer is less than 5, real size: 0
[2026-07-08 17:09:26] out while is working
[2026-07-08 17:09:26] buffer is less than 5, real size: 0
[2026-07-08 17:09:26] out while is working
[2026-07-08 17:09:26] buffer is less than 5, real size: 0
[2026-07-08 17:09:26] out while is working
[2026-07-08 17:09:26] buffer is less than 5, real size: 0
[2026-07-08 17:09:26] out while is working
[2026-07-08 17:09:26] buffer is less than 5, real size: 0
[2026-07-08 17:09:26] out while is working
[2026-07-08 17:09:26] buffer is less than 5, real size: 0
[2026-07-08 17:09:26] out while is working
[2026-07-08 17:09:26] buffer is less than 5, real size: 0
[2026-07-08 17:09:26] out while is working
[2026-07-08 17:09:26] buffer is less than 5, real size: 0
[2026-07-08 17:09:26] out while is working
[2026-07-08 17:09:26] buffer is less than 5, real size: 0
[2026-07-08 17:09:26] out while is working
[2026-07-08 17:09:26] buffer is less than 5, real size: 1
[2026-07-08 17:09:26] out while is working
[2026-07-08 17:09:26] data_length 5 iseq 246
[2026-07-08 17:09:26] begin switch_method
[2026-07-08 17:09:26] find command id521
[2026-07-08 17:09:26] buffer is less than 5, real size: 0
[2026-07-08 17:09:26] out while is working
[2026-07-08 17:09:26] buffer is less than 5, real size: 1
[2026-07-08 17:09:26] out while is working
[2026-07-08 17:09:26] data_length 14 iseq 247
[2026-07-08 17:09:26] begin switch_method
[2026-07-08 17:09:26] find command id514
[2026-07-08 17:09:26] data_length 17 iseq 248
[2026-07-08 17:09:26] buffer is less than sof_index + frame_length(26), buffer size: b'\xa5\x11\x00\xf8\x94\x01\x02\t\x01'
[2026-07-08 17:09:26] out while is working
[2026-07-08 17:09:26] data_length 17 iseq 248
[2026-07-08 17:09:26] buffer is less than sof_index + frame_length(26), buffer size: b'\xa5\x11\x00\xf8\x94\x01\x02\t\x01\xb8'
[2026-07-08 17:09:26] out while is working
[2026-07-08 17:09:26] data_length 17 iseq 248
[2026-07-08 17:09:26] begin switch_method
[2026-07-08 17:09:26] find command id513
[2026-07-08 17:09:26] buffer is less than 5, real size: 0
[2026-07-08 17:09:26] out while is working
[2026-07-08 17:09:26] buffer is less than 5, real size: 0
[2026-07-08 17:09:26] out while is working
[2026-07-08 17:09:26] buffer is less than 5, real size: 0
[2026-07-08 17:09:26] out while is working
[2026-07-08 17:09:26] buffer is less than 5, real size: 0
[2026-07-08 17:09:26] out while is working
[2026-07-08 17:09:26] buffer is less than 5, real size: 0
[2026-07-08 17:09:26] out while is working
[2026-07-08 17:09:26] buffer is less than 5, real size: 0
[2026-07-08 17:09:26] out while is working
[2026-07-08 17:09:26] buffer is less than 5, real size: 0
[2026-07-08 17:09:26] out while is working
[2026-07-08 17:09:26] buffer is less than 5, real size: 0
[2026-07-08 17:09:26] out while is working
[2026-07-08 17:09:26] buffer is less than 5, real size: 0
[2026-07-08 17:09:26] out while is working
[2026-07-08 17:09:26] buffer is less than 5, real size: 0
[2026-07-08 17:09:26] out while is working
[2026-07-08 17:09:26] buffer is less than 5, real size: 0
[2026-07-08 17:09:26] out while is working
[2026-07-08 17:09:26] buffer is less than 5, real size: 1
[2026-07-08 17:09:26] out while is working
[2026-07-08 17:09:26] data_length 14 iseq 249
[2026-07-08 17:09:26] begin switch_method
[2026-07-08 17:09:26] find command id514
[2026-07-08 17:09:26] data_length 17 iseq 250
[2026-07-08 17:09:26] buffer is less than sof_index + frame_length(26), buffer size: b'\xa5\x11\x00\xfa(\x01\x02\t\x01'
[2026-07-08 17:09:26] out while is working
[2026-07-08 17:09:26] data_length 17 iseq 250
[2026-07-08 17:09:26] buffer is less than sof_index + frame_length(26), buffer size: b'\xa5\x11\x00\xfa(\x01\x02\t\x01\xb8'
[2026-07-08 17:09:26] out while is working
[2026-07-08 17:09:26] data_length 17 iseq 250
[2026-07-08 17:09:26] begin switch_method
[2026-07-08 17:09:26] find command id513
[2026-07-08 17:09:26] buffer is less than 5, real size: 0
[2026-07-08 17:09:26] out while is working
[2026-07-08 17:09:26] buffer is less than 5, real size: 0
[2026-07-08 17:09:26] out while is working
[2026-07-08 17:09:26] buffer is less than 5, real size: 0
[2026-07-08 17:09:26] out while is working
[2026-07-08 17:09:26] buffer is less than 5, real size: 0
[2026-07-08 17:09:26] out while is working
[2026-07-08 17:09:26] buffer is less than 5, real size: 0
[2026-07-08 17:09:26] out while is working
[2026-07-08 17:09:27] buffer is less than 5, real size: 0
[2026-07-08 17:09:27] out while is working
[2026-07-08 17:09:27] buffer is less than 5, real size: 0
[2026-07-08 17:09:27] out while is working
[2026-07-08 17:09:27] buffer is less than 5, real size: 0
[2026-07-08 17:09:27] out while is working
[2026-07-08 17:09:27] buffer is less than 5, real size: 0
[2026-07-08 17:09:27] out while is working
[2026-07-08 17:09:27] buffer is less than 5, real size: 0
[2026-07-08 17:09:27] out while is working
[2026-07-08 17:09:27] buffer is less than 5, real size: 0
[2026-07-08 17:09:27] out while is working
[2026-07-08 17:09:27] buffer is less than 5, real size: 1
[2026-07-08 17:09:27] out while is working
[2026-07-08 17:09:27] data_length 14 iseq 251
[2026-07-08 17:09:27] begin switch_method
[2026-07-08 17:09:27] find command id514
[2026-07-08 17:09:27] data_length 17 iseq 252
[2026-07-08 17:09:27] buffer is less than sof_index + frame_length(26), buffer size: b'\xa5\x11\x00\xfc\xf5\x01\x02\t\x01'
[2026-07-08 17:09:27] out while is working
[2026-07-08 17:09:27] data_length 17 iseq 252
[2026-07-08 17:09:27] buffer is less than sof_index + frame_length(26), buffer size: b'\xa5\x11\x00\xfc\xf5\x01\x02\t\x01\xb8'
[2026-07-08 17:09:27] out while is working
[2026-07-08 17:09:27] data_length 17 iseq 252
[2026-07-08 17:09:27] begin switch_method
[2026-07-08 17:09:27] find command id513
[2026-07-08 17:09:27] buffer is less than 5, real size: 0
[2026-07-08 17:09:27] out while is working
[2026-07-08 17:09:27] buffer is less than 5, real size: 0
[2026-07-08 17:09:27] out while is working
[2026-07-08 17:09:27] buffer is less than 5, real size: 0
[2026-07-08 17:09:27] out while is working
[2026-07-08 17:09:27] buffer is less than 5, real size: 0
[2026-07-08 17:09:27] out while is working
[2026-07-08 17:09:27] buffer is less than 5, real size: 0
[2026-07-08 17:09:27] out while is working
[2026-07-08 17:09:27] buffer is less than 5, real size: 0
[2026-07-08 17:09:27] out while is working
[2026-07-08 17:09:27] buffer is less than 5, real size: 0
[2026-07-08 17:09:27] out while is working
[2026-07-08 17:09:27] buffer is less than 5, real size: 0
[2026-07-08 17:09:27] out while is working
[2026-07-08 17:09:27] buffer is less than 5, real size: 1
[2026-07-08 17:09:27] out while is working
[2026-07-08 17:09:27] data_length 5 iseq 253
[2026-07-08 17:09:27] begin switch_method
[2026-07-08 17:09:27] find command id521
[2026-07-08 17:09:27] buffer is less than 5, real size: 0
[2026-07-08 17:09:27] out while is working
[2026-07-08 17:09:27] buffer is less than 5, real size: 0
[2026-07-08 17:09:27] out while is working
[2026-07-08 17:09:27] buffer is less than 5, real size: 0
[2026-07-08 17:09:27] out while is working
[2026-07-08 17:09:27] buffer is less than 5, real size: 1
[2026-07-08 17:09:27] out while is working
[2026-07-08 17:09:27] data_length 14 iseq 254
[2026-07-08 17:09:27] begin switch_method
[2026-07-08 17:09:27] find command id514
[2026-07-08 17:09:27] data_length 17 iseq 255
[2026-07-08 17:09:27] buffer is less than sof_index + frame_length(26), buffer size: b'\xa5\x11\x00\xff\x17\x01\x02\t\x01'
[2026-07-08 17:09:27] out while is working
[2026-07-08 17:09:27] data_length 17 iseq 255
[2026-07-08 17:09:27] buffer is less than sof_index + frame_length(26), buffer size: b'\xa5\x11\x00\xff\x17\x01\x02\t\x01\xb8'
[2026-07-08 17:09:27] out while is working
[2026-07-08 17:09:27] data_length 17 iseq 255
[2026-07-08 17:09:27] begin switch_method
[2026-07-08 17:09:27] find command id513
[2026-07-08 17:09:27] buffer is less than 5, real size: 0
[2026-07-08 17:09:27] out while is working
[2026-07-08 17:09:27] buffer is less than 5, real size: 0
[2026-07-08 17:09:27] out while is working
[2026-07-08 17:09:27] buffer is less than 5, real size: 0
[2026-07-08 17:09:27] out while is working
[2026-07-08 17:09:27] buffer is less than 5, real size: 0
[2026-07-08 17:09:27] out while is working
[2026-07-08 17:09:27] buffer is less than 5, real size: 0
[2026-07-08 17:09:27] out while is working
[2026-07-08 17:09:27] buffer is less than 5, real size: 0
[2026-07-08 17:09:27] out while is working
[2026-07-08 17:09:27] buffer is less than 5, real size: 0
[2026-07-08 17:09:27] out while is working
[2026-07-08 17:09:27] buffer is less than 5, real size: 0
[2026-07-08 17:09:27] out while is working
[2026-07-08 17:09:27] buffer is less than 5, real size: 0
[2026-07-08 17:09:27] out while is working
[2026-07-08 17:09:27] buffer is less than 5, real size: 0
[2026-07-08 17:09:27] out while is working
[2026-07-08 17:09:27] buffer is less than 5, real size: 1
[2026-07-08 17:09:27] out while is working
[2026-07-08 17:09:27] data_length 14 iseq 0
[2026-07-08 17:09:27] begin switch_method
[2026-07-08 17:09:27] find command id514
[2026-07-08 17:09:27] data_length 12 iseq 1
[2026-07-08 17:09:27] buffer is less than sof_index + frame_length(21), buffer size: b'\xa5\x0c\x00\x01&\x03\x02\x00\x00'
[2026-07-08 17:09:27] out while is working
[2026-07-08 17:09:27] data_length 12 iseq 1
[2026-07-08 17:09:27] buffer is less than sof_index + frame_length(21), buffer size: b'\xa5\x0c\x00\x01&\x03\x02\x00\x00\x00'
[2026-07-08 17:09:27] out while is working
[2026-07-08 17:09:27] data_length 12 iseq 1
[2026-07-08 17:09:27] begin switch_method
[2026-07-08 17:09:27] find command id515
[2026-07-08 17:09:27] data_length 17 iseq 2
[2026-07-08 17:09:27] buffer is less than sof_index + frame_length(26), buffer size: b'\xa5\x11\x00\x02\x9e\x01\x02\t\x01\xb8"\xb8"d\x00@\x01x\x00\x00'
[2026-07-08 17:09:27] out while is working
[2026-07-08 17:09:27] data_length 17 iseq 2
[2026-07-08 17:09:27] buffer is less than sof_index + frame_length(26), buffer size: b'\xa5\x11\x00\x02\x9e\x01\x02\t\x01\xb8"\xb8"d\x00@\x01x\x00\x00\x00'
[2026-07-08 17:09:27] out while is working
[2026-07-08 17:09:27] data_length 17 iseq 2
[2026-07-08 17:09:27] begin switch_method
[2026-07-08 17:09:27] find command id513
[2026-07-08 17:09:27] buffer is less than 5, real size: 0
[2026-07-08 17:09:27] out while is working
[2026-07-08 17:09:27] buffer is less than 5, real size: 0
[2026-07-08 17:09:27] out while is working
[2026-07-08 17:09:27] buffer is less than 5, real size: 0
[2026-07-08 17:09:27] out while is working
[2026-07-08 17:09:27] buffer is less than 5, real size: 0
[2026-07-08 17:09:27] out while is working
[2026-07-08 17:09:27] buffer is less than 5, real size: 0
[2026-07-08 17:09:27] out while is working
[2026-07-08 17:09:27] buffer is less than 5, real size: 0
[2026-07-08 17:09:27] out while is working
[2026-07-08 17:09:27] buffer is less than 5, real size: 0
[2026-07-08 17:09:27] out while is working
[2026-07-08 17:09:27] buffer is less than 5, real size: 0
[2026-07-08 17:09:27] out while is working
[2026-07-08 17:09:27] buffer is less than 5, real size: 0
[2026-07-08 17:09:27] out while is working
[2026-07-08 17:09:27] buffer is less than 5, real size: 0
[2026-07-08 17:09:27] out while is working
[2026-07-08 17:09:27] buffer is less than 5, real size: 1
[2026-07-08 17:09:27] out while is working
[2026-07-08 17:09:27] data_length 14 iseq 3
[2026-07-08 17:09:27] begin switch_method
[2026-07-08 17:09:27] find command id514
[2026-07-08 17:09:27] data_length 17 iseq 4
[2026-07-08 17:09:27] buffer is less than sof_index + frame_length(26), buffer size: b'\xa5\x11\x00\x04C\x01\x02\t\x01'
[2026-07-08 17:09:27] out while is working
[2026-07-08 17:09:27] data_length 17 iseq 4
[2026-07-08 17:09:27] buffer is less than sof_index + frame_length(26), buffer size: b'\xa5\x11\x00\x04C\x01\x02\t\x01\xb8'
[2026-07-08 17:09:27] out while is working
[2026-07-08 17:09:27] data_length 17 iseq 4
[2026-07-08 17:09:27] begin switch_method
[2026-07-08 17:09:27] find command id513
[2026-07-08 17:09:27] buffer is less than 5, real size: 0
[2026-07-08 17:09:27] out while is working
[2026-07-08 17:09:27] buffer is less than 5, real size: 0
[2026-07-08 17:09:27] out while is working
[2026-07-08 17:09:27] buffer is less than 5, real size: 0
[2026-07-08 17:09:27] out while is working
[2026-07-08 17:09:27] buffer is less than 5, real size: 0
[2026-07-08 17:09:27] out while is working
[2026-07-08 17:09:27] buffer is less than 5, real size: 0
[2026-07-08 17:09:27] out while is working
[2026-07-08 17:09:27] buffer is less than 5, real size: 0
[2026-07-08 17:09:27] out while is working
[2026-07-08 17:09:27] buffer is less than 5, real size: 0
[2026-07-08 17:09:27] out while is working
[2026-07-08 17:09:27] buffer is less than 5, real size: 1
[2026-07-08 17:09:27] out while is working
[2026-07-08 17:09:27] data_length 5 iseq 5
[2026-07-08 17:09:27] begin switch_method
[2026-07-08 17:09:27] find command id521
[2026-07-08 17:09:27] buffer is less than 5, real size: 0
[2026-07-08 17:09:27] out while is working
[2026-07-08 17:09:27] buffer is less than 5, real size: 0
[2026-07-08 17:09:27] out while is working
[2026-07-08 17:09:27] buffer is less than 5, real size: 0
[2026-07-08 17:09:27] out while is working
[2026-07-08 17:09:27] buffer is less than 5, real size: 0
[2026-07-08 17:09:27] out while is working
[2026-07-08 17:09:27] buffer is less than 5, real size: 1
[2026-07-08 17:09:27] out while is working
[2026-07-08 17:09:27] data_length 14 iseq 6
[2026-07-08 17:09:27] begin switch_method
[2026-07-08 17:09:27] find command id514
[2026-07-08 17:09:27] data_length 17 iseq 7
[2026-07-08 17:09:27] buffer is less than sof_index + frame_length(26), buffer size: b'\xa5\x11\x00\x07\xa1\x01\x02\t\x01'
[2026-07-08 17:09:27] out while is working
[2026-07-08 17:09:27] data_length 17 iseq 7
[2026-07-08 17:09:27] buffer is less than sof_index + frame_length(26), buffer size: b'\xa5\x11\x00\x07\xa1\x01\x02\t\x01\xb8'
[2026-07-08 17:09:27] out while is working
[2026-07-08 17:09:27] data_length 17 iseq 7
[2026-07-08 17:09:27] begin switch_method
[2026-07-08 17:09:27] find command id513
[2026-07-08 17:09:27] buffer is less than 5, real size: 0
[2026-07-08 17:09:27] out while is working
[2026-07-08 17:09:27] buffer is less than 5, real size: 0
[2026-07-08 17:09:27] out while is working
[2026-07-08 17:09:27] buffer is less than 5, real size: 0
[2026-07-08 17:09:27] out while is working
[2026-07-08 17:09:27] buffer is less than 5, real size: 0
[2026-07-08 17:09:27] out while is working
[2026-07-08 17:09:27] buffer is less than 5, real size: 0
[2026-07-08 17:09:27] out while is working
[2026-07-08 17:09:27] buffer is less than 5, real size: 0
[2026-07-08 17:09:27] out while is working
[2026-07-08 17:09:27] buffer is less than 5, real size: 0
[2026-07-08 17:09:27] out while is working
[2026-07-08 17:09:27] buffer is less than 5, real size: 0
[2026-07-08 17:09:27] out while is working
[2026-07-08 17:09:27] buffer is less than 5, real size: 0
[2026-07-08 17:09:27] out while is working
[2026-07-08 17:09:27] buffer is less than 5, real size: 0
[2026-07-08 17:09:27] out while is working
[2026-07-08 17:09:27] buffer is less than 5, real size: 0
[2026-07-08 17:09:27] out while is working
[2026-07-08 17:09:27] buffer is less than 5, real size: 1
[2026-07-08 17:09:27] out while is working
[2026-07-08 17:09:27] data_length 14 iseq 8
[2026-07-08 17:09:27] begin switch_method
[2026-07-08 17:09:27] find command id514
[2026-07-08 17:09:27] data_length 17 iseq 9
[2026-07-08 17:09:27] buffer is less than sof_index + frame_length(26), buffer size: b'\xa5\x11\x00\t\xbe\x01\x02\t\x01'
[2026-07-08 17:09:27] out while is working
[2026-07-08 17:09:27] data_length 17 iseq 9
[2026-07-08 17:09:27] buffer is less than sof_index + frame_length(26), buffer size: b'\xa5\x11\x00\t\xbe\x01\x02\t\x01\xb8'
[2026-07-08 17:09:27] out while is working
[2026-07-08 17:09:27] data_length 17 iseq 9
[2026-07-08 17:09:27] begin switch_method
[2026-07-08 17:09:27] find command id513
[2026-07-08 17:09:27] buffer is less than 5, real size: 0
[2026-07-08 17:09:27] out while is working
[2026-07-08 17:09:27] buffer is less than 5, real size: 0
[2026-07-08 17:09:27] out while is working
[2026-07-08 17:09:27] buffer is less than 5, real size: 0
[2026-07-08 17:09:27] out while is working
[2026-07-08 17:09:27] buffer is less than 5, real size: 0
[2026-07-08 17:09:27] out while is working
[2026-07-08 17:09:27] buffer is less than 5, real size: 0
[2026-07-08 17:09:27] out while is working
[2026-07-08 17:09:27] buffer is less than 5, real size: 0
[2026-07-08 17:09:27] out while is working
[2026-07-08 17:09:27] buffer is less than 5, real size: 0
[2026-07-08 17:09:27] out while is working
[2026-07-08 17:09:27] buffer is less than 5, real size: 0
[2026-07-08 17:09:27] out while is working
[2026-07-08 17:09:27] buffer is less than 5, real size: 0
[2026-07-08 17:09:27] out while is working
[2026-07-08 17:09:27] buffer is less than 5, real size: 0
[2026-07-08 17:09:27] out while is working
[2026-07-08 17:09:27] buffer is less than 5, real size: 1
[2026-07-08 17:09:27] out while is working
[2026-07-08 17:09:27] data_length 14 iseq 10
[2026-07-08 17:09:27] begin switch_method
[2026-07-08 17:09:27] find command id514
[2026-07-08 17:09:27] data_length 17 iseq 11
[2026-07-08 17:09:27] buffer is less than sof_index + frame_length(26), buffer size: b'\xa5\x11\x00\x0b\x02\x01\x02\t\x01'
[2026-07-08 17:09:27] out while is working
[2026-07-08 17:09:27] data_length 17 iseq 11
[2026-07-08 17:09:27] buffer is less than sof_index + frame_length(26), buffer size: b'\xa5\x11\x00\x0b\x02\x01\x02\t\x01\xb8'
[2026-07-08 17:09:27] out while is working
[2026-07-08 17:09:27] data_length 17 iseq 11
[2026-07-08 17:09:27] begin switch_method
[2026-07-08 17:09:27] find command id513
[2026-07-08 17:09:27] buffer is less than 5, real size: 0
[2026-07-08 17:09:27] out while is working
[2026-07-08 17:09:27] buffer is less than 5, real size: 0
[2026-07-08 17:09:27] out while is working
[2026-07-08 17:09:27] buffer is less than 5, real size: 0
[2026-07-08 17:09:27] out while is working
[2026-07-08 17:09:27] buffer is less than 5, real size: 0
[2026-07-08 17:09:27] out while is working
[2026-07-08 17:09:27] buffer is less than 5, real size: 0
[2026-07-08 17:09:27] out while is working
[2026-07-08 17:09:27] buffer is less than 5, real size: 0
[2026-07-08 17:09:27] out while is working
[2026-07-08 17:09:27] buffer is less than 5, real size: 1
[2026-07-08 17:09:27] out while is working
[2026-07-08 17:09:27] data_length 2 iseq 12
[2026-07-08 17:09:27] begin switch_method
[2026-07-08 17:09:27] find command id524
[2026-07-08 17:09:27] Mark process: [0, 0, 0, 0, 0, 0] (raw bits: 0000000000000000)
[2026-07-08 17:09:27] data_length 4 iseq 13
[2026-07-08 17:09:27] begin switch_method
[2026-07-08 17:09:27] find command id257
[2026-07-08 17:09:27] buffer is less than 5, real size: 0
[2026-07-08 17:09:27] out while is working
[2026-07-08 17:09:27] buffer is less than 5, real size: 1
[2026-07-08 17:09:27] out while is working
[2026-07-08 17:09:27] data_length 11 iseq 14
[2026-07-08 17:09:27] begin switch_method
[2026-07-08 17:09:27] find command id1
[2026-07-08 17:09:27] data_length 3 iseq 15
[2026-07-08 17:09:27] begin switch_method
[2026-07-08 17:09:27] find command id261
[2026-07-08 17:09:27] Dart target: 0
[2026-07-08 17:09:27] buffer is less than 5, real size: 0
[2026-07-08 17:09:27] out while is working
[2026-07-08 17:09:27] buffer is less than 5, real size: 1
[2026-07-08 17:09:27] out while is working
[2026-07-08 17:09:27] data_length 1 iseq 16
[2026-07-08 17:09:27] begin switch_method
[2026-07-08 17:09:27] find command id526
[2026-07-08 17:09:27] Double effect chance: 0, is double effect active: 0
[2026-07-08 17:09:27] Interference level: 1, is key updated: 1
[2026-07-08 17:09:27] data_length 5 iseq 17
[2026-07-08 17:09:27] begin switch_method
[2026-07-08 17:09:27] find command id521
[2026-07-08 17:09:27] buffer is less than 5, real size: 0
[2026-07-08 17:09:27] out while is working
[2026-07-08 17:09:27] buffer is less than 5, real size: 0
[2026-07-08 17:09:27] out while is working
[2026-07-08 17:09:27] buffer is less than 5, real size: 0
[2026-07-08 17:09:27] out while is working
[2026-07-08 17:09:27] buffer is less than 5, real size: 1
[2026-07-08 17:09:27] out while is working
[2026-07-08 17:09:27] data_length 14 iseq 18
[2026-07-08 17:09:27] begin switch_method
[2026-07-08 17:09:27] find command id514
[2026-07-08 17:09:27] data_length 17 iseq 19
[2026-07-08 17:09:27] buffer is less than sof_index + frame_length(26), buffer size: b'\xa5\x11\x00\x13]\x01\x02\t\x01'
[2026-07-08 17:09:27] out while is working
[2026-07-08 17:09:27] data_length 17 iseq 19
[2026-07-08 17:09:27] buffer is less than sof_index + frame_length(26), buffer size: b'\xa5\x11\x00\x13]\x01\x02\t\x01\xb8'
[2026-07-08 17:09:27] out while is working
[2026-07-08 17:09:27] data_length 17 iseq 19
[2026-07-08 17:09:27] begin switch_method
[2026-07-08 17:09:27] find command id513
[2026-07-08 17:09:27] buffer is less than 5, real size: 0
[2026-07-08 17:09:27] out while is working
[2026-07-08 17:09:27] buffer is less than 5, real size: 0
[2026-07-08 17:09:27] out while is working
[2026-07-08 17:09:27] buffer is less than 5, real size: 0
[2026-07-08 17:09:27] out while is working
[2026-07-08 17:09:27] buffer is less than 5, real size: 0
[2026-07-08 17:09:27] out while is working
[2026-07-08 17:09:27] buffer is less than 5, real size: 0
[2026-07-08 17:09:27] out while is working
[2026-07-08 17:09:27] buffer is less than 5, real size: 0
[2026-07-08 17:09:27] out while is working
[2026-07-08 17:09:27] buffer is less than 5, real size: 0
[2026-07-08 17:09:27] out while is working
[2026-07-08 17:09:27] buffer is less than 5, real size: 0
[2026-07-08 17:09:27] out while is working
[2026-07-08 17:09:27] buffer is less than 5, real size: 0
[2026-07-08 17:09:27] out while is working
[2026-07-08 17:09:27] buffer is less than 5, real size: 0
[2026-07-08 17:09:27] out while is working
[2026-07-08 17:09:27] buffer is less than 5, real size: 1
[2026-07-08 17:09:27] out while is working
[2026-07-08 17:09:27] data_length 14 iseq 20
[2026-07-08 17:09:27] begin switch_method
[2026-07-08 17:09:27] find command id514
[2026-07-08 17:09:27] data_length 17 iseq 21
[2026-07-08 17:09:27] buffer is less than sof_index + frame_length(26), buffer size: b'\xa5\x11\x00\x15\x80\x01\x02\t\x01'
[2026-07-08 17:09:27] out while is working
[2026-07-08 17:09:27] data_length 17 iseq 21
[2026-07-08 17:09:27] buffer is less than sof_index + frame_length(26), buffer size: b'\xa5\x11\x00\x15\x80\x01\x02\t\x01\xb8'
[2026-07-08 17:09:27] out while is working
[2026-07-08 17:09:27] data_length 17 iseq 21
[2026-07-08 17:09:27] begin switch_method
[2026-07-08 17:09:27] find command id513
[2026-07-08 17:09:27] buffer is less than 5, real size: 0
[2026-07-08 17:09:27] out while is working
[2026-07-08 17:09:27] buffer is less than 5, real size: 0
[2026-07-08 17:09:27] out while is working
[2026-07-08 17:09:27] buffer is less than 5, real size: 0
[2026-07-08 17:09:27] out while is working
[2026-07-08 17:09:27] buffer is less than 5, real size: 0
[2026-07-08 17:09:27] out while is working
[2026-07-08 17:09:27] buffer is less than 5, real size: 0
[2026-07-08 17:09:27] out while is working
[2026-07-08 17:09:27] buffer is less than 5, real size: 0
[2026-07-08 17:09:27] out while is working
[2026-07-08 17:09:27] buffer is less than 5, real size: 0
[2026-07-08 17:09:27] out while is working
[2026-07-08 17:09:27] buffer is less than 5, real size: 0
[2026-07-08 17:09:27] out while is working
[2026-07-08 17:09:27] buffer is less than 5, real size: 0
[2026-07-08 17:09:27] out while is working
[2026-07-08 17:09:27] buffer is less than 5, real size: 0
[2026-07-08 17:09:27] out while is working
[2026-07-08 17:09:27] buffer is less than 5, real size: 1
[2026-07-08 17:09:27] out while is working
[2026-07-08 17:09:27] data_length 14 iseq 22
[2026-07-08 17:09:27] begin switch_method
[2026-07-08 17:09:27] find command id514
[2026-07-08 17:09:27] data_length 17 iseq 23
[2026-07-08 17:09:27] buffer is less than sof_index + frame_length(26), buffer size: b'\xa5\x11\x00\x17<\x01\x02\t\x01'
[2026-07-08 17:09:27] out while is working
[2026-07-08 17:09:27] data_length 17 iseq 23
[2026-07-08 17:09:27] buffer is less than sof_index + frame_length(26), buffer size: b'\xa5\x11\x00\x17<\x01\x02\t\x01\xb8'
[2026-07-08 17:09:27] out while is working
[2026-07-08 17:09:27] data_length 17 iseq 23
[2026-07-08 17:09:27] begin switch_method
[2026-07-08 17:09:27] find command id513
[2026-07-08 17:09:27] buffer is less than 5, real size: 0
[2026-07-08 17:09:27] out while is working
[2026-07-08 17:09:27] buffer is less than 5, real size: 0
[2026-07-08 17:09:27] out while is working
[2026-07-08 17:09:28] buffer is less than 5, real size: 0
[2026-07-08 17:09:28] out while is working
[2026-07-08 17:09:28] buffer is less than 5, real size: 0
[2026-07-08 17:09:28] out while is working
[2026-07-08 17:09:28] buffer is less than 5, real size: 0
[2026-07-08 17:09:28] out while is working
[2026-07-08 17:09:28] buffer is less than 5, real size: 1
[2026-07-08 17:09:28] out while is working
[2026-07-08 17:09:28] data_length 5 iseq 24
[2026-07-08 17:09:28] begin switch_method
[2026-07-08 17:09:28] find command id521
[2026-07-08 17:09:28] buffer is less than 5, real size: 0
[2026-07-08 17:09:28] out while is working
[2026-07-08 17:09:28] buffer is less than 5, real size: 0
[2026-07-08 17:09:28] out while is working
[2026-07-08 17:09:28] buffer is less than 5, real size: 0
[2026-07-08 17:09:28] out while is working
[2026-07-08 17:09:28] buffer is less than 5, real size: 0
[2026-07-08 17:09:28] out while is working
[2026-07-08 17:09:28] buffer is less than 5, real size: 0
[2026-07-08 17:09:28] out while is working
[2026-07-08 17:09:28] buffer is less than 5, real size: 1
[2026-07-08 17:09:28] out while is working
[2026-07-08 17:09:28] data_length 14 iseq 25
[2026-07-08 17:09:28] begin switch_method
[2026-07-08 17:09:28] find command id514
[2026-07-08 17:09:28] data_length 17 iseq 26
[2026-07-08 17:09:28] buffer is less than sof_index + frame_length(26), buffer size: b'\xa5\x11\x00\x1a\xc1\x01\x02\t\x01'
[2026-07-08 17:09:28] out while is working
[2026-07-08 17:09:28] data_length 17 iseq 26
[2026-07-08 17:09:28] buffer is less than sof_index + frame_length(26), buffer size: b'\xa5\x11\x00\x1a\xc1\x01\x02\t\x01\xb8'
[2026-07-08 17:09:28] out while is working
[2026-07-08 17:09:28] data_length 17 iseq 26
[2026-07-08 17:09:28] begin switch_method
[2026-07-08 17:09:28] find command id513
[2026-07-08 17:09:28] buffer is less than 5, real size: 0
[2026-07-08 17:09:28] out while is working
[2026-07-08 17:09:28] buffer is less than 5, real size: 0
[2026-07-08 17:09:28] out while is working
[2026-07-08 17:09:28] buffer is less than 5, real size: 0
[2026-07-08 17:09:28] out while is working
[2026-07-08 17:09:28] buffer is less than 5, real size: 0
[2026-07-08 17:09:28] out while is working
[2026-07-08 17:09:28] buffer is less than 5, real size: 0
[2026-07-08 17:09:28] out while is working
[2026-07-08 17:09:28] buffer is less than 5, real size: 0
[2026-07-08 17:09:28] out while is working
[2026-07-08 17:09:28] buffer is less than 5, real size: 0
[2026-07-08 17:09:28] out while is working
[2026-07-08 17:09:28] buffer is less than 5, real size: 0
[2026-07-08 17:09:28] out while is working
[2026-07-08 17:09:28] buffer is less than 5, real size: 0
[2026-07-08 17:09:28] out while is working
[2026-07-08 17:09:28] buffer is less than 5, real size: 0
[2026-07-08 17:09:28] out while is working
[2026-07-08 17:09:28] buffer is less than 5, real size: 1
[2026-07-08 17:09:28] out while is working
[2026-07-08 17:09:28] data_length 14 iseq 27
[2026-07-08 17:09:28] begin switch_method
[2026-07-08 17:09:28] find command id514
[2026-07-08 17:09:28] data_length 17 iseq 28
[2026-07-08 17:09:28] buffer is less than sof_index + frame_length(26), buffer size: b'\xa5\x11\x00\x1c\x1c\x01\x02\t\x01'
[2026-07-08 17:09:28] out while is working
[2026-07-08 17:09:28] data_length 17 iseq 28
[2026-07-08 17:09:28] buffer is less than sof_index + frame_length(26), buffer size: b'\xa5\x11\x00\x1c\x1c\x01\x02\t\x01\xb8'
[2026-07-08 17:09:28] out while is working
[2026-07-08 17:09:28] data_length 17 iseq 28
[2026-07-08 17:09:28] begin switch_method
[2026-07-08 17:09:28] find command id513
[2026-07-08 17:09:28] buffer is less than 5, real size: 0
[2026-07-08 17:09:28] out while is working
[2026-07-08 17:09:28] buffer is less than 5, real size: 0
[2026-07-08 17:09:28] out while is working
[2026-07-08 17:09:28] buffer is less than 5, real size: 0
[2026-07-08 17:09:28] out while is working
[2026-07-08 17:09:28] buffer is less than 5, real size: 0
[2026-07-08 17:09:28] out while is working
[2026-07-08 17:09:28] buffer is less than 5, real size: 0
[2026-07-08 17:09:28] out while is working
[2026-07-08 17:09:28] buffer is less than 5, real size: 0
[2026-07-08 17:09:28] out while is working
[2026-07-08 17:09:28] buffer is less than 5, real size: 0
[2026-07-08 17:09:28] out while is working
[2026-07-08 17:09:28] buffer is less than 5, real size: 0
[2026-07-08 17:09:28] out while is working
[2026-07-08 17:09:28] buffer is less than 5, real size: 0
[2026-07-08 17:09:28] out while is working
[2026-07-08 17:09:28] buffer is less than 5, real size: 0
[2026-07-08 17:09:28] out while is working
[2026-07-08 17:09:28] buffer is less than 5, real size: 1
[2026-07-08 17:09:28] out while is working
[2026-07-08 17:09:28] data_length 14 iseq 29
[2026-07-08 17:09:28] begin switch_method
[2026-07-08 17:09:28] find command id514
[2026-07-08 17:09:28] data_length 12 iseq 30
[2026-07-08 17:09:28] buffer is less than sof_index + frame_length(21), buffer size: b'\xa5\x0c\x00\x1e\xfa\x03\x02\x00\x00'
[2026-07-08 17:09:28] out while is working
[2026-07-08 17:09:28] data_length 12 iseq 30
[2026-07-08 17:09:28] buffer is less than sof_index + frame_length(21), buffer size: b'\xa5\x0c\x00\x1e\xfa\x03\x02\x00\x00\x00'
[2026-07-08 17:09:28] out while is working
[2026-07-08 17:09:28] data_length 12 iseq 30
[2026-07-08 17:09:28] begin switch_method
[2026-07-08 17:09:28] find command id515
[2026-07-08 17:09:28] data_length 17 iseq 31
[2026-07-08 17:09:28] buffer is less than sof_index + frame_length(26), buffer size: b'\xa5\x11\x00\x1f\xfe\x01\x02\t\x01\xb8"\xb8"d\x00@\x01x\x00\x00'
[2026-07-08 17:09:28] out while is working
[2026-07-08 17:09:28] data_length 17 iseq 31
[2026-07-08 17:09:28] buffer is less than sof_index + frame_length(26), buffer size: b'\xa5\x11\x00\x1f\xfe\x01\x02\t\x01\xb8"\xb8"d\x00@\x01x\x00\x00\x00'
[2026-07-08 17:09:28] out while is working
[2026-07-08 17:09:28] data_length 17 iseq 31
[2026-07-08 17:09:28] begin switch_method
[2026-07-08 17:09:28] find command id513
[2026-07-08 17:09:28] buffer is less than 5, real size: 0
[2026-07-08 17:09:28] out while is working
[2026-07-08 17:09:28] buffer is less than 5, real size: 0
[2026-07-08 17:09:28] out while is working
[2026-07-08 17:09:28] buffer is less than 5, real size: 0
[2026-07-08 17:09:28] out while is working
[2026-07-08 17:09:28] buffer is less than 5, real size: 0
[2026-07-08 17:09:28] out while is working
[2026-07-08 17:09:28] buffer is less than 5, real size: 0
[2026-07-08 17:09:28] out while is working
[2026-07-08 17:09:28] buffer is less than 5, real size: 1
[2026-07-08 17:09:28] out while is working
[2026-07-08 17:09:28] data_length 5 iseq 32
[2026-07-08 17:09:28] begin switch_method
[2026-07-08 17:09:28] find command id521
[2026-07-08 17:09:28] buffer is less than 5, real size: 0
[2026-07-08 17:09:28] out while is working
[2026-07-08 17:09:28] buffer is less than 5, real size: 0
[2026-07-08 17:09:28] out while is working
[2026-07-08 17:09:28] buffer is less than 5, real size: 0
[2026-07-08 17:09:28] out while is working
[2026-07-08 17:09:28] buffer is less than 5, real size: 0
[2026-07-08 17:09:28] out while is working
[2026-07-08 17:09:28] buffer is less than 5, real size: 0
[2026-07-08 17:09:28] out while is working
[2026-07-08 17:09:28] buffer is less than 5, real size: 1
[2026-07-08 17:09:28] out while is working
[2026-07-08 17:09:28] data_length 14 iseq 33
[2026-07-08 17:09:28] begin switch_method
[2026-07-08 17:09:28] find command id514
[2026-07-08 17:09:28] data_length 17 iseq 34
[2026-07-08 17:09:28] buffer is less than sof_index + frame_length(26), buffer size: b'\xa5\x11\x00"\xbd\x01\x02\t\x01'
[2026-07-08 17:09:28] out while is working
[2026-07-08 17:09:28] data_length 17 iseq 34
[2026-07-08 17:09:28] buffer is less than sof_index + frame_length(26), buffer size: b'\xa5\x11\x00"\xbd\x01\x02\t\x01\xb8'
[2026-07-08 17:09:28] out while is working
[2026-07-08 17:09:28] data_length 17 iseq 34
[2026-07-08 17:09:28] begin switch_method
[2026-07-08 17:09:28] find command id513
[2026-07-08 17:09:28] buffer is less than 5, real size: 0
[2026-07-08 17:09:28] out while is working
[2026-07-08 17:09:28] buffer is less than 5, real size: 0
[2026-07-08 17:09:28] out while is working
[2026-07-08 17:09:28] buffer is less than 5, real size: 0
[2026-07-08 17:09:28] out while is working
[2026-07-08 17:09:28] buffer is less than 5, real size: 0
[2026-07-08 17:09:28] out while is working
[2026-07-08 17:09:28] buffer is less than 5, real size: 0
[2026-07-08 17:09:28] out while is working
[2026-07-08 17:09:28] buffer is less than 5, real size: 0
[2026-07-08 17:09:28] out while is working
[2026-07-08 17:09:28] buffer is less than 5, real size: 0
[2026-07-08 17:09:28] out while is working
[2026-07-08 17:09:28] buffer is less than 5, real size: 0
[2026-07-08 17:09:28] out while is working
[2026-07-08 17:09:28] buffer is less than 5, real size: 0
[2026-07-08 17:09:28] out while is working
[2026-07-08 17:09:28] buffer is less than 5, real size: 0
[2026-07-08 17:09:28] out while is working
[2026-07-08 17:09:28] buffer is less than 5, real size: 1
[2026-07-08 17:09:28] out while is working
[2026-07-08 17:09:28] data_length 14 iseq 35
[2026-07-08 17:09:28] begin switch_method
[2026-07-08 17:09:28] find command id514
[2026-07-08 17:09:28] data_length 17 iseq 36
[2026-07-08 17:09:28] buffer is less than sof_index + frame_length(26), buffer size: b'\xa5\x11\x00$`\x01\x02\t\x01'
[2026-07-08 17:09:28] out while is working
[2026-07-08 17:09:28] data_length 17 iseq 36
[2026-07-08 17:09:28] buffer is less than sof_index + frame_length(26), buffer size: b'\xa5\x11\x00$`\x01\x02\t\x01\xb8'
[2026-07-08 17:09:28] out while is working
[2026-07-08 17:09:28] data_length 17 iseq 36
[2026-07-08 17:09:28] begin switch_method
[2026-07-08 17:09:28] find command id513
[2026-07-08 17:09:28] buffer is less than 5, real size: 0
[2026-07-08 17:09:28] out while is working
[2026-07-08 17:09:28] buffer is less than 5, real size: 0
[2026-07-08 17:09:28] out while is working
[2026-07-08 17:09:28] buffer is less than 5, real size: 0
[2026-07-08 17:09:28] out while is working
[2026-07-08 17:09:28] buffer is less than 5, real size: 0
[2026-07-08 17:09:28] out while is working
[2026-07-08 17:09:28] buffer is less than 5, real size: 0
[2026-07-08 17:09:28] out while is working
[2026-07-08 17:09:28] buffer is less than 5, real size: 0
[2026-07-08 17:09:28] out while is working
[2026-07-08 17:09:28] buffer is less than 5, real size: 0
[2026-07-08 17:09:28] out while is working
[2026-07-08 17:09:28] buffer is less than 5, real size: 0
[2026-07-08 17:09:28] out while is working
[2026-07-08 17:09:28] buffer is less than 5, real size: 0
[2026-07-08 17:09:28] out while is working
[2026-07-08 17:09:28] buffer is less than 5, real size: 0
[2026-07-08 17:09:28] out while is working
[2026-07-08 17:09:28] buffer is less than 5, real size: 1
[2026-07-08 17:09:28] out while is working
[2026-07-08 17:09:28] data_length 14 iseq 37
[2026-07-08 17:09:28] begin switch_method
[2026-07-08 17:09:28] find command id514
[2026-07-08 17:09:28] data_length 17 iseq 38
[2026-07-08 17:09:28] buffer is less than sof_index + frame_length(26), buffer size: b'\xa5\x11\x00&\xdc\x01\x02\t\x01'
[2026-07-08 17:09:28] out while is working
[2026-07-08 17:09:28] data_length 17 iseq 38
[2026-07-08 17:09:28] buffer is less than sof_index + frame_length(26), buffer size: b'\xa5\x11\x00&\xdc\x01\x02\t\x01\xb8'
[2026-07-08 17:09:28] out while is working
[2026-07-08 17:09:28] data_length 17 iseq 38
[2026-07-08 17:09:28] begin switch_method
[2026-07-08 17:09:28] find command id513
[2026-07-08 17:09:28] buffer is less than 5, real size: 0
[2026-07-08 17:09:28] out while is working
[2026-07-08 17:09:28] buffer is less than 5, real size: 0
[2026-07-08 17:09:28] out while is working
[2026-07-08 17:09:28] buffer is less than 5, real size: 0
[2026-07-08 17:09:28] out while is working
[2026-07-08 17:09:28] buffer is less than 5, real size: 0
[2026-07-08 17:09:28] out while is working
[2026-07-08 17:09:28] buffer is less than 5, real size: 1
[2026-07-08 17:09:28] out while is working
[2026-07-08 17:09:28] data_length 5 iseq 39
[2026-07-08 17:09:28] begin switch_method
[2026-07-08 17:09:28] find command id521
[2026-07-08 17:09:28] buffer is less than 5, real size: 0
[2026-07-08 17:09:28] out while is working
[2026-07-08 17:09:28] buffer is less than 5, real size: 0
[2026-07-08 17:09:28] out while is working
[2026-07-08 17:09:28] buffer is less than 5, real size: 0
[2026-07-08 17:09:28] out while is working
[2026-07-08 17:09:28] buffer is less than 5, real size: 0
[2026-07-08 17:09:28] out while is working
[2026-07-08 17:09:28] buffer is less than 5, real size: 0
[2026-07-08 17:09:28] out while is working
[2026-07-08 17:09:28] buffer is less than 5, real size: 0
[2026-07-08 17:09:28] out while is working
[2026-07-08 17:09:28] buffer is less than 5, real size: 0
[2026-07-08 17:09:28] out while is working
[2026-07-08 17:09:28] buffer is less than 5, real size: 1
[2026-07-08 17:09:28] out while is working
[2026-07-08 17:09:28] data_length 14 iseq 40
[2026-07-08 17:09:28] begin switch_method
[2026-07-08 17:09:28] find command id514
[2026-07-08 17:09:28] data_length 17 iseq 41
[2026-07-08 17:09:28] buffer is less than sof_index + frame_length(26), buffer size: b'\xa5\x11\x00)\x9d\x01\x02\t\x01'
[2026-07-08 17:09:28] out while is working
[2026-07-08 17:09:28] data_length 17 iseq 41
[2026-07-08 17:09:28] buffer is less than sof_index + frame_length(26), buffer size: b'\xa5\x11\x00)\x9d\x01\x02\t\x01\xb8'
[2026-07-08 17:09:28] out while is working
[2026-07-08 17:09:28] data_length 17 iseq 41
[2026-07-08 17:09:28] begin switch_method
[2026-07-08 17:09:28] find command id513
[2026-07-08 17:09:28] buffer is less than 5, real size: 0
[2026-07-08 17:09:28] out while is working
[2026-07-08 17:09:28] buffer is less than 5, real size: 0
[2026-07-08 17:09:28] out while is working
[2026-07-08 17:09:28] buffer is less than 5, real size: 0
[2026-07-08 17:09:28] out while is working
[2026-07-08 17:09:28] buffer is less than 5, real size: 0
[2026-07-08 17:09:28] out while is working
[2026-07-08 17:09:28] buffer is less than 5, real size: 0
[2026-07-08 17:09:28] out while is working
[2026-07-08 17:09:28] buffer is less than 5, real size: 1
[2026-07-08 17:09:28] out while is working
[2026-07-08 17:09:28] data_length 2 iseq 42
[2026-07-08 17:09:28] begin switch_method
[2026-07-08 17:09:28] find command id524
[2026-07-08 17:09:28] Mark process: [0, 0, 0, 0, 0, 0] (raw bits: 0000000000000000)
[2026-07-08 17:09:28] data_length 4 iseq 43
[2026-07-08 17:09:28] begin switch_method
[2026-07-08 17:09:28] find command id257
[2026-07-08 17:09:28] data_length 11 iseq 44
[2026-07-08 17:09:28] buffer is less than sof_index + frame_length(20), buffer size: b'\xa5\x0b\x00,\x82\x01\x00\x01'
[2026-07-08 17:09:28] out while is working
[2026-07-08 17:09:28] data_length 11 iseq 44
[2026-07-08 17:09:28] buffer is less than sof_index + frame_length(20), buffer size: b'\xa5\x0b\x00,\x82\x01\x00\x01\x00'
[2026-07-08 17:09:28] out while is working
[2026-07-08 17:09:28] data_length 11 iseq 44
[2026-07-08 17:09:28] begin switch_method
[2026-07-08 17:09:28] find command id1
[2026-07-08 17:09:28] buffer is less than 5, real size: 0
[2026-07-08 17:09:28] out while is working
[2026-07-08 17:09:28] buffer is less than 5, real size: 1
[2026-07-08 17:09:28] out while is working
[2026-07-08 17:09:28] data_length 3 iseq 45
[2026-07-08 17:09:28] begin switch_method
[2026-07-08 17:09:28] find command id261
[2026-07-08 17:09:28] Dart target: 0
[2026-07-08 17:09:28] data_length 1 iseq 46
[2026-07-08 17:09:28] begin switch_method
[2026-07-08 17:09:28] find command id526
[2026-07-08 17:09:28] Double effect chance: 0, is double effect active: 0
[2026-07-08 17:09:28] Interference level: 1, is key updated: 1
[2026-07-08 17:09:28] buffer is less than 5, real size: 0
[2026-07-08 17:09:28] out while is working
[2026-07-08 17:09:28] buffer is less than 5, real size: 0
[2026-07-08 17:09:28] out while is working
[2026-07-08 17:09:28] buffer is less than 5, real size: 0
[2026-07-08 17:09:28] out while is working
[2026-07-08 17:09:28] buffer is less than 5, real size: 0
[2026-07-08 17:09:28] out while is working
[2026-07-08 17:09:28] buffer is less than 5, real size: 0
[2026-07-08 17:09:28] out while is working
[2026-07-08 17:09:28] buffer is less than 5, real size: 1
[2026-07-08 17:09:28] out while is working
[2026-07-08 17:09:28] data_length 14 iseq 47
[2026-07-08 17:09:28] begin switch_method
[2026-07-08 17:09:28] find command id514
[2026-07-08 17:09:28] data_length 17 iseq 48
[2026-07-08 17:09:28] buffer is less than sof_index + frame_length(26), buffer size: b'\xa5\x11\x000\x9c\x01\x02\t\x01'
[2026-07-08 17:09:28] out while is working
[2026-07-08 17:09:28] data_length 17 iseq 48
[2026-07-08 17:09:28] buffer is less than sof_index + frame_length(26), buffer size: b'\xa5\x11\x000\x9c\x01\x02\t\x01\xb8'
[2026-07-08 17:09:28] out while is working
[2026-07-08 17:09:28] data_length 17 iseq 48
[2026-07-08 17:09:28] begin switch_method
[2026-07-08 17:09:28] find command id513
[2026-07-08 17:09:28] buffer is less than 5, real size: 0
[2026-07-08 17:09:28] out while is working
[2026-07-08 17:09:28] buffer is less than 5, real size: 0
[2026-07-08 17:09:28] out while is working
[2026-07-08 17:09:28] buffer is less than 5, real size: 0
[2026-07-08 17:09:28] out while is working
[2026-07-08 17:09:28] buffer is less than 5, real size: 0
[2026-07-08 17:09:28] out while is working
[2026-07-08 17:09:28] buffer is less than 5, real size: 0
[2026-07-08 17:09:28] out while is working
[2026-07-08 17:09:28] buffer is less than 5, real size: 0
[2026-07-08 17:09:28] out while is working
[2026-07-08 17:09:28] buffer is less than 5, real size: 0
[2026-07-08 17:09:28] out while is working
[2026-07-08 17:09:28] buffer is less than 5, real size: 0
[2026-07-08 17:09:28] out while is working
[2026-07-08 17:09:28] buffer is less than 5, real size: 0
[2026-07-08 17:09:28] out while is working
[2026-07-08 17:09:28] buffer is less than 5, real size: 0
[2026-07-08 17:09:28] out while is working
[2026-07-08 17:09:28] buffer is less than 5, real size: 1
[2026-07-08 17:09:28] out while is working
[2026-07-08 17:09:28] data_length 14 iseq 49
[2026-07-08 17:09:28] begin switch_method
[2026-07-08 17:09:28] find command id514
[2026-07-08 17:09:28] data_length 17 iseq 50
[2026-07-08 17:09:28] buffer is less than sof_index + frame_length(26), buffer size: b'\xa5\x11\x002 \x01\x02\t\x01'
[2026-07-08 17:09:28] out while is working
[2026-07-08 17:09:28] data_length 17 iseq 50
[2026-07-08 17:09:28] buffer is less than sof_index + frame_length(26), buffer size: b'\xa5\x11\x002 \x01\x02\t\x01\xb8'
[2026-07-08 17:09:28] out while is working
[2026-07-08 17:09:28] data_length 17 iseq 50
[2026-07-08 17:09:28] begin switch_method
[2026-07-08 17:09:28] find command id513
[2026-07-08 17:09:28] buffer is less than 5, real size: 0
[2026-07-08 17:09:28] out while is working
[2026-07-08 17:09:28] buffer is less than 5, real size: 0
[2026-07-08 17:09:28] out while is working
[2026-07-08 17:09:28] buffer is less than 5, real size: 0
[2026-07-08 17:09:28] out while is working
[2026-07-08 17:09:28] buffer is less than 5, real size: 1
[2026-07-08 17:09:28] out while is working
[2026-07-08 17:09:28] data_length 5 iseq 51
[2026-07-08 17:09:28] begin switch_method
[2026-07-08 17:09:28] find command id521
[2026-07-08 17:09:28] buffer is less than 5, real size: 0
[2026-07-08 17:09:28] out while is working
[2026-07-08 17:09:28] buffer is less than 5, real size: 0
[2026-07-08 17:09:28] out while is working
[2026-07-08 17:09:28] buffer is less than 5, real size: 0
[2026-07-08 17:09:28] out while is working
[2026-07-08 17:09:28] buffer is less than 5, real size: 0
[2026-07-08 17:09:28] out while is working
[2026-07-08 17:09:28] buffer is less than 5, real size: 0
[2026-07-08 17:09:28] out while is working
[2026-07-08 17:09:28] buffer is less than 5, real size: 0
[2026-07-08 17:09:28] out while is working
[2026-07-08 17:09:29] buffer is less than 5, real size: 0
[2026-07-08 17:09:29] out while is working
[2026-07-08 17:09:29] buffer is less than 5, real size: 1
[2026-07-08 17:09:29] out while is working
[2026-07-08 17:09:29] data_length 14 iseq 52
[2026-07-08 17:09:29] begin switch_method
[2026-07-08 17:09:29] find command id514
[2026-07-08 17:09:29] data_length 17 iseq 53
[2026-07-08 17:09:29] buffer is less than sof_index + frame_length(26), buffer size: b'\xa5\x11\x005\xa3\x01\x02\t\x01'
[2026-07-08 17:09:29] out while is working
[2026-07-08 17:09:29] data_length 17 iseq 53
[2026-07-08 17:09:29] buffer is less than sof_index + frame_length(26), buffer size: b'\xa5\x11\x005\xa3\x01\x02\t\x01\xb8'
[2026-07-08 17:09:29] out while is working
[2026-07-08 17:09:29] data_length 17 iseq 53
[2026-07-08 17:09:29] begin switch_method
[2026-07-08 17:09:29] find command id513
[2026-07-08 17:09:29] buffer is less than 5, real size: 0
[2026-07-08 17:09:29] out while is working
[2026-07-08 17:09:29] buffer is less than 5, real size: 0
[2026-07-08 17:09:29] out while is working
[2026-07-08 17:09:29] buffer is less than 5, real size: 0
[2026-07-08 17:09:29] out while is working
[2026-07-08 17:09:29] buffer is less than 5, real size: 0
[2026-07-08 17:09:29] out while is working
