[2026-07-08 16:46:56] [ROS] Receiver state publisher ready: /receiver/state
[2026-07-08 16:46:56] out while is working
[2026-07-08 16:46:56] buffer is less than 5, real size: 0
[2026-07-08 16:46:56] out while is working
[2026-07-08 16:46:56] buffer is less than 5, real size: 0
[2026-07-08 16:46:56] out while is working
[2026-07-08 16:46:56] buffer is less than 5, real size: 1
[2026-07-08 16:46:56] out while is working
[2026-07-08 16:46:56] data_length 14 iseq 19
[2026-07-08 16:46:56] begin switch_method
[2026-07-08 16:46:56] find command id514
[2026-07-08 16:46:56] data_length 17 iseq 20
[2026-07-08 16:46:56] buffer is less than sof_index + frame_length(26), buffer size: b'\xa5\x11\x00\x14\xde\x01\x02\t\x01'
[2026-07-08 16:46:56] out while is working
[2026-07-08 16:46:56] data_length 17 iseq 20
[2026-07-08 16:46:56] buffer is less than sof_index + frame_length(26), buffer size: b'\xa5\x11\x00\x14\xde\x01\x02\t\x01\x00'
[2026-07-08 16:46:56] out while is working
[2026-07-08 16:46:56] data_length 17 iseq 20
[2026-07-08 16:46:56] begin switch_method
[2026-07-08 16:46:56] find command id513
[2026-07-08 16:46:56] buffer is less than 5, real size: 0
[2026-07-08 16:46:56] out while is working
[2026-07-08 16:46:56] buffer is less than 5, real size: 0
[2026-07-08 16:46:56] out while is working
[2026-07-08 16:46:56] buffer is less than 5, real size: 0
[2026-07-08 16:46:56] out while is working
[2026-07-08 16:46:56] buffer is less than 5, real size: 0
[2026-07-08 16:46:56] out while is working
[2026-07-08 16:46:56] buffer is less than 5, real size: 0
[2026-07-08 16:46:56] out while is working
[2026-07-08 16:46:56] buffer is less than 5, real size: 0
[2026-07-08 16:46:56] out while is working
[2026-07-08 16:46:56] buffer is less than 5, real size: 0
[2026-07-08 16:46:56] out while is working
[2026-07-08 16:46:56] buffer is less than 5, real size: 0
[2026-07-08 16:46:56] out while is working
[2026-07-08 16:46:56] buffer is less than 5, real size: 0
[2026-07-08 16:46:56] out while is working
[2026-07-08 16:46:56] buffer is less than 5, real size: 0
[2026-07-08 16:46:56] out while is working
[2026-07-08 16:46:56] buffer is less than 5, real size: 1
[2026-07-08 16:46:56] out while is working
[2026-07-08 16:46:56] data_length 14 iseq 21
[2026-07-08 16:46:56] begin switch_method
[2026-07-08 16:46:56] find command id514
[2026-07-08 16:46:56] data_length 12 iseq 22
[2026-07-08 16:46:56] buffer is less than sof_index + frame_length(21), buffer size: b'\xa5\x0c\x00\x168\x03\x02\x00\x00'
[2026-07-08 16:46:56] out while is working
[2026-07-08 16:46:56] data_length 12 iseq 22
[2026-07-08 16:46:56] buffer is less than sof_index + frame_length(21), buffer size: b'\xa5\x0c\x00\x168\x03\x02\x00\x00\x00'
[2026-07-08 16:46:56] out while is working
[2026-07-08 16:46:56] data_length 12 iseq 22
[2026-07-08 16:46:56] begin switch_method
[2026-07-08 16:46:56] find command id515
[2026-07-08 16:46:56] data_length 17 iseq 23
[2026-07-08 16:46:56] buffer is less than sof_index + frame_length(26), buffer size: b'\xa5\x11\x00\x17<\x01\x02\t\x01\x00\x00\x00\x00\x00\x00\x00\x00\x00\x00\x00'
[2026-07-08 16:46:56] out while is working
[2026-07-08 16:46:56] data_length 17 iseq 23
[2026-07-08 16:46:56] buffer is less than sof_index + frame_length(26), buffer size: b'\xa5\x11\x00\x17<\x01\x02\t\x01\x00\x00\x00\x00\x00\x00\x00\x00\x00\x00\x00\x00'
[2026-07-08 16:46:56] out while is working
[2026-07-08 16:46:56] data_length 17 iseq 23
[2026-07-08 16:46:56] begin switch_method
[2026-07-08 16:46:56] find command id513
[2026-07-08 16:46:56] buffer is less than 5, real size: 0
[2026-07-08 16:46:56] out while is working
[2026-07-08 16:46:56] buffer is less than 5, real size: 0
[2026-07-08 16:46:56] out while is working
[2026-07-08 16:46:56] buffer is less than 5, real size: 0
[2026-07-08 16:46:56] out while is working
[2026-07-08 16:46:56] buffer is less than 5, real size: 0
[2026-07-08 16:46:56] out while is working
[2026-07-08 16:46:56] buffer is less than 5, real size: 0
[2026-07-08 16:46:56] out while is working
[2026-07-08 16:46:56] buffer is less than 5, real size: 0
[2026-07-08 16:46:56] out while is working
[2026-07-08 16:46:56] buffer is less than 5, real size: 0
[2026-07-08 16:46:56] out while is working
[2026-07-08 16:46:56] buffer is less than 5, real size: 0
[2026-07-08 16:46:56] out while is working
[2026-07-08 16:46:56] buffer is less than 5, real size: 0
[2026-07-08 16:46:56] out while is working
[2026-07-08 16:46:56] buffer is less than 5, real size: 0
[2026-07-08 16:46:56] out while is working
[2026-07-08 16:46:56] buffer is less than 5, real size: 0
[2026-07-08 16:46:56] out while is working
[2026-07-08 16:46:56] buffer is less than 5, real size: 1
[2026-07-08 16:46:56] out while is working
[2026-07-08 16:46:56] data_length 14 iseq 24
[2026-07-08 16:46:56] begin switch_method
[2026-07-08 16:46:56] find command id514
[2026-07-08 16:46:56] data_length 17 iseq 25
[2026-07-08 16:46:56] buffer is less than sof_index + frame_length(26), buffer size: b'\xa5\x11\x00\x19#\x01\x02\t\x01'
[2026-07-08 16:46:56] out while is working
[2026-07-08 16:46:56] data_length 17 iseq 25
[2026-07-08 16:46:56] buffer is less than sof_index + frame_length(26), buffer size: b'\xa5\x11\x00\x19#\x01\x02\t\x01\x00'
[2026-07-08 16:46:56] out while is working
[2026-07-08 16:46:56] data_length 17 iseq 25
[2026-07-08 16:46:56] begin switch_method
[2026-07-08 16:46:56] find command id513
[2026-07-08 16:46:56] buffer is less than 5, real size: 0
[2026-07-08 16:46:56] out while is working
[2026-07-08 16:46:56] buffer is less than 5, real size: 0
[2026-07-08 16:46:56] out while is working
[2026-07-08 16:46:56] buffer is less than 5, real size: 0
[2026-07-08 16:46:56] out while is working
[2026-07-08 16:46:56] buffer is less than 5, real size: 0
[2026-07-08 16:46:56] out while is working
[2026-07-08 16:46:56] buffer is less than 5, real size: 0
[2026-07-08 16:46:56] out while is working
[2026-07-08 16:46:56] buffer is less than 5, real size: 0
[2026-07-08 16:46:56] out while is working
[2026-07-08 16:46:56] buffer is less than 5, real size: 0
[2026-07-08 16:46:56] out while is working
[2026-07-08 16:46:56] buffer is less than 5, real size: 0
[2026-07-08 16:46:56] out while is working
[2026-07-08 16:46:57] buffer is less than 5, real size: 0
[2026-07-08 16:46:57] out while is working
[2026-07-08 16:46:57] buffer is less than 5, real size: 0
[2026-07-08 16:46:57] out while is working
[2026-07-08 16:46:57] buffer is less than 5, real size: 0
[2026-07-08 16:46:57] out while is working
[2026-07-08 16:46:57] buffer is less than 5, real size: 1
[2026-07-08 16:46:57] out while is working
[2026-07-08 16:46:57] data_length 14 iseq 26
[2026-07-08 16:46:57] begin switch_method
[2026-07-08 16:46:57] find command id514
[2026-07-08 16:46:57] data_length 17 iseq 27
[2026-07-08 16:46:57] buffer is less than sof_index + frame_length(26), buffer size: b'\xa5\x11\x00\x1b\x9f\x01\x02\t\x01'
[2026-07-08 16:46:57] out while is working
[2026-07-08 16:46:57] data_length 17 iseq 27
[2026-07-08 16:46:57] buffer is less than sof_index + frame_length(26), buffer size: b'\xa5\x11\x00\x1b\x9f\x01\x02\t\x01\x00'
[2026-07-08 16:46:57] out while is working
[2026-07-08 16:46:57] data_length 17 iseq 27
[2026-07-08 16:46:57] begin switch_method
[2026-07-08 16:46:57] find command id513
[2026-07-08 16:46:57] buffer is less than 5, real size: 0
[2026-07-08 16:46:57] out while is working
[2026-07-08 16:46:57] buffer is less than 5, real size: 0
[2026-07-08 16:46:57] out while is working
[2026-07-08 16:46:57] buffer is less than 5, real size: 0
[2026-07-08 16:46:57] out while is working
[2026-07-08 16:46:57] buffer is less than 5, real size: 0
[2026-07-08 16:46:57] out while is working
[2026-07-08 16:46:57] buffer is less than 5, real size: 0
[2026-07-08 16:46:57] out while is working
[2026-07-08 16:46:57] buffer is less than 5, real size: 0
[2026-07-08 16:46:57] out while is working
[2026-07-08 16:46:57] buffer is less than 5, real size: 0
[2026-07-08 16:46:57] out while is working
[2026-07-08 16:46:57] buffer is less than 5, real size: 0
[2026-07-08 16:46:57] out while is working
[2026-07-08 16:46:57] buffer is less than 5, real size: 0
[2026-07-08 16:46:57] out while is working
[2026-07-08 16:46:57] buffer is less than 5, real size: 0
[2026-07-08 16:46:57] out while is working
[2026-07-08 16:46:57] buffer is less than 5, real size: 1
[2026-07-08 16:46:57] out while is working
[2026-07-08 16:46:57] data_length 14 iseq 28
[2026-07-08 16:46:57] begin switch_method
[2026-07-08 16:46:57] find command id514
[2026-07-08 16:46:57] data_length 17 iseq 29
[2026-07-08 16:46:57] buffer is less than sof_index + frame_length(26), buffer size: b'\xa5\x11\x00\x1dB\x01\x02\t\x01'
[2026-07-08 16:46:57] out while is working
[2026-07-08 16:46:57] data_length 17 iseq 29
[2026-07-08 16:46:57] buffer is less than sof_index + frame_length(26), buffer size: b'\xa5\x11\x00\x1dB\x01\x02\t\x01\x00'
[2026-07-08 16:46:57] out while is working
[2026-07-08 16:46:57] data_length 17 iseq 29
[2026-07-08 16:46:57] begin switch_method
[2026-07-08 16:46:57] find command id513
[2026-07-08 16:46:57] buffer is less than 5, real size: 0
[2026-07-08 16:46:57] out while is working
[2026-07-08 16:46:57] buffer is less than 5, real size: 0
[2026-07-08 16:46:57] out while is working
[2026-07-08 16:46:57] buffer is less than 5, real size: 0
[2026-07-08 16:46:57] out while is working
[2026-07-08 16:46:57] buffer is less than 5, real size: 0
[2026-07-08 16:46:57] out while is working
[2026-07-08 16:46:57] buffer is less than 5, real size: 0
[2026-07-08 16:46:57] out while is working
[2026-07-08 16:46:57] buffer is less than 5, real size: 0
[2026-07-08 16:46:57] out while is working
[2026-07-08 16:46:57] buffer is less than 5, real size: 0
[2026-07-08 16:46:57] out while is working
[2026-07-08 16:46:57] buffer is less than 5, real size: 0
[2026-07-08 16:46:57] out while is working
[2026-07-08 16:46:57] buffer is less than 5, real size: 0
[2026-07-08 16:46:57] out while is working
[2026-07-08 16:46:57] buffer is less than 5, real size: 0
[2026-07-08 16:46:57] out while is working
[2026-07-08 16:46:57] buffer is less than 5, real size: 1
[2026-07-08 16:46:57] out while is working
[2026-07-08 16:46:57] data_length 14 iseq 30
[2026-07-08 16:46:57] begin switch_method
[2026-07-08 16:46:57] find command id514
[2026-07-08 16:46:57] data_length 17 iseq 31
[2026-07-08 16:46:57] buffer is less than sof_index + frame_length(26), buffer size: b'\xa5\x11\x00\x1f\xfe\x01\x02\t\x01'
[2026-07-08 16:46:57] out while is working
[2026-07-08 16:46:57] data_length 17 iseq 31
[2026-07-08 16:46:57] buffer is less than sof_index + frame_length(26), buffer size: b'\xa5\x11\x00\x1f\xfe\x01\x02\t\x01\x00'
[2026-07-08 16:46:57] out while is working
[2026-07-08 16:46:57] data_length 17 iseq 31
[2026-07-08 16:46:57] begin switch_method
[2026-07-08 16:46:57] find command id513
[2026-07-08 16:46:57] buffer is less than 5, real size: 0
[2026-07-08 16:46:57] out while is working
[2026-07-08 16:46:57] buffer is less than 5, real size: 0
[2026-07-08 16:46:57] out while is working
[2026-07-08 16:46:57] buffer is less than 5, real size: 0
[2026-07-08 16:46:57] out while is working
[2026-07-08 16:46:57] buffer is less than 5, real size: 0
[2026-07-08 16:46:57] out while is working
[2026-07-08 16:46:57] buffer is less than 5, real size: 0
[2026-07-08 16:46:57] out while is working
[2026-07-08 16:46:57] buffer is less than 5, real size: 0
[2026-07-08 16:46:57] out while is working
[2026-07-08 16:46:57] buffer is less than 5, real size: 0
[2026-07-08 16:46:57] out while is working
[2026-07-08 16:46:57] buffer is less than 5, real size: 0
[2026-07-08 16:46:57] out while is working
[2026-07-08 16:46:57] buffer is less than 5, real size: 0
[2026-07-08 16:46:57] out while is working
[2026-07-08 16:46:57] buffer is less than 5, real size: 0
[2026-07-08 16:46:57] out while is working
[2026-07-08 16:46:57] buffer is less than 5, real size: 0
[2026-07-08 16:46:57] out while is working
[2026-07-08 16:46:57] buffer is less than 5, real size: 1
[2026-07-08 16:46:57] out while is working
[2026-07-08 16:46:57] data_length 14 iseq 32
[2026-07-08 16:46:57] begin switch_method
[2026-07-08 16:46:57] find command id514
[2026-07-08 16:46:57] data_length 17 iseq 33
[2026-07-08 16:46:57] buffer is less than sof_index + frame_length(26), buffer size: b'\xa5\x11\x00!_\x01\x02\t\x01'
[2026-07-08 16:46:57] out while is working
[2026-07-08 16:46:57] data_length 17 iseq 33
[2026-07-08 16:46:57] buffer is less than sof_index + frame_length(26), buffer size: b'\xa5\x11\x00!_\x01\x02\t\x01\x00'
[2026-07-08 16:46:57] out while is working
[2026-07-08 16:46:57] data_length 17 iseq 33
[2026-07-08 16:46:57] begin switch_method
[2026-07-08 16:46:57] find command id513
[2026-07-08 16:46:57] buffer is less than 5, real size: 0
[2026-07-08 16:46:57] out while is working
[2026-07-08 16:46:57] buffer is less than 5, real size: 0
[2026-07-08 16:46:57] out while is working
[2026-07-08 16:46:57] buffer is less than 5, real size: 0
[2026-07-08 16:46:57] out while is working
[2026-07-08 16:46:57] buffer is less than 5, real size: 0
[2026-07-08 16:46:57] out while is working
[2026-07-08 16:46:57] buffer is less than 5, real size: 0
[2026-07-08 16:46:57] out while is working
[2026-07-08 16:46:57] buffer is less than 5, real size: 0
[2026-07-08 16:46:57] out while is working
[2026-07-08 16:46:57] buffer is less than 5, real size: 0
[2026-07-08 16:46:57] out while is working
[2026-07-08 16:46:57] buffer is less than 5, real size: 0
[2026-07-08 16:46:57] out while is working
[2026-07-08 16:46:57] buffer is less than 5, real size: 0
[2026-07-08 16:46:57] out while is working
[2026-07-08 16:46:57] buffer is less than 5, real size: 0
[2026-07-08 16:46:57] out while is working
[2026-07-08 16:46:57] buffer is less than 5, real size: 1
[2026-07-08 16:46:57] out while is working
[2026-07-08 16:46:57] data_length 14 iseq 34
[2026-07-08 16:46:57] begin switch_method
[2026-07-08 16:46:57] find command id514
[2026-07-08 16:46:57] data_length 17 iseq 35
[2026-07-08 16:46:57] buffer is less than sof_index + frame_length(26), buffer size: b'\xa5\x11\x00#\xe3\x01\x02\t\x01'
[2026-07-08 16:46:57] out while is working
[2026-07-08 16:46:57] data_length 17 iseq 35
[2026-07-08 16:46:57] buffer is less than sof_index + frame_length(26), buffer size: b'\xa5\x11\x00#\xe3\x01\x02\t\x01\x00'
[2026-07-08 16:46:57] out while is working
[2026-07-08 16:46:57] data_length 17 iseq 35
[2026-07-08 16:46:57] begin switch_method
[2026-07-08 16:46:57] find command id513
[2026-07-08 16:46:57] buffer is less than 5, real size: 0
[2026-07-08 16:46:57] out while is working
[2026-07-08 16:46:57] buffer is less than 5, real size: 0
[2026-07-08 16:46:57] out while is working
[2026-07-08 16:46:57] buffer is less than 5, real size: 0
[2026-07-08 16:46:57] out while is working
[2026-07-08 16:46:57] buffer is less than 5, real size: 0
[2026-07-08 16:46:57] out while is working
[2026-07-08 16:46:57] buffer is less than 5, real size: 0
[2026-07-08 16:46:57] out while is working
[2026-07-08 16:46:57] buffer is less than 5, real size: 0
[2026-07-08 16:46:57] out while is working
[2026-07-08 16:46:57] buffer is less than 5, real size: 0
[2026-07-08 16:46:57] out while is working
[2026-07-08 16:46:57] buffer is less than 5, real size: 0
[2026-07-08 16:46:57] out while is working
[2026-07-08 16:46:57] buffer is less than 5, real size: 0
[2026-07-08 16:46:57] out while is working
[2026-07-08 16:46:57] buffer is less than 5, real size: 0
[2026-07-08 16:46:57] out while is working
[2026-07-08 16:46:57] buffer is less than 5, real size: 1
[2026-07-08 16:46:57] out while is working
[2026-07-08 16:46:57] data_length 14 iseq 36
[2026-07-08 16:46:57] begin switch_method
[2026-07-08 16:46:57] find command id514
[2026-07-08 16:46:57] data_length 17 iseq 37
[2026-07-08 16:46:57] buffer is less than sof_index + frame_length(26), buffer size: b'\xa5\x11\x00%>\x01\x02\t\x01'
[2026-07-08 16:46:57] out while is working
[2026-07-08 16:46:57] data_length 17 iseq 37
[2026-07-08 16:46:57] buffer is less than sof_index + frame_length(26), buffer size: b'\xa5\x11\x00%>\x01\x02\t\x01\x00'
[2026-07-08 16:46:57] out while is working
[2026-07-08 16:46:57] data_length 17 iseq 37
[2026-07-08 16:46:57] begin switch_method
[2026-07-08 16:46:57] find command id513
[2026-07-08 16:46:57] buffer is less than 5, real size: 0
[2026-07-08 16:46:57] out while is working
[2026-07-08 16:46:57] buffer is less than 5, real size: 0
[2026-07-08 16:46:57] out while is working
[2026-07-08 16:46:57] buffer is less than 5, real size: 0
[2026-07-08 16:46:57] out while is working
[2026-07-08 16:46:57] buffer is less than 5, real size: 0
[2026-07-08 16:46:57] out while is working
[2026-07-08 16:46:57] buffer is less than 5, real size: 0
[2026-07-08 16:46:57] out while is working
[2026-07-08 16:46:57] buffer is less than 5, real size: 0
[2026-07-08 16:46:57] out while is working
[2026-07-08 16:46:57] buffer is less than 5, real size: 0
[2026-07-08 16:46:57] out while is working
[2026-07-08 16:46:57] buffer is less than 5, real size: 0
[2026-07-08 16:46:57] out while is working
[2026-07-08 16:46:57] buffer is less than 5, real size: 0
[2026-07-08 16:46:57] out while is working
[2026-07-08 16:46:57] buffer is less than 5, real size: 0
[2026-07-08 16:46:57] out while is working
[2026-07-08 16:46:57] buffer is less than 5, real size: 1
[2026-07-08 16:46:57] out while is working
[2026-07-08 16:46:57] data_length 14 iseq 38
[2026-07-08 16:46:57] begin switch_method
[2026-07-08 16:46:57] find command id514
[2026-07-08 16:46:57] data_length 17 iseq 39
[2026-07-08 16:46:57] buffer is less than sof_index + frame_length(26), buffer size: b"\xa5\x11\x00'\x82\x01\x02\t\x01"
[2026-07-08 16:46:57] out while is working
[2026-07-08 16:46:57] data_length 17 iseq 39
[2026-07-08 16:46:57] buffer is less than sof_index + frame_length(26), buffer size: b"\xa5\x11\x00'\x82\x01\x02\t\x01\x00"
[2026-07-08 16:46:57] out while is working
[2026-07-08 16:46:57] data_length 17 iseq 39
[2026-07-08 16:46:57] begin switch_method
[2026-07-08 16:46:57] find command id513
[2026-07-08 16:46:57] buffer is less than 5, real size: 0
[2026-07-08 16:46:57] out while is working
[2026-07-08 16:46:57] buffer is less than 5, real size: 0
[2026-07-08 16:46:57] out while is working
[2026-07-08 16:46:57] buffer is less than 5, real size: 0
[2026-07-08 16:46:57] out while is working
[2026-07-08 16:46:57] buffer is less than 5, real size: 0
[2026-07-08 16:46:57] out while is working
[2026-07-08 16:46:57] buffer is less than 5, real size: 0
[2026-07-08 16:46:57] out while is working
[2026-07-08 16:46:57] buffer is less than 5, real size: 0
[2026-07-08 16:46:57] out while is working
[2026-07-08 16:46:57] buffer is less than 5, real size: 0
[2026-07-08 16:46:57] out while is working
[2026-07-08 16:46:57] buffer is less than 5, real size: 0
[2026-07-08 16:46:57] out while is working
[2026-07-08 16:46:57] buffer is less than 5, real size: 0
[2026-07-08 16:46:57] out while is working
[2026-07-08 16:46:57] buffer is less than 5, real size: 0
[2026-07-08 16:46:57] out while is working
[2026-07-08 16:46:57] buffer is less than 5, real size: 1
[2026-07-08 16:46:57] out while is working
[2026-07-08 16:46:57] data_length 14 iseq 40
[2026-07-08 16:46:57] begin switch_method
[2026-07-08 16:46:57] find command id514
[2026-07-08 16:46:57] data_length 17 iseq 41
[2026-07-08 16:46:57] buffer is less than sof_index + frame_length(26), buffer size: b'\xa5\x11\x00)\x9d\x01\x02\t\x01'
[2026-07-08 16:46:57] out while is working
[2026-07-08 16:46:57] data_length 17 iseq 41
[2026-07-08 16:46:57] buffer is less than sof_index + frame_length(26), buffer size: b'\xa5\x11\x00)\x9d\x01\x02\t\x01\x00'
[2026-07-08 16:46:57] out while is working
[2026-07-08 16:46:57] data_length 17 iseq 41
[2026-07-08 16:46:57] begin switch_method
[2026-07-08 16:46:57] find command id513
[2026-07-08 16:46:57] buffer is less than 5, real size: 0
[2026-07-08 16:46:57] out while is working
[2026-07-08 16:46:57] buffer is less than 5, real size: 0
[2026-07-08 16:46:57] out while is working
[2026-07-08 16:46:57] buffer is less than 5, real size: 0
[2026-07-08 16:46:57] out while is working
[2026-07-08 16:46:57] buffer is less than 5, real size: 0
[2026-07-08 16:46:57] out while is working
[2026-07-08 16:46:57] buffer is less than 5, real size: 0
[2026-07-08 16:46:57] out while is working
[2026-07-08 16:46:57] buffer is less than 5, real size: 0
[2026-07-08 16:46:57] out while is working
[2026-07-08 16:46:57] buffer is less than 5, real size: 0
[2026-07-08 16:46:57] out while is working
[2026-07-08 16:46:57] buffer is less than 5, real size: 0
[2026-07-08 16:46:57] out while is working
[2026-07-08 16:46:57] buffer is less than 5, real size: 0
[2026-07-08 16:46:57] out while is working
[2026-07-08 16:46:57] buffer is less than 5, real size: 0
[2026-07-08 16:46:57] out while is working
[2026-07-08 16:46:57] buffer is less than 5, real size: 1
[2026-07-08 16:46:57] out while is working
[2026-07-08 16:46:57] data_length 14 iseq 42
[2026-07-08 16:46:57] begin switch_method
[2026-07-08 16:46:57] find command id514
[2026-07-08 16:46:57] data_length 12 iseq 43
[2026-07-08 16:46:57] buffer is less than sof_index + frame_length(21), buffer size: b'\xa5\x0c\x00+{\x03\x02\x00\x00'
[2026-07-08 16:46:57] out while is working
[2026-07-08 16:46:57] data_length 12 iseq 43
[2026-07-08 16:46:57] buffer is less than sof_index + frame_length(21), buffer size: b'\xa5\x0c\x00+{\x03\x02\x00\x00\x00'
[2026-07-08 16:46:57] out while is working
[2026-07-08 16:46:57] data_length 12 iseq 43
[2026-07-08 16:46:57] begin switch_method
[2026-07-08 16:46:57] find command id515
[2026-07-08 16:46:57] data_length 17 iseq 44
[2026-07-08 16:46:57] buffer is less than sof_index + frame_length(26), buffer size: b'\xa5\x11\x00,\xa2\x01\x02\t\x01\x00\x00\x00\x00\x00\x00\x00\x00\x00\x00\x00'
[2026-07-08 16:46:57] out while is working
[2026-07-08 16:46:57] data_length 17 iseq 44
[2026-07-08 16:46:57] buffer is less than sof_index + frame_length(26), buffer size: b'\xa5\x11\x00,\xa2\x01\x02\t\x01\x00\x00\x00\x00\x00\x00\x00\x00\x00\x00\x00\x00'
[2026-07-08 16:46:57] out while is working
[2026-07-08 16:46:57] data_length 17 iseq 44
[2026-07-08 16:46:57] begin switch_method
[2026-07-08 16:46:57] find command id513
[2026-07-08 16:46:57] buffer is less than 5, real size: 0
[2026-07-08 16:46:57] out while is working
[2026-07-08 16:46:57] buffer is less than 5, real size: 0
[2026-07-08 16:46:57] out while is working
[2026-07-08 16:46:57] buffer is less than 5, real size: 0
[2026-07-08 16:46:57] out while is working
[2026-07-08 16:46:57] buffer is less than 5, real size: 0
[2026-07-08 16:46:57] out while is working
[2026-07-08 16:46:57] buffer is less than 5, real size: 0
[2026-07-08 16:46:57] out while is working
[2026-07-08 16:46:57] buffer is less than 5, real size: 0
[2026-07-08 16:46:57] out while is working
[2026-07-08 16:46:57] buffer is less than 5, real size: 0
[2026-07-08 16:46:57] out while is working
[2026-07-08 16:46:57] buffer is less than 5, real size: 0
[2026-07-08 16:46:57] out while is working
[2026-07-08 16:46:57] buffer is less than 5, real size: 0
[2026-07-08 16:46:57] out while is working
[2026-07-08 16:46:57] buffer is less than 5, real size: 0
[2026-07-08 16:46:57] out while is working
[2026-07-08 16:46:57] buffer is less than 5, real size: 0
[2026-07-08 16:46:57] out while is working
[2026-07-08 16:46:57] buffer is less than 5, real size: 1
[2026-07-08 16:46:57] out while is working
[2026-07-08 16:46:57] data_length 14 iseq 45
[2026-07-08 16:46:57] begin switch_method
[2026-07-08 16:46:57] find command id514
[2026-07-08 16:46:57] data_length 17 iseq 46
[2026-07-08 16:46:57] buffer is less than sof_index + frame_length(26), buffer size: b'\xa5\x11\x00.\x1e\x01\x02\t\x01'
[2026-07-08 16:46:57] out while is working
[2026-07-08 16:46:57] data_length 17 iseq 46
[2026-07-08 16:46:57] buffer is less than sof_index + frame_length(26), buffer size: b'\xa5\x11\x00.\x1e\x01\x02\t\x01\x00'
[2026-07-08 16:46:57] out while is working
[2026-07-08 16:46:57] data_length 17 iseq 46
[2026-07-08 16:46:57] begin switch_method
[2026-07-08 16:46:57] find command id513
[2026-07-08 16:46:57] buffer is less than 5, real size: 0
[2026-07-08 16:46:57] out while is working
[2026-07-08 16:46:57] buffer is less than 5, real size: 0
[2026-07-08 16:46:57] out while is working
[2026-07-08 16:46:57] buffer is less than 5, real size: 0
[2026-07-08 16:46:57] out while is working
[2026-07-08 16:46:57] buffer is less than 5, real size: 0
[2026-07-08 16:46:57] out while is working
[2026-07-08 16:46:58] buffer is less than 5, real size: 0
[2026-07-08 16:46:58] out while is working
[2026-07-08 16:46:58] buffer is less than 5, real size: 0
[2026-07-08 16:46:58] out while is working
[2026-07-08 16:46:58] buffer is less than 5, real size: 0
[2026-07-08 16:46:58] out while is working
[2026-07-08 16:46:58] buffer is less than 5, real size: 0
[2026-07-08 16:46:58] out while is working
[2026-07-08 16:46:58] buffer is less than 5, real size: 0
[2026-07-08 16:46:58] out while is working
[2026-07-08 16:46:58] buffer is less than 5, real size: 0
[2026-07-08 16:46:58] out while is working
[2026-07-08 16:46:58] buffer is less than 5, real size: 1
[2026-07-08 16:46:58] out while is working
[2026-07-08 16:46:58] data_length 14 iseq 47
[2026-07-08 16:46:58] begin switch_method
[2026-07-08 16:46:58] find command id514
[2026-07-08 16:46:58] data_length 17 iseq 48
[2026-07-08 16:46:58] buffer is less than sof_index + frame_length(26), buffer size: b'\xa5\x11\x000\x9c\x01\x02\t\x01'
[2026-07-08 16:46:58] out while is working
[2026-07-08 16:46:58] data_length 17 iseq 48
[2026-07-08 16:46:58] buffer is less than sof_index + frame_length(26), buffer size: b'\xa5\x11\x000\x9c\x01\x02\t\x01\x00'
[2026-07-08 16:46:58] out while is working
[2026-07-08 16:46:58] data_length 17 iseq 48
[2026-07-08 16:46:58] begin switch_method
[2026-07-08 16:46:58] find command id513
[2026-07-08 16:46:58] buffer is less than 5, real size: 0
[2026-07-08 16:46:58] out while is working
[2026-07-08 16:46:58] buffer is less than 5, real size: 0
[2026-07-08 16:46:58] out while is working
[2026-07-08 16:46:58] buffer is less than 5, real size: 0
[2026-07-08 16:46:58] out while is working
[2026-07-08 16:46:58] buffer is less than 5, real size: 0
[2026-07-08 16:46:58] out while is working
[2026-07-08 16:46:58] buffer is less than 5, real size: 0
[2026-07-08 16:46:58] out while is working
[2026-07-08 16:46:58] buffer is less than 5, real size: 0
[2026-07-08 16:46:58] out while is working
[2026-07-08 16:46:58] buffer is less than 5, real size: 0
[2026-07-08 16:46:58] out while is working
[2026-07-08 16:46:58] buffer is less than 5, real size: 0
[2026-07-08 16:46:58] out while is working
[2026-07-08 16:46:58] buffer is less than 5, real size: 0
[2026-07-08 16:46:58] out while is working
[2026-07-08 16:46:58] buffer is less than 5, real size: 0
[2026-07-08 16:46:58] out while is working
[2026-07-08 16:46:58] buffer is less than 5, real size: 1
[2026-07-08 16:46:58] out while is working
[2026-07-08 16:46:58] data_length 14 iseq 49
[2026-07-08 16:46:58] begin switch_method
[2026-07-08 16:46:58] find command id514
[2026-07-08 16:46:58] data_length 17 iseq 50
[2026-07-08 16:46:58] buffer is less than sof_index + frame_length(26), buffer size: b'\xa5\x11\x002 \x01\x02\t\x01'
[2026-07-08 16:46:58] out while is working
[2026-07-08 16:46:58] data_length 17 iseq 50
[2026-07-08 16:46:58] buffer is less than sof_index + frame_length(26), buffer size: b'\xa5\x11\x002 \x01\x02\t\x01\x00'
[2026-07-08 16:46:58] out while is working
[2026-07-08 16:46:58] data_length 17 iseq 50
[2026-07-08 16:46:58] begin switch_method
[2026-07-08 16:46:58] find command id513
[2026-07-08 16:46:58] buffer is less than 5, real size: 0
[2026-07-08 16:46:58] out while is working
[2026-07-08 16:46:58] buffer is less than 5, real size: 0
[2026-07-08 16:46:58] out while is working
[2026-07-08 16:46:58] buffer is less than 5, real size: 0
[2026-07-08 16:46:58] out while is working
[2026-07-08 16:46:58] buffer is less than 5, real size: 0
[2026-07-08 16:46:58] out while is working
[2026-07-08 16:46:58] buffer is less than 5, real size: 0
[2026-07-08 16:46:58] out while is working
[2026-07-08 16:46:58] buffer is less than 5, real size: 0
[2026-07-08 16:46:58] out while is working
[2026-07-08 16:46:58] buffer is less than 5, real size: 0
[2026-07-08 16:46:58] out while is working
[2026-07-08 16:46:58] buffer is less than 5, real size: 0
[2026-07-08 16:46:58] out while is working
[2026-07-08 16:46:58] buffer is less than 5, real size: 0
[2026-07-08 16:46:58] out while is working
[2026-07-08 16:46:58] buffer is less than 5, real size: 0
[2026-07-08 16:46:58] out while is working
[2026-07-08 16:46:58] buffer is less than 5, real size: 1
[2026-07-08 16:46:58] out while is working
[2026-07-08 16:46:58] data_length 14 iseq 51
[2026-07-08 16:46:58] begin switch_method
[2026-07-08 16:46:58] find command id514
[2026-07-08 16:46:58] data_length 17 iseq 52
[2026-07-08 16:46:58] buffer is less than sof_index + frame_length(26), buffer size: b'\xa5\x11\x004\xfd\x01\x02\t\x01'
[2026-07-08 16:46:58] out while is working
[2026-07-08 16:46:58] data_length 17 iseq 52
[2026-07-08 16:46:58] buffer is less than sof_index + frame_length(26), buffer size: b'\xa5\x11\x004\xfd\x01\x02\t\x01\x00'
[2026-07-08 16:46:58] out while is working
[2026-07-08 16:46:58] data_length 17 iseq 52
[2026-07-08 16:46:58] begin switch_method
[2026-07-08 16:46:58] find command id513
[2026-07-08 16:46:58] buffer is less than 5, real size: 0
[2026-07-08 16:46:58] out while is working
[2026-07-08 16:46:58] buffer is less than 5, real size: 0
[2026-07-08 16:46:58] out while is working
[2026-07-08 16:46:58] buffer is less than 5, real size: 0
[2026-07-08 16:46:58] out while is working
[2026-07-08 16:46:58] buffer is less than 5, real size: 0
[2026-07-08 16:46:58] out while is working
[2026-07-08 16:46:58] buffer is less than 5, real size: 0
[2026-07-08 16:46:58] out while is working
[2026-07-08 16:46:58] buffer is less than 5, real size: 0
[2026-07-08 16:46:58] out while is working
[2026-07-08 16:46:58] buffer is less than 5, real size: 0
[2026-07-08 16:46:58] out while is working
[2026-07-08 16:46:58] buffer is less than 5, real size: 0
[2026-07-08 16:46:58] out while is working
[2026-07-08 16:46:58] buffer is less than 5, real size: 0
[2026-07-08 16:46:58] out while is working
[2026-07-08 16:46:58] buffer is less than 5, real size: 0
[2026-07-08 16:46:58] out while is working
[2026-07-08 16:46:58] buffer is less than 5, real size: 1
[2026-07-08 16:46:58] out while is working
[2026-07-08 16:46:58] data_length 14 iseq 53
[2026-07-08 16:46:58] begin switch_method
[2026-07-08 16:46:58] find command id514
[2026-07-08 16:46:58] data_length 17 iseq 54
[2026-07-08 16:46:58] buffer is less than sof_index + frame_length(26), buffer size: b'\xa5\x11\x006A\x01\x02\t\x01'
[2026-07-08 16:46:58] out while is working
[2026-07-08 16:46:58] data_length 17 iseq 54
[2026-07-08 16:46:58] buffer is less than sof_index + frame_length(26), buffer size: b'\xa5\x11\x006A\x01\x02\t\x01\x00'
[2026-07-08 16:46:58] out while is working
[2026-07-08 16:46:58] data_length 17 iseq 54
[2026-07-08 16:46:58] begin switch_method
[2026-07-08 16:46:58] find command id513
[2026-07-08 16:46:58] buffer is less than 5, real size: 0
[2026-07-08 16:46:58] out while is working
[2026-07-08 16:46:58] buffer is less than 5, real size: 0
[2026-07-08 16:46:58] out while is working
[2026-07-08 16:46:58] buffer is less than 5, real size: 0
[2026-07-08 16:46:58] out while is working
[2026-07-08 16:46:58] buffer is less than 5, real size: 0
[2026-07-08 16:46:58] out while is working
[2026-07-08 16:46:58] buffer is less than 5, real size: 0
[2026-07-08 16:46:58] out while is working
[2026-07-08 16:46:58] buffer is less than 5, real size: 0
[2026-07-08 16:46:58] out while is working
[2026-07-08 16:46:58] buffer is less than 5, real size: 0
[2026-07-08 16:46:58] out while is working
[2026-07-08 16:46:58] buffer is less than 5, real size: 0
[2026-07-08 16:46:58] out while is working
[2026-07-08 16:46:58] buffer is less than 5, real size: 0
[2026-07-08 16:46:58] out while is working
[2026-07-08 16:46:58] buffer is less than 5, real size: 0
[2026-07-08 16:46:58] out while is working
[2026-07-08 16:46:58] buffer is less than 5, real size: 1
[2026-07-08 16:46:58] out while is working
[2026-07-08 16:46:58] data_length 14 iseq 55
[2026-07-08 16:46:58] begin switch_method
[2026-07-08 16:46:58] find command id514
[2026-07-08 16:46:58] data_length 17 iseq 56
[2026-07-08 16:46:58] buffer is less than sof_index + frame_length(26), buffer size: b'\xa5\x11\x008^\x01\x02\t\x01'
[2026-07-08 16:46:58] out while is working
[2026-07-08 16:46:58] data_length 17 iseq 56
[2026-07-08 16:46:58] buffer is less than sof_index + frame_length(26), buffer size: b'\xa5\x11\x008^\x01\x02\t\x01\x00'
[2026-07-08 16:46:58] out while is working
[2026-07-08 16:46:58] data_length 17 iseq 56
[2026-07-08 16:46:58] begin switch_method
[2026-07-08 16:46:58] find command id513
[2026-07-08 16:46:58] buffer is less than 5, real size: 0
[2026-07-08 16:46:58] out while is working
[2026-07-08 16:46:58] buffer is less than 5, real size: 0
[2026-07-08 16:46:58] out while is working
[2026-07-08 16:46:58] buffer is less than 5, real size: 0
[2026-07-08 16:46:58] out while is working
[2026-07-08 16:46:58] buffer is less than 5, real size: 0
[2026-07-08 16:46:58] out while is working
[2026-07-08 16:46:58] buffer is less than 5, real size: 0
[2026-07-08 16:46:58] out while is working
[2026-07-08 16:46:58] buffer is less than 5, real size: 0
[2026-07-08 16:46:58] out while is working
[2026-07-08 16:46:58] buffer is less than 5, real size: 0
[2026-07-08 16:46:58] out while is working
[2026-07-08 16:46:58] buffer is less than 5, real size: 0
[2026-07-08 16:46:58] out while is working
[2026-07-08 16:46:58] buffer is less than 5, real size: 0
[2026-07-08 16:46:58] out while is working
[2026-07-08 16:46:58] buffer is less than 5, real size: 0
[2026-07-08 16:46:58] out while is working
[2026-07-08 16:46:58] buffer is less than 5, real size: 1
[2026-07-08 16:46:58] out while is working
[2026-07-08 16:46:58] data_length 14 iseq 57
[2026-07-08 16:46:58] begin switch_method
[2026-07-08 16:46:58] find command id514
[2026-07-08 16:46:58] data_length 17 iseq 58
[2026-07-08 16:46:58] buffer is less than sof_index + frame_length(26), buffer size: b'\xa5\x11\x00:\xe2\x01\x02\t\x01'
[2026-07-08 16:46:58] out while is working
[2026-07-08 16:46:58] data_length 17 iseq 58
[2026-07-08 16:46:58] buffer is less than sof_index + frame_length(26), buffer size: b'\xa5\x11\x00:\xe2\x01\x02\t\x01\x00'
[2026-07-08 16:46:58] out while is working
[2026-07-08 16:46:58] data_length 17 iseq 58
[2026-07-08 16:46:58] begin switch_method
[2026-07-08 16:46:58] find command id513
[2026-07-08 16:46:58] buffer is less than 5, real size: 0
[2026-07-08 16:46:58] out while is working
[2026-07-08 16:46:58] buffer is less than 5, real size: 0
[2026-07-08 16:46:58] out while is working
[2026-07-08 16:46:58] buffer is less than 5, real size: 0
[2026-07-08 16:46:58] out while is working
[2026-07-08 16:46:58] buffer is less than 5, real size: 0
[2026-07-08 16:46:58] out while is working
[2026-07-08 16:46:58] buffer is less than 5, real size: 0
[2026-07-08 16:46:58] out while is working
[2026-07-08 16:46:58] buffer is less than 5, real size: 0
[2026-07-08 16:46:58] out while is working
[2026-07-08 16:46:58] buffer is less than 5, real size: 0
[2026-07-08 16:46:58] out while is working
[2026-07-08 16:46:58] buffer is less than 5, real size: 0
[2026-07-08 16:46:58] out while is working
[2026-07-08 16:46:58] buffer is less than 5, real size: 0
[2026-07-08 16:46:58] out while is working
[2026-07-08 16:46:58] buffer is less than 5, real size: 0
[2026-07-08 16:46:58] out while is working
[2026-07-08 16:46:58] buffer is less than 5, real size: 1
[2026-07-08 16:46:58] out while is working
[2026-07-08 16:46:58] data_length 14 iseq 59
[2026-07-08 16:46:58] begin switch_method
[2026-07-08 16:46:58] find command id514
[2026-07-08 16:46:58] data_length 17 iseq 60
[2026-07-08 16:46:58] buffer is less than sof_index + frame_length(26), buffer size: b'\xa5\x11\x00<?\x01\x02\t\x01'
[2026-07-08 16:46:58] out while is working
[2026-07-08 16:46:58] data_length 17 iseq 60
[2026-07-08 16:46:58] buffer is less than sof_index + frame_length(26), buffer size: b'\xa5\x11\x00<?\x01\x02\t\x01\x00'
[2026-07-08 16:46:58] out while is working
[2026-07-08 16:46:58] data_length 17 iseq 60
[2026-07-08 16:46:58] begin switch_method
[2026-07-08 16:46:58] find command id513
[2026-07-08 16:46:58] buffer is less than 5, real size: 0
[2026-07-08 16:46:58] out while is working
[2026-07-08 16:46:58] buffer is less than 5, real size: 0
[2026-07-08 16:46:58] out while is working
[2026-07-08 16:46:58] buffer is less than 5, real size: 0
[2026-07-08 16:46:58] out while is working
[2026-07-08 16:46:58] buffer is less than 5, real size: 0
[2026-07-08 16:46:58] out while is working
[2026-07-08 16:46:58] buffer is less than 5, real size: 0
[2026-07-08 16:46:58] out while is working
[2026-07-08 16:46:58] buffer is less than 5, real size: 0
[2026-07-08 16:46:58] out while is working
[2026-07-08 16:46:58] buffer is less than 5, real size: 0
[2026-07-08 16:46:58] out while is working
[2026-07-08 16:46:58] buffer is less than 5, real size: 0
[2026-07-08 16:46:58] out while is working
[2026-07-08 16:46:58] buffer is less than 5, real size: 0
[2026-07-08 16:46:58] out while is working
[2026-07-08 16:46:58] buffer is less than 5, real size: 0
[2026-07-08 16:46:58] out while is working
[2026-07-08 16:46:58] buffer is less than 5, real size: 1
[2026-07-08 16:46:58] out while is working
[2026-07-08 16:46:58] data_length 14 iseq 61
[2026-07-08 16:46:58] begin switch_method
[2026-07-08 16:46:58] find command id514
[2026-07-08 16:46:58] data_length 17 iseq 62
[2026-07-08 16:46:58] buffer is less than sof_index + frame_length(26), buffer size: b'\xa5\x11\x00>\x83\x01\x02\t\x01'
[2026-07-08 16:46:58] out while is working
[2026-07-08 16:46:58] data_length 17 iseq 62
[2026-07-08 16:46:58] buffer is less than sof_index + frame_length(26), buffer size: b'\xa5\x11\x00>\x83\x01\x02\t\x01\x00'
[2026-07-08 16:46:58] out while is working
[2026-07-08 16:46:58] data_length 17 iseq 62
[2026-07-08 16:46:58] begin switch_method
[2026-07-08 16:46:58] find command id513
[2026-07-08 16:46:58] buffer is less than 5, real size: 0
[2026-07-08 16:46:58] out while is working
[2026-07-08 16:46:58] buffer is less than 5, real size: 0
[2026-07-08 16:46:58] out while is working
[2026-07-08 16:46:58] buffer is less than 5, real size: 0
[2026-07-08 16:46:58] out while is working
[2026-07-08 16:46:58] buffer is less than 5, real size: 0
[2026-07-08 16:46:58] out while is working
[2026-07-08 16:46:58] buffer is less than 5, real size: 0
[2026-07-08 16:46:58] out while is working
[2026-07-08 16:46:58] buffer is less than 5, real size: 0
[2026-07-08 16:46:58] out while is working
[2026-07-08 16:46:58] buffer is less than 5, real size: 0
[2026-07-08 16:46:58] out while is working
[2026-07-08 16:46:58] buffer is less than 5, real size: 0
[2026-07-08 16:46:58] out while is working
[2026-07-08 16:46:58] buffer is less than 5, real size: 0
[2026-07-08 16:46:58] out while is working
[2026-07-08 16:46:58] buffer is less than 5, real size: 0
[2026-07-08 16:46:58] out while is working
[2026-07-08 16:46:58] buffer is less than 5, real size: 1
[2026-07-08 16:46:58] out while is working
[2026-07-08 16:46:58] data_length 14 iseq 63
[2026-07-08 16:46:58] begin switch_method
[2026-07-08 16:46:58] find command id514
[2026-07-08 16:46:58] data_length 12 iseq 64
[2026-07-08 16:46:58] buffer is less than sof_index + frame_length(21), buffer size: b'\xa5\x0c\x00@>\x03\x02\x00\x00'
[2026-07-08 16:46:58] out while is working
[2026-07-08 16:46:58] data_length 12 iseq 64
[2026-07-08 16:46:58] buffer is less than sof_index + frame_length(21), buffer size: b'\xa5\x0c\x00@>\x03\x02\x00\x00\x00'
[2026-07-08 16:46:58] out while is working
[2026-07-08 16:46:58] data_length 12 iseq 64
[2026-07-08 16:46:58] begin switch_method
[2026-07-08 16:46:58] find command id515
[2026-07-08 16:46:58] data_length 17 iseq 65
[2026-07-08 16:46:58] buffer is less than sof_index + frame_length(26), buffer size: b'\xa5\x11\x00A:\x01\x02\t\x01\x00\x00\x00\x00\x00\x00\x00\x00\x00\x00\x00'
[2026-07-08 16:46:58] out while is working
[2026-07-08 16:46:58] data_length 17 iseq 65
[2026-07-08 16:46:58] buffer is less than sof_index + frame_length(26), buffer size: b'\xa5\x11\x00A:\x01\x02\t\x01\x00\x00\x00\x00\x00\x00\x00\x00\x00\x00\x00\x00'
[2026-07-08 16:46:58] out while is working
[2026-07-08 16:46:58] data_length 17 iseq 65
[2026-07-08 16:46:58] begin switch_method
[2026-07-08 16:46:58] find command id513
[2026-07-08 16:46:58] buffer is less than 5, real size: 0
[2026-07-08 16:46:58] out while is working
[2026-07-08 16:46:58] buffer is less than 5, real size: 0
[2026-07-08 16:46:58] out while is working
[2026-07-08 16:46:58] buffer is less than 5, real size: 0
[2026-07-08 16:46:58] out while is working
[2026-07-08 16:46:58] buffer is less than 5, real size: 0
[2026-07-08 16:46:58] out while is working
[2026-07-08 16:46:58] buffer is less than 5, real size: 0
[2026-07-08 16:46:58] out while is working
[2026-07-08 16:46:58] buffer is less than 5, real size: 0
[2026-07-08 16:46:58] out while is working
[2026-07-08 16:46:58] buffer is less than 5, real size: 0
[2026-07-08 16:46:58] out while is working
[2026-07-08 16:46:58] buffer is less than 5, real size: 0
[2026-07-08 16:46:58] out while is working
[2026-07-08 16:46:58] buffer is less than 5, real size: 0
[2026-07-08 16:46:58] out while is working
[2026-07-08 16:46:58] buffer is less than 5, real size: 0
[2026-07-08 16:46:58] out while is working
[2026-07-08 16:46:58] buffer is less than 5, real size: 1
[2026-07-08 16:46:58] out while is working
[2026-07-08 16:46:58] data_length 14 iseq 66
[2026-07-08 16:46:58] begin switch_method
[2026-07-08 16:46:58] find command id514
[2026-07-08 16:46:58] data_length 17 iseq 67
[2026-07-08 16:46:58] buffer is less than sof_index + frame_length(26), buffer size: b'\xa5\x11\x00C\x86\x01\x02\t\x01'
[2026-07-08 16:46:58] out while is working
[2026-07-08 16:46:58] data_length 17 iseq 67
[2026-07-08 16:46:58] buffer is less than sof_index + frame_length(26), buffer size: b'\xa5\x11\x00C\x86\x01\x02\t\x01\x00'
[2026-07-08 16:46:58] out while is working
[2026-07-08 16:46:58] data_length 17 iseq 67
[2026-07-08 16:46:58] begin switch_method
[2026-07-08 16:46:58] find command id513
[2026-07-08 16:46:58] buffer is less than 5, real size: 0
[2026-07-08 16:46:58] out while is working
[2026-07-08 16:46:58] buffer is less than 5, real size: 0
[2026-07-08 16:46:58] out while is working
[2026-07-08 16:46:59] buffer is less than 5, real size: 0
[2026-07-08 16:46:59] out while is working
[2026-07-08 16:46:59] buffer is less than 5, real size: 0
[2026-07-08 16:46:59] out while is working
[2026-07-08 16:46:59] buffer is less than 5, real size: 0
[2026-07-08 16:46:59] out while is working
[2026-07-08 16:46:59] buffer is less than 5, real size: 0
[2026-07-08 16:46:59] out while is working
[2026-07-08 16:46:59] buffer is less than 5, real size: 0
[2026-07-08 16:46:59] out while is working
[2026-07-08 16:46:59] buffer is less than 5, real size: 0
[2026-07-08 16:46:59] out while is working
[2026-07-08 16:46:59] buffer is less than 5, real size: 0
[2026-07-08 16:46:59] out while is working
[2026-07-08 16:46:59] buffer is less than 5, real size: 0
[2026-07-08 16:46:59] out while is working
[2026-07-08 16:46:59] buffer is less than 5, real size: 1
[2026-07-08 16:46:59] out while is working
[2026-07-08 16:46:59] data_length 14 iseq 68
[2026-07-08 16:46:59] begin switch_method
[2026-07-08 16:46:59] find command id514
[2026-07-08 16:46:59] data_length 17 iseq 69
[2026-07-08 16:46:59] buffer is less than sof_index + frame_length(26), buffer size: b'\xa5\x11\x00E[\x01\x02\t\x01'
[2026-07-08 16:46:59] out while is working
[2026-07-08 16:46:59] data_length 17 iseq 69
[2026-07-08 16:46:59] buffer is less than sof_index + frame_length(26), buffer size: b'\xa5\x11\x00E[\x01\x02\t\x01\x00'
[2026-07-08 16:46:59] out while is working
[2026-07-08 16:46:59] data_length 17 iseq 69
[2026-07-08 16:46:59] begin switch_method
[2026-07-08 16:46:59] find command id513
[2026-07-08 16:46:59] buffer is less than 5, real size: 0
[2026-07-08 16:46:59] out while is working
[2026-07-08 16:46:59] buffer is less than 5, real size: 0
[2026-07-08 16:46:59] out while is working
[2026-07-08 16:46:59] buffer is less than 5, real size: 0
[2026-07-08 16:46:59] out while is working
[2026-07-08 16:46:59] buffer is less than 5, real size: 0
[2026-07-08 16:46:59] out while is working
[2026-07-08 16:46:59] buffer is less than 5, real size: 0
[2026-07-08 16:46:59] out while is working
[2026-07-08 16:46:59] buffer is less than 5, real size: 0
[2026-07-08 16:46:59] out while is working
[2026-07-08 16:46:59] buffer is less than 5, real size: 0
[2026-07-08 16:46:59] out while is working
[2026-07-08 16:46:59] buffer is less than 5, real size: 0
[2026-07-08 16:46:59] out while is working
[2026-07-08 16:46:59] buffer is less than 5, real size: 0
[2026-07-08 16:46:59] out while is working
[2026-07-08 16:46:59] buffer is less than 5, real size: 0
[2026-07-08 16:46:59] out while is working
[2026-07-08 16:46:59] buffer is less than 5, real size: 1
[2026-07-08 16:46:59] out while is working
[2026-07-08 16:46:59] data_length 14 iseq 70
[2026-07-08 16:46:59] begin switch_method
[2026-07-08 16:46:59] find command id514
[2026-07-08 16:46:59] data_length 17 iseq 71
[2026-07-08 16:46:59] buffer is less than sof_index + frame_length(26), buffer size: b'\xa5\x11\x00G\xe7\x01\x02\t\x01'
[2026-07-08 16:46:59] out while is working
[2026-07-08 16:46:59] data_length 17 iseq 71
[2026-07-08 16:46:59] buffer is less than sof_index + frame_length(26), buffer size: b'\xa5\x11\x00G\xe7\x01\x02\t\x01\x00'
[2026-07-08 16:46:59] out while is working
[2026-07-08 16:46:59] data_length 17 iseq 71
[2026-07-08 16:46:59] begin switch_method
[2026-07-08 16:46:59] find command id513
[2026-07-08 16:46:59] buffer is less than 5, real size: 0
[2026-07-08 16:46:59] out while is working
[2026-07-08 16:46:59] buffer is less than 5, real size: 0
[2026-07-08 16:46:59] out while is working
[2026-07-08 16:46:59] buffer is less than 5, real size: 0
[2026-07-08 16:46:59] out while is working
[2026-07-08 16:46:59] buffer is less than 5, real size: 0
[2026-07-08 16:46:59] out while is working
[2026-07-08 16:46:59] buffer is less than 5, real size: 0
[2026-07-08 16:46:59] out while is working
[2026-07-08 16:46:59] buffer is less than 5, real size: 0
[2026-07-08 16:46:59] out while is working
[2026-07-08 16:46:59] buffer is less than 5, real size: 0
[2026-07-08 16:46:59] out while is working
[2026-07-08 16:46:59] buffer is less than 5, real size: 0
[2026-07-08 16:46:59] out while is working
[2026-07-08 16:46:59] buffer is less than 5, real size: 0
[2026-07-08 16:46:59] out while is working
[2026-07-08 16:46:59] buffer is less than 5, real size: 0
[2026-07-08 16:46:59] out while is working
[2026-07-08 16:46:59] buffer is less than 5, real size: 0
[2026-07-08 16:46:59] out while is working
[2026-07-08 16:46:59] buffer is less than 5, real size: 1
[2026-07-08 16:46:59] out while is working
[2026-07-08 16:46:59] data_length 14 iseq 72
[2026-07-08 16:46:59] begin switch_method
[2026-07-08 16:46:59] find command id514
[2026-07-08 16:46:59] data_length 17 iseq 73
[2026-07-08 16:46:59] buffer is less than sof_index + frame_length(26), buffer size: b'\xa5\x11\x00I\xf8\x01\x02\t\x01'
[2026-07-08 16:46:59] out while is working
[2026-07-08 16:46:59] data_length 17 iseq 73
[2026-07-08 16:46:59] buffer is less than sof_index + frame_length(26), buffer size: b'\xa5\x11\x00I\xf8\x01\x02\t\x01\x00'
[2026-07-08 16:46:59] out while is working
[2026-07-08 16:46:59] data_length 17 iseq 73
[2026-07-08 16:46:59] begin switch_method
[2026-07-08 16:46:59] find command id513
[2026-07-08 16:46:59] buffer is less than 5, real size: 0
[2026-07-08 16:46:59] out while is working
[2026-07-08 16:46:59] buffer is less than 5, real size: 0
[2026-07-08 16:46:59] out while is working
[2026-07-08 16:46:59] buffer is less than 5, real size: 0
[2026-07-08 16:46:59] out while is working
[2026-07-08 16:46:59] buffer is less than 5, real size: 0
[2026-07-08 16:46:59] out while is working
[2026-07-08 16:46:59] buffer is less than 5, real size: 0
[2026-07-08 16:46:59] out while is working
[2026-07-08 16:46:59] buffer is less than 5, real size: 0
[2026-07-08 16:46:59] out while is working
[2026-07-08 16:46:59] buffer is less than 5, real size: 0
[2026-07-08 16:46:59] out while is working
[2026-07-08 16:46:59] buffer is less than 5, real size: 0
[2026-07-08 16:46:59] out while is working
[2026-07-08 16:46:59] buffer is less than 5, real size: 0
[2026-07-08 16:46:59] out while is working
[2026-07-08 16:46:59] buffer is less than 5, real size: 0
[2026-07-08 16:46:59] out while is working
[2026-07-08 16:46:59] buffer is less than 5, real size: 1
[2026-07-08 16:46:59] out while is working
[2026-07-08 16:46:59] data_length 14 iseq 74
[2026-07-08 16:46:59] begin switch_method
[2026-07-08 16:46:59] find command id514
[2026-07-08 16:46:59] data_length 17 iseq 75
[2026-07-08 16:46:59] buffer is less than sof_index + frame_length(26), buffer size: b'\xa5\x11\x00KD\x01\x02\t\x01'
[2026-07-08 16:46:59] out while is working
[2026-07-08 16:46:59] data_length 17 iseq 75
[2026-07-08 16:46:59] buffer is less than sof_index + frame_length(26), buffer size: b'\xa5\x11\x00KD\x01\x02\t\x01\x00'
[2026-07-08 16:46:59] out while is working
[2026-07-08 16:46:59] data_length 17 iseq 75
[2026-07-08 16:46:59] begin switch_method
[2026-07-08 16:46:59] find command id513
[2026-07-08 16:46:59] buffer is less than 5, real size: 0
[2026-07-08 16:46:59] out while is working
[2026-07-08 16:46:59] buffer is less than 5, real size: 0
[2026-07-08 16:46:59] out while is working
[2026-07-08 16:46:59] buffer is less than 5, real size: 0
[2026-07-08 16:46:59] out while is working
[2026-07-08 16:46:59] buffer is less than 5, real size: 0
[2026-07-08 16:46:59] out while is working
[2026-07-08 16:46:59] buffer is less than 5, real size: 0
[2026-07-08 16:46:59] out while is working
[2026-07-08 16:46:59] buffer is less than 5, real size: 0
[2026-07-08 16:46:59] out while is working
[2026-07-08 16:46:59] buffer is less than 5, real size: 0
[2026-07-08 16:46:59] out while is working
[2026-07-08 16:46:59] buffer is less than 5, real size: 0
[2026-07-08 16:46:59] out while is working
[2026-07-08 16:46:59] buffer is less than 5, real size: 0
[2026-07-08 16:46:59] out while is working
[2026-07-08 16:46:59] buffer is less than 5, real size: 0
[2026-07-08 16:46:59] out while is working
[2026-07-08 16:46:59] buffer is less than 5, real size: 0
[2026-07-08 16:46:59] out while is working
[2026-07-08 16:46:59] buffer is less than 5, real size: 1
[2026-07-08 16:46:59] out while is working
[2026-07-08 16:46:59] data_length 14 iseq 76
[2026-07-08 16:46:59] begin switch_method
[2026-07-08 16:46:59] find command id514
[2026-07-08 16:46:59] data_length 17 iseq 77
[2026-07-08 16:46:59] buffer is less than sof_index + frame_length(26), buffer size: b'\xa5\x11\x00M\x99\x01\x02\t\x01'
[2026-07-08 16:46:59] out while is working
[2026-07-08 16:46:59] data_length 17 iseq 77
[2026-07-08 16:46:59] buffer is less than sof_index + frame_length(26), buffer size: b'\xa5\x11\x00M\x99\x01\x02\t\x01\x00'
[2026-07-08 16:46:59] out while is working
[2026-07-08 16:46:59] data_length 17 iseq 77
[2026-07-08 16:46:59] begin switch_method
[2026-07-08 16:46:59] find command id513
[2026-07-08 16:46:59] buffer is less than 5, real size: 0
[2026-07-08 16:46:59] out while is working
[2026-07-08 16:46:59] buffer is less than 5, real size: 0
[2026-07-08 16:46:59] out while is working
[2026-07-08 16:46:59] buffer is less than 5, real size: 0
[2026-07-08 16:46:59] out while is working
[2026-07-08 16:46:59] buffer is less than 5, real size: 0
[2026-07-08 16:46:59] out while is working
[2026-07-08 16:46:59] buffer is less than 5, real size: 0
[2026-07-08 16:46:59] out while is working
[2026-07-08 16:46:59] buffer is less than 5, real size: 0
[2026-07-08 16:46:59] out while is working
[2026-07-08 16:46:59] buffer is less than 5, real size: 0
[2026-07-08 16:46:59] out while is working
[2026-07-08 16:46:59] buffer is less than 5, real size: 0
[2026-07-08 16:46:59] out while is working
[2026-07-08 16:46:59] buffer is less than 5, real size: 0
[2026-07-08 16:46:59] out while is working
[2026-07-08 16:46:59] buffer is less than 5, real size: 0
[2026-07-08 16:46:59] out while is working
[2026-07-08 16:46:59] buffer is less than 5, real size: 0
[2026-07-08 16:46:59] out while is working
[2026-07-08 16:46:59] buffer is less than 5, real size: 1
[2026-07-08 16:46:59] out while is working
[2026-07-08 16:46:59] data_length 14 iseq 78
[2026-07-08 16:46:59] begin switch_method
[2026-07-08 16:46:59] find command id514
[2026-07-08 16:46:59] data_length 17 iseq 79
[2026-07-08 16:46:59] buffer is less than sof_index + frame_length(26), buffer size: b'\xa5\x11\x00O%\x01\x02\t\x01'
[2026-07-08 16:46:59] out while is working
[2026-07-08 16:46:59] data_length 17 iseq 79
[2026-07-08 16:46:59] buffer is less than sof_index + frame_length(26), buffer size: b'\xa5\x11\x00O%\x01\x02\t\x01\x00'
[2026-07-08 16:46:59] out while is working
[2026-07-08 16:46:59] data_length 17 iseq 79
[2026-07-08 16:46:59] begin switch_method
[2026-07-08 16:46:59] find command id513
[2026-07-08 16:46:59] buffer is less than 5, real size: 0
[2026-07-08 16:46:59] out while is working
[2026-07-08 16:46:59] buffer is less than 5, real size: 0
[2026-07-08 16:46:59] out while is working
[2026-07-08 16:46:59] buffer is less than 5, real size: 0
[2026-07-08 16:46:59] out while is working
[2026-07-08 16:46:59] buffer is less than 5, real size: 0
[2026-07-08 16:46:59] out while is working
[2026-07-08 16:46:59] buffer is less than 5, real size: 0
[2026-07-08 16:46:59] out while is working
[2026-07-08 16:46:59] buffer is less than 5, real size: 0
[2026-07-08 16:46:59] out while is working
[2026-07-08 16:46:59] buffer is less than 5, real size: 0
[2026-07-08 16:46:59] out while is working
[2026-07-08 16:46:59] buffer is less than 5, real size: 0
[2026-07-08 16:46:59] out while is working
[2026-07-08 16:46:59] buffer is less than 5, real size: 0
[2026-07-08 16:46:59] out while is working
[2026-07-08 16:46:59] buffer is less than 5, real size: 0
[2026-07-08 16:46:59] out while is working
[2026-07-08 16:46:59] buffer is less than 5, real size: 1
[2026-07-08 16:46:59] out while is working
[2026-07-08 16:46:59] data_length 14 iseq 80
[2026-07-08 16:46:59] begin switch_method
[2026-07-08 16:46:59] find command id514
[2026-07-08 16:46:59] data_length 17 iseq 81
[2026-07-08 16:46:59] buffer is less than sof_index + frame_length(26), buffer size: b'\xa5\x11\x00Q\xa7\x01\x02\t\x01'
[2026-07-08 16:46:59] out while is working
[2026-07-08 16:46:59] data_length 17 iseq 81
[2026-07-08 16:46:59] buffer is less than sof_index + frame_length(26), buffer size: b'\xa5\x11\x00Q\xa7\x01\x02\t\x01\x00'
[2026-07-08 16:46:59] out while is working
[2026-07-08 16:46:59] data_length 17 iseq 81
[2026-07-08 16:46:59] begin switch_method
[2026-07-08 16:46:59] find command id513
[2026-07-08 16:46:59] buffer is less than 5, real size: 0
[2026-07-08 16:46:59] out while is working
[2026-07-08 16:46:59] buffer is less than 5, real size: 0
[2026-07-08 16:46:59] out while is working
[2026-07-08 16:46:59] buffer is less than 5, real size: 0
[2026-07-08 16:46:59] out while is working
[2026-07-08 16:46:59] buffer is less than 5, real size: 0
[2026-07-08 16:46:59] out while is working
[2026-07-08 16:46:59] buffer is less than 5, real size: 0
[2026-07-08 16:46:59] out while is working
[2026-07-08 16:46:59] buffer is less than 5, real size: 0
[2026-07-08 16:46:59] out while is working
[2026-07-08 16:46:59] buffer is less than 5, real size: 0
[2026-07-08 16:46:59] out while is working
[2026-07-08 16:46:59] buffer is less than 5, real size: 0
[2026-07-08 16:46:59] out while is working
[2026-07-08 16:46:59] buffer is less than 5, real size: 0
[2026-07-08 16:46:59] out while is working
[2026-07-08 16:46:59] buffer is less than 5, real size: 0
[2026-07-08 16:46:59] out while is working
[2026-07-08 16:46:59] buffer is less than 5, real size: 1
[2026-07-08 16:46:59] out while is working
[2026-07-08 16:46:59] data_length 14 iseq 82
[2026-07-08 16:46:59] begin switch_method
[2026-07-08 16:46:59] find command id514
[2026-07-08 16:46:59] data_length 17 iseq 83
[2026-07-08 16:46:59] buffer is less than sof_index + frame_length(26), buffer size: b'\xa5\x11\x00S\x1b\x01\x02\t\x01'
[2026-07-08 16:46:59] out while is working
[2026-07-08 16:46:59] data_length 17 iseq 83
[2026-07-08 16:46:59] buffer is less than sof_index + frame_length(26), buffer size: b'\xa5\x11\x00S\x1b\x01\x02\t\x01\x00'
[2026-07-08 16:46:59] out while is working
[2026-07-08 16:46:59] data_length 17 iseq 83
[2026-07-08 16:46:59] begin switch_method
[2026-07-08 16:46:59] find command id513
[2026-07-08 16:46:59] buffer is less than 5, real size: 0
[2026-07-08 16:46:59] out while is working
[2026-07-08 16:46:59] buffer is less than 5, real size: 0
[2026-07-08 16:46:59] out while is working
[2026-07-08 16:46:59] buffer is less than 5, real size: 0
[2026-07-08 16:46:59] out while is working
[2026-07-08 16:46:59] buffer is less than 5, real size: 0
[2026-07-08 16:46:59] out while is working
[2026-07-08 16:46:59] buffer is less than 5, real size: 0
[2026-07-08 16:46:59] out while is working
[2026-07-08 16:46:59] buffer is less than 5, real size: 0
[2026-07-08 16:46:59] out while is working
[2026-07-08 16:46:59] buffer is less than 5, real size: 0
[2026-07-08 16:46:59] out while is working
[2026-07-08 16:46:59] buffer is less than 5, real size: 0
[2026-07-08 16:46:59] out while is working
[2026-07-08 16:46:59] buffer is less than 5, real size: 0
[2026-07-08 16:46:59] out while is working
[2026-07-08 16:46:59] buffer is less than 5, real size: 0
[2026-07-08 16:46:59] out while is working
[2026-07-08 16:46:59] buffer is less than 5, real size: 1
[2026-07-08 16:46:59] out while is working
[2026-07-08 16:46:59] data_length 14 iseq 84
[2026-07-08 16:46:59] begin switch_method
[2026-07-08 16:46:59] find command id514
[2026-07-08 16:46:59] data_length 12 iseq 85
[2026-07-08 16:46:59] buffer is less than sof_index + frame_length(21), buffer size: b'\xa5\x0c\x00U\x9c\x03\x02\x00\x00'
[2026-07-08 16:46:59] out while is working
[2026-07-08 16:46:59] data_length 12 iseq 85
[2026-07-08 16:46:59] buffer is less than sof_index + frame_length(21), buffer size: b'\xa5\x0c\x00U\x9c\x03\x02\x00\x00\x00'
[2026-07-08 16:46:59] out while is working
[2026-07-08 16:46:59] data_length 12 iseq 85
[2026-07-08 16:46:59] begin switch_method
[2026-07-08 16:46:59] find command id515
[2026-07-08 16:46:59] data_length 17 iseq 86
[2026-07-08 16:46:59] buffer is less than sof_index + frame_length(26), buffer size: b'\xa5\x11\x00V$\x01\x02\t\x01\x00\x00\x00\x00\x00\x00\x00\x00\x00\x00\x00'
[2026-07-08 16:46:59] out while is working
[2026-07-08 16:46:59] data_length 17 iseq 86
[2026-07-08 16:46:59] buffer is less than sof_index + frame_length(26), buffer size: b'\xa5\x11\x00V$\x01\x02\t\x01\x00\x00\x00\x00\x00\x00\x00\x00\x00\x00\x00\x00'
[2026-07-08 16:46:59] out while is working
[2026-07-08 16:46:59] data_length 17 iseq 86
[2026-07-08 16:46:59] begin switch_method
[2026-07-08 16:46:59] find command id513
[2026-07-08 16:46:59] buffer is less than 5, real size: 0
[2026-07-08 16:46:59] out while is working
[2026-07-08 16:46:59] buffer is less than 5, real size: 0
[2026-07-08 16:46:59] out while is working
[2026-07-08 16:46:59] buffer is less than 5, real size: 0
[2026-07-08 16:46:59] out while is working
[2026-07-08 16:46:59] buffer is less than 5, real size: 0
[2026-07-08 16:46:59] out while is working
[2026-07-08 16:46:59] buffer is less than 5, real size: 0
[2026-07-08 16:46:59] out while is working
[2026-07-08 16:46:59] buffer is less than 5, real size: 0
[2026-07-08 16:46:59] out while is working
[2026-07-08 16:46:59] buffer is less than 5, real size: 0
[2026-07-08 16:46:59] out while is working
[2026-07-08 16:46:59] buffer is less than 5, real size: 0
[2026-07-08 16:46:59] out while is working
[2026-07-08 16:47:00] buffer is less than 5, real size: 0
[2026-07-08 16:47:00] out while is working
[2026-07-08 16:47:00] buffer is less than 5, real size: 0
[2026-07-08 16:47:00] out while is working
[2026-07-08 16:47:00] buffer is less than 5, real size: 0
[2026-07-08 16:47:00] out while is working
[2026-07-08 16:47:00] data_length 14 iseq 87
[2026-07-08 16:47:00] begin switch_method
[2026-07-08 16:47:00] find command id514
[2026-07-08 16:47:00] data_length 17 iseq 88
[2026-07-08 16:47:00] buffer is less than sof_index + frame_length(26), buffer size: b'\xa5\x11\x00X;\x01\x02\t\x01'
[2026-07-08 16:47:00] out while is working
[2026-07-08 16:47:00] data_length 17 iseq 88
[2026-07-08 16:47:00] buffer is less than sof_index + frame_length(26), buffer size: b'\xa5\x11\x00X;\x01\x02\t\x01\x00'
[2026-07-08 16:47:00] out while is working
[2026-07-08 16:47:00] data_length 17 iseq 88
[2026-07-08 16:47:00] begin switch_method
[2026-07-08 16:47:00] find command id513
[2026-07-08 16:47:00] buffer is less than 5, real size: 0
[2026-07-08 16:47:00] out while is working
[2026-07-08 16:47:00] buffer is less than 5, real size: 0
[2026-07-08 16:47:00] out while is working
[2026-07-08 16:47:00] buffer is less than 5, real size: 0
[2026-07-08 16:47:00] out while is working
[2026-07-08 16:47:00] buffer is less than 5, real size: 0
[2026-07-08 16:47:00] out while is working
[2026-07-08 16:47:00] buffer is less than 5, real size: 0
[2026-07-08 16:47:00] out while is working
[2026-07-08 16:47:00] buffer is less than 5, real size: 0
[2026-07-08 16:47:00] out while is working
[2026-07-08 16:47:00] buffer is less than 5, real size: 0
[2026-07-08 16:47:00] out while is working
[2026-07-08 16:47:00] buffer is less than 5, real size: 0
[2026-07-08 16:47:00] out while is working
[2026-07-08 16:47:00] buffer is less than 5, real size: 0
[2026-07-08 16:47:00] out while is working
[2026-07-08 16:47:00] buffer is less than 5, real size: 0
[2026-07-08 16:47:00] out while is working
[2026-07-08 16:47:00] buffer is less than 5, real size: 1
[2026-07-08 16:47:00] out while is working
[2026-07-08 16:47:00] data_length 14 iseq 89
[2026-07-08 16:47:00] begin switch_method
[2026-07-08 16:47:00] find command id514
[2026-07-08 16:47:00] data_length 17 iseq 90
[2026-07-08 16:47:00] buffer is less than sof_index + frame_length(26), buffer size: b'\xa5\x11\x00Z\x87\x01\x02\t\x01'
[2026-07-08 16:47:00] out while is working
[2026-07-08 16:47:00] data_length 17 iseq 90
[2026-07-08 16:47:00] buffer is less than sof_index + frame_length(26), buffer size: b'\xa5\x11\x00Z\x87\x01\x02\t\x01\x00'
[2026-07-08 16:47:00] out while is working
[2026-07-08 16:47:00] data_length 17 iseq 90
[2026-07-08 16:47:00] begin switch_method
[2026-07-08 16:47:00] find command id513
[2026-07-08 16:47:00] buffer is less than 5, real size: 0
[2026-07-08 16:47:00] out while is working
[2026-07-08 16:47:00] buffer is less than 5, real size: 0
[2026-07-08 16:47:00] out while is working
[2026-07-08 16:47:00] buffer is less than 5, real size: 0
[2026-07-08 16:47:00] out while is working
[2026-07-08 16:47:00] buffer is less than 5, real size: 0
[2026-07-08 16:47:00] out while is working
[2026-07-08 16:47:00] buffer is less than 5, real size: 0
[2026-07-08 16:47:00] out while is working
[2026-07-08 16:47:00] buffer is less than 5, real size: 0
[2026-07-08 16:47:00] out while is working
[2026-07-08 16:47:00] buffer is less than 5, real size: 0
[2026-07-08 16:47:00] out while is working
[2026-07-08 16:47:00] buffer is less than 5, real size: 0
[2026-07-08 16:47:00] out while is working
[2026-07-08 16:47:00] buffer is less than 5, real size: 0
[2026-07-08 16:47:00] out while is working
[2026-07-08 16:47:00] buffer is less than 5, real size: 0
[2026-07-08 16:47:00] out while is working
[2026-07-08 16:47:00] buffer is less than 5, real size: 1
[2026-07-08 16:47:00] out while is working
[2026-07-08 16:47:00] data_length 14 iseq 91
[2026-07-08 16:47:00] begin switch_method
[2026-07-08 16:47:00] find command id514
[2026-07-08 16:47:00] data_length 17 iseq 92
[2026-07-08 16:47:00] buffer is less than sof_index + frame_length(26), buffer size: b'\xa5\x11\x00\\Z\x01\x02\t\x01'
[2026-07-08 16:47:00] out while is working
[2026-07-08 16:47:00] data_length 17 iseq 92
[2026-07-08 16:47:00] buffer is less than sof_index + frame_length(26), buffer size: b'\xa5\x11\x00\\Z\x01\x02\t\x01\x00'
[2026-07-08 16:47:00] out while is working
[2026-07-08 16:47:00] data_length 17 iseq 92
[2026-07-08 16:47:00] begin switch_method
[2026-07-08 16:47:00] find command id513
[2026-07-08 16:47:00] buffer is less than 5, real size: 0
[2026-07-08 16:47:00] out while is working
[2026-07-08 16:47:00] buffer is less than 5, real size: 0
[2026-07-08 16:47:00] out while is working
[2026-07-08 16:47:00] buffer is less than 5, real size: 0
[2026-07-08 16:47:00] out while is working
[2026-07-08 16:47:00] buffer is less than 5, real size: 0
[2026-07-08 16:47:00] out while is working
[2026-07-08 16:47:00] buffer is less than 5, real size: 0
[2026-07-08 16:47:00] out while is working
[2026-07-08 16:47:00] buffer is less than 5, real size: 0
[2026-07-08 16:47:00] out while is working
[2026-07-08 16:47:00] buffer is less than 5, real size: 0
[2026-07-08 16:47:00] out while is working
[2026-07-08 16:47:00] buffer is less than 5, real size: 0
[2026-07-08 16:47:00] out while is working
[2026-07-08 16:47:00] buffer is less than 5, real size: 0
[2026-07-08 16:47:00] out while is working
[2026-07-08 16:47:00] buffer is less than 5, real size: 0
[2026-07-08 16:47:00] out while is working
[2026-07-08 16:47:00] buffer is less than 5, real size: 1
[2026-07-08 16:47:00] out while is working
[2026-07-08 16:47:00] data_length 14 iseq 93
[2026-07-08 16:47:00] begin switch_method
[2026-07-08 16:47:00] find command id514
[2026-07-08 16:47:00] data_length 17 iseq 94
[2026-07-08 16:47:00] buffer is less than sof_index + frame_length(26), buffer size: b'\xa5\x11\x00^\xe6\x01\x02\t\x01'
[2026-07-08 16:47:00] out while is working
[2026-07-08 16:47:00] data_length 17 iseq 94
[2026-07-08 16:47:00] buffer is less than sof_index + frame_length(26), buffer size: b'\xa5\x11\x00^\xe6\x01\x02\t\x01\x00'
[2026-07-08 16:47:00] out while is working
[2026-07-08 16:47:00] data_length 17 iseq 94
[2026-07-08 16:47:00] begin switch_method
[2026-07-08 16:47:00] find command id513
[2026-07-08 16:47:00] buffer is less than 5, real size: 0
[2026-07-08 16:47:00] out while is working
[2026-07-08 16:47:00] buffer is less than 5, real size: 0
[2026-07-08 16:47:00] out while is working
[2026-07-08 16:47:00] buffer is less than 5, real size: 0
[2026-07-08 16:47:00] out while is working
[2026-07-08 16:47:00] buffer is less than 5, real size: 0
[2026-07-08 16:47:00] out while is working
[2026-07-08 16:47:00] buffer is less than 5, real size: 0
[2026-07-08 16:47:00] out while is working
[2026-07-08 16:47:00] buffer is less than 5, real size: 0
[2026-07-08 16:47:00] out while is working
[2026-07-08 16:47:00] buffer is less than 5, real size: 0
[2026-07-08 16:47:00] out while is working
[2026-07-08 16:47:00] buffer is less than 5, real size: 0
[2026-07-08 16:47:00] out while is working
[2026-07-08 16:47:00] buffer is less than 5, real size: 0
[2026-07-08 16:47:00] out while is working
[2026-07-08 16:47:00] buffer is less than 5, real size: 0
[2026-07-08 16:47:00] out while is working
[2026-07-08 16:47:00] buffer is less than 5, real size: 1
[2026-07-08 16:47:00] out while is working
[2026-07-08 16:47:00] data_length 14 iseq 95
[2026-07-08 16:47:00] begin switch_method
[2026-07-08 16:47:00] find command id514
[2026-07-08 16:47:00] data_length 17 iseq 96
[2026-07-08 16:47:00] buffer is less than sof_index + frame_length(26), buffer size: b'\xa5\x11\x00`G\x01\x02\t\x01'
[2026-07-08 16:47:00] out while is working
[2026-07-08 16:47:00] data_length 17 iseq 96
[2026-07-08 16:47:00] buffer is less than sof_index + frame_length(26), buffer size: b'\xa5\x11\x00`G\x01\x02\t\x01\x00'
[2026-07-08 16:47:00] out while is working
[2026-07-08 16:47:00] data_length 17 iseq 96
[2026-07-08 16:47:00] begin switch_method
[2026-07-08 16:47:00] find command id513
[2026-07-08 16:47:00] buffer is less than 5, real size: 0
[2026-07-08 16:47:00] out while is working
[2026-07-08 16:47:00] buffer is less than 5, real size: 0
[2026-07-08 16:47:00] out while is working
[2026-07-08 16:47:00] buffer is less than 5, real size: 0
[2026-07-08 16:47:00] out while is working
[2026-07-08 16:47:00] buffer is less than 5, real size: 0
[2026-07-08 16:47:00] out while is working
[2026-07-08 16:47:00] buffer is less than 5, real size: 0
[2026-07-08 16:47:00] out while is working
[2026-07-08 16:47:00] buffer is less than 5, real size: 0
[2026-07-08 16:47:00] out while is working
[2026-07-08 16:47:00] buffer is less than 5, real size: 0
[2026-07-08 16:47:00] out while is working
[2026-07-08 16:47:00] buffer is less than 5, real size: 0
[2026-07-08 16:47:00] out while is working
[2026-07-08 16:47:00] buffer is less than 5, real size: 0
[2026-07-08 16:47:00] out while is working
[2026-07-08 16:47:00] buffer is less than 5, real size: 0
[2026-07-08 16:47:00] out while is working
[2026-07-08 16:47:00] buffer is less than 5, real size: 0
[2026-07-08 16:47:00] out while is working
[2026-07-08 16:47:00] buffer is less than 5, real size: 1
[2026-07-08 16:47:00] out while is working
[2026-07-08 16:47:00] data_length 14 iseq 97
[2026-07-08 16:47:00] begin switch_method
[2026-07-08 16:47:00] find command id514
[2026-07-08 16:47:00] data_length 17 iseq 98
[2026-07-08 16:47:00] buffer is less than sof_index + frame_length(26), buffer size: b'\xa5\x11\x00b\xfb\x01\x02\t\x01'
[2026-07-08 16:47:00] out while is working
[2026-07-08 16:47:00] data_length 17 iseq 98
[2026-07-08 16:47:00] buffer is less than sof_index + frame_length(26), buffer size: b'\xa5\x11\x00b\xfb\x01\x02\t\x01\x00'
[2026-07-08 16:47:00] out while is working
[2026-07-08 16:47:00] data_length 17 iseq 98
[2026-07-08 16:47:00] begin switch_method
[2026-07-08 16:47:00] find command id513
[2026-07-08 16:47:00] buffer is less than 5, real size: 0
[2026-07-08 16:47:00] out while is working
[2026-07-08 16:47:00] buffer is less than 5, real size: 0
[2026-07-08 16:47:00] out while is working
[2026-07-08 16:47:00] buffer is less than 5, real size: 0
[2026-07-08 16:47:00] out while is working
[2026-07-08 16:47:00] buffer is less than 5, real size: 0
[2026-07-08 16:47:00] out while is working
[2026-07-08 16:47:00] buffer is less than 5, real size: 0
[2026-07-08 16:47:00] out while is working
[2026-07-08 16:47:00] buffer is less than 5, real size: 0
[2026-07-08 16:47:00] out while is working
[2026-07-08 16:47:00] buffer is less than 5, real size: 0
[2026-07-08 16:47:00] out while is working
[2026-07-08 16:47:00] buffer is less than 5, real size: 0
[2026-07-08 16:47:00] out while is working
[2026-07-08 16:47:00] buffer is less than 5, real size: 0
[2026-07-08 16:47:00] out while is working
[2026-07-08 16:47:00] buffer is less than 5, real size: 0
[2026-07-08 16:47:00] out while is working
[2026-07-08 16:47:00] buffer is less than 5, real size: 0
[2026-07-08 16:47:00] out while is working
[2026-07-08 16:47:00] buffer is less than 5, real size: 1
[2026-07-08 16:47:00] out while is working
[2026-07-08 16:47:00] data_length 14 iseq 99
[2026-07-08 16:47:00] begin switch_method
[2026-07-08 16:47:00] find command id514
[2026-07-08 16:47:00] data_length 17 iseq 100
[2026-07-08 16:47:00] buffer is less than sof_index + frame_length(26), buffer size: b'\xa5\x11\x00d&\x01\x02\t\x01'
[2026-07-08 16:47:00] out while is working
[2026-07-08 16:47:00] data_length 17 iseq 100
[2026-07-08 16:47:00] buffer is less than sof_index + frame_length(26), buffer size: b'\xa5\x11\x00d&\x01\x02\t\x01\x00'
[2026-07-08 16:47:00] out while is working
[2026-07-08 16:47:00] data_length 17 iseq 100
[2026-07-08 16:47:00] begin switch_method
[2026-07-08 16:47:00] find command id513
[2026-07-08 16:47:00] buffer is less than 5, real size: 0
[2026-07-08 16:47:00] out while is working
[2026-07-08 16:47:00] buffer is less than 5, real size: 0
[2026-07-08 16:47:00] out while is working
[2026-07-08 16:47:00] buffer is less than 5, real size: 0
[2026-07-08 16:47:00] out while is working
[2026-07-08 16:47:00] buffer is less than 5, real size: 0
[2026-07-08 16:47:00] out while is working
[2026-07-08 16:47:00] buffer is less than 5, real size: 0
[2026-07-08 16:47:00] out while is working
[2026-07-08 16:47:00] buffer is less than 5, real size: 0
[2026-07-08 16:47:00] out while is working
[2026-07-08 16:47:00] buffer is less than 5, real size: 0
[2026-07-08 16:47:00] out while is working
[2026-07-08 16:47:00] buffer is less than 5, real size: 0
[2026-07-08 16:47:00] out while is working
[2026-07-08 16:47:00] buffer is less than 5, real size: 0
[2026-07-08 16:47:00] out while is working
[2026-07-08 16:47:00] buffer is less than 5, real size: 0
[2026-07-08 16:47:00] out while is working
[2026-07-08 16:47:00] buffer is less than 5, real size: 1
[2026-07-08 16:47:00] out while is working
[2026-07-08 16:47:00] data_length 14 iseq 101
[2026-07-08 16:47:00] begin switch_method
[2026-07-08 16:47:00] find command id514
[2026-07-08 16:47:00] data_length 17 iseq 102
[2026-07-08 16:47:00] buffer is less than sof_index + frame_length(26), buffer size: b'\xa5\x11\x00f\x9a\x01\x02\t\x01'
[2026-07-08 16:47:00] out while is working
[2026-07-08 16:47:00] data_length 17 iseq 102
[2026-07-08 16:47:00] buffer is less than sof_index + frame_length(26), buffer size: b'\xa5\x11\x00f\x9a\x01\x02\t\x01\x00'
[2026-07-08 16:47:00] out while is working
[2026-07-08 16:47:00] data_length 17 iseq 102
[2026-07-08 16:47:00] begin switch_method
[2026-07-08 16:47:00] find command id513
[2026-07-08 16:47:00] buffer is less than 5, real size: 0
[2026-07-08 16:47:00] out while is working
[2026-07-08 16:47:00] buffer is less than 5, real size: 0
[2026-07-08 16:47:00] out while is working
[2026-07-08 16:47:00] buffer is less than 5, real size: 0
[2026-07-08 16:47:00] out while is working
[2026-07-08 16:47:00] buffer is less than 5, real size: 0
[2026-07-08 16:47:00] out while is working
[2026-07-08 16:47:00] buffer is less than 5, real size: 0
[2026-07-08 16:47:00] out while is working
[2026-07-08 16:47:00] buffer is less than 5, real size: 0
[2026-07-08 16:47:00] out while is working
[2026-07-08 16:47:00] buffer is less than 5, real size: 0
[2026-07-08 16:47:00] out while is working
[2026-07-08 16:47:00] buffer is less than 5, real size: 0
[2026-07-08 16:47:00] out while is working
[2026-07-08 16:47:00] buffer is less than 5, real size: 0
[2026-07-08 16:47:00] out while is working
[2026-07-08 16:47:00] buffer is less than 5, real size: 0
[2026-07-08 16:47:00] out while is working
[2026-07-08 16:47:00] buffer is less than 5, real size: 1
[2026-07-08 16:47:00] out while is working
[2026-07-08 16:47:00] data_length 14 iseq 103
[2026-07-08 16:47:00] begin switch_method
[2026-07-08 16:47:00] find command id514
[2026-07-08 16:47:00] data_length 17 iseq 104
[2026-07-08 16:47:00] buffer is less than sof_index + frame_length(26), buffer size: b'\xa5\x11\x00h\x85\x01\x02\t\x01'
[2026-07-08 16:47:00] out while is working
[2026-07-08 16:47:00] data_length 17 iseq 104
[2026-07-08 16:47:00] buffer is less than sof_index + frame_length(26), buffer size: b'\xa5\x11\x00h\x85\x01\x02\t\x01\x00'
[2026-07-08 16:47:00] out while is working
[2026-07-08 16:47:00] data_length 17 iseq 104
[2026-07-08 16:47:00] begin switch_method
[2026-07-08 16:47:00] find command id513
[2026-07-08 16:47:00] buffer is less than 5, real size: 0
[2026-07-08 16:47:00] out while is working
[2026-07-08 16:47:00] buffer is less than 5, real size: 0
[2026-07-08 16:47:00] out while is working
[2026-07-08 16:47:00] buffer is less than 5, real size: 0
[2026-07-08 16:47:00] out while is working
[2026-07-08 16:47:00] buffer is less than 5, real size: 0
[2026-07-08 16:47:00] out while is working
[2026-07-08 16:47:00] buffer is less than 5, real size: 0
[2026-07-08 16:47:00] out while is working
[2026-07-08 16:47:00] buffer is less than 5, real size: 0
[2026-07-08 16:47:00] out while is working
[2026-07-08 16:47:00] buffer is less than 5, real size: 0
[2026-07-08 16:47:00] out while is working
[2026-07-08 16:47:00] buffer is less than 5, real size: 0
[2026-07-08 16:47:00] out while is working
[2026-07-08 16:47:00] buffer is less than 5, real size: 0
[2026-07-08 16:47:00] out while is working
[2026-07-08 16:47:00] buffer is less than 5, real size: 0
[2026-07-08 16:47:00] out while is working
[2026-07-08 16:47:00] buffer is less than 5, real size: 1
[2026-07-08 16:47:00] out while is working
[2026-07-08 16:47:00] data_length 14 iseq 105
[2026-07-08 16:47:00] begin switch_method
[2026-07-08 16:47:00] find command id514
[2026-07-08 16:47:00] data_length 12 iseq 106
[2026-07-08 16:47:00] buffer is less than sof_index + frame_length(21), buffer size: b'\xa5\x0c\x00jc\x03\x02\x00\x00'
[2026-07-08 16:47:00] out while is working
[2026-07-08 16:47:00] data_length 12 iseq 106
[2026-07-08 16:47:00] buffer is less than sof_index + frame_length(21), buffer size: b'\xa5\x0c\x00jc\x03\x02\x00\x00\x00'
[2026-07-08 16:47:00] out while is working
[2026-07-08 16:47:00] data_length 12 iseq 106
[2026-07-08 16:47:00] begin switch_method
[2026-07-08 16:47:00] find command id515
[2026-07-08 16:47:00] data_length 17 iseq 107
[2026-07-08 16:47:00] buffer is less than sof_index + frame_length(26), buffer size: b'\xa5\x11\x00kg\x01\x02\t\x01\x00\x00\x00\x00\x00\x00\x00\x00\x00\x00\x00'
[2026-07-08 16:47:00] out while is working
[2026-07-08 16:47:00] data_length 17 iseq 107
[2026-07-08 16:47:00] buffer is less than sof_index + frame_length(26), buffer size: b'\xa5\x11\x00kg\x01\x02\t\x01\x00\x00\x00\x00\x00\x00\x00\x00\x00\x00\x00\x00'
[2026-07-08 16:47:00] out while is working
[2026-07-08 16:47:00] data_length 17 iseq 107
[2026-07-08 16:47:00] begin switch_method
[2026-07-08 16:47:00] find command id513
[2026-07-08 16:47:00] buffer is less than 5, real size: 0
[2026-07-08 16:47:00] out while is working
[2026-07-08 16:47:00] buffer is less than 5, real size: 0
[2026-07-08 16:47:00] out while is working
[2026-07-08 16:47:00] buffer is less than 5, real size: 0
[2026-07-08 16:47:00] out while is working
[2026-07-08 16:47:00] buffer is less than 5, real size: 0
[2026-07-08 16:47:00] out while is working
[2026-07-08 16:47:01] buffer is less than 5, real size: 0
[2026-07-08 16:47:01] out while is working
[2026-07-08 16:47:01] buffer is less than 5, real size: 0
[2026-07-08 16:47:01] out while is working
[2026-07-08 16:47:01] buffer is less than 5, real size: 0
[2026-07-08 16:47:01] out while is working
[2026-07-08 16:47:01] buffer is less than 5, real size: 0
[2026-07-08 16:47:01] out while is working
[2026-07-08 16:47:01] buffer is less than 5, real size: 0
[2026-07-08 16:47:01] out while is working
[2026-07-08 16:47:01] buffer is less than 5, real size: 0
[2026-07-08 16:47:01] out while is working
[2026-07-08 16:47:01] buffer is less than 5, real size: 0
[2026-07-08 16:47:01] out while is working
[2026-07-08 16:47:01] buffer is less than 5, real size: 1
[2026-07-08 16:47:01] out while is working
[2026-07-08 16:47:01] data_length 14 iseq 108
[2026-07-08 16:47:01] begin switch_method
[2026-07-08 16:47:01] find command id514
[2026-07-08 16:47:01] data_length 17 iseq 109
[2026-07-08 16:47:01] buffer is less than sof_index + frame_length(26), buffer size: b'\xa5\x11\x00m\xba\x01\x02\t\x01'
[2026-07-08 16:47:01] out while is working
[2026-07-08 16:47:01] data_length 17 iseq 109
[2026-07-08 16:47:01] buffer is less than sof_index + frame_length(26), buffer size: b'\xa5\x11\x00m\xba\x01\x02\t\x01\x00'
[2026-07-08 16:47:01] out while is working
[2026-07-08 16:47:01] data_length 17 iseq 109
[2026-07-08 16:47:01] begin switch_method
[2026-07-08 16:47:01] find command id513
[2026-07-08 16:47:01] buffer is less than 5, real size: 0
[2026-07-08 16:47:01] out while is working
[2026-07-08 16:47:01] buffer is less than 5, real size: 0
[2026-07-08 16:47:01] out while is working
[2026-07-08 16:47:01] buffer is less than 5, real size: 0
[2026-07-08 16:47:01] out while is working
[2026-07-08 16:47:01] buffer is less than 5, real size: 0
[2026-07-08 16:47:01] out while is working
[2026-07-08 16:47:01] buffer is less than 5, real size: 0
[2026-07-08 16:47:01] out while is working
[2026-07-08 16:47:01] buffer is less than 5, real size: 0
[2026-07-08 16:47:01] out while is working
[2026-07-08 16:47:01] buffer is less than 5, real size: 0
[2026-07-08 16:47:01] out while is working
[2026-07-08 16:47:01] buffer is less than 5, real size: 0
[2026-07-08 16:47:01] out while is working
[2026-07-08 16:47:01] buffer is less than 5, real size: 0
[2026-07-08 16:47:01] out while is working
[2026-07-08 16:47:01] buffer is less than 5, real size: 0
[2026-07-08 16:47:01] out while is working
[2026-07-08 16:47:01] buffer is less than 5, real size: 0
[2026-07-08 16:47:01] out while is working
[2026-07-08 16:47:01] buffer is less than 5, real size: 1
[2026-07-08 16:47:01] out while is working
[2026-07-08 16:47:01] data_length 14 iseq 110
[2026-07-08 16:47:01] begin switch_method
[2026-07-08 16:47:01] find command id514
[2026-07-08 16:47:01] data_length 17 iseq 111
[2026-07-08 16:47:01] buffer is less than sof_index + frame_length(26), buffer size: b'\xa5\x11\x00o\x06\x01\x02\t\x01'
[2026-07-08 16:47:01] out while is working
[2026-07-08 16:47:01] data_length 17 iseq 111
[2026-07-08 16:47:01] buffer is less than sof_index + frame_length(26), buffer size: b'\xa5\x11\x00o\x06\x01\x02\t\x01\x00'
[2026-07-08 16:47:01] out while is working
[2026-07-08 16:47:01] data_length 17 iseq 111
[2026-07-08 16:47:01] begin switch_method
[2026-07-08 16:47:01] find command id513
[2026-07-08 16:47:01] buffer is less than 5, real size: 0
[2026-07-08 16:47:01] out while is working
[2026-07-08 16:47:01] buffer is less than 5, real size: 0
[2026-07-08 16:47:01] out while is working
[2026-07-08 16:47:01] buffer is less than 5, real size: 0
[2026-07-08 16:47:01] out while is working
[2026-07-08 16:47:01] buffer is less than 5, real size: 0
[2026-07-08 16:47:01] out while is working
[2026-07-08 16:47:01] buffer is less than 5, real size: 0
[2026-07-08 16:47:01] out while is working
[2026-07-08 16:47:01] buffer is less than 5, real size: 0
[2026-07-08 16:47:01] out while is working
[2026-07-08 16:47:01] buffer is less than 5, real size: 0
[2026-07-08 16:47:01] out while is working
[2026-07-08 16:47:01] buffer is less than 5, real size: 0
[2026-07-08 16:47:01] out while is working
[2026-07-08 16:47:01] buffer is less than 5, real size: 0
[2026-07-08 16:47:01] out while is working
[2026-07-08 16:47:01] buffer is less than 5, real size: 0
[2026-07-08 16:47:01] out while is working
[2026-07-08 16:47:01] buffer is less than 5, real size: 1
[2026-07-08 16:47:01] out while is working
[2026-07-08 16:47:01] data_length 14 iseq 112
[2026-07-08 16:47:01] begin switch_method
[2026-07-08 16:47:01] find command id514
[2026-07-08 16:47:01] data_length 17 iseq 113
[2026-07-08 16:47:01] buffer is less than sof_index + frame_length(26), buffer size: b'\xa5\x11\x00q\x84\x01\x02\t\x01'
[2026-07-08 16:47:01] out while is working
[2026-07-08 16:47:01] data_length 17 iseq 113
[2026-07-08 16:47:01] buffer is less than sof_index + frame_length(26), buffer size: b'\xa5\x11\x00q\x84\x01\x02\t\x01\x00'
[2026-07-08 16:47:01] out while is working
[2026-07-08 16:47:01] data_length 17 iseq 113
[2026-07-08 16:47:01] begin switch_method
[2026-07-08 16:47:01] find command id513
[2026-07-08 16:47:01] buffer is less than 5, real size: 0
[2026-07-08 16:47:01] out while is working
[2026-07-08 16:47:01] buffer is less than 5, real size: 0
[2026-07-08 16:47:01] out while is working
[2026-07-08 16:47:01] buffer is less than 5, real size: 0
[2026-07-08 16:47:01] out while is working
[2026-07-08 16:47:01] buffer is less than 5, real size: 0
[2026-07-08 16:47:01] out while is working
[2026-07-08 16:47:01] buffer is less than 5, real size: 0
[2026-07-08 16:47:01] out while is working
[2026-07-08 16:47:01] buffer is less than 5, real size: 0
[2026-07-08 16:47:01] out while is working
[2026-07-08 16:47:01] buffer is less than 5, real size: 0
[2026-07-08 16:47:01] out while is working
[2026-07-08 16:47:01] buffer is less than 5, real size: 0
[2026-07-08 16:47:01] out while is working
[2026-07-08 16:47:01] buffer is less than 5, real size: 0
[2026-07-08 16:47:01] out while is working
[2026-07-08 16:47:01] buffer is less than 5, real size: 0
[2026-07-08 16:47:01] out while is working
[2026-07-08 16:47:01] buffer is less than 5, real size: 1
[2026-07-08 16:47:01] out while is working
[2026-07-08 16:47:01] data_length 14 iseq 114
[2026-07-08 16:47:01] begin switch_method
[2026-07-08 16:47:01] find command id514
[2026-07-08 16:47:01] data_length 17 iseq 115
[2026-07-08 16:47:01] buffer is less than sof_index + frame_length(26), buffer size: b'\xa5\x11\x00s8\x01\x02\t\x01'
[2026-07-08 16:47:01] out while is working
[2026-07-08 16:47:01] data_length 17 iseq 115
[2026-07-08 16:47:01] buffer is less than sof_index + frame_length(26), buffer size: b'\xa5\x11\x00s8\x01\x02\t\x01\x00'
[2026-07-08 16:47:01] out while is working
[2026-07-08 16:47:01] data_length 17 iseq 115
[2026-07-08 16:47:01] begin switch_method
[2026-07-08 16:47:01] find command id513
[2026-07-08 16:47:01] buffer is less than 5, real size: 0
[2026-07-08 16:47:01] out while is working
[2026-07-08 16:47:01] buffer is less than 5, real size: 0
[2026-07-08 16:47:01] out while is working
[2026-07-08 16:47:01] buffer is less than 5, real size: 0
[2026-07-08 16:47:01] out while is working
[2026-07-08 16:47:01] buffer is less than 5, real size: 0
[2026-07-08 16:47:01] out while is working
[2026-07-08 16:47:01] buffer is less than 5, real size: 0
[2026-07-08 16:47:01] out while is working
[2026-07-08 16:47:01] buffer is less than 5, real size: 0
[2026-07-08 16:47:01] out while is working
[2026-07-08 16:47:01] buffer is less than 5, real size: 0
[2026-07-08 16:47:01] out while is working
[2026-07-08 16:47:01] buffer is less than 5, real size: 0
[2026-07-08 16:47:01] out while is working
[2026-07-08 16:47:01] buffer is less than 5, real size: 0
[2026-07-08 16:47:01] out while is working
[2026-07-08 16:47:01] buffer is less than 5, real size: 0
[2026-07-08 16:47:01] out while is working
[2026-07-08 16:47:01] buffer is less than 5, real size: 1
[2026-07-08 16:47:01] out while is working
[2026-07-08 16:47:01] data_length 14 iseq 116
[2026-07-08 16:47:01] begin switch_method
[2026-07-08 16:47:01] find command id514
[2026-07-08 16:47:01] data_length 17 iseq 117
[2026-07-08 16:47:01] buffer is less than sof_index + frame_length(26), buffer size: b'\xa5\x11\x00u\xe5\x01\x02\t\x01'
[2026-07-08 16:47:01] out while is working
[2026-07-08 16:47:01] data_length 17 iseq 117
[2026-07-08 16:47:01] buffer is less than sof_index + frame_length(26), buffer size: b'\xa5\x11\x00u\xe5\x01\x02\t\x01\x00'
[2026-07-08 16:47:01] out while is working
[2026-07-08 16:47:01] data_length 17 iseq 117
[2026-07-08 16:47:01] begin switch_method
[2026-07-08 16:47:01] find command id513
[2026-07-08 16:47:01] buffer is less than 5, real size: 0
[2026-07-08 16:47:01] out while is working
[2026-07-08 16:47:01] buffer is less than 5, real size: 0
[2026-07-08 16:47:01] out while is working
[2026-07-08 16:47:01] buffer is less than 5, real size: 0
[2026-07-08 16:47:01] out while is working
[2026-07-08 16:47:01] buffer is less than 5, real size: 0
[2026-07-08 16:47:01] out while is working
[2026-07-08 16:47:01] buffer is less than 5, real size: 0
[2026-07-08 16:47:01] out while is working
[2026-07-08 16:47:01] buffer is less than 5, real size: 0
[2026-07-08 16:47:01] out while is working
[2026-07-08 16:47:01] buffer is less than 5, real size: 0
[2026-07-08 16:47:01] out while is working
[2026-07-08 16:47:01] buffer is less than 5, real size: 0
[2026-07-08 16:47:01] out while is working
[2026-07-08 16:47:01] buffer is less than 5, real size: 0
[2026-07-08 16:47:01] out while is working
[2026-07-08 16:47:01] buffer is less than 5, real size: 0
[2026-07-08 16:47:01] out while is working
[2026-07-08 16:47:01] buffer is less than 5, real size: 1
[2026-07-08 16:47:01] out while is working
[2026-07-08 16:47:01] data_length 14 iseq 118
[2026-07-08 16:47:01] begin switch_method
[2026-07-08 16:47:01] find command id514
[2026-07-08 16:47:01] data_length 17 iseq 119
[2026-07-08 16:47:01] buffer is less than sof_index + frame_length(26), buffer size: b'\xa5\x11\x00wY\x01\x02\t\x01'
[2026-07-08 16:47:01] out while is working
[2026-07-08 16:47:01] data_length 17 iseq 119
[2026-07-08 16:47:01] buffer is less than sof_index + frame_length(26), buffer size: b'\xa5\x11\x00wY\x01\x02\t\x01\x00'
[2026-07-08 16:47:01] out while is working
[2026-07-08 16:47:01] data_length 17 iseq 119
[2026-07-08 16:47:01] begin switch_method
[2026-07-08 16:47:01] find command id513
[2026-07-08 16:47:01] buffer is less than 5, real size: 0
[2026-07-08 16:47:01] out while is working
[2026-07-08 16:47:01] buffer is less than 5, real size: 0
[2026-07-08 16:47:01] out while is working
[2026-07-08 16:47:01] buffer is less than 5, real size: 0
[2026-07-08 16:47:01] out while is working
[2026-07-08 16:47:01] buffer is less than 5, real size: 0
[2026-07-08 16:47:01] out while is working
[2026-07-08 16:47:01] buffer is less than 5, real size: 0
[2026-07-08 16:47:01] out while is working
[2026-07-08 16:47:01] buffer is less than 5, real size: 0
[2026-07-08 16:47:01] out while is working
[2026-07-08 16:47:01] buffer is less than 5, real size: 0
[2026-07-08 16:47:01] out while is working
[2026-07-08 16:47:01] buffer is less than 5, real size: 0
[2026-07-08 16:47:01] out while is working
[2026-07-08 16:47:01] buffer is less than 5, real size: 0
[2026-07-08 16:47:01] out while is working
[2026-07-08 16:47:01] buffer is less than 5, real size: 0
[2026-07-08 16:47:01] out while is working
[2026-07-08 16:47:01] buffer is less than 5, real size: 0
[2026-07-08 16:47:01] out while is working
[2026-07-08 16:47:01] buffer is less than 5, real size: 1
[2026-07-08 16:47:01] out while is working
[2026-07-08 16:47:01] data_length 14 iseq 120
[2026-07-08 16:47:01] begin switch_method
[2026-07-08 16:47:01] find command id514
[2026-07-08 16:47:01] data_length 17 iseq 121
[2026-07-08 16:47:01] buffer is less than sof_index + frame_length(26), buffer size: b'\xa5\x11\x00yF\x01\x02\t\x01'
[2026-07-08 16:47:01] out while is working
[2026-07-08 16:47:01] data_length 17 iseq 121
[2026-07-08 16:47:01] buffer is less than sof_index + frame_length(26), buffer size: b'\xa5\x11\x00yF\x01\x02\t\x01\x00'
[2026-07-08 16:47:01] out while is working
[2026-07-08 16:47:01] data_length 17 iseq 121
[2026-07-08 16:47:01] begin switch_method
[2026-07-08 16:47:01] find command id513
[2026-07-08 16:47:01] buffer is less than 5, real size: 0
[2026-07-08 16:47:01] out while is working
[2026-07-08 16:47:01] buffer is less than 5, real size: 0
[2026-07-08 16:47:01] out while is working
[2026-07-08 16:47:01] buffer is less than 5, real size: 0
[2026-07-08 16:47:01] out while is working
[2026-07-08 16:47:01] buffer is less than 5, real size: 0
[2026-07-08 16:47:01] out while is working
[2026-07-08 16:47:01] buffer is less than 5, real size: 0
[2026-07-08 16:47:01] out while is working
[2026-07-08 16:47:01] buffer is less than 5, real size: 0
[2026-07-08 16:47:01] out while is working
[2026-07-08 16:47:01] buffer is less than 5, real size: 0
[2026-07-08 16:47:01] out while is working
[2026-07-08 16:47:01] buffer is less than 5, real size: 0
[2026-07-08 16:47:01] out while is working
[2026-07-08 16:47:01] buffer is less than 5, real size: 0
[2026-07-08 16:47:01] out while is working
[2026-07-08 16:47:01] buffer is less than 5, real size: 0
[2026-07-08 16:47:01] out while is working
[2026-07-08 16:47:01] buffer is less than 5, real size: 1
[2026-07-08 16:47:01] out while is working
[2026-07-08 16:47:01] data_length 14 iseq 122
[2026-07-08 16:47:01] begin switch_method
[2026-07-08 16:47:01] find command id514
[2026-07-08 16:47:01] data_length 17 iseq 123
[2026-07-08 16:47:01] buffer is less than sof_index + frame_length(26), buffer size: b'\xa5\x11\x00{\xfa\x01\x02\t\x01'
[2026-07-08 16:47:01] out while is working
[2026-07-08 16:47:01] data_length 17 iseq 123
[2026-07-08 16:47:01] buffer is less than sof_index + frame_length(26), buffer size: b'\xa5\x11\x00{\xfa\x01\x02\t\x01\x00'
[2026-07-08 16:47:01] out while is working
[2026-07-08 16:47:01] data_length 17 iseq 123
[2026-07-08 16:47:01] begin switch_method
[2026-07-08 16:47:01] find command id513
[2026-07-08 16:47:01] buffer is less than 5, real size: 0
[2026-07-08 16:47:01] out while is working
[2026-07-08 16:47:01] buffer is less than 5, real size: 0
[2026-07-08 16:47:01] out while is working
[2026-07-08 16:47:01] buffer is less than 5, real size: 0
[2026-07-08 16:47:01] out while is working
[2026-07-08 16:47:01] buffer is less than 5, real size: 0
[2026-07-08 16:47:01] out while is working
[2026-07-08 16:47:01] buffer is less than 5, real size: 0
[2026-07-08 16:47:01] out while is working
[2026-07-08 16:47:01] buffer is less than 5, real size: 0
[2026-07-08 16:47:01] out while is working
[2026-07-08 16:47:01] buffer is less than 5, real size: 0
[2026-07-08 16:47:01] out while is working
[2026-07-08 16:47:01] buffer is less than 5, real size: 0
[2026-07-08 16:47:01] out while is working
[2026-07-08 16:47:01] buffer is less than 5, real size: 0
[2026-07-08 16:47:01] out while is working
[2026-07-08 16:47:01] buffer is less than 5, real size: 0
[2026-07-08 16:47:01] out while is working
[2026-07-08 16:47:01] buffer is less than 5, real size: 0
[2026-07-08 16:47:01] out while is working
[2026-07-08 16:47:01] buffer is less than 5, real size: 1
[2026-07-08 16:47:01] out while is working
[2026-07-08 16:47:01] data_length 14 iseq 124
[2026-07-08 16:47:01] begin switch_method
[2026-07-08 16:47:01] find command id514
[2026-07-08 16:47:01] data_length 17 iseq 125
[2026-07-08 16:47:01] buffer is less than sof_index + frame_length(26), buffer size: b"\xa5\x11\x00}'\x01\x02\t\x01"
[2026-07-08 16:47:01] out while is working
[2026-07-08 16:47:01] data_length 17 iseq 125
[2026-07-08 16:47:01] buffer is less than sof_index + frame_length(26), buffer size: b"\xa5\x11\x00}'\x01\x02\t\x01\x00"
[2026-07-08 16:47:01] out while is working
[2026-07-08 16:47:01] data_length 17 iseq 125
[2026-07-08 16:47:01] begin switch_method
[2026-07-08 16:47:01] find command id513
[2026-07-08 16:47:01] buffer is less than 5, real size: 0
[2026-07-08 16:47:01] out while is working
[2026-07-08 16:47:01] buffer is less than 5, real size: 0
[2026-07-08 16:47:01] out while is working
[2026-07-08 16:47:01] buffer is less than 5, real size: 0
[2026-07-08 16:47:01] out while is working
[2026-07-08 16:47:01] buffer is less than 5, real size: 0
[2026-07-08 16:47:01] out while is working
[2026-07-08 16:47:01] buffer is less than 5, real size: 0
[2026-07-08 16:47:01] out while is working
[2026-07-08 16:47:01] buffer is less than 5, real size: 0
[2026-07-08 16:47:01] out while is working
[2026-07-08 16:47:01] buffer is less than 5, real size: 0
[2026-07-08 16:47:01] out while is working
[2026-07-08 16:47:01] buffer is less than 5, real size: 0
[2026-07-08 16:47:01] out while is working
[2026-07-08 16:47:01] buffer is less than 5, real size: 0
[2026-07-08 16:47:01] out while is working
[2026-07-08 16:47:01] buffer is less than 5, real size: 0
[2026-07-08 16:47:01] out while is working
[2026-07-08 16:47:02] buffer is less than 5, real size: 1
[2026-07-08 16:47:02] out while is working
[2026-07-08 16:47:02] data_length 14 iseq 126
[2026-07-08 16:47:02] begin switch_method
[2026-07-08 16:47:02] find command id514
[2026-07-08 16:47:02] data_length 12 iseq 127
[2026-07-08 16:47:02] buffer is less than sof_index + frame_length(21), buffer size: b'\xa5\x0c\x00\x7f\xc1\x03\x02\x00\x00'
[2026-07-08 16:47:02] out while is working
[2026-07-08 16:47:02] data_length 12 iseq 127
[2026-07-08 16:47:02] buffer is less than sof_index + frame_length(21), buffer size: b'\xa5\x0c\x00\x7f\xc1\x03\x02\x00\x00\x00'
[2026-07-08 16:47:02] out while is working
[2026-07-08 16:47:02] data_length 12 iseq 127
[2026-07-08 16:47:02] begin switch_method
[2026-07-08 16:47:02] find command id515
[2026-07-08 16:47:02] data_length 17 iseq 128
[2026-07-08 16:47:02] buffer is less than sof_index + frame_length(26), buffer size: b'\xa5\x11\x00\x80\xae\x01\x02\t\x01\x00\x00\x00\x00\x00\x00\x00\x00\x00\x00\x00'
[2026-07-08 16:47:02] out while is working
[2026-07-08 16:47:02] data_length 17 iseq 128
[2026-07-08 16:47:02] buffer is less than sof_index + frame_length(26), buffer size: b'\xa5\x11\x00\x80\xae\x01\x02\t\x01\x00\x00\x00\x00\x00\x00\x00\x00\x00\x00\x00\x00'
[2026-07-08 16:47:02] out while is working
[2026-07-08 16:47:02] data_length 17 iseq 128
[2026-07-08 16:47:02] begin switch_method
[2026-07-08 16:47:02] find command id513
[2026-07-08 16:47:02] buffer is less than 5, real size: 0
[2026-07-08 16:47:02] out while is working
[2026-07-08 16:47:02] buffer is less than 5, real size: 0
[2026-07-08 16:47:02] out while is working
[2026-07-08 16:47:02] buffer is less than 5, real size: 0
[2026-07-08 16:47:02] out while is working
[2026-07-08 16:47:02] buffer is less than 5, real size: 0
[2026-07-08 16:47:02] out while is working
[2026-07-08 16:47:02] buffer is less than 5, real size: 0
[2026-07-08 16:47:02] out while is working
[2026-07-08 16:47:02] buffer is less than 5, real size: 0
[2026-07-08 16:47:02] out while is working
[2026-07-08 16:47:02] buffer is less than 5, real size: 0
[2026-07-08 16:47:02] out while is working
[2026-07-08 16:47:02] buffer is less than 5, real size: 0
[2026-07-08 16:47:02] out while is working
[2026-07-08 16:47:02] buffer is less than 5, real size: 0
[2026-07-08 16:47:02] out while is working
[2026-07-08 16:47:02] buffer is less than 5, real size: 0
[2026-07-08 16:47:02] out while is working
[2026-07-08 16:47:02] buffer is less than 5, real size: 1
[2026-07-08 16:47:02] out while is working
[2026-07-08 16:47:02] data_length 14 iseq 129
[2026-07-08 16:47:02] begin switch_method
[2026-07-08 16:47:02] find command id514
[2026-07-08 16:47:02] data_length 17 iseq 130
[2026-07-08 16:47:02] buffer is less than sof_index + frame_length(26), buffer size: b'\xa5\x11\x00\x82\x12\x01\x02\t\x01'
[2026-07-08 16:47:02] out while is working
[2026-07-08 16:47:02] data_length 17 iseq 130
[2026-07-08 16:47:02] buffer is less than sof_index + frame_length(26), buffer size: b'\xa5\x11\x00\x82\x12\x01\x02\t\x01\x00'
[2026-07-08 16:47:02] out while is working
[2026-07-08 16:47:02] data_length 17 iseq 130
[2026-07-08 16:47:02] begin switch_method
[2026-07-08 16:47:02] find command id513
[2026-07-08 16:47:02] buffer is less than 5, real size: 0
[2026-07-08 16:47:02] out while is working
[2026-07-08 16:47:02] buffer is less than 5, real size: 0
[2026-07-08 16:47:02] out while is working
[2026-07-08 16:47:02] buffer is less than 5, real size: 0
[2026-07-08 16:47:02] out while is working
[2026-07-08 16:47:02] buffer is less than 5, real size: 0
[2026-07-08 16:47:02] out while is working
[2026-07-08 16:47:02] buffer is less than 5, real size: 0
[2026-07-08 16:47:02] out while is working
[2026-07-08 16:47:02] buffer is less than 5, real size: 0
[2026-07-08 16:47:02] out while is working
[2026-07-08 16:47:02] buffer is less than 5, real size: 0
[2026-07-08 16:47:02] out while is working
[2026-07-08 16:47:02] buffer is less than 5, real size: 0
[2026-07-08 16:47:02] out while is working
[2026-07-08 16:47:02] buffer is less than 5, real size: 0
[2026-07-08 16:47:02] out while is working
[2026-07-08 16:47:02] buffer is less than 5, real size: 0
[2026-07-08 16:47:02] out while is working
[2026-07-08 16:47:02] buffer is less than 5, real size: 1
[2026-07-08 16:47:02] out while is working
[2026-07-08 16:47:02] data_length 14 iseq 131
[2026-07-08 16:47:02] begin switch_method
[2026-07-08 16:47:02] find command id514
[2026-07-08 16:47:02] data_length 17 iseq 132
[2026-07-08 16:47:02] buffer is less than sof_index + frame_length(26), buffer size: b'\xa5\x11\x00\x84\xcf\x01\x02\t\x01'
[2026-07-08 16:47:02] out while is working
[2026-07-08 16:47:02] data_length 17 iseq 132
[2026-07-08 16:47:02] buffer is less than sof_index + frame_length(26), buffer size: b'\xa5\x11\x00\x84\xcf\x01\x02\t\x01\x00'
[2026-07-08 16:47:02] out while is working
[2026-07-08 16:47:02] data_length 17 iseq 132
[2026-07-08 16:47:02] begin switch_method
[2026-07-08 16:47:02] find command id513
[2026-07-08 16:47:02] buffer is less than 5, real size: 0
[2026-07-08 16:47:02] out while is working
[2026-07-08 16:47:02] buffer is less than 5, real size: 0
[2026-07-08 16:47:02] out while is working
[2026-07-08 16:47:02] buffer is less than 5, real size: 0
[2026-07-08 16:47:02] out while is working
[2026-07-08 16:47:02] buffer is less than 5, real size: 0
[2026-07-08 16:47:02] out while is working
[2026-07-08 16:47:02] buffer is less than 5, real size: 0
[2026-07-08 16:47:02] out while is working
[2026-07-08 16:47:02] buffer is less than 5, real size: 0
[2026-07-08 16:47:02] out while is working
[2026-07-08 16:47:02] buffer is less than 5, real size: 0
[2026-07-08 16:47:02] out while is working
[2026-07-08 16:47:02] buffer is less than 5, real size: 0
[2026-07-08 16:47:02] out while is working
[2026-07-08 16:47:02] buffer is less than 5, real size: 0
[2026-07-08 16:47:02] out while is working
[2026-07-08 16:47:02] buffer is less than 5, real size: 0
[2026-07-08 16:47:02] out while is working
[2026-07-08 16:47:02] buffer is less than 5, real size: 1
[2026-07-08 16:47:02] out while is working
[2026-07-08 16:47:02] data_length 14 iseq 133
[2026-07-08 16:47:02] begin switch_method
[2026-07-08 16:47:02] find command id514
[2026-07-08 16:47:02] data_length 17 iseq 134
[2026-07-08 16:47:02] buffer is less than sof_index + frame_length(26), buffer size: b'\xa5\x11\x00\x86s\x01\x02\t\x01'
[2026-07-08 16:47:02] out while is working
[2026-07-08 16:47:02] data_length 17 iseq 134
[2026-07-08 16:47:02] buffer is less than sof_index + frame_length(26), buffer size: b'\xa5\x11\x00\x86s\x01\x02\t\x01\x00'
[2026-07-08 16:47:02] out while is working
[2026-07-08 16:47:02] data_length 17 iseq 134
[2026-07-08 16:47:02] begin switch_method
[2026-07-08 16:47:02] find command id513
[2026-07-08 16:47:02] buffer is less than 5, real size: 0
[2026-07-08 16:47:02] out while is working
[2026-07-08 16:47:02] buffer is less than 5, real size: 0
[2026-07-08 16:47:02] out while is working
[2026-07-08 16:47:02] buffer is less than 5, real size: 0
[2026-07-08 16:47:02] out while is working
[2026-07-08 16:47:02] buffer is less than 5, real size: 0
[2026-07-08 16:47:02] out while is working
[2026-07-08 16:47:02] buffer is less than 5, real size: 0
[2026-07-08 16:47:02] out while is working
[2026-07-08 16:47:02] buffer is less than 5, real size: 0
[2026-07-08 16:47:02] out while is working
[2026-07-08 16:47:02] buffer is less than 5, real size: 0
[2026-07-08 16:47:02] out while is working
[2026-07-08 16:47:02] buffer is less than 5, real size: 0
[2026-07-08 16:47:02] out while is working
[2026-07-08 16:47:02] buffer is less than 5, real size: 0
[2026-07-08 16:47:02] out while is working
[2026-07-08 16:47:02] buffer is less than 5, real size: 0
[2026-07-08 16:47:02] out while is working
[2026-07-08 16:47:02] buffer is less than 5, real size: 1
[2026-07-08 16:47:02] out while is working
[2026-07-08 16:47:02] data_length 14 iseq 135
[2026-07-08 16:47:02] begin switch_method
[2026-07-08 16:47:02] find command id514
[2026-07-08 16:47:02] data_length 17 iseq 136
[2026-07-08 16:47:02] buffer is less than sof_index + frame_length(26), buffer size: b'\xa5\x11\x00\x88l\x01\x02\t\x01'
[2026-07-08 16:47:02] out while is working
[2026-07-08 16:47:02] data_length 17 iseq 136
[2026-07-08 16:47:02] buffer is less than sof_index + frame_length(26), buffer size: b'\xa5\x11\x00\x88l\x01\x02\t\x01\x00'
[2026-07-08 16:47:02] out while is working
[2026-07-08 16:47:02] data_length 17 iseq 136
[2026-07-08 16:47:02] begin switch_method
[2026-07-08 16:47:02] find command id513
[2026-07-08 16:47:02] buffer is less than 5, real size: 0
[2026-07-08 16:47:02] out while is working
[2026-07-08 16:47:02] buffer is less than 5, real size: 0
[2026-07-08 16:47:02] out while is working
[2026-07-08 16:47:02] buffer is less than 5, real size: 0
[2026-07-08 16:47:02] out while is working
[2026-07-08 16:47:02] buffer is less than 5, real size: 0
[2026-07-08 16:47:02] out while is working
[2026-07-08 16:47:02] buffer is less than 5, real size: 0
[2026-07-08 16:47:02] out while is working
[2026-07-08 16:47:02] buffer is less than 5, real size: 0
[2026-07-08 16:47:02] out while is working
[2026-07-08 16:47:02] buffer is less than 5, real size: 0
[2026-07-08 16:47:02] out while is working
[2026-07-08 16:47:02] buffer is less than 5, real size: 0
[2026-07-08 16:47:02] out while is working
[2026-07-08 16:47:02] buffer is less than 5, real size: 0
[2026-07-08 16:47:02] out while is working
[2026-07-08 16:47:02] buffer is less than 5, real size: 0
[2026-07-08 16:47:02] out while is working
[2026-07-08 16:47:02] buffer is less than 5, real size: 1
[2026-07-08 16:47:02] out while is working
[2026-07-08 16:47:02] data_length 14 iseq 137
[2026-07-08 16:47:02] begin switch_method
[2026-07-08 16:47:02] find command id514
[2026-07-08 16:47:02] data_length 17 iseq 138
[2026-07-08 16:47:02] buffer is less than sof_index + frame_length(26), buffer size: b'\xa5\x11\x00\x8a\xd0\x01\x02\t\x01'
[2026-07-08 16:47:02] out while is working
[2026-07-08 16:47:02] data_length 17 iseq 138
[2026-07-08 16:47:02] buffer is less than sof_index + frame_length(26), buffer size: b'\xa5\x11\x00\x8a\xd0\x01\x02\t\x01\x00'
[2026-07-08 16:47:02] out while is working
[2026-07-08 16:47:02] data_length 17 iseq 138
[2026-07-08 16:47:02] begin switch_method
[2026-07-08 16:47:02] find command id513
[2026-07-08 16:47:02] buffer is less than 5, real size: 0
[2026-07-08 16:47:02] out while is working
[2026-07-08 16:47:02] buffer is less than 5, real size: 0
[2026-07-08 16:47:02] out while is working
[2026-07-08 16:47:02] buffer is less than 5, real size: 0
[2026-07-08 16:47:02] out while is working
[2026-07-08 16:47:02] buffer is less than 5, real size: 0
[2026-07-08 16:47:02] out while is working
[2026-07-08 16:47:02] buffer is less than 5, real size: 0
[2026-07-08 16:47:02] out while is working
[2026-07-08 16:47:02] buffer is less than 5, real size: 0
[2026-07-08 16:47:02] out while is working
[2026-07-08 16:47:02] buffer is less than 5, real size: 0
[2026-07-08 16:47:02] out while is working
[2026-07-08 16:47:02] buffer is less than 5, real size: 0
[2026-07-08 16:47:02] out while is working
[2026-07-08 16:47:02] buffer is less than 5, real size: 0
[2026-07-08 16:47:02] out while is working
[2026-07-08 16:47:02] buffer is less than 5, real size: 0
[2026-07-08 16:47:02] out while is working
[2026-07-08 16:47:02] buffer is less than 5, real size: 1
[2026-07-08 16:47:02] out while is working
[2026-07-08 16:47:02] data_length 14 iseq 139
[2026-07-08 16:47:02] begin switch_method
[2026-07-08 16:47:02] find command id514
[2026-07-08 16:47:02] data_length 17 iseq 140
[2026-07-08 16:47:02] buffer is less than sof_index + frame_length(26), buffer size: b'\xa5\x11\x00\x8c\r\x01\x02\t\x01'
[2026-07-08 16:47:02] out while is working
[2026-07-08 16:47:02] data_length 17 iseq 140
[2026-07-08 16:47:02] buffer is less than sof_index + frame_length(26), buffer size: b'\xa5\x11\x00\x8c\r\x01\x02\t\x01\x00'
[2026-07-08 16:47:02] out while is working
[2026-07-08 16:47:02] data_length 17 iseq 140
[2026-07-08 16:47:02] begin switch_method
[2026-07-08 16:47:02] find command id513
[2026-07-08 16:47:02] buffer is less than 5, real size: 0
[2026-07-08 16:47:02] out while is working
[2026-07-08 16:47:02] buffer is less than 5, real size: 0
[2026-07-08 16:47:02] out while is working
[2026-07-08 16:47:02] buffer is less than 5, real size: 0
[2026-07-08 16:47:02] out while is working
[2026-07-08 16:47:02] buffer is less than 5, real size: 0
[2026-07-08 16:47:02] out while is working
[2026-07-08 16:47:02] buffer is less than 5, real size: 0
[2026-07-08 16:47:02] out while is working
[2026-07-08 16:47:02] buffer is less than 5, real size: 0
[2026-07-08 16:47:02] out while is working
[2026-07-08 16:47:02] buffer is less than 5, real size: 0
[2026-07-08 16:47:02] out while is working
[2026-07-08 16:47:02] buffer is less than 5, real size: 0
[2026-07-08 16:47:02] out while is working
[2026-07-08 16:47:02] buffer is less than 5, real size: 0
[2026-07-08 16:47:02] out while is working
[2026-07-08 16:47:02] buffer is less than 5, real size: 0
[2026-07-08 16:47:02] out while is working
[2026-07-08 16:47:02] buffer is less than 5, real size: 1
[2026-07-08 16:47:02] out while is working
[2026-07-08 16:47:02] data_length 14 iseq 141
[2026-07-08 16:47:02] begin switch_method
[2026-07-08 16:47:02] find command id514
[2026-07-08 16:47:02] data_length 17 iseq 142
[2026-07-08 16:47:02] buffer is less than sof_index + frame_length(26), buffer size: b'\xa5\x11\x00\x8e\xb1\x01\x02\t\x01'
[2026-07-08 16:47:02] out while is working
[2026-07-08 16:47:02] data_length 17 iseq 142
[2026-07-08 16:47:02] buffer is less than sof_index + frame_length(26), buffer size: b'\xa5\x11\x00\x8e\xb1\x01\x02\t\x01\x00'
[2026-07-08 16:47:02] out while is working
[2026-07-08 16:47:02] data_length 17 iseq 142
[2026-07-08 16:47:02] begin switch_method
[2026-07-08 16:47:02] find command id513
[2026-07-08 16:47:02] buffer is less than 5, real size: 0
[2026-07-08 16:47:02] out while is working
[2026-07-08 16:47:02] buffer is less than 5, real size: 0
[2026-07-08 16:47:02] out while is working
[2026-07-08 16:47:02] buffer is less than 5, real size: 0
[2026-07-08 16:47:02] out while is working
[2026-07-08 16:47:02] buffer is less than 5, real size: 0
[2026-07-08 16:47:02] out while is working
[2026-07-08 16:47:02] buffer is less than 5, real size: 0
[2026-07-08 16:47:02] out while is working
[2026-07-08 16:47:02] buffer is less than 5, real size: 0
[2026-07-08 16:47:02] out while is working
[2026-07-08 16:47:02] buffer is less than 5, real size: 0
[2026-07-08 16:47:02] out while is working
[2026-07-08 16:47:02] buffer is less than 5, real size: 0
[2026-07-08 16:47:02] out while is working
[2026-07-08 16:47:02] buffer is less than 5, real size: 0
[2026-07-08 16:47:02] out while is working
[2026-07-08 16:47:02] buffer is less than 5, real size: 0
[2026-07-08 16:47:02] out while is working
[2026-07-08 16:47:02] buffer is less than 5, real size: 1
[2026-07-08 16:47:02] out while is working
[2026-07-08 16:47:02] data_length 14 iseq 143
[2026-07-08 16:47:02] begin switch_method
[2026-07-08 16:47:02] find command id514
[2026-07-08 16:47:02] data_length 17 iseq 144
[2026-07-08 16:47:02] buffer is less than sof_index + frame_length(26), buffer size: b'\xa5\x11\x00\x903\x01\x02\t\x01'
[2026-07-08 16:47:02] out while is working
[2026-07-08 16:47:02] data_length 17 iseq 144
[2026-07-08 16:47:02] buffer is less than sof_index + frame_length(26), buffer size: b'\xa5\x11\x00\x903\x01\x02\t\x01\x00'
[2026-07-08 16:47:02] out while is working
[2026-07-08 16:47:02] data_length 17 iseq 144
[2026-07-08 16:47:02] begin switch_method
[2026-07-08 16:47:02] find command id513
[2026-07-08 16:47:02] buffer is less than 5, real size: 0
[2026-07-08 16:47:02] out while is working
[2026-07-08 16:47:02] buffer is less than 5, real size: 0
[2026-07-08 16:47:02] out while is working
[2026-07-08 16:47:02] buffer is less than 5, real size: 0
[2026-07-08 16:47:02] out while is working
[2026-07-08 16:47:02] buffer is less than 5, real size: 0
[2026-07-08 16:47:02] out while is working
[2026-07-08 16:47:02] buffer is less than 5, real size: 0
[2026-07-08 16:47:02] out while is working
[2026-07-08 16:47:02] buffer is less than 5, real size: 0
[2026-07-08 16:47:02] out while is working
[2026-07-08 16:47:02] buffer is less than 5, real size: 0
[2026-07-08 16:47:02] out while is working
[2026-07-08 16:47:02] buffer is less than 5, real size: 0
[2026-07-08 16:47:02] out while is working
[2026-07-08 16:47:02] buffer is less than 5, real size: 0
[2026-07-08 16:47:02] out while is working
[2026-07-08 16:47:02] buffer is less than 5, real size: 0
[2026-07-08 16:47:02] out while is working
[2026-07-08 16:47:02] buffer is less than 5, real size: 0
[2026-07-08 16:47:02] out while is working
[2026-07-08 16:47:02] buffer is less than 5, real size: 1
[2026-07-08 16:47:02] out while is working
[2026-07-08 16:47:02] data_length 14 iseq 145
[2026-07-08 16:47:02] begin switch_method
[2026-07-08 16:47:02] find command id514
[2026-07-08 16:47:02] data_length 17 iseq 146
[2026-07-08 16:47:02] buffer is less than sof_index + frame_length(26), buffer size: b'\xa5\x11\x00\x92\x8f\x01\x02\t\x01'
[2026-07-08 16:47:02] out while is working
[2026-07-08 16:47:02] data_length 17 iseq 146
[2026-07-08 16:47:02] buffer is less than sof_index + frame_length(26), buffer size: b'\xa5\x11\x00\x92\x8f\x01\x02\t\x01\x00'
[2026-07-08 16:47:02] out while is working
[2026-07-08 16:47:02] data_length 17 iseq 146
[2026-07-08 16:47:02] begin switch_method
[2026-07-08 16:47:02] find command id513
[2026-07-08 16:47:02] buffer is less than 5, real size: 0
[2026-07-08 16:47:02] out while is working
[2026-07-08 16:47:02] buffer is less than 5, real size: 0
[2026-07-08 16:47:02] out while is working
[2026-07-08 16:47:02] buffer is less than 5, real size: 0
[2026-07-08 16:47:02] out while is working
[2026-07-08 16:47:02] buffer is less than 5, real size: 0
[2026-07-08 16:47:02] out while is working
[2026-07-08 16:47:02] buffer is less than 5, real size: 0
[2026-07-08 16:47:02] out while is working
[2026-07-08 16:47:02] buffer is less than 5, real size: 0
[2026-07-08 16:47:02] out while is working
[2026-07-08 16:47:02] buffer is less than 5, real size: 0
[2026-07-08 16:47:02] out while is working
[2026-07-08 16:47:03] buffer is less than 5, real size: 0
[2026-07-08 16:47:03] out while is working
[2026-07-08 16:47:03] buffer is less than 5, real size: 0
[2026-07-08 16:47:03] out while is working
[2026-07-08 16:47:03] buffer is less than 5, real size: 0
[2026-07-08 16:47:03] out while is working
[2026-07-08 16:47:03] buffer is less than 5, real size: 1
[2026-07-08 16:47:03] out while is working
[2026-07-08 16:47:03] data_length 14 iseq 147
[2026-07-08 16:47:03] begin switch_method
[2026-07-08 16:47:03] find command id514
[2026-07-08 16:47:03] data_length 12 iseq 148
[2026-07-08 16:47:03] buffer is less than sof_index + frame_length(21), buffer size: b'\xa5\x0c\x00\x94\x08\x03\x02\x00\x00'
[2026-07-08 16:47:03] out while is working
[2026-07-08 16:47:03] data_length 12 iseq 148
[2026-07-08 16:47:03] buffer is less than sof_index + frame_length(21), buffer size: b'\xa5\x0c\x00\x94\x08\x03\x02\x00\x00\x00'
[2026-07-08 16:47:03] out while is working
[2026-07-08 16:47:03] data_length 12 iseq 148
[2026-07-08 16:47:03] begin switch_method
[2026-07-08 16:47:03] find command id515
[2026-07-08 16:47:03] data_length 17 iseq 149
[2026-07-08 16:47:03] buffer is less than sof_index + frame_length(26), buffer size: b'\xa5\x11\x00\x95\x0c\x01\x02\t\x01\x00\x00\x00\x00\x00\x00\x00\x00\x00\x00\x00'
[2026-07-08 16:47:03] out while is working
[2026-07-08 16:47:03] data_length 17 iseq 149
[2026-07-08 16:47:03] buffer is less than sof_index + frame_length(26), buffer size: b'\xa5\x11\x00\x95\x0c\x01\x02\t\x01\x00\x00\x00\x00\x00\x00\x00\x00\x00\x00\x00\x00'
[2026-07-08 16:47:03] out while is working
[2026-07-08 16:47:03] data_length 17 iseq 149
[2026-07-08 16:47:03] begin switch_method
[2026-07-08 16:47:03] find command id513
[2026-07-08 16:47:03] buffer is less than 5, real size: 0
[2026-07-08 16:47:03] out while is working
[2026-07-08 16:47:03] buffer is less than 5, real size: 0
[2026-07-08 16:47:03] out while is working
[2026-07-08 16:47:03] buffer is less than 5, real size: 0
[2026-07-08 16:47:03] out while is working
[2026-07-08 16:47:03] buffer is less than 5, real size: 0
[2026-07-08 16:47:03] out while is working
[2026-07-08 16:47:03] buffer is less than 5, real size: 0
[2026-07-08 16:47:03] out while is working
[2026-07-08 16:47:03] buffer is less than 5, real size: 0
[2026-07-08 16:47:03] out while is working
[2026-07-08 16:47:03] buffer is less than 5, real size: 0
[2026-07-08 16:47:03] out while is working
[2026-07-08 16:47:03] buffer is less than 5, real size: 0
[2026-07-08 16:47:03] out while is working
[2026-07-08 16:47:03] buffer is less than 5, real size: 0
[2026-07-08 16:47:03] out while is working
[2026-07-08 16:47:03] buffer is less than 5, real size: 0
[2026-07-08 16:47:03] out while is working
[2026-07-08 16:47:03] buffer is less than 5, real size: 1
[2026-07-08 16:47:03] out while is working
[2026-07-08 16:47:03] data_length 14 iseq 150
[2026-07-08 16:47:03] begin switch_method
[2026-07-08 16:47:03] find command id514
[2026-07-08 16:47:03] data_length 17 iseq 151
[2026-07-08 16:47:03] buffer is less than sof_index + frame_length(26), buffer size: b'\xa5\x11\x00\x97\xb0\x01\x02\t\x01'
[2026-07-08 16:47:03] out while is working
[2026-07-08 16:47:03] data_length 17 iseq 151
[2026-07-08 16:47:03] buffer is less than sof_index + frame_length(26), buffer size: b'\xa5\x11\x00\x97\xb0\x01\x02\t\x01\x00'
[2026-07-08 16:47:03] out while is working
[2026-07-08 16:47:03] data_length 17 iseq 151
[2026-07-08 16:47:03] begin switch_method
[2026-07-08 16:47:03] find command id513
[2026-07-08 16:47:03] buffer is less than 5, real size: 0
[2026-07-08 16:47:03] out while is working
[2026-07-08 16:47:03] buffer is less than 5, real size: 0
[2026-07-08 16:47:03] out while is working
[2026-07-08 16:47:03] buffer is less than 5, real size: 0
[2026-07-08 16:47:03] out while is working
[2026-07-08 16:47:03] buffer is less than 5, real size: 0
[2026-07-08 16:47:03] out while is working
[2026-07-08 16:47:03] buffer is less than 5, real size: 0
[2026-07-08 16:47:03] out while is working
[2026-07-08 16:47:03] buffer is less than 5, real size: 0
[2026-07-08 16:47:03] out while is working
[2026-07-08 16:47:03] buffer is less than 5, real size: 0
[2026-07-08 16:47:03] out while is working
[2026-07-08 16:47:03] buffer is less than 5, real size: 0
[2026-07-08 16:47:03] out while is working
[2026-07-08 16:47:03] buffer is less than 5, real size: 0
[2026-07-08 16:47:03] out while is working
[2026-07-08 16:47:03] buffer is less than 5, real size: 0
[2026-07-08 16:47:03] out while is working
[2026-07-08 16:47:03] buffer is less than 5, real size: 1
[2026-07-08 16:47:03] out while is working
[2026-07-08 16:47:03] data_length 14 iseq 152
[2026-07-08 16:47:03] begin switch_method
[2026-07-08 16:47:03] find command id514
[2026-07-08 16:47:03] data_length 17 iseq 153
[2026-07-08 16:47:03] buffer is less than sof_index + frame_length(26), buffer size: b'\xa5\x11\x00\x99\xaf\x01\x02\t\x01'
[2026-07-08 16:47:03] out while is working
[2026-07-08 16:47:03] data_length 17 iseq 153
[2026-07-08 16:47:03] buffer is less than sof_index + frame_length(26), buffer size: b'\xa5\x11\x00\x99\xaf\x01\x02\t\x01\x00'
[2026-07-08 16:47:03] out while is working
[2026-07-08 16:47:03] data_length 17 iseq 153
[2026-07-08 16:47:03] begin switch_method
[2026-07-08 16:47:03] find command id513
[2026-07-08 16:47:03] buffer is less than 5, real size: 0
[2026-07-08 16:47:03] out while is working
[2026-07-08 16:47:03] buffer is less than 5, real size: 0
[2026-07-08 16:47:03] out while is working
[2026-07-08 16:47:03] buffer is less than 5, real size: 0
[2026-07-08 16:47:03] out while is working
[2026-07-08 16:47:03] buffer is less than 5, real size: 0
[2026-07-08 16:47:03] out while is working
[2026-07-08 16:47:03] buffer is less than 5, real size: 0
[2026-07-08 16:47:03] out while is working
[2026-07-08 16:47:03] buffer is less than 5, real size: 0
[2026-07-08 16:47:03] out while is working
[2026-07-08 16:47:03] buffer is less than 5, real size: 0
[2026-07-08 16:47:03] out while is working
[2026-07-08 16:47:03] buffer is less than 5, real size: 0
[2026-07-08 16:47:03] out while is working
[2026-07-08 16:47:03] buffer is less than 5, real size: 0
[2026-07-08 16:47:03] out while is working
[2026-07-08 16:47:03] buffer is less than 5, real size: 0
[2026-07-08 16:47:03] out while is working
[2026-07-08 16:47:03] buffer is less than 5, real size: 1
[2026-07-08 16:47:03] out while is working
[2026-07-08 16:47:03] data_length 14 iseq 154
[2026-07-08 16:47:03] begin switch_method
[2026-07-08 16:47:03] find command id514
[2026-07-08 16:47:03] data_length 17 iseq 155
[2026-07-08 16:47:03] buffer is less than sof_index + frame_length(26), buffer size: b'\xa5\x11\x00\x9b\x13\x01\x02\t\x01'
[2026-07-08 16:47:03] out while is working
[2026-07-08 16:47:03] data_length 17 iseq 155
[2026-07-08 16:47:03] buffer is less than sof_index + frame_length(26), buffer size: b'\xa5\x11\x00\x9b\x13\x01\x02\t\x01\x00'
[2026-07-08 16:47:03] out while is working
[2026-07-08 16:47:03] data_length 17 iseq 155
[2026-07-08 16:47:03] begin switch_method
[2026-07-08 16:47:03] find command id513
[2026-07-08 16:47:03] buffer is less than 5, real size: 0
[2026-07-08 16:47:03] out while is working
[2026-07-08 16:47:03] buffer is less than 5, real size: 0
[2026-07-08 16:47:03] out while is working
[2026-07-08 16:47:03] buffer is less than 5, real size: 0
[2026-07-08 16:47:03] out while is working
[2026-07-08 16:47:03] buffer is less than 5, real size: 0
[2026-07-08 16:47:03] out while is working
[2026-07-08 16:47:03] buffer is less than 5, real size: 0
[2026-07-08 16:47:03] out while is working
[2026-07-08 16:47:03] buffer is less than 5, real size: 0
[2026-07-08 16:47:03] out while is working
[2026-07-08 16:47:03] buffer is less than 5, real size: 0
[2026-07-08 16:47:03] out while is working
[2026-07-08 16:47:03] buffer is less than 5, real size: 0
[2026-07-08 16:47:03] out while is working
[2026-07-08 16:47:03] buffer is less than 5, real size: 0
[2026-07-08 16:47:03] out while is working
[2026-07-08 16:47:03] buffer is less than 5, real size: 0
[2026-07-08 16:47:03] out while is working
[2026-07-08 16:47:03] buffer is less than 5, real size: 1
[2026-07-08 16:47:03] out while is working
[2026-07-08 16:47:03] data_length 14 iseq 156
[2026-07-08 16:47:03] begin switch_method
[2026-07-08 16:47:03] find command id514
[2026-07-08 16:47:03] data_length 17 iseq 157
[2026-07-08 16:47:03] buffer is less than sof_index + frame_length(26), buffer size: b'\xa5\x11\x00\x9d\xce\x01\x02\t\x01'
[2026-07-08 16:47:03] out while is working
[2026-07-08 16:47:03] data_length 17 iseq 157
[2026-07-08 16:47:03] buffer is less than sof_index + frame_length(26), buffer size: b'\xa5\x11\x00\x9d\xce\x01\x02\t\x01\x00'
[2026-07-08 16:47:03] out while is working
[2026-07-08 16:47:03] data_length 17 iseq 157
[2026-07-08 16:47:03] begin switch_method
[2026-07-08 16:47:03] find command id513
[2026-07-08 16:47:03] buffer is less than 5, real size: 0
[2026-07-08 16:47:03] out while is working
[2026-07-08 16:47:03] buffer is less than 5, real size: 0
[2026-07-08 16:47:03] out while is working
[2026-07-08 16:47:03] buffer is less than 5, real size: 0
[2026-07-08 16:47:03] out while is working
[2026-07-08 16:47:03] buffer is less than 5, real size: 0
[2026-07-08 16:47:03] out while is working
[2026-07-08 16:47:03] buffer is less than 5, real size: 0
[2026-07-08 16:47:03] out while is working
[2026-07-08 16:47:03] buffer is less than 5, real size: 0
[2026-07-08 16:47:03] out while is working
[2026-07-08 16:47:03] buffer is less than 5, real size: 0
[2026-07-08 16:47:03] out while is working
[2026-07-08 16:47:03] buffer is less than 5, real size: 0
[2026-07-08 16:47:03] out while is working
[2026-07-08 16:47:03] buffer is less than 5, real size: 0
[2026-07-08 16:47:03] out while is working
[2026-07-08 16:47:03] buffer is less than 5, real size: 0
[2026-07-08 16:47:03] out while is working
[2026-07-08 16:47:03] buffer is less than 5, real size: 1
[2026-07-08 16:47:03] out while is working
[2026-07-08 16:47:03] data_length 14 iseq 158
[2026-07-08 16:47:03] begin switch_method
[2026-07-08 16:47:03] find command id514
[2026-07-08 16:47:03] data_length 17 iseq 159
[2026-07-08 16:47:03] buffer is less than sof_index + frame_length(26), buffer size: b'\xa5\x11\x00\x9fr\x01\x02\t\x01'
[2026-07-08 16:47:03] out while is working
[2026-07-08 16:47:03] data_length 17 iseq 159
[2026-07-08 16:47:03] buffer is less than sof_index + frame_length(26), buffer size: b'\xa5\x11\x00\x9fr\x01\x02\t\x01\x00'
[2026-07-08 16:47:03] out while is working
[2026-07-08 16:47:03] data_length 17 iseq 159
[2026-07-08 16:47:03] begin switch_method
[2026-07-08 16:47:03] find command id513
[2026-07-08 16:47:03] buffer is less than 5, real size: 0
[2026-07-08 16:47:03] out while is working
[2026-07-08 16:47:03] buffer is less than 5, real size: 0
[2026-07-08 16:47:03] out while is working
[2026-07-08 16:47:03] buffer is less than 5, real size: 0
[2026-07-08 16:47:03] out while is working
[2026-07-08 16:47:03] buffer is less than 5, real size: 0
[2026-07-08 16:47:03] out while is working
[2026-07-08 16:47:03] buffer is less than 5, real size: 0
[2026-07-08 16:47:03] out while is working
[2026-07-08 16:47:03] buffer is less than 5, real size: 0
[2026-07-08 16:47:03] out while is working
[2026-07-08 16:47:03] buffer is less than 5, real size: 0
[2026-07-08 16:47:03] out while is working
[2026-07-08 16:47:03] buffer is less than 5, real size: 0
[2026-07-08 16:47:03] out while is working
[2026-07-08 16:47:03] buffer is less than 5, real size: 0
[2026-07-08 16:47:03] out while is working
[2026-07-08 16:47:03] buffer is less than 5, real size: 0
[2026-07-08 16:47:03] out while is working
[2026-07-08 16:47:03] buffer is less than 5, real size: 0
[2026-07-08 16:47:03] out while is working
[2026-07-08 16:47:03] buffer is less than 5, real size: 1
[2026-07-08 16:47:03] out while is working
[2026-07-08 16:47:03] data_length 14 iseq 160
[2026-07-08 16:47:03] begin switch_method
[2026-07-08 16:47:03] find command id514
[2026-07-08 16:47:03] data_length 17 iseq 161
[2026-07-08 16:47:03] buffer is less than sof_index + frame_length(26), buffer size: b'\xa5\x11\x00\xa1\xd3\x01\x02\t\x01'
[2026-07-08 16:47:03] out while is working
[2026-07-08 16:47:03] data_length 17 iseq 161
[2026-07-08 16:47:03] buffer is less than sof_index + frame_length(26), buffer size: b'\xa5\x11\x00\xa1\xd3\x01\x02\t\x01\x00'
[2026-07-08 16:47:03] out while is working
[2026-07-08 16:47:03] data_length 17 iseq 161
[2026-07-08 16:47:03] begin switch_method
[2026-07-08 16:47:03] find command id513
[2026-07-08 16:47:03] buffer is less than 5, real size: 0
[2026-07-08 16:47:03] out while is working
[2026-07-08 16:47:03] buffer is less than 5, real size: 0
[2026-07-08 16:47:03] out while is working
[2026-07-08 16:47:03] buffer is less than 5, real size: 0
[2026-07-08 16:47:03] out while is working
[2026-07-08 16:47:03] buffer is less than 5, real size: 0
[2026-07-08 16:47:03] out while is working
[2026-07-08 16:47:03] buffer is less than 5, real size: 0
[2026-07-08 16:47:03] out while is working
[2026-07-08 16:47:03] buffer is less than 5, real size: 0
[2026-07-08 16:47:03] out while is working
[2026-07-08 16:47:03] buffer is less than 5, real size: 0
[2026-07-08 16:47:03] out while is working
[2026-07-08 16:47:03] buffer is less than 5, real size: 0
[2026-07-08 16:47:03] out while is working
[2026-07-08 16:47:03] buffer is less than 5, real size: 0
[2026-07-08 16:47:03] out while is working
[2026-07-08 16:47:03] buffer is less than 5, real size: 0
[2026-07-08 16:47:03] out while is working
[2026-07-08 16:47:03] buffer is less than 5, real size: 1
[2026-07-08 16:47:03] out while is working
[2026-07-08 16:47:03] data_length 14 iseq 162
[2026-07-08 16:47:03] begin switch_method
[2026-07-08 16:47:03] find command id514
[2026-07-08 16:47:03] data_length 17 iseq 163
[2026-07-08 16:47:03] buffer is less than sof_index + frame_length(26), buffer size: b'\xa5\x11\x00\xa3o\x01\x02\t\x01'
[2026-07-08 16:47:03] out while is working
[2026-07-08 16:47:03] data_length 17 iseq 163
[2026-07-08 16:47:03] buffer is less than sof_index + frame_length(26), buffer size: b'\xa5\x11\x00\xa3o\x01\x02\t\x01\x00'
[2026-07-08 16:47:03] out while is working
[2026-07-08 16:47:03] data_length 17 iseq 163
[2026-07-08 16:47:03] begin switch_method
[2026-07-08 16:47:03] find command id513
[2026-07-08 16:47:03] buffer is less than 5, real size: 0
[2026-07-08 16:47:03] out while is working
[2026-07-08 16:47:03] buffer is less than 5, real size: 0
[2026-07-08 16:47:03] out while is working
[2026-07-08 16:47:03] buffer is less than 5, real size: 0
[2026-07-08 16:47:03] out while is working
[2026-07-08 16:47:03] buffer is less than 5, real size: 0
[2026-07-08 16:47:03] out while is working
[2026-07-08 16:47:03] buffer is less than 5, real size: 0
[2026-07-08 16:47:03] out while is working
[2026-07-08 16:47:03] buffer is less than 5, real size: 0
[2026-07-08 16:47:03] out while is working
[2026-07-08 16:47:03] buffer is less than 5, real size: 0
[2026-07-08 16:47:03] out while is working
[2026-07-08 16:47:03] buffer is less than 5, real size: 0
[2026-07-08 16:47:03] out while is working
[2026-07-08 16:47:03] buffer is less than 5, real size: 0
[2026-07-08 16:47:03] out while is working
[2026-07-08 16:47:03] buffer is less than 5, real size: 0
[2026-07-08 16:47:03] out while is working
[2026-07-08 16:47:03] buffer is less than 5, real size: 1
[2026-07-08 16:47:03] out while is working
[2026-07-08 16:47:03] data_length 14 iseq 164
[2026-07-08 16:47:03] begin switch_method
[2026-07-08 16:47:03] find command id514
[2026-07-08 16:47:03] data_length 17 iseq 165
[2026-07-08 16:47:03] buffer is less than sof_index + frame_length(26), buffer size: b'\xa5\x11\x00\xa5\xb2\x01\x02\t\x01'
[2026-07-08 16:47:03] out while is working
[2026-07-08 16:47:03] data_length 17 iseq 165
[2026-07-08 16:47:03] buffer is less than sof_index + frame_length(26), buffer size: b'\xa5\x11\x00\xa5\xb2\x01\x02\t\x01\x00'
[2026-07-08 16:47:03] out while is working
[2026-07-08 16:47:03] data_length 17 iseq 165
[2026-07-08 16:47:03] begin switch_method
[2026-07-08 16:47:03] find command id513
[2026-07-08 16:47:03] buffer is less than 5, real size: 0
[2026-07-08 16:47:03] out while is working
[2026-07-08 16:47:03] buffer is less than 5, real size: 0
[2026-07-08 16:47:03] out while is working
[2026-07-08 16:47:03] buffer is less than 5, real size: 0
[2026-07-08 16:47:03] out while is working
[2026-07-08 16:47:03] buffer is less than 5, real size: 0
[2026-07-08 16:47:03] out while is working
[2026-07-08 16:47:03] buffer is less than 5, real size: 0
[2026-07-08 16:47:03] out while is working
[2026-07-08 16:47:03] buffer is less than 5, real size: 0
[2026-07-08 16:47:03] out while is working
[2026-07-08 16:47:03] buffer is less than 5, real size: 0
[2026-07-08 16:47:03] out while is working
[2026-07-08 16:47:03] buffer is less than 5, real size: 0
[2026-07-08 16:47:03] out while is working
[2026-07-08 16:47:03] buffer is less than 5, real size: 0
[2026-07-08 16:47:03] out while is working
[2026-07-08 16:47:03] buffer is less than 5, real size: 0
[2026-07-08 16:47:03] out while is working
[2026-07-08 16:47:03] buffer is less than 5, real size: 1
[2026-07-08 16:47:03] out while is working
[2026-07-08 16:47:03] data_length 14 iseq 166
[2026-07-08 16:47:03] begin switch_method
[2026-07-08 16:47:03] find command id514
[2026-07-08 16:47:03] data_length 17 iseq 167
[2026-07-08 16:47:03] buffer is less than sof_index + frame_length(26), buffer size: b'\xa5\x11\x00\xa7\x0e\x01\x02\t\x01'
[2026-07-08 16:47:03] out while is working
[2026-07-08 16:47:03] data_length 17 iseq 167
[2026-07-08 16:47:03] buffer is less than sof_index + frame_length(26), buffer size: b'\xa5\x11\x00\xa7\x0e\x01\x02\t\x01\x00'
[2026-07-08 16:47:03] out while is working
[2026-07-08 16:47:03] data_length 17 iseq 167
[2026-07-08 16:47:03] begin switch_method
[2026-07-08 16:47:03] find command id513
[2026-07-08 16:47:03] buffer is less than 5, real size: 0
[2026-07-08 16:47:03] out while is working
[2026-07-08 16:47:03] buffer is less than 5, real size: 0
[2026-07-08 16:47:03] out while is working
[2026-07-08 16:47:03] buffer is less than 5, real size: 0
[2026-07-08 16:47:03] out while is working
[2026-07-08 16:47:03] buffer is less than 5, real size: 0
[2026-07-08 16:47:03] out while is working
[2026-07-08 16:47:04] buffer is less than 5, real size: 0
[2026-07-08 16:47:04] out while is working
[2026-07-08 16:47:04] buffer is less than 5, real size: 0
[2026-07-08 16:47:04] out while is working
[2026-07-08 16:47:04] buffer is less than 5, real size: 0
[2026-07-08 16:47:04] out while is working
[2026-07-08 16:47:04] buffer is less than 5, real size: 0
[2026-07-08 16:47:04] out while is working
[2026-07-08 16:47:04] buffer is less than 5, real size: 0
[2026-07-08 16:47:04] out while is working
[2026-07-08 16:47:04] buffer is less than 5, real size: 0
[2026-07-08 16:47:04] out while is working
[2026-07-08 16:47:04] buffer is less than 5, real size: 1
[2026-07-08 16:47:04] out while is working
[2026-07-08 16:47:04] data_length 14 iseq 168
[2026-07-08 16:47:04] begin switch_method
[2026-07-08 16:47:04] find command id514
[2026-07-08 16:47:04] data_length 12 iseq 169
[2026-07-08 16:47:04] buffer is less than sof_index + frame_length(21), buffer size: b'\xa5\x0c\x00\xa9K\x03\x02\x00\x00'
[2026-07-08 16:47:04] out while is working
[2026-07-08 16:47:04] data_length 12 iseq 169
[2026-07-08 16:47:04] buffer is less than sof_index + frame_length(21), buffer size: b'\xa5\x0c\x00\xa9K\x03\x02\x00\x00\x00'
[2026-07-08 16:47:04] out while is working
[2026-07-08 16:47:04] data_length 12 iseq 169
[2026-07-08 16:47:04] begin switch_method
[2026-07-08 16:47:04] find command id515
[2026-07-08 16:47:04] data_length 17 iseq 170
[2026-07-08 16:47:04] buffer is less than sof_index + frame_length(26), buffer size: b'\xa5\x11\x00\xaa\xf3\x01\x02\t\x01\x00\x00\x00\x00\x00\x00\x00\x00\x00\x00\x00'
[2026-07-08 16:47:04] out while is working
[2026-07-08 16:47:04] data_length 17 iseq 170
[2026-07-08 16:47:04] buffer is less than sof_index + frame_length(26), buffer size: b'\xa5\x11\x00\xaa\xf3\x01\x02\t\x01\x00\x00\x00\x00\x00\x00\x00\x00\x00\x00\x00\x00'
[2026-07-08 16:47:04] out while is working
[2026-07-08 16:47:04] data_length 17 iseq 170
[2026-07-08 16:47:04] begin switch_method
[2026-07-08 16:47:04] find command id513
[2026-07-08 16:47:04] buffer is less than 5, real size: 0
[2026-07-08 16:47:04] out while is working
[2026-07-08 16:47:04] buffer is less than 5, real size: 0
[2026-07-08 16:47:04] out while is working
[2026-07-08 16:47:04] buffer is less than 5, real size: 0
[2026-07-08 16:47:04] out while is working
[2026-07-08 16:47:04] buffer is less than 5, real size: 0
[2026-07-08 16:47:04] out while is working
[2026-07-08 16:47:04] buffer is less than 5, real size: 0
[2026-07-08 16:47:04] out while is working
[2026-07-08 16:47:04] buffer is less than 5, real size: 0
[2026-07-08 16:47:04] out while is working
[2026-07-08 16:47:04] buffer is less than 5, real size: 0
[2026-07-08 16:47:04] out while is working
[2026-07-08 16:47:04] buffer is less than 5, real size: 0
[2026-07-08 16:47:04] out while is working
[2026-07-08 16:47:04] buffer is less than 5, real size: 0
[2026-07-08 16:47:04] out while is working
[2026-07-08 16:47:04] buffer is less than 5, real size: 0
[2026-07-08 16:47:04] out while is working
[2026-07-08 16:47:04] buffer is less than 5, real size: 1
[2026-07-08 16:47:04] out while is working
[2026-07-08 16:47:04] data_length 14 iseq 171
[2026-07-08 16:47:04] begin switch_method
[2026-07-08 16:47:04] find command id514
[2026-07-08 16:47:04] data_length 17 iseq 172
[2026-07-08 16:47:04] buffer is less than sof_index + frame_length(26), buffer size: b'\xa5\x11\x00\xac.\x01\x02\t\x01'
[2026-07-08 16:47:04] out while is working
[2026-07-08 16:47:04] data_length 17 iseq 172
[2026-07-08 16:47:04] buffer is less than sof_index + frame_length(26), buffer size: b'\xa5\x11\x00\xac.\x01\x02\t\x01\x00'
[2026-07-08 16:47:04] out while is working
[2026-07-08 16:47:04] data_length 17 iseq 172
[2026-07-08 16:47:04] begin switch_method
[2026-07-08 16:47:04] find command id513
[2026-07-08 16:47:04] buffer is less than 5, real size: 0
[2026-07-08 16:47:04] out while is working
[2026-07-08 16:47:04] buffer is less than 5, real size: 0
[2026-07-08 16:47:04] out while is working
[2026-07-08 16:47:04] buffer is less than 5, real size: 0
[2026-07-08 16:47:04] out while is working
[2026-07-08 16:47:04] buffer is less than 5, real size: 0
[2026-07-08 16:47:04] out while is working
[2026-07-08 16:47:04] buffer is less than 5, real size: 0
[2026-07-08 16:47:04] out while is working
[2026-07-08 16:47:04] buffer is less than 5, real size: 0
[2026-07-08 16:47:04] out while is working
[2026-07-08 16:47:04] buffer is less than 5, real size: 0
[2026-07-08 16:47:04] out while is working
[2026-07-08 16:47:04] buffer is less than 5, real size: 0
[2026-07-08 16:47:04] out while is working
[2026-07-08 16:47:04] buffer is less than 5, real size: 0
[2026-07-08 16:47:04] out while is working
[2026-07-08 16:47:04] buffer is less than 5, real size: 0
[2026-07-08 16:47:04] out while is working
[2026-07-08 16:47:04] buffer is less than 5, real size: 0
[2026-07-08 16:47:04] out while is working
[2026-07-08 16:47:04] data_length 14 iseq 173
[2026-07-08 16:47:04] begin switch_method
[2026-07-08 16:47:04] find command id514
[2026-07-08 16:47:04] data_length 17 iseq 174
[2026-07-08 16:47:04] buffer is less than sof_index + frame_length(26), buffer size: b'\xa5\x11\x00\xae\x92\x01\x02\t\x01'
[2026-07-08 16:47:04] out while is working
[2026-07-08 16:47:04] data_length 17 iseq 174
[2026-07-08 16:47:04] buffer is less than sof_index + frame_length(26), buffer size: b'\xa5\x11\x00\xae\x92\x01\x02\t\x01\x00'
[2026-07-08 16:47:04] out while is working
[2026-07-08 16:47:04] data_length 17 iseq 174
[2026-07-08 16:47:04] begin switch_method
[2026-07-08 16:47:04] find command id513
[2026-07-08 16:47:04] buffer is less than 5, real size: 0
[2026-07-08 16:47:04] out while is working
[2026-07-08 16:47:04] buffer is less than 5, real size: 0
[2026-07-08 16:47:04] out while is working
[2026-07-08 16:47:04] buffer is less than 5, real size: 0
[2026-07-08 16:47:04] out while is working
[2026-07-08 16:47:04] buffer is less than 5, real size: 0
[2026-07-08 16:47:04] out while is working
[2026-07-08 16:47:04] buffer is less than 5, real size: 0
[2026-07-08 16:47:04] out while is working
[2026-07-08 16:47:04] buffer is less than 5, real size: 0
[2026-07-08 16:47:04] out while is working
[2026-07-08 16:47:04] buffer is less than 5, real size: 0
[2026-07-08 16:47:04] out while is working
[2026-07-08 16:47:04] buffer is less than 5, real size: 0
[2026-07-08 16:47:04] out while is working
[2026-07-08 16:47:04] buffer is less than 5, real size: 0
[2026-07-08 16:47:04] out while is working
[2026-07-08 16:47:04] buffer is less than 5, real size: 0
[2026-07-08 16:47:04] out while is working
[2026-07-08 16:47:04] buffer is less than 5, real size: 1
[2026-07-08 16:47:04] out while is working
[2026-07-08 16:47:04] data_length 14 iseq 175
[2026-07-08 16:47:04] begin switch_method
[2026-07-08 16:47:04] find command id514
[2026-07-08 16:47:04] data_length 17 iseq 176
[2026-07-08 16:47:04] buffer is less than sof_index + frame_length(26), buffer size: b'\xa5\x11\x00\xb0\x10\x01\x02\t\x01'
[2026-07-08 16:47:04] out while is working
[2026-07-08 16:47:04] data_length 17 iseq 176
[2026-07-08 16:47:04] buffer is less than sof_index + frame_length(26), buffer size: b'\xa5\x11\x00\xb0\x10\x01\x02\t\x01\x00'
[2026-07-08 16:47:04] out while is working
[2026-07-08 16:47:04] data_length 17 iseq 176
[2026-07-08 16:47:04] begin switch_method
[2026-07-08 16:47:04] find command id513
[2026-07-08 16:47:04] buffer is less than 5, real size: 0
[2026-07-08 16:47:04] out while is working
[2026-07-08 16:47:04] buffer is less than 5, real size: 0
[2026-07-08 16:47:04] out while is working
[2026-07-08 16:47:04] buffer is less than 5, real size: 0
[2026-07-08 16:47:04] out while is working
[2026-07-08 16:47:04] buffer is less than 5, real size: 0
[2026-07-08 16:47:04] out while is working
[2026-07-08 16:47:04] buffer is less than 5, real size: 0
[2026-07-08 16:47:04] out while is working
[2026-07-08 16:47:04] buffer is less than 5, real size: 0
[2026-07-08 16:47:04] out while is working
[2026-07-08 16:47:04] buffer is less than 5, real size: 0
[2026-07-08 16:47:04] out while is working
[2026-07-08 16:47:04] buffer is less than 5, real size: 0
[2026-07-08 16:47:04] out while is working
[2026-07-08 16:47:04] buffer is less than 5, real size: 0
[2026-07-08 16:47:04] out while is working
[2026-07-08 16:47:04] buffer is less than 5, real size: 0
[2026-07-08 16:47:04] out while is working
[2026-07-08 16:47:04] buffer is less than 5, real size: 1
[2026-07-08 16:47:04] out while is working
[2026-07-08 16:47:04] data_length 14 iseq 177
[2026-07-08 16:47:04] begin switch_method
[2026-07-08 16:47:04] find command id514
[2026-07-08 16:47:04] data_length 17 iseq 178
[2026-07-08 16:47:04] buffer is less than sof_index + frame_length(26), buffer size: b'\xa5\x11\x00\xb2\xac\x01\x02\t\x01'
[2026-07-08 16:47:04] out while is working
[2026-07-08 16:47:04] data_length 17 iseq 178
[2026-07-08 16:47:04] buffer is less than sof_index + frame_length(26), buffer size: b'\xa5\x11\x00\xb2\xac\x01\x02\t\x01\x00'
[2026-07-08 16:47:04] out while is working
[2026-07-08 16:47:04] data_length 17 iseq 178
[2026-07-08 16:47:04] begin switch_method
[2026-07-08 16:47:04] find command id513
[2026-07-08 16:47:04] buffer is less than 5, real size: 0
[2026-07-08 16:47:04] out while is working
[2026-07-08 16:47:04] buffer is less than 5, real size: 0
[2026-07-08 16:47:04] out while is working
[2026-07-08 16:47:04] buffer is less than 5, real size: 0
[2026-07-08 16:47:04] out while is working
[2026-07-08 16:47:04] buffer is less than 5, real size: 0
[2026-07-08 16:47:04] out while is working
[2026-07-08 16:47:04] buffer is less than 5, real size: 0
[2026-07-08 16:47:04] out while is working
[2026-07-08 16:47:04] buffer is less than 5, real size: 0
[2026-07-08 16:47:04] out while is working
[2026-07-08 16:47:04] buffer is less than 5, real size: 0
[2026-07-08 16:47:04] out while is working
[2026-07-08 16:47:04] buffer is less than 5, real size: 0
[2026-07-08 16:47:04] out while is working
[2026-07-08 16:47:04] buffer is less than 5, real size: 0
[2026-07-08 16:47:04] out while is working
[2026-07-08 16:47:04] buffer is less than 5, real size: 0
[2026-07-08 16:47:04] out while is working
[2026-07-08 16:47:04] buffer is less than 5, real size: 1
[2026-07-08 16:47:04] out while is working
[2026-07-08 16:47:04] data_length 14 iseq 179
[2026-07-08 16:47:04] begin switch_method
[2026-07-08 16:47:04] find command id514
[2026-07-08 16:47:04] data_length 17 iseq 180
[2026-07-08 16:47:04] buffer is less than sof_index + frame_length(26), buffer size: b'\xa5\x11\x00\xb4q\x01\x02\t\x01'
[2026-07-08 16:47:04] out while is working
[2026-07-08 16:47:04] data_length 17 iseq 180
[2026-07-08 16:47:04] buffer is less than sof_index + frame_length(26), buffer size: b'\xa5\x11\x00\xb4q\x01\x02\t\x01\x00'
[2026-07-08 16:47:04] out while is working
[2026-07-08 16:47:04] data_length 17 iseq 180
[2026-07-08 16:47:04] begin switch_method
[2026-07-08 16:47:04] find command id513
[2026-07-08 16:47:04] buffer is less than 5, real size: 0
[2026-07-08 16:47:04] out while is working
[2026-07-08 16:47:04] buffer is less than 5, real size: 0
[2026-07-08 16:47:04] out while is working
[2026-07-08 16:47:04] buffer is less than 5, real size: 0
[2026-07-08 16:47:04] out while is working
[2026-07-08 16:47:04] buffer is less than 5, real size: 0
[2026-07-08 16:47:04] out while is working
[2026-07-08 16:47:04] buffer is less than 5, real size: 0
[2026-07-08 16:47:04] out while is working
[2026-07-08 16:47:04] buffer is less than 5, real size: 0
[2026-07-08 16:47:04] out while is working
[2026-07-08 16:47:04] buffer is less than 5, real size: 0
[2026-07-08 16:47:04] out while is working
[2026-07-08 16:47:04] buffer is less than 5, real size: 0
[2026-07-08 16:47:04] out while is working
[2026-07-08 16:47:04] buffer is less than 5, real size: 0
[2026-07-08 16:47:04] out while is working
[2026-07-08 16:47:04] buffer is less than 5, real size: 0
[2026-07-08 16:47:04] out while is working
[2026-07-08 16:47:04] buffer is less than 5, real size: 0
[2026-07-08 16:47:04] out while is working
[2026-07-08 16:47:04] buffer is less than 5, real size: 1
[2026-07-08 16:47:04] out while is working
[2026-07-08 16:47:04] data_length 14 iseq 181
[2026-07-08 16:47:04] begin switch_method
[2026-07-08 16:47:04] find command id514
[2026-07-08 16:47:04] data_length 17 iseq 182
[2026-07-08 16:47:04] buffer is less than sof_index + frame_length(26), buffer size: b'\xa5\x11\x00\xb6\xcd\x01\x02\t\x01'
[2026-07-08 16:47:04] out while is working
[2026-07-08 16:47:04] data_length 17 iseq 182
[2026-07-08 16:47:04] buffer is less than sof_index + frame_length(26), buffer size: b'\xa5\x11\x00\xb6\xcd\x01\x02\t\x01\x00'
[2026-07-08 16:47:04] out while is working
[2026-07-08 16:47:04] data_length 17 iseq 182
[2026-07-08 16:47:04] begin switch_method
[2026-07-08 16:47:04] find command id513
[2026-07-08 16:47:04] buffer is less than 5, real size: 0
[2026-07-08 16:47:04] out while is working
[2026-07-08 16:47:04] buffer is less than 5, real size: 0
[2026-07-08 16:47:04] out while is working
[2026-07-08 16:47:04] buffer is less than 5, real size: 0
[2026-07-08 16:47:04] out while is working
[2026-07-08 16:47:04] buffer is less than 5, real size: 0
[2026-07-08 16:47:04] out while is working
[2026-07-08 16:47:04] buffer is less than 5, real size: 0
[2026-07-08 16:47:04] out while is working
[2026-07-08 16:47:04] buffer is less than 5, real size: 0
[2026-07-08 16:47:04] out while is working
[2026-07-08 16:47:04] buffer is less than 5, real size: 0
[2026-07-08 16:47:04] out while is working
[2026-07-08 16:47:04] buffer is less than 5, real size: 0
[2026-07-08 16:47:04] out while is working
[2026-07-08 16:47:04] buffer is less than 5, real size: 0
[2026-07-08 16:47:04] out while is working
[2026-07-08 16:47:04] buffer is less than 5, real size: 0
[2026-07-08 16:47:04] out while is working
[2026-07-08 16:47:04] buffer is less than 5, real size: 0
[2026-07-08 16:47:04] out while is working
[2026-07-08 16:47:04] buffer is less than 5, real size: 1
[2026-07-08 16:47:04] out while is working
[2026-07-08 16:47:04] data_length 14 iseq 183
[2026-07-08 16:47:04] begin switch_method
[2026-07-08 16:47:04] find command id514
[2026-07-08 16:47:04] data_length 17 iseq 184
[2026-07-08 16:47:04] buffer is less than sof_index + frame_length(26), buffer size: b'\xa5\x11\x00\xb8\xd2\x01\x02\t\x01'
[2026-07-08 16:47:04] out while is working
[2026-07-08 16:47:04] data_length 17 iseq 184
[2026-07-08 16:47:04] buffer is less than sof_index + frame_length(26), buffer size: b'\xa5\x11\x00\xb8\xd2\x01\x02\t\x01\x00'
[2026-07-08 16:47:04] out while is working
[2026-07-08 16:47:04] data_length 17 iseq 184
[2026-07-08 16:47:04] begin switch_method
[2026-07-08 16:47:04] find command id513
[2026-07-08 16:47:04] buffer is less than 5, real size: 0
[2026-07-08 16:47:04] out while is working
[2026-07-08 16:47:04] buffer is less than 5, real size: 0
[2026-07-08 16:47:04] out while is working
[2026-07-08 16:47:04] buffer is less than 5, real size: 0
[2026-07-08 16:47:04] out while is working
[2026-07-08 16:47:04] buffer is less than 5, real size: 0
[2026-07-08 16:47:04] out while is working
[2026-07-08 16:47:04] buffer is less than 5, real size: 0
[2026-07-08 16:47:04] out while is working
[2026-07-08 16:47:04] buffer is less than 5, real size: 0
[2026-07-08 16:47:04] out while is working
[2026-07-08 16:47:04] buffer is less than 5, real size: 0
[2026-07-08 16:47:04] out while is working
[2026-07-08 16:47:04] buffer is less than 5, real size: 0
[2026-07-08 16:47:04] out while is working
[2026-07-08 16:47:04] buffer is less than 5, real size: 0
[2026-07-08 16:47:04] out while is working
[2026-07-08 16:47:04] buffer is less than 5, real size: 0
[2026-07-08 16:47:04] out while is working
[2026-07-08 16:47:04] buffer is less than 5, real size: 0
[2026-07-08 16:47:04] out while is working
[2026-07-08 16:47:04] buffer is less than 5, real size: 1
[2026-07-08 16:47:04] out while is working
[2026-07-08 16:47:04] data_length 14 iseq 185
[2026-07-08 16:47:04] begin switch_method
[2026-07-08 16:47:04] find command id514
[2026-07-08 16:47:04] data_length 17 iseq 186
[2026-07-08 16:47:04] buffer is less than sof_index + frame_length(26), buffer size: b'\xa5\x11\x00\xban\x01\x02\t\x01'
[2026-07-08 16:47:04] out while is working
[2026-07-08 16:47:04] data_length 17 iseq 186
[2026-07-08 16:47:04] buffer is less than sof_index + frame_length(26), buffer size: b'\xa5\x11\x00\xban\x01\x02\t\x01\x00'
[2026-07-08 16:47:04] out while is working
[2026-07-08 16:47:04] data_length 17 iseq 186
[2026-07-08 16:47:04] begin switch_method
[2026-07-08 16:47:04] find command id513
[2026-07-08 16:47:04] buffer is less than 5, real size: 0
[2026-07-08 16:47:04] out while is working
[2026-07-08 16:47:04] buffer is less than 5, real size: 0
[2026-07-08 16:47:04] out while is working
[2026-07-08 16:47:04] buffer is less than 5, real size: 0
[2026-07-08 16:47:04] out while is working
[2026-07-08 16:47:04] buffer is less than 5, real size: 0
[2026-07-08 16:47:04] out while is working
[2026-07-08 16:47:04] buffer is less than 5, real size: 0
[2026-07-08 16:47:04] out while is working
[2026-07-08 16:47:04] buffer is less than 5, real size: 0
[2026-07-08 16:47:04] out while is working
[2026-07-08 16:47:04] buffer is less than 5, real size: 0
[2026-07-08 16:47:04] out while is working
[2026-07-08 16:47:04] buffer is less than 5, real size: 0
[2026-07-08 16:47:04] out while is working
[2026-07-08 16:47:04] buffer is less than 5, real size: 0
[2026-07-08 16:47:04] out while is working
[2026-07-08 16:47:04] buffer is less than 5, real size: 0
[2026-07-08 16:47:04] out while is working
[2026-07-08 16:47:04] buffer is less than 5, real size: 1
[2026-07-08 16:47:04] out while is working
[2026-07-08 16:47:04] data_length 14 iseq 187
[2026-07-08 16:47:04] begin switch_method
[2026-07-08 16:47:04] find command id514
[2026-07-08 16:47:04] data_length 17 iseq 188
[2026-07-08 16:47:04] buffer is less than sof_index + frame_length(26), buffer size: b'\xa5\x11\x00\xbc\xb3\x01\x02\t\x01'
[2026-07-08 16:47:04] out while is working
[2026-07-08 16:47:04] data_length 17 iseq 188
[2026-07-08 16:47:04] buffer is less than sof_index + frame_length(26), buffer size: b'\xa5\x11\x00\xbc\xb3\x01\x02\t\x01\x00'
[2026-07-08 16:47:04] out while is working
[2026-07-08 16:47:04] data_length 17 iseq 188
[2026-07-08 16:47:04] begin switch_method
[2026-07-08 16:47:04] find command id513
[2026-07-08 16:47:04] buffer is less than 5, real size: 0
[2026-07-08 16:47:04] out while is working
[2026-07-08 16:47:05] buffer is less than 5, real size: 0
[2026-07-08 16:47:05] out while is working
[2026-07-08 16:47:05] buffer is less than 5, real size: 0
[2026-07-08 16:47:05] out while is working
[2026-07-08 16:47:05] buffer is less than 5, real size: 0
[2026-07-08 16:47:05] out while is working
[2026-07-08 16:47:05] buffer is less than 5, real size: 0
[2026-07-08 16:47:05] out while is working
[2026-07-08 16:47:05] buffer is less than 5, real size: 0
[2026-07-08 16:47:05] out while is working
[2026-07-08 16:47:05] buffer is less than 5, real size: 0
[2026-07-08 16:47:05] out while is working
[2026-07-08 16:47:05] buffer is less than 5, real size: 0
[2026-07-08 16:47:05] out while is working
[2026-07-08 16:47:05] buffer is less than 5, real size: 0
[2026-07-08 16:47:05] out while is working
[2026-07-08 16:47:05] buffer is less than 5, real size: 0
[2026-07-08 16:47:05] out while is working
[2026-07-08 16:47:05] buffer is less than 5, real size: 1
[2026-07-08 16:47:05] out while is working
[2026-07-08 16:47:05] data_length 14 iseq 189
[2026-07-08 16:47:05] begin switch_method
[2026-07-08 16:47:05] find command id514
[2026-07-08 16:47:05] data_length 12 iseq 190
[2026-07-08 16:47:05] buffer is less than sof_index + frame_length(21), buffer size: b'\xa5\x0c\x00\xbeU\x03\x02\x00\x00'
[2026-07-08 16:47:05] out while is working
[2026-07-08 16:47:05] data_length 12 iseq 190
[2026-07-08 16:47:05] buffer is less than sof_index + frame_length(21), buffer size: b'\xa5\x0c\x00\xbeU\x03\x02\x00\x00\x00'
[2026-07-08 16:47:05] out while is working
[2026-07-08 16:47:05] data_length 12 iseq 190
[2026-07-08 16:47:05] begin switch_method
[2026-07-08 16:47:05] find command id515
[2026-07-08 16:47:05] data_length 17 iseq 191
[2026-07-08 16:47:05] buffer is less than sof_index + frame_length(26), buffer size: b'\xa5\x11\x00\xbfQ\x01\x02\t\x01\x00\x00\x00\x00\x00\x00\x00\x00\x00\x00\x00'
[2026-07-08 16:47:05] out while is working
[2026-07-08 16:47:05] data_length 17 iseq 191
[2026-07-08 16:47:05] buffer is less than sof_index + frame_length(26), buffer size: b'\xa5\x11\x00\xbfQ\x01\x02\t\x01\x00\x00\x00\x00\x00\x00\x00\x00\x00\x00\x00\x00'
[2026-07-08 16:47:05] out while is working
[2026-07-08 16:47:05] data_length 17 iseq 191
[2026-07-08 16:47:05] begin switch_method
[2026-07-08 16:47:05] find command id513
[2026-07-08 16:47:05] buffer is less than 5, real size: 0
[2026-07-08 16:47:05] out while is working
[2026-07-08 16:47:05] buffer is less than 5, real size: 0
[2026-07-08 16:47:05] out while is working
[2026-07-08 16:47:05] buffer is less than 5, real size: 0
[2026-07-08 16:47:05] out while is working
[2026-07-08 16:47:05] buffer is less than 5, real size: 0
[2026-07-08 16:47:05] out while is working
[2026-07-08 16:47:05] buffer is less than 5, real size: 0
[2026-07-08 16:47:05] out while is working
[2026-07-08 16:47:05] buffer is less than 5, real size: 0
[2026-07-08 16:47:05] out while is working
[2026-07-08 16:47:05] buffer is less than 5, real size: 0
[2026-07-08 16:47:05] out while is working
[2026-07-08 16:47:05] buffer is less than 5, real size: 0
[2026-07-08 16:47:05] out while is working
[2026-07-08 16:47:05] buffer is less than 5, real size: 0
[2026-07-08 16:47:05] out while is working
[2026-07-08 16:47:05] buffer is less than 5, real size: 0
[2026-07-08 16:47:05] out while is working
[2026-07-08 16:47:05] buffer is less than 5, real size: 1
[2026-07-08 16:47:05] out while is working
[2026-07-08 16:47:05] data_length 14 iseq 192
[2026-07-08 16:47:05] begin switch_method
[2026-07-08 16:47:05] find command id514
[2026-07-08 16:47:05] data_length 17 iseq 193
[2026-07-08 16:47:05] buffer is less than sof_index + frame_length(26), buffer size: b'\xa5\x11\x00\xc1\xb6\x01\x02\t\x01'
[2026-07-08 16:47:05] out while is working
[2026-07-08 16:47:05] data_length 17 iseq 193
[2026-07-08 16:47:05] buffer is less than sof_index + frame_length(26), buffer size: b'\xa5\x11\x00\xc1\xb6\x01\x02\t\x01\x00'
[2026-07-08 16:47:05] out while is working
[2026-07-08 16:47:05] data_length 17 iseq 193
[2026-07-08 16:47:05] begin switch_method
[2026-07-08 16:47:05] find command id513
[2026-07-08 16:47:05] buffer is less than 5, real size: 0
[2026-07-08 16:47:05] out while is working
[2026-07-08 16:47:05] buffer is less than 5, real size: 0
[2026-07-08 16:47:05] out while is working
[2026-07-08 16:47:05] buffer is less than 5, real size: 0
[2026-07-08 16:47:05] out while is working
[2026-07-08 16:47:05] buffer is less than 5, real size: 0
[2026-07-08 16:47:05] out while is working
[2026-07-08 16:47:05] buffer is less than 5, real size: 0
[2026-07-08 16:47:05] out while is working
[2026-07-08 16:47:05] buffer is less than 5, real size: 0
[2026-07-08 16:47:05] out while is working
[2026-07-08 16:47:05] buffer is less than 5, real size: 0
[2026-07-08 16:47:05] out while is working
[2026-07-08 16:47:05] buffer is less than 5, real size: 0
[2026-07-08 16:47:05] out while is working
[2026-07-08 16:47:05] buffer is less than 5, real size: 0
[2026-07-08 16:47:05] out while is working
[2026-07-08 16:47:05] buffer is less than 5, real size: 0
[2026-07-08 16:47:05] out while is working
[2026-07-08 16:47:05] buffer is less than 5, real size: 1
[2026-07-08 16:47:05] out while is working
[2026-07-08 16:47:05] data_length 14 iseq 194
[2026-07-08 16:47:05] begin switch_method
[2026-07-08 16:47:05] find command id514
[2026-07-08 16:47:05] data_length 17 iseq 195
[2026-07-08 16:47:05] buffer is less than sof_index + frame_length(26), buffer size: b'\xa5\x11\x00\xc3\n\x01\x02\t\x01'
[2026-07-08 16:47:05] out while is working
[2026-07-08 16:47:05] data_length 17 iseq 195
[2026-07-08 16:47:05] buffer is less than sof_index + frame_length(26), buffer size: b'\xa5\x11\x00\xc3\n\x01\x02\t\x01\x00'
[2026-07-08 16:47:05] out while is working
[2026-07-08 16:47:05] data_length 17 iseq 195
[2026-07-08 16:47:05] begin switch_method
[2026-07-08 16:47:05] find command id513
[2026-07-08 16:47:05] buffer is less than 5, real size: 0
[2026-07-08 16:47:05] out while is working
[2026-07-08 16:47:05] buffer is less than 5, real size: 0
[2026-07-08 16:47:05] out while is working
[2026-07-08 16:47:05] buffer is less than 5, real size: 0
[2026-07-08 16:47:05] out while is working
[2026-07-08 16:47:05] buffer is less than 5, real size: 0
[2026-07-08 16:47:05] out while is working
[2026-07-08 16:47:05] buffer is less than 5, real size: 0
[2026-07-08 16:47:05] out while is working
[2026-07-08 16:47:05] buffer is less than 5, real size: 0
[2026-07-08 16:47:05] out while is working
[2026-07-08 16:47:05] buffer is less than 5, real size: 0
[2026-07-08 16:47:05] out while is working
[2026-07-08 16:47:05] buffer is less than 5, real size: 0
[2026-07-08 16:47:05] out while is working
[2026-07-08 16:47:05] buffer is less than 5, real size: 0
[2026-07-08 16:47:05] out while is working
[2026-07-08 16:47:05] buffer is less than 5, real size: 0
[2026-07-08 16:47:05] out while is working
[2026-07-08 16:47:05] buffer is less than 5, real size: 1
[2026-07-08 16:47:05] out while is working
[2026-07-08 16:47:05] data_length 14 iseq 196
[2026-07-08 16:47:05] begin switch_method
[2026-07-08 16:47:05] find command id514
[2026-07-08 16:47:05] data_length 17 iseq 197
[2026-07-08 16:47:05] buffer is less than sof_index + frame_length(26), buffer size: b'\xa5\x11\x00\xc5\xd7\x01\x02\t\x01'
[2026-07-08 16:47:05] out while is working
[2026-07-08 16:47:05] data_length 17 iseq 197
[2026-07-08 16:47:05] buffer is less than sof_index + frame_length(26), buffer size: b'\xa5\x11\x00\xc5\xd7\x01\x02\t\x01\x00'
[2026-07-08 16:47:05] out while is working
[2026-07-08 16:47:05] data_length 17 iseq 197
[2026-07-08 16:47:05] begin switch_method
[2026-07-08 16:47:05] find command id513
[2026-07-08 16:47:05] buffer is less than 5, real size: 0
[2026-07-08 16:47:05] out while is working
[2026-07-08 16:47:05] buffer is less than 5, real size: 0
[2026-07-08 16:47:05] out while is working
[2026-07-08 16:47:05] buffer is less than 5, real size: 0
[2026-07-08 16:47:05] out while is working
[2026-07-08 16:47:05] buffer is less than 5, real size: 0
[2026-07-08 16:47:05] out while is working
[2026-07-08 16:47:05] buffer is less than 5, real size: 0
[2026-07-08 16:47:05] out while is working
[2026-07-08 16:47:05] buffer is less than 5, real size: 0
[2026-07-08 16:47:05] out while is working
[2026-07-08 16:47:05] buffer is less than 5, real size: 0
[2026-07-08 16:47:05] out while is working
[2026-07-08 16:47:05] buffer is less than 5, real size: 0
[2026-07-08 16:47:05] out while is working
[2026-07-08 16:47:05] buffer is less than 5, real size: 0
[2026-07-08 16:47:05] out while is working
[2026-07-08 16:47:05] buffer is less than 5, real size: 0
[2026-07-08 16:47:05] out while is working
[2026-07-08 16:47:05] buffer is less than 5, real size: 1
[2026-07-08 16:47:05] out while is working
[2026-07-08 16:47:05] data_length 14 iseq 198
[2026-07-08 16:47:05] begin switch_method
[2026-07-08 16:47:05] find command id514
[2026-07-08 16:47:05] data_length 17 iseq 199
[2026-07-08 16:47:05] buffer is less than sof_index + frame_length(26), buffer size: b'\xa5\x11\x00\xc7k\x01\x02\t\x01'
[2026-07-08 16:47:05] out while is working
[2026-07-08 16:47:05] data_length 17 iseq 199
[2026-07-08 16:47:05] buffer is less than sof_index + frame_length(26), buffer size: b'\xa5\x11\x00\xc7k\x01\x02\t\x01\x00'
[2026-07-08 16:47:05] out while is working
[2026-07-08 16:47:05] data_length 17 iseq 199
[2026-07-08 16:47:05] begin switch_method
[2026-07-08 16:47:05] find command id513
[2026-07-08 16:47:05] buffer is less than 5, real size: 0
[2026-07-08 16:47:05] out while is working
[2026-07-08 16:47:05] buffer is less than 5, real size: 0
[2026-07-08 16:47:05] out while is working
[2026-07-08 16:47:05] buffer is less than 5, real size: 0
[2026-07-08 16:47:05] out while is working
[2026-07-08 16:47:05] buffer is less than 5, real size: 0
[2026-07-08 16:47:05] out while is working
[2026-07-08 16:47:05] buffer is less than 5, real size: 0
[2026-07-08 16:47:05] out while is working
[2026-07-08 16:47:05] buffer is less than 5, real size: 0
[2026-07-08 16:47:05] out while is working
[2026-07-08 16:47:05] buffer is less than 5, real size: 0
[2026-07-08 16:47:05] out while is working
[2026-07-08 16:47:05] buffer is less than 5, real size: 0
[2026-07-08 16:47:05] out while is working
[2026-07-08 16:47:05] buffer is less than 5, real size: 0
[2026-07-08 16:47:05] out while is working
[2026-07-08 16:47:05] buffer is less than 5, real size: 0
[2026-07-08 16:47:05] out while is working
[2026-07-08 16:47:05] buffer is less than 5, real size: 1
[2026-07-08 16:47:05] out while is working
[2026-07-08 16:47:05] data_length 14 iseq 200
[2026-07-08 16:47:05] begin switch_method
[2026-07-08 16:47:05] find command id514
[2026-07-08 16:47:05] data_length 17 iseq 201
[2026-07-08 16:47:05] buffer is less than sof_index + frame_length(26), buffer size: b'\xa5\x11\x00\xc9t\x01\x02\t\x01'
[2026-07-08 16:47:05] out while is working
[2026-07-08 16:47:05] data_length 17 iseq 201
[2026-07-08 16:47:05] buffer is less than sof_index + frame_length(26), buffer size: b'\xa5\x11\x00\xc9t\x01\x02\t\x01\x00'
[2026-07-08 16:47:05] out while is working
[2026-07-08 16:47:05] data_length 17 iseq 201
[2026-07-08 16:47:05] begin switch_method
[2026-07-08 16:47:05] find command id513
[2026-07-08 16:47:05] buffer is less than 5, real size: 0
[2026-07-08 16:47:05] out while is working
[2026-07-08 16:47:05] buffer is less than 5, real size: 0
[2026-07-08 16:47:05] out while is working
[2026-07-08 16:47:05] buffer is less than 5, real size: 0
[2026-07-08 16:47:05] out while is working
[2026-07-08 16:47:05] buffer is less than 5, real size: 0
[2026-07-08 16:47:05] out while is working
[2026-07-08 16:47:05] buffer is less than 5, real size: 0
[2026-07-08 16:47:05] out while is working
[2026-07-08 16:47:05] buffer is less than 5, real size: 0
[2026-07-08 16:47:05] out while is working
[2026-07-08 16:47:05] buffer is less than 5, real size: 0
[2026-07-08 16:47:05] out while is working
[2026-07-08 16:47:05] buffer is less than 5, real size: 0
[2026-07-08 16:47:05] out while is working
[2026-07-08 16:47:05] buffer is less than 5, real size: 0
[2026-07-08 16:47:05] out while is working
[2026-07-08 16:47:05] buffer is less than 5, real size: 0
[2026-07-08 16:47:05] out while is working
[2026-07-08 16:47:05] buffer is less than 5, real size: 1
[2026-07-08 16:47:05] out while is working
[2026-07-08 16:47:05] data_length 14 iseq 202
[2026-07-08 16:47:05] begin switch_method
[2026-07-08 16:47:05] find command id514
[2026-07-08 16:47:05] data_length 17 iseq 203
[2026-07-08 16:47:05] buffer is less than sof_index + frame_length(26), buffer size: b'\xa5\x11\x00\xcb\xc8\x01\x02\t\x01'
[2026-07-08 16:47:05] out while is working
[2026-07-08 16:47:05] data_length 17 iseq 203
[2026-07-08 16:47:05] buffer is less than sof_index + frame_length(26), buffer size: b'\xa5\x11\x00\xcb\xc8\x01\x02\t\x01\x00'
[2026-07-08 16:47:05] out while is working
[2026-07-08 16:47:05] data_length 17 iseq 203
[2026-07-08 16:47:05] begin switch_method
[2026-07-08 16:47:05] find command id513
[2026-07-08 16:47:05] buffer is less than 5, real size: 0
[2026-07-08 16:47:05] out while is working
[2026-07-08 16:47:05] buffer is less than 5, real size: 0
[2026-07-08 16:47:05] out while is working
[2026-07-08 16:47:05] buffer is less than 5, real size: 0
[2026-07-08 16:47:05] out while is working
[2026-07-08 16:47:05] buffer is less than 5, real size: 0
[2026-07-08 16:47:05] out while is working
[2026-07-08 16:47:05] buffer is less than 5, real size: 0
[2026-07-08 16:47:05] out while is working
[2026-07-08 16:47:05] buffer is less than 5, real size: 0
[2026-07-08 16:47:05] out while is working
[2026-07-08 16:47:05] buffer is less than 5, real size: 0
[2026-07-08 16:47:05] out while is working
[2026-07-08 16:47:05] buffer is less than 5, real size: 0
[2026-07-08 16:47:05] out while is working
[2026-07-08 16:47:05] buffer is less than 5, real size: 0
[2026-07-08 16:47:05] out while is working
[2026-07-08 16:47:05] buffer is less than 5, real size: 0
[2026-07-08 16:47:05] out while is working
[2026-07-08 16:47:05] buffer is less than 5, real size: 1
[2026-07-08 16:47:05] out while is working
[2026-07-08 16:47:05] data_length 14 iseq 204
[2026-07-08 16:47:05] begin switch_method
[2026-07-08 16:47:05] find command id514
[2026-07-08 16:47:05] data_length 17 iseq 205
[2026-07-08 16:47:05] buffer is less than sof_index + frame_length(26), buffer size: b'\xa5\x11\x00\xcd\x15\x01\x02\t\x01'
[2026-07-08 16:47:05] out while is working
[2026-07-08 16:47:05] data_length 17 iseq 205
[2026-07-08 16:47:05] buffer is less than sof_index + frame_length(26), buffer size: b'\xa5\x11\x00\xcd\x15\x01\x02\t\x01\x00'
[2026-07-08 16:47:05] out while is working
[2026-07-08 16:47:05] data_length 17 iseq 205
[2026-07-08 16:47:05] begin switch_method
[2026-07-08 16:47:05] find command id513
[2026-07-08 16:47:05] buffer is less than 5, real size: 0
[2026-07-08 16:47:05] out while is working
[2026-07-08 16:47:05] buffer is less than 5, real size: 0
[2026-07-08 16:47:05] out while is working
[2026-07-08 16:47:05] buffer is less than 5, real size: 0
[2026-07-08 16:47:05] out while is working
[2026-07-08 16:47:05] buffer is less than 5, real size: 0
[2026-07-08 16:47:05] out while is working
[2026-07-08 16:47:05] buffer is less than 5, real size: 0
[2026-07-08 16:47:05] out while is working
[2026-07-08 16:47:05] buffer is less than 5, real size: 0
[2026-07-08 16:47:05] out while is working
[2026-07-08 16:47:05] buffer is less than 5, real size: 0
[2026-07-08 16:47:05] out while is working
[2026-07-08 16:47:05] buffer is less than 5, real size: 0
[2026-07-08 16:47:05] out while is working
[2026-07-08 16:47:05] buffer is less than 5, real size: 0
[2026-07-08 16:47:05] out while is working
[2026-07-08 16:47:05] buffer is less than 5, real size: 0
[2026-07-08 16:47:05] out while is working
[2026-07-08 16:47:05] buffer is less than 5, real size: 1
[2026-07-08 16:47:05] out while is working
[2026-07-08 16:47:05] data_length 14 iseq 206
[2026-07-08 16:47:05] begin switch_method
[2026-07-08 16:47:05] find command id514
[2026-07-08 16:47:05] data_length 17 iseq 207
[2026-07-08 16:47:05] buffer is less than sof_index + frame_length(26), buffer size: b'\xa5\x11\x00\xcf\xa9\x01\x02\t\x01'
[2026-07-08 16:47:05] out while is working
[2026-07-08 16:47:05] data_length 17 iseq 207
[2026-07-08 16:47:05] buffer is less than sof_index + frame_length(26), buffer size: b'\xa5\x11\x00\xcf\xa9\x01\x02\t\x01\x00'
[2026-07-08 16:47:05] out while is working
[2026-07-08 16:47:05] data_length 17 iseq 207
[2026-07-08 16:47:05] begin switch_method
[2026-07-08 16:47:05] find command id513
[2026-07-08 16:47:05] buffer is less than 5, real size: 0
[2026-07-08 16:47:05] out while is working
[2026-07-08 16:47:05] buffer is less than 5, real size: 0
[2026-07-08 16:47:05] out while is working
[2026-07-08 16:47:05] buffer is less than 5, real size: 0
[2026-07-08 16:47:05] out while is working
[2026-07-08 16:47:05] buffer is less than 5, real size: 0
[2026-07-08 16:47:05] out while is working
[2026-07-08 16:47:05] buffer is less than 5, real size: 0
[2026-07-08 16:47:05] out while is working
[2026-07-08 16:47:05] buffer is less than 5, real size: 0
[2026-07-08 16:47:05] out while is working
[2026-07-08 16:47:05] buffer is less than 5, real size: 0
[2026-07-08 16:47:05] out while is working
[2026-07-08 16:47:06] buffer is less than 5, real size: 0
[2026-07-08 16:47:06] out while is working
[2026-07-08 16:47:06] buffer is less than 5, real size: 0
[2026-07-08 16:47:06] out while is working
[2026-07-08 16:47:06] buffer is less than 5, real size: 0
[2026-07-08 16:47:06] out while is working
[2026-07-08 16:47:06] buffer is less than 5, real size: 1
[2026-07-08 16:47:06] out while is working
[2026-07-08 16:47:06] data_length 14 iseq 208
[2026-07-08 16:47:06] begin switch_method
[2026-07-08 16:47:06] find command id514
[2026-07-08 16:47:06] data_length 17 iseq 209
[2026-07-08 16:47:06] buffer is less than sof_index + frame_length(26), buffer size: b'\xa5\x11\x00\xd1+\x01\x02\t\x01'
[2026-07-08 16:47:06] out while is working
[2026-07-08 16:47:06] data_length 17 iseq 209
[2026-07-08 16:47:06] buffer is less than sof_index + frame_length(26), buffer size: b'\xa5\x11\x00\xd1+\x01\x02\t\x01\x00'
[2026-07-08 16:47:06] out while is working
[2026-07-08 16:47:06] data_length 17 iseq 209
[2026-07-08 16:47:06] begin switch_method
[2026-07-08 16:47:06] find command id513
[2026-07-08 16:47:06] buffer is less than 5, real size: 0
[2026-07-08 16:47:06] out while is working
[2026-07-08 16:47:06] buffer is less than 5, real size: 0
[2026-07-08 16:47:06] out while is working
[2026-07-08 16:47:06] buffer is less than 5, real size: 0
[2026-07-08 16:47:06] out while is working
[2026-07-08 16:47:06] buffer is less than 5, real size: 0
[2026-07-08 16:47:06] out while is working
[2026-07-08 16:47:06] buffer is less than 5, real size: 0
[2026-07-08 16:47:06] out while is working
[2026-07-08 16:47:06] buffer is less than 5, real size: 0
[2026-07-08 16:47:06] out while is working
[2026-07-08 16:47:06] buffer is less than 5, real size: 0
[2026-07-08 16:47:06] out while is working
[2026-07-08 16:47:06] buffer is less than 5, real size: 0
[2026-07-08 16:47:06] out while is working
[2026-07-08 16:47:06] buffer is less than 5, real size: 0
[2026-07-08 16:47:06] out while is working
[2026-07-08 16:47:06] buffer is less than 5, real size: 0
[2026-07-08 16:47:06] out while is working
[2026-07-08 16:47:06] buffer is less than 5, real size: 0
[2026-07-08 16:47:06] out while is working
[2026-07-08 16:47:06] buffer is less than 5, real size: 1
[2026-07-08 16:47:06] out while is working
[2026-07-08 16:47:06] data_length 14 iseq 210
[2026-07-08 16:47:06] begin switch_method
[2026-07-08 16:47:06] find command id514
[2026-07-08 16:47:06] data_length 12 iseq 211
[2026-07-08 16:47:06] buffer is less than sof_index + frame_length(21), buffer size: b'\xa5\x0c\x00\xd3\xcd\x03\x02\x00\x00'
[2026-07-08 16:47:06] out while is working
[2026-07-08 16:47:06] data_length 12 iseq 211
[2026-07-08 16:47:06] buffer is less than sof_index + frame_length(21), buffer size: b'\xa5\x0c\x00\xd3\xcd\x03\x02\x00\x00\x00'
[2026-07-08 16:47:06] out while is working
[2026-07-08 16:47:06] data_length 12 iseq 211
[2026-07-08 16:47:06] begin switch_method
[2026-07-08 16:47:06] find command id515
[2026-07-08 16:47:06] data_length 17 iseq 212
[2026-07-08 16:47:06] buffer is less than sof_index + frame_length(26), buffer size: b'\xa5\x11\x00\xd4\x14\x01\x02\t\x01\x00\x00\x00\x00\x00\x00\x00\x00\x00\x00\x00'
[2026-07-08 16:47:06] out while is working
[2026-07-08 16:47:06] data_length 17 iseq 212
[2026-07-08 16:47:06] buffer is less than sof_index + frame_length(26), buffer size: b'\xa5\x11\x00\xd4\x14\x01\x02\t\x01\x00\x00\x00\x00\x00\x00\x00\x00\x00\x00\x00\x00'
[2026-07-08 16:47:06] out while is working
[2026-07-08 16:47:06] data_length 17 iseq 212
[2026-07-08 16:47:06] begin switch_method
[2026-07-08 16:47:06] find command id513
[2026-07-08 16:47:06] buffer is less than 5, real size: 0
[2026-07-08 16:47:06] out while is working
[2026-07-08 16:47:06] buffer is less than 5, real size: 0
[2026-07-08 16:47:06] out while is working
[2026-07-08 16:47:06] buffer is less than 5, real size: 0
[2026-07-08 16:47:06] out while is working
[2026-07-08 16:47:06] buffer is less than 5, real size: 0
[2026-07-08 16:47:06] out while is working
[2026-07-08 16:47:06] buffer is less than 5, real size: 0
[2026-07-08 16:47:06] out while is working
[2026-07-08 16:47:06] buffer is less than 5, real size: 0
[2026-07-08 16:47:06] out while is working
[2026-07-08 16:47:06] buffer is less than 5, real size: 0
[2026-07-08 16:47:06] out while is working
[2026-07-08 16:47:06] buffer is less than 5, real size: 0
[2026-07-08 16:47:06] out while is working
[2026-07-08 16:47:06] buffer is less than 5, real size: 0
[2026-07-08 16:47:06] out while is working
[2026-07-08 16:47:06] buffer is less than 5, real size: 0
[2026-07-08 16:47:06] out while is working
[2026-07-08 16:47:06] buffer is less than 5, real size: 1
[2026-07-08 16:47:06] out while is working
[2026-07-08 16:47:06] data_length 14 iseq 213
[2026-07-08 16:47:06] begin switch_method
[2026-07-08 16:47:06] find command id514
[2026-07-08 16:47:06] data_length 17 iseq 214
[2026-07-08 16:47:06] buffer is less than sof_index + frame_length(26), buffer size: b'\xa5\x11\x00\xd6\xa8\x01\x02\t\x01'
[2026-07-08 16:47:06] out while is working
[2026-07-08 16:47:06] data_length 17 iseq 214
[2026-07-08 16:47:06] buffer is less than sof_index + frame_length(26), buffer size: b'\xa5\x11\x00\xd6\xa8\x01\x02\t\x01\x00'
[2026-07-08 16:47:06] out while is working
[2026-07-08 16:47:06] data_length 17 iseq 214
[2026-07-08 16:47:06] begin switch_method
[2026-07-08 16:47:06] find command id513
[2026-07-08 16:47:06] buffer is less than 5, real size: 0
[2026-07-08 16:47:06] out while is working
[2026-07-08 16:47:06] buffer is less than 5, real size: 0
[2026-07-08 16:47:06] out while is working
[2026-07-08 16:47:06] buffer is less than 5, real size: 0
[2026-07-08 16:47:06] out while is working
[2026-07-08 16:47:06] buffer is less than 5, real size: 0
[2026-07-08 16:47:06] out while is working
[2026-07-08 16:47:06] buffer is less than 5, real size: 0
[2026-07-08 16:47:06] out while is working
[2026-07-08 16:47:06] buffer is less than 5, real size: 0
[2026-07-08 16:47:06] out while is working
[2026-07-08 16:47:06] buffer is less than 5, real size: 0
[2026-07-08 16:47:06] out while is working
[2026-07-08 16:47:06] buffer is less than 5, real size: 0
[2026-07-08 16:47:06] out while is working
[2026-07-08 16:47:06] buffer is less than 5, real size: 0
[2026-07-08 16:47:06] out while is working
[2026-07-08 16:47:06] buffer is less than 5, real size: 0
[2026-07-08 16:47:06] out while is working
[2026-07-08 16:47:06] buffer is less than 5, real size: 1
[2026-07-08 16:47:06] out while is working
[2026-07-08 16:47:06] data_length 14 iseq 215
[2026-07-08 16:47:06] begin switch_method
[2026-07-08 16:47:06] find command id514
[2026-07-08 16:47:06] data_length 17 iseq 216
[2026-07-08 16:47:06] buffer is less than sof_index + frame_length(26), buffer size: b'\xa5\x11\x00\xd8\xb7\x01\x02\t\x01'
[2026-07-08 16:47:06] out while is working
[2026-07-08 16:47:06] data_length 17 iseq 216
[2026-07-08 16:47:06] buffer is less than sof_index + frame_length(26), buffer size: b'\xa5\x11\x00\xd8\xb7\x01\x02\t\x01\x00'
[2026-07-08 16:47:06] out while is working
[2026-07-08 16:47:06] data_length 17 iseq 216
[2026-07-08 16:47:06] begin switch_method
[2026-07-08 16:47:06] find command id513
[2026-07-08 16:47:06] buffer is less than 5, real size: 0
[2026-07-08 16:47:06] out while is working
[2026-07-08 16:47:06] buffer is less than 5, real size: 0
[2026-07-08 16:47:06] out while is working
[2026-07-08 16:47:06] buffer is less than 5, real size: 0
[2026-07-08 16:47:06] out while is working
[2026-07-08 16:47:06] buffer is less than 5, real size: 0
[2026-07-08 16:47:06] out while is working
[2026-07-08 16:47:06] buffer is less than 5, real size: 0
[2026-07-08 16:47:06] out while is working
[2026-07-08 16:47:06] buffer is less than 5, real size: 0
[2026-07-08 16:47:06] out while is working
[2026-07-08 16:47:06] buffer is less than 5, real size: 0
[2026-07-08 16:47:06] out while is working
[2026-07-08 16:47:06] buffer is less than 5, real size: 0
[2026-07-08 16:47:06] out while is working
[2026-07-08 16:47:06] buffer is less than 5, real size: 0
[2026-07-08 16:47:06] out while is working
[2026-07-08 16:47:06] buffer is less than 5, real size: 0
[2026-07-08 16:47:06] out while is working
[2026-07-08 16:47:06] buffer is less than 5, real size: 1
[2026-07-08 16:47:06] out while is working
[2026-07-08 16:47:06] data_length 14 iseq 217
[2026-07-08 16:47:06] begin switch_method
[2026-07-08 16:47:06] find command id514
[2026-07-08 16:47:06] data_length 17 iseq 218
[2026-07-08 16:47:06] buffer is less than sof_index + frame_length(26), buffer size: b'\xa5\x11\x00\xda\x0b\x01\x02\t\x01'
[2026-07-08 16:47:06] out while is working
[2026-07-08 16:47:06] data_length 17 iseq 218
[2026-07-08 16:47:06] buffer is less than sof_index + frame_length(26), buffer size: b'\xa5\x11\x00\xda\x0b\x01\x02\t\x01\x00'
[2026-07-08 16:47:06] out while is working
[2026-07-08 16:47:06] data_length 17 iseq 218
[2026-07-08 16:47:06] begin switch_method
[2026-07-08 16:47:06] find command id513
[2026-07-08 16:47:06] buffer is less than 5, real size: 0
[2026-07-08 16:47:06] out while is working
[2026-07-08 16:47:06] buffer is less than 5, real size: 0
[2026-07-08 16:47:06] out while is working
[2026-07-08 16:47:06] buffer is less than 5, real size: 0
[2026-07-08 16:47:06] out while is working
[2026-07-08 16:47:06] buffer is less than 5, real size: 0
[2026-07-08 16:47:06] out while is working
[2026-07-08 16:47:06] buffer is less than 5, real size: 0
[2026-07-08 16:47:06] out while is working
[2026-07-08 16:47:06] buffer is less than 5, real size: 0
[2026-07-08 16:47:06] out while is working
[2026-07-08 16:47:06] buffer is less than 5, real size: 0
[2026-07-08 16:47:06] out while is working
[2026-07-08 16:47:06] buffer is less than 5, real size: 0
[2026-07-08 16:47:06] out while is working
[2026-07-08 16:47:06] buffer is less than 5, real size: 0
[2026-07-08 16:47:06] out while is working
[2026-07-08 16:47:06] buffer is less than 5, real size: 0
[2026-07-08 16:47:06] out while is working
[2026-07-08 16:47:06] buffer is less than 5, real size: 0
[2026-07-08 16:47:06] out while is working
[2026-07-08 16:47:06] buffer is less than 5, real size: 0
[2026-07-08 16:47:06] out while is working
[2026-07-08 16:47:06] buffer is less than 5, real size: 1
[2026-07-08 16:47:06] out while is working
[2026-07-08 16:47:06] data_length 14 iseq 219
[2026-07-08 16:47:06] begin switch_method
[2026-07-08 16:47:06] find command id514
[2026-07-08 16:47:06] data_length 17 iseq 220
[2026-07-08 16:47:06] buffer is less than sof_index + frame_length(26), buffer size: b'\xa5\x11\x00\xdc\xd6\x01\x02\t\x01'
[2026-07-08 16:47:06] out while is working
[2026-07-08 16:47:06] data_length 17 iseq 220
[2026-07-08 16:47:06] buffer is less than sof_index + frame_length(26), buffer size: b'\xa5\x11\x00\xdc\xd6\x01\x02\t\x01\x00'
[2026-07-08 16:47:06] out while is working
[2026-07-08 16:47:06] data_length 17 iseq 220
[2026-07-08 16:47:06] begin switch_method
[2026-07-08 16:47:06] find command id513
[2026-07-08 16:47:06] buffer is less than 5, real size: 0
[2026-07-08 16:47:06] out while is working
[2026-07-08 16:47:06] buffer is less than 5, real size: 0
[2026-07-08 16:47:06] out while is working
[2026-07-08 16:47:06] buffer is less than 5, real size: 0
[2026-07-08 16:47:06] out while is working
[2026-07-08 16:47:06] buffer is less than 5, real size: 0
[2026-07-08 16:47:06] out while is working
[2026-07-08 16:47:06] buffer is less than 5, real size: 0
[2026-07-08 16:47:06] out while is working
[2026-07-08 16:47:06] buffer is less than 5, real size: 0
[2026-07-08 16:47:06] out while is working
[2026-07-08 16:47:06] buffer is less than 5, real size: 0
[2026-07-08 16:47:06] out while is working
[2026-07-08 16:47:06] buffer is less than 5, real size: 0
[2026-07-08 16:47:06] out while is working
[2026-07-08 16:47:06] buffer is less than 5, real size: 0
[2026-07-08 16:47:06] out while is working
[2026-07-08 16:47:06] buffer is less than 5, real size: 0
[2026-07-08 16:47:06] out while is working
[2026-07-08 16:47:06] buffer is less than 5, real size: 1
[2026-07-08 16:47:06] out while is working
[2026-07-08 16:47:06] data_length 14 iseq 221
[2026-07-08 16:47:06] begin switch_method
[2026-07-08 16:47:06] find command id514
[2026-07-08 16:47:06] data_length 17 iseq 222
[2026-07-08 16:47:06] buffer is less than sof_index + frame_length(26), buffer size: b'\xa5\x11\x00\xdej\x01\x02\t\x01'
[2026-07-08 16:47:06] out while is working
[2026-07-08 16:47:06] data_length 17 iseq 222
[2026-07-08 16:47:06] buffer is less than sof_index + frame_length(26), buffer size: b'\xa5\x11\x00\xdej\x01\x02\t\x01\x00'
[2026-07-08 16:47:06] out while is working
[2026-07-08 16:47:06] data_length 17 iseq 222
[2026-07-08 16:47:06] begin switch_method
[2026-07-08 16:47:06] find command id513
[2026-07-08 16:47:06] buffer is less than 5, real size: 0
[2026-07-08 16:47:06] out while is working
[2026-07-08 16:47:06] buffer is less than 5, real size: 0
[2026-07-08 16:47:06] out while is working
[2026-07-08 16:47:06] buffer is less than 5, real size: 0
[2026-07-08 16:47:06] out while is working
[2026-07-08 16:47:06] buffer is less than 5, real size: 0
[2026-07-08 16:47:06] out while is working
[2026-07-08 16:47:06] buffer is less than 5, real size: 0
[2026-07-08 16:47:06] out while is working
[2026-07-08 16:47:06] buffer is less than 5, real size: 0
[2026-07-08 16:47:06] out while is working
[2026-07-08 16:47:06] buffer is less than 5, real size: 0
[2026-07-08 16:47:06] out while is working
[2026-07-08 16:47:06] buffer is less than 5, real size: 0
[2026-07-08 16:47:06] out while is working
[2026-07-08 16:47:06] buffer is less than 5, real size: 0
[2026-07-08 16:47:06] out while is working
[2026-07-08 16:47:06] buffer is less than 5, real size: 0
[2026-07-08 16:47:06] out while is working
[2026-07-08 16:47:06] buffer is less than 5, real size: 1
[2026-07-08 16:47:06] out while is working
[2026-07-08 16:47:06] data_length 14 iseq 223
[2026-07-08 16:47:06] begin switch_method
[2026-07-08 16:47:06] find command id514
[2026-07-08 16:47:06] data_length 17 iseq 224
[2026-07-08 16:47:06] buffer is less than sof_index + frame_length(26), buffer size: b'\xa5\x11\x00\xe0\xcb\x01\x02\t\x01'
[2026-07-08 16:47:06] out while is working
[2026-07-08 16:47:06] data_length 17 iseq 224
[2026-07-08 16:47:06] buffer is less than sof_index + frame_length(26), buffer size: b'\xa5\x11\x00\xe0\xcb\x01\x02\t\x01\x00'
[2026-07-08 16:47:06] out while is working
[2026-07-08 16:47:06] data_length 17 iseq 224
[2026-07-08 16:47:06] begin switch_method
[2026-07-08 16:47:06] find command id513
[2026-07-08 16:47:06] buffer is less than 5, real size: 0
[2026-07-08 16:47:06] out while is working
[2026-07-08 16:47:06] buffer is less than 5, real size: 0
[2026-07-08 16:47:06] out while is working
[2026-07-08 16:47:06] buffer is less than 5, real size: 0
[2026-07-08 16:47:06] out while is working
[2026-07-08 16:47:06] buffer is less than 5, real size: 0
[2026-07-08 16:47:06] out while is working
[2026-07-08 16:47:06] buffer is less than 5, real size: 0
[2026-07-08 16:47:06] out while is working
[2026-07-08 16:47:06] buffer is less than 5, real size: 0
[2026-07-08 16:47:06] out while is working
[2026-07-08 16:47:06] buffer is less than 5, real size: 0
[2026-07-08 16:47:06] out while is working
[2026-07-08 16:47:06] buffer is less than 5, real size: 0
[2026-07-08 16:47:06] out while is working
[2026-07-08 16:47:06] buffer is less than 5, real size: 0
[2026-07-08 16:47:06] out while is working
[2026-07-08 16:47:06] buffer is less than 5, real size: 0
[2026-07-08 16:47:06] out while is working
[2026-07-08 16:47:06] buffer is less than 5, real size: 1
[2026-07-08 16:47:06] out while is working
[2026-07-08 16:47:06] data_length 14 iseq 225
[2026-07-08 16:47:06] begin switch_method
[2026-07-08 16:47:06] find command id514
[2026-07-08 16:47:06] data_length 17 iseq 226
[2026-07-08 16:47:06] buffer is less than sof_index + frame_length(26), buffer size: b'\xa5\x11\x00\xe2w\x01\x02\t\x01'
[2026-07-08 16:47:06] out while is working
[2026-07-08 16:47:06] data_length 17 iseq 226
[2026-07-08 16:47:06] buffer is less than sof_index + frame_length(26), buffer size: b'\xa5\x11\x00\xe2w\x01\x02\t\x01\x00'
[2026-07-08 16:47:06] out while is working
[2026-07-08 16:47:06] data_length 17 iseq 226
[2026-07-08 16:47:06] begin switch_method
[2026-07-08 16:47:06] find command id513
[2026-07-08 16:47:06] buffer is less than 5, real size: 0
[2026-07-08 16:47:06] out while is working
[2026-07-08 16:47:06] buffer is less than 5, real size: 0
[2026-07-08 16:47:06] out while is working
[2026-07-08 16:47:06] buffer is less than 5, real size: 0
[2026-07-08 16:47:06] out while is working
[2026-07-08 16:47:06] buffer is less than 5, real size: 0
[2026-07-08 16:47:06] out while is working
[2026-07-08 16:47:06] buffer is less than 5, real size: 0
[2026-07-08 16:47:06] out while is working
[2026-07-08 16:47:06] buffer is less than 5, real size: 0
[2026-07-08 16:47:06] out while is working
[2026-07-08 16:47:06] buffer is less than 5, real size: 0
[2026-07-08 16:47:06] out while is working
[2026-07-08 16:47:06] buffer is less than 5, real size: 0
[2026-07-08 16:47:06] out while is working
[2026-07-08 16:47:06] buffer is less than 5, real size: 0
[2026-07-08 16:47:06] out while is working
[2026-07-08 16:47:06] buffer is less than 5, real size: 0
[2026-07-08 16:47:06] out while is working
[2026-07-08 16:47:06] buffer is less than 5, real size: 1
[2026-07-08 16:47:06] out while is working
[2026-07-08 16:47:06] data_length 14 iseq 227
[2026-07-08 16:47:06] begin switch_method
[2026-07-08 16:47:06] find command id514
[2026-07-08 16:47:06] data_length 17 iseq 228
[2026-07-08 16:47:06] buffer is less than sof_index + frame_length(26), buffer size: b'\xa5\x11\x00\xe4\xaa\x01\x02\t\x01'
[2026-07-08 16:47:06] out while is working
[2026-07-08 16:47:06] data_length 17 iseq 228
[2026-07-08 16:47:06] buffer is less than sof_index + frame_length(26), buffer size: b'\xa5\x11\x00\xe4\xaa\x01\x02\t\x01\x00'
[2026-07-08 16:47:06] out while is working
[2026-07-08 16:47:06] data_length 17 iseq 228
[2026-07-08 16:47:06] begin switch_method
[2026-07-08 16:47:06] find command id513
[2026-07-08 16:47:06] buffer is less than 5, real size: 0
[2026-07-08 16:47:06] out while is working
[2026-07-08 16:47:06] buffer is less than 5, real size: 0
[2026-07-08 16:47:06] out while is working
[2026-07-08 16:47:06] buffer is less than 5, real size: 0
[2026-07-08 16:47:06] out while is working
[2026-07-08 16:47:07] buffer is less than 5, real size: 0
[2026-07-08 16:47:07] out while is working
[2026-07-08 16:47:07] buffer is less than 5, real size: 0
[2026-07-08 16:47:07] out while is working
[2026-07-08 16:47:07] buffer is less than 5, real size: 0
[2026-07-08 16:47:07] out while is working
[2026-07-08 16:47:07] buffer is less than 5, real size: 0
[2026-07-08 16:47:07] out while is working
[2026-07-08 16:47:07] buffer is less than 5, real size: 0
[2026-07-08 16:47:07] out while is working
[2026-07-08 16:47:07] buffer is less than 5, real size: 0
[2026-07-08 16:47:07] out while is working
[2026-07-08 16:47:07] buffer is less than 5, real size: 0
[2026-07-08 16:47:07] out while is working
[2026-07-08 16:47:07] buffer is less than 5, real size: 1
[2026-07-08 16:47:07] out while is working
[2026-07-08 16:47:07] data_length 14 iseq 229
[2026-07-08 16:47:07] begin switch_method
[2026-07-08 16:47:07] find command id514
[2026-07-08 16:47:07] data_length 17 iseq 230
[2026-07-08 16:47:07] buffer is less than sof_index + frame_length(26), buffer size: b'\xa5\x11\x00\xe6\x16\x01\x02\t\x01'
[2026-07-08 16:47:07] out while is working
[2026-07-08 16:47:07] data_length 17 iseq 230
[2026-07-08 16:47:07] buffer is less than sof_index + frame_length(26), buffer size: b'\xa5\x11\x00\xe6\x16\x01\x02\t\x01\x00'
[2026-07-08 16:47:07] out while is working
[2026-07-08 16:47:07] data_length 17 iseq 230
[2026-07-08 16:47:07] begin switch_method
[2026-07-08 16:47:07] find command id513
[2026-07-08 16:47:07] buffer is less than 5, real size: 0
[2026-07-08 16:47:07] out while is working
[2026-07-08 16:47:07] buffer is less than 5, real size: 0
[2026-07-08 16:47:07] out while is working
[2026-07-08 16:47:07] buffer is less than 5, real size: 0
[2026-07-08 16:47:07] out while is working
[2026-07-08 16:47:07] buffer is less than 5, real size: 0
[2026-07-08 16:47:07] out while is working
[2026-07-08 16:47:07] buffer is less than 5, real size: 0
[2026-07-08 16:47:07] out while is working
[2026-07-08 16:47:07] buffer is less than 5, real size: 0
[2026-07-08 16:47:07] out while is working
[2026-07-08 16:47:07] buffer is less than 5, real size: 0
[2026-07-08 16:47:07] out while is working
[2026-07-08 16:47:07] buffer is less than 5, real size: 0
[2026-07-08 16:47:07] out while is working
[2026-07-08 16:47:07] buffer is less than 5, real size: 0
[2026-07-08 16:47:07] out while is working
[2026-07-08 16:47:07] buffer is less than 5, real size: 0
[2026-07-08 16:47:07] out while is working
[2026-07-08 16:47:07] buffer is less than 5, real size: 1
[2026-07-08 16:47:07] out while is working
[2026-07-08 16:47:07] data_length 14 iseq 231
[2026-07-08 16:47:07] begin switch_method
[2026-07-08 16:47:07] find command id514
[2026-07-08 16:47:07] data_length 12 iseq 232
[2026-07-08 16:47:07] buffer is less than sof_index + frame_length(21), buffer size: b'\xa5\x0c\x00\xe8S\x03\x02\x00\x00'
[2026-07-08 16:47:07] out while is working
[2026-07-08 16:47:07] data_length 12 iseq 232
[2026-07-08 16:47:07] buffer is less than sof_index + frame_length(21), buffer size: b'\xa5\x0c\x00\xe8S\x03\x02\x00\x00\x00'
[2026-07-08 16:47:07] out while is working
[2026-07-08 16:47:07] data_length 12 iseq 232
[2026-07-08 16:47:07] begin switch_method
[2026-07-08 16:47:07] find command id515
[2026-07-08 16:47:07] data_length 17 iseq 233
[2026-07-08 16:47:07] buffer is less than sof_index + frame_length(26), buffer size: b'\xa5\x11\x00\xe9W\x01\x02\t\x01\x00\x00\x00\x00\x00\x00\x00\x00\x00\x00\x00'
[2026-07-08 16:47:07] out while is working
[2026-07-08 16:47:07] data_length 17 iseq 233
[2026-07-08 16:47:07] buffer is less than sof_index + frame_length(26), buffer size: b'\xa5\x11\x00\xe9W\x01\x02\t\x01\x00\x00\x00\x00\x00\x00\x00\x00\x00\x00\x00\x00'
[2026-07-08 16:47:07] out while is working
[2026-07-08 16:47:07] data_length 17 iseq 233
[2026-07-08 16:47:07] begin switch_method
[2026-07-08 16:47:07] find command id513
[2026-07-08 16:47:07] buffer is less than 5, real size: 0
[2026-07-08 16:47:07] out while is working
[2026-07-08 16:47:07] buffer is less than 5, real size: 0
[2026-07-08 16:47:07] out while is working
[2026-07-08 16:47:07] buffer is less than 5, real size: 0
[2026-07-08 16:47:07] out while is working
[2026-07-08 16:47:07] buffer is less than 5, real size: 0
[2026-07-08 16:47:07] out while is working
[2026-07-08 16:47:07] buffer is less than 5, real size: 0
[2026-07-08 16:47:07] out while is working
[2026-07-08 16:47:07] buffer is less than 5, real size: 0
[2026-07-08 16:47:07] out while is working
[2026-07-08 16:47:07] buffer is less than 5, real size: 0
[2026-07-08 16:47:07] out while is working
[2026-07-08 16:47:07] buffer is less than 5, real size: 0
[2026-07-08 16:47:07] out while is working
[2026-07-08 16:47:07] buffer is less than 5, real size: 0
[2026-07-08 16:47:07] out while is working
[2026-07-08 16:47:07] buffer is less than 5, real size: 0
[2026-07-08 16:47:07] out while is working
[2026-07-08 16:47:07] buffer is less than 5, real size: 1
[2026-07-08 16:47:07] out while is working
[2026-07-08 16:47:07] data_length 14 iseq 234
[2026-07-08 16:47:07] begin switch_method
[2026-07-08 16:47:07] find command id514
[2026-07-08 16:47:07] data_length 17 iseq 235
[2026-07-08 16:47:07] buffer is less than sof_index + frame_length(26), buffer size: b'\xa5\x11\x00\xeb\xeb\x01\x02\t\x01'
[2026-07-08 16:47:07] out while is working
[2026-07-08 16:47:07] data_length 17 iseq 235
[2026-07-08 16:47:07] buffer is less than sof_index + frame_length(26), buffer size: b'\xa5\x11\x00\xeb\xeb\x01\x02\t\x01\x00'
[2026-07-08 16:47:07] out while is working
[2026-07-08 16:47:07] data_length 17 iseq 235
[2026-07-08 16:47:07] begin switch_method
[2026-07-08 16:47:07] find command id513
[2026-07-08 16:47:07] buffer is less than 5, real size: 0
[2026-07-08 16:47:07] out while is working
[2026-07-08 16:47:07] buffer is less than 5, real size: 0
[2026-07-08 16:47:07] out while is working
[2026-07-08 16:47:07] buffer is less than 5, real size: 0
[2026-07-08 16:47:07] out while is working
[2026-07-08 16:47:07] buffer is less than 5, real size: 0
[2026-07-08 16:47:07] out while is working
[2026-07-08 16:47:07] buffer is less than 5, real size: 0
[2026-07-08 16:47:07] out while is working
[2026-07-08 16:47:07] buffer is less than 5, real size: 0
[2026-07-08 16:47:07] out while is working
[2026-07-08 16:47:07] buffer is less than 5, real size: 0
[2026-07-08 16:47:07] out while is working
[2026-07-08 16:47:07] buffer is less than 5, real size: 0
[2026-07-08 16:47:07] out while is working
[2026-07-08 16:47:07] buffer is less than 5, real size: 0
[2026-07-08 16:47:07] out while is working
[2026-07-08 16:47:07] buffer is less than 5, real size: 0
[2026-07-08 16:47:07] out while is working
[2026-07-08 16:47:07] buffer is less than 5, real size: 1
[2026-07-08 16:47:07] out while is working
[2026-07-08 16:47:07] data_length 14 iseq 236
[2026-07-08 16:47:07] begin switch_method
[2026-07-08 16:47:07] find command id514
[2026-07-08 16:47:07] data_length 17 iseq 237
[2026-07-08 16:47:07] buffer is less than sof_index + frame_length(26), buffer size: b'\xa5\x11\x00\xed6\x01\x02\t\x01'
[2026-07-08 16:47:07] out while is working
[2026-07-08 16:47:07] data_length 17 iseq 237
[2026-07-08 16:47:07] buffer is less than sof_index + frame_length(26), buffer size: b'\xa5\x11\x00\xed6\x01\x02\t\x01\x00'
[2026-07-08 16:47:07] out while is working
[2026-07-08 16:47:07] data_length 17 iseq 237
[2026-07-08 16:47:07] begin switch_method
[2026-07-08 16:47:07] find command id513
[2026-07-08 16:47:07] buffer is less than 5, real size: 0
[2026-07-08 16:47:07] out while is working
[2026-07-08 16:47:07] buffer is less than 5, real size: 0
[2026-07-08 16:47:07] out while is working
[2026-07-08 16:47:07] buffer is less than 5, real size: 0
[2026-07-08 16:47:07] out while is working
[2026-07-08 16:47:07] buffer is less than 5, real size: 0
[2026-07-08 16:47:07] out while is working
[2026-07-08 16:47:07] buffer is less than 5, real size: 0
[2026-07-08 16:47:07] out while is working
[2026-07-08 16:47:07] buffer is less than 5, real size: 0
[2026-07-08 16:47:07] out while is working
[2026-07-08 16:47:07] buffer is less than 5, real size: 0
[2026-07-08 16:47:07] out while is working
[2026-07-08 16:47:07] buffer is less than 5, real size: 0
[2026-07-08 16:47:07] out while is working
[2026-07-08 16:47:07] buffer is less than 5, real size: 0
[2026-07-08 16:47:07] out while is working
[2026-07-08 16:47:07] buffer is less than 5, real size: 0
[2026-07-08 16:47:07] out while is working
[2026-07-08 16:47:07] buffer is less than 5, real size: 1
[2026-07-08 16:47:07] out while is working
[2026-07-08 16:47:07] data_length 14 iseq 238
[2026-07-08 16:47:07] begin switch_method
[2026-07-08 16:47:07] find command id514
[2026-07-08 16:47:07] data_length 17 iseq 239
[2026-07-08 16:47:07] buffer is less than sof_index + frame_length(26), buffer size: b'\xa5\x11\x00\xef\x8a\x01\x02\t\x01'
[2026-07-08 16:47:07] out while is working
[2026-07-08 16:47:07] data_length 17 iseq 239
[2026-07-08 16:47:07] buffer is less than sof_index + frame_length(26), buffer size: b'\xa5\x11\x00\xef\x8a\x01\x02\t\x01\x00'
[2026-07-08 16:47:07] out while is working
[2026-07-08 16:47:07] data_length 17 iseq 239
[2026-07-08 16:47:07] begin switch_method
[2026-07-08 16:47:07] find command id513
[2026-07-08 16:47:07] buffer is less than 5, real size: 0
[2026-07-08 16:47:07] out while is working
[2026-07-08 16:47:07] buffer is less than 5, real size: 0
[2026-07-08 16:47:07] out while is working
[2026-07-08 16:47:07] buffer is less than 5, real size: 0
[2026-07-08 16:47:07] out while is working
[2026-07-08 16:47:07] buffer is less than 5, real size: 0
[2026-07-08 16:47:07] out while is working
[2026-07-08 16:47:07] buffer is less than 5, real size: 0
[2026-07-08 16:47:07] out while is working
[2026-07-08 16:47:07] buffer is less than 5, real size: 0
[2026-07-08 16:47:07] out while is working
[2026-07-08 16:47:07] buffer is less than 5, real size: 0
[2026-07-08 16:47:07] out while is working
[2026-07-08 16:47:07] buffer is less than 5, real size: 0
[2026-07-08 16:47:07] out while is working
[2026-07-08 16:47:07] buffer is less than 5, real size: 0
[2026-07-08 16:47:07] out while is working
[2026-07-08 16:47:07] buffer is less than 5, real size: 0
[2026-07-08 16:47:07] out while is working
[2026-07-08 16:47:07] buffer is less than 5, real size: 1
[2026-07-08 16:47:07] out while is working
[2026-07-08 16:47:07] data_length 14 iseq 240
[2026-07-08 16:47:07] begin switch_method
[2026-07-08 16:47:07] find command id514
[2026-07-08 16:47:07] data_length 17 iseq 241
[2026-07-08 16:47:07] buffer is less than sof_index + frame_length(26), buffer size: b'\xa5\x11\x00\xf1\x08\x01\x02\t\x01'
[2026-07-08 16:47:07] out while is working
[2026-07-08 16:47:07] data_length 17 iseq 241
[2026-07-08 16:47:07] buffer is less than sof_index + frame_length(26), buffer size: b'\xa5\x11\x00\xf1\x08\x01\x02\t\x01\x00'
[2026-07-08 16:47:07] out while is working
[2026-07-08 16:47:07] data_length 17 iseq 241
[2026-07-08 16:47:07] begin switch_method
[2026-07-08 16:47:07] find command id513
[2026-07-08 16:47:07] buffer is less than 5, real size: 0
[2026-07-08 16:47:07] out while is working
[2026-07-08 16:47:07] buffer is less than 5, real size: 0
[2026-07-08 16:47:07] out while is working
[2026-07-08 16:47:07] buffer is less than 5, real size: 0
[2026-07-08 16:47:07] out while is working
[2026-07-08 16:47:07] buffer is less than 5, real size: 0
[2026-07-08 16:47:07] out while is working
[2026-07-08 16:47:07] buffer is less than 5, real size: 0
[2026-07-08 16:47:07] out while is working
[2026-07-08 16:47:07] buffer is less than 5, real size: 0
[2026-07-08 16:47:07] out while is working
[2026-07-08 16:47:07] buffer is less than 5, real size: 0
[2026-07-08 16:47:07] out while is working
[2026-07-08 16:47:07] buffer is less than 5, real size: 0
[2026-07-08 16:47:07] out while is working
[2026-07-08 16:47:07] buffer is less than 5, real size: 0
[2026-07-08 16:47:07] out while is working
[2026-07-08 16:47:07] buffer is less than 5, real size: 0
[2026-07-08 16:47:07] out while is working
[2026-07-08 16:47:07] buffer is less than 5, real size: 1
[2026-07-08 16:47:07] out while is working
[2026-07-08 16:47:07] data_length 14 iseq 242
[2026-07-08 16:47:07] begin switch_method
[2026-07-08 16:47:07] find command id514
[2026-07-08 16:47:07] data_length 17 iseq 243
[2026-07-08 16:47:07] buffer is less than sof_index + frame_length(26), buffer size: b'\xa5\x11\x00\xf3\xb4\x01\x02\t\x01'
[2026-07-08 16:47:07] out while is working
[2026-07-08 16:47:07] data_length 17 iseq 243
[2026-07-08 16:47:07] buffer is less than sof_index + frame_length(26), buffer size: b'\xa5\x11\x00\xf3\xb4\x01\x02\t\x01\x00'
[2026-07-08 16:47:07] out while is working
[2026-07-08 16:47:07] data_length 17 iseq 243
[2026-07-08 16:47:07] begin switch_method
[2026-07-08 16:47:07] find command id513
[2026-07-08 16:47:07] buffer is less than 5, real size: 0
[2026-07-08 16:47:07] out while is working
[2026-07-08 16:47:07] buffer is less than 5, real size: 0
[2026-07-08 16:47:07] out while is working
[2026-07-08 16:47:07] buffer is less than 5, real size: 0
[2026-07-08 16:47:07] out while is working
[2026-07-08 16:47:07] buffer is less than 5, real size: 0
[2026-07-08 16:47:07] out while is working
[2026-07-08 16:47:07] buffer is less than 5, real size: 0
[2026-07-08 16:47:07] out while is working
[2026-07-08 16:47:07] buffer is less than 5, real size: 0
[2026-07-08 16:47:07] out while is working
[2026-07-08 16:47:07] buffer is less than 5, real size: 0
[2026-07-08 16:47:07] out while is working
[2026-07-08 16:47:07] buffer is less than 5, real size: 0
[2026-07-08 16:47:07] out while is working
[2026-07-08 16:47:07] buffer is less than 5, real size: 0
[2026-07-08 16:47:07] out while is working
[2026-07-08 16:47:07] buffer is less than 5, real size: 0
[2026-07-08 16:47:07] out while is working
[2026-07-08 16:47:07] buffer is less than 5, real size: 1
[2026-07-08 16:47:07] out while is working
[2026-07-08 16:47:07] data_length 14 iseq 244
[2026-07-08 16:47:07] begin switch_method
[2026-07-08 16:47:07] find command id514
[2026-07-08 16:47:07] data_length 17 iseq 245
[2026-07-08 16:47:07] buffer is less than sof_index + frame_length(26), buffer size: b'\xa5\x11\x00\xf5i\x01\x02\t\x01'
[2026-07-08 16:47:07] out while is working
[2026-07-08 16:47:07] data_length 17 iseq 245
[2026-07-08 16:47:07] buffer is less than sof_index + frame_length(26), buffer size: b'\xa5\x11\x00\xf5i\x01\x02\t\x01\x00'
[2026-07-08 16:47:07] out while is working
[2026-07-08 16:47:07] data_length 17 iseq 245
[2026-07-08 16:47:07] begin switch_method
[2026-07-08 16:47:07] find command id513
[2026-07-08 16:47:07] buffer is less than 5, real size: 0
[2026-07-08 16:47:07] out while is working
[2026-07-08 16:47:07] buffer is less than 5, real size: 0
[2026-07-08 16:47:07] out while is working
[2026-07-08 16:47:07] buffer is less than 5, real size: 0
[2026-07-08 16:47:07] out while is working
[2026-07-08 16:47:07] buffer is less than 5, real size: 0
[2026-07-08 16:47:07] out while is working
[2026-07-08 16:47:07] buffer is less than 5, real size: 0
[2026-07-08 16:47:07] out while is working
[2026-07-08 16:47:07] buffer is less than 5, real size: 0
[2026-07-08 16:47:07] out while is working
[2026-07-08 16:47:07] buffer is less than 5, real size: 0
[2026-07-08 16:47:07] out while is working
[2026-07-08 16:47:07] buffer is less than 5, real size: 0
[2026-07-08 16:47:07] out while is working
[2026-07-08 16:47:07] buffer is less than 5, real size: 0
[2026-07-08 16:47:07] out while is working
[2026-07-08 16:47:07] buffer is less than 5, real size: 0
[2026-07-08 16:47:07] out while is working
[2026-07-08 16:47:07] buffer is less than 5, real size: 0
[2026-07-08 16:47:07] out while is working
[2026-07-08 16:47:07] buffer is less than 5, real size: 1
[2026-07-08 16:47:07] out while is working
[2026-07-08 16:47:07] data_length 14 iseq 246
[2026-07-08 16:47:07] begin switch_method
[2026-07-08 16:47:07] find command id514
[2026-07-08 16:47:07] data_length 17 iseq 247
[2026-07-08 16:47:07] buffer is less than sof_index + frame_length(26), buffer size: b'\xa5\x11\x00\xf7\xd5\x01\x02\t\x01'
[2026-07-08 16:47:07] out while is working
[2026-07-08 16:47:07] data_length 17 iseq 247
[2026-07-08 16:47:07] buffer is less than sof_index + frame_length(26), buffer size: b'\xa5\x11\x00\xf7\xd5\x01\x02\t\x01\x00'
[2026-07-08 16:47:07] out while is working
[2026-07-08 16:47:07] data_length 17 iseq 247
[2026-07-08 16:47:07] begin switch_method
[2026-07-08 16:47:07] find command id513
[2026-07-08 16:47:07] buffer is less than 5, real size: 0
[2026-07-08 16:47:07] out while is working
[2026-07-08 16:47:07] buffer is less than 5, real size: 0
[2026-07-08 16:47:07] out while is working
[2026-07-08 16:47:07] buffer is less than 5, real size: 0
[2026-07-08 16:47:07] out while is working
[2026-07-08 16:47:07] buffer is less than 5, real size: 0
[2026-07-08 16:47:07] out while is working
[2026-07-08 16:47:07] buffer is less than 5, real size: 0
[2026-07-08 16:47:07] out while is working
[2026-07-08 16:47:07] buffer is less than 5, real size: 0
[2026-07-08 16:47:07] out while is working
[2026-07-08 16:47:07] buffer is less than 5, real size: 0
[2026-07-08 16:47:07] out while is working
[2026-07-08 16:47:07] buffer is less than 5, real size: 0
[2026-07-08 16:47:07] out while is working
[2026-07-08 16:47:07] buffer is less than 5, real size: 0
[2026-07-08 16:47:07] out while is working
[2026-07-08 16:47:08] buffer is less than 5, real size: 0
[2026-07-08 16:47:08] out while is working
[2026-07-08 16:47:08] buffer is less than 5, real size: 1
[2026-07-08 16:47:08] out while is working
[2026-07-08 16:47:08] data_length 14 iseq 248
[2026-07-08 16:47:08] begin switch_method
[2026-07-08 16:47:08] find command id514
[2026-07-08 16:47:08] data_length 17 iseq 249
[2026-07-08 16:47:08] buffer is less than sof_index + frame_length(26), buffer size: b'\xa5\x11\x00\xf9\xca\x01\x02\t\x01'
[2026-07-08 16:47:08] out while is working
[2026-07-08 16:47:08] data_length 17 iseq 249
[2026-07-08 16:47:08] buffer is less than sof_index + frame_length(26), buffer size: b'\xa5\x11\x00\xf9\xca\x01\x02\t\x01\x00'
[2026-07-08 16:47:08] out while is working
[2026-07-08 16:47:08] data_length 17 iseq 249
[2026-07-08 16:47:08] begin switch_method
[2026-07-08 16:47:08] find command id513
[2026-07-08 16:47:08] buffer is less than 5, real size: 0
[2026-07-08 16:47:08] out while is working
[2026-07-08 16:47:08] buffer is less than 5, real size: 0
[2026-07-08 16:47:08] out while is working
[2026-07-08 16:47:08] buffer is less than 5, real size: 0
[2026-07-08 16:47:08] out while is working
[2026-07-08 16:47:08] buffer is less than 5, real size: 0
[2026-07-08 16:47:08] out while is working
[2026-07-08 16:47:08] buffer is less than 5, real size: 0
[2026-07-08 16:47:08] out while is working
[2026-07-08 16:47:08] buffer is less than 5, real size: 0
[2026-07-08 16:47:08] out while is working
[2026-07-08 16:47:08] buffer is less than 5, real size: 0
[2026-07-08 16:47:08] out while is working
[2026-07-08 16:47:08] buffer is less than 5, real size: 0
[2026-07-08 16:47:08] out while is working
[2026-07-08 16:47:08] buffer is less than 5, real size: 0
[2026-07-08 16:47:08] out while is working
[2026-07-08 16:47:08] buffer is less than 5, real size: 0
[2026-07-08 16:47:08] out while is working
[2026-07-08 16:47:08] buffer is less than 5, real size: 1
[2026-07-08 16:47:08] out while is working
[2026-07-08 16:47:08] data_length 14 iseq 250
[2026-07-08 16:47:08] begin switch_method
[2026-07-08 16:47:08] find command id514
[2026-07-08 16:47:08] data_length 17 iseq 251
[2026-07-08 16:47:08] buffer is less than sof_index + frame_length(26), buffer size: b'\xa5\x11\x00\xfbv\x01\x02\t\x01'
[2026-07-08 16:47:08] out while is working
[2026-07-08 16:47:08] data_length 17 iseq 251
[2026-07-08 16:47:08] buffer is less than sof_index + frame_length(26), buffer size: b'\xa5\x11\x00\xfbv\x01\x02\t\x01\x00'
[2026-07-08 16:47:08] out while is working
[2026-07-08 16:47:08] data_length 17 iseq 251
[2026-07-08 16:47:08] begin switch_method
[2026-07-08 16:47:08] find command id513
[2026-07-08 16:47:08] buffer is less than 5, real size: 0
[2026-07-08 16:47:08] out while is working
[2026-07-08 16:47:08] buffer is less than 5, real size: 0
[2026-07-08 16:47:08] out while is working
[2026-07-08 16:47:08] buffer is less than 5, real size: 0
[2026-07-08 16:47:08] out while is working
[2026-07-08 16:47:08] buffer is less than 5, real size: 0
[2026-07-08 16:47:08] out while is working
[2026-07-08 16:47:08] buffer is less than 5, real size: 0
[2026-07-08 16:47:08] out while is working
[2026-07-08 16:47:08] buffer is less than 5, real size: 0
[2026-07-08 16:47:08] out while is working
[2026-07-08 16:47:08] buffer is less than 5, real size: 0
[2026-07-08 16:47:08] out while is working
[2026-07-08 16:47:08] buffer is less than 5, real size: 0
[2026-07-08 16:47:08] out while is working
[2026-07-08 16:47:08] buffer is less than 5, real size: 0
[2026-07-08 16:47:08] out while is working
[2026-07-08 16:47:08] buffer is less than 5, real size: 0
[2026-07-08 16:47:08] out while is working
[2026-07-08 16:47:08] buffer is less than 5, real size: 1
[2026-07-08 16:47:08] out while is working
[2026-07-08 16:47:08] data_length 14 iseq 252
[2026-07-08 16:47:08] begin switch_method
[2026-07-08 16:47:08] find command id514
[2026-07-08 16:47:08] data_length 12 iseq 253
[2026-07-08 16:47:08] buffer is less than sof_index + frame_length(21), buffer size: b'\xa5\x0c\x00\xfd\xf1\x03\x02\x00\x00'
[2026-07-08 16:47:08] out while is working
[2026-07-08 16:47:08] data_length 12 iseq 253
[2026-07-08 16:47:08] buffer is less than sof_index + frame_length(21), buffer size: b'\xa5\x0c\x00\xfd\xf1\x03\x02\x00\x00\x00'
[2026-07-08 16:47:08] out while is working
[2026-07-08 16:47:08] data_length 12 iseq 253
[2026-07-08 16:47:08] begin switch_method
[2026-07-08 16:47:08] find command id515
[2026-07-08 16:47:08] data_length 17 iseq 254
[2026-07-08 16:47:08] buffer is less than sof_index + frame_length(26), buffer size: b'\xa5\x11\x00\xfeI\x01\x02\t\x01\x00\x00\x00\x00\x00\x00\x00\x00\x00\x00\x00'
[2026-07-08 16:47:08] out while is working
[2026-07-08 16:47:08] data_length 17 iseq 254
[2026-07-08 16:47:08] buffer is less than sof_index + frame_length(26), buffer size: b'\xa5\x11\x00\xfeI\x01\x02\t\x01\x00\x00\x00\x00\x00\x00\x00\x00\x00\x00\x00\x00'
[2026-07-08 16:47:08] out while is working
[2026-07-08 16:47:08] data_length 17 iseq 254
[2026-07-08 16:47:08] begin switch_method
[2026-07-08 16:47:08] find command id513
[2026-07-08 16:47:08] buffer is less than 5, real size: 0
[2026-07-08 16:47:08] out while is working
[2026-07-08 16:47:08] buffer is less than 5, real size: 0
[2026-07-08 16:47:08] out while is working
[2026-07-08 16:47:08] buffer is less than 5, real size: 0
[2026-07-08 16:47:08] out while is working
[2026-07-08 16:47:08] buffer is less than 5, real size: 0
[2026-07-08 16:47:08] out while is working
[2026-07-08 16:47:08] buffer is less than 5, real size: 0
[2026-07-08 16:47:08] out while is working
[2026-07-08 16:47:08] buffer is less than 5, real size: 0
[2026-07-08 16:47:08] out while is working
[2026-07-08 16:47:08] buffer is less than 5, real size: 0
[2026-07-08 16:47:08] out while is working
[2026-07-08 16:47:08] buffer is less than 5, real size: 0
[2026-07-08 16:47:08] out while is working
[2026-07-08 16:47:08] buffer is less than 5, real size: 0
[2026-07-08 16:47:08] out while is working
[2026-07-08 16:47:08] buffer is less than 5, real size: 0
[2026-07-08 16:47:08] out while is working
[2026-07-08 16:47:08] buffer is less than 5, real size: 0
[2026-07-08 16:47:08] out while is working
[2026-07-08 16:47:08] buffer is less than 5, real size: 1
[2026-07-08 16:47:08] out while is working
[2026-07-08 16:47:08] data_length 14 iseq 255
[2026-07-08 16:47:08] begin switch_method
[2026-07-08 16:47:08] find command id514
[2026-07-08 16:47:08] data_length 17 iseq 0
[2026-07-08 16:47:08] buffer is less than sof_index + frame_length(26), buffer size: b'\xa5\x11\x00\x00"\x01\x02\t\x01'
[2026-07-08 16:47:08] out while is working
[2026-07-08 16:47:08] data_length 17 iseq 0
[2026-07-08 16:47:08] buffer is less than sof_index + frame_length(26), buffer size: b'\xa5\x11\x00\x00"\x01\x02\t\x01\x00'
[2026-07-08 16:47:08] out while is working
[2026-07-08 16:47:08] data_length 17 iseq 0
[2026-07-08 16:47:08] begin switch_method
[2026-07-08 16:47:08] find command id513
[2026-07-08 16:47:08] buffer is less than 5, real size: 0
[2026-07-08 16:47:08] out while is working
[2026-07-08 16:47:08] buffer is less than 5, real size: 0
[2026-07-08 16:47:08] out while is working
[2026-07-08 16:47:08] buffer is less than 5, real size: 0
[2026-07-08 16:47:08] out while is working
[2026-07-08 16:47:08] buffer is less than 5, real size: 0
[2026-07-08 16:47:08] out while is working
[2026-07-08 16:47:08] buffer is less than 5, real size: 0
[2026-07-08 16:47:08] out while is working
[2026-07-08 16:47:08] buffer is less than 5, real size: 0
[2026-07-08 16:47:08] out while is working
[2026-07-08 16:47:08] buffer is less than 5, real size: 0
[2026-07-08 16:47:08] out while is working
[2026-07-08 16:47:08] buffer is less than 5, real size: 0
[2026-07-08 16:47:08] out while is working
[2026-07-08 16:47:08] buffer is less than 5, real size: 0
[2026-07-08 16:47:08] out while is working
[2026-07-08 16:47:08] buffer is less than 5, real size: 0
[2026-07-08 16:47:08] out while is working
[2026-07-08 16:47:08] buffer is less than 5, real size: 1
[2026-07-08 16:47:08] out while is working
[2026-07-08 16:47:08] data_length 14 iseq 1
[2026-07-08 16:47:08] begin switch_method
[2026-07-08 16:47:08] find command id514
[2026-07-08 16:47:08] data_length 17 iseq 2
[2026-07-08 16:47:08] buffer is less than sof_index + frame_length(26), buffer size: b'\xa5\x11\x00\x02\x9e\x01\x02\t\x01'
[2026-07-08 16:47:08] out while is working
[2026-07-08 16:47:08] data_length 17 iseq 2
[2026-07-08 16:47:08] buffer is less than sof_index + frame_length(26), buffer size: b'\xa5\x11\x00\x02\x9e\x01\x02\t\x01\x00'
[2026-07-08 16:47:08] out while is working
[2026-07-08 16:47:08] data_length 17 iseq 2
[2026-07-08 16:47:08] begin switch_method
[2026-07-08 16:47:08] find command id513
[2026-07-08 16:47:08] buffer is less than 5, real size: 0
[2026-07-08 16:47:08] out while is working
[2026-07-08 16:47:08] buffer is less than 5, real size: 0
[2026-07-08 16:47:08] out while is working
[2026-07-08 16:47:08] buffer is less than 5, real size: 0
[2026-07-08 16:47:08] out while is working
[2026-07-08 16:47:08] buffer is less than 5, real size: 0
[2026-07-08 16:47:08] out while is working
[2026-07-08 16:47:08] buffer is less than 5, real size: 0
[2026-07-08 16:47:08] out while is working
[2026-07-08 16:47:08] buffer is less than 5, real size: 0
[2026-07-08 16:47:08] out while is working
[2026-07-08 16:47:08] buffer is less than 5, real size: 0
[2026-07-08 16:47:08] out while is working
[2026-07-08 16:47:08] buffer is less than 5, real size: 0
[2026-07-08 16:47:08] out while is working
[2026-07-08 16:47:08] buffer is less than 5, real size: 0
[2026-07-08 16:47:08] out while is working
[2026-07-08 16:47:08] buffer is less than 5, real size: 0
[2026-07-08 16:47:08] out while is working
[2026-07-08 16:47:08] buffer is less than 5, real size: 1
[2026-07-08 16:47:08] out while is working
[2026-07-08 16:47:08] data_length 14 iseq 3
[2026-07-08 16:47:08] begin switch_method
[2026-07-08 16:47:08] find command id514
[2026-07-08 16:47:08] data_length 17 iseq 4
[2026-07-08 16:47:08] buffer is less than sof_index + frame_length(26), buffer size: b'\xa5\x11\x00\x04C\x01\x02\t\x01'
[2026-07-08 16:47:08] out while is working
[2026-07-08 16:47:08] data_length 17 iseq 4
[2026-07-08 16:47:08] buffer is less than sof_index + frame_length(26), buffer size: b'\xa5\x11\x00\x04C\x01\x02\t\x01\x00'
[2026-07-08 16:47:08] out while is working
[2026-07-08 16:47:08] data_length 17 iseq 4
[2026-07-08 16:47:08] begin switch_method
[2026-07-08 16:47:08] find command id513
[2026-07-08 16:47:08] buffer is less than 5, real size: 0
[2026-07-08 16:47:08] out while is working
[2026-07-08 16:47:08] buffer is less than 5, real size: 0
[2026-07-08 16:47:08] out while is working
[2026-07-08 16:47:08] buffer is less than 5, real size: 0
[2026-07-08 16:47:08] out while is working
[2026-07-08 16:47:08] buffer is less than 5, real size: 0
[2026-07-08 16:47:08] out while is working
[2026-07-08 16:47:08] buffer is less than 5, real size: 0
[2026-07-08 16:47:08] out while is working
[2026-07-08 16:47:08] buffer is less than 5, real size: 0
[2026-07-08 16:47:08] out while is working
[2026-07-08 16:47:08] buffer is less than 5, real size: 0
[2026-07-08 16:47:08] out while is working
[2026-07-08 16:47:08] buffer is less than 5, real size: 0
[2026-07-08 16:47:08] out while is working
[2026-07-08 16:47:08] buffer is less than 5, real size: 0
[2026-07-08 16:47:08] out while is working
[2026-07-08 16:47:08] buffer is less than 5, real size: 0
[2026-07-08 16:47:08] out while is working
[2026-07-08 16:47:08] buffer is less than 5, real size: 1
[2026-07-08 16:47:08] out while is working
[2026-07-08 16:47:08] data_length 14 iseq 5
[2026-07-08 16:47:08] begin switch_method
[2026-07-08 16:47:08] find command id514
[2026-07-08 16:47:08] data_length 17 iseq 6
[2026-07-08 16:47:08] buffer is less than sof_index + frame_length(26), buffer size: b'\xa5\x11\x00\x06\xff\x01\x02\t\x01'
[2026-07-08 16:47:08] out while is working
[2026-07-08 16:47:08] data_length 17 iseq 6
[2026-07-08 16:47:08] buffer is less than sof_index + frame_length(26), buffer size: b'\xa5\x11\x00\x06\xff\x01\x02\t\x01\x00'
[2026-07-08 16:47:08] out while is working
[2026-07-08 16:47:08] data_length 17 iseq 6
[2026-07-08 16:47:08] begin switch_method
[2026-07-08 16:47:08] find command id513
[2026-07-08 16:47:08] buffer is less than 5, real size: 0
[2026-07-08 16:47:08] out while is working
[2026-07-08 16:47:08] buffer is less than 5, real size: 0
[2026-07-08 16:47:08] out while is working
[2026-07-08 16:47:08] buffer is less than 5, real size: 0
[2026-07-08 16:47:08] out while is working
[2026-07-08 16:47:08] buffer is less than 5, real size: 0
[2026-07-08 16:47:08] out while is working
[2026-07-08 16:47:08] buffer is less than 5, real size: 0
[2026-07-08 16:47:08] out while is working
[2026-07-08 16:47:08] buffer is less than 5, real size: 0
[2026-07-08 16:47:08] out while is working
[2026-07-08 16:47:08] buffer is less than 5, real size: 0
[2026-07-08 16:47:08] out while is working
[2026-07-08 16:47:08] buffer is less than 5, real size: 0
[2026-07-08 16:47:08] out while is working
[2026-07-08 16:47:08] buffer is less than 5, real size: 0
[2026-07-08 16:47:08] out while is working
[2026-07-08 16:47:08] buffer is less than 5, real size: 0
[2026-07-08 16:47:08] out while is working
[2026-07-08 16:47:08] buffer is less than 5, real size: 1
[2026-07-08 16:47:08] out while is working
[2026-07-08 16:47:08] data_length 14 iseq 7
[2026-07-08 16:47:08] begin switch_method
[2026-07-08 16:47:08] find command id514
[2026-07-08 16:47:08] data_length 17 iseq 8
[2026-07-08 16:47:08] buffer is less than sof_index + frame_length(26), buffer size: b'\xa5\x11\x00\x08\xe0\x01\x02\t\x01'
[2026-07-08 16:47:08] out while is working
[2026-07-08 16:47:08] data_length 17 iseq 8
[2026-07-08 16:47:08] buffer is less than sof_index + frame_length(26), buffer size: b'\xa5\x11\x00\x08\xe0\x01\x02\t\x01\x00'
[2026-07-08 16:47:08] out while is working
[2026-07-08 16:47:08] data_length 17 iseq 8
[2026-07-08 16:47:08] begin switch_method
[2026-07-08 16:47:08] find command id513
[2026-07-08 16:47:08] buffer is less than 5, real size: 0
[2026-07-08 16:47:08] out while is working
[2026-07-08 16:47:08] buffer is less than 5, real size: 0
[2026-07-08 16:47:08] out while is working
[2026-07-08 16:47:08] buffer is less than 5, real size: 0
[2026-07-08 16:47:08] out while is working
[2026-07-08 16:47:08] buffer is less than 5, real size: 0
[2026-07-08 16:47:08] out while is working
[2026-07-08 16:47:08] buffer is less than 5, real size: 0
[2026-07-08 16:47:08] out while is working
[2026-07-08 16:47:08] buffer is less than 5, real size: 0
[2026-07-08 16:47:08] out while is working
[2026-07-08 16:47:08] buffer is less than 5, real size: 0
[2026-07-08 16:47:08] out while is working
[2026-07-08 16:47:08] buffer is less than 5, real size: 0
[2026-07-08 16:47:08] out while is working
[2026-07-08 16:47:08] buffer is less than 5, real size: 0
[2026-07-08 16:47:08] out while is working
[2026-07-08 16:47:08] buffer is less than 5, real size: 0
[2026-07-08 16:47:08] out while is working
[2026-07-08 16:47:08] buffer is less than 5, real size: 1
[2026-07-08 16:47:08] out while is working
[2026-07-08 16:47:08] data_length 14 iseq 9
[2026-07-08 16:47:08] begin switch_method
[2026-07-08 16:47:08] find command id514
[2026-07-08 16:47:08] data_length 17 iseq 10
[2026-07-08 16:47:08] buffer is less than sof_index + frame_length(26), buffer size: b'\xa5\x11\x00\n\\\x01\x02\t\x01'
[2026-07-08 16:47:08] out while is working
[2026-07-08 16:47:08] data_length 17 iseq 10
[2026-07-08 16:47:08] buffer is less than sof_index + frame_length(26), buffer size: b'\xa5\x11\x00\n\\\x01\x02\t\x01\x00'
[2026-07-08 16:47:08] out while is working
[2026-07-08 16:47:08] data_length 17 iseq 10
[2026-07-08 16:47:08] begin switch_method
[2026-07-08 16:47:08] find command id513
[2026-07-08 16:47:08] buffer is less than 5, real size: 0
[2026-07-08 16:47:08] out while is working
[2026-07-08 16:47:08] buffer is less than 5, real size: 0
[2026-07-08 16:47:08] out while is working
[2026-07-08 16:47:08] buffer is less than 5, real size: 0
[2026-07-08 16:47:08] out while is working
[2026-07-08 16:47:08] buffer is less than 5, real size: 0
[2026-07-08 16:47:08] out while is working
[2026-07-08 16:47:08] buffer is less than 5, real size: 0
[2026-07-08 16:47:08] out while is working
[2026-07-08 16:47:08] buffer is less than 5, real size: 0
[2026-07-08 16:47:08] out while is working
[2026-07-08 16:47:08] buffer is less than 5, real size: 0
[2026-07-08 16:47:08] out while is working
[2026-07-08 16:47:08] buffer is less than 5, real size: 0
[2026-07-08 16:47:08] out while is working
[2026-07-08 16:47:08] buffer is less than 5, real size: 0
[2026-07-08 16:47:08] out while is working
[2026-07-08 16:47:08] buffer is less than 5, real size: 0
[2026-07-08 16:47:08] out while is working
[2026-07-08 16:47:08] buffer is less than 5, real size: 1
[2026-07-08 16:47:08] out while is working
[2026-07-08 16:47:08] data_length 14 iseq 11
[2026-07-08 16:47:08] begin switch_method
[2026-07-08 16:47:08] find command id514
[2026-07-08 16:47:08] data_length 17 iseq 12
[2026-07-08 16:47:08] buffer is less than sof_index + frame_length(26), buffer size: b'\xa5\x11\x00\x0c\x81\x01\x02\t\x01'
[2026-07-08 16:47:08] out while is working
[2026-07-08 16:47:08] data_length 17 iseq 12
[2026-07-08 16:47:08] buffer is less than sof_index + frame_length(26), buffer size: b'\xa5\x11\x00\x0c\x81\x01\x02\t\x01\x00'
[2026-07-08 16:47:08] out while is working
[2026-07-08 16:47:08] data_length 17 iseq 12
[2026-07-08 16:47:08] begin switch_method
[2026-07-08 16:47:08] find command id513
[2026-07-08 16:47:08] buffer is less than 5, real size: 0
[2026-07-08 16:47:08] out while is working
[2026-07-08 16:47:08] buffer is less than 5, real size: 0
[2026-07-08 16:47:08] out while is working
[2026-07-08 16:47:08] buffer is less than 5, real size: 0
[2026-07-08 16:47:08] out while is working
[2026-07-08 16:47:08] buffer is less than 5, real size: 0
[2026-07-08 16:47:08] out while is working
[2026-07-08 16:47:08] buffer is less than 5, real size: 0
[2026-07-08 16:47:08] out while is working
[2026-07-08 16:47:08] buffer is less than 5, real size: 0
[2026-07-08 16:47:08] out while is working
[2026-07-08 16:47:09] buffer is less than 5, real size: 0
[2026-07-08 16:47:09] out while is working
[2026-07-08 16:47:09] buffer is less than 5, real size: 0
[2026-07-08 16:47:09] out while is working
[2026-07-08 16:47:09] buffer is less than 5, real size: 0
[2026-07-08 16:47:09] out while is working
[2026-07-08 16:47:09] buffer is less than 5, real size: 0
[2026-07-08 16:47:09] out while is working
[2026-07-08 16:47:09] buffer is less than 5, real size: 0
[2026-07-08 16:47:09] out while is working
[2026-07-08 16:47:09] buffer is less than 5, real size: 1
[2026-07-08 16:47:09] out while is working
[2026-07-08 16:47:09] data_length 14 iseq 13
[2026-07-08 16:47:09] begin switch_method
[2026-07-08 16:47:09] find command id514
[2026-07-08 16:47:09] data_length 17 iseq 14
[2026-07-08 16:47:09] buffer is less than sof_index + frame_length(26), buffer size: b'\xa5\x11\x00\x0e=\x01\x02\t\x01'
[2026-07-08 16:47:09] out while is working
[2026-07-08 16:47:09] data_length 17 iseq 14
[2026-07-08 16:47:09] buffer is less than sof_index + frame_length(26), buffer size: b'\xa5\x11\x00\x0e=\x01\x02\t\x01\x00'
[2026-07-08 16:47:09] out while is working
[2026-07-08 16:47:09] data_length 17 iseq 14
[2026-07-08 16:47:09] begin switch_method
[2026-07-08 16:47:09] find command id513
[2026-07-08 16:47:09] buffer is less than 5, real size: 0
[2026-07-08 16:47:09] out while is working
[2026-07-08 16:47:09] buffer is less than 5, real size: 0
[2026-07-08 16:47:09] out while is working
[2026-07-08 16:47:09] buffer is less than 5, real size: 0
[2026-07-08 16:47:09] out while is working
[2026-07-08 16:47:09] buffer is less than 5, real size: 0
[2026-07-08 16:47:09] out while is working
[2026-07-08 16:47:09] buffer is less than 5, real size: 0
[2026-07-08 16:47:09] out while is working
[2026-07-08 16:47:09] buffer is less than 5, real size: 0
[2026-07-08 16:47:09] out while is working
[2026-07-08 16:47:09] buffer is less than 5, real size: 0
[2026-07-08 16:47:09] out while is working
[2026-07-08 16:47:09] buffer is less than 5, real size: 0
[2026-07-08 16:47:09] out while is working
[2026-07-08 16:47:09] buffer is less than 5, real size: 0
[2026-07-08 16:47:09] out while is working
[2026-07-08 16:47:09] buffer is less than 5, real size: 0
[2026-07-08 16:47:09] out while is working
[2026-07-08 16:47:09] buffer is less than 5, real size: 0
[2026-07-08 16:47:09] out while is working
[2026-07-08 16:47:09] buffer is less than 5, real size: 1
[2026-07-08 16:47:09] out while is working
[2026-07-08 16:47:09] data_length 14 iseq 15
[2026-07-08 16:47:09] begin switch_method
[2026-07-08 16:47:09] find command id514
[2026-07-08 16:47:09] data_length 17 iseq 16
[2026-07-08 16:47:09] buffer is less than sof_index + frame_length(26), buffer size: b'\xa5\x11\x00\x10\xbf\x01\x02\t\x01'
[2026-07-08 16:47:09] out while is working
[2026-07-08 16:47:09] data_length 17 iseq 16
[2026-07-08 16:47:09] buffer is less than sof_index + frame_length(26), buffer size: b'\xa5\x11\x00\x10\xbf\x01\x02\t\x01\x00'
[2026-07-08 16:47:09] out while is working
[2026-07-08 16:47:09] data_length 17 iseq 16
[2026-07-08 16:47:09] begin switch_method
[2026-07-08 16:47:09] find command id513
[2026-07-08 16:47:09] buffer is less than 5, real size: 0
[2026-07-08 16:47:09] out while is working
[2026-07-08 16:47:09] buffer is less than 5, real size: 0
[2026-07-08 16:47:09] out while is working
[2026-07-08 16:47:09] buffer is less than 5, real size: 0
[2026-07-08 16:47:09] out while is working
[2026-07-08 16:47:09] buffer is less than 5, real size: 0
[2026-07-08 16:47:09] out while is working
[2026-07-08 16:47:09] buffer is less than 5, real size: 0
[2026-07-08 16:47:09] out while is working
[2026-07-08 16:47:09] buffer is less than 5, real size: 0
[2026-07-08 16:47:09] out while is working
[2026-07-08 16:47:09] buffer is less than 5, real size: 0
[2026-07-08 16:47:09] out while is working
[2026-07-08 16:47:09] buffer is less than 5, real size: 0
[2026-07-08 16:47:09] out while is working
[2026-07-08 16:47:09] buffer is less than 5, real size: 0
[2026-07-08 16:47:09] out while is working
[2026-07-08 16:47:09] buffer is less than 5, real size: 0
[2026-07-08 16:47:09] out while is working
[2026-07-08 16:47:09] buffer is less than 5, real size: 0
[2026-07-08 16:47:09] out while is working
[2026-07-08 16:47:09] buffer is less than 5, real size: 1
[2026-07-08 16:47:09] out while is working
[2026-07-08 16:47:09] data_length 14 iseq 17
[2026-07-08 16:47:09] begin switch_method
[2026-07-08 16:47:09] find command id514
[2026-07-08 16:47:09] data_length 12 iseq 18
[2026-07-08 16:47:09] buffer is less than sof_index + frame_length(21), buffer size: b'\xa5\x0c\x00\x12Y\x03\x02\x00\x00'
[2026-07-08 16:47:09] out while is working
[2026-07-08 16:47:09] data_length 12 iseq 18
[2026-07-08 16:47:09] buffer is less than sof_index + frame_length(21), buffer size: b'\xa5\x0c\x00\x12Y\x03\x02\x00\x00\x00'
[2026-07-08 16:47:09] out while is working
[2026-07-08 16:47:09] data_length 12 iseq 18
[2026-07-08 16:47:09] begin switch_method
[2026-07-08 16:47:09] find command id515
[2026-07-08 16:47:09] data_length 17 iseq 19
[2026-07-08 16:47:09] buffer is less than sof_index + frame_length(26), buffer size: b'\xa5\x11\x00\x13]\x01\x02\t\x01\x00\x00\x00\x00\x00\x00\x00\x00\x00\x00\x00'
[2026-07-08 16:47:09] out while is working
[2026-07-08 16:47:09] data_length 17 iseq 19
[2026-07-08 16:47:09] buffer is less than sof_index + frame_length(26), buffer size: b'\xa5\x11\x00\x13]\x01\x02\t\x01\x00\x00\x00\x00\x00\x00\x00\x00\x00\x00\x00\x00'
[2026-07-08 16:47:09] out while is working
[2026-07-08 16:47:09] data_length 17 iseq 19
[2026-07-08 16:47:09] begin switch_method
[2026-07-08 16:47:09] find command id513
[2026-07-08 16:47:09] buffer is less than 5, real size: 0
[2026-07-08 16:47:09] out while is working
[2026-07-08 16:47:09] buffer is less than 5, real size: 0
[2026-07-08 16:47:09] out while is working
[2026-07-08 16:47:09] buffer is less than 5, real size: 0
[2026-07-08 16:47:09] out while is working
[2026-07-08 16:47:09] buffer is less than 5, real size: 0
[2026-07-08 16:47:09] out while is working
[2026-07-08 16:47:09] buffer is less than 5, real size: 0
[2026-07-08 16:47:09] out while is working
[2026-07-08 16:47:09] buffer is less than 5, real size: 0
[2026-07-08 16:47:09] out while is working
[2026-07-08 16:47:09] buffer is less than 5, real size: 0
[2026-07-08 16:47:09] out while is working
[2026-07-08 16:47:09] buffer is less than 5, real size: 0
[2026-07-08 16:47:09] out while is working
[2026-07-08 16:47:09] buffer is less than 5, real size: 0
[2026-07-08 16:47:09] out while is working
[2026-07-08 16:47:09] buffer is less than 5, real size: 0
[2026-07-08 16:47:09] out while is working
[2026-07-08 16:47:09] buffer is less than 5, real size: 1
[2026-07-08 16:47:09] out while is working
[2026-07-08 16:47:09] data_length 14 iseq 20
[2026-07-08 16:47:09] begin switch_method
[2026-07-08 16:47:09] find command id514
[2026-07-08 16:47:09] data_length 17 iseq 21
[2026-07-08 16:47:09] buffer is less than sof_index + frame_length(26), buffer size: b'\xa5\x11\x00\x15\x80\x01\x02\t\x01'
[2026-07-08 16:47:09] out while is working
[2026-07-08 16:47:09] data_length 17 iseq 21
[2026-07-08 16:47:09] buffer is less than sof_index + frame_length(26), buffer size: b'\xa5\x11\x00\x15\x80\x01\x02\t\x01\x00'
[2026-07-08 16:47:09] out while is working
[2026-07-08 16:47:09] data_length 17 iseq 21
[2026-07-08 16:47:09] begin switch_method
[2026-07-08 16:47:09] find command id513
[2026-07-08 16:47:09] buffer is less than 5, real size: 0
[2026-07-08 16:47:09] out while is working
[2026-07-08 16:47:09] buffer is less than 5, real size: 0
[2026-07-08 16:47:09] out while is working
[2026-07-08 16:47:09] buffer is less than 5, real size: 0
[2026-07-08 16:47:09] out while is working
[2026-07-08 16:47:09] buffer is less than 5, real size: 0
[2026-07-08 16:47:09] out while is working
[2026-07-08 16:47:09] buffer is less than 5, real size: 0
[2026-07-08 16:47:09] out while is working
[2026-07-08 16:47:09] buffer is less than 5, real size: 0
[2026-07-08 16:47:09] out while is working
[2026-07-08 16:47:09] buffer is less than 5, real size: 0
[2026-07-08 16:47:09] out while is working
[2026-07-08 16:47:09] buffer is less than 5, real size: 0
[2026-07-08 16:47:09] out while is working
[2026-07-08 16:47:09] buffer is less than 5, real size: 0
[2026-07-08 16:47:09] out while is working
[2026-07-08 16:47:09] buffer is less than 5, real size: 0
[2026-07-08 16:47:09] out while is working
[2026-07-08 16:47:09] buffer is less than 5, real size: 1
[2026-07-08 16:47:09] out while is working
[2026-07-08 16:47:09] data_length 14 iseq 22
[2026-07-08 16:47:09] begin switch_method
[2026-07-08 16:47:09] find command id514
[2026-07-08 16:47:09] data_length 17 iseq 23
[2026-07-08 16:47:09] buffer is less than sof_index + frame_length(26), buffer size: b'\xa5\x11\x00\x17<\x01\x02\t\x01'
[2026-07-08 16:47:09] out while is working
[2026-07-08 16:47:09] data_length 17 iseq 23
[2026-07-08 16:47:09] buffer is less than sof_index + frame_length(26), buffer size: b'\xa5\x11\x00\x17<\x01\x02\t\x01\x00'
[2026-07-08 16:47:09] out while is working
[2026-07-08 16:47:09] data_length 17 iseq 23
[2026-07-08 16:47:09] begin switch_method
[2026-07-08 16:47:09] find command id513
[2026-07-08 16:47:09] buffer is less than 5, real size: 0
[2026-07-08 16:47:09] out while is working
[2026-07-08 16:47:09] buffer is less than 5, real size: 0
[2026-07-08 16:47:09] out while is working
[2026-07-08 16:47:09] buffer is less than 5, real size: 0
[2026-07-08 16:47:09] out while is working
[2026-07-08 16:47:09] buffer is less than 5, real size: 0
[2026-07-08 16:47:09] out while is working
[2026-07-08 16:47:09] buffer is less than 5, real size: 0
[2026-07-08 16:47:09] out while is working
[2026-07-08 16:47:09] buffer is less than 5, real size: 0
[2026-07-08 16:47:09] out while is working
[2026-07-08 16:47:09] buffer is less than 5, real size: 0
[2026-07-08 16:47:09] out while is working
[2026-07-08 16:47:09] buffer is less than 5, real size: 0
[2026-07-08 16:47:09] out while is working
[2026-07-08 16:47:09] buffer is less than 5, real size: 0
[2026-07-08 16:47:09] out while is working
[2026-07-08 16:47:09] buffer is less than 5, real size: 0
[2026-07-08 16:47:09] out while is working
[2026-07-08 16:47:09] buffer is less than 5, real size: 1
[2026-07-08 16:47:09] out while is working
[2026-07-08 16:47:09] data_length 14 iseq 24
[2026-07-08 16:47:09] begin switch_method
[2026-07-08 16:47:09] find command id514
[2026-07-08 16:47:09] data_length 17 iseq 25
[2026-07-08 16:47:09] buffer is less than sof_index + frame_length(26), buffer size: b'\xa5\x11\x00\x19#\x01\x02\t\x01'
[2026-07-08 16:47:09] out while is working
[2026-07-08 16:47:09] data_length 17 iseq 25
[2026-07-08 16:47:09] buffer is less than sof_index + frame_length(26), buffer size: b'\xa5\x11\x00\x19#\x01\x02\t\x01\x00'
[2026-07-08 16:47:09] out while is working
[2026-07-08 16:47:09] data_length 17 iseq 25
[2026-07-08 16:47:09] begin switch_method
[2026-07-08 16:47:09] find command id513
[2026-07-08 16:47:09] buffer is less than 5, real size: 0
[2026-07-08 16:47:09] out while is working
[2026-07-08 16:47:09] buffer is less than 5, real size: 0
[2026-07-08 16:47:09] out while is working
[2026-07-08 16:47:09] buffer is less than 5, real size: 0
[2026-07-08 16:47:09] out while is working
[2026-07-08 16:47:09] buffer is less than 5, real size: 0
[2026-07-08 16:47:09] out while is working
[2026-07-08 16:47:09] buffer is less than 5, real size: 0
[2026-07-08 16:47:09] out while is working
[2026-07-08 16:47:09] buffer is less than 5, real size: 0
[2026-07-08 16:47:09] out while is working
[2026-07-08 16:47:09] buffer is less than 5, real size: 0
[2026-07-08 16:47:09] out while is working
[2026-07-08 16:47:09] buffer is less than 5, real size: 0
[2026-07-08 16:47:09] out while is working
[2026-07-08 16:47:09] buffer is less than 5, real size: 0
[2026-07-08 16:47:09] out while is working
[2026-07-08 16:47:09] buffer is less than 5, real size: 0
[2026-07-08 16:47:09] out while is working
[2026-07-08 16:47:09] buffer is less than 5, real size: 1
[2026-07-08 16:47:09] out while is working
[2026-07-08 16:47:09] data_length 14 iseq 26
[2026-07-08 16:47:09] begin switch_method
[2026-07-08 16:47:09] find command id514
[2026-07-08 16:47:09] data_length 17 iseq 27
[2026-07-08 16:47:09] buffer is less than sof_index + frame_length(26), buffer size: b'\xa5\x11\x00\x1b\x9f\x01\x02\t\x01'
[2026-07-08 16:47:09] out while is working
[2026-07-08 16:47:09] data_length 17 iseq 27
[2026-07-08 16:47:09] buffer is less than sof_index + frame_length(26), buffer size: b'\xa5\x11\x00\x1b\x9f\x01\x02\t\x01\x00'
[2026-07-08 16:47:09] out while is working
[2026-07-08 16:47:09] data_length 17 iseq 27
[2026-07-08 16:47:09] begin switch_method
[2026-07-08 16:47:09] find command id513
[2026-07-08 16:47:09] buffer is less than 5, real size: 0
[2026-07-08 16:47:09] out while is working
[2026-07-08 16:47:09] buffer is less than 5, real size: 0
[2026-07-08 16:47:09] out while is working
[2026-07-08 16:47:09] buffer is less than 5, real size: 0
[2026-07-08 16:47:09] out while is working
[2026-07-08 16:47:09] buffer is less than 5, real size: 0
[2026-07-08 16:47:09] out while is working
[2026-07-08 16:47:09] buffer is less than 5, real size: 0
[2026-07-08 16:47:09] out while is working
[2026-07-08 16:47:09] buffer is less than 5, real size: 0
[2026-07-08 16:47:09] out while is working
[2026-07-08 16:47:09] buffer is less than 5, real size: 0
[2026-07-08 16:47:09] out while is working
[2026-07-08 16:47:09] buffer is less than 5, real size: 0
[2026-07-08 16:47:09] out while is working
[2026-07-08 16:47:09] buffer is less than 5, real size: 0
[2026-07-08 16:47:09] out while is working
[2026-07-08 16:47:09] buffer is less than 5, real size: 0
[2026-07-08 16:47:09] out while is working
[2026-07-08 16:47:09] buffer is less than 5, real size: 1
[2026-07-08 16:47:09] out while is working
[2026-07-08 16:47:09] data_length 14 iseq 28
[2026-07-08 16:47:09] begin switch_method
[2026-07-08 16:47:09] find command id514
[2026-07-08 16:47:09] data_length 17 iseq 29
[2026-07-08 16:47:09] buffer is less than sof_index + frame_length(26), buffer size: b'\xa5\x11\x00\x1dB\x01\x02\t\x01'
[2026-07-08 16:47:09] out while is working
[2026-07-08 16:47:09] data_length 17 iseq 29
[2026-07-08 16:47:09] buffer is less than sof_index + frame_length(26), buffer size: b'\xa5\x11\x00\x1dB\x01\x02\t\x01\x00'
[2026-07-08 16:47:09] out while is working
[2026-07-08 16:47:09] data_length 17 iseq 29
[2026-07-08 16:47:09] begin switch_method
[2026-07-08 16:47:09] find command id513
[2026-07-08 16:47:09] buffer is less than 5, real size: 0
[2026-07-08 16:47:09] out while is working
[2026-07-08 16:47:09] buffer is less than 5, real size: 0
[2026-07-08 16:47:09] out while is working
[2026-07-08 16:47:09] buffer is less than 5, real size: 0
[2026-07-08 16:47:09] out while is working
[2026-07-08 16:47:09] buffer is less than 5, real size: 0
[2026-07-08 16:47:09] out while is working
[2026-07-08 16:47:09] buffer is less than 5, real size: 0
[2026-07-08 16:47:09] out while is working
[2026-07-08 16:47:09] buffer is less than 5, real size: 0
[2026-07-08 16:47:09] out while is working
[2026-07-08 16:47:09] buffer is less than 5, real size: 0
[2026-07-08 16:47:09] out while is working
[2026-07-08 16:47:09] buffer is less than 5, real size: 0
[2026-07-08 16:47:09] out while is working
[2026-07-08 16:47:09] buffer is less than 5, real size: 0
[2026-07-08 16:47:09] out while is working
[2026-07-08 16:47:09] buffer is less than 5, real size: 0
[2026-07-08 16:47:09] out while is working
[2026-07-08 16:47:09] buffer is less than 5, real size: 0
[2026-07-08 16:47:09] out while is working
[2026-07-08 16:47:09] buffer is less than 5, real size: 1
[2026-07-08 16:47:09] out while is working
[2026-07-08 16:47:09] data_length 14 iseq 30
[2026-07-08 16:47:09] begin switch_method
[2026-07-08 16:47:09] find command id514
[2026-07-08 16:47:09] data_length 17 iseq 31
[2026-07-08 16:47:09] buffer is less than sof_index + frame_length(26), buffer size: b'\xa5\x11\x00\x1f\xfe\x01\x02\t\x01'
[2026-07-08 16:47:09] out while is working
[2026-07-08 16:47:09] data_length 17 iseq 31
[2026-07-08 16:47:09] buffer is less than sof_index + frame_length(26), buffer size: b'\xa5\x11\x00\x1f\xfe\x01\x02\t\x01\x00'
[2026-07-08 16:47:09] out while is working
[2026-07-08 16:47:09] data_length 17 iseq 31
[2026-07-08 16:47:09] begin switch_method
[2026-07-08 16:47:09] find command id513
[2026-07-08 16:47:09] buffer is less than 5, real size: 0
[2026-07-08 16:47:09] out while is working
[2026-07-08 16:47:09] buffer is less than 5, real size: 0
[2026-07-08 16:47:09] out while is working
[2026-07-08 16:47:09] buffer is less than 5, real size: 0
[2026-07-08 16:47:09] out while is working
[2026-07-08 16:47:09] buffer is less than 5, real size: 0
[2026-07-08 16:47:09] out while is working
[2026-07-08 16:47:09] buffer is less than 5, real size: 0
[2026-07-08 16:47:09] out while is working
[2026-07-08 16:47:09] buffer is less than 5, real size: 0
[2026-07-08 16:47:09] out while is working
[2026-07-08 16:47:09] buffer is less than 5, real size: 0
[2026-07-08 16:47:09] out while is working
[2026-07-08 16:47:09] buffer is less than 5, real size: 0
[2026-07-08 16:47:09] out while is working
[2026-07-08 16:47:09] buffer is less than 5, real size: 0
[2026-07-08 16:47:09] out while is working
[2026-07-08 16:47:09] buffer is less than 5, real size: 0
[2026-07-08 16:47:09] out while is working
[2026-07-08 16:47:09] buffer is less than 5, real size: 1
[2026-07-08 16:47:09] out while is working
[2026-07-08 16:47:09] data_length 14 iseq 32
[2026-07-08 16:47:09] begin switch_method
[2026-07-08 16:47:09] find command id514
[2026-07-08 16:47:09] data_length 17 iseq 33
[2026-07-08 16:47:09] buffer is less than sof_index + frame_length(26), buffer size: b'\xa5\x11\x00!_\x01\x02\t\x01'
[2026-07-08 16:47:09] out while is working
[2026-07-08 16:47:10] data_length 17 iseq 33
[2026-07-08 16:47:10] buffer is less than sof_index + frame_length(26), buffer size: b'\xa5\x11\x00!_\x01\x02\t\x01\x00'
[2026-07-08 16:47:10] out while is working
[2026-07-08 16:47:10] data_length 17 iseq 33
[2026-07-08 16:47:10] begin switch_method
[2026-07-08 16:47:10] find command id513
[2026-07-08 16:47:10] buffer is less than 5, real size: 0
[2026-07-08 16:47:10] out while is working
[2026-07-08 16:47:10] buffer is less than 5, real size: 0
[2026-07-08 16:47:10] out while is working
[2026-07-08 16:47:10] buffer is less than 5, real size: 0
[2026-07-08 16:47:10] out while is working
[2026-07-08 16:47:10] buffer is less than 5, real size: 0
[2026-07-08 16:47:10] out while is working
[2026-07-08 16:47:10] buffer is less than 5, real size: 0
[2026-07-08 16:47:10] out while is working
[2026-07-08 16:47:10] buffer is less than 5, real size: 0
[2026-07-08 16:47:10] out while is working
[2026-07-08 16:47:10] buffer is less than 5, real size: 0
[2026-07-08 16:47:10] out while is working
[2026-07-08 16:47:10] buffer is less than 5, real size: 0
[2026-07-08 16:47:10] out while is working
[2026-07-08 16:47:10] buffer is less than 5, real size: 0
[2026-07-08 16:47:10] out while is working
[2026-07-08 16:47:10] buffer is less than 5, real size: 0
[2026-07-08 16:47:10] out while is working
[2026-07-08 16:47:10] buffer is less than 5, real size: 0
[2026-07-08 16:47:10] out while is working
[2026-07-08 16:47:10] buffer is less than 5, real size: 1
[2026-07-08 16:47:10] out while is working
[2026-07-08 16:47:10] data_length 14 iseq 34
[2026-07-08 16:47:10] begin switch_method
[2026-07-08 16:47:10] find command id514
[2026-07-08 16:47:10] data_length 17 iseq 35
[2026-07-08 16:47:10] buffer is less than sof_index + frame_length(26), buffer size: b'\xa5\x11\x00#\xe3\x01\x02\t\x01'
[2026-07-08 16:47:10] out while is working
[2026-07-08 16:47:10] data_length 17 iseq 35
[2026-07-08 16:47:10] buffer is less than sof_index + frame_length(26), buffer size: b'\xa5\x11\x00#\xe3\x01\x02\t\x01\x00'
[2026-07-08 16:47:10] out while is working
[2026-07-08 16:47:10] data_length 17 iseq 35
[2026-07-08 16:47:10] begin switch_method
[2026-07-08 16:47:10] find command id513
[2026-07-08 16:47:10] buffer is less than 5, real size: 0
[2026-07-08 16:47:10] out while is working
[2026-07-08 16:47:10] buffer is less than 5, real size: 0
[2026-07-08 16:47:10] out while is working
[2026-07-08 16:47:10] buffer is less than 5, real size: 0
[2026-07-08 16:47:10] out while is working
[2026-07-08 16:47:10] buffer is less than 5, real size: 0
[2026-07-08 16:47:10] out while is working
[2026-07-08 16:47:10] buffer is less than 5, real size: 0
[2026-07-08 16:47:10] out while is working
[2026-07-08 16:47:10] buffer is less than 5, real size: 0
[2026-07-08 16:47:10] out while is working
[2026-07-08 16:47:10] buffer is less than 5, real size: 0
[2026-07-08 16:47:10] out while is working
[2026-07-08 16:47:10] buffer is less than 5, real size: 0
[2026-07-08 16:47:10] out while is working
[2026-07-08 16:47:10] buffer is less than 5, real size: 0
[2026-07-08 16:47:10] out while is working
[2026-07-08 16:47:10] buffer is less than 5, real size: 0
[2026-07-08 16:47:10] out while is working
[2026-07-08 16:47:10] buffer is less than 5, real size: 1
[2026-07-08 16:47:10] out while is working
[2026-07-08 16:47:10] data_length 14 iseq 36
[2026-07-08 16:47:10] begin switch_method
[2026-07-08 16:47:10] find command id514
[2026-07-08 16:47:10] data_length 17 iseq 37
[2026-07-08 16:47:10] buffer is less than sof_index + frame_length(26), buffer size: b'\xa5\x11\x00%>\x01\x02\t\x01'
[2026-07-08 16:47:10] out while is working
[2026-07-08 16:47:10] data_length 17 iseq 37
[2026-07-08 16:47:10] buffer is less than sof_index + frame_length(26), buffer size: b'\xa5\x11\x00%>\x01\x02\t\x01\x00'
[2026-07-08 16:47:10] out while is working
[2026-07-08 16:47:10] data_length 17 iseq 37
[2026-07-08 16:47:10] begin switch_method
[2026-07-08 16:47:10] find command id513
[2026-07-08 16:47:10] buffer is less than 5, real size: 0
[2026-07-08 16:47:10] out while is working
[2026-07-08 16:47:10] buffer is less than 5, real size: 0
[2026-07-08 16:47:10] out while is working
[2026-07-08 16:47:10] buffer is less than 5, real size: 0
[2026-07-08 16:47:10] out while is working
[2026-07-08 16:47:10] buffer is less than 5, real size: 0
[2026-07-08 16:47:10] out while is working
[2026-07-08 16:47:10] buffer is less than 5, real size: 0
[2026-07-08 16:47:10] out while is working
[2026-07-08 16:47:10] buffer is less than 5, real size: 0
[2026-07-08 16:47:10] out while is working
[2026-07-08 16:47:10] buffer is less than 5, real size: 0
[2026-07-08 16:47:10] out while is working
[2026-07-08 16:47:10] buffer is less than 5, real size: 0
[2026-07-08 16:47:10] out while is working
[2026-07-08 16:47:10] buffer is less than 5, real size: 0
[2026-07-08 16:47:10] out while is working
[2026-07-08 16:47:10] buffer is less than 5, real size: 0
[2026-07-08 16:47:10] out while is working
[2026-07-08 16:47:10] buffer is less than 5, real size: 1
[2026-07-08 16:47:10] out while is working
[2026-07-08 16:47:10] data_length 14 iseq 38
[2026-07-08 16:47:10] begin switch_method
[2026-07-08 16:47:10] find command id514
[2026-07-08 16:47:10] data_length 12 iseq 39
[2026-07-08 16:47:10] buffer is less than sof_index + frame_length(21), buffer size: b"\xa5\x0c\x00'\xd8\x03\x02\x00\x00"
[2026-07-08 16:47:10] out while is working
[2026-07-08 16:47:10] data_length 12 iseq 39
[2026-07-08 16:47:10] buffer is less than sof_index + frame_length(21), buffer size: b"\xa5\x0c\x00'\xd8\x03\x02\x00\x00\x00"
[2026-07-08 16:47:10] out while is working
[2026-07-08 16:47:10] data_length 12 iseq 39
[2026-07-08 16:47:10] begin switch_method
[2026-07-08 16:47:10] find command id515
[2026-07-08 16:47:10] data_length 17 iseq 40
[2026-07-08 16:47:10] buffer is less than sof_index + frame_length(26), buffer size: b'\xa5\x11\x00(\xc3\x01\x02\t\x01\x00\x00\x00\x00\x00\x00\x00\x00\x00\x00\x00'
[2026-07-08 16:47:10] out while is working
[2026-07-08 16:47:10] data_length 17 iseq 40
[2026-07-08 16:47:10] buffer is less than sof_index + frame_length(26), buffer size: b'\xa5\x11\x00(\xc3\x01\x02\t\x01\x00\x00\x00\x00\x00\x00\x00\x00\x00\x00\x00\x00'
[2026-07-08 16:47:10] out while is working
[2026-07-08 16:47:10] data_length 17 iseq 40
[2026-07-08 16:47:10] begin switch_method
[2026-07-08 16:47:10] find command id513
[2026-07-08 16:47:10] buffer is less than 5, real size: 0
[2026-07-08 16:47:10] out while is working
[2026-07-08 16:47:10] buffer is less than 5, real size: 0
[2026-07-08 16:47:10] out while is working
[2026-07-08 16:47:10] buffer is less than 5, real size: 0
[2026-07-08 16:47:10] out while is working
[2026-07-08 16:47:10] buffer is less than 5, real size: 0
[2026-07-08 16:47:10] out while is working
[2026-07-08 16:47:10] buffer is less than 5, real size: 0
[2026-07-08 16:47:10] out while is working
[2026-07-08 16:47:10] buffer is less than 5, real size: 0
[2026-07-08 16:47:10] out while is working
[2026-07-08 16:47:10] buffer is less than 5, real size: 0
[2026-07-08 16:47:10] out while is working
[2026-07-08 16:47:10] buffer is less than 5, real size: 0
[2026-07-08 16:47:10] out while is working
[2026-07-08 16:47:10] buffer is less than 5, real size: 0
[2026-07-08 16:47:10] out while is working
[2026-07-08 16:47:10] buffer is less than 5, real size: 0
[2026-07-08 16:47:10] out while is working
[2026-07-08 16:47:10] buffer is less than 5, real size: 1
[2026-07-08 16:47:10] out while is working
[2026-07-08 16:47:10] data_length 14 iseq 41
[2026-07-08 16:47:10] begin switch_method
[2026-07-08 16:47:10] find command id514
[2026-07-08 16:47:10] data_length 17 iseq 42
[2026-07-08 16:47:10] buffer is less than sof_index + frame_length(26), buffer size: b'\xa5\x11\x00*\x7f\x01\x02\t\x01'
[2026-07-08 16:47:10] out while is working
[2026-07-08 16:47:10] data_length 17 iseq 42
[2026-07-08 16:47:10] buffer is less than sof_index + frame_length(26), buffer size: b'\xa5\x11\x00*\x7f\x01\x02\t\x01\x00'
[2026-07-08 16:47:10] out while is working
[2026-07-08 16:47:10] data_length 17 iseq 42
[2026-07-08 16:47:10] begin switch_method
[2026-07-08 16:47:10] find command id513
[2026-07-08 16:47:10] buffer is less than 5, real size: 0
[2026-07-08 16:47:10] out while is working
[2026-07-08 16:47:10] buffer is less than 5, real size: 0
[2026-07-08 16:47:10] out while is working
[2026-07-08 16:47:10] buffer is less than 5, real size: 0
[2026-07-08 16:47:10] out while is working
[2026-07-08 16:47:10] buffer is less than 5, real size: 0
[2026-07-08 16:47:10] out while is working
[2026-07-08 16:47:10] buffer is less than 5, real size: 0
[2026-07-08 16:47:10] out while is working
[2026-07-08 16:47:10] buffer is less than 5, real size: 0
[2026-07-08 16:47:10] out while is working
[2026-07-08 16:47:10] buffer is less than 5, real size: 0
[2026-07-08 16:47:10] out while is working
[2026-07-08 16:47:10] buffer is less than 5, real size: 0
[2026-07-08 16:47:10] out while is working
[2026-07-08 16:47:10] buffer is less than 5, real size: 0
[2026-07-08 16:47:10] out while is working
[2026-07-08 16:47:10] buffer is less than 5, real size: 0
[2026-07-08 16:47:10] out while is working
[2026-07-08 16:47:10] buffer is less than 5, real size: 1
[2026-07-08 16:47:10] out while is working
[2026-07-08 16:47:10] data_length 14 iseq 43
[2026-07-08 16:47:10] begin switch_method
[2026-07-08 16:47:10] find command id514
[2026-07-08 16:47:10] data_length 17 iseq 44
[2026-07-08 16:47:10] buffer is less than sof_index + frame_length(26), buffer size: b'\xa5\x11\x00,\xa2\x01\x02\t\x01'
[2026-07-08 16:47:10] out while is working
[2026-07-08 16:47:10] data_length 17 iseq 44
[2026-07-08 16:47:10] buffer is less than sof_index + frame_length(26), buffer size: b'\xa5\x11\x00,\xa2\x01\x02\t\x01\x00'
[2026-07-08 16:47:10] out while is working
[2026-07-08 16:47:10] data_length 17 iseq 44
[2026-07-08 16:47:10] begin switch_method
[2026-07-08 16:47:10] find command id513
[2026-07-08 16:47:10] buffer is less than 5, real size: 0
[2026-07-08 16:47:10] out while is working
[2026-07-08 16:47:10] buffer is less than 5, real size: 0
[2026-07-08 16:47:10] out while is working
[2026-07-08 16:47:10] buffer is less than 5, real size: 0
[2026-07-08 16:47:10] out while is working
[2026-07-08 16:47:10] buffer is less than 5, real size: 0
[2026-07-08 16:47:10] out while is working
[2026-07-08 16:47:10] buffer is less than 5, real size: 0
[2026-07-08 16:47:10] out while is working
[2026-07-08 16:47:10] buffer is less than 5, real size: 0
[2026-07-08 16:47:10] out while is working
[2026-07-08 16:47:10] buffer is less than 5, real size: 0
[2026-07-08 16:47:10] out while is working
[2026-07-08 16:47:10] buffer is less than 5, real size: 0
[2026-07-08 16:47:10] out while is working
[2026-07-08 16:47:10] buffer is less than 5, real size: 0
[2026-07-08 16:47:10] out while is working
[2026-07-08 16:47:10] buffer is less than 5, real size: 0
[2026-07-08 16:47:10] out while is working
[2026-07-08 16:47:10] buffer is less than 5, real size: 1
[2026-07-08 16:47:10] out while is working
[2026-07-08 16:47:10] data_length 14 iseq 45
[2026-07-08 16:47:10] begin switch_method
[2026-07-08 16:47:10] find command id514
[2026-07-08 16:47:10] data_length 17 iseq 46
[2026-07-08 16:47:10] buffer is less than sof_index + frame_length(26), buffer size: b'\xa5\x11\x00.\x1e\x01\x02\t\x01'
[2026-07-08 16:47:10] out while is working
[2026-07-08 16:47:10] data_length 17 iseq 46
[2026-07-08 16:47:10] buffer is less than sof_index + frame_length(26), buffer size: b'\xa5\x11\x00.\x1e\x01\x02\t\x01\x00'
[2026-07-08 16:47:10] out while is working
[2026-07-08 16:47:10] data_length 17 iseq 46
[2026-07-08 16:47:10] begin switch_method
[2026-07-08 16:47:10] find command id513
[2026-07-08 16:47:10] buffer is less than 5, real size: 0
[2026-07-08 16:47:10] out while is working
[2026-07-08 16:47:10] buffer is less than 5, real size: 0
[2026-07-08 16:47:10] out while is working
[2026-07-08 16:47:10] buffer is less than 5, real size: 0
[2026-07-08 16:47:10] out while is working
[2026-07-08 16:47:10] buffer is less than 5, real size: 0
[2026-07-08 16:47:10] out while is working
[2026-07-08 16:47:10] buffer is less than 5, real size: 0
[2026-07-08 16:47:10] out while is working
[2026-07-08 16:47:10] buffer is less than 5, real size: 0
[2026-07-08 16:47:10] out while is working
[2026-07-08 16:47:10] buffer is less than 5, real size: 0
[2026-07-08 16:47:10] out while is working
[2026-07-08 16:47:10] buffer is less than 5, real size: 0
[2026-07-08 16:47:10] out while is working
[2026-07-08 16:47:10] buffer is less than 5, real size: 0
[2026-07-08 16:47:10] out while is working
[2026-07-08 16:47:10] buffer is less than 5, real size: 0
[2026-07-08 16:47:10] out while is working
[2026-07-08 16:47:10] buffer is less than 5, real size: 1
[2026-07-08 16:47:10] out while is working
[2026-07-08 16:47:10] data_length 14 iseq 47
[2026-07-08 16:47:10] begin switch_method
[2026-07-08 16:47:10] find command id514
[2026-07-08 16:47:10] data_length 17 iseq 48
[2026-07-08 16:47:10] buffer is less than sof_index + frame_length(26), buffer size: b'\xa5\x11\x000\x9c\x01\x02\t\x01'
[2026-07-08 16:47:10] out while is working
[2026-07-08 16:47:10] data_length 17 iseq 48
[2026-07-08 16:47:10] buffer is less than sof_index + frame_length(26), buffer size: b'\xa5\x11\x000\x9c\x01\x02\t\x01\x00'
[2026-07-08 16:47:10] out while is working
[2026-07-08 16:47:10] data_length 17 iseq 48
[2026-07-08 16:47:10] begin switch_method
[2026-07-08 16:47:10] find command id513
[2026-07-08 16:47:10] buffer is less than 5, real size: 0
[2026-07-08 16:47:10] out while is working
[2026-07-08 16:47:10] buffer is less than 5, real size: 0
[2026-07-08 16:47:10] out while is working
[2026-07-08 16:47:10] buffer is less than 5, real size: 0
[2026-07-08 16:47:10] out while is working
[2026-07-08 16:47:10] buffer is less than 5, real size: 0
[2026-07-08 16:47:10] out while is working
[2026-07-08 16:47:10] buffer is less than 5, real size: 0
[2026-07-08 16:47:10] out while is working
[2026-07-08 16:47:10] buffer is less than 5, real size: 0
[2026-07-08 16:47:10] out while is working
[2026-07-08 16:47:10] buffer is less than 5, real size: 0
[2026-07-08 16:47:10] out while is working
[2026-07-08 16:47:10] buffer is less than 5, real size: 0
[2026-07-08 16:47:10] out while is working
[2026-07-08 16:47:10] buffer is less than 5, real size: 0
[2026-07-08 16:47:10] out while is working
[2026-07-08 16:47:10] buffer is less than 5, real size: 0
[2026-07-08 16:47:10] out while is working
[2026-07-08 16:47:10] buffer is less than 5, real size: 1
[2026-07-08 16:47:10] out while is working
[2026-07-08 16:47:10] data_length 14 iseq 49
[2026-07-08 16:47:10] begin switch_method
[2026-07-08 16:47:10] find command id514
[2026-07-08 16:47:10] data_length 17 iseq 50
[2026-07-08 16:47:10] buffer is less than sof_index + frame_length(26), buffer size: b'\xa5\x11\x002 \x01\x02\t\x01'
[2026-07-08 16:47:10] out while is working
[2026-07-08 16:47:10] data_length 17 iseq 50
[2026-07-08 16:47:10] buffer is less than sof_index + frame_length(26), buffer size: b'\xa5\x11\x002 \x01\x02\t\x01\x00'
[2026-07-08 16:47:10] out while is working
[2026-07-08 16:47:10] data_length 17 iseq 50
[2026-07-08 16:47:10] begin switch_method
[2026-07-08 16:47:10] find command id513
[2026-07-08 16:47:10] buffer is less than 5, real size: 0
[2026-07-08 16:47:10] out while is working
[2026-07-08 16:47:10] buffer is less than 5, real size: 0
[2026-07-08 16:47:10] out while is working
[2026-07-08 16:47:10] buffer is less than 5, real size: 0
[2026-07-08 16:47:10] out while is working
[2026-07-08 16:47:10] buffer is less than 5, real size: 0
[2026-07-08 16:47:10] out while is working
[2026-07-08 16:47:10] buffer is less than 5, real size: 0
[2026-07-08 16:47:10] out while is working
[2026-07-08 16:47:10] buffer is less than 5, real size: 0
[2026-07-08 16:47:10] out while is working
[2026-07-08 16:47:10] buffer is less than 5, real size: 0
[2026-07-08 16:47:10] out while is working
[2026-07-08 16:47:10] buffer is less than 5, real size: 0
[2026-07-08 16:47:10] out while is working
[2026-07-08 16:47:10] buffer is less than 5, real size: 0
[2026-07-08 16:47:10] out while is working
[2026-07-08 16:47:10] buffer is less than 5, real size: 0
[2026-07-08 16:47:10] out while is working
[2026-07-08 16:47:10] buffer is less than 5, real size: 0
[2026-07-08 16:47:10] out while is working
[2026-07-08 16:47:10] buffer is less than 5, real size: 1
[2026-07-08 16:47:10] out while is working
[2026-07-08 16:47:10] data_length 14 iseq 51
[2026-07-08 16:47:10] begin switch_method
[2026-07-08 16:47:10] find command id514
[2026-07-08 16:47:10] data_length 17 iseq 52
[2026-07-08 16:47:10] buffer is less than sof_index + frame_length(26), buffer size: b'\xa5\x11\x004\xfd\x01\x02\t\x01'
[2026-07-08 16:47:10] out while is working
[2026-07-08 16:47:10] data_length 17 iseq 52
[2026-07-08 16:47:10] buffer is less than sof_index + frame_length(26), buffer size: b'\xa5\x11\x004\xfd\x01\x02\t\x01\x00'
[2026-07-08 16:47:10] out while is working
[2026-07-08 16:47:10] data_length 17 iseq 52
[2026-07-08 16:47:10] begin switch_method
[2026-07-08 16:47:10] find command id513
[2026-07-08 16:47:10] buffer is less than 5, real size: 0
[2026-07-08 16:47:10] out while is working
[2026-07-08 16:47:10] buffer is less than 5, real size: 0
[2026-07-08 16:47:10] out while is working
[2026-07-08 16:47:10] buffer is less than 5, real size: 0
[2026-07-08 16:47:10] out while is working
[2026-07-08 16:47:10] buffer is less than 5, real size: 0
[2026-07-08 16:47:10] out while is working
[2026-07-08 16:47:10] buffer is less than 5, real size: 0
[2026-07-08 16:47:10] out while is working
[2026-07-08 16:47:10] buffer is less than 5, real size: 0
[2026-07-08 16:47:10] out while is working
[2026-07-08 16:47:11] buffer is less than 5, real size: 0
[2026-07-08 16:47:11] out while is working
[2026-07-08 16:47:11] buffer is less than 5, real size: 0
[2026-07-08 16:47:11] out while is working
[2026-07-08 16:47:11] buffer is less than 5, real size: 0
[2026-07-08 16:47:11] out while is working
[2026-07-08 16:47:11] buffer is less than 5, real size: 0
[2026-07-08 16:47:11] out while is working
[2026-07-08 16:47:11] buffer is less than 5, real size: 1
[2026-07-08 16:47:11] out while is working
[2026-07-08 16:47:11] data_length 14 iseq 53
[2026-07-08 16:47:11] begin switch_method
[2026-07-08 16:47:11] find command id514
[2026-07-08 16:47:11] data_length 17 iseq 54
[2026-07-08 16:47:11] buffer is less than sof_index + frame_length(26), buffer size: b'\xa5\x11\x006A\x01\x02\t\x01'
[2026-07-08 16:47:11] out while is working
[2026-07-08 16:47:11] data_length 17 iseq 54
[2026-07-08 16:47:11] buffer is less than sof_index + frame_length(26), buffer size: b'\xa5\x11\x006A\x01\x02\t\x01\x00'
[2026-07-08 16:47:11] out while is working
[2026-07-08 16:47:11] data_length 17 iseq 54
[2026-07-08 16:47:11] begin switch_method
[2026-07-08 16:47:11] find command id513
[2026-07-08 16:47:11] buffer is less than 5, real size: 0
[2026-07-08 16:47:11] out while is working
[2026-07-08 16:47:11] buffer is less than 5, real size: 0
[2026-07-08 16:47:11] out while is working
[2026-07-08 16:47:11] buffer is less than 5, real size: 0
[2026-07-08 16:47:11] out while is working
[2026-07-08 16:47:11] buffer is less than 5, real size: 0
[2026-07-08 16:47:11] out while is working
[2026-07-08 16:47:11] buffer is less than 5, real size: 0
[2026-07-08 16:47:11] out while is working
[2026-07-08 16:47:11] buffer is less than 5, real size: 0
[2026-07-08 16:47:11] out while is working
[2026-07-08 16:47:11] buffer is less than 5, real size: 0
[2026-07-08 16:47:11] out while is working
[2026-07-08 16:47:11] buffer is less than 5, real size: 0
[2026-07-08 16:47:11] out while is working
[2026-07-08 16:47:11] buffer is less than 5, real size: 0
[2026-07-08 16:47:11] out while is working
[2026-07-08 16:47:11] buffer is less than 5, real size: 0
[2026-07-08 16:47:11] out while is working
[2026-07-08 16:47:11] buffer is less than 5, real size: 0
[2026-07-08 16:47:11] out while is working
[2026-07-08 16:47:11] buffer is less than 5, real size: 1
[2026-07-08 16:47:11] out while is working
[2026-07-08 16:47:11] data_length 14 iseq 55
[2026-07-08 16:47:11] begin switch_method
[2026-07-08 16:47:11] find command id514
[2026-07-08 16:47:11] data_length 17 iseq 56
[2026-07-08 16:47:11] buffer is less than sof_index + frame_length(26), buffer size: b'\xa5\x11\x008^\x01\x02\t\x01'
[2026-07-08 16:47:11] out while is working
[2026-07-08 16:47:11] data_length 17 iseq 56
[2026-07-08 16:47:11] buffer is less than sof_index + frame_length(26), buffer size: b'\xa5\x11\x008^\x01\x02\t\x01\x00'
[2026-07-08 16:47:11] out while is working
[2026-07-08 16:47:11] data_length 17 iseq 56
[2026-07-08 16:47:11] begin switch_method
[2026-07-08 16:47:11] find command id513
[2026-07-08 16:47:11] buffer is less than 5, real size: 0
[2026-07-08 16:47:11] out while is working
[2026-07-08 16:47:11] buffer is less than 5, real size: 0
[2026-07-08 16:47:11] out while is working
[2026-07-08 16:47:11] buffer is less than 5, real size: 0
[2026-07-08 16:47:11] out while is working
[2026-07-08 16:47:11] buffer is less than 5, real size: 0
[2026-07-08 16:47:11] out while is working
[2026-07-08 16:47:11] buffer is less than 5, real size: 0
[2026-07-08 16:47:11] out while is working
[2026-07-08 16:47:11] buffer is less than 5, real size: 0
[2026-07-08 16:47:11] out while is working
[2026-07-08 16:47:11] buffer is less than 5, real size: 0
[2026-07-08 16:47:11] out while is working
[2026-07-08 16:47:11] buffer is less than 5, real size: 0
[2026-07-08 16:47:11] out while is working
[2026-07-08 16:47:11] buffer is less than 5, real size: 0
[2026-07-08 16:47:11] out while is working
[2026-07-08 16:47:11] buffer is less than 5, real size: 0
[2026-07-08 16:47:11] out while is working
[2026-07-08 16:47:11] buffer is less than 5, real size: 1
[2026-07-08 16:47:11] out while is working
[2026-07-08 16:47:11] data_length 14 iseq 57
[2026-07-08 16:47:11] begin switch_method
[2026-07-08 16:47:11] find command id514
[2026-07-08 16:47:11] data_length 17 iseq 58
[2026-07-08 16:47:11] buffer is less than sof_index + frame_length(26), buffer size: b'\xa5\x11\x00:\xe2\x01\x02\t\x01'
[2026-07-08 16:47:11] out while is working
[2026-07-08 16:47:11] data_length 17 iseq 58
[2026-07-08 16:47:11] buffer is less than sof_index + frame_length(26), buffer size: b'\xa5\x11\x00:\xe2\x01\x02\t\x01\x00'
[2026-07-08 16:47:11] out while is working
[2026-07-08 16:47:11] data_length 17 iseq 58
[2026-07-08 16:47:11] begin switch_method
[2026-07-08 16:47:11] find command id513
[2026-07-08 16:47:11] buffer is less than 5, real size: 0
[2026-07-08 16:47:11] out while is working
[2026-07-08 16:47:11] buffer is less than 5, real size: 0
[2026-07-08 16:47:11] out while is working
[2026-07-08 16:47:11] buffer is less than 5, real size: 0
[2026-07-08 16:47:11] out while is working
[2026-07-08 16:47:11] buffer is less than 5, real size: 0
[2026-07-08 16:47:11] out while is working
[2026-07-08 16:47:11] buffer is less than 5, real size: 0
[2026-07-08 16:47:11] out while is working
[2026-07-08 16:47:11] buffer is less than 5, real size: 0
[2026-07-08 16:47:11] out while is working
[2026-07-08 16:47:11] buffer is less than 5, real size: 0
[2026-07-08 16:47:11] out while is working
[2026-07-08 16:47:11] buffer is less than 5, real size: 0
[2026-07-08 16:47:11] out while is working
[2026-07-08 16:47:11] buffer is less than 5, real size: 0
[2026-07-08 16:47:11] out while is working
[2026-07-08 16:47:11] buffer is less than 5, real size: 0
[2026-07-08 16:47:11] out while is working
[2026-07-08 16:47:11] buffer is less than 5, real size: 1
[2026-07-08 16:47:11] out while is working
[2026-07-08 16:47:11] data_length 14 iseq 59
[2026-07-08 16:47:11] begin switch_method
[2026-07-08 16:47:11] find command id514
[2026-07-08 16:47:11] data_length 12 iseq 60
[2026-07-08 16:47:11] buffer is less than sof_index + frame_length(21), buffer size: b'\xa5\x0c\x00<e\x03\x02\x00\x00'
[2026-07-08 16:47:11] out while is working
[2026-07-08 16:47:11] data_length 12 iseq 60
[2026-07-08 16:47:11] buffer is less than sof_index + frame_length(21), buffer size: b'\xa5\x0c\x00<e\x03\x02\x00\x00\x00'
[2026-07-08 16:47:11] out while is working
[2026-07-08 16:47:11] data_length 12 iseq 60
[2026-07-08 16:47:11] begin switch_method
[2026-07-08 16:47:11] find command id515
[2026-07-08 16:47:11] data_length 17 iseq 61
[2026-07-08 16:47:11] buffer is less than sof_index + frame_length(26), buffer size: b'\xa5\x11\x00=a\x01\x02\t\x01\x00\x00\x00\x00\x00\x00\x00\x00\x00\x00\x00'
[2026-07-08 16:47:11] out while is working
[2026-07-08 16:47:11] data_length 17 iseq 61
[2026-07-08 16:47:11] buffer is less than sof_index + frame_length(26), buffer size: b'\xa5\x11\x00=a\x01\x02\t\x01\x00\x00\x00\x00\x00\x00\x00\x00\x00\x00\x00\x00'
[2026-07-08 16:47:11] out while is working
[2026-07-08 16:47:11] data_length 17 iseq 61
[2026-07-08 16:47:11] begin switch_method
[2026-07-08 16:47:11] find command id513
[2026-07-08 16:47:11] buffer is less than 5, real size: 0
[2026-07-08 16:47:11] out while is working
[2026-07-08 16:47:11] buffer is less than 5, real size: 0
[2026-07-08 16:47:11] out while is working
[2026-07-08 16:47:11] buffer is less than 5, real size: 0
[2026-07-08 16:47:11] out while is working
[2026-07-08 16:47:11] buffer is less than 5, real size: 0
[2026-07-08 16:47:11] out while is working
[2026-07-08 16:47:11] buffer is less than 5, real size: 0
[2026-07-08 16:47:11] out while is working
[2026-07-08 16:47:11] buffer is less than 5, real size: 0
[2026-07-08 16:47:11] out while is working
[2026-07-08 16:47:11] buffer is less than 5, real size: 0
[2026-07-08 16:47:11] out while is working
[2026-07-08 16:47:11] buffer is less than 5, real size: 0
[2026-07-08 16:47:11] out while is working
[2026-07-08 16:47:11] buffer is less than 5, real size: 0
[2026-07-08 16:47:11] out while is working
[2026-07-08 16:47:11] buffer is less than 5, real size: 0
[2026-07-08 16:47:11] out while is working
[2026-07-08 16:47:11] buffer is less than 5, real size: 1
[2026-07-08 16:47:11] out while is working
[2026-07-08 16:47:11] data_length 14 iseq 62
[2026-07-08 16:47:11] begin switch_method
[2026-07-08 16:47:11] find command id514
[2026-07-08 16:47:11] data_length 17 iseq 63
[2026-07-08 16:47:11] buffer is less than sof_index + frame_length(26), buffer size: b'\xa5\x11\x00?\xdd\x01\x02\t\x01'
[2026-07-08 16:47:11] out while is working
[2026-07-08 16:47:11] data_length 17 iseq 63
[2026-07-08 16:47:11] buffer is less than sof_index + frame_length(26), buffer size: b'\xa5\x11\x00?\xdd\x01\x02\t\x01\x00'
[2026-07-08 16:47:11] out while is working
[2026-07-08 16:47:11] data_length 17 iseq 63
[2026-07-08 16:47:11] begin switch_method
[2026-07-08 16:47:11] find command id513
[2026-07-08 16:47:11] buffer is less than 5, real size: 0
[2026-07-08 16:47:11] out while is working
[2026-07-08 16:47:11] buffer is less than 5, real size: 0
[2026-07-08 16:47:11] out while is working
[2026-07-08 16:47:11] buffer is less than 5, real size: 0
[2026-07-08 16:47:11] out while is working
[2026-07-08 16:47:11] buffer is less than 5, real size: 0
[2026-07-08 16:47:11] out while is working
[2026-07-08 16:47:11] buffer is less than 5, real size: 0
[2026-07-08 16:47:11] out while is working
[2026-07-08 16:47:11] buffer is less than 5, real size: 0
[2026-07-08 16:47:11] out while is working
[2026-07-08 16:47:11] buffer is less than 5, real size: 0
[2026-07-08 16:47:11] out while is working
[2026-07-08 16:47:11] buffer is less than 5, real size: 0
[2026-07-08 16:47:11] out while is working
[2026-07-08 16:47:11] buffer is less than 5, real size: 0
[2026-07-08 16:47:11] out while is working
[2026-07-08 16:47:11] buffer is less than 5, real size: 0
[2026-07-08 16:47:11] out while is working
[2026-07-08 16:47:11] buffer is less than 5, real size: 1
[2026-07-08 16:47:11] out while is working
[2026-07-08 16:47:11] data_length 14 iseq 64
[2026-07-08 16:47:11] begin switch_method
[2026-07-08 16:47:11] find command id514
[2026-07-08 16:47:11] data_length 17 iseq 65
[2026-07-08 16:47:11] buffer is less than sof_index + frame_length(26), buffer size: b'\xa5\x11\x00A:\x01\x02\t\x01'
[2026-07-08 16:47:11] out while is working
[2026-07-08 16:47:11] data_length 17 iseq 65
[2026-07-08 16:47:11] buffer is less than sof_index + frame_length(26), buffer size: b'\xa5\x11\x00A:\x01\x02\t\x01\x00'
[2026-07-08 16:47:11] out while is working
[2026-07-08 16:47:11] data_length 17 iseq 65
[2026-07-08 16:47:11] begin switch_method
[2026-07-08 16:47:11] find command id513
[2026-07-08 16:47:11] buffer is less than 5, real size: 0
[2026-07-08 16:47:11] out while is working
[2026-07-08 16:47:11] buffer is less than 5, real size: 0
[2026-07-08 16:47:11] out while is working
[2026-07-08 16:47:11] buffer is less than 5, real size: 0
[2026-07-08 16:47:11] out while is working
[2026-07-08 16:47:11] buffer is less than 5, real size: 0
[2026-07-08 16:47:11] out while is working
[2026-07-08 16:47:11] buffer is less than 5, real size: 0
[2026-07-08 16:47:11] out while is working
[2026-07-08 16:47:11] buffer is less than 5, real size: 0
[2026-07-08 16:47:11] out while is working
[2026-07-08 16:47:11] buffer is less than 5, real size: 0
[2026-07-08 16:47:11] out while is working
[2026-07-08 16:47:11] buffer is less than 5, real size: 0
[2026-07-08 16:47:11] out while is working
[2026-07-08 16:47:11] buffer is less than 5, real size: 0
[2026-07-08 16:47:11] out while is working
[2026-07-08 16:47:11] buffer is less than 5, real size: 0
[2026-07-08 16:47:11] out while is working
[2026-07-08 16:47:11] buffer is less than 5, real size: 0
[2026-07-08 16:47:11] out while is working
[2026-07-08 16:47:11] buffer is less than 5, real size: 1
[2026-07-08 16:47:11] out while is working
[2026-07-08 16:47:11] data_length 14 iseq 66
[2026-07-08 16:47:11] begin switch_method
[2026-07-08 16:47:11] find command id514
[2026-07-08 16:47:11] data_length 17 iseq 67
[2026-07-08 16:47:11] buffer is less than sof_index + frame_length(26), buffer size: b'\xa5\x11\x00C\x86\x01\x02\t\x01'
[2026-07-08 16:47:11] out while is working
[2026-07-08 16:47:11] data_length 17 iseq 67
[2026-07-08 16:47:11] buffer is less than sof_index + frame_length(26), buffer size: b'\xa5\x11\x00C\x86\x01\x02\t\x01\x00'
[2026-07-08 16:47:11] out while is working
[2026-07-08 16:47:11] data_length 17 iseq 67
[2026-07-08 16:47:11] begin switch_method
[2026-07-08 16:47:11] find command id513
[2026-07-08 16:47:11] buffer is less than 5, real size: 0
[2026-07-08 16:47:11] out while is working
[2026-07-08 16:47:11] buffer is less than 5, real size: 0
[2026-07-08 16:47:11] out while is working
[2026-07-08 16:47:11] buffer is less than 5, real size: 0
[2026-07-08 16:47:11] out while is working
[2026-07-08 16:47:11] buffer is less than 5, real size: 0
[2026-07-08 16:47:11] out while is working
[2026-07-08 16:47:11] buffer is less than 5, real size: 0
[2026-07-08 16:47:11] out while is working
[2026-07-08 16:47:11] buffer is less than 5, real size: 0
[2026-07-08 16:47:11] out while is working
[2026-07-08 16:47:11] buffer is less than 5, real size: 0
[2026-07-08 16:47:11] out while is working
[2026-07-08 16:47:11] buffer is less than 5, real size: 0
[2026-07-08 16:47:11] out while is working
[2026-07-08 16:47:11] buffer is less than 5, real size: 0
[2026-07-08 16:47:11] out while is working
[2026-07-08 16:47:11] buffer is less than 5, real size: 1
[2026-07-08 16:47:11] out while is working
[2026-07-08 16:47:11] data_length 14 iseq 68
[2026-07-08 16:47:11] begin switch_method
[2026-07-08 16:47:11] find command id514
[2026-07-08 16:47:11] data_length 17 iseq 69
[2026-07-08 16:47:11] buffer is less than sof_index + frame_length(26), buffer size: b'\xa5\x11\x00E[\x01\x02\t\x01'
[2026-07-08 16:47:11] out while is working
[2026-07-08 16:47:11] data_length 17 iseq 69
[2026-07-08 16:47:11] buffer is less than sof_index + frame_length(26), buffer size: b'\xa5\x11\x00E[\x01\x02\t\x01\x00'
[2026-07-08 16:47:11] out while is working
[2026-07-08 16:47:11] data_length 17 iseq 69
[2026-07-08 16:47:11] begin switch_method
[2026-07-08 16:47:11] find command id513
[2026-07-08 16:47:11] buffer is less than 5, real size: 0
[2026-07-08 16:47:11] out while is working
[2026-07-08 16:47:11] buffer is less than 5, real size: 0
[2026-07-08 16:47:11] out while is working
[2026-07-08 16:47:11] buffer is less than 5, real size: 0
[2026-07-08 16:47:11] out while is working
[2026-07-08 16:47:11] buffer is less than 5, real size: 0
[2026-07-08 16:47:11] out while is working
[2026-07-08 16:47:11] buffer is less than 5, real size: 0
[2026-07-08 16:47:11] out while is working
[2026-07-08 16:47:11] buffer is less than 5, real size: 0
[2026-07-08 16:47:11] out while is working
[2026-07-08 16:47:11] buffer is less than 5, real size: 0
[2026-07-08 16:47:11] out while is working
[2026-07-08 16:47:11] buffer is less than 5, real size: 0
[2026-07-08 16:47:11] out while is working
[2026-07-08 16:47:11] buffer is less than 5, real size: 0
[2026-07-08 16:47:11] out while is working
[2026-07-08 16:47:11] buffer is less than 5, real size: 0
[2026-07-08 16:47:11] out while is working
[2026-07-08 16:47:11] buffer is less than 5, real size: 1
[2026-07-08 16:47:11] out while is working
[2026-07-08 16:47:11] data_length 14 iseq 70
[2026-07-08 16:47:11] begin switch_method
[2026-07-08 16:47:11] find command id514
[2026-07-08 16:47:11] data_length 17 iseq 71
[2026-07-08 16:47:11] buffer is less than sof_index + frame_length(26), buffer size: b'\xa5\x11\x00G\xe7\x01\x02\t\x01'
[2026-07-08 16:47:11] out while is working
[2026-07-08 16:47:11] data_length 17 iseq 71
[2026-07-08 16:47:11] buffer is less than sof_index + frame_length(26), buffer size: b'\xa5\x11\x00G\xe7\x01\x02\t\x01\x00'
[2026-07-08 16:47:11] out while is working
[2026-07-08 16:47:11] data_length 17 iseq 71
[2026-07-08 16:47:11] begin switch_method
[2026-07-08 16:47:11] find command id513
[2026-07-08 16:47:11] buffer is less than 5, real size: 0
[2026-07-08 16:47:11] out while is working
[2026-07-08 16:47:11] buffer is less than 5, real size: 0
[2026-07-08 16:47:11] out while is working
[2026-07-08 16:47:11] buffer is less than 5, real size: 0
[2026-07-08 16:47:11] out while is working
[2026-07-08 16:47:11] buffer is less than 5, real size: 0
[2026-07-08 16:47:11] out while is working
[2026-07-08 16:47:11] buffer is less than 5, real size: 0
[2026-07-08 16:47:11] out while is working
[2026-07-08 16:47:11] buffer is less than 5, real size: 0
[2026-07-08 16:47:11] out while is working
[2026-07-08 16:47:11] buffer is less than 5, real size: 0
[2026-07-08 16:47:11] out while is working
[2026-07-08 16:47:11] buffer is less than 5, real size: 0
[2026-07-08 16:47:11] out while is working
[2026-07-08 16:47:11] buffer is less than 5, real size: 0
[2026-07-08 16:47:11] out while is working
[2026-07-08 16:47:11] buffer is less than 5, real size: 0
[2026-07-08 16:47:11] out while is working
[2026-07-08 16:47:11] buffer is less than 5, real size: 1
[2026-07-08 16:47:11] out while is working
[2026-07-08 16:47:11] data_length 14 iseq 72
[2026-07-08 16:47:11] begin switch_method
[2026-07-08 16:47:11] find command id514
[2026-07-08 16:47:11] data_length 17 iseq 73
[2026-07-08 16:47:11] buffer is less than sof_index + frame_length(26), buffer size: b'\xa5\x11\x00I\xf8\x01\x02\t\x01'
[2026-07-08 16:47:11] out while is working
[2026-07-08 16:47:11] data_length 17 iseq 73
[2026-07-08 16:47:11] buffer is less than sof_index + frame_length(26), buffer size: b'\xa5\x11\x00I\xf8\x01\x02\t\x01\x00'
[2026-07-08 16:47:11] out while is working
[2026-07-08 16:47:11] data_length 17 iseq 73
[2026-07-08 16:47:11] begin switch_method
[2026-07-08 16:47:11] find command id513
[2026-07-08 16:47:11] buffer is less than 5, real size: 0
[2026-07-08 16:47:11] out while is working
[2026-07-08 16:47:11] buffer is less than 5, real size: 0
[2026-07-08 16:47:11] out while is working
[2026-07-08 16:47:11] buffer is less than 5, real size: 0
[2026-07-08 16:47:11] out while is working
[2026-07-08 16:47:12] buffer is less than 5, real size: 0
[2026-07-08 16:47:12] out while is working
[2026-07-08 16:47:12] buffer is less than 5, real size: 0
[2026-07-08 16:47:12] out while is working
[2026-07-08 16:47:12] buffer is less than 5, real size: 0
[2026-07-08 16:47:12] out while is working
[2026-07-08 16:47:12] buffer is less than 5, real size: 0
[2026-07-08 16:47:12] out while is working
[2026-07-08 16:47:12] buffer is less than 5, real size: 0
[2026-07-08 16:47:12] out while is working
[2026-07-08 16:47:12] buffer is less than 5, real size: 0
[2026-07-08 16:47:12] out while is working
[2026-07-08 16:47:12] buffer is less than 5, real size: 0
[2026-07-08 16:47:12] out while is working
[2026-07-08 16:47:12] buffer is less than 5, real size: 1
[2026-07-08 16:47:12] out while is working
[2026-07-08 16:47:12] data_length 14 iseq 74
[2026-07-08 16:47:12] begin switch_method
[2026-07-08 16:47:12] find command id514
[2026-07-08 16:47:12] data_length 17 iseq 75
[2026-07-08 16:47:12] buffer is less than sof_index + frame_length(26), buffer size: b'\xa5\x11\x00KD\x01\x02\t\x01'
[2026-07-08 16:47:12] out while is working
[2026-07-08 16:47:12] data_length 17 iseq 75
[2026-07-08 16:47:12] buffer is less than sof_index + frame_length(26), buffer size: b'\xa5\x11\x00KD\x01\x02\t\x01\x00'
[2026-07-08 16:47:12] out while is working
[2026-07-08 16:47:12] data_length 17 iseq 75
[2026-07-08 16:47:12] begin switch_method
[2026-07-08 16:47:12] find command id513
[2026-07-08 16:47:12] buffer is less than 5, real size: 0
[2026-07-08 16:47:12] out while is working
[2026-07-08 16:47:12] buffer is less than 5, real size: 0
[2026-07-08 16:47:12] out while is working
[2026-07-08 16:47:12] buffer is less than 5, real size: 0
[2026-07-08 16:47:12] out while is working
[2026-07-08 16:47:12] buffer is less than 5, real size: 0
[2026-07-08 16:47:12] out while is working
[2026-07-08 16:47:12] buffer is less than 5, real size: 0
[2026-07-08 16:47:12] out while is working
[2026-07-08 16:47:12] buffer is less than 5, real size: 0
[2026-07-08 16:47:12] out while is working
[2026-07-08 16:47:12] buffer is less than 5, real size: 0
[2026-07-08 16:47:12] out while is working
[2026-07-08 16:47:12] buffer is less than 5, real size: 0
[2026-07-08 16:47:12] out while is working
[2026-07-08 16:47:12] buffer is less than 5, real size: 0
[2026-07-08 16:47:12] out while is working
[2026-07-08 16:47:12] buffer is less than 5, real size: 0
[2026-07-08 16:47:12] out while is working
[2026-07-08 16:47:12] buffer is less than 5, real size: 1
[2026-07-08 16:47:12] out while is working
[2026-07-08 16:47:12] data_length 14 iseq 76
[2026-07-08 16:47:12] begin switch_method
[2026-07-08 16:47:12] find command id514
[2026-07-08 16:47:12] data_length 17 iseq 77
[2026-07-08 16:47:12] buffer is less than sof_index + frame_length(26), buffer size: b'\xa5\x11\x00M\x99\x01\x02\t\x01'
[2026-07-08 16:47:12] out while is working
[2026-07-08 16:47:12] data_length 17 iseq 77
[2026-07-08 16:47:12] buffer is less than sof_index + frame_length(26), buffer size: b'\xa5\x11\x00M\x99\x01\x02\t\x01\x00'
[2026-07-08 16:47:12] out while is working
[2026-07-08 16:47:12] data_length 17 iseq 77
[2026-07-08 16:47:12] begin switch_method
[2026-07-08 16:47:12] find command id513
[2026-07-08 16:47:12] buffer is less than 5, real size: 0
[2026-07-08 16:47:12] out while is working
[2026-07-08 16:47:12] buffer is less than 5, real size: 0
[2026-07-08 16:47:12] out while is working
[2026-07-08 16:47:12] buffer is less than 5, real size: 0
[2026-07-08 16:47:12] out while is working
[2026-07-08 16:47:12] buffer is less than 5, real size: 0
[2026-07-08 16:47:12] out while is working
[2026-07-08 16:47:12] buffer is less than 5, real size: 0
[2026-07-08 16:47:12] out while is working
[2026-07-08 16:47:12] buffer is less than 5, real size: 0
[2026-07-08 16:47:12] out while is working
[2026-07-08 16:47:12] buffer is less than 5, real size: 0
[2026-07-08 16:47:12] out while is working
[2026-07-08 16:47:12] buffer is less than 5, real size: 0
[2026-07-08 16:47:12] out while is working
[2026-07-08 16:47:12] buffer is less than 5, real size: 0
[2026-07-08 16:47:12] out while is working
[2026-07-08 16:47:12] buffer is less than 5, real size: 0
[2026-07-08 16:47:12] out while is working
[2026-07-08 16:47:12] buffer is less than 5, real size: 1
[2026-07-08 16:47:12] out while is working
[2026-07-08 16:47:12] data_length 14 iseq 78
[2026-07-08 16:47:12] begin switch_method
[2026-07-08 16:47:12] find command id514
[2026-07-08 16:47:12] data_length 17 iseq 79
[2026-07-08 16:47:12] buffer is less than sof_index + frame_length(26), buffer size: b'\xa5\x11\x00O%\x01\x02\t\x01'
[2026-07-08 16:47:12] out while is working
[2026-07-08 16:47:12] data_length 17 iseq 79
[2026-07-08 16:47:12] buffer is less than sof_index + frame_length(26), buffer size: b'\xa5\x11\x00O%\x01\x02\t\x01\x00'
[2026-07-08 16:47:12] out while is working
[2026-07-08 16:47:12] data_length 17 iseq 79
[2026-07-08 16:47:12] begin switch_method
[2026-07-08 16:47:12] find command id513
[2026-07-08 16:47:12] buffer is less than 5, real size: 0
[2026-07-08 16:47:12] out while is working
[2026-07-08 16:47:12] buffer is less than 5, real size: 0
[2026-07-08 16:47:12] out while is working
[2026-07-08 16:47:12] buffer is less than 5, real size: 0
[2026-07-08 16:47:12] out while is working
[2026-07-08 16:47:12] buffer is less than 5, real size: 0
[2026-07-08 16:47:12] out while is working
[2026-07-08 16:47:12] buffer is less than 5, real size: 0
[2026-07-08 16:47:12] out while is working
[2026-07-08 16:47:12] buffer is less than 5, real size: 0
[2026-07-08 16:47:12] out while is working
[2026-07-08 16:47:12] buffer is less than 5, real size: 0
[2026-07-08 16:47:12] out while is working
[2026-07-08 16:47:12] buffer is less than 5, real size: 0
[2026-07-08 16:47:12] out while is working
[2026-07-08 16:47:12] buffer is less than 5, real size: 0
[2026-07-08 16:47:12] out while is working
[2026-07-08 16:47:12] buffer is less than 5, real size: 0
[2026-07-08 16:47:12] out while is working
[2026-07-08 16:47:12] buffer is less than 5, real size: 1
[2026-07-08 16:47:12] out while is working
[2026-07-08 16:47:12] data_length 14 iseq 80
[2026-07-08 16:47:12] begin switch_method
[2026-07-08 16:47:12] find command id514
[2026-07-08 16:47:12] data_length 12 iseq 81
[2026-07-08 16:47:12] buffer is less than sof_index + frame_length(21), buffer size: b'\xa5\x0c\x00Q\xfd\x03\x02\x00\x00'
[2026-07-08 16:47:12] out while is working
[2026-07-08 16:47:12] data_length 12 iseq 81
[2026-07-08 16:47:12] buffer is less than sof_index + frame_length(21), buffer size: b'\xa5\x0c\x00Q\xfd\x03\x02\x00\x00\x00'
[2026-07-08 16:47:12] out while is working
[2026-07-08 16:47:12] data_length 12 iseq 81
[2026-07-08 16:47:12] begin switch_method
[2026-07-08 16:47:12] find command id515
[2026-07-08 16:47:12] data_length 17 iseq 82
[2026-07-08 16:47:12] buffer is less than sof_index + frame_length(26), buffer size: b'\xa5\x11\x00RE\x01\x02\t\x01\x00\x00\x00\x00\x00\x00\x00\x00\x00\x00\x00'
[2026-07-08 16:47:12] out while is working
[2026-07-08 16:47:12] data_length 17 iseq 82
[2026-07-08 16:47:12] buffer is less than sof_index + frame_length(26), buffer size: b'\xa5\x11\x00RE\x01\x02\t\x01\x00\x00\x00\x00\x00\x00\x00\x00\x00\x00\x00\x00'
[2026-07-08 16:47:12] out while is working
[2026-07-08 16:47:12] data_length 17 iseq 82
[2026-07-08 16:47:12] begin switch_method
[2026-07-08 16:47:12] find command id513
[2026-07-08 16:47:12] buffer is less than 5, real size: 0
[2026-07-08 16:47:12] out while is working
[2026-07-08 16:47:12] buffer is less than 5, real size: 0
[2026-07-08 16:47:12] out while is working
[2026-07-08 16:47:12] buffer is less than 5, real size: 0
[2026-07-08 16:47:12] out while is working
[2026-07-08 16:47:12] buffer is less than 5, real size: 0
[2026-07-08 16:47:12] out while is working
[2026-07-08 16:47:12] buffer is less than 5, real size: 0
[2026-07-08 16:47:12] out while is working
[2026-07-08 16:47:12] buffer is less than 5, real size: 0
[2026-07-08 16:47:12] out while is working
[2026-07-08 16:47:12] buffer is less than 5, real size: 0
[2026-07-08 16:47:12] out while is working
[2026-07-08 16:47:12] buffer is less than 5, real size: 0
[2026-07-08 16:47:12] out while is working
[2026-07-08 16:47:12] buffer is less than 5, real size: 0
[2026-07-08 16:47:12] out while is working
[2026-07-08 16:47:12] buffer is less than 5, real size: 0
[2026-07-08 16:47:12] out while is working
[2026-07-08 16:47:12] buffer is less than 5, real size: 1
[2026-07-08 16:47:12] out while is working
[2026-07-08 16:47:12] data_length 14 iseq 83
[2026-07-08 16:47:12] begin switch_method
[2026-07-08 16:47:12] find command id514
[2026-07-08 16:47:12] data_length 17 iseq 84
[2026-07-08 16:47:12] buffer is less than sof_index + frame_length(26), buffer size: b'\xa5\x11\x00T\x98\x01\x02\t\x01'
[2026-07-08 16:47:12] out while is working
[2026-07-08 16:47:12] data_length 17 iseq 84
[2026-07-08 16:47:12] buffer is less than sof_index + frame_length(26), buffer size: b'\xa5\x11\x00T\x98\x01\x02\t\x01\x00'
[2026-07-08 16:47:12] out while is working
[2026-07-08 16:47:12] data_length 17 iseq 84
[2026-07-08 16:47:12] begin switch_method
[2026-07-08 16:47:12] find command id513
[2026-07-08 16:47:12] buffer is less than 5, real size: 0
[2026-07-08 16:47:12] out while is working
[2026-07-08 16:47:12] buffer is less than 5, real size: 0
[2026-07-08 16:47:12] out while is working
[2026-07-08 16:47:12] buffer is less than 5, real size: 0
[2026-07-08 16:47:12] out while is working
[2026-07-08 16:47:12] buffer is less than 5, real size: 0
[2026-07-08 16:47:12] out while is working
[2026-07-08 16:47:12] buffer is less than 5, real size: 0
[2026-07-08 16:47:12] out while is working
[2026-07-08 16:47:12] buffer is less than 5, real size: 0
[2026-07-08 16:47:12] out while is working
[2026-07-08 16:47:12] buffer is less than 5, real size: 0
[2026-07-08 16:47:12] out while is working
[2026-07-08 16:47:12] buffer is less than 5, real size: 0
[2026-07-08 16:47:12] out while is working
[2026-07-08 16:47:12] buffer is less than 5, real size: 0
[2026-07-08 16:47:12] out while is working
[2026-07-08 16:47:12] buffer is less than 5, real size: 0
[2026-07-08 16:47:12] out while is working
[2026-07-08 16:47:12] buffer is less than 5, real size: 0
[2026-07-08 16:47:12] out while is working
[2026-07-08 16:47:12] buffer is less than 5, real size: 1
[2026-07-08 16:47:12] out while is working
[2026-07-08 16:47:12] data_length 14 iseq 85
[2026-07-08 16:47:12] begin switch_method
[2026-07-08 16:47:12] find command id514
[2026-07-08 16:47:12] data_length 17 iseq 86
[2026-07-08 16:47:12] buffer is less than sof_index + frame_length(26), buffer size: b'\xa5\x11\x00V$\x01\x02\t\x01'
[2026-07-08 16:47:12] out while is working
[2026-07-08 16:47:12] data_length 17 iseq 86
[2026-07-08 16:47:12] buffer is less than sof_index + frame_length(26), buffer size: b'\xa5\x11\x00V$\x01\x02\t\x01\x00'
[2026-07-08 16:47:12] out while is working
[2026-07-08 16:47:12] data_length 17 iseq 86
[2026-07-08 16:47:12] begin switch_method
[2026-07-08 16:47:12] find command id513
[2026-07-08 16:47:12] buffer is less than 5, real size: 0
[2026-07-08 16:47:12] out while is working
[2026-07-08 16:47:12] buffer is less than 5, real size: 0
[2026-07-08 16:47:12] out while is working
[2026-07-08 16:47:12] buffer is less than 5, real size: 0
[2026-07-08 16:47:12] out while is working
[2026-07-08 16:47:12] buffer is less than 5, real size: 0
[2026-07-08 16:47:12] out while is working
[2026-07-08 16:47:12] buffer is less than 5, real size: 0
[2026-07-08 16:47:12] out while is working
[2026-07-08 16:47:12] buffer is less than 5, real size: 0
[2026-07-08 16:47:12] out while is working
[2026-07-08 16:47:12] buffer is less than 5, real size: 0
[2026-07-08 16:47:12] out while is working
[2026-07-08 16:47:12] buffer is less than 5, real size: 0
[2026-07-08 16:47:12] out while is working
[2026-07-08 16:47:12] buffer is less than 5, real size: 0
[2026-07-08 16:47:12] out while is working
[2026-07-08 16:47:12] buffer is less than 5, real size: 0
[2026-07-08 16:47:12] out while is working
[2026-07-08 16:47:12] buffer is less than 5, real size: 0
[2026-07-08 16:47:12] out while is working
[2026-07-08 16:47:12] buffer is less than 5, real size: 1
[2026-07-08 16:47:12] out while is working
[2026-07-08 16:47:12] data_length 14 iseq 87
[2026-07-08 16:47:12] begin switch_method
[2026-07-08 16:47:12] find command id514
[2026-07-08 16:47:12] data_length 17 iseq 88
[2026-07-08 16:47:12] buffer is less than sof_index + frame_length(26), buffer size: b'\xa5\x11\x00X;\x01\x02\t\x01'
[2026-07-08 16:47:12] out while is working
[2026-07-08 16:47:12] data_length 17 iseq 88
[2026-07-08 16:47:12] buffer is less than sof_index + frame_length(26), buffer size: b'\xa5\x11\x00X;\x01\x02\t\x01\x00'
[2026-07-08 16:47:12] out while is working
[2026-07-08 16:47:12] data_length 17 iseq 88
[2026-07-08 16:47:12] begin switch_method
[2026-07-08 16:47:12] find command id513
[2026-07-08 16:47:12] buffer is less than 5, real size: 0
[2026-07-08 16:47:12] out while is working
[2026-07-08 16:47:12] buffer is less than 5, real size: 0
[2026-07-08 16:47:12] out while is working
[2026-07-08 16:47:12] buffer is less than 5, real size: 0
[2026-07-08 16:47:12] out while is working
[2026-07-08 16:47:12] buffer is less than 5, real size: 0
[2026-07-08 16:47:12] out while is working
[2026-07-08 16:47:12] buffer is less than 5, real size: 0
[2026-07-08 16:47:12] out while is working
[2026-07-08 16:47:12] buffer is less than 5, real size: 0
[2026-07-08 16:47:12] out while is working
[2026-07-08 16:47:12] buffer is less than 5, real size: 0
[2026-07-08 16:47:12] out while is working
[2026-07-08 16:47:12] buffer is less than 5, real size: 0
[2026-07-08 16:47:12] out while is working
[2026-07-08 16:47:12] buffer is less than 5, real size: 0
[2026-07-08 16:47:12] out while is working
[2026-07-08 16:47:12] buffer is less than 5, real size: 0
[2026-07-08 16:47:12] out while is working
[2026-07-08 16:47:12] buffer is less than 5, real size: 1
[2026-07-08 16:47:12] out while is working
[2026-07-08 16:47:12] data_length 14 iseq 89
[2026-07-08 16:47:12] begin switch_method
[2026-07-08 16:47:12] find command id514
[2026-07-08 16:47:12] data_length 17 iseq 90
[2026-07-08 16:47:12] buffer is less than sof_index + frame_length(26), buffer size: b'\xa5\x11\x00Z\x87\x01\x02\t\x01'
[2026-07-08 16:47:12] out while is working
[2026-07-08 16:47:12] data_length 17 iseq 90
[2026-07-08 16:47:12] buffer is less than sof_index + frame_length(26), buffer size: b'\xa5\x11\x00Z\x87\x01\x02\t\x01\x00'
[2026-07-08 16:47:12] out while is working
[2026-07-08 16:47:12] data_length 17 iseq 90
[2026-07-08 16:47:12] begin switch_method
[2026-07-08 16:47:12] find command id513
[2026-07-08 16:47:12] buffer is less than 5, real size: 0
[2026-07-08 16:47:12] out while is working
[2026-07-08 16:47:12] buffer is less than 5, real size: 0
[2026-07-08 16:47:12] out while is working
[2026-07-08 16:47:12] buffer is less than 5, real size: 0
[2026-07-08 16:47:12] out while is working
[2026-07-08 16:47:12] buffer is less than 5, real size: 0
[2026-07-08 16:47:12] out while is working
[2026-07-08 16:47:12] buffer is less than 5, real size: 0
[2026-07-08 16:47:12] out while is working
[2026-07-08 16:47:12] buffer is less than 5, real size: 0
[2026-07-08 16:47:12] out while is working
[2026-07-08 16:47:12] buffer is less than 5, real size: 0
[2026-07-08 16:47:12] out while is working
[2026-07-08 16:47:12] buffer is less than 5, real size: 0
[2026-07-08 16:47:12] out while is working
[2026-07-08 16:47:12] buffer is less than 5, real size: 0
[2026-07-08 16:47:12] out while is working
[2026-07-08 16:47:12] buffer is less than 5, real size: 0
[2026-07-08 16:47:12] out while is working
[2026-07-08 16:47:12] buffer is less than 5, real size: 1
[2026-07-08 16:47:12] out while is working
[2026-07-08 16:47:12] data_length 14 iseq 91
[2026-07-08 16:47:12] begin switch_method
[2026-07-08 16:47:12] find command id514
[2026-07-08 16:47:12] data_length 17 iseq 92
[2026-07-08 16:47:12] buffer is less than sof_index + frame_length(26), buffer size: b'\xa5\x11\x00\\Z\x01\x02\t\x01'
[2026-07-08 16:47:12] out while is working
[2026-07-08 16:47:12] data_length 17 iseq 92
[2026-07-08 16:47:12] buffer is less than sof_index + frame_length(26), buffer size: b'\xa5\x11\x00\\Z\x01\x02\t\x01\x00'
[2026-07-08 16:47:12] out while is working
[2026-07-08 16:47:12] data_length 17 iseq 92
[2026-07-08 16:47:12] begin switch_method
[2026-07-08 16:47:12] find command id513
[2026-07-08 16:47:12] buffer is less than 5, real size: 0
[2026-07-08 16:47:12] out while is working
[2026-07-08 16:47:12] buffer is less than 5, real size: 0
[2026-07-08 16:47:12] out while is working
[2026-07-08 16:47:12] buffer is less than 5, real size: 0
[2026-07-08 16:47:12] out while is working
[2026-07-08 16:47:12] buffer is less than 5, real size: 0
[2026-07-08 16:47:12] out while is working
[2026-07-08 16:47:12] buffer is less than 5, real size: 0
[2026-07-08 16:47:12] out while is working
[2026-07-08 16:47:12] buffer is less than 5, real size: 0
[2026-07-08 16:47:12] out while is working
[2026-07-08 16:47:12] buffer is less than 5, real size: 0
[2026-07-08 16:47:12] out while is working
[2026-07-08 16:47:12] buffer is less than 5, real size: 0
[2026-07-08 16:47:12] out while is working
[2026-07-08 16:47:12] buffer is less than 5, real size: 0
[2026-07-08 16:47:12] out while is working
[2026-07-08 16:47:13] buffer is less than 5, real size: 0
[2026-07-08 16:47:13] out while is working
[2026-07-08 16:47:13] buffer is less than 5, real size: 1
[2026-07-08 16:47:13] out while is working
[2026-07-08 16:47:13] data_length 14 iseq 93
[2026-07-08 16:47:13] begin switch_method
[2026-07-08 16:47:13] find command id514
[2026-07-08 16:47:13] data_length 17 iseq 94
[2026-07-08 16:47:13] buffer is less than sof_index + frame_length(26), buffer size: b'\xa5\x11\x00^\xe6\x01\x02\t\x01'
[2026-07-08 16:47:13] out while is working
[2026-07-08 16:47:13] data_length 17 iseq 94
[2026-07-08 16:47:13] buffer is less than sof_index + frame_length(26), buffer size: b'\xa5\x11\x00^\xe6\x01\x02\t\x01\x00'
[2026-07-08 16:47:13] out while is working
[2026-07-08 16:47:13] data_length 17 iseq 94
[2026-07-08 16:47:13] begin switch_method
[2026-07-08 16:47:13] find command id513
[2026-07-08 16:47:13] buffer is less than 5, real size: 0
[2026-07-08 16:47:13] out while is working
[2026-07-08 16:47:13] buffer is less than 5, real size: 0
[2026-07-08 16:47:13] out while is working
[2026-07-08 16:47:13] buffer is less than 5, real size: 0
[2026-07-08 16:47:13] out while is working
[2026-07-08 16:47:13] buffer is less than 5, real size: 0
[2026-07-08 16:47:13] out while is working
[2026-07-08 16:47:13] buffer is less than 5, real size: 0
[2026-07-08 16:47:13] out while is working
[2026-07-08 16:47:13] buffer is less than 5, real size: 0
[2026-07-08 16:47:13] out while is working
[2026-07-08 16:47:13] buffer is less than 5, real size: 0
[2026-07-08 16:47:13] out while is working
[2026-07-08 16:47:13] buffer is less than 5, real size: 0
[2026-07-08 16:47:13] out while is working
[2026-07-08 16:47:13] buffer is less than 5, real size: 0
[2026-07-08 16:47:13] out while is working
[2026-07-08 16:47:13] buffer is less than 5, real size: 0
[2026-07-08 16:47:13] out while is working
[2026-07-08 16:47:13] buffer is less than 5, real size: 1
[2026-07-08 16:47:13] out while is working
[2026-07-08 16:47:13] data_length 14 iseq 95
[2026-07-08 16:47:13] begin switch_method
[2026-07-08 16:47:13] find command id514
[2026-07-08 16:47:13] data_length 17 iseq 96
[2026-07-08 16:47:13] buffer is less than sof_index + frame_length(26), buffer size: b'\xa5\x11\x00`G\x01\x02\t\x01'
[2026-07-08 16:47:13] out while is working
[2026-07-08 16:47:13] data_length 17 iseq 96
[2026-07-08 16:47:13] buffer is less than sof_index + frame_length(26), buffer size: b'\xa5\x11\x00`G\x01\x02\t\x01\x00'
[2026-07-08 16:47:13] out while is working
[2026-07-08 16:47:13] data_length 17 iseq 96
[2026-07-08 16:47:13] begin switch_method
[2026-07-08 16:47:13] find command id513
[2026-07-08 16:47:13] buffer is less than 5, real size: 0
[2026-07-08 16:47:13] out while is working
[2026-07-08 16:47:13] buffer is less than 5, real size: 0
[2026-07-08 16:47:13] out while is working
[2026-07-08 16:47:13] buffer is less than 5, real size: 0
[2026-07-08 16:47:13] out while is working
[2026-07-08 16:47:13] buffer is less than 5, real size: 0
[2026-07-08 16:47:13] out while is working
[2026-07-08 16:47:13] buffer is less than 5, real size: 0
[2026-07-08 16:47:13] out while is working
[2026-07-08 16:47:13] buffer is less than 5, real size: 0
[2026-07-08 16:47:13] out while is working
[2026-07-08 16:47:13] buffer is less than 5, real size: 0
[2026-07-08 16:47:13] out while is working
[2026-07-08 16:47:13] buffer is less than 5, real size: 0
[2026-07-08 16:47:13] out while is working
[2026-07-08 16:47:13] buffer is less than 5, real size: 0
[2026-07-08 16:47:13] out while is working
[2026-07-08 16:47:13] buffer is less than 5, real size: 0
[2026-07-08 16:47:13] out while is working
[2026-07-08 16:47:13] buffer is less than 5, real size: 1
[2026-07-08 16:47:13] out while is working
[2026-07-08 16:47:13] data_length 14 iseq 97
[2026-07-08 16:47:13] begin switch_method
[2026-07-08 16:47:13] find command id514
[2026-07-08 16:47:13] data_length 17 iseq 98
[2026-07-08 16:47:13] buffer is less than sof_index + frame_length(26), buffer size: b'\xa5\x11\x00b\xfb\x01\x02\t\x01'
[2026-07-08 16:47:13] out while is working
[2026-07-08 16:47:13] data_length 17 iseq 98
[2026-07-08 16:47:13] buffer is less than sof_index + frame_length(26), buffer size: b'\xa5\x11\x00b\xfb\x01\x02\t\x01\x00'
[2026-07-08 16:47:13] out while is working
[2026-07-08 16:47:13] data_length 17 iseq 98
[2026-07-08 16:47:13] begin switch_method
[2026-07-08 16:47:13] find command id513
[2026-07-08 16:47:13] buffer is less than 5, real size: 0
[2026-07-08 16:47:13] out while is working
[2026-07-08 16:47:13] buffer is less than 5, real size: 0
[2026-07-08 16:47:13] out while is working
[2026-07-08 16:47:13] buffer is less than 5, real size: 0
[2026-07-08 16:47:13] out while is working
[2026-07-08 16:47:13] buffer is less than 5, real size: 0
[2026-07-08 16:47:13] out while is working
[2026-07-08 16:47:13] buffer is less than 5, real size: 0
[2026-07-08 16:47:13] out while is working
[2026-07-08 16:47:13] buffer is less than 5, real size: 0
[2026-07-08 16:47:13] out while is working
[2026-07-08 16:47:13] buffer is less than 5, real size: 0
[2026-07-08 16:47:13] out while is working
[2026-07-08 16:47:13] buffer is less than 5, real size: 0
[2026-07-08 16:47:13] out while is working
[2026-07-08 16:47:13] buffer is less than 5, real size: 0
[2026-07-08 16:47:13] out while is working
[2026-07-08 16:47:13] buffer is less than 5, real size: 0
[2026-07-08 16:47:13] out while is working
[2026-07-08 16:47:13] buffer is less than 5, real size: 0
[2026-07-08 16:47:13] out while is working
[2026-07-08 16:47:13] buffer is less than 5, real size: 1
[2026-07-08 16:47:13] out while is working
[2026-07-08 16:47:13] data_length 14 iseq 99
[2026-07-08 16:47:13] begin switch_method
[2026-07-08 16:47:13] find command id514
[2026-07-08 16:47:13] data_length 17 iseq 100
[2026-07-08 16:47:13] buffer is less than sof_index + frame_length(26), buffer size: b'\xa5\x11\x00d&\x01\x02\t\x01'
[2026-07-08 16:47:13] out while is working
[2026-07-08 16:47:13] data_length 17 iseq 100
[2026-07-08 16:47:13] buffer is less than sof_index + frame_length(26), buffer size: b'\xa5\x11\x00d&\x01\x02\t\x01\x00'
[2026-07-08 16:47:13] out while is working
[2026-07-08 16:47:13] data_length 17 iseq 100
[2026-07-08 16:47:13] begin switch_method
[2026-07-08 16:47:13] find command id513
[2026-07-08 16:47:13] buffer is less than 5, real size: 0
[2026-07-08 16:47:13] out while is working
[2026-07-08 16:47:13] buffer is less than 5, real size: 0
[2026-07-08 16:47:13] out while is working
[2026-07-08 16:47:13] buffer is less than 5, real size: 0
[2026-07-08 16:47:13] out while is working
[2026-07-08 16:47:13] buffer is less than 5, real size: 0
[2026-07-08 16:47:13] out while is working
[2026-07-08 16:47:13] buffer is less than 5, real size: 0
[2026-07-08 16:47:13] out while is working
[2026-07-08 16:47:13] buffer is less than 5, real size: 0
[2026-07-08 16:47:13] out while is working
[2026-07-08 16:47:13] buffer is less than 5, real size: 0
[2026-07-08 16:47:13] out while is working
[2026-07-08 16:47:13] buffer is less than 5, real size: 0
[2026-07-08 16:47:13] out while is working
[2026-07-08 16:47:13] buffer is less than 5, real size: 0
[2026-07-08 16:47:13] out while is working
[2026-07-08 16:47:13] buffer is less than 5, real size: 0
[2026-07-08 16:47:13] out while is working
[2026-07-08 16:47:13] buffer is less than 5, real size: 1
[2026-07-08 16:47:13] out while is working
[2026-07-08 16:47:13] data_length 14 iseq 101
[2026-07-08 16:47:13] begin switch_method
[2026-07-08 16:47:13] find command id514
[2026-07-08 16:47:13] data_length 12 iseq 102
[2026-07-08 16:47:13] buffer is less than sof_index + frame_length(21), buffer size: b'\xa5\x0c\x00f\xc0\x03\x02\x00\x00'
[2026-07-08 16:47:13] out while is working
[2026-07-08 16:47:13] data_length 12 iseq 102
[2026-07-08 16:47:13] buffer is less than sof_index + frame_length(21), buffer size: b'\xa5\x0c\x00f\xc0\x03\x02\x00\x00\x00'
[2026-07-08 16:47:13] out while is working
[2026-07-08 16:47:13] data_length 12 iseq 102
[2026-07-08 16:47:13] begin switch_method
[2026-07-08 16:47:13] find command id515
[2026-07-08 16:47:13] data_length 17 iseq 103
[2026-07-08 16:47:13] buffer is less than sof_index + frame_length(26), buffer size: b'\xa5\x11\x00g\xc4\x01\x02\t\x01\x00\x00\x00\x00\x00\x00\x00\x00\x00\x00\x00'
[2026-07-08 16:47:13] out while is working
[2026-07-08 16:47:13] data_length 17 iseq 103
[2026-07-08 16:47:13] buffer is less than sof_index + frame_length(26), buffer size: b'\xa5\x11\x00g\xc4\x01\x02\t\x01\x00\x00\x00\x00\x00\x00\x00\x00\x00\x00\x00\x00'
[2026-07-08 16:47:13] out while is working
[2026-07-08 16:47:13] data_length 17 iseq 103
[2026-07-08 16:47:13] begin switch_method
[2026-07-08 16:47:13] find command id513
[2026-07-08 16:47:13] buffer is less than 5, real size: 0
[2026-07-08 16:47:13] out while is working
[2026-07-08 16:47:13] buffer is less than 5, real size: 0
[2026-07-08 16:47:13] out while is working
[2026-07-08 16:47:13] buffer is less than 5, real size: 0
[2026-07-08 16:47:13] out while is working
[2026-07-08 16:47:13] buffer is less than 5, real size: 0
[2026-07-08 16:47:13] out while is working
[2026-07-08 16:47:13] buffer is less than 5, real size: 0
[2026-07-08 16:47:13] out while is working
[2026-07-08 16:47:13] buffer is less than 5, real size: 0
[2026-07-08 16:47:13] out while is working
[2026-07-08 16:47:13] buffer is less than 5, real size: 0
[2026-07-08 16:47:13] out while is working
[2026-07-08 16:47:13] buffer is less than 5, real size: 0
[2026-07-08 16:47:13] out while is working
[2026-07-08 16:47:13] buffer is less than 5, real size: 0
[2026-07-08 16:47:13] out while is working
[2026-07-08 16:47:13] buffer is less than 5, real size: 0
[2026-07-08 16:47:13] out while is working
[2026-07-08 16:47:13] buffer is less than 5, real size: 1
[2026-07-08 16:47:13] out while is working
[2026-07-08 16:47:13] data_length 14 iseq 104
[2026-07-08 16:47:13] begin switch_method
[2026-07-08 16:47:13] find command id514
[2026-07-08 16:47:13] data_length 17 iseq 105
[2026-07-08 16:47:13] buffer is less than sof_index + frame_length(26), buffer size: b'\xa5\x11\x00i\xdb\x01\x02\t\x01'
[2026-07-08 16:47:13] out while is working
[2026-07-08 16:47:13] data_length 17 iseq 105
[2026-07-08 16:47:13] buffer is less than sof_index + frame_length(26), buffer size: b'\xa5\x11\x00i\xdb\x01\x02\t\x01\x00'
[2026-07-08 16:47:13] out while is working
[2026-07-08 16:47:13] data_length 17 iseq 105
[2026-07-08 16:47:13] begin switch_method
[2026-07-08 16:47:13] find command id513
[2026-07-08 16:47:13] buffer is less than 5, real size: 0
[2026-07-08 16:47:13] out while is working
[2026-07-08 16:47:13] buffer is less than 5, real size: 0
[2026-07-08 16:47:13] out while is working
[2026-07-08 16:47:13] buffer is less than 5, real size: 0
[2026-07-08 16:47:13] out while is working
[2026-07-08 16:47:13] buffer is less than 5, real size: 0
[2026-07-08 16:47:13] out while is working
[2026-07-08 16:47:13] buffer is less than 5, real size: 0
[2026-07-08 16:47:13] out while is working
[2026-07-08 16:47:13] buffer is less than 5, real size: 0
[2026-07-08 16:47:13] out while is working
[2026-07-08 16:47:13] buffer is less than 5, real size: 0
[2026-07-08 16:47:13] out while is working
[2026-07-08 16:47:13] buffer is less than 5, real size: 0
[2026-07-08 16:47:13] out while is working
[2026-07-08 16:47:13] buffer is less than 5, real size: 0
[2026-07-08 16:47:13] out while is working
[2026-07-08 16:47:13] buffer is less than 5, real size: 0
[2026-07-08 16:47:13] out while is working
[2026-07-08 16:47:13] buffer is less than 5, real size: 1
[2026-07-08 16:47:13] out while is working
[2026-07-08 16:47:13] data_length 14 iseq 106
[2026-07-08 16:47:13] begin switch_method
[2026-07-08 16:47:13] find command id514
[2026-07-08 16:47:13] data_length 17 iseq 107
[2026-07-08 16:47:13] buffer is less than sof_index + frame_length(26), buffer size: b'\xa5\x11\x00kg\x01\x02\t\x01'
[2026-07-08 16:47:13] out while is working
[2026-07-08 16:47:13] data_length 17 iseq 107
[2026-07-08 16:47:13] buffer is less than sof_index + frame_length(26), buffer size: b'\xa5\x11\x00kg\x01\x02\t\x01\x00'
[2026-07-08 16:47:13] out while is working
[2026-07-08 16:47:13] data_length 17 iseq 107
[2026-07-08 16:47:13] begin switch_method
[2026-07-08 16:47:13] find command id513
[2026-07-08 16:47:13] buffer is less than 5, real size: 0
[2026-07-08 16:47:13] out while is working
[2026-07-08 16:47:13] buffer is less than 5, real size: 0
[2026-07-08 16:47:13] out while is working
[2026-07-08 16:47:13] buffer is less than 5, real size: 0
[2026-07-08 16:47:13] out while is working
[2026-07-08 16:47:13] buffer is less than 5, real size: 0
[2026-07-08 16:47:13] out while is working
[2026-07-08 16:47:13] buffer is less than 5, real size: 0
[2026-07-08 16:47:13] out while is working
[2026-07-08 16:47:13] buffer is less than 5, real size: 0
[2026-07-08 16:47:13] out while is working
[2026-07-08 16:47:13] buffer is less than 5, real size: 0
[2026-07-08 16:47:13] out while is working
[2026-07-08 16:47:13] buffer is less than 5, real size: 0
[2026-07-08 16:47:13] out while is working
[2026-07-08 16:47:13] buffer is less than 5, real size: 0
[2026-07-08 16:47:13] out while is working
[2026-07-08 16:47:13] buffer is less than 5, real size: 0
[2026-07-08 16:47:13] out while is working
[2026-07-08 16:47:13] buffer is less than 5, real size: 0
[2026-07-08 16:47:13] out while is working
[2026-07-08 16:47:13] buffer is less than 5, real size: 1
[2026-07-08 16:47:13] out while is working
[2026-07-08 16:47:13] data_length 14 iseq 108
[2026-07-08 16:47:13] begin switch_method
[2026-07-08 16:47:13] find command id514
[2026-07-08 16:47:13] data_length 17 iseq 109
[2026-07-08 16:47:13] buffer is less than sof_index + frame_length(26), buffer size: b'\xa5\x11\x00m\xba\x01\x02\t\x01'
[2026-07-08 16:47:13] out while is working
[2026-07-08 16:47:13] data_length 17 iseq 109
[2026-07-08 16:47:13] buffer is less than sof_index + frame_length(26), buffer size: b'\xa5\x11\x00m\xba\x01\x02\t\x01\x00'
[2026-07-08 16:47:13] out while is working
[2026-07-08 16:47:13] data_length 17 iseq 109
[2026-07-08 16:47:13] begin switch_method
[2026-07-08 16:47:13] find command id513
[2026-07-08 16:47:13] buffer is less than 5, real size: 0
[2026-07-08 16:47:13] out while is working
[2026-07-08 16:47:13] buffer is less than 5, real size: 0
[2026-07-08 16:47:13] out while is working
[2026-07-08 16:47:13] buffer is less than 5, real size: 0
[2026-07-08 16:47:13] out while is working
[2026-07-08 16:47:13] buffer is less than 5, real size: 0
[2026-07-08 16:47:13] out while is working
[2026-07-08 16:47:13] buffer is less than 5, real size: 0
[2026-07-08 16:47:13] out while is working
[2026-07-08 16:47:13] buffer is less than 5, real size: 0
[2026-07-08 16:47:13] out while is working
[2026-07-08 16:47:13] buffer is less than 5, real size: 0
[2026-07-08 16:47:13] out while is working
[2026-07-08 16:47:13] buffer is less than 5, real size: 0
[2026-07-08 16:47:13] out while is working
[2026-07-08 16:47:13] buffer is less than 5, real size: 0
[2026-07-08 16:47:13] out while is working
[2026-07-08 16:47:13] buffer is less than 5, real size: 0
[2026-07-08 16:47:13] out while is working
[2026-07-08 16:47:13] buffer is less than 5, real size: 1
[2026-07-08 16:47:13] out while is working
[2026-07-08 16:47:13] data_length 14 iseq 110
[2026-07-08 16:47:13] begin switch_method
[2026-07-08 16:47:13] find command id514
[2026-07-08 16:47:13] data_length 17 iseq 111
[2026-07-08 16:47:13] buffer is less than sof_index + frame_length(26), buffer size: b'\xa5\x11\x00o\x06\x01\x02\t\x01'
[2026-07-08 16:47:13] out while is working
[2026-07-08 16:47:13] data_length 17 iseq 111
[2026-07-08 16:47:13] buffer is less than sof_index + frame_length(26), buffer size: b'\xa5\x11\x00o\x06\x01\x02\t\x01\x00'
[2026-07-08 16:47:13] out while is working
[2026-07-08 16:47:13] data_length 17 iseq 111
[2026-07-08 16:47:13] begin switch_method
[2026-07-08 16:47:13] find command id513
[2026-07-08 16:47:13] buffer is less than 5, real size: 0
[2026-07-08 16:47:13] out while is working
[2026-07-08 16:47:13] buffer is less than 5, real size: 0
[2026-07-08 16:47:13] out while is working
[2026-07-08 16:47:13] buffer is less than 5, real size: 0
[2026-07-08 16:47:13] out while is working
[2026-07-08 16:47:13] buffer is less than 5, real size: 0
[2026-07-08 16:47:13] out while is working
[2026-07-08 16:47:13] buffer is less than 5, real size: 0
[2026-07-08 16:47:13] out while is working
[2026-07-08 16:47:13] buffer is less than 5, real size: 0
[2026-07-08 16:47:13] out while is working
[2026-07-08 16:47:13] buffer is less than 5, real size: 0
[2026-07-08 16:47:13] out while is working
[2026-07-08 16:47:13] buffer is less than 5, real size: 0
[2026-07-08 16:47:13] out while is working
[2026-07-08 16:47:13] buffer is less than 5, real size: 0
[2026-07-08 16:47:13] out while is working
[2026-07-08 16:47:13] buffer is less than 5, real size: 0
[2026-07-08 16:47:13] out while is working
[2026-07-08 16:47:13] buffer is less than 5, real size: 1
[2026-07-08 16:47:13] out while is working
[2026-07-08 16:47:13] data_length 14 iseq 112
[2026-07-08 16:47:13] begin switch_method
[2026-07-08 16:47:13] find command id514
[2026-07-08 16:47:13] data_length 17 iseq 113
[2026-07-08 16:47:13] buffer is less than sof_index + frame_length(26), buffer size: b'\xa5\x11\x00q\x84\x01\x02\t\x01'
[2026-07-08 16:47:13] out while is working
[2026-07-08 16:47:13] data_length 17 iseq 113
[2026-07-08 16:47:13] buffer is less than sof_index + frame_length(26), buffer size: b'\xa5\x11\x00q\x84\x01\x02\t\x01\x00'
[2026-07-08 16:47:13] out while is working
[2026-07-08 16:47:13] data_length 17 iseq 113
[2026-07-08 16:47:13] begin switch_method
[2026-07-08 16:47:13] find command id513
[2026-07-08 16:47:13] buffer is less than 5, real size: 0
[2026-07-08 16:47:13] out while is working
[2026-07-08 16:47:13] buffer is less than 5, real size: 0
[2026-07-08 16:47:13] out while is working
[2026-07-08 16:47:13] buffer is less than 5, real size: 0
[2026-07-08 16:47:13] out while is working
[2026-07-08 16:47:13] buffer is less than 5, real size: 0
[2026-07-08 16:47:13] out while is working
[2026-07-08 16:47:13] buffer is less than 5, real size: 0
[2026-07-08 16:47:13] out while is working
[2026-07-08 16:47:13] buffer is less than 5, real size: 0
[2026-07-08 16:47:13] out while is working
[2026-07-08 16:47:14] buffer is less than 5, real size: 0
[2026-07-08 16:47:14] out while is working
[2026-07-08 16:47:14] buffer is less than 5, real size: 0
[2026-07-08 16:47:14] out while is working
[2026-07-08 16:47:14] buffer is less than 5, real size: 0
[2026-07-08 16:47:14] out while is working
[2026-07-08 16:47:14] buffer is less than 5, real size: 0
[2026-07-08 16:47:14] out while is working
[2026-07-08 16:47:14] buffer is less than 5, real size: 0
[2026-07-08 16:47:14] out while is working
[2026-07-08 16:47:14] buffer is less than 5, real size: 0
[2026-07-08 16:47:14] out while is working
[2026-07-08 16:47:14] buffer is less than 5, real size: 1
[2026-07-08 16:47:14] out while is working
[2026-07-08 16:47:14] data_length 14 iseq 114
[2026-07-08 16:47:14] begin switch_method
[2026-07-08 16:47:14] find command id514
[2026-07-08 16:47:14] data_length 17 iseq 115
[2026-07-08 16:47:14] buffer is less than sof_index + frame_length(26), buffer size: b'\xa5\x11\x00s8\x01\x02\t\x01'
[2026-07-08 16:47:14] out while is working
[2026-07-08 16:47:14] data_length 17 iseq 115
[2026-07-08 16:47:14] buffer is less than sof_index + frame_length(26), buffer size: b'\xa5\x11\x00s8\x01\x02\t\x01\x00'
[2026-07-08 16:47:14] out while is working
[2026-07-08 16:47:14] data_length 17 iseq 115
[2026-07-08 16:47:14] begin switch_method
[2026-07-08 16:47:14] find command id513
[2026-07-08 16:47:14] buffer is less than 5, real size: 0
[2026-07-08 16:47:14] out while is working
[2026-07-08 16:47:14] buffer is less than 5, real size: 0
[2026-07-08 16:47:14] out while is working
[2026-07-08 16:47:14] buffer is less than 5, real size: 0
[2026-07-08 16:47:14] out while is working
[2026-07-08 16:47:14] buffer is less than 5, real size: 0
[2026-07-08 16:47:14] out while is working
[2026-07-08 16:47:14] buffer is less than 5, real size: 0
[2026-07-08 16:47:14] out while is working
[2026-07-08 16:47:14] buffer is less than 5, real size: 0
[2026-07-08 16:47:14] out while is working
[2026-07-08 16:47:14] buffer is less than 5, real size: 0
[2026-07-08 16:47:14] out while is working
[2026-07-08 16:47:14] buffer is less than 5, real size: 0
[2026-07-08 16:47:14] out while is working
[2026-07-08 16:47:14] buffer is less than 5, real size: 0
[2026-07-08 16:47:14] out while is working
[2026-07-08 16:47:14] buffer is less than 5, real size: 0
[2026-07-08 16:47:14] out while is working
[2026-07-08 16:47:14] buffer is less than 5, real size: 1
[2026-07-08 16:47:14] out while is working
[2026-07-08 16:47:14] data_length 14 iseq 116
[2026-07-08 16:47:14] begin switch_method
[2026-07-08 16:47:14] find command id514
[2026-07-08 16:47:14] data_length 17 iseq 117
[2026-07-08 16:47:14] buffer is less than sof_index + frame_length(26), buffer size: b'\xa5\x11\x00u\xe5\x01\x02\t\x01'
[2026-07-08 16:47:14] out while is working
[2026-07-08 16:47:14] data_length 17 iseq 117
[2026-07-08 16:47:14] buffer is less than sof_index + frame_length(26), buffer size: b'\xa5\x11\x00u\xe5\x01\x02\t\x01\x00'
[2026-07-08 16:47:14] out while is working
[2026-07-08 16:47:14] data_length 17 iseq 117
[2026-07-08 16:47:14] begin switch_method
[2026-07-08 16:47:14] find command id513
[2026-07-08 16:47:14] buffer is less than 5, real size: 0
[2026-07-08 16:47:14] out while is working
[2026-07-08 16:47:14] buffer is less than 5, real size: 0
[2026-07-08 16:47:14] out while is working
[2026-07-08 16:47:14] buffer is less than 5, real size: 0
[2026-07-08 16:47:14] out while is working
[2026-07-08 16:47:14] buffer is less than 5, real size: 0
[2026-07-08 16:47:14] out while is working
[2026-07-08 16:47:14] buffer is less than 5, real size: 0
[2026-07-08 16:47:14] out while is working
[2026-07-08 16:47:14] buffer is less than 5, real size: 0
[2026-07-08 16:47:14] out while is working
[2026-07-08 16:47:14] buffer is less than 5, real size: 0
[2026-07-08 16:47:14] out while is working
[2026-07-08 16:47:14] buffer is less than 5, real size: 0
[2026-07-08 16:47:14] out while is working
[2026-07-08 16:47:14] buffer is less than 5, real size: 0
[2026-07-08 16:47:14] out while is working
[2026-07-08 16:47:14] buffer is less than 5, real size: 0
[2026-07-08 16:47:14] out while is working
[2026-07-08 16:47:14] buffer is less than 5, real size: 1
[2026-07-08 16:47:14] out while is working
[2026-07-08 16:47:14] data_length 14 iseq 118
[2026-07-08 16:47:14] begin switch_method
[2026-07-08 16:47:14] find command id514
[2026-07-08 16:47:14] data_length 17 iseq 119
[2026-07-08 16:47:14] buffer is less than sof_index + frame_length(26), buffer size: b'\xa5\x11\x00wY\x01\x02\t\x01'
[2026-07-08 16:47:14] out while is working
[2026-07-08 16:47:14] data_length 17 iseq 119
[2026-07-08 16:47:14] buffer is less than sof_index + frame_length(26), buffer size: b'\xa5\x11\x00wY\x01\x02\t\x01\x00'
[2026-07-08 16:47:14] out while is working
[2026-07-08 16:47:14] data_length 17 iseq 119
[2026-07-08 16:47:14] begin switch_method
[2026-07-08 16:47:14] find command id513
[2026-07-08 16:47:14] buffer is less than 5, real size: 0
[2026-07-08 16:47:14] out while is working
[2026-07-08 16:47:14] buffer is less than 5, real size: 0
[2026-07-08 16:47:14] out while is working
[2026-07-08 16:47:14] buffer is less than 5, real size: 0
[2026-07-08 16:47:14] out while is working
[2026-07-08 16:47:14] buffer is less than 5, real size: 0
[2026-07-08 16:47:14] out while is working
[2026-07-08 16:47:14] buffer is less than 5, real size: 0
[2026-07-08 16:47:14] out while is working
[2026-07-08 16:47:14] buffer is less than 5, real size: 0
[2026-07-08 16:47:14] out while is working
[2026-07-08 16:47:14] buffer is less than 5, real size: 0
[2026-07-08 16:47:14] out while is working
[2026-07-08 16:47:14] buffer is less than 5, real size: 0
[2026-07-08 16:47:14] out while is working
[2026-07-08 16:47:14] buffer is less than 5, real size: 0
[2026-07-08 16:47:14] out while is working
[2026-07-08 16:47:14] buffer is less than 5, real size: 0
[2026-07-08 16:47:14] out while is working
[2026-07-08 16:47:14] buffer is less than 5, real size: 1
[2026-07-08 16:47:14] out while is working
[2026-07-08 16:47:14] data_length 14 iseq 120
[2026-07-08 16:47:14] begin switch_method
[2026-07-08 16:47:14] find command id514
[2026-07-08 16:47:14] data_length 17 iseq 121
[2026-07-08 16:47:14] buffer is less than sof_index + frame_length(26), buffer size: b'\xa5\x11\x00yF\x01\x02\t\x01'
[2026-07-08 16:47:14] out while is working
[2026-07-08 16:47:14] data_length 17 iseq 121
[2026-07-08 16:47:14] buffer is less than sof_index + frame_length(26), buffer size: b'\xa5\x11\x00yF\x01\x02\t\x01\x00'
[2026-07-08 16:47:14] out while is working
[2026-07-08 16:47:14] data_length 17 iseq 121
[2026-07-08 16:47:14] begin switch_method
[2026-07-08 16:47:14] find command id513
[2026-07-08 16:47:14] buffer is less than 5, real size: 0
[2026-07-08 16:47:14] out while is working
[2026-07-08 16:47:14] buffer is less than 5, real size: 0
[2026-07-08 16:47:14] out while is working
[2026-07-08 16:47:14] buffer is less than 5, real size: 0
[2026-07-08 16:47:14] out while is working
[2026-07-08 16:47:14] buffer is less than 5, real size: 0
[2026-07-08 16:47:14] out while is working
[2026-07-08 16:47:14] buffer is less than 5, real size: 0
[2026-07-08 16:47:14] out while is working
[2026-07-08 16:47:14] buffer is less than 5, real size: 0
[2026-07-08 16:47:14] out while is working
[2026-07-08 16:47:14] buffer is less than 5, real size: 0
[2026-07-08 16:47:14] out while is working
[2026-07-08 16:47:14] buffer is less than 5, real size: 0
[2026-07-08 16:47:14] out while is working
[2026-07-08 16:47:14] buffer is less than 5, real size: 0
[2026-07-08 16:47:14] out while is working
[2026-07-08 16:47:14] buffer is less than 5, real size: 0
[2026-07-08 16:47:14] out while is working
[2026-07-08 16:47:14] buffer is less than 5, real size: 1
[2026-07-08 16:47:14] out while is working
[2026-07-08 16:47:14] data_length 14 iseq 122
[2026-07-08 16:47:14] begin switch_method
[2026-07-08 16:47:14] find command id514
[2026-07-08 16:47:14] data_length 12 iseq 123
[2026-07-08 16:47:14] buffer is less than sof_index + frame_length(21), buffer size: b'\xa5\x0c\x00{\xa0\x03\x02\x00\x00'
[2026-07-08 16:47:14] out while is working
[2026-07-08 16:47:14] data_length 12 iseq 123
[2026-07-08 16:47:14] buffer is less than sof_index + frame_length(21), buffer size: b'\xa5\x0c\x00{\xa0\x03\x02\x00\x00\x00'
[2026-07-08 16:47:14] out while is working
[2026-07-08 16:47:14] data_length 12 iseq 123
[2026-07-08 16:47:14] begin switch_method
[2026-07-08 16:47:14] find command id515
[2026-07-08 16:47:14] data_length 17 iseq 124
[2026-07-08 16:47:14] buffer is less than sof_index + frame_length(26), buffer size: b'\xa5\x11\x00|y\x01\x02\t\x01\x00\x00\x00\x00\x00\x00\x00\x00\x00\x00\x00'
[2026-07-08 16:47:14] out while is working
[2026-07-08 16:47:14] data_length 17 iseq 124
[2026-07-08 16:47:14] buffer is less than sof_index + frame_length(26), buffer size: b'\xa5\x11\x00|y\x01\x02\t\x01\x00\x00\x00\x00\x00\x00\x00\x00\x00\x00\x00\x00'
[2026-07-08 16:47:14] out while is working
[2026-07-08 16:47:14] data_length 17 iseq 124
[2026-07-08 16:47:14] begin switch_method
[2026-07-08 16:47:14] find command id513
[2026-07-08 16:47:14] buffer is less than 5, real size: 0
[2026-07-08 16:47:14] out while is working
[2026-07-08 16:47:14] buffer is less than 5, real size: 0
[2026-07-08 16:47:14] out while is working
[2026-07-08 16:47:14] buffer is less than 5, real size: 0
[2026-07-08 16:47:14] out while is working
[2026-07-08 16:47:14] buffer is less than 5, real size: 0
[2026-07-08 16:47:14] out while is working
[2026-07-08 16:47:14] buffer is less than 5, real size: 0
[2026-07-08 16:47:14] out while is working
[2026-07-08 16:47:14] buffer is less than 5, real size: 0
[2026-07-08 16:47:14] out while is working
[2026-07-08 16:47:14] buffer is less than 5, real size: 0
[2026-07-08 16:47:14] out while is working
[2026-07-08 16:47:14] buffer is less than 5, real size: 0
[2026-07-08 16:47:14] out while is working
[2026-07-08 16:47:14] buffer is less than 5, real size: 0
[2026-07-08 16:47:14] out while is working
[2026-07-08 16:47:14] buffer is less than 5, real size: 0
[2026-07-08 16:47:14] out while is working
[2026-07-08 16:47:14] buffer is less than 5, real size: 1
[2026-07-08 16:47:14] out while is working
[2026-07-08 16:47:14] data_length 14 iseq 125
[2026-07-08 16:47:14] begin switch_method
[2026-07-08 16:47:14] find command id514
[2026-07-08 16:47:14] data_length 17 iseq 126
[2026-07-08 16:47:14] buffer is less than sof_index + frame_length(26), buffer size: b'\xa5\x11\x00~\xc5\x01\x02\t\x01'
[2026-07-08 16:47:14] out while is working
[2026-07-08 16:47:14] data_length 17 iseq 126
[2026-07-08 16:47:14] buffer is less than sof_index + frame_length(26), buffer size: b'\xa5\x11\x00~\xc5\x01\x02\t\x01\x00'
[2026-07-08 16:47:14] out while is working
[2026-07-08 16:47:14] data_length 17 iseq 126
[2026-07-08 16:47:14] begin switch_method
[2026-07-08 16:47:14] find command id513
[2026-07-08 16:47:14] buffer is less than 5, real size: 0
[2026-07-08 16:47:14] out while is working
[2026-07-08 16:47:14] buffer is less than 5, real size: 0
[2026-07-08 16:47:14] out while is working
[2026-07-08 16:47:14] buffer is less than 5, real size: 0
[2026-07-08 16:47:14] out while is working
[2026-07-08 16:47:14] buffer is less than 5, real size: 0
[2026-07-08 16:47:14] out while is working
[2026-07-08 16:47:14] buffer is less than 5, real size: 0
[2026-07-08 16:47:14] out while is working
[2026-07-08 16:47:14] buffer is less than 5, real size: 0
[2026-07-08 16:47:14] out while is working
[2026-07-08 16:47:14] buffer is less than 5, real size: 0
[2026-07-08 16:47:14] out while is working
[2026-07-08 16:47:14] buffer is less than 5, real size: 0
[2026-07-08 16:47:14] out while is working
[2026-07-08 16:47:14] buffer is less than 5, real size: 0
[2026-07-08 16:47:14] out while is working
[2026-07-08 16:47:14] buffer is less than 5, real size: 0
[2026-07-08 16:47:14] out while is working
[2026-07-08 16:47:14] buffer is less than 5, real size: 1
[2026-07-08 16:47:14] out while is working
[2026-07-08 16:47:14] data_length 14 iseq 127
[2026-07-08 16:47:14] begin switch_method
[2026-07-08 16:47:14] find command id514
[2026-07-08 16:47:14] data_length 17 iseq 128
[2026-07-08 16:47:14] buffer is less than sof_index + frame_length(26), buffer size: b'\xa5\x11\x00\x80\xae\x01\x02\t\x01'
[2026-07-08 16:47:14] out while is working
[2026-07-08 16:47:14] data_length 17 iseq 128
[2026-07-08 16:47:14] buffer is less than sof_index + frame_length(26), buffer size: b'\xa5\x11\x00\x80\xae\x01\x02\t\x01\x00'
[2026-07-08 16:47:14] out while is working
[2026-07-08 16:47:14] data_length 17 iseq 128
[2026-07-08 16:47:14] begin switch_method
[2026-07-08 16:47:14] find command id513
[2026-07-08 16:47:14] buffer is less than 5, real size: 0
[2026-07-08 16:47:14] out while is working
[2026-07-08 16:47:14] buffer is less than 5, real size: 0
[2026-07-08 16:47:14] out while is working
[2026-07-08 16:47:14] buffer is less than 5, real size: 0
[2026-07-08 16:47:14] out while is working
[2026-07-08 16:47:14] buffer is less than 5, real size: 0
[2026-07-08 16:47:14] out while is working
[2026-07-08 16:47:14] buffer is less than 5, real size: 0
[2026-07-08 16:47:14] out while is working
[2026-07-08 16:47:14] buffer is less than 5, real size: 0
[2026-07-08 16:47:14] out while is working
[2026-07-08 16:47:14] buffer is less than 5, real size: 0
[2026-07-08 16:47:14] out while is working
[2026-07-08 16:47:14] buffer is less than 5, real size: 0
[2026-07-08 16:47:14] out while is working
[2026-07-08 16:47:14] buffer is less than 5, real size: 0
[2026-07-08 16:47:14] out while is working
[2026-07-08 16:47:14] buffer is less than 5, real size: 0
[2026-07-08 16:47:14] out while is working
[2026-07-08 16:47:14] buffer is less than 5, real size: 1
[2026-07-08 16:47:14] out while is working
[2026-07-08 16:47:14] data_length 14 iseq 129
[2026-07-08 16:47:14] begin switch_method
[2026-07-08 16:47:14] find command id514
[2026-07-08 16:47:14] data_length 17 iseq 130
[2026-07-08 16:47:14] buffer is less than sof_index + frame_length(26), buffer size: b'\xa5\x11\x00\x82\x12\x01\x02\t\x01'
[2026-07-08 16:47:14] out while is working
[2026-07-08 16:47:14] data_length 17 iseq 130
[2026-07-08 16:47:14] buffer is less than sof_index + frame_length(26), buffer size: b'\xa5\x11\x00\x82\x12\x01\x02\t\x01\x00'
[2026-07-08 16:47:14] out while is working
[2026-07-08 16:47:14] data_length 17 iseq 130
[2026-07-08 16:47:14] begin switch_method
[2026-07-08 16:47:14] find command id513
[2026-07-08 16:47:14] buffer is less than 5, real size: 0
[2026-07-08 16:47:14] out while is working
[2026-07-08 16:47:14] buffer is less than 5, real size: 0
[2026-07-08 16:47:14] out while is working
[2026-07-08 16:47:14] buffer is less than 5, real size: 0
[2026-07-08 16:47:14] out while is working
[2026-07-08 16:47:14] buffer is less than 5, real size: 0
[2026-07-08 16:47:14] out while is working
[2026-07-08 16:47:14] buffer is less than 5, real size: 0
[2026-07-08 16:47:14] out while is working
[2026-07-08 16:47:14] buffer is less than 5, real size: 0
[2026-07-08 16:47:14] out while is working
[2026-07-08 16:47:14] buffer is less than 5, real size: 0
[2026-07-08 16:47:14] out while is working
[2026-07-08 16:47:14] buffer is less than 5, real size: 0
[2026-07-08 16:47:14] out while is working
[2026-07-08 16:47:14] buffer is less than 5, real size: 0
[2026-07-08 16:47:14] out while is working
[2026-07-08 16:47:14] buffer is less than 5, real size: 0
[2026-07-08 16:47:14] out while is working
[2026-07-08 16:47:14] buffer is less than 5, real size: 1
[2026-07-08 16:47:14] out while is working
[2026-07-08 16:47:14] data_length 14 iseq 131
[2026-07-08 16:47:14] begin switch_method
[2026-07-08 16:47:14] find command id514
[2026-07-08 16:47:14] data_length 17 iseq 132
[2026-07-08 16:47:14] buffer is less than sof_index + frame_length(26), buffer size: b'\xa5\x11\x00\x84\xcf\x01\x02\t\x01'
[2026-07-08 16:47:14] out while is working
[2026-07-08 16:47:14] data_length 17 iseq 132
[2026-07-08 16:47:14] buffer is less than sof_index + frame_length(26), buffer size: b'\xa5\x11\x00\x84\xcf\x01\x02\t\x01\x00'
[2026-07-08 16:47:14] out while is working
[2026-07-08 16:47:14] data_length 17 iseq 132
[2026-07-08 16:47:14] begin switch_method
[2026-07-08 16:47:14] find command id513
[2026-07-08 16:47:14] buffer is less than 5, real size: 0
[2026-07-08 16:47:14] out while is working
[2026-07-08 16:47:14] buffer is less than 5, real size: 0
[2026-07-08 16:47:14] out while is working
[2026-07-08 16:47:14] buffer is less than 5, real size: 0
[2026-07-08 16:47:14] out while is working
[2026-07-08 16:47:14] buffer is less than 5, real size: 0
[2026-07-08 16:47:14] out while is working
[2026-07-08 16:47:14] buffer is less than 5, real size: 0
[2026-07-08 16:47:14] out while is working
[2026-07-08 16:47:14] buffer is less than 5, real size: 0
[2026-07-08 16:47:14] out while is working
[2026-07-08 16:47:14] buffer is less than 5, real size: 0
[2026-07-08 16:47:14] out while is working
[2026-07-08 16:47:14] buffer is less than 5, real size: 0
[2026-07-08 16:47:14] out while is working
[2026-07-08 16:47:14] buffer is less than 5, real size: 0
[2026-07-08 16:47:14] out while is working
[2026-07-08 16:47:14] buffer is less than 5, real size: 0
[2026-07-08 16:47:14] out while is working
[2026-07-08 16:47:14] buffer is less than 5, real size: 1
[2026-07-08 16:47:14] out while is working
[2026-07-08 16:47:14] data_length 14 iseq 133
[2026-07-08 16:47:14] begin switch_method
[2026-07-08 16:47:14] find command id514
[2026-07-08 16:47:14] data_length 17 iseq 134
[2026-07-08 16:47:14] buffer is less than sof_index + frame_length(26), buffer size: b'\xa5\x11\x00\x86s\x01\x02\t\x01'
[2026-07-08 16:47:14] out while is working
[2026-07-08 16:47:14] data_length 17 iseq 134
[2026-07-08 16:47:14] buffer is less than sof_index + frame_length(26), buffer size: b'\xa5\x11\x00\x86s\x01\x02\t\x01\x00'
[2026-07-08 16:47:14] out while is working
[2026-07-08 16:47:14] data_length 17 iseq 134
[2026-07-08 16:47:14] begin switch_method
[2026-07-08 16:47:14] find command id513
[2026-07-08 16:47:14] buffer is less than 5, real size: 0
[2026-07-08 16:47:14] out while is working
[2026-07-08 16:47:14] buffer is less than 5, real size: 0
[2026-07-08 16:47:14] out while is working
[2026-07-08 16:47:15] buffer is less than 5, real size: 0
[2026-07-08 16:47:15] out while is working
[2026-07-08 16:47:15] buffer is less than 5, real size: 0
[2026-07-08 16:47:15] out while is working
[2026-07-08 16:47:15] buffer is less than 5, real size: 0
[2026-07-08 16:47:15] out while is working
[2026-07-08 16:47:15] buffer is less than 5, real size: 0
[2026-07-08 16:47:15] out while is working
[2026-07-08 16:47:15] buffer is less than 5, real size: 0
[2026-07-08 16:47:15] out while is working
[2026-07-08 16:47:15] buffer is less than 5, real size: 0
[2026-07-08 16:47:15] out while is working
[2026-07-08 16:47:15] buffer is less than 5, real size: 0
[2026-07-08 16:47:15] out while is working
[2026-07-08 16:47:15] buffer is less than 5, real size: 0
[2026-07-08 16:47:15] out while is working
[2026-07-08 16:47:15] buffer is less than 5, real size: 1
[2026-07-08 16:47:15] out while is working
[2026-07-08 16:47:15] data_length 14 iseq 135
[2026-07-08 16:47:15] begin switch_method
[2026-07-08 16:47:15] find command id514
[2026-07-08 16:47:15] data_length 17 iseq 136
[2026-07-08 16:47:15] buffer is less than sof_index + frame_length(26), buffer size: b'\xa5\x11\x00\x88l\x01\x02\t\x01'
[2026-07-08 16:47:15] out while is working
[2026-07-08 16:47:15] data_length 17 iseq 136
[2026-07-08 16:47:15] buffer is less than sof_index + frame_length(26), buffer size: b'\xa5\x11\x00\x88l\x01\x02\t\x01\x00'
[2026-07-08 16:47:15] out while is working
[2026-07-08 16:47:15] data_length 17 iseq 136
[2026-07-08 16:47:15] begin switch_method
[2026-07-08 16:47:15] find command id513
[2026-07-08 16:47:15] buffer is less than 5, real size: 0
[2026-07-08 16:47:15] out while is working
[2026-07-08 16:47:15] buffer is less than 5, real size: 0
[2026-07-08 16:47:15] out while is working
[2026-07-08 16:47:15] buffer is less than 5, real size: 0
[2026-07-08 16:47:15] out while is working
[2026-07-08 16:47:15] buffer is less than 5, real size: 0
[2026-07-08 16:47:15] out while is working
[2026-07-08 16:47:15] buffer is less than 5, real size: 0
[2026-07-08 16:47:15] out while is working
[2026-07-08 16:47:15] buffer is less than 5, real size: 0
[2026-07-08 16:47:15] out while is working
[2026-07-08 16:47:15] buffer is less than 5, real size: 0
[2026-07-08 16:47:15] out while is working
[2026-07-08 16:47:15] buffer is less than 5, real size: 0
[2026-07-08 16:47:15] out while is working
[2026-07-08 16:47:15] buffer is less than 5, real size: 0
[2026-07-08 16:47:15] out while is working
[2026-07-08 16:47:15] buffer is less than 5, real size: 0
[2026-07-08 16:47:15] out while is working
[2026-07-08 16:47:15] buffer is less than 5, real size: 1
[2026-07-08 16:47:15] out while is working
[2026-07-08 16:47:15] data_length 14 iseq 137
[2026-07-08 16:47:15] begin switch_method
[2026-07-08 16:47:15] find command id514
[2026-07-08 16:47:15] data_length 17 iseq 138
[2026-07-08 16:47:15] buffer is less than sof_index + frame_length(26), buffer size: b'\xa5\x11\x00\x8a\xd0\x01\x02\t\x01'
[2026-07-08 16:47:15] out while is working
[2026-07-08 16:47:15] data_length 17 iseq 138
[2026-07-08 16:47:15] buffer is less than sof_index + frame_length(26), buffer size: b'\xa5\x11\x00\x8a\xd0\x01\x02\t\x01\x00'
[2026-07-08 16:47:15] out while is working
[2026-07-08 16:47:15] data_length 17 iseq 138
[2026-07-08 16:47:15] begin switch_method
[2026-07-08 16:47:15] find command id513
[2026-07-08 16:47:15] buffer is less than 5, real size: 0
[2026-07-08 16:47:15] out while is working
[2026-07-08 16:47:15] buffer is less than 5, real size: 0
[2026-07-08 16:47:15] out while is working
[2026-07-08 16:47:15] buffer is less than 5, real size: 0
[2026-07-08 16:47:15] out while is working
[2026-07-08 16:47:15] buffer is less than 5, real size: 0
[2026-07-08 16:47:15] out while is working
[2026-07-08 16:47:15] buffer is less than 5, real size: 0
[2026-07-08 16:47:15] out while is working
[2026-07-08 16:47:15] buffer is less than 5, real size: 0
[2026-07-08 16:47:15] out while is working
[2026-07-08 16:47:15] buffer is less than 5, real size: 0
[2026-07-08 16:47:15] out while is working
[2026-07-08 16:47:15] buffer is less than 5, real size: 0
[2026-07-08 16:47:15] out while is working
[2026-07-08 16:47:15] buffer is less than 5, real size: 0
[2026-07-08 16:47:15] out while is working
[2026-07-08 16:47:15] buffer is less than 5, real size: 0
[2026-07-08 16:47:15] out while is working
[2026-07-08 16:47:15] buffer is less than 5, real size: 1
[2026-07-08 16:47:15] out while is working
[2026-07-08 16:47:15] data_length 14 iseq 139
[2026-07-08 16:47:15] begin switch_method
[2026-07-08 16:47:15] find command id514
[2026-07-08 16:47:15] data_length 17 iseq 140
[2026-07-08 16:47:15] buffer is less than sof_index + frame_length(26), buffer size: b'\xa5\x11\x00\x8c\r\x01\x02\t\x01'
[2026-07-08 16:47:15] out while is working
[2026-07-08 16:47:15] data_length 17 iseq 140
[2026-07-08 16:47:15] buffer is less than sof_index + frame_length(26), buffer size: b'\xa5\x11\x00\x8c\r\x01\x02\t\x01\x00'
[2026-07-08 16:47:15] out while is working
[2026-07-08 16:47:15] data_length 17 iseq 140
[2026-07-08 16:47:15] begin switch_method
[2026-07-08 16:47:15] find command id513
[2026-07-08 16:47:15] buffer is less than 5, real size: 0
[2026-07-08 16:47:15] out while is working
[2026-07-08 16:47:15] buffer is less than 5, real size: 0
[2026-07-08 16:47:15] out while is working
[2026-07-08 16:47:15] buffer is less than 5, real size: 0
[2026-07-08 16:47:15] out while is working
[2026-07-08 16:47:15] buffer is less than 5, real size: 0
[2026-07-08 16:47:15] out while is working
[2026-07-08 16:47:15] buffer is less than 5, real size: 0
[2026-07-08 16:47:15] out while is working
[2026-07-08 16:47:15] buffer is less than 5, real size: 0
[2026-07-08 16:47:15] out while is working
[2026-07-08 16:47:15] buffer is less than 5, real size: 0
[2026-07-08 16:47:15] out while is working
[2026-07-08 16:47:15] buffer is less than 5, real size: 0
[2026-07-08 16:47:15] out while is working
[2026-07-08 16:47:15] buffer is less than 5, real size: 0
[2026-07-08 16:47:15] out while is working
[2026-07-08 16:47:15] buffer is less than 5, real size: 0
[2026-07-08 16:47:15] out while is working
[2026-07-08 16:47:15] buffer is less than 5, real size: 1
[2026-07-08 16:47:15] out while is working
[2026-07-08 16:47:15] data_length 14 iseq 141
[2026-07-08 16:47:15] begin switch_method
[2026-07-08 16:47:15] find command id514
[2026-07-08 16:47:15] data_length 17 iseq 142
[2026-07-08 16:47:15] buffer is less than sof_index + frame_length(26), buffer size: b'\xa5\x11\x00\x8e\xb1\x01\x02\t\x01'
[2026-07-08 16:47:15] out while is working
[2026-07-08 16:47:15] data_length 17 iseq 142
[2026-07-08 16:47:15] buffer is less than sof_index + frame_length(26), buffer size: b'\xa5\x11\x00\x8e\xb1\x01\x02\t\x01\x00'
[2026-07-08 16:47:15] out while is working
[2026-07-08 16:47:15] data_length 17 iseq 142
[2026-07-08 16:47:15] begin switch_method
[2026-07-08 16:47:15] find command id513
[2026-07-08 16:47:15] buffer is less than 5, real size: 0
[2026-07-08 16:47:15] out while is working
[2026-07-08 16:47:15] buffer is less than 5, real size: 0
[2026-07-08 16:47:15] out while is working
[2026-07-08 16:47:15] buffer is less than 5, real size: 0
[2026-07-08 16:47:15] out while is working
[2026-07-08 16:47:15] buffer is less than 5, real size: 0
[2026-07-08 16:47:15] out while is working
[2026-07-08 16:47:15] buffer is less than 5, real size: 0
[2026-07-08 16:47:15] out while is working
[2026-07-08 16:47:15] buffer is less than 5, real size: 0
[2026-07-08 16:47:15] out while is working
[2026-07-08 16:47:15] buffer is less than 5, real size: 0
[2026-07-08 16:47:15] out while is working
[2026-07-08 16:47:15] buffer is less than 5, real size: 0
[2026-07-08 16:47:15] out while is working
[2026-07-08 16:47:15] buffer is less than 5, real size: 0
[2026-07-08 16:47:15] out while is working
[2026-07-08 16:47:15] buffer is less than 5, real size: 0
[2026-07-08 16:47:15] out while is working
[2026-07-08 16:47:15] buffer is less than 5, real size: 0
[2026-07-08 16:47:15] out while is working
[2026-07-08 16:47:15] buffer is less than 5, real size: 1
[2026-07-08 16:47:15] out while is working
[2026-07-08 16:47:15] data_length 14 iseq 143
[2026-07-08 16:47:15] begin switch_method
[2026-07-08 16:47:15] find command id514
[2026-07-08 16:47:15] data_length 12 iseq 144
[2026-07-08 16:47:15] buffer is less than sof_index + frame_length(21), buffer size: b'\xa5\x0c\x00\x90i\x03\x02\x00\x00'
[2026-07-08 16:47:15] out while is working
[2026-07-08 16:47:15] data_length 12 iseq 144
[2026-07-08 16:47:15] buffer is less than sof_index + frame_length(21), buffer size: b'\xa5\x0c\x00\x90i\x03\x02\x00\x00\x00'
[2026-07-08 16:47:15] out while is working
[2026-07-08 16:47:15] data_length 12 iseq 144
[2026-07-08 16:47:15] begin switch_method
[2026-07-08 16:47:15] find command id515
[2026-07-08 16:47:15] data_length 17 iseq 145
[2026-07-08 16:47:15] buffer is less than sof_index + frame_length(26), buffer size: b'\xa5\x11\x00\x91m\x01\x02\t\x01\x00\x00\x00\x00\x00\x00\x00\x00\x00\x00\x00'
[2026-07-08 16:47:15] out while is working
[2026-07-08 16:47:15] data_length 17 iseq 145
[2026-07-08 16:47:15] buffer is less than sof_index + frame_length(26), buffer size: b'\xa5\x11\x00\x91m\x01\x02\t\x01\x00\x00\x00\x00\x00\x00\x00\x00\x00\x00\x00\x00'
[2026-07-08 16:47:15] out while is working
[2026-07-08 16:47:15] data_length 17 iseq 145
[2026-07-08 16:47:15] begin switch_method
[2026-07-08 16:47:15] find command id513
[2026-07-08 16:47:15] buffer is less than 5, real size: 0
[2026-07-08 16:47:15] out while is working
[2026-07-08 16:47:15] buffer is less than 5, real size: 0
[2026-07-08 16:47:15] out while is working
[2026-07-08 16:47:15] buffer is less than 5, real size: 0
[2026-07-08 16:47:15] out while is working
[2026-07-08 16:47:15] buffer is less than 5, real size: 0
[2026-07-08 16:47:15] out while is working
[2026-07-08 16:47:15] buffer is less than 5, real size: 0
[2026-07-08 16:47:15] out while is working
[2026-07-08 16:47:15] buffer is less than 5, real size: 0
[2026-07-08 16:47:15] out while is working
[2026-07-08 16:47:15] buffer is less than 5, real size: 0
[2026-07-08 16:47:15] out while is working
[2026-07-08 16:47:15] buffer is less than 5, real size: 0
[2026-07-08 16:47:15] out while is working
[2026-07-08 16:47:15] buffer is less than 5, real size: 0
[2026-07-08 16:47:15] out while is working
[2026-07-08 16:47:15] buffer is less than 5, real size: 1
[2026-07-08 16:47:15] out while is working
[2026-07-08 16:47:15] data_length 14 iseq 146
[2026-07-08 16:47:15] begin switch_method
[2026-07-08 16:47:15] find command id514
[2026-07-08 16:47:15] data_length 17 iseq 147
[2026-07-08 16:47:15] buffer is less than sof_index + frame_length(26), buffer size: b'\xa5\x11\x00\x93\xd1\x01\x02\t\x01'
[2026-07-08 16:47:15] out while is working
[2026-07-08 16:47:15] data_length 17 iseq 147
[2026-07-08 16:47:15] buffer is less than sof_index + frame_length(26), buffer size: b'\xa5\x11\x00\x93\xd1\x01\x02\t\x01\x00'
[2026-07-08 16:47:15] out while is working
[2026-07-08 16:47:15] data_length 17 iseq 147
[2026-07-08 16:47:15] begin switch_method
[2026-07-08 16:47:15] find command id513
[2026-07-08 16:47:15] buffer is less than 5, real size: 0
[2026-07-08 16:47:15] out while is working
[2026-07-08 16:47:15] buffer is less than 5, real size: 0
[2026-07-08 16:47:15] out while is working
[2026-07-08 16:47:15] buffer is less than 5, real size: 0
[2026-07-08 16:47:15] out while is working
[2026-07-08 16:47:15] buffer is less than 5, real size: 0
[2026-07-08 16:47:15] out while is working
[2026-07-08 16:47:15] buffer is less than 5, real size: 0
[2026-07-08 16:47:15] out while is working
[2026-07-08 16:47:15] buffer is less than 5, real size: 0
[2026-07-08 16:47:15] out while is working
[2026-07-08 16:47:15] buffer is less than 5, real size: 0
[2026-07-08 16:47:15] out while is working
[2026-07-08 16:47:15] buffer is less than 5, real size: 0
[2026-07-08 16:47:15] out while is working
[2026-07-08 16:47:15] buffer is less than 5, real size: 0
[2026-07-08 16:47:15] out while is working
[2026-07-08 16:47:15] buffer is less than 5, real size: 0
[2026-07-08 16:47:15] out while is working
[2026-07-08 16:47:15] buffer is less than 5, real size: 1
[2026-07-08 16:47:15] out while is working
[2026-07-08 16:47:15] data_length 14 iseq 148
[2026-07-08 16:47:15] begin switch_method
[2026-07-08 16:47:15] find command id514
[2026-07-08 16:47:15] data_length 17 iseq 149
[2026-07-08 16:47:15] buffer is less than sof_index + frame_length(26), buffer size: b'\xa5\x11\x00\x95\x0c\x01\x02\t\x01'
[2026-07-08 16:47:15] out while is working
[2026-07-08 16:47:15] data_length 17 iseq 149
[2026-07-08 16:47:15] buffer is less than sof_index + frame_length(26), buffer size: b'\xa5\x11\x00\x95\x0c\x01\x02\t\x01\x00'
[2026-07-08 16:47:15] out while is working
[2026-07-08 16:47:15] data_length 17 iseq 149
[2026-07-08 16:47:15] begin switch_method
[2026-07-08 16:47:15] find command id513
[2026-07-08 16:47:15] buffer is less than 5, real size: 0
[2026-07-08 16:47:15] out while is working
[2026-07-08 16:47:15] buffer is less than 5, real size: 0
[2026-07-08 16:47:15] out while is working
[2026-07-08 16:47:15] buffer is less than 5, real size: 0
[2026-07-08 16:47:15] out while is working
[2026-07-08 16:47:15] buffer is less than 5, real size: 0
[2026-07-08 16:47:15] out while is working
[2026-07-08 16:47:15] buffer is less than 5, real size: 0
[2026-07-08 16:47:15] out while is working
[2026-07-08 16:47:15] buffer is less than 5, real size: 0
[2026-07-08 16:47:15] out while is working
[2026-07-08 16:47:15] buffer is less than 5, real size: 0
[2026-07-08 16:47:15] out while is working
[2026-07-08 16:47:15] buffer is less than 5, real size: 0
[2026-07-08 16:47:15] out while is working
[2026-07-08 16:47:15] buffer is less than 5, real size: 0
[2026-07-08 16:47:15] out while is working
[2026-07-08 16:47:15] buffer is less than 5, real size: 0
[2026-07-08 16:47:15] out while is working
[2026-07-08 16:47:15] buffer is less than 5, real size: 1
[2026-07-08 16:47:15] out while is working
[2026-07-08 16:47:15] data_length 14 iseq 150
[2026-07-08 16:47:15] begin switch_method
[2026-07-08 16:47:15] find command id514
[2026-07-08 16:47:15] data_length 17 iseq 151
[2026-07-08 16:47:15] buffer is less than sof_index + frame_length(26), buffer size: b'\xa5\x11\x00\x97\xb0\x01\x02\t\x01'
[2026-07-08 16:47:15] out while is working
[2026-07-08 16:47:15] data_length 17 iseq 151
[2026-07-08 16:47:15] buffer is less than sof_index + frame_length(26), buffer size: b'\xa5\x11\x00\x97\xb0\x01\x02\t\x01\x00'
[2026-07-08 16:47:15] out while is working
[2026-07-08 16:47:15] data_length 17 iseq 151
[2026-07-08 16:47:15] begin switch_method
[2026-07-08 16:47:15] find command id513
[2026-07-08 16:47:15] buffer is less than 5, real size: 0
[2026-07-08 16:47:15] out while is working
[2026-07-08 16:47:15] buffer is less than 5, real size: 0
[2026-07-08 16:47:15] out while is working
[2026-07-08 16:47:15] buffer is less than 5, real size: 0
[2026-07-08 16:47:15] out while is working
[2026-07-08 16:47:15] buffer is less than 5, real size: 0
[2026-07-08 16:47:15] out while is working
[2026-07-08 16:47:15] buffer is less than 5, real size: 0
[2026-07-08 16:47:15] out while is working
[2026-07-08 16:47:15] buffer is less than 5, real size: 0
[2026-07-08 16:47:15] out while is working
[2026-07-08 16:47:15] buffer is less than 5, real size: 0
[2026-07-08 16:47:15] out while is working
[2026-07-08 16:47:15] buffer is less than 5, real size: 0
[2026-07-08 16:47:15] out while is working
[2026-07-08 16:47:15] buffer is less than 5, real size: 0
[2026-07-08 16:47:15] out while is working
[2026-07-08 16:47:15] buffer is less than 5, real size: 0
[2026-07-08 16:47:15] out while is working
[2026-07-08 16:47:15] buffer is less than 5, real size: 0
[2026-07-08 16:47:15] out while is working
[2026-07-08 16:47:15] buffer is less than 5, real size: 1
[2026-07-08 16:47:15] out while is working
[2026-07-08 16:47:15] data_length 14 iseq 152
[2026-07-08 16:47:15] begin switch_method
[2026-07-08 16:47:15] find command id514
[2026-07-08 16:47:15] data_length 17 iseq 153
[2026-07-08 16:47:15] buffer is less than sof_index + frame_length(26), buffer size: b'\xa5\x11\x00\x99\xaf\x01\x02\t\x01'
[2026-07-08 16:47:15] out while is working
[2026-07-08 16:47:15] data_length 17 iseq 153
[2026-07-08 16:47:15] buffer is less than sof_index + frame_length(26), buffer size: b'\xa5\x11\x00\x99\xaf\x01\x02\t\x01\x00'
[2026-07-08 16:47:15] out while is working
[2026-07-08 16:47:15] data_length 17 iseq 153
[2026-07-08 16:47:15] begin switch_method
[2026-07-08 16:47:15] find command id513
[2026-07-08 16:47:15] buffer is less than 5, real size: 0
[2026-07-08 16:47:15] out while is working
[2026-07-08 16:47:15] buffer is less than 5, real size: 0
[2026-07-08 16:47:15] out while is working
[2026-07-08 16:47:15] buffer is less than 5, real size: 0
[2026-07-08 16:47:15] out while is working
[2026-07-08 16:47:15] buffer is less than 5, real size: 0
[2026-07-08 16:47:15] out while is working
[2026-07-08 16:47:15] buffer is less than 5, real size: 0
[2026-07-08 16:47:15] out while is working
[2026-07-08 16:47:15] buffer is less than 5, real size: 0
[2026-07-08 16:47:15] out while is working
[2026-07-08 16:47:15] buffer is less than 5, real size: 0
[2026-07-08 16:47:15] out while is working
[2026-07-08 16:47:15] buffer is less than 5, real size: 0
[2026-07-08 16:47:15] out while is working
[2026-07-08 16:47:15] buffer is less than 5, real size: 0
[2026-07-08 16:47:15] out while is working
[2026-07-08 16:47:16] buffer is less than 5, real size: 0
[2026-07-08 16:47:16] out while is working
[2026-07-08 16:47:16] buffer is less than 5, real size: 1
[2026-07-08 16:47:16] out while is working
[2026-07-08 16:47:16] data_length 14 iseq 154
[2026-07-08 16:47:16] begin switch_method
[2026-07-08 16:47:16] find command id514
[2026-07-08 16:47:16] data_length 17 iseq 155
[2026-07-08 16:47:16] buffer is less than sof_index + frame_length(26), buffer size: b'\xa5\x11\x00\x9b\x13\x01\x02\t\x01'
[2026-07-08 16:47:16] out while is working
[2026-07-08 16:47:16] data_length 17 iseq 155
[2026-07-08 16:47:16] buffer is less than sof_index + frame_length(26), buffer size: b'\xa5\x11\x00\x9b\x13\x01\x02\t\x01\x00'
[2026-07-08 16:47:16] out while is working
[2026-07-08 16:47:16] data_length 17 iseq 155
[2026-07-08 16:47:16] begin switch_method
[2026-07-08 16:47:16] find command id513
[2026-07-08 16:47:16] buffer is less than 5, real size: 0
[2026-07-08 16:47:16] out while is working
[2026-07-08 16:47:16] buffer is less than 5, real size: 0
[2026-07-08 16:47:16] out while is working
[2026-07-08 16:47:16] buffer is less than 5, real size: 0
[2026-07-08 16:47:16] out while is working
[2026-07-08 16:47:16] buffer is less than 5, real size: 0
[2026-07-08 16:47:16] out while is working
[2026-07-08 16:47:16] buffer is less than 5, real size: 0
[2026-07-08 16:47:16] out while is working
[2026-07-08 16:47:16] buffer is less than 5, real size: 0
[2026-07-08 16:47:16] out while is working
[2026-07-08 16:47:16] buffer is less than 5, real size: 0
[2026-07-08 16:47:16] out while is working
[2026-07-08 16:47:16] buffer is less than 5, real size: 0
[2026-07-08 16:47:16] out while is working
[2026-07-08 16:47:16] buffer is less than 5, real size: 0
[2026-07-08 16:47:16] out while is working
[2026-07-08 16:47:16] buffer is less than 5, real size: 0
[2026-07-08 16:47:16] out while is working
[2026-07-08 16:47:16] buffer is less than 5, real size: 1
[2026-07-08 16:47:16] out while is working
[2026-07-08 16:47:16] data_length 14 iseq 156
[2026-07-08 16:47:16] begin switch_method
[2026-07-08 16:47:16] find command id514
[2026-07-08 16:47:16] data_length 17 iseq 157
[2026-07-08 16:47:16] buffer is less than sof_index + frame_length(26), buffer size: b'\xa5\x11\x00\x9d\xce\x01\x02\t\x01'
[2026-07-08 16:47:16] out while is working
[2026-07-08 16:47:16] data_length 17 iseq 157
[2026-07-08 16:47:16] buffer is less than sof_index + frame_length(26), buffer size: b'\xa5\x11\x00\x9d\xce\x01\x02\t\x01\x00'
[2026-07-08 16:47:16] out while is working
[2026-07-08 16:47:16] data_length 17 iseq 157
[2026-07-08 16:47:16] begin switch_method
[2026-07-08 16:47:16] find command id513
[2026-07-08 16:47:16] buffer is less than 5, real size: 0
[2026-07-08 16:47:16] out while is working
[2026-07-08 16:47:16] buffer is less than 5, real size: 0
[2026-07-08 16:47:16] out while is working
[2026-07-08 16:47:16] buffer is less than 5, real size: 0
[2026-07-08 16:47:16] out while is working
[2026-07-08 16:47:16] buffer is less than 5, real size: 0
[2026-07-08 16:47:16] out while is working
[2026-07-08 16:47:16] buffer is less than 5, real size: 0
[2026-07-08 16:47:16] out while is working
[2026-07-08 16:47:16] buffer is less than 5, real size: 0
[2026-07-08 16:47:16] out while is working
[2026-07-08 16:47:16] buffer is less than 5, real size: 0
[2026-07-08 16:47:16] out while is working
[2026-07-08 16:47:16] buffer is less than 5, real size: 0
[2026-07-08 16:47:16] out while is working
[2026-07-08 16:47:16] buffer is less than 5, real size: 0
[2026-07-08 16:47:16] out while is working
[2026-07-08 16:47:16] buffer is less than 5, real size: 0
[2026-07-08 16:47:16] out while is working
[2026-07-08 16:47:16] buffer is less than 5, real size: 0
[2026-07-08 16:47:16] out while is working
[2026-07-08 16:47:16] buffer is less than 5, real size: 0
[2026-07-08 16:47:16] out while is working
[2026-07-08 16:47:16] buffer is less than 5, real size: 0
[2026-07-08 16:47:16] out while is working
[2026-07-08 16:47:16] buffer is less than 5, real size: 1
[2026-07-08 16:47:16] out while is working
[2026-07-08 16:47:16] data_length 14 iseq 158
[2026-07-08 16:47:16] begin switch_method
[2026-07-08 16:47:16] find command id514
[2026-07-08 16:47:16] data_length 17 iseq 159
[2026-07-08 16:47:16] buffer is less than sof_index + frame_length(26), buffer size: b'\xa5\x11\x00\x9fr\x01\x02\t\x01'
[2026-07-08 16:47:16] out while is working
[2026-07-08 16:47:16] data_length 17 iseq 159
[2026-07-08 16:47:16] buffer is less than sof_index + frame_length(26), buffer size: b'\xa5\x11\x00\x9fr\x01\x02\t\x01\x00'
[2026-07-08 16:47:16] out while is working
[2026-07-08 16:47:16] data_length 17 iseq 159
[2026-07-08 16:47:16] begin switch_method
[2026-07-08 16:47:16] find command id513
[2026-07-08 16:47:16] buffer is less than 5, real size: 0
[2026-07-08 16:47:16] out while is working
[2026-07-08 16:47:16] buffer is less than 5, real size: 0
[2026-07-08 16:47:16] out while is working
[2026-07-08 16:47:16] buffer is less than 5, real size: 0
[2026-07-08 16:47:16] out while is working
[2026-07-08 16:47:16] buffer is less than 5, real size: 0
[2026-07-08 16:47:16] out while is working
[2026-07-08 16:47:16] buffer is less than 5, real size: 0
[2026-07-08 16:47:16] out while is working
[2026-07-08 16:47:16] buffer is less than 5, real size: 0
[2026-07-08 16:47:16] out while is working
[2026-07-08 16:47:16] buffer is less than 5, real size: 0
[2026-07-08 16:47:16] out while is working
[2026-07-08 16:47:16] buffer is less than 5, real size: 0
[2026-07-08 16:47:16] out while is working
[2026-07-08 16:47:16] buffer is less than 5, real size: 0
[2026-07-08 16:47:16] out while is working
[2026-07-08 16:47:16] buffer is less than 5, real size: 0
[2026-07-08 16:47:16] out while is working
[2026-07-08 16:47:16] buffer is less than 5, real size: 0
[2026-07-08 16:47:16] out while is working
[2026-07-08 16:47:16] buffer is less than 5, real size: 0
[2026-07-08 16:47:16] out while is working
[2026-07-08 16:47:16] buffer is less than 5, real size: 0
[2026-07-08 16:47:16] out while is working
[2026-07-08 16:47:16] buffer is less than 5, real size: 0
[2026-07-08 16:47:16] out while is working
[2026-07-08 16:47:16] buffer is less than 5, real size: 0
[2026-07-08 16:47:16] out while is working
[2026-07-08 16:47:16] buffer is less than 5, real size: 1
[2026-07-08 16:47:16] out while is working
[2026-07-08 16:47:16] data_length 14 iseq 160
[2026-07-08 16:47:16] begin switch_method
[2026-07-08 16:47:16] find command id514
[2026-07-08 16:47:16] data_length 17 iseq 161
[2026-07-08 16:47:16] buffer is less than sof_index + frame_length(26), buffer size: b'\xa5\x11\x00\xa1\xd3\x01\x02\t\x01'
[2026-07-08 16:47:16] out while is working
[2026-07-08 16:47:16] data_length 17 iseq 161
[2026-07-08 16:47:16] buffer is less than sof_index + frame_length(26), buffer size: b'\xa5\x11\x00\xa1\xd3\x01\x02\t\x01\x00'
[2026-07-08 16:47:16] out while is working
[2026-07-08 16:47:16] data_length 17 iseq 161
[2026-07-08 16:47:16] begin switch_method
[2026-07-08 16:47:16] find command id513
[2026-07-08 16:47:16] buffer is less than 5, real size: 0
[2026-07-08 16:47:16] out while is working
[2026-07-08 16:47:16] buffer is less than 5, real size: 0
[2026-07-08 16:47:16] out while is working
[2026-07-08 16:47:16] buffer is less than 5, real size: 0
[2026-07-08 16:47:16] out while is working
[2026-07-08 16:47:16] buffer is less than 5, real size: 0
[2026-07-08 16:47:16] out while is working
[2026-07-08 16:47:16] buffer is less than 5, real size: 0
[2026-07-08 16:47:16] out while is working
[2026-07-08 16:47:16] buffer is less than 5, real size: 0
[2026-07-08 16:47:16] out while is working
[2026-07-08 16:47:16] buffer is less than 5, real size: 0
[2026-07-08 16:47:16] out while is working
[2026-07-08 16:47:16] buffer is less than 5, real size: 0
[2026-07-08 16:47:16] out while is working
[2026-07-08 16:47:16] buffer is less than 5, real size: 0
[2026-07-08 16:47:16] out while is working
[2026-07-08 16:47:16] buffer is less than 5, real size: 0
[2026-07-08 16:47:16] out while is working
[2026-07-08 16:47:16] buffer is less than 5, real size: 1
[2026-07-08 16:47:16] out while is working
[2026-07-08 16:47:16] data_length 14 iseq 162
[2026-07-08 16:47:16] begin switch_method
[2026-07-08 16:47:16] find command id514
[2026-07-08 16:47:16] data_length 17 iseq 163
[2026-07-08 16:47:16] buffer is less than sof_index + frame_length(26), buffer size: b'\xa5\x11\x00\xa3o\x01\x02\t\x01'
[2026-07-08 16:47:16] out while is working
[2026-07-08 16:47:16] data_length 17 iseq 163
[2026-07-08 16:47:16] buffer is less than sof_index + frame_length(26), buffer size: b'\xa5\x11\x00\xa3o\x01\x02\t\x01\x00'
[2026-07-08 16:47:16] out while is working
[2026-07-08 16:47:16] data_length 17 iseq 163
[2026-07-08 16:47:16] begin switch_method
[2026-07-08 16:47:16] find command id513
[2026-07-08 16:47:16] buffer is less than 5, real size: 0
[2026-07-08 16:47:16] out while is working
[2026-07-08 16:47:16] buffer is less than 5, real size: 0
[2026-07-08 16:47:16] out while is working
[2026-07-08 16:47:16] buffer is less than 5, real size: 0
[2026-07-08 16:47:16] out while is working
[2026-07-08 16:47:16] buffer is less than 5, real size: 0
[2026-07-08 16:47:16] out while is working
[2026-07-08 16:47:16] buffer is less than 5, real size: 0
[2026-07-08 16:47:16] out while is working
[2026-07-08 16:47:16] buffer is less than 5, real size: 0
[2026-07-08 16:47:16] out while is working
[2026-07-08 16:47:16] buffer is less than 5, real size: 0
[2026-07-08 16:47:16] out while is working
[2026-07-08 16:47:16] buffer is less than 5, real size: 0
[2026-07-08 16:47:16] out while is working
[2026-07-08 16:47:16] buffer is less than 5, real size: 0
[2026-07-08 16:47:16] out while is working
[2026-07-08 16:47:16] buffer is less than 5, real size: 0
[2026-07-08 16:47:16] out while is working
[2026-07-08 16:47:16] buffer is less than 5, real size: 1
[2026-07-08 16:47:16] out while is working
[2026-07-08 16:47:16] data_length 14 iseq 164
[2026-07-08 16:47:16] begin switch_method
[2026-07-08 16:47:16] find command id514
[2026-07-08 16:47:16] data_length 12 iseq 165
[2026-07-08 16:47:16] buffer is less than sof_index + frame_length(21), buffer size: b'\xa5\x0c\x00\xa5\xe8\x03\x02\x00\x00'
[2026-07-08 16:47:16] out while is working
[2026-07-08 16:47:16] data_length 12 iseq 165
[2026-07-08 16:47:16] buffer is less than sof_index + frame_length(21), buffer size: b'\xa5\x0c\x00\xa5\xe8\x03\x02\x00\x00\x00'
[2026-07-08 16:47:16] out while is working
[2026-07-08 16:47:16] data_length 12 iseq 165
[2026-07-08 16:47:16] begin switch_method
[2026-07-08 16:47:16] find command id515
[2026-07-08 16:47:16] data_length 17 iseq 166
[2026-07-08 16:47:16] buffer is less than sof_index + frame_length(26), buffer size: b'\xa5\x11\x00\xa6P\x01\x02\t\x01\x00\x00\x00\x00\x00\x00\x00\x00\x00\x00\x00'
[2026-07-08 16:47:16] out while is working
[2026-07-08 16:47:16] data_length 17 iseq 166
[2026-07-08 16:47:16] buffer is less than sof_index + frame_length(26), buffer size: b'\xa5\x11\x00\xa6P\x01\x02\t\x01\x00\x00\x00\x00\x00\x00\x00\x00\x00\x00\x00\x00'
[2026-07-08 16:47:16] out while is working
[2026-07-08 16:47:16] data_length 17 iseq 166
[2026-07-08 16:47:16] begin switch_method
[2026-07-08 16:47:16] find command id513
[2026-07-08 16:47:16] buffer is less than 5, real size: 0
[2026-07-08 16:47:16] out while is working
[2026-07-08 16:47:16] buffer is less than 5, real size: 0
[2026-07-08 16:47:16] out while is working
[2026-07-08 16:47:16] buffer is less than 5, real size: 0
[2026-07-08 16:47:16] out while is working
[2026-07-08 16:47:16] buffer is less than 5, real size: 0
[2026-07-08 16:47:16] out while is working
[2026-07-08 16:47:16] buffer is less than 5, real size: 0
[2026-07-08 16:47:16] out while is working
[2026-07-08 16:47:16] buffer is less than 5, real size: 0
[2026-07-08 16:47:16] out while is working
[2026-07-08 16:47:16] buffer is less than 5, real size: 0
[2026-07-08 16:47:16] out while is working
[2026-07-08 16:47:16] buffer is less than 5, real size: 0
[2026-07-08 16:47:16] out while is working
[2026-07-08 16:47:16] buffer is less than 5, real size: 0
[2026-07-08 16:47:16] out while is working
[2026-07-08 16:47:16] buffer is less than 5, real size: 0
[2026-07-08 16:47:16] out while is working
[2026-07-08 16:47:16] buffer is less than 5, real size: 1
[2026-07-08 16:47:16] out while is working
[2026-07-08 16:47:16] data_length 14 iseq 167
[2026-07-08 16:47:16] begin switch_method
[2026-07-08 16:47:16] find command id514
[2026-07-08 16:47:16] data_length 17 iseq 168
[2026-07-08 16:47:16] buffer is less than sof_index + frame_length(26), buffer size: b'\xa5\x11\x00\xa8O\x01\x02\t\x01'
[2026-07-08 16:47:16] out while is working
[2026-07-08 16:47:16] data_length 17 iseq 168
[2026-07-08 16:47:16] buffer is less than sof_index + frame_length(26), buffer size: b'\xa5\x11\x00\xa8O\x01\x02\t\x01\x00'
[2026-07-08 16:47:16] out while is working
[2026-07-08 16:47:16] data_length 17 iseq 168
[2026-07-08 16:47:16] begin switch_method
[2026-07-08 16:47:16] find command id513
[2026-07-08 16:47:16] buffer is less than 5, real size: 0
[2026-07-08 16:47:16] out while is working
[2026-07-08 16:47:16] buffer is less than 5, real size: 0
[2026-07-08 16:47:16] out while is working
[2026-07-08 16:47:16] buffer is less than 5, real size: 0
[2026-07-08 16:47:16] out while is working
[2026-07-08 16:47:16] buffer is less than 5, real size: 0
[2026-07-08 16:47:16] out while is working
[2026-07-08 16:47:16] buffer is less than 5, real size: 0
[2026-07-08 16:47:16] out while is working
[2026-07-08 16:47:16] buffer is less than 5, real size: 0
[2026-07-08 16:47:16] out while is working
[2026-07-08 16:47:16] buffer is less than 5, real size: 0
[2026-07-08 16:47:16] out while is working
[2026-07-08 16:47:16] buffer is less than 5, real size: 0
[2026-07-08 16:47:16] out while is working
[2026-07-08 16:47:16] buffer is less than 5, real size: 0
[2026-07-08 16:47:16] out while is working
[2026-07-08 16:47:16] buffer is less than 5, real size: 0
[2026-07-08 16:47:16] out while is working
[2026-07-08 16:47:16] buffer is less than 5, real size: 1
[2026-07-08 16:47:16] out while is working
[2026-07-08 16:47:16] data_length 14 iseq 169
[2026-07-08 16:47:16] begin switch_method
[2026-07-08 16:47:16] find command id514
[2026-07-08 16:47:16] data_length 17 iseq 170
[2026-07-08 16:47:16] buffer is less than sof_index + frame_length(26), buffer size: b'\xa5\x11\x00\xaa\xf3\x01\x02\t\x01'
[2026-07-08 16:47:16] out while is working
[2026-07-08 16:47:16] data_length 17 iseq 170
[2026-07-08 16:47:16] buffer is less than sof_index + frame_length(26), buffer size: b'\xa5\x11\x00\xaa\xf3\x01\x02\t\x01\x00'
[2026-07-08 16:47:16] out while is working
[2026-07-08 16:47:16] data_length 17 iseq 170
[2026-07-08 16:47:16] begin switch_method
[2026-07-08 16:47:16] find command id513
[2026-07-08 16:47:16] buffer is less than 5, real size: 0
[2026-07-08 16:47:16] out while is working
[2026-07-08 16:47:16] buffer is less than 5, real size: 0
[2026-07-08 16:47:16] out while is working
[2026-07-08 16:47:16] buffer is less than 5, real size: 0
[2026-07-08 16:47:16] out while is working
[2026-07-08 16:47:16] buffer is less than 5, real size: 0
[2026-07-08 16:47:16] out while is working
[2026-07-08 16:47:16] buffer is less than 5, real size: 0
[2026-07-08 16:47:16] out while is working
[2026-07-08 16:47:16] buffer is less than 5, real size: 0
[2026-07-08 16:47:16] out while is working
[2026-07-08 16:47:16] buffer is less than 5, real size: 0
[2026-07-08 16:47:16] out while is working
[2026-07-08 16:47:16] buffer is less than 5, real size: 0
[2026-07-08 16:47:16] out while is working
[2026-07-08 16:47:16] buffer is less than 5, real size: 0
[2026-07-08 16:47:16] out while is working
[2026-07-08 16:47:16] buffer is less than 5, real size: 0
[2026-07-08 16:47:16] out while is working
[2026-07-08 16:47:16] buffer is less than 5, real size: 1
[2026-07-08 16:47:16] out while is working
[2026-07-08 16:47:16] data_length 14 iseq 171
[2026-07-08 16:47:16] begin switch_method
[2026-07-08 16:47:16] find command id514
[2026-07-08 16:47:16] data_length 17 iseq 172
[2026-07-08 16:47:16] buffer is less than sof_index + frame_length(26), buffer size: b'\xa5\x11\x00\xac.\x01\x02\t\x01'
[2026-07-08 16:47:16] out while is working
[2026-07-08 16:47:16] data_length 17 iseq 172
[2026-07-08 16:47:16] buffer is less than sof_index + frame_length(26), buffer size: b'\xa5\x11\x00\xac.\x01\x02\t\x01\x00'
[2026-07-08 16:47:16] out while is working
[2026-07-08 16:47:16] data_length 17 iseq 172
[2026-07-08 16:47:16] begin switch_method
[2026-07-08 16:47:16] find command id513
[2026-07-08 16:47:16] buffer is less than 5, real size: 0
[2026-07-08 16:47:16] out while is working
[2026-07-08 16:47:16] buffer is less than 5, real size: 0
[2026-07-08 16:47:16] out while is working
[2026-07-08 16:47:16] buffer is less than 5, real size: 0
[2026-07-08 16:47:16] out while is working
[2026-07-08 16:47:16] buffer is less than 5, real size: 0
[2026-07-08 16:47:16] out while is working
[2026-07-08 16:47:16] buffer is less than 5, real size: 0
[2026-07-08 16:47:16] out while is working
[2026-07-08 16:47:16] buffer is less than 5, real size: 0
[2026-07-08 16:47:16] out while is working
[2026-07-08 16:47:16] buffer is less than 5, real size: 0
[2026-07-08 16:47:16] out while is working
[2026-07-08 16:47:16] buffer is less than 5, real size: 0
[2026-07-08 16:47:16] out while is working
[2026-07-08 16:47:16] buffer is less than 5, real size: 0
[2026-07-08 16:47:16] out while is working
[2026-07-08 16:47:17] buffer is less than 5, real size: 0
[2026-07-08 16:47:17] out while is working
[2026-07-08 16:47:17] buffer is less than 5, real size: 1
[2026-07-08 16:47:17] out while is working
[2026-07-08 16:47:17] data_length 14 iseq 173
[2026-07-08 16:47:17] begin switch_method
[2026-07-08 16:47:17] find command id514
[2026-07-08 16:47:17] data_length 17 iseq 174
[2026-07-08 16:47:17] buffer is less than sof_index + frame_length(26), buffer size: b'\xa5\x11\x00\xae\x92\x01\x02\t\x01'
[2026-07-08 16:47:17] out while is working
[2026-07-08 16:47:17] data_length 17 iseq 174
[2026-07-08 16:47:17] buffer is less than sof_index + frame_length(26), buffer size: b'\xa5\x11\x00\xae\x92\x01\x02\t\x01\x00'
[2026-07-08 16:47:17] out while is working
[2026-07-08 16:47:17] data_length 17 iseq 174
[2026-07-08 16:47:17] begin switch_method
[2026-07-08 16:47:17] find command id513
[2026-07-08 16:47:17] buffer is less than 5, real size: 0
[2026-07-08 16:47:17] out while is working
[2026-07-08 16:47:17] buffer is less than 5, real size: 0
[2026-07-08 16:47:17] out while is working
[2026-07-08 16:47:17] buffer is less than 5, real size: 0
[2026-07-08 16:47:17] out while is working
[2026-07-08 16:47:17] buffer is less than 5, real size: 0
[2026-07-08 16:47:17] out while is working
[2026-07-08 16:47:17] buffer is less than 5, real size: 0
[2026-07-08 16:47:17] out while is working
[2026-07-08 16:47:17] buffer is less than 5, real size: 0
[2026-07-08 16:47:17] out while is working
[2026-07-08 16:47:17] buffer is less than 5, real size: 0
[2026-07-08 16:47:17] out while is working
[2026-07-08 16:47:17] buffer is less than 5, real size: 0
[2026-07-08 16:47:17] out while is working
[2026-07-08 16:47:17] buffer is less than 5, real size: 0
[2026-07-08 16:47:17] out while is working
[2026-07-08 16:47:17] buffer is less than 5, real size: 0
[2026-07-08 16:47:17] out while is working
[2026-07-08 16:47:17] buffer is less than 5, real size: 1
[2026-07-08 16:47:17] out while is working
[2026-07-08 16:47:17] data_length 14 iseq 175
[2026-07-08 16:47:17] begin switch_method
[2026-07-08 16:47:17] find command id514
[2026-07-08 16:47:17] data_length 17 iseq 176
[2026-07-08 16:47:17] buffer is less than sof_index + frame_length(26), buffer size: b'\xa5\x11\x00\xb0\x10\x01\x02\t\x01'
[2026-07-08 16:47:17] out while is working
[2026-07-08 16:47:17] data_length 17 iseq 176
[2026-07-08 16:47:17] buffer is less than sof_index + frame_length(26), buffer size: b'\xa5\x11\x00\xb0\x10\x01\x02\t\x01\x00'
[2026-07-08 16:47:17] out while is working
[2026-07-08 16:47:17] data_length 17 iseq 176
[2026-07-08 16:47:17] begin switch_method
[2026-07-08 16:47:17] find command id513
[2026-07-08 16:47:17] buffer is less than 5, real size: 0
[2026-07-08 16:47:17] out while is working
[2026-07-08 16:47:17] buffer is less than 5, real size: 0
[2026-07-08 16:47:17] out while is working
[2026-07-08 16:47:17] buffer is less than 5, real size: 0
[2026-07-08 16:47:17] out while is working
[2026-07-08 16:47:17] buffer is less than 5, real size: 0
[2026-07-08 16:47:17] out while is working
[2026-07-08 16:47:17] buffer is less than 5, real size: 0
[2026-07-08 16:47:17] out while is working
[2026-07-08 16:47:17] buffer is less than 5, real size: 0
[2026-07-08 16:47:17] out while is working
[2026-07-08 16:47:17] buffer is less than 5, real size: 0
[2026-07-08 16:47:17] out while is working
[2026-07-08 16:47:17] buffer is less than 5, real size: 0
[2026-07-08 16:47:17] out while is working
[2026-07-08 16:47:17] buffer is less than 5, real size: 0
[2026-07-08 16:47:17] out while is working
[2026-07-08 16:47:17] buffer is less than 5, real size: 0
[2026-07-08 16:47:17] out while is working
[2026-07-08 16:47:17] buffer is less than 5, real size: 1
[2026-07-08 16:47:17] out while is working
[2026-07-08 16:47:17] data_length 14 iseq 177
[2026-07-08 16:47:17] begin switch_method
[2026-07-08 16:47:17] find command id514
[2026-07-08 16:47:17] data_length 17 iseq 178
[2026-07-08 16:47:17] buffer is less than sof_index + frame_length(26), buffer size: b'\xa5\x11\x00\xb2\xac\x01\x02\t\x01'
[2026-07-08 16:47:17] out while is working
[2026-07-08 16:47:17] data_length 17 iseq 178
[2026-07-08 16:47:17] buffer is less than sof_index + frame_length(26), buffer size: b'\xa5\x11\x00\xb2\xac\x01\x02\t\x01\x00'
[2026-07-08 16:47:17] out while is working
[2026-07-08 16:47:17] data_length 17 iseq 178
[2026-07-08 16:47:17] begin switch_method
[2026-07-08 16:47:17] find command id513
[2026-07-08 16:47:17] buffer is less than 5, real size: 0
[2026-07-08 16:47:17] out while is working
[2026-07-08 16:47:17] buffer is less than 5, real size: 0
[2026-07-08 16:47:17] out while is working
[2026-07-08 16:47:17] buffer is less than 5, real size: 0
[2026-07-08 16:47:17] out while is working
[2026-07-08 16:47:17] buffer is less than 5, real size: 0
[2026-07-08 16:47:17] out while is working
[2026-07-08 16:47:17] buffer is less than 5, real size: 0
[2026-07-08 16:47:17] out while is working
[2026-07-08 16:47:17] buffer is less than 5, real size: 0
[2026-07-08 16:47:17] out while is working
[2026-07-08 16:47:17] buffer is less than 5, real size: 0
[2026-07-08 16:47:17] out while is working
[2026-07-08 16:47:17] buffer is less than 5, real size: 0
[2026-07-08 16:47:17] out while is working
[2026-07-08 16:47:17] buffer is less than 5, real size: 0
[2026-07-08 16:47:17] out while is working
[2026-07-08 16:47:17] buffer is less than 5, real size: 0
[2026-07-08 16:47:17] out while is working
[2026-07-08 16:47:17] buffer is less than 5, real size: 1
[2026-07-08 16:47:17] out while is working
[2026-07-08 16:47:17] data_length 14 iseq 179
[2026-07-08 16:47:17] begin switch_method
[2026-07-08 16:47:17] find command id514
[2026-07-08 16:47:17] data_length 17 iseq 180
[2026-07-08 16:47:17] buffer is less than sof_index + frame_length(26), buffer size: b'\xa5\x11\x00\xb4q\x01\x02\t\x01'
[2026-07-08 16:47:17] out while is working
[2026-07-08 16:47:17] data_length 17 iseq 180
[2026-07-08 16:47:17] buffer is less than sof_index + frame_length(26), buffer size: b'\xa5\x11\x00\xb4q\x01\x02\t\x01\x00'
[2026-07-08 16:47:17] out while is working
[2026-07-08 16:47:17] data_length 17 iseq 180
[2026-07-08 16:47:17] begin switch_method
[2026-07-08 16:47:17] find command id513
[2026-07-08 16:47:17] buffer is less than 5, real size: 0
[2026-07-08 16:47:17] out while is working
[2026-07-08 16:47:17] buffer is less than 5, real size: 0
[2026-07-08 16:47:17] out while is working
[2026-07-08 16:47:17] buffer is less than 5, real size: 0
[2026-07-08 16:47:17] out while is working
[2026-07-08 16:47:17] buffer is less than 5, real size: 0
[2026-07-08 16:47:17] out while is working
[2026-07-08 16:47:17] buffer is less than 5, real size: 0
[2026-07-08 16:47:17] out while is working
[2026-07-08 16:47:17] buffer is less than 5, real size: 0
[2026-07-08 16:47:17] out while is working
[2026-07-08 16:47:17] buffer is less than 5, real size: 0
[2026-07-08 16:47:17] out while is working
[2026-07-08 16:47:17] buffer is less than 5, real size: 0
[2026-07-08 16:47:17] out while is working
[2026-07-08 16:47:17] buffer is less than 5, real size: 0
[2026-07-08 16:47:17] out while is working
[2026-07-08 16:47:17] buffer is less than 5, real size: 0
[2026-07-08 16:47:17] out while is working
[2026-07-08 16:47:17] buffer is less than 5, real size: 0
[2026-07-08 16:47:17] out while is working
[2026-07-08 16:47:17] buffer is less than 5, real size: 1
[2026-07-08 16:47:17] out while is working
[2026-07-08 16:47:17] data_length 14 iseq 181
[2026-07-08 16:47:17] begin switch_method
[2026-07-08 16:47:17] find command id514
[2026-07-08 16:47:17] data_length 17 iseq 182
[2026-07-08 16:47:17] buffer is less than sof_index + frame_length(26), buffer size: b'\xa5\x11\x00\xb6\xcd\x01\x02\t\x01'
[2026-07-08 16:47:17] out while is working
[2026-07-08 16:47:17] data_length 17 iseq 182
[2026-07-08 16:47:17] buffer is less than sof_index + frame_length(26), buffer size: b'\xa5\x11\x00\xb6\xcd\x01\x02\t\x01\x00'
[2026-07-08 16:47:17] out while is working
[2026-07-08 16:47:17] data_length 17 iseq 182
[2026-07-08 16:47:17] begin switch_method
[2026-07-08 16:47:17] find command id513
[2026-07-08 16:47:17] buffer is less than 5, real size: 0
[2026-07-08 16:47:17] out while is working
[2026-07-08 16:47:17] buffer is less than 5, real size: 0
[2026-07-08 16:47:17] out while is working
[2026-07-08 16:47:17] buffer is less than 5, real size: 0
[2026-07-08 16:47:17] out while is working
[2026-07-08 16:47:17] buffer is less than 5, real size: 0
[2026-07-08 16:47:17] out while is working
[2026-07-08 16:47:17] buffer is less than 5, real size: 0
[2026-07-08 16:47:17] out while is working
[2026-07-08 16:47:17] buffer is less than 5, real size: 0
[2026-07-08 16:47:17] out while is working
[2026-07-08 16:47:17] buffer is less than 5, real size: 0
[2026-07-08 16:47:17] out while is working
[2026-07-08 16:47:17] buffer is less than 5, real size: 0
[2026-07-08 16:47:17] out while is working
[2026-07-08 16:47:17] buffer is less than 5, real size: 0
[2026-07-08 16:47:17] out while is working
[2026-07-08 16:47:17] buffer is less than 5, real size: 0
[2026-07-08 16:47:17] out while is working
[2026-07-08 16:47:17] buffer is less than 5, real size: 1
[2026-07-08 16:47:17] out while is working
[2026-07-08 16:47:17] data_length 14 iseq 183
[2026-07-08 16:47:17] begin switch_method
[2026-07-08 16:47:17] find command id514
[2026-07-08 16:47:17] data_length 17 iseq 184
[2026-07-08 16:47:17] buffer is less than sof_index + frame_length(26), buffer size: b'\xa5\x11\x00\xb8\xd2\x01\x02\t\x01'
[2026-07-08 16:47:17] out while is working
[2026-07-08 16:47:17] data_length 17 iseq 184
[2026-07-08 16:47:17] buffer is less than sof_index + frame_length(26), buffer size: b'\xa5\x11\x00\xb8\xd2\x01\x02\t\x01\x00'
[2026-07-08 16:47:17] out while is working
[2026-07-08 16:47:17] data_length 17 iseq 184
[2026-07-08 16:47:17] begin switch_method
[2026-07-08 16:47:17] find command id513
[2026-07-08 16:47:17] buffer is less than 5, real size: 0
[2026-07-08 16:47:17] out while is working
[2026-07-08 16:47:17] buffer is less than 5, real size: 0
[2026-07-08 16:47:17] out while is working
[2026-07-08 16:47:17] buffer is less than 5, real size: 0
[2026-07-08 16:47:17] out while is working
[2026-07-08 16:47:17] buffer is less than 5, real size: 0
[2026-07-08 16:47:17] out while is working
[2026-07-08 16:47:17] buffer is less than 5, real size: 0
[2026-07-08 16:47:17] out while is working
[2026-07-08 16:47:17] buffer is less than 5, real size: 0
[2026-07-08 16:47:17] out while is working
[2026-07-08 16:47:17] buffer is less than 5, real size: 0
[2026-07-08 16:47:17] out while is working
[2026-07-08 16:47:17] buffer is less than 5, real size: 0
[2026-07-08 16:47:17] out while is working
[2026-07-08 16:47:17] buffer is less than 5, real size: 0
[2026-07-08 16:47:17] out while is working
[2026-07-08 16:47:17] buffer is less than 5, real size: 0
[2026-07-08 16:47:17] out while is working
[2026-07-08 16:47:17] buffer is less than 5, real size: 0
[2026-07-08 16:47:17] out while is working
[2026-07-08 16:47:17] buffer is less than 5, real size: 1
[2026-07-08 16:47:17] out while is working
[2026-07-08 16:47:17] data_length 14 iseq 185
[2026-07-08 16:47:17] begin switch_method
[2026-07-08 16:47:17] find command id514
[2026-07-08 16:47:17] data_length 12 iseq 186
[2026-07-08 16:47:17] buffer is less than sof_index + frame_length(21), buffer size: b'\xa5\x0c\x00\xba4\x03\x02\x00\x00'
[2026-07-08 16:47:17] out while is working
[2026-07-08 16:47:17] data_length 12 iseq 186
[2026-07-08 16:47:17] buffer is less than sof_index + frame_length(21), buffer size: b'\xa5\x0c\x00\xba4\x03\x02\x00\x00\x00'
[2026-07-08 16:47:17] out while is working
[2026-07-08 16:47:17] data_length 12 iseq 186
[2026-07-08 16:47:17] begin switch_method
[2026-07-08 16:47:17] find command id515
[2026-07-08 16:47:17] data_length 17 iseq 187
[2026-07-08 16:47:17] buffer is less than sof_index + frame_length(26), buffer size: b'\xa5\x11\x00\xbb0\x01\x02\t\x01\x00\x00\x00\x00\x00\x00\x00\x00\x00\x00\x00'
[2026-07-08 16:47:17] out while is working
[2026-07-08 16:47:17] data_length 17 iseq 187
[2026-07-08 16:47:17] buffer is less than sof_index + frame_length(26), buffer size: b'\xa5\x11\x00\xbb0\x01\x02\t\x01\x00\x00\x00\x00\x00\x00\x00\x00\x00\x00\x00\x00'
[2026-07-08 16:47:17] out while is working
[2026-07-08 16:47:17] data_length 17 iseq 187
[2026-07-08 16:47:17] begin switch_method
[2026-07-08 16:47:17] find command id513
[2026-07-08 16:47:17] buffer is less than 5, real size: 0
[2026-07-08 16:47:17] out while is working
[2026-07-08 16:47:17] buffer is less than 5, real size: 0
[2026-07-08 16:47:17] out while is working
[2026-07-08 16:47:17] buffer is less than 5, real size: 0
[2026-07-08 16:47:17] out while is working
[2026-07-08 16:47:17] buffer is less than 5, real size: 0
[2026-07-08 16:47:17] out while is working
[2026-07-08 16:47:17] buffer is less than 5, real size: 0
[2026-07-08 16:47:17] out while is working
[2026-07-08 16:47:17] buffer is less than 5, real size: 0
[2026-07-08 16:47:17] out while is working
[2026-07-08 16:47:17] buffer is less than 5, real size: 0
[2026-07-08 16:47:17] out while is working
[2026-07-08 16:47:17] buffer is less than 5, real size: 0
[2026-07-08 16:47:17] out while is working
[2026-07-08 16:47:17] buffer is less than 5, real size: 0
[2026-07-08 16:47:17] out while is working
[2026-07-08 16:47:17] buffer is less than 5, real size: 0
[2026-07-08 16:47:17] out while is working
[2026-07-08 16:47:17] buffer is less than 5, real size: 1
[2026-07-08 16:47:17] out while is working
[2026-07-08 16:47:17] data_length 14 iseq 188
[2026-07-08 16:47:17] begin switch_method
[2026-07-08 16:47:17] find command id514
[2026-07-08 16:47:17] data_length 17 iseq 189
[2026-07-08 16:47:17] buffer is less than sof_index + frame_length(26), buffer size: b'\xa5\x11\x00\xbd\xed\x01\x02\t\x01'
[2026-07-08 16:47:17] out while is working
[2026-07-08 16:47:17] data_length 17 iseq 189
[2026-07-08 16:47:17] buffer is less than sof_index + frame_length(26), buffer size: b'\xa5\x11\x00\xbd\xed\x01\x02\t\x01\x00'
[2026-07-08 16:47:17] out while is working
[2026-07-08 16:47:17] data_length 17 iseq 189
[2026-07-08 16:47:17] begin switch_method
[2026-07-08 16:47:17] find command id513
[2026-07-08 16:47:17] buffer is less than 5, real size: 0
[2026-07-08 16:47:17] out while is working
[2026-07-08 16:47:17] buffer is less than 5, real size: 0
[2026-07-08 16:47:17] out while is working
[2026-07-08 16:47:17] buffer is less than 5, real size: 0
[2026-07-08 16:47:17] out while is working
[2026-07-08 16:47:17] buffer is less than 5, real size: 0
[2026-07-08 16:47:17] out while is working
[2026-07-08 16:47:17] buffer is less than 5, real size: 0
[2026-07-08 16:47:17] out while is working
[2026-07-08 16:47:17] buffer is less than 5, real size: 0
[2026-07-08 16:47:17] out while is working
[2026-07-08 16:47:17] buffer is less than 5, real size: 0
[2026-07-08 16:47:17] out while is working
[2026-07-08 16:47:17] buffer is less than 5, real size: 0
[2026-07-08 16:47:17] out while is working
[2026-07-08 16:47:17] buffer is less than 5, real size: 0
[2026-07-08 16:47:17] out while is working
[2026-07-08 16:47:17] buffer is less than 5, real size: 0
[2026-07-08 16:47:17] out while is working
[2026-07-08 16:47:17] buffer is less than 5, real size: 1
[2026-07-08 16:47:17] out while is working
[2026-07-08 16:47:17] data_length 14 iseq 190
[2026-07-08 16:47:17] begin switch_method
[2026-07-08 16:47:17] find command id514
[2026-07-08 16:47:17] data_length 17 iseq 191
[2026-07-08 16:47:17] buffer is less than sof_index + frame_length(26), buffer size: b'\xa5\x11\x00\xbfQ\x01\x02\t\x01'
[2026-07-08 16:47:17] out while is working
[2026-07-08 16:47:17] data_length 17 iseq 191
[2026-07-08 16:47:17] buffer is less than sof_index + frame_length(26), buffer size: b'\xa5\x11\x00\xbfQ\x01\x02\t\x01\x00'
[2026-07-08 16:47:17] out while is working
[2026-07-08 16:47:17] data_length 17 iseq 191
[2026-07-08 16:47:17] begin switch_method
[2026-07-08 16:47:17] find command id513
[2026-07-08 16:47:17] buffer is less than 5, real size: 0
[2026-07-08 16:47:17] out while is working
[2026-07-08 16:47:17] buffer is less than 5, real size: 0
[2026-07-08 16:47:17] out while is working
[2026-07-08 16:47:17] buffer is less than 5, real size: 0
[2026-07-08 16:47:17] out while is working
[2026-07-08 16:47:17] buffer is less than 5, real size: 0
[2026-07-08 16:47:17] out while is working
[2026-07-08 16:47:17] buffer is less than 5, real size: 0
[2026-07-08 16:47:17] out while is working
[2026-07-08 16:47:17] buffer is less than 5, real size: 0
[2026-07-08 16:47:17] out while is working
[2026-07-08 16:47:17] buffer is less than 5, real size: 0
[2026-07-08 16:47:17] out while is working
[2026-07-08 16:47:17] buffer is less than 5, real size: 0
[2026-07-08 16:47:17] out while is working
[2026-07-08 16:47:17] buffer is less than 5, real size: 0
[2026-07-08 16:47:17] out while is working
[2026-07-08 16:47:17] buffer is less than 5, real size: 0
[2026-07-08 16:47:17] out while is working
[2026-07-08 16:47:17] buffer is less than 5, real size: 1
[2026-07-08 16:47:17] out while is working
[2026-07-08 16:47:17] data_length 14 iseq 192
[2026-07-08 16:47:17] begin switch_method
[2026-07-08 16:47:17] find command id514
[2026-07-08 16:47:17] data_length 17 iseq 193
[2026-07-08 16:47:17] buffer is less than sof_index + frame_length(26), buffer size: b'\xa5\x11\x00\xc1\xb6\x01\x02\t\x01'
[2026-07-08 16:47:17] out while is working
[2026-07-08 16:47:17] data_length 17 iseq 193
[2026-07-08 16:47:17] buffer is less than sof_index + frame_length(26), buffer size: b'\xa5\x11\x00\xc1\xb6\x01\x02\t\x01\x00'
[2026-07-08 16:47:17] out while is working
[2026-07-08 16:47:17] data_length 17 iseq 193
[2026-07-08 16:47:17] begin switch_method
[2026-07-08 16:47:17] find command id513
[2026-07-08 16:47:17] buffer is less than 5, real size: 0
[2026-07-08 16:47:17] out while is working
[2026-07-08 16:47:17] buffer is less than 5, real size: 0
[2026-07-08 16:47:17] out while is working
[2026-07-08 16:47:17] buffer is less than 5, real size: 0
[2026-07-08 16:47:17] out while is working
[2026-07-08 16:47:17] buffer is less than 5, real size: 0
[2026-07-08 16:47:17] out while is working
[2026-07-08 16:47:17] buffer is less than 5, real size: 0
[2026-07-08 16:47:17] out while is working
[2026-07-08 16:47:18] buffer is less than 5, real size: 0
[2026-07-08 16:47:18] out while is working
[2026-07-08 16:47:18] buffer is less than 5, real size: 0
[2026-07-08 16:47:18] out while is working
[2026-07-08 16:47:18] buffer is less than 5, real size: 0
[2026-07-08 16:47:18] out while is working
[2026-07-08 16:47:18] buffer is less than 5, real size: 0
[2026-07-08 16:47:18] out while is working
[2026-07-08 16:47:18] buffer is less than 5, real size: 0
[2026-07-08 16:47:18] out while is working
[2026-07-08 16:47:18] buffer is less than 5, real size: 1
[2026-07-08 16:47:18] out while is working
[2026-07-08 16:47:18] data_length 14 iseq 194
[2026-07-08 16:47:18] begin switch_method
[2026-07-08 16:47:18] find command id514
[2026-07-08 16:47:18] data_length 17 iseq 195
[2026-07-08 16:47:18] buffer is less than sof_index + frame_length(26), buffer size: b'\xa5\x11\x00\xc3\n\x01\x02\t\x01'
[2026-07-08 16:47:18] out while is working
[2026-07-08 16:47:18] data_length 17 iseq 195
[2026-07-08 16:47:18] buffer is less than sof_index + frame_length(26), buffer size: b'\xa5\x11\x00\xc3\n\x01\x02\t\x01\x00'
[2026-07-08 16:47:18] out while is working
[2026-07-08 16:47:18] data_length 17 iseq 195
[2026-07-08 16:47:18] begin switch_method
[2026-07-08 16:47:18] find command id513
[2026-07-08 16:47:18] buffer is less than 5, real size: 0
[2026-07-08 16:47:18] out while is working
[2026-07-08 16:47:18] buffer is less than 5, real size: 0
[2026-07-08 16:47:18] out while is working
[2026-07-08 16:47:18] buffer is less than 5, real size: 0
[2026-07-08 16:47:18] out while is working
[2026-07-08 16:47:18] buffer is less than 5, real size: 0
[2026-07-08 16:47:18] out while is working
[2026-07-08 16:47:18] buffer is less than 5, real size: 0
[2026-07-08 16:47:18] out while is working
[2026-07-08 16:47:18] buffer is less than 5, real size: 0
[2026-07-08 16:47:18] out while is working
[2026-07-08 16:47:18] buffer is less than 5, real size: 0
[2026-07-08 16:47:18] out while is working
[2026-07-08 16:47:18] buffer is less than 5, real size: 0
[2026-07-08 16:47:18] out while is working
[2026-07-08 16:47:18] buffer is less than 5, real size: 0
[2026-07-08 16:47:18] out while is working
[2026-07-08 16:47:18] buffer is less than 5, real size: 0
[2026-07-08 16:47:18] out while is working
[2026-07-08 16:47:18] buffer is less than 5, real size: 0
[2026-07-08 16:47:18] out while is working
[2026-07-08 16:47:18] buffer is less than 5, real size: 1
[2026-07-08 16:47:18] out while is working
[2026-07-08 16:47:18] data_length 14 iseq 196
[2026-07-08 16:47:18] begin switch_method
[2026-07-08 16:47:18] find command id514
[2026-07-08 16:47:18] data_length 17 iseq 197
[2026-07-08 16:47:18] buffer is less than sof_index + frame_length(26), buffer size: b'\xa5\x11\x00\xc5\xd7\x01\x02\t\x01'
[2026-07-08 16:47:18] out while is working
[2026-07-08 16:47:18] data_length 17 iseq 197
[2026-07-08 16:47:18] buffer is less than sof_index + frame_length(26), buffer size: b'\xa5\x11\x00\xc5\xd7\x01\x02\t\x01\x00'
[2026-07-08 16:47:18] out while is working
[2026-07-08 16:47:18] data_length 17 iseq 197
[2026-07-08 16:47:18] begin switch_method
[2026-07-08 16:47:18] find command id513
[2026-07-08 16:47:18] buffer is less than 5, real size: 0
[2026-07-08 16:47:18] out while is working
[2026-07-08 16:47:18] buffer is less than 5, real size: 0
[2026-07-08 16:47:18] out while is working
[2026-07-08 16:47:18] buffer is less than 5, real size: 0
[2026-07-08 16:47:18] out while is working
[2026-07-08 16:47:18] buffer is less than 5, real size: 0
[2026-07-08 16:47:18] out while is working
[2026-07-08 16:47:18] buffer is less than 5, real size: 0
[2026-07-08 16:47:18] out while is working
[2026-07-08 16:47:18] buffer is less than 5, real size: 0
[2026-07-08 16:47:18] out while is working
[2026-07-08 16:47:18] buffer is less than 5, real size: 0
[2026-07-08 16:47:18] out while is working
[2026-07-08 16:47:18] buffer is less than 5, real size: 0
[2026-07-08 16:47:18] out while is working
[2026-07-08 16:47:18] buffer is less than 5, real size: 0
[2026-07-08 16:47:18] out while is working
[2026-07-08 16:47:18] buffer is less than 5, real size: 0
[2026-07-08 16:47:18] out while is working
[2026-07-08 16:47:18] buffer is less than 5, real size: 1
[2026-07-08 16:47:18] out while is working
[2026-07-08 16:47:18] data_length 14 iseq 198
[2026-07-08 16:47:18] begin switch_method
[2026-07-08 16:47:18] find command id514
[2026-07-08 16:47:18] data_length 17 iseq 199
[2026-07-08 16:47:18] buffer is less than sof_index + frame_length(26), buffer size: b'\xa5\x11\x00\xc7k\x01\x02\t\x01'
[2026-07-08 16:47:18] out while is working
[2026-07-08 16:47:18] data_length 17 iseq 199
[2026-07-08 16:47:18] buffer is less than sof_index + frame_length(26), buffer size: b'\xa5\x11\x00\xc7k\x01\x02\t\x01\x00'
[2026-07-08 16:47:18] out while is working
[2026-07-08 16:47:18] data_length 17 iseq 199
[2026-07-08 16:47:18] begin switch_method
[2026-07-08 16:47:18] find command id513
[2026-07-08 16:47:18] buffer is less than 5, real size: 0
[2026-07-08 16:47:18] out while is working
[2026-07-08 16:47:18] buffer is less than 5, real size: 0
[2026-07-08 16:47:18] out while is working
[2026-07-08 16:47:18] buffer is less than 5, real size: 0
[2026-07-08 16:47:18] out while is working
[2026-07-08 16:47:18] buffer is less than 5, real size: 0
[2026-07-08 16:47:18] out while is working
[2026-07-08 16:47:18] buffer is less than 5, real size: 0
[2026-07-08 16:47:18] out while is working
[2026-07-08 16:47:18] buffer is less than 5, real size: 0
[2026-07-08 16:47:18] out while is working
[2026-07-08 16:47:18] buffer is less than 5, real size: 0
[2026-07-08 16:47:18] out while is working
[2026-07-08 16:47:18] buffer is less than 5, real size: 0
[2026-07-08 16:47:18] out while is working
[2026-07-08 16:47:18] buffer is less than 5, real size: 0
[2026-07-08 16:47:18] out while is working
[2026-07-08 16:47:18] buffer is less than 5, real size: 0
[2026-07-08 16:47:18] out while is working
[2026-07-08 16:47:18] buffer is less than 5, real size: 1
[2026-07-08 16:47:18] out while is working
[2026-07-08 16:47:18] data_length 14 iseq 200
[2026-07-08 16:47:18] begin switch_method
[2026-07-08 16:47:18] find command id514
[2026-07-08 16:47:18] data_length 17 iseq 201
[2026-07-08 16:47:18] buffer is less than sof_index + frame_length(26), buffer size: b'\xa5\x11\x00\xc9t\x01\x02\t\x01'
[2026-07-08 16:47:18] out while is working
[2026-07-08 16:47:18] data_length 17 iseq 201
[2026-07-08 16:47:18] buffer is less than sof_index + frame_length(26), buffer size: b'\xa5\x11\x00\xc9t\x01\x02\t\x01\x00'
[2026-07-08 16:47:18] out while is working
[2026-07-08 16:47:18] data_length 17 iseq 201
[2026-07-08 16:47:18] begin switch_method
[2026-07-08 16:47:18] find command id513
[2026-07-08 16:47:18] buffer is less than 5, real size: 0
[2026-07-08 16:47:18] out while is working
[2026-07-08 16:47:18] buffer is less than 5, real size: 0
[2026-07-08 16:47:18] out while is working
[2026-07-08 16:47:18] buffer is less than 5, real size: 0
[2026-07-08 16:47:18] out while is working
[2026-07-08 16:47:18] buffer is less than 5, real size: 0
[2026-07-08 16:47:18] out while is working
[2026-07-08 16:47:18] buffer is less than 5, real size: 0
[2026-07-08 16:47:18] out while is working
[2026-07-08 16:47:18] buffer is less than 5, real size: 0
[2026-07-08 16:47:18] out while is working
[2026-07-08 16:47:18] buffer is less than 5, real size: 0
[2026-07-08 16:47:18] out while is working
[2026-07-08 16:47:18] buffer is less than 5, real size: 0
[2026-07-08 16:47:18] out while is working
[2026-07-08 16:47:18] buffer is less than 5, real size: 0
[2026-07-08 16:47:18] out while is working
[2026-07-08 16:47:18] buffer is less than 5, real size: 0
[2026-07-08 16:47:18] out while is working
[2026-07-08 16:47:18] buffer is less than 5, real size: 1
[2026-07-08 16:47:18] out while is working
[2026-07-08 16:47:18] data_length 14 iseq 202
[2026-07-08 16:47:18] begin switch_method
[2026-07-08 16:47:18] find command id514
[2026-07-08 16:47:18] data_length 17 iseq 203
[2026-07-08 16:47:18] buffer is less than sof_index + frame_length(26), buffer size: b'\xa5\x11\x00\xcb\xc8\x01\x02\t\x01'
[2026-07-08 16:47:18] out while is working
[2026-07-08 16:47:18] data_length 17 iseq 203
[2026-07-08 16:47:18] buffer is less than sof_index + frame_length(26), buffer size: b'\xa5\x11\x00\xcb\xc8\x01\x02\t\x01\x00'
[2026-07-08 16:47:18] out while is working
[2026-07-08 16:47:18] data_length 17 iseq 203
[2026-07-08 16:47:18] begin switch_method
[2026-07-08 16:47:18] find command id513
[2026-07-08 16:47:18] buffer is less than 5, real size: 0
[2026-07-08 16:47:18] out while is working
[2026-07-08 16:47:18] buffer is less than 5, real size: 0
[2026-07-08 16:47:18] out while is working
[2026-07-08 16:47:18] buffer is less than 5, real size: 0
[2026-07-08 16:47:18] out while is working
[2026-07-08 16:47:18] buffer is less than 5, real size: 0
[2026-07-08 16:47:18] out while is working
[2026-07-08 16:47:18] buffer is less than 5, real size: 0
[2026-07-08 16:47:18] out while is working
[2026-07-08 16:47:18] buffer is less than 5, real size: 0
[2026-07-08 16:47:18] out while is working
[2026-07-08 16:47:18] buffer is less than 5, real size: 0
[2026-07-08 16:47:18] out while is working
[2026-07-08 16:47:18] buffer is less than 5, real size: 0
[2026-07-08 16:47:18] out while is working
[2026-07-08 16:47:18] buffer is less than 5, real size: 0
[2026-07-08 16:47:18] out while is working
[2026-07-08 16:47:18] buffer is less than 5, real size: 0
[2026-07-08 16:47:18] out while is working
[2026-07-08 16:47:18] buffer is less than 5, real size: 1
[2026-07-08 16:47:18] out while is working
[2026-07-08 16:47:18] data_length 14 iseq 204
[2026-07-08 16:47:18] begin switch_method
[2026-07-08 16:47:18] find command id514
[2026-07-08 16:47:18] data_length 17 iseq 205
[2026-07-08 16:47:18] buffer is less than sof_index + frame_length(26), buffer size: b'\xa5\x11\x00\xcd\x15\x01\x02\t\x01'
[2026-07-08 16:47:18] out while is working
[2026-07-08 16:47:18] data_length 17 iseq 205
[2026-07-08 16:47:18] buffer is less than sof_index + frame_length(26), buffer size: b'\xa5\x11\x00\xcd\x15\x01\x02\t\x01\x00'
[2026-07-08 16:47:18] out while is working
[2026-07-08 16:47:18] data_length 17 iseq 205
[2026-07-08 16:47:18] begin switch_method
[2026-07-08 16:47:18] find command id513
[2026-07-08 16:47:18] buffer is less than 5, real size: 0
[2026-07-08 16:47:18] out while is working
[2026-07-08 16:47:18] buffer is less than 5, real size: 0
[2026-07-08 16:47:18] out while is working
[2026-07-08 16:47:18] buffer is less than 5, real size: 0
[2026-07-08 16:47:18] out while is working
[2026-07-08 16:47:18] buffer is less than 5, real size: 0
[2026-07-08 16:47:18] out while is working
[2026-07-08 16:47:18] buffer is less than 5, real size: 0
[2026-07-08 16:47:18] out while is working
[2026-07-08 16:47:18] buffer is less than 5, real size: 0
[2026-07-08 16:47:18] out while is working
[2026-07-08 16:47:18] buffer is less than 5, real size: 0
[2026-07-08 16:47:18] out while is working
[2026-07-08 16:47:18] buffer is less than 5, real size: 0
[2026-07-08 16:47:18] out while is working
[2026-07-08 16:47:18] buffer is less than 5, real size: 0
[2026-07-08 16:47:18] out while is working
[2026-07-08 16:47:18] buffer is less than 5, real size: 0
[2026-07-08 16:47:18] out while is working
[2026-07-08 16:47:18] buffer is less than 5, real size: 1
[2026-07-08 16:47:18] out while is working
[2026-07-08 16:47:18] data_length 14 iseq 206
[2026-07-08 16:47:18] begin switch_method
[2026-07-08 16:47:18] find command id514
[2026-07-08 16:47:18] data_length 12 iseq 207
[2026-07-08 16:47:18] buffer is less than sof_index + frame_length(21), buffer size: b'\xa5\x0c\x00\xcf\xf3\x03\x02\x00\x00'
[2026-07-08 16:47:18] out while is working
[2026-07-08 16:47:18] data_length 12 iseq 207
[2026-07-08 16:47:18] buffer is less than sof_index + frame_length(21), buffer size: b'\xa5\x0c\x00\xcf\xf3\x03\x02\x00\x00\x00'
[2026-07-08 16:47:18] out while is working
[2026-07-08 16:47:18] data_length 12 iseq 207
[2026-07-08 16:47:18] begin switch_method
[2026-07-08 16:47:18] find command id515
[2026-07-08 16:47:18] data_length 17 iseq 208
[2026-07-08 16:47:18] buffer is less than sof_index + frame_length(26), buffer size: b'\xa5\x11\x00\xd0u\x01\x02\t\x01\x00\x00\x00\x00\x00\x00\x00\x00\x00\x00\x00'
[2026-07-08 16:47:18] out while is working
[2026-07-08 16:47:18] data_length 17 iseq 208
[2026-07-08 16:47:18] buffer is less than sof_index + frame_length(26), buffer size: b'\xa5\x11\x00\xd0u\x01\x02\t\x01\x00\x00\x00\x00\x00\x00\x00\x00\x00\x00\x00\x00'
[2026-07-08 16:47:18] out while is working
[2026-07-08 16:47:18] data_length 17 iseq 208
[2026-07-08 16:47:18] begin switch_method
[2026-07-08 16:47:18] find command id513
[2026-07-08 16:47:18] buffer is less than 5, real size: 0
[2026-07-08 16:47:18] out while is working
[2026-07-08 16:47:18] buffer is less than 5, real size: 0
[2026-07-08 16:47:18] out while is working
[2026-07-08 16:47:18] buffer is less than 5, real size: 0
[2026-07-08 16:47:18] out while is working
[2026-07-08 16:47:18] buffer is less than 5, real size: 0
[2026-07-08 16:47:18] out while is working
[2026-07-08 16:47:18] buffer is less than 5, real size: 0
[2026-07-08 16:47:18] out while is working
[2026-07-08 16:47:18] buffer is less than 5, real size: 0
[2026-07-08 16:47:18] out while is working
[2026-07-08 16:47:18] buffer is less than 5, real size: 0
[2026-07-08 16:47:18] out while is working
[2026-07-08 16:47:18] buffer is less than 5, real size: 0
[2026-07-08 16:47:18] out while is working
[2026-07-08 16:47:18] buffer is less than 5, real size: 0
[2026-07-08 16:47:18] out while is working
[2026-07-08 16:47:18] buffer is less than 5, real size: 0
[2026-07-08 16:47:18] out while is working
[2026-07-08 16:47:18] buffer is less than 5, real size: 1
[2026-07-08 16:47:18] out while is working
[2026-07-08 16:47:18] data_length 14 iseq 209
[2026-07-08 16:47:18] begin switch_method
[2026-07-08 16:47:18] find command id514
[2026-07-08 16:47:18] data_length 17 iseq 210
[2026-07-08 16:47:18] buffer is less than sof_index + frame_length(26), buffer size: b'\xa5\x11\x00\xd2\xc9\x01\x02\t\x01'
[2026-07-08 16:47:18] out while is working
[2026-07-08 16:47:18] data_length 17 iseq 210
[2026-07-08 16:47:18] buffer is less than sof_index + frame_length(26), buffer size: b'\xa5\x11\x00\xd2\xc9\x01\x02\t\x01\x00'
[2026-07-08 16:47:18] out while is working
[2026-07-08 16:47:18] data_length 17 iseq 210
[2026-07-08 16:47:18] begin switch_method
[2026-07-08 16:47:18] find command id513
[2026-07-08 16:47:18] buffer is less than 5, real size: 0
[2026-07-08 16:47:18] out while is working
[2026-07-08 16:47:18] buffer is less than 5, real size: 0
[2026-07-08 16:47:18] out while is working
[2026-07-08 16:47:18] buffer is less than 5, real size: 0
[2026-07-08 16:47:18] out while is working
[2026-07-08 16:47:18] buffer is less than 5, real size: 0
[2026-07-08 16:47:18] out while is working
[2026-07-08 16:47:18] buffer is less than 5, real size: 0
[2026-07-08 16:47:18] out while is working
[2026-07-08 16:47:18] buffer is less than 5, real size: 0
[2026-07-08 16:47:18] out while is working
[2026-07-08 16:47:18] buffer is less than 5, real size: 0
[2026-07-08 16:47:18] out while is working
[2026-07-08 16:47:18] buffer is less than 5, real size: 0
[2026-07-08 16:47:18] out while is working
[2026-07-08 16:47:18] buffer is less than 5, real size: 0
[2026-07-08 16:47:18] out while is working
[2026-07-08 16:47:18] buffer is less than 5, real size: 0
[2026-07-08 16:47:18] out while is working
[2026-07-08 16:47:18] buffer is less than 5, real size: 1
[2026-07-08 16:47:18] out while is working
[2026-07-08 16:47:18] data_length 14 iseq 211
[2026-07-08 16:47:18] begin switch_method
[2026-07-08 16:47:18] find command id514
[2026-07-08 16:47:18] data_length 17 iseq 212
[2026-07-08 16:47:18] buffer is less than sof_index + frame_length(26), buffer size: b'\xa5\x11\x00\xd4\x14\x01\x02\t\x01'
[2026-07-08 16:47:18] out while is working
[2026-07-08 16:47:18] data_length 17 iseq 212
[2026-07-08 16:47:18] buffer is less than sof_index + frame_length(26), buffer size: b'\xa5\x11\x00\xd4\x14\x01\x02\t\x01\x00'
[2026-07-08 16:47:18] out while is working
[2026-07-08 16:47:18] data_length 17 iseq 212
[2026-07-08 16:47:18] begin switch_method
[2026-07-08 16:47:18] find command id513
[2026-07-08 16:47:18] buffer is less than 5, real size: 0
[2026-07-08 16:47:18] out while is working
[2026-07-08 16:47:18] buffer is less than 5, real size: 0
[2026-07-08 16:47:18] out while is working
[2026-07-08 16:47:18] buffer is less than 5, real size: 0
[2026-07-08 16:47:18] out while is working
[2026-07-08 16:47:18] buffer is less than 5, real size: 0
[2026-07-08 16:47:18] out while is working
[2026-07-08 16:47:18] buffer is less than 5, real size: 0
[2026-07-08 16:47:18] out while is working
[2026-07-08 16:47:18] buffer is less than 5, real size: 0
[2026-07-08 16:47:18] out while is working
[2026-07-08 16:47:18] buffer is less than 5, real size: 0
[2026-07-08 16:47:18] out while is working
[2026-07-08 16:47:18] buffer is less than 5, real size: 0
[2026-07-08 16:47:18] out while is working
[2026-07-08 16:47:18] buffer is less than 5, real size: 0
[2026-07-08 16:47:18] out while is working
[2026-07-08 16:47:18] buffer is less than 5, real size: 0
[2026-07-08 16:47:18] out while is working
[2026-07-08 16:47:18] buffer is less than 5, real size: 1
[2026-07-08 16:47:18] out while is working
[2026-07-08 16:47:18] data_length 14 iseq 213
[2026-07-08 16:47:18] begin switch_method
[2026-07-08 16:47:18] find command id514
[2026-07-08 16:47:18] data_length 17 iseq 214
[2026-07-08 16:47:18] buffer is less than sof_index + frame_length(26), buffer size: b'\xa5\x11\x00\xd6\xa8\x01\x02\t\x01'
[2026-07-08 16:47:18] out while is working
[2026-07-08 16:47:18] data_length 17 iseq 214
[2026-07-08 16:47:18] buffer is less than sof_index + frame_length(26), buffer size: b'\xa5\x11\x00\xd6\xa8\x01\x02\t\x01\x00'
[2026-07-08 16:47:18] out while is working
[2026-07-08 16:47:18] data_length 17 iseq 214
[2026-07-08 16:47:18] begin switch_method
[2026-07-08 16:47:18] find command id513
[2026-07-08 16:47:18] buffer is less than 5, real size: 0
[2026-07-08 16:47:18] out while is working
[2026-07-08 16:47:18] buffer is less than 5, real size: 0
[2026-07-08 16:47:18] out while is working
[2026-07-08 16:47:19] buffer is less than 5, real size: 0
[2026-07-08 16:47:19] out while is working
[2026-07-08 16:47:19] buffer is less than 5, real size: 0
[2026-07-08 16:47:19] out while is working
[2026-07-08 16:47:19] buffer is less than 5, real size: 0
[2026-07-08 16:47:19] out while is working
[2026-07-08 16:47:19] buffer is less than 5, real size: 0
[2026-07-08 16:47:19] out while is working
[2026-07-08 16:47:19] buffer is less than 5, real size: 0
[2026-07-08 16:47:19] out while is working
[2026-07-08 16:47:19] buffer is less than 5, real size: 0
[2026-07-08 16:47:19] out while is working
[2026-07-08 16:47:19] buffer is less than 5, real size: 0
[2026-07-08 16:47:19] out while is working
[2026-07-08 16:47:19] buffer is less than 5, real size: 0
[2026-07-08 16:47:19] out while is working
[2026-07-08 16:47:19] buffer is less than 5, real size: 1
[2026-07-08 16:47:19] out while is working
[2026-07-08 16:47:19] data_length 14 iseq 215
[2026-07-08 16:47:19] begin switch_method
[2026-07-08 16:47:19] find command id514
[2026-07-08 16:47:19] data_length 17 iseq 216
[2026-07-08 16:47:19] buffer is less than sof_index + frame_length(26), buffer size: b'\xa5\x11\x00\xd8\xb7\x01\x02\t\x01'
[2026-07-08 16:47:19] out while is working
[2026-07-08 16:47:19] data_length 17 iseq 216
[2026-07-08 16:47:19] buffer is less than sof_index + frame_length(26), buffer size: b'\xa5\x11\x00\xd8\xb7\x01\x02\t\x01\x00'
[2026-07-08 16:47:19] out while is working
[2026-07-08 16:47:19] data_length 17 iseq 216
[2026-07-08 16:47:19] begin switch_method
[2026-07-08 16:47:19] find command id513
[2026-07-08 16:47:19] buffer is less than 5, real size: 0
[2026-07-08 16:47:19] out while is working
[2026-07-08 16:47:19] buffer is less than 5, real size: 0
[2026-07-08 16:47:19] out while is working
[2026-07-08 16:47:19] buffer is less than 5, real size: 0
[2026-07-08 16:47:19] out while is working
[2026-07-08 16:47:19] buffer is less than 5, real size: 0
[2026-07-08 16:47:19] out while is working
[2026-07-08 16:47:19] buffer is less than 5, real size: 0
[2026-07-08 16:47:19] out while is working
[2026-07-08 16:47:19] buffer is less than 5, real size: 0
[2026-07-08 16:47:19] out while is working
[2026-07-08 16:47:19] buffer is less than 5, real size: 0
[2026-07-08 16:47:19] out while is working
[2026-07-08 16:47:19] buffer is less than 5, real size: 0
[2026-07-08 16:47:19] out while is working
[2026-07-08 16:47:19] buffer is less than 5, real size: 0
[2026-07-08 16:47:19] out while is working
[2026-07-08 16:47:19] buffer is less than 5, real size: 0
[2026-07-08 16:47:19] out while is working
[2026-07-08 16:47:19] buffer is less than 5, real size: 1
[2026-07-08 16:47:19] out while is working
[2026-07-08 16:47:19] data_length 14 iseq 217
[2026-07-08 16:47:19] begin switch_method
[2026-07-08 16:47:19] find command id514
[2026-07-08 16:47:19] data_length 17 iseq 218
[2026-07-08 16:47:19] buffer is less than sof_index + frame_length(26), buffer size: b'\xa5\x11\x00\xda\x0b\x01\x02\t\x01'
[2026-07-08 16:47:19] out while is working
[2026-07-08 16:47:19] data_length 17 iseq 218
[2026-07-08 16:47:19] buffer is less than sof_index + frame_length(26), buffer size: b'\xa5\x11\x00\xda\x0b\x01\x02\t\x01\x00'
[2026-07-08 16:47:19] out while is working
[2026-07-08 16:47:19] data_length 17 iseq 218
[2026-07-08 16:47:19] begin switch_method
[2026-07-08 16:47:19] find command id513
[2026-07-08 16:47:19] buffer is less than 5, real size: 0
[2026-07-08 16:47:19] out while is working
[2026-07-08 16:47:19] buffer is less than 5, real size: 0
[2026-07-08 16:47:19] out while is working
[2026-07-08 16:47:19] buffer is less than 5, real size: 0
[2026-07-08 16:47:19] out while is working
[2026-07-08 16:47:19] buffer is less than 5, real size: 0
[2026-07-08 16:47:19] out while is working
[2026-07-08 16:47:19] buffer is less than 5, real size: 0
[2026-07-08 16:47:19] out while is working
[2026-07-08 16:47:19] buffer is less than 5, real size: 0
[2026-07-08 16:47:19] out while is working
[2026-07-08 16:47:19] buffer is less than 5, real size: 0
[2026-07-08 16:47:19] out while is working
[2026-07-08 16:47:19] buffer is less than 5, real size: 0
[2026-07-08 16:47:19] out while is working
[2026-07-08 16:47:19] buffer is less than 5, real size: 0
[2026-07-08 16:47:19] out while is working
[2026-07-08 16:47:19] buffer is less than 5, real size: 0
[2026-07-08 16:47:19] out while is working
[2026-07-08 16:47:19] buffer is less than 5, real size: 1
[2026-07-08 16:47:19] out while is working
[2026-07-08 16:47:19] data_length 14 iseq 219
[2026-07-08 16:47:19] begin switch_method
[2026-07-08 16:47:19] find command id514
[2026-07-08 16:47:19] data_length 17 iseq 220
[2026-07-08 16:47:19] buffer is less than sof_index + frame_length(26), buffer size: b'\xa5\x11\x00\xdc\xd6\x01\x02\t\x01'
[2026-07-08 16:47:19] out while is working
[2026-07-08 16:47:19] data_length 17 iseq 220
[2026-07-08 16:47:19] buffer is less than sof_index + frame_length(26), buffer size: b'\xa5\x11\x00\xdc\xd6\x01\x02\t\x01\x00'
[2026-07-08 16:47:19] out while is working
[2026-07-08 16:47:19] data_length 17 iseq 220
[2026-07-08 16:47:19] begin switch_method
[2026-07-08 16:47:19] find command id513
[2026-07-08 16:47:19] buffer is less than 5, real size: 0
[2026-07-08 16:47:19] out while is working
[2026-07-08 16:47:19] buffer is less than 5, real size: 0
[2026-07-08 16:47:19] out while is working
[2026-07-08 16:47:19] buffer is less than 5, real size: 0
[2026-07-08 16:47:19] out while is working
[2026-07-08 16:47:19] buffer is less than 5, real size: 0
[2026-07-08 16:47:19] out while is working
[2026-07-08 16:47:19] buffer is less than 5, real size: 0
[2026-07-08 16:47:19] out while is working
[2026-07-08 16:47:19] buffer is less than 5, real size: 0
[2026-07-08 16:47:19] out while is working
[2026-07-08 16:47:19] buffer is less than 5, real size: 0
[2026-07-08 16:47:19] out while is working
[2026-07-08 16:47:19] buffer is less than 5, real size: 0
[2026-07-08 16:47:19] out while is working
[2026-07-08 16:47:19] buffer is less than 5, real size: 0
[2026-07-08 16:47:19] out while is working
[2026-07-08 16:47:19] buffer is less than 5, real size: 0
[2026-07-08 16:47:19] out while is working
[2026-07-08 16:47:19] buffer is less than 5, real size: 1
[2026-07-08 16:47:19] out while is working
[2026-07-08 16:47:19] data_length 14 iseq 221
[2026-07-08 16:47:19] begin switch_method
[2026-07-08 16:47:19] find command id514
[2026-07-08 16:47:19] data_length 17 iseq 222
[2026-07-08 16:47:19] buffer is less than sof_index + frame_length(26), buffer size: b'\xa5\x11\x00\xdej\x01\x02\t\x01'
[2026-07-08 16:47:19] out while is working
[2026-07-08 16:47:19] data_length 17 iseq 222
[2026-07-08 16:47:19] buffer is less than sof_index + frame_length(26), buffer size: b'\xa5\x11\x00\xdej\x01\x02\t\x01\x00'
[2026-07-08 16:47:19] out while is working
[2026-07-08 16:47:19] data_length 17 iseq 222
[2026-07-08 16:47:19] begin switch_method
[2026-07-08 16:47:19] find command id513
[2026-07-08 16:47:19] buffer is less than 5, real size: 0
[2026-07-08 16:47:19] out while is working
[2026-07-08 16:47:19] buffer is less than 5, real size: 0
[2026-07-08 16:47:19] out while is working
[2026-07-08 16:47:19] buffer is less than 5, real size: 0
[2026-07-08 16:47:19] out while is working
[2026-07-08 16:47:19] buffer is less than 5, real size: 0
[2026-07-08 16:47:19] out while is working
[2026-07-08 16:47:19] buffer is less than 5, real size: 0
[2026-07-08 16:47:19] out while is working
[2026-07-08 16:47:19] buffer is less than 5, real size: 0
[2026-07-08 16:47:19] out while is working
[2026-07-08 16:47:19] buffer is less than 5, real size: 0
[2026-07-08 16:47:19] out while is working
[2026-07-08 16:47:19] buffer is less than 5, real size: 0
[2026-07-08 16:47:19] out while is working
[2026-07-08 16:47:19] buffer is less than 5, real size: 0
[2026-07-08 16:47:19] out while is working
[2026-07-08 16:47:19] buffer is less than 5, real size: 0
[2026-07-08 16:47:19] out while is working
[2026-07-08 16:47:19] buffer is less than 5, real size: 1
[2026-07-08 16:47:19] out while is working
[2026-07-08 16:47:19] data_length 14 iseq 223
[2026-07-08 16:47:19] begin switch_method
[2026-07-08 16:47:19] find command id514
[2026-07-08 16:47:19] data_length 17 iseq 224
[2026-07-08 16:47:19] buffer is less than sof_index + frame_length(26), buffer size: b'\xa5\x11\x00\xe0\xcb\x01\x02\t\x01'
[2026-07-08 16:47:19] out while is working
[2026-07-08 16:47:19] data_length 17 iseq 224
[2026-07-08 16:47:19] buffer is less than sof_index + frame_length(26), buffer size: b'\xa5\x11\x00\xe0\xcb\x01\x02\t\x01\x00'
[2026-07-08 16:47:19] out while is working
[2026-07-08 16:47:19] data_length 17 iseq 224
[2026-07-08 16:47:19] begin switch_method
[2026-07-08 16:47:19] find command id513
[2026-07-08 16:47:19] buffer is less than 5, real size: 0
[2026-07-08 16:47:19] out while is working
[2026-07-08 16:47:19] buffer is less than 5, real size: 0
[2026-07-08 16:47:19] out while is working
[2026-07-08 16:47:19] buffer is less than 5, real size: 0
[2026-07-08 16:47:19] out while is working
[2026-07-08 16:47:19] buffer is less than 5, real size: 0
[2026-07-08 16:47:19] out while is working
[2026-07-08 16:47:19] buffer is less than 5, real size: 0
[2026-07-08 16:47:19] out while is working
[2026-07-08 16:47:19] buffer is less than 5, real size: 0
[2026-07-08 16:47:19] out while is working
[2026-07-08 16:47:19] buffer is less than 5, real size: 0
[2026-07-08 16:47:19] out while is working
[2026-07-08 16:47:19] buffer is less than 5, real size: 0
[2026-07-08 16:47:19] out while is working
[2026-07-08 16:47:19] buffer is less than 5, real size: 0
[2026-07-08 16:47:19] out while is working
[2026-07-08 16:47:19] buffer is less than 5, real size: 0
[2026-07-08 16:47:19] out while is working
[2026-07-08 16:47:19] buffer is less than 5, real size: 1
[2026-07-08 16:47:19] out while is working
[2026-07-08 16:47:19] data_length 14 iseq 225
[2026-07-08 16:47:19] begin switch_method
[2026-07-08 16:47:19] find command id514
[2026-07-08 16:47:19] data_length 17 iseq 226
[2026-07-08 16:47:19] buffer is less than sof_index + frame_length(26), buffer size: b'\xa5\x11\x00\xe2w\x01\x02\t\x01'
[2026-07-08 16:47:19] out while is working
[2026-07-08 16:47:19] data_length 17 iseq 226
[2026-07-08 16:47:19] buffer is less than sof_index + frame_length(26), buffer size: b'\xa5\x11\x00\xe2w\x01\x02\t\x01\x00'
[2026-07-08 16:47:19] out while is working
[2026-07-08 16:47:19] data_length 17 iseq 226
[2026-07-08 16:47:19] begin switch_method
[2026-07-08 16:47:19] find command id513
[2026-07-08 16:47:19] buffer is less than 5, real size: 0
[2026-07-08 16:47:19] out while is working
[2026-07-08 16:47:19] buffer is less than 5, real size: 0
[2026-07-08 16:47:19] out while is working
[2026-07-08 16:47:19] buffer is less than 5, real size: 0
[2026-07-08 16:47:19] out while is working
[2026-07-08 16:47:19] buffer is less than 5, real size: 0
[2026-07-08 16:47:19] out while is working
[2026-07-08 16:47:19] buffer is less than 5, real size: 0
[2026-07-08 16:47:19] out while is working
[2026-07-08 16:47:19] buffer is less than 5, real size: 0
[2026-07-08 16:47:19] out while is working
[2026-07-08 16:47:19] buffer is less than 5, real size: 0
[2026-07-08 16:47:19] out while is working
[2026-07-08 16:47:19] buffer is less than 5, real size: 0
[2026-07-08 16:47:19] out while is working
[2026-07-08 16:47:19] buffer is less than 5, real size: 0
[2026-07-08 16:47:19] out while is working
[2026-07-08 16:47:19] buffer is less than 5, real size: 0
[2026-07-08 16:47:19] out while is working
[2026-07-08 16:47:19] buffer is less than 5, real size: 1
[2026-07-08 16:47:19] out while is working
[2026-07-08 16:47:19] data_length 14 iseq 227
[2026-07-08 16:47:19] begin switch_method
[2026-07-08 16:47:19] find command id514
[2026-07-08 16:47:19] data_length 12 iseq 228
[2026-07-08 16:47:19] buffer is less than sof_index + frame_length(21), buffer size: b'\xa5\x0c\x00\xe4\xf0\x03\x02\x00\x00'
[2026-07-08 16:47:19] out while is working
[2026-07-08 16:47:19] data_length 12 iseq 228
[2026-07-08 16:47:19] buffer is less than sof_index + frame_length(21), buffer size: b'\xa5\x0c\x00\xe4\xf0\x03\x02\x00\x00\x00'
[2026-07-08 16:47:19] out while is working
[2026-07-08 16:47:19] data_length 12 iseq 228
[2026-07-08 16:47:19] begin switch_method
[2026-07-08 16:47:19] find command id515
[2026-07-08 16:47:19] data_length 17 iseq 229
[2026-07-08 16:47:19] buffer is less than sof_index + frame_length(26), buffer size: b'\xa5\x11\x00\xe5\xf4\x01\x02\t\x01\x00\x00\x00\x00\x00\x00\x00\x00\x00\x00\x00'
[2026-07-08 16:47:19] out while is working
[2026-07-08 16:47:19] data_length 17 iseq 229
[2026-07-08 16:47:19] buffer is less than sof_index + frame_length(26), buffer size: b'\xa5\x11\x00\xe5\xf4\x01\x02\t\x01\x00\x00\x00\x00\x00\x00\x00\x00\x00\x00\x00\x00'
[2026-07-08 16:47:19] out while is working
[2026-07-08 16:47:19] data_length 17 iseq 229
[2026-07-08 16:47:19] begin switch_method
[2026-07-08 16:47:19] find command id513
[2026-07-08 16:47:19] buffer is less than 5, real size: 0
[2026-07-08 16:47:19] out while is working
[2026-07-08 16:47:19] buffer is less than 5, real size: 0
[2026-07-08 16:47:19] out while is working
[2026-07-08 16:47:19] buffer is less than 5, real size: 0
[2026-07-08 16:47:19] out while is working
[2026-07-08 16:47:19] buffer is less than 5, real size: 0
[2026-07-08 16:47:19] out while is working
[2026-07-08 16:47:19] buffer is less than 5, real size: 0
[2026-07-08 16:47:19] out while is working
[2026-07-08 16:47:19] buffer is less than 5, real size: 0
[2026-07-08 16:47:19] out while is working
[2026-07-08 16:47:19] buffer is less than 5, real size: 0
[2026-07-08 16:47:19] out while is working
[2026-07-08 16:47:19] buffer is less than 5, real size: 0
[2026-07-08 16:47:19] out while is working
[2026-07-08 16:47:19] buffer is less than 5, real size: 0
[2026-07-08 16:47:19] out while is working
[2026-07-08 16:47:19] buffer is less than 5, real size: 0
[2026-07-08 16:47:19] out while is working
[2026-07-08 16:47:19] buffer is less than 5, real size: 1
[2026-07-08 16:47:19] out while is working
[2026-07-08 16:47:19] data_length 14 iseq 230
[2026-07-08 16:47:19] begin switch_method
[2026-07-08 16:47:19] find command id514
[2026-07-08 16:47:19] data_length 17 iseq 231
[2026-07-08 16:47:19] buffer is less than sof_index + frame_length(26), buffer size: b'\xa5\x11\x00\xe7H\x01\x02\t\x01'
[2026-07-08 16:47:19] out while is working
[2026-07-08 16:47:19] data_length 17 iseq 231
[2026-07-08 16:47:19] buffer is less than sof_index + frame_length(26), buffer size: b'\xa5\x11\x00\xe7H\x01\x02\t\x01\x00'
[2026-07-08 16:47:19] out while is working
[2026-07-08 16:47:19] data_length 17 iseq 231
[2026-07-08 16:47:19] begin switch_method
[2026-07-08 16:47:19] find command id513
[2026-07-08 16:47:19] buffer is less than 5, real size: 0
[2026-07-08 16:47:19] out while is working
[2026-07-08 16:47:19] buffer is less than 5, real size: 0
[2026-07-08 16:47:19] out while is working
[2026-07-08 16:47:19] buffer is less than 5, real size: 0
[2026-07-08 16:47:19] out while is working
[2026-07-08 16:47:19] buffer is less than 5, real size: 0
[2026-07-08 16:47:19] out while is working
[2026-07-08 16:47:19] buffer is less than 5, real size: 0
[2026-07-08 16:47:19] out while is working
[2026-07-08 16:47:19] buffer is less than 5, real size: 0
[2026-07-08 16:47:19] out while is working
[2026-07-08 16:47:19] buffer is less than 5, real size: 0
[2026-07-08 16:47:19] out while is working
[2026-07-08 16:47:19] buffer is less than 5, real size: 0
[2026-07-08 16:47:19] out while is working
[2026-07-08 16:47:19] buffer is less than 5, real size: 0
[2026-07-08 16:47:19] out while is working
[2026-07-08 16:47:19] buffer is less than 5, real size: 0
[2026-07-08 16:47:19] out while is working
[2026-07-08 16:47:19] buffer is less than 5, real size: 1
[2026-07-08 16:47:19] out while is working
[2026-07-08 16:47:19] data_length 14 iseq 232
[2026-07-08 16:47:19] begin switch_method
[2026-07-08 16:47:19] find command id514
[2026-07-08 16:47:19] data_length 17 iseq 233
[2026-07-08 16:47:19] buffer is less than sof_index + frame_length(26), buffer size: b'\xa5\x11\x00\xe9W\x01\x02\t\x01'
[2026-07-08 16:47:19] out while is working
[2026-07-08 16:47:19] data_length 17 iseq 233
[2026-07-08 16:47:19] buffer is less than sof_index + frame_length(26), buffer size: b'\xa5\x11\x00\xe9W\x01\x02\t\x01\x00'
[2026-07-08 16:47:19] out while is working
[2026-07-08 16:47:19] data_length 17 iseq 233
[2026-07-08 16:47:19] begin switch_method
[2026-07-08 16:47:19] find command id513
[2026-07-08 16:47:19] buffer is less than 5, real size: 0
[2026-07-08 16:47:19] out while is working
[2026-07-08 16:47:19] buffer is less than 5, real size: 0
[2026-07-08 16:47:19] out while is working
[2026-07-08 16:47:19] buffer is less than 5, real size: 0
[2026-07-08 16:47:19] out while is working
[2026-07-08 16:47:19] buffer is less than 5, real size: 0
[2026-07-08 16:47:19] out while is working
[2026-07-08 16:47:19] buffer is less than 5, real size: 0
[2026-07-08 16:47:19] out while is working
[2026-07-08 16:47:19] buffer is less than 5, real size: 0
[2026-07-08 16:47:19] out while is working
[2026-07-08 16:47:19] buffer is less than 5, real size: 0
[2026-07-08 16:47:19] out while is working
[2026-07-08 16:47:19] buffer is less than 5, real size: 0
[2026-07-08 16:47:19] out while is working
[2026-07-08 16:47:19] buffer is less than 5, real size: 0
[2026-07-08 16:47:19] out while is working
[2026-07-08 16:47:20] buffer is less than 5, real size: 0
[2026-07-08 16:47:20] out while is working
[2026-07-08 16:47:20] buffer is less than 5, real size: 1
[2026-07-08 16:47:20] out while is working
[2026-07-08 16:47:20] data_length 14 iseq 234
[2026-07-08 16:47:20] begin switch_method
[2026-07-08 16:47:20] find command id514
[2026-07-08 16:47:20] data_length 17 iseq 235
[2026-07-08 16:47:20] buffer is less than sof_index + frame_length(26), buffer size: b'\xa5\x11\x00\xeb\xeb\x01\x02\t\x01'
[2026-07-08 16:47:20] out while is working
[2026-07-08 16:47:20] data_length 17 iseq 235
[2026-07-08 16:47:20] buffer is less than sof_index + frame_length(26), buffer size: b'\xa5\x11\x00\xeb\xeb\x01\x02\t\x01\x00'
[2026-07-08 16:47:20] out while is working
[2026-07-08 16:47:20] data_length 17 iseq 235
[2026-07-08 16:47:20] begin switch_method
[2026-07-08 16:47:20] find command id513
[2026-07-08 16:47:20] buffer is less than 5, real size: 0
[2026-07-08 16:47:20] out while is working
[2026-07-08 16:47:20] buffer is less than 5, real size: 0
[2026-07-08 16:47:20] out while is working
[2026-07-08 16:47:20] buffer is less than 5, real size: 0
[2026-07-08 16:47:20] out while is working
[2026-07-08 16:47:20] buffer is less than 5, real size: 0
[2026-07-08 16:47:20] out while is working
[2026-07-08 16:47:20] buffer is less than 5, real size: 0
[2026-07-08 16:47:20] out while is working
[2026-07-08 16:47:20] buffer is less than 5, real size: 0
[2026-07-08 16:47:20] out while is working
[2026-07-08 16:47:20] buffer is less than 5, real size: 0
[2026-07-08 16:47:20] out while is working
[2026-07-08 16:47:20] buffer is less than 5, real size: 0
[2026-07-08 16:47:20] out while is working
[2026-07-08 16:47:20] buffer is less than 5, real size: 0
[2026-07-08 16:47:20] out while is working
[2026-07-08 16:47:20] buffer is less than 5, real size: 0
[2026-07-08 16:47:20] out while is working
[2026-07-08 16:47:20] buffer is less than 5, real size: 1
[2026-07-08 16:47:20] out while is working
[2026-07-08 16:47:20] data_length 14 iseq 236
[2026-07-08 16:47:20] begin switch_method
[2026-07-08 16:47:20] find command id514
[2026-07-08 16:47:20] data_length 17 iseq 237
[2026-07-08 16:47:20] buffer is less than sof_index + frame_length(26), buffer size: b'\xa5\x11\x00\xed6\x01\x02\t\x01'
[2026-07-08 16:47:20] out while is working
[2026-07-08 16:47:20] data_length 17 iseq 237
[2026-07-08 16:47:20] buffer is less than sof_index + frame_length(26), buffer size: b'\xa5\x11\x00\xed6\x01\x02\t\x01\x00'
[2026-07-08 16:47:20] out while is working
[2026-07-08 16:47:20] data_length 17 iseq 237
[2026-07-08 16:47:20] begin switch_method
[2026-07-08 16:47:20] find command id513
[2026-07-08 16:47:20] buffer is less than 5, real size: 0
[2026-07-08 16:47:20] out while is working
[2026-07-08 16:47:20] buffer is less than 5, real size: 0
[2026-07-08 16:47:20] out while is working
[2026-07-08 16:47:20] buffer is less than 5, real size: 0
[2026-07-08 16:47:20] out while is working
[2026-07-08 16:47:20] buffer is less than 5, real size: 0
[2026-07-08 16:47:20] out while is working
[2026-07-08 16:47:20] buffer is less than 5, real size: 0
[2026-07-08 16:47:20] out while is working
[2026-07-08 16:47:20] buffer is less than 5, real size: 0
[2026-07-08 16:47:20] out while is working
[2026-07-08 16:47:20] buffer is less than 5, real size: 0
[2026-07-08 16:47:20] out while is working
[2026-07-08 16:47:20] buffer is less than 5, real size: 0
[2026-07-08 16:47:20] out while is working
[2026-07-08 16:47:20] buffer is less than 5, real size: 0
[2026-07-08 16:47:20] out while is working
[2026-07-08 16:47:20] buffer is less than 5, real size: 0
[2026-07-08 16:47:20] out while is working
[2026-07-08 16:47:20] buffer is less than 5, real size: 1
[2026-07-08 16:47:20] out while is working
[2026-07-08 16:47:20] data_length 14 iseq 238
[2026-07-08 16:47:20] begin switch_method
[2026-07-08 16:47:20] find command id514
[2026-07-08 16:47:20] data_length 17 iseq 239
[2026-07-08 16:47:20] buffer is less than sof_index + frame_length(26), buffer size: b'\xa5\x11\x00\xef\x8a\x01\x02\t\x01'
[2026-07-08 16:47:20] out while is working
[2026-07-08 16:47:20] data_length 17 iseq 239
[2026-07-08 16:47:20] buffer is less than sof_index + frame_length(26), buffer size: b'\xa5\x11\x00\xef\x8a\x01\x02\t\x01\x00'
[2026-07-08 16:47:20] out while is working
[2026-07-08 16:47:20] data_length 17 iseq 239
[2026-07-08 16:47:20] begin switch_method
[2026-07-08 16:47:20] find command id513
[2026-07-08 16:47:20] buffer is less than 5, real size: 0
[2026-07-08 16:47:20] out while is working
[2026-07-08 16:47:20] buffer is less than 5, real size: 0
[2026-07-08 16:47:20] out while is working
[2026-07-08 16:47:20] buffer is less than 5, real size: 0
[2026-07-08 16:47:20] out while is working
[2026-07-08 16:47:20] buffer is less than 5, real size: 0
[2026-07-08 16:47:20] out while is working
[2026-07-08 16:47:20] buffer is less than 5, real size: 0
[2026-07-08 16:47:20] out while is working
[2026-07-08 16:47:20] buffer is less than 5, real size: 0
[2026-07-08 16:47:20] out while is working
[2026-07-08 16:47:20] buffer is less than 5, real size: 0
[2026-07-08 16:47:20] out while is working
[2026-07-08 16:47:20] buffer is less than 5, real size: 0
[2026-07-08 16:47:20] out while is working
[2026-07-08 16:47:20] buffer is less than 5, real size: 0
[2026-07-08 16:47:20] out while is working
[2026-07-08 16:47:20] buffer is less than 5, real size: 0
[2026-07-08 16:47:20] out while is working
[2026-07-08 16:47:20] buffer is less than 5, real size: 1
[2026-07-08 16:47:20] out while is working
[2026-07-08 16:47:20] data_length 14 iseq 240
[2026-07-08 16:47:20] begin switch_method
[2026-07-08 16:47:20] find command id514
[2026-07-08 16:47:20] data_length 17 iseq 241
[2026-07-08 16:47:20] buffer is less than sof_index + frame_length(26), buffer size: b'\xa5\x11\x00\xf1\x08\x01\x02\t\x01'
[2026-07-08 16:47:20] out while is working
[2026-07-08 16:47:20] data_length 17 iseq 241
[2026-07-08 16:47:20] buffer is less than sof_index + frame_length(26), buffer size: b'\xa5\x11\x00\xf1\x08\x01\x02\t\x01\x00'
[2026-07-08 16:47:20] out while is working
[2026-07-08 16:47:20] data_length 17 iseq 241
[2026-07-08 16:47:20] begin switch_method
[2026-07-08 16:47:20] find command id513
[2026-07-08 16:47:20] buffer is less than 5, real size: 0
[2026-07-08 16:47:20] out while is working
[2026-07-08 16:47:20] buffer is less than 5, real size: 0
[2026-07-08 16:47:20] out while is working
[2026-07-08 16:47:20] buffer is less than 5, real size: 0
[2026-07-08 16:47:20] out while is working
[2026-07-08 16:47:20] buffer is less than 5, real size: 0
[2026-07-08 16:47:20] out while is working
[2026-07-08 16:47:20] buffer is less than 5, real size: 0
[2026-07-08 16:47:20] out while is working
[2026-07-08 16:47:20] buffer is less than 5, real size: 0
[2026-07-08 16:47:20] out while is working
[2026-07-08 16:47:20] buffer is less than 5, real size: 0
[2026-07-08 16:47:20] out while is working
[2026-07-08 16:47:20] buffer is less than 5, real size: 0
[2026-07-08 16:47:20] out while is working
[2026-07-08 16:47:20] buffer is less than 5, real size: 0
[2026-07-08 16:47:20] out while is working
[2026-07-08 16:47:20] buffer is less than 5, real size: 0
[2026-07-08 16:47:20] out while is working
[2026-07-08 16:47:20] buffer is less than 5, real size: 1
[2026-07-08 16:47:20] out while is working
[2026-07-08 16:47:20] data_length 14 iseq 242
[2026-07-08 16:47:20] begin switch_method
[2026-07-08 16:47:20] find command id514
[2026-07-08 16:47:20] data_length 17 iseq 243
[2026-07-08 16:47:20] buffer is less than sof_index + frame_length(26), buffer size: b'\xa5\x11\x00\xf3\xb4\x01\x02\t\x01'
[2026-07-08 16:47:20] out while is working
[2026-07-08 16:47:20] data_length 17 iseq 243
[2026-07-08 16:47:20] buffer is less than sof_index + frame_length(26), buffer size: b'\xa5\x11\x00\xf3\xb4\x01\x02\t\x01\x00'
[2026-07-08 16:47:20] out while is working
[2026-07-08 16:47:20] data_length 17 iseq 243
[2026-07-08 16:47:20] begin switch_method
[2026-07-08 16:47:20] find command id513
[2026-07-08 16:47:20] buffer is less than 5, real size: 0
[2026-07-08 16:47:20] out while is working
[2026-07-08 16:47:20] buffer is less than 5, real size: 0
[2026-07-08 16:47:20] out while is working
[2026-07-08 16:47:20] buffer is less than 5, real size: 0
[2026-07-08 16:47:20] out while is working
[2026-07-08 16:47:20] buffer is less than 5, real size: 0
[2026-07-08 16:47:20] out while is working
[2026-07-08 16:47:20] buffer is less than 5, real size: 0
[2026-07-08 16:47:20] out while is working
[2026-07-08 16:47:20] buffer is less than 5, real size: 0
[2026-07-08 16:47:20] out while is working
[2026-07-08 16:47:20] buffer is less than 5, real size: 0
[2026-07-08 16:47:20] out while is working
[2026-07-08 16:47:20] buffer is less than 5, real size: 0
[2026-07-08 16:47:20] out while is working
[2026-07-08 16:47:20] buffer is less than 5, real size: 0
[2026-07-08 16:47:20] out while is working
[2026-07-08 16:47:20] buffer is less than 5, real size: 0
[2026-07-08 16:47:20] out while is working
[2026-07-08 16:47:20] buffer is less than 5, real size: 1
[2026-07-08 16:47:20] out while is working
[2026-07-08 16:47:20] data_length 14 iseq 244
[2026-07-08 16:47:20] begin switch_method
[2026-07-08 16:47:20] find command id514
[2026-07-08 16:47:20] data_length 17 iseq 245
[2026-07-08 16:47:20] buffer is less than sof_index + frame_length(26), buffer size: b'\xa5\x11\x00\xf5i\x01\x02\t\x01'
[2026-07-08 16:47:20] out while is working
[2026-07-08 16:47:20] data_length 17 iseq 245
[2026-07-08 16:47:20] buffer is less than sof_index + frame_length(26), buffer size: b'\xa5\x11\x00\xf5i\x01\x02\t\x01\x00'
[2026-07-08 16:47:20] out while is working
[2026-07-08 16:47:20] data_length 17 iseq 245
[2026-07-08 16:47:20] begin switch_method
[2026-07-08 16:47:20] find command id513
[2026-07-08 16:47:20] buffer is less than 5, real size: 0
[2026-07-08 16:47:20] out while is working
[2026-07-08 16:47:20] buffer is less than 5, real size: 0
[2026-07-08 16:47:20] out while is working
[2026-07-08 16:47:20] buffer is less than 5, real size: 0
[2026-07-08 16:47:20] out while is working
[2026-07-08 16:47:20] buffer is less than 5, real size: 0
[2026-07-08 16:47:20] out while is working
[2026-07-08 16:47:20] buffer is less than 5, real size: 0
[2026-07-08 16:47:20] out while is working
[2026-07-08 16:47:20] buffer is less than 5, real size: 0
[2026-07-08 16:47:20] out while is working
[2026-07-08 16:47:20] buffer is less than 5, real size: 0
[2026-07-08 16:47:20] out while is working
[2026-07-08 16:47:20] buffer is less than 5, real size: 0
[2026-07-08 16:47:20] out while is working
[2026-07-08 16:47:20] buffer is less than 5, real size: 0
[2026-07-08 16:47:20] out while is working
[2026-07-08 16:47:20] buffer is less than 5, real size: 0
[2026-07-08 16:47:20] out while is working
[2026-07-08 16:47:20] buffer is less than 5, real size: 1
[2026-07-08 16:47:20] out while is working
[2026-07-08 16:47:20] data_length 14 iseq 246
[2026-07-08 16:47:20] begin switch_method
[2026-07-08 16:47:20] find command id514
[2026-07-08 16:47:20] data_length 17 iseq 247
[2026-07-08 16:47:20] buffer is less than sof_index + frame_length(26), buffer size: b'\xa5\x11\x00\xf7\xd5\x01\x02\t\x01'
[2026-07-08 16:47:20] out while is working
[2026-07-08 16:47:20] data_length 17 iseq 247
[2026-07-08 16:47:20] buffer is less than sof_index + frame_length(26), buffer size: b'\xa5\x11\x00\xf7\xd5\x01\x02\t\x01\x00'
[2026-07-08 16:47:20] out while is working
[2026-07-08 16:47:20] data_length 17 iseq 247
[2026-07-08 16:47:20] begin switch_method
[2026-07-08 16:47:20] find command id513
[2026-07-08 16:47:20] buffer is less than 5, real size: 0
[2026-07-08 16:47:20] out while is working
[2026-07-08 16:47:20] buffer is less than 5, real size: 0
[2026-07-08 16:47:20] out while is working
[2026-07-08 16:47:20] buffer is less than 5, real size: 0
[2026-07-08 16:47:20] out while is working
[2026-07-08 16:47:20] buffer is less than 5, real size: 0
[2026-07-08 16:47:20] out while is working
[2026-07-08 16:47:20] buffer is less than 5, real size: 0
[2026-07-08 16:47:20] out while is working
[2026-07-08 16:47:20] buffer is less than 5, real size: 0
[2026-07-08 16:47:20] out while is working
[2026-07-08 16:47:20] buffer is less than 5, real size: 0
[2026-07-08 16:47:20] out while is working
[2026-07-08 16:47:20] buffer is less than 5, real size: 0
[2026-07-08 16:47:20] out while is working
[2026-07-08 16:47:20] buffer is less than 5, real size: 0
[2026-07-08 16:47:20] out while is working
[2026-07-08 16:47:20] buffer is less than 5, real size: 0
[2026-07-08 16:47:20] out while is working
[2026-07-08 16:47:20] buffer is less than 5, real size: 1
[2026-07-08 16:47:20] out while is working
[2026-07-08 16:47:20] data_length 14 iseq 248
[2026-07-08 16:47:20] begin switch_method
[2026-07-08 16:47:20] find command id514
[2026-07-08 16:47:20] data_length 12 iseq 249
[2026-07-08 16:47:20] buffer is less than sof_index + frame_length(21), buffer size: b'\xa5\x0c\x00\xf9\x90\x03\x02\x00\x00'
[2026-07-08 16:47:20] out while is working
[2026-07-08 16:47:20] data_length 12 iseq 249
[2026-07-08 16:47:20] buffer is less than sof_index + frame_length(21), buffer size: b'\xa5\x0c\x00\xf9\x90\x03\x02\x00\x00\x00'
[2026-07-08 16:47:20] out while is working
[2026-07-08 16:47:20] data_length 12 iseq 249
[2026-07-08 16:47:20] begin switch_method
[2026-07-08 16:47:20] find command id515
[2026-07-08 16:47:20] data_length 17 iseq 250
[2026-07-08 16:47:20] buffer is less than sof_index + frame_length(26), buffer size: b'\xa5\x11\x00\xfa(\x01\x02\t\x01\x00\x00\x00\x00\x00\x00\x00\x00\x00\x00\x00'
[2026-07-08 16:47:20] out while is working
[2026-07-08 16:47:20] data_length 17 iseq 250
[2026-07-08 16:47:20] buffer is less than sof_index + frame_length(26), buffer size: b'\xa5\x11\x00\xfa(\x01\x02\t\x01\x00\x00\x00\x00\x00\x00\x00\x00\x00\x00\x00\x00'
[2026-07-08 16:47:20] out while is working
[2026-07-08 16:47:20] data_length 17 iseq 250
[2026-07-08 16:47:20] begin switch_method
[2026-07-08 16:47:20] find command id513
[2026-07-08 16:47:20] buffer is less than 5, real size: 0
[2026-07-08 16:47:20] out while is working
[2026-07-08 16:47:20] buffer is less than 5, real size: 0
[2026-07-08 16:47:20] out while is working
[2026-07-08 16:47:20] buffer is less than 5, real size: 0
[2026-07-08 16:47:20] out while is working
[2026-07-08 16:47:20] buffer is less than 5, real size: 0
[2026-07-08 16:47:20] out while is working
[2026-07-08 16:47:20] buffer is less than 5, real size: 0
[2026-07-08 16:47:20] out while is working
[2026-07-08 16:47:20] buffer is less than 5, real size: 0
[2026-07-08 16:47:20] out while is working
[2026-07-08 16:47:20] buffer is less than 5, real size: 0
[2026-07-08 16:47:20] out while is working
[2026-07-08 16:47:20] buffer is less than 5, real size: 0
[2026-07-08 16:47:20] out while is working
[2026-07-08 16:47:20] buffer is less than 5, real size: 0
[2026-07-08 16:47:20] out while is working
[2026-07-08 16:47:20] buffer is less than 5, real size: 0
[2026-07-08 16:47:20] out while is working
[2026-07-08 16:47:20] buffer is less than 5, real size: 1
[2026-07-08 16:47:20] out while is working
[2026-07-08 16:47:20] data_length 14 iseq 251
[2026-07-08 16:47:20] begin switch_method
[2026-07-08 16:47:20] find command id514
[2026-07-08 16:47:20] data_length 17 iseq 252
[2026-07-08 16:47:20] buffer is less than sof_index + frame_length(26), buffer size: b'\xa5\x11\x00\xfc\xf5\x01\x02\t\x01'
[2026-07-08 16:47:20] out while is working
[2026-07-08 16:47:20] data_length 17 iseq 252
[2026-07-08 16:47:20] buffer is less than sof_index + frame_length(26), buffer size: b'\xa5\x11\x00\xfc\xf5\x01\x02\t\x01\x00'
[2026-07-08 16:47:20] out while is working
[2026-07-08 16:47:20] data_length 17 iseq 252
[2026-07-08 16:47:20] begin switch_method
[2026-07-08 16:47:20] find command id513
[2026-07-08 16:47:20] buffer is less than 5, real size: 0
[2026-07-08 16:47:20] out while is working
[2026-07-08 16:47:20] buffer is less than 5, real size: 0
[2026-07-08 16:47:20] out while is working
[2026-07-08 16:47:20] buffer is less than 5, real size: 0
[2026-07-08 16:47:20] out while is working
[2026-07-08 16:47:20] buffer is less than 5, real size: 0
[2026-07-08 16:47:20] out while is working
[2026-07-08 16:47:20] buffer is less than 5, real size: 0
[2026-07-08 16:47:20] out while is working
[2026-07-08 16:47:20] buffer is less than 5, real size: 0
[2026-07-08 16:47:20] out while is working
[2026-07-08 16:47:20] buffer is less than 5, real size: 0
[2026-07-08 16:47:20] out while is working
[2026-07-08 16:47:20] buffer is less than 5, real size: 0
[2026-07-08 16:47:20] out while is working
[2026-07-08 16:47:20] buffer is less than 5, real size: 0
[2026-07-08 16:47:20] out while is working
[2026-07-08 16:47:20] buffer is less than 5, real size: 0
[2026-07-08 16:47:20] out while is working
[2026-07-08 16:47:20] buffer is less than 5, real size: 1
[2026-07-08 16:47:20] out while is working
[2026-07-08 16:47:20] data_length 14 iseq 253
[2026-07-08 16:47:20] begin switch_method
[2026-07-08 16:47:20] find command id514
[2026-07-08 16:47:20] data_length 17 iseq 254
[2026-07-08 16:47:20] buffer is less than sof_index + frame_length(26), buffer size: b'\xa5\x11\x00\xfeI\x01\x02\t\x01'
[2026-07-08 16:47:20] out while is working
[2026-07-08 16:47:20] data_length 17 iseq 254
[2026-07-08 16:47:20] buffer is less than sof_index + frame_length(26), buffer size: b'\xa5\x11\x00\xfeI\x01\x02\t\x01\x00'
[2026-07-08 16:47:20] out while is working
[2026-07-08 16:47:20] data_length 17 iseq 254
[2026-07-08 16:47:20] begin switch_method
[2026-07-08 16:47:20] find command id513
[2026-07-08 16:47:20] buffer is less than 5, real size: 0
[2026-07-08 16:47:20] out while is working
[2026-07-08 16:47:20] buffer is less than 5, real size: 0
[2026-07-08 16:47:20] out while is working
[2026-07-08 16:47:20] buffer is less than 5, real size: 0
[2026-07-08 16:47:20] out while is working
[2026-07-08 16:47:20] buffer is less than 5, real size: 0
[2026-07-08 16:47:20] out while is working
[2026-07-08 16:47:20] buffer is less than 5, real size: 0
[2026-07-08 16:47:20] out while is working
[2026-07-08 16:47:20] buffer is less than 5, real size: 0
[2026-07-08 16:47:20] out while is working
[2026-07-08 16:47:21] buffer is less than 5, real size: 0
[2026-07-08 16:47:21] out while is working
[2026-07-08 16:47:21] buffer is less than 5, real size: 0
[2026-07-08 16:47:21] out while is working
[2026-07-08 16:47:21] buffer is less than 5, real size: 0
[2026-07-08 16:47:21] out while is working
[2026-07-08 16:47:21] buffer is less than 5, real size: 0
[2026-07-08 16:47:21] out while is working
[2026-07-08 16:47:21] buffer is less than 5, real size: 0
[2026-07-08 16:47:21] out while is working
[2026-07-08 16:47:21] buffer is less than 5, real size: 1
[2026-07-08 16:47:21] out while is working
[2026-07-08 16:47:21] data_length 14 iseq 255
[2026-07-08 16:47:21] begin switch_method
[2026-07-08 16:47:21] find command id514
[2026-07-08 16:47:21] data_length 17 iseq 0
[2026-07-08 16:47:21] buffer is less than sof_index + frame_length(26), buffer size: b'\xa5\x11\x00\x00"\x01\x02\t\x01'
[2026-07-08 16:47:21] out while is working
[2026-07-08 16:47:21] data_length 17 iseq 0
[2026-07-08 16:47:21] buffer is less than sof_index + frame_length(26), buffer size: b'\xa5\x11\x00\x00"\x01\x02\t\x01\x00'
[2026-07-08 16:47:21] out while is working
[2026-07-08 16:47:21] data_length 17 iseq 0
[2026-07-08 16:47:21] begin switch_method
[2026-07-08 16:47:21] find command id513
[2026-07-08 16:47:21] buffer is less than 5, real size: 0
[2026-07-08 16:47:21] out while is working
[2026-07-08 16:47:21] buffer is less than 5, real size: 0
[2026-07-08 16:47:21] out while is working
[2026-07-08 16:47:21] buffer is less than 5, real size: 0
[2026-07-08 16:47:21] out while is working
[2026-07-08 16:47:21] buffer is less than 5, real size: 0
[2026-07-08 16:47:21] out while is working
[2026-07-08 16:47:21] buffer is less than 5, real size: 0
[2026-07-08 16:47:21] out while is working
[2026-07-08 16:47:21] buffer is less than 5, real size: 0
[2026-07-08 16:47:21] out while is working
[2026-07-08 16:47:21] buffer is less than 5, real size: 0
[2026-07-08 16:47:21] out while is working
[2026-07-08 16:47:21] buffer is less than 5, real size: 0
[2026-07-08 16:47:21] out while is working
[2026-07-08 16:47:21] buffer is less than 5, real size: 0
[2026-07-08 16:47:21] out while is working
[2026-07-08 16:47:21] buffer is less than 5, real size: 0
[2026-07-08 16:47:21] out while is working
[2026-07-08 16:47:21] buffer is less than 5, real size: 1
[2026-07-08 16:47:21] out while is working
[2026-07-08 16:47:21] data_length 14 iseq 1
[2026-07-08 16:47:21] begin switch_method
[2026-07-08 16:47:21] find command id514
[2026-07-08 16:47:21] data_length 17 iseq 2
[2026-07-08 16:47:21] buffer is less than sof_index + frame_length(26), buffer size: b'\xa5\x11\x00\x02\x9e\x01\x02\t\x01'
[2026-07-08 16:47:21] out while is working
[2026-07-08 16:47:21] data_length 17 iseq 2
[2026-07-08 16:47:21] buffer is less than sof_index + frame_length(26), buffer size: b'\xa5\x11\x00\x02\x9e\x01\x02\t\x01\x00'
[2026-07-08 16:47:21] out while is working
[2026-07-08 16:47:21] data_length 17 iseq 2
[2026-07-08 16:47:21] begin switch_method
[2026-07-08 16:47:21] find command id513
[2026-07-08 16:47:21] buffer is less than 5, real size: 0
[2026-07-08 16:47:21] out while is working
[2026-07-08 16:47:21] buffer is less than 5, real size: 0
[2026-07-08 16:47:21] out while is working
[2026-07-08 16:47:21] buffer is less than 5, real size: 0
[2026-07-08 16:47:21] out while is working
[2026-07-08 16:47:21] buffer is less than 5, real size: 0
[2026-07-08 16:47:21] out while is working
[2026-07-08 16:47:21] buffer is less than 5, real size: 0
[2026-07-08 16:47:21] out while is working
[2026-07-08 16:47:21] buffer is less than 5, real size: 0
[2026-07-08 16:47:21] out while is working
[2026-07-08 16:47:21] buffer is less than 5, real size: 0
[2026-07-08 16:47:21] out while is working
[2026-07-08 16:47:21] buffer is less than 5, real size: 0
[2026-07-08 16:47:21] out while is working
[2026-07-08 16:47:21] buffer is less than 5, real size: 0
[2026-07-08 16:47:21] out while is working
[2026-07-08 16:47:21] buffer is less than 5, real size: 0
[2026-07-08 16:47:21] out while is working
[2026-07-08 16:47:21] buffer is less than 5, real size: 1
[2026-07-08 16:47:21] out while is working
[2026-07-08 16:47:21] data_length 14 iseq 3
[2026-07-08 16:47:21] begin switch_method
[2026-07-08 16:47:21] find command id514
[2026-07-08 16:47:21] data_length 17 iseq 4
[2026-07-08 16:47:21] buffer is less than sof_index + frame_length(26), buffer size: b'\xa5\x11\x00\x04C\x01\x02\t\x01'
[2026-07-08 16:47:21] out while is working
[2026-07-08 16:47:21] data_length 17 iseq 4
[2026-07-08 16:47:21] buffer is less than sof_index + frame_length(26), buffer size: b'\xa5\x11\x00\x04C\x01\x02\t\x01\x00'
[2026-07-08 16:47:21] out while is working
[2026-07-08 16:47:21] data_length 17 iseq 4
[2026-07-08 16:47:21] begin switch_method
[2026-07-08 16:47:21] find command id513
[2026-07-08 16:47:21] buffer is less than 5, real size: 0
[2026-07-08 16:47:21] out while is working
[2026-07-08 16:47:21] buffer is less than 5, real size: 0
[2026-07-08 16:47:21] out while is working
[2026-07-08 16:47:21] buffer is less than 5, real size: 0
[2026-07-08 16:47:21] out while is working
[2026-07-08 16:47:21] buffer is less than 5, real size: 0
[2026-07-08 16:47:21] out while is working
[2026-07-08 16:47:21] buffer is less than 5, real size: 0
[2026-07-08 16:47:21] out while is working
[2026-07-08 16:47:21] buffer is less than 5, real size: 0
[2026-07-08 16:47:21] out while is working
[2026-07-08 16:47:21] buffer is less than 5, real size: 0
[2026-07-08 16:47:21] out while is working
[2026-07-08 16:47:21] buffer is less than 5, real size: 0
[2026-07-08 16:47:21] out while is working
[2026-07-08 16:47:21] buffer is less than 5, real size: 0
[2026-07-08 16:47:21] out while is working
[2026-07-08 16:47:21] buffer is less than 5, real size: 0
[2026-07-08 16:47:21] out while is working
[2026-07-08 16:47:21] buffer is less than 5, real size: 0
[2026-07-08 16:47:21] out while is working
[2026-07-08 16:47:21] buffer is less than 5, real size: 1
[2026-07-08 16:47:21] out while is working
[2026-07-08 16:47:21] data_length 14 iseq 5
[2026-07-08 16:47:21] begin switch_method
[2026-07-08 16:47:21] find command id514
[2026-07-08 16:47:21] data_length 17 iseq 6
[2026-07-08 16:47:21] buffer is less than sof_index + frame_length(26), buffer size: b'\xa5\x11\x00\x06\xff\x01\x02\t\x01'
[2026-07-08 16:47:21] out while is working
[2026-07-08 16:47:21] data_length 17 iseq 6
[2026-07-08 16:47:21] buffer is less than sof_index + frame_length(26), buffer size: b'\xa5\x11\x00\x06\xff\x01\x02\t\x01\x00'
[2026-07-08 16:47:21] out while is working
[2026-07-08 16:47:21] data_length 17 iseq 6
[2026-07-08 16:47:21] begin switch_method
[2026-07-08 16:47:21] find command id513
[2026-07-08 16:47:21] buffer is less than 5, real size: 0
[2026-07-08 16:47:21] out while is working
[2026-07-08 16:47:21] buffer is less than 5, real size: 0
[2026-07-08 16:47:21] out while is working
[2026-07-08 16:47:21] buffer is less than 5, real size: 0
[2026-07-08 16:47:21] out while is working
[2026-07-08 16:47:21] buffer is less than 5, real size: 0
[2026-07-08 16:47:21] out while is working
[2026-07-08 16:47:21] buffer is less than 5, real size: 0
[2026-07-08 16:47:21] out while is working
[2026-07-08 16:47:21] buffer is less than 5, real size: 0
[2026-07-08 16:47:21] out while is working
[2026-07-08 16:47:21] buffer is less than 5, real size: 0
[2026-07-08 16:47:21] out while is working
[2026-07-08 16:47:21] buffer is less than 5, real size: 0
[2026-07-08 16:47:21] out while is working
[2026-07-08 16:47:21] buffer is less than 5, real size: 0
[2026-07-08 16:47:21] out while is working
[2026-07-08 16:47:21] buffer is less than 5, real size: 0
[2026-07-08 16:47:21] out while is working
[2026-07-08 16:47:21] buffer is less than 5, real size: 1
[2026-07-08 16:47:21] out while is working
[2026-07-08 16:47:21] data_length 14 iseq 7
[2026-07-08 16:47:21] begin switch_method
[2026-07-08 16:47:21] find command id514
[2026-07-08 16:47:21] data_length 17 iseq 8
[2026-07-08 16:47:21] buffer is less than sof_index + frame_length(26), buffer size: b'\xa5\x11\x00\x08\xe0\x01\x02\t\x01'
[2026-07-08 16:47:21] out while is working
[2026-07-08 16:47:21] data_length 17 iseq 8
[2026-07-08 16:47:21] buffer is less than sof_index + frame_length(26), buffer size: b'\xa5\x11\x00\x08\xe0\x01\x02\t\x01\x00'
[2026-07-08 16:47:21] out while is working
[2026-07-08 16:47:21] data_length 17 iseq 8
[2026-07-08 16:47:21] begin switch_method
[2026-07-08 16:47:21] find command id513
[2026-07-08 16:47:21] buffer is less than 5, real size: 0
[2026-07-08 16:47:21] out while is working
[2026-07-08 16:47:21] buffer is less than 5, real size: 0
[2026-07-08 16:47:21] out while is working
[2026-07-08 16:47:21] buffer is less than 5, real size: 0
[2026-07-08 16:47:21] out while is working
[2026-07-08 16:47:21] buffer is less than 5, real size: 0
[2026-07-08 16:47:21] out while is working
[2026-07-08 16:47:21] buffer is less than 5, real size: 0
[2026-07-08 16:47:21] out while is working
[2026-07-08 16:47:21] buffer is less than 5, real size: 0
[2026-07-08 16:47:21] out while is working
[2026-07-08 16:47:21] buffer is less than 5, real size: 0
[2026-07-08 16:47:21] out while is working
[2026-07-08 16:47:21] buffer is less than 5, real size: 0
[2026-07-08 16:47:21] out while is working
[2026-07-08 16:47:21] buffer is less than 5, real size: 0
[2026-07-08 16:47:21] out while is working
[2026-07-08 16:47:21] buffer is less than 5, real size: 0
[2026-07-08 16:47:21] out while is working
[2026-07-08 16:47:21] buffer is less than 5, real size: 1
[2026-07-08 16:47:21] out while is working
[2026-07-08 16:47:21] data_length 14 iseq 9
[2026-07-08 16:47:21] begin switch_method
[2026-07-08 16:47:21] find command id514
[2026-07-08 16:47:21] data_length 17 iseq 10
[2026-07-08 16:47:21] buffer is less than sof_index + frame_length(26), buffer size: b'\xa5\x11\x00\n\\\x01\x02\t\x01'
[2026-07-08 16:47:21] out while is working
[2026-07-08 16:47:21] data_length 17 iseq 10
[2026-07-08 16:47:21] buffer is less than sof_index + frame_length(26), buffer size: b'\xa5\x11\x00\n\\\x01\x02\t\x01\x00'
[2026-07-08 16:47:21] out while is working
[2026-07-08 16:47:21] data_length 17 iseq 10
[2026-07-08 16:47:21] begin switch_method
[2026-07-08 16:47:21] find command id513
[2026-07-08 16:47:21] buffer is less than 5, real size: 0
[2026-07-08 16:47:21] out while is working
[2026-07-08 16:47:21] buffer is less than 5, real size: 0
[2026-07-08 16:47:21] out while is working
[2026-07-08 16:47:21] buffer is less than 5, real size: 0
[2026-07-08 16:47:21] out while is working
[2026-07-08 16:47:21] buffer is less than 5, real size: 0
[2026-07-08 16:47:21] out while is working
[2026-07-08 16:47:21] buffer is less than 5, real size: 0
[2026-07-08 16:47:21] out while is working
[2026-07-08 16:47:21] buffer is less than 5, real size: 0
[2026-07-08 16:47:21] out while is working
[2026-07-08 16:47:21] buffer is less than 5, real size: 0
[2026-07-08 16:47:21] out while is working
[2026-07-08 16:47:21] buffer is less than 5, real size: 0
[2026-07-08 16:47:21] out while is working
[2026-07-08 16:47:21] buffer is less than 5, real size: 0
[2026-07-08 16:47:21] out while is working
[2026-07-08 16:47:21] buffer is less than 5, real size: 0
[2026-07-08 16:47:21] out while is working
[2026-07-08 16:47:21] buffer is less than 5, real size: 1
[2026-07-08 16:47:21] out while is working
[2026-07-08 16:47:21] data_length 14 iseq 11
[2026-07-08 16:47:21] begin switch_method
[2026-07-08 16:47:21] find command id514
[2026-07-08 16:47:21] data_length 17 iseq 12
[2026-07-08 16:47:21] buffer is less than sof_index + frame_length(26), buffer size: b'\xa5\x11\x00\x0c\x81\x01\x02\t\x01'
[2026-07-08 16:47:21] out while is working
[2026-07-08 16:47:21] data_length 17 iseq 12
[2026-07-08 16:47:21] buffer is less than sof_index + frame_length(26), buffer size: b'\xa5\x11\x00\x0c\x81\x01\x02\t\x01\x00'
[2026-07-08 16:47:21] out while is working
[2026-07-08 16:47:21] data_length 17 iseq 12
[2026-07-08 16:47:21] begin switch_method
[2026-07-08 16:47:21] find command id513
[2026-07-08 16:47:21] buffer is less than 5, real size: 0
[2026-07-08 16:47:21] out while is working
[2026-07-08 16:47:21] buffer is less than 5, real size: 0
[2026-07-08 16:47:21] out while is working
[2026-07-08 16:47:21] buffer is less than 5, real size: 0
[2026-07-08 16:47:21] out while is working
[2026-07-08 16:47:21] buffer is less than 5, real size: 0
[2026-07-08 16:47:21] out while is working
[2026-07-08 16:47:21] buffer is less than 5, real size: 0
[2026-07-08 16:47:21] out while is working
[2026-07-08 16:47:21] buffer is less than 5, real size: 0
[2026-07-08 16:47:21] out while is working
[2026-07-08 16:47:21] buffer is less than 5, real size: 0
[2026-07-08 16:47:21] out while is working
[2026-07-08 16:47:21] buffer is less than 5, real size: 0
[2026-07-08 16:47:21] out while is working
[2026-07-08 16:47:21] buffer is less than 5, real size: 0
[2026-07-08 16:47:21] out while is working
[2026-07-08 16:47:21] buffer is less than 5, real size: 0
[2026-07-08 16:47:21] out while is working
[2026-07-08 16:47:21] buffer is less than 5, real size: 1
[2026-07-08 16:47:21] out while is working
[2026-07-08 16:47:21] data_length 14 iseq 13
[2026-07-08 16:47:21] begin switch_method
[2026-07-08 16:47:21] find command id514
[2026-07-08 16:47:21] data_length 12 iseq 14
[2026-07-08 16:47:21] buffer is less than sof_index + frame_length(21), buffer size: b'\xa5\x0c\x00\x0eg\x03\x02\x00\x00'
[2026-07-08 16:47:21] out while is working
[2026-07-08 16:47:21] data_length 12 iseq 14
[2026-07-08 16:47:21] buffer is less than sof_index + frame_length(21), buffer size: b'\xa5\x0c\x00\x0eg\x03\x02\x00\x00\x00'
[2026-07-08 16:47:21] out while is working
[2026-07-08 16:47:21] data_length 12 iseq 14
[2026-07-08 16:47:21] begin switch_method
[2026-07-08 16:47:21] find command id515
[2026-07-08 16:47:21] data_length 17 iseq 15
[2026-07-08 16:47:21] buffer is less than sof_index + frame_length(26), buffer size: b'\xa5\x11\x00\x0fc\x01\x02\t\x01\x00\x00\x00\x00\x00\x00\x00\x00\x00\x00\x00'
[2026-07-08 16:47:21] out while is working
[2026-07-08 16:47:21] data_length 17 iseq 15
[2026-07-08 16:47:21] buffer is less than sof_index + frame_length(26), buffer size: b'\xa5\x11\x00\x0fc\x01\x02\t\x01\x00\x00\x00\x00\x00\x00\x00\x00\x00\x00\x00\x00'
[2026-07-08 16:47:21] out while is working
[2026-07-08 16:47:21] data_length 17 iseq 15
[2026-07-08 16:47:21] begin switch_method
[2026-07-08 16:47:21] find command id513
[2026-07-08 16:47:21] buffer is less than 5, real size: 0
[2026-07-08 16:47:21] out while is working
[2026-07-08 16:47:21] buffer is less than 5, real size: 0
[2026-07-08 16:47:21] out while is working
[2026-07-08 16:47:21] buffer is less than 5, real size: 0
[2026-07-08 16:47:21] out while is working
[2026-07-08 16:47:21] buffer is less than 5, real size: 0
[2026-07-08 16:47:21] out while is working
[2026-07-08 16:47:21] buffer is less than 5, real size: 0
[2026-07-08 16:47:21] out while is working
[2026-07-08 16:47:21] buffer is less than 5, real size: 0
[2026-07-08 16:47:21] out while is working
[2026-07-08 16:47:21] buffer is less than 5, real size: 0
[2026-07-08 16:47:21] out while is working
[2026-07-08 16:47:21] buffer is less than 5, real size: 0
[2026-07-08 16:47:21] out while is working
[2026-07-08 16:47:21] buffer is less than 5, real size: 0
[2026-07-08 16:47:21] out while is working
[2026-07-08 16:47:21] buffer is less than 5, real size: 0
[2026-07-08 16:47:21] out while is working
[2026-07-08 16:47:21] buffer is less than 5, real size: 1
[2026-07-08 16:47:21] out while is working
[2026-07-08 16:47:21] data_length 14 iseq 16
[2026-07-08 16:47:21] begin switch_method
[2026-07-08 16:47:21] find command id514
[2026-07-08 16:47:21] data_length 17 iseq 17
[2026-07-08 16:47:21] buffer is less than sof_index + frame_length(26), buffer size: b'\xa5\x11\x00\x11\xe1\x01\x02\t\x01'
[2026-07-08 16:47:21] out while is working
[2026-07-08 16:47:21] data_length 17 iseq 17
[2026-07-08 16:47:21] buffer is less than sof_index + frame_length(26), buffer size: b'\xa5\x11\x00\x11\xe1\x01\x02\t\x01\x00'
[2026-07-08 16:47:21] out while is working
[2026-07-08 16:47:21] data_length 17 iseq 17
[2026-07-08 16:47:21] begin switch_method
[2026-07-08 16:47:21] find command id513
[2026-07-08 16:47:21] buffer is less than 5, real size: 0
[2026-07-08 16:47:21] out while is working
[2026-07-08 16:47:21] buffer is less than 5, real size: 0
[2026-07-08 16:47:21] out while is working
[2026-07-08 16:47:21] buffer is less than 5, real size: 0
[2026-07-08 16:47:21] out while is working
[2026-07-08 16:47:21] buffer is less than 5, real size: 0
[2026-07-08 16:47:21] out while is working
[2026-07-08 16:47:21] buffer is less than 5, real size: 0
[2026-07-08 16:47:21] out while is working
[2026-07-08 16:47:21] buffer is less than 5, real size: 0
[2026-07-08 16:47:21] out while is working
[2026-07-08 16:47:21] buffer is less than 5, real size: 0
[2026-07-08 16:47:21] out while is working
[2026-07-08 16:47:21] buffer is less than 5, real size: 0
[2026-07-08 16:47:21] out while is working
[2026-07-08 16:47:21] buffer is less than 5, real size: 0
[2026-07-08 16:47:21] out while is working
[2026-07-08 16:47:21] buffer is less than 5, real size: 0
[2026-07-08 16:47:21] out while is working
[2026-07-08 16:47:21] buffer is less than 5, real size: 1
[2026-07-08 16:47:21] out while is working
[2026-07-08 16:47:21] data_length 14 iseq 18
[2026-07-08 16:47:21] begin switch_method
[2026-07-08 16:47:21] find command id514
[2026-07-08 16:47:21] data_length 17 iseq 19
[2026-07-08 16:47:21] buffer is less than sof_index + frame_length(26), buffer size: b'\xa5\x11\x00\x13]\x01\x02\t\x01'
[2026-07-08 16:47:21] out while is working
[2026-07-08 16:47:21] data_length 17 iseq 19
[2026-07-08 16:47:21] buffer is less than sof_index + frame_length(26), buffer size: b'\xa5\x11\x00\x13]\x01\x02\t\x01\x00'
[2026-07-08 16:47:21] out while is working
[2026-07-08 16:47:21] data_length 17 iseq 19
[2026-07-08 16:47:21] begin switch_method
[2026-07-08 16:47:21] find command id513
[2026-07-08 16:47:21] buffer is less than 5, real size: 0
[2026-07-08 16:47:21] out while is working
[2026-07-08 16:47:22] buffer is less than 5, real size: 0
[2026-07-08 16:47:22] out while is working
[2026-07-08 16:47:22] buffer is less than 5, real size: 0
[2026-07-08 16:47:22] out while is working
[2026-07-08 16:47:22] buffer is less than 5, real size: 0
[2026-07-08 16:47:22] out while is working
[2026-07-08 16:47:22] buffer is less than 5, real size: 0
[2026-07-08 16:47:22] out while is working
[2026-07-08 16:47:22] buffer is less than 5, real size: 0
[2026-07-08 16:47:22] out while is working
[2026-07-08 16:47:22] buffer is less than 5, real size: 0
[2026-07-08 16:47:22] out while is working
[2026-07-08 16:47:22] buffer is less than 5, real size: 0
[2026-07-08 16:47:22] out while is working
[2026-07-08 16:47:22] buffer is less than 5, real size: 0
[2026-07-08 16:47:22] out while is working
[2026-07-08 16:47:22] buffer is less than 5, real size: 0
[2026-07-08 16:47:22] out while is working
[2026-07-08 16:47:22] buffer is less than 5, real size: 1
[2026-07-08 16:47:22] out while is working
[2026-07-08 16:47:22] data_length 14 iseq 20
[2026-07-08 16:47:22] begin switch_method
[2026-07-08 16:47:22] find command id514
[2026-07-08 16:47:22] data_length 17 iseq 21
[2026-07-08 16:47:22] buffer is less than sof_index + frame_length(26), buffer size: b'\xa5\x11\x00\x15\x80\x01\x02\t\x01'
[2026-07-08 16:47:22] out while is working
[2026-07-08 16:47:22] data_length 17 iseq 21
[2026-07-08 16:47:22] buffer is less than sof_index + frame_length(26), buffer size: b'\xa5\x11\x00\x15\x80\x01\x02\t\x01\x00'
[2026-07-08 16:47:22] out while is working
[2026-07-08 16:47:22] data_length 17 iseq 21
[2026-07-08 16:47:22] begin switch_method
[2026-07-08 16:47:22] find command id513
[2026-07-08 16:47:22] buffer is less than 5, real size: 0
[2026-07-08 16:47:22] out while is working
[2026-07-08 16:47:22] buffer is less than 5, real size: 0
[2026-07-08 16:47:22] out while is working
[2026-07-08 16:47:22] buffer is less than 5, real size: 0
[2026-07-08 16:47:22] out while is working
[2026-07-08 16:47:22] buffer is less than 5, real size: 0
[2026-07-08 16:47:22] out while is working
[2026-07-08 16:47:22] buffer is less than 5, real size: 0
[2026-07-08 16:47:22] out while is working
[2026-07-08 16:47:22] buffer is less than 5, real size: 0
[2026-07-08 16:47:22] out while is working
[2026-07-08 16:47:22] buffer is less than 5, real size: 0
[2026-07-08 16:47:22] out while is working
[2026-07-08 16:47:22] buffer is less than 5, real size: 0
[2026-07-08 16:47:22] out while is working
[2026-07-08 16:47:22] buffer is less than 5, real size: 0
[2026-07-08 16:47:22] out while is working
[2026-07-08 16:47:22] buffer is less than 5, real size: 0
[2026-07-08 16:47:22] out while is working
[2026-07-08 16:47:22] buffer is less than 5, real size: 0
[2026-07-08 16:47:22] out while is working
[2026-07-08 16:47:22] buffer is less than 5, real size: 1
[2026-07-08 16:47:22] out while is working
[2026-07-08 16:47:22] data_length 14 iseq 22
[2026-07-08 16:47:22] begin switch_method
[2026-07-08 16:47:22] find command id514
[2026-07-08 16:47:22] data_length 17 iseq 23
[2026-07-08 16:47:22] buffer is less than sof_index + frame_length(26), buffer size: b'\xa5\x11\x00\x17<\x01\x02\t\x01'
[2026-07-08 16:47:22] out while is working
[2026-07-08 16:47:22] data_length 17 iseq 23
[2026-07-08 16:47:22] buffer is less than sof_index + frame_length(26), buffer size: b'\xa5\x11\x00\x17<\x01\x02\t\x01\x00'
[2026-07-08 16:47:22] out while is working
[2026-07-08 16:47:22] data_length 17 iseq 23
[2026-07-08 16:47:22] begin switch_method
[2026-07-08 16:47:22] find command id513
[2026-07-08 16:47:22] buffer is less than 5, real size: 0
[2026-07-08 16:47:22] out while is working
[2026-07-08 16:47:22] buffer is less than 5, real size: 0
[2026-07-08 16:47:22] out while is working
[2026-07-08 16:47:22] buffer is less than 5, real size: 0
[2026-07-08 16:47:22] out while is working
[2026-07-08 16:47:22] buffer is less than 5, real size: 0
[2026-07-08 16:47:22] out while is working
[2026-07-08 16:47:22] buffer is less than 5, real size: 0
[2026-07-08 16:47:22] out while is working
[2026-07-08 16:47:22] buffer is less than 5, real size: 0
[2026-07-08 16:47:22] out while is working
[2026-07-08 16:47:22] buffer is less than 5, real size: 0
[2026-07-08 16:47:22] out while is working
[2026-07-08 16:47:22] buffer is less than 5, real size: 0
[2026-07-08 16:47:22] out while is working
[2026-07-08 16:47:22] buffer is less than 5, real size: 0
[2026-07-08 16:47:22] out while is working
[2026-07-08 16:47:22] buffer is less than 5, real size: 0
[2026-07-08 16:47:22] out while is working
[2026-07-08 16:47:22] buffer is less than 5, real size: 1
[2026-07-08 16:47:22] out while is working
[2026-07-08 16:47:22] data_length 14 iseq 24
[2026-07-08 16:47:22] begin switch_method
[2026-07-08 16:47:22] find command id514
[2026-07-08 16:47:22] data_length 17 iseq 25
[2026-07-08 16:47:22] buffer is less than sof_index + frame_length(26), buffer size: b'\xa5\x11\x00\x19#\x01\x02\t\x01'
[2026-07-08 16:47:22] out while is working
[2026-07-08 16:47:22] data_length 17 iseq 25
[2026-07-08 16:47:22] buffer is less than sof_index + frame_length(26), buffer size: b'\xa5\x11\x00\x19#\x01\x02\t\x01\x00'
[2026-07-08 16:47:22] out while is working
[2026-07-08 16:47:22] data_length 17 iseq 25
[2026-07-08 16:47:22] begin switch_method
[2026-07-08 16:47:22] find command id513
[2026-07-08 16:47:22] buffer is less than 5, real size: 0
[2026-07-08 16:47:22] out while is working
[2026-07-08 16:47:22] buffer is less than 5, real size: 0
[2026-07-08 16:47:22] out while is working
[2026-07-08 16:47:22] buffer is less than 5, real size: 0
[2026-07-08 16:47:22] out while is working
[2026-07-08 16:47:22] buffer is less than 5, real size: 0
[2026-07-08 16:47:22] out while is working
[2026-07-08 16:47:22] buffer is less than 5, real size: 0
[2026-07-08 16:47:22] out while is working
[2026-07-08 16:47:22] buffer is less than 5, real size: 0
[2026-07-08 16:47:22] out while is working
[2026-07-08 16:47:22] buffer is less than 5, real size: 0
[2026-07-08 16:47:22] out while is working
[2026-07-08 16:47:22] buffer is less than 5, real size: 0
[2026-07-08 16:47:22] out while is working
[2026-07-08 16:47:22] buffer is less than 5, real size: 0
[2026-07-08 16:47:22] out while is working
[2026-07-08 16:47:22] buffer is less than 5, real size: 0
[2026-07-08 16:47:22] out while is working
[2026-07-08 16:47:22] buffer is less than 5, real size: 1
[2026-07-08 16:47:22] out while is working
[2026-07-08 16:47:22] data_length 14 iseq 26
[2026-07-08 16:47:22] begin switch_method
[2026-07-08 16:47:22] find command id514
[2026-07-08 16:47:22] data_length 17 iseq 27
[2026-07-08 16:47:22] buffer is less than sof_index + frame_length(26), buffer size: b'\xa5\x11\x00\x1b\x9f\x01\x02\t\x01'
[2026-07-08 16:47:22] out while is working
[2026-07-08 16:47:22] data_length 17 iseq 27
[2026-07-08 16:47:22] buffer is less than sof_index + frame_length(26), buffer size: b'\xa5\x11\x00\x1b\x9f\x01\x02\t\x01\x00'
[2026-07-08 16:47:22] out while is working
[2026-07-08 16:47:22] data_length 17 iseq 27
[2026-07-08 16:47:22] begin switch_method
[2026-07-08 16:47:22] find command id513
[2026-07-08 16:47:22] buffer is less than 5, real size: 0
[2026-07-08 16:47:22] out while is working
[2026-07-08 16:47:22] buffer is less than 5, real size: 0
[2026-07-08 16:47:22] out while is working
[2026-07-08 16:47:22] buffer is less than 5, real size: 0
[2026-07-08 16:47:22] out while is working
[2026-07-08 16:47:22] buffer is less than 5, real size: 0
[2026-07-08 16:47:22] out while is working
[2026-07-08 16:47:22] buffer is less than 5, real size: 0
[2026-07-08 16:47:22] out while is working
[2026-07-08 16:47:22] buffer is less than 5, real size: 0
[2026-07-08 16:47:22] out while is working
[2026-07-08 16:47:22] buffer is less than 5, real size: 0
[2026-07-08 16:47:22] out while is working
[2026-07-08 16:47:22] buffer is less than 5, real size: 0
[2026-07-08 16:47:22] out while is working
[2026-07-08 16:47:22] buffer is less than 5, real size: 0
[2026-07-08 16:47:22] out while is working
[2026-07-08 16:47:22] buffer is less than 5, real size: 0
[2026-07-08 16:47:22] out while is working
[2026-07-08 16:47:22] buffer is less than 5, real size: 1
[2026-07-08 16:47:22] out while is working
[2026-07-08 16:47:22] data_length 14 iseq 28
[2026-07-08 16:47:22] begin switch_method
[2026-07-08 16:47:22] find command id514
[2026-07-08 16:47:22] data_length 17 iseq 29
[2026-07-08 16:47:22] buffer is less than sof_index + frame_length(26), buffer size: b'\xa5\x11\x00\x1dB\x01\x02\t\x01'
[2026-07-08 16:47:22] out while is working
[2026-07-08 16:47:22] data_length 17 iseq 29
[2026-07-08 16:47:22] buffer is less than sof_index + frame_length(26), buffer size: b'\xa5\x11\x00\x1dB\x01\x02\t\x01\x00'
[2026-07-08 16:47:22] out while is working
[2026-07-08 16:47:22] data_length 17 iseq 29
[2026-07-08 16:47:22] begin switch_method
[2026-07-08 16:47:22] find command id513
[2026-07-08 16:47:22] buffer is less than 5, real size: 0
[2026-07-08 16:47:22] out while is working
[2026-07-08 16:47:22] buffer is less than 5, real size: 0
[2026-07-08 16:47:22] out while is working
[2026-07-08 16:47:22] buffer is less than 5, real size: 0
[2026-07-08 16:47:22] out while is working
[2026-07-08 16:47:22] buffer is less than 5, real size: 0
[2026-07-08 16:47:22] out while is working
[2026-07-08 16:47:22] buffer is less than 5, real size: 0
[2026-07-08 16:47:22] out while is working
[2026-07-08 16:47:22] buffer is less than 5, real size: 0
[2026-07-08 16:47:22] out while is working
[2026-07-08 16:47:22] buffer is less than 5, real size: 0
[2026-07-08 16:47:22] out while is working
[2026-07-08 16:47:22] buffer is less than 5, real size: 0
[2026-07-08 16:47:22] out while is working
[2026-07-08 16:47:22] buffer is less than 5, real size: 0
[2026-07-08 16:47:22] out while is working
[2026-07-08 16:47:22] buffer is less than 5, real size: 0
[2026-07-08 16:47:22] out while is working
[2026-07-08 16:47:22] buffer is less than 5, real size: 1
[2026-07-08 16:47:22] out while is working
[2026-07-08 16:47:22] data_length 14 iseq 30
[2026-07-08 16:47:22] begin switch_method
[2026-07-08 16:47:22] find command id514
[2026-07-08 16:47:22] data_length 17 iseq 31
[2026-07-08 16:47:22] buffer is less than sof_index + frame_length(26), buffer size: b'\xa5\x11\x00\x1f\xfe\x01\x02\t\x01'
[2026-07-08 16:47:22] out while is working
[2026-07-08 16:47:22] data_length 17 iseq 31
[2026-07-08 16:47:22] buffer is less than sof_index + frame_length(26), buffer size: b'\xa5\x11\x00\x1f\xfe\x01\x02\t\x01\x00'
[2026-07-08 16:47:22] out while is working
[2026-07-08 16:47:22] data_length 17 iseq 31
[2026-07-08 16:47:22] begin switch_method
[2026-07-08 16:47:22] find command id513
[2026-07-08 16:47:22] buffer is less than 5, real size: 0
[2026-07-08 16:47:22] out while is working
[2026-07-08 16:47:22] buffer is less than 5, real size: 0
[2026-07-08 16:47:22] out while is working
[2026-07-08 16:47:22] buffer is less than 5, real size: 0
[2026-07-08 16:47:22] out while is working
[2026-07-08 16:47:22] buffer is less than 5, real size: 0
[2026-07-08 16:47:22] out while is working
[2026-07-08 16:47:22] buffer is less than 5, real size: 0
[2026-07-08 16:47:22] out while is working
[2026-07-08 16:47:22] buffer is less than 5, real size: 0
[2026-07-08 16:47:22] out while is working
[2026-07-08 16:47:22] buffer is less than 5, real size: 0
[2026-07-08 16:47:22] out while is working
[2026-07-08 16:47:22] buffer is less than 5, real size: 0
[2026-07-08 16:47:22] out while is working
[2026-07-08 16:47:22] buffer is less than 5, real size: 0
[2026-07-08 16:47:22] out while is working
[2026-07-08 16:47:22] buffer is less than 5, real size: 0
[2026-07-08 16:47:22] out while is working
[2026-07-08 16:47:22] buffer is less than 5, real size: 1
[2026-07-08 16:47:22] out while is working
[2026-07-08 16:47:22] data_length 14 iseq 32
[2026-07-08 16:47:22] begin switch_method
[2026-07-08 16:47:22] find command id514
[2026-07-08 16:47:22] data_length 17 iseq 33
[2026-07-08 16:47:22] buffer is less than sof_index + frame_length(26), buffer size: b'\xa5\x11\x00!_\x01\x02\t\x01'
[2026-07-08 16:47:22] out while is working
[2026-07-08 16:47:22] data_length 17 iseq 33
[2026-07-08 16:47:22] buffer is less than sof_index + frame_length(26), buffer size: b'\xa5\x11\x00!_\x01\x02\t\x01\x00'
[2026-07-08 16:47:22] out while is working
[2026-07-08 16:47:22] data_length 17 iseq 33
[2026-07-08 16:47:22] begin switch_method
[2026-07-08 16:47:22] find command id513
[2026-07-08 16:47:22] buffer is less than 5, real size: 0
[2026-07-08 16:47:22] out while is working
[2026-07-08 16:47:22] buffer is less than 5, real size: 0
[2026-07-08 16:47:22] out while is working
[2026-07-08 16:47:22] buffer is less than 5, real size: 0
[2026-07-08 16:47:22] out while is working
[2026-07-08 16:47:22] buffer is less than 5, real size: 0
[2026-07-08 16:47:22] out while is working
[2026-07-08 16:47:22] buffer is less than 5, real size: 0
[2026-07-08 16:47:22] out while is working
[2026-07-08 16:47:22] buffer is less than 5, real size: 0
[2026-07-08 16:47:22] out while is working
[2026-07-08 16:47:22] buffer is less than 5, real size: 0
[2026-07-08 16:47:22] out while is working
[2026-07-08 16:47:22] buffer is less than 5, real size: 0
[2026-07-08 16:47:22] out while is working
[2026-07-08 16:47:22] buffer is less than 5, real size: 0
[2026-07-08 16:47:22] out while is working
[2026-07-08 16:47:22] buffer is less than 5, real size: 0
[2026-07-08 16:47:22] out while is working
[2026-07-08 16:47:22] buffer is less than 5, real size: 0
[2026-07-08 16:47:22] out while is working
[2026-07-08 16:47:22] buffer is less than 5, real size: 1
[2026-07-08 16:47:22] out while is working
[2026-07-08 16:47:22] data_length 14 iseq 34
[2026-07-08 16:47:22] begin switch_method
[2026-07-08 16:47:22] find command id514
[2026-07-08 16:47:22] data_length 12 iseq 35
[2026-07-08 16:47:22] buffer is less than sof_index + frame_length(21), buffer size: b'\xa5\x0c\x00#\xb9\x03\x02\x00\x00'
[2026-07-08 16:47:22] out while is working
[2026-07-08 16:47:22] data_length 12 iseq 35
[2026-07-08 16:47:22] buffer is less than sof_index + frame_length(21), buffer size: b'\xa5\x0c\x00#\xb9\x03\x02\x00\x00\x00'
[2026-07-08 16:47:22] out while is working
[2026-07-08 16:47:22] data_length 12 iseq 35
[2026-07-08 16:47:22] begin switch_method
[2026-07-08 16:47:22] find command id515
[2026-07-08 16:47:22] data_length 17 iseq 36
[2026-07-08 16:47:22] buffer is less than sof_index + frame_length(26), buffer size: b'\xa5\x11\x00$`\x01\x02\t\x01\x00\x00\x00\x00\x00\x00\x00\x00\x00\x00\x00'
[2026-07-08 16:47:22] out while is working
[2026-07-08 16:47:22] data_length 17 iseq 36
[2026-07-08 16:47:22] buffer is less than sof_index + frame_length(26), buffer size: b'\xa5\x11\x00$`\x01\x02\t\x01\x00\x00\x00\x00\x00\x00\x00\x00\x00\x00\x00\x00'
[2026-07-08 16:47:22] out while is working
[2026-07-08 16:47:22] data_length 17 iseq 36
[2026-07-08 16:47:22] begin switch_method
[2026-07-08 16:47:22] find command id513
[2026-07-08 16:47:22] buffer is less than 5, real size: 0
[2026-07-08 16:47:22] out while is working
[2026-07-08 16:47:22] buffer is less than 5, real size: 0
[2026-07-08 16:47:22] out while is working
[2026-07-08 16:47:22] buffer is less than 5, real size: 0
[2026-07-08 16:47:22] out while is working
[2026-07-08 16:47:22] buffer is less than 5, real size: 0
[2026-07-08 16:47:22] out while is working
[2026-07-08 16:47:22] buffer is less than 5, real size: 0
[2026-07-08 16:47:22] out while is working
[2026-07-08 16:47:22] buffer is less than 5, real size: 0
[2026-07-08 16:47:22] out while is working
[2026-07-08 16:47:22] buffer is less than 5, real size: 0
[2026-07-08 16:47:22] out while is working
[2026-07-08 16:47:22] buffer is less than 5, real size: 0
[2026-07-08 16:47:22] out while is working
[2026-07-08 16:47:22] buffer is less than 5, real size: 0
[2026-07-08 16:47:22] out while is working
[2026-07-08 16:47:22] buffer is less than 5, real size: 0
[2026-07-08 16:47:22] out while is working
[2026-07-08 16:47:22] buffer is less than 5, real size: 1
[2026-07-08 16:47:22] out while is working
[2026-07-08 16:47:22] data_length 14 iseq 37
[2026-07-08 16:47:22] begin switch_method
[2026-07-08 16:47:22] find command id514
[2026-07-08 16:47:22] data_length 17 iseq 38
[2026-07-08 16:47:22] buffer is less than sof_index + frame_length(26), buffer size: b'\xa5\x11\x00&\xdc\x01\x02\t\x01'
[2026-07-08 16:47:22] out while is working
[2026-07-08 16:47:22] data_length 17 iseq 38
[2026-07-08 16:47:22] buffer is less than sof_index + frame_length(26), buffer size: b'\xa5\x11\x00&\xdc\x01\x02\t\x01\x00'
[2026-07-08 16:47:22] out while is working
[2026-07-08 16:47:22] data_length 17 iseq 38
[2026-07-08 16:47:22] begin switch_method
[2026-07-08 16:47:22] find command id513
[2026-07-08 16:47:22] buffer is less than 5, real size: 0
[2026-07-08 16:47:22] out while is working
[2026-07-08 16:47:22] buffer is less than 5, real size: 0
[2026-07-08 16:47:22] out while is working
[2026-07-08 16:47:22] buffer is less than 5, real size: 0
[2026-07-08 16:47:22] out while is working
[2026-07-08 16:47:22] buffer is less than 5, real size: 0
[2026-07-08 16:47:22] out while is working
[2026-07-08 16:47:22] buffer is less than 5, real size: 0
[2026-07-08 16:47:22] out while is working
[2026-07-08 16:47:22] buffer is less than 5, real size: 0
[2026-07-08 16:47:22] out while is working
[2026-07-08 16:47:22] buffer is less than 5, real size: 0
[2026-07-08 16:47:22] out while is working
[2026-07-08 16:47:22] buffer is less than 5, real size: 0
[2026-07-08 16:47:22] out while is working
[2026-07-08 16:47:23] buffer is less than 5, real size: 0
[2026-07-08 16:47:23] out while is working
[2026-07-08 16:47:23] buffer is less than 5, real size: 0
[2026-07-08 16:47:23] out while is working
[2026-07-08 16:47:23] buffer is less than 5, real size: 1
[2026-07-08 16:47:23] out while is working
[2026-07-08 16:47:23] data_length 14 iseq 39
[2026-07-08 16:47:23] begin switch_method
[2026-07-08 16:47:23] find command id514
[2026-07-08 16:47:23] data_length 17 iseq 40
[2026-07-08 16:47:23] buffer is less than sof_index + frame_length(26), buffer size: b'\xa5\x11\x00(\xc3\x01\x02\t\x01'
[2026-07-08 16:47:23] out while is working
[2026-07-08 16:47:23] data_length 17 iseq 40
[2026-07-08 16:47:23] buffer is less than sof_index + frame_length(26), buffer size: b'\xa5\x11\x00(\xc3\x01\x02\t\x01\x00'
[2026-07-08 16:47:23] out while is working
[2026-07-08 16:47:23] data_length 17 iseq 40
[2026-07-08 16:47:23] begin switch_method
[2026-07-08 16:47:23] find command id513
[2026-07-08 16:47:23] buffer is less than 5, real size: 0
[2026-07-08 16:47:23] out while is working
[2026-07-08 16:47:23] buffer is less than 5, real size: 0
[2026-07-08 16:47:23] out while is working
[2026-07-08 16:47:23] buffer is less than 5, real size: 0
[2026-07-08 16:47:23] out while is working
[2026-07-08 16:47:23] buffer is less than 5, real size: 0
[2026-07-08 16:47:23] out while is working
[2026-07-08 16:47:23] buffer is less than 5, real size: 0
[2026-07-08 16:47:23] out while is working
[2026-07-08 16:47:23] buffer is less than 5, real size: 0
[2026-07-08 16:47:23] out while is working
[2026-07-08 16:47:23] buffer is less than 5, real size: 0
[2026-07-08 16:47:23] out while is working
[2026-07-08 16:47:23] buffer is less than 5, real size: 0
[2026-07-08 16:47:23] out while is working
[2026-07-08 16:47:23] buffer is less than 5, real size: 0
[2026-07-08 16:47:23] out while is working
[2026-07-08 16:47:23] buffer is less than 5, real size: 0
[2026-07-08 16:47:23] out while is working
[2026-07-08 16:47:23] buffer is less than 5, real size: 0
[2026-07-08 16:47:23] out while is working
[2026-07-08 16:47:23] buffer is less than 5, real size: 1
[2026-07-08 16:47:23] out while is working
[2026-07-08 16:47:23] data_length 14 iseq 41
[2026-07-08 16:47:23] begin switch_method
[2026-07-08 16:47:23] find command id514
[2026-07-08 16:47:23] data_length 17 iseq 42
[2026-07-08 16:47:23] buffer is less than sof_index + frame_length(26), buffer size: b'\xa5\x11\x00*\x7f\x01\x02\t\x01'
[2026-07-08 16:47:23] out while is working
[2026-07-08 16:47:23] data_length 17 iseq 42
[2026-07-08 16:47:23] buffer is less than sof_index + frame_length(26), buffer size: b'\xa5\x11\x00*\x7f\x01\x02\t\x01\x00'
[2026-07-08 16:47:23] out while is working
[2026-07-08 16:47:23] data_length 17 iseq 42
[2026-07-08 16:47:23] begin switch_method
[2026-07-08 16:47:23] find command id513
[2026-07-08 16:47:23] buffer is less than 5, real size: 0
[2026-07-08 16:47:23] out while is working
[2026-07-08 16:47:23] buffer is less than 5, real size: 0
[2026-07-08 16:47:23] out while is working
[2026-07-08 16:47:23] buffer is less than 5, real size: 0
[2026-07-08 16:47:23] out while is working
[2026-07-08 16:47:23] buffer is less than 5, real size: 0
[2026-07-08 16:47:23] out while is working
[2026-07-08 16:47:23] buffer is less than 5, real size: 0
[2026-07-08 16:47:23] out while is working
[2026-07-08 16:47:23] buffer is less than 5, real size: 0
[2026-07-08 16:47:23] out while is working
[2026-07-08 16:47:23] buffer is less than 5, real size: 0
[2026-07-08 16:47:23] out while is working
[2026-07-08 16:47:23] buffer is less than 5, real size: 0
[2026-07-08 16:47:23] out while is working
[2026-07-08 16:47:23] buffer is less than 5, real size: 0
[2026-07-08 16:47:23] out while is working
[2026-07-08 16:47:23] buffer is less than 5, real size: 0
[2026-07-08 16:47:23] out while is working
[2026-07-08 16:47:23] buffer is less than 5, real size: 1
[2026-07-08 16:47:23] out while is working
[2026-07-08 16:47:23] data_length 14 iseq 43
[2026-07-08 16:47:23] begin switch_method
[2026-07-08 16:47:23] find command id514
[2026-07-08 16:47:23] data_length 17 iseq 44
[2026-07-08 16:47:23] buffer is less than sof_index + frame_length(26), buffer size: b'\xa5\x11\x00,\xa2\x01\x02\t\x01'
[2026-07-08 16:47:23] out while is working
[2026-07-08 16:47:23] data_length 17 iseq 44
[2026-07-08 16:47:23] buffer is less than sof_index + frame_length(26), buffer size: b'\xa5\x11\x00,\xa2\x01\x02\t\x01\x00'
[2026-07-08 16:47:23] out while is working
[2026-07-08 16:47:23] data_length 17 iseq 44
[2026-07-08 16:47:23] begin switch_method
[2026-07-08 16:47:23] find command id513
[2026-07-08 16:47:23] buffer is less than 5, real size: 0
[2026-07-08 16:47:23] out while is working
[2026-07-08 16:47:23] buffer is less than 5, real size: 0
[2026-07-08 16:47:23] out while is working
[2026-07-08 16:47:23] buffer is less than 5, real size: 0
[2026-07-08 16:47:23] out while is working
[2026-07-08 16:47:23] buffer is less than 5, real size: 0
[2026-07-08 16:47:23] out while is working
[2026-07-08 16:47:23] buffer is less than 5, real size: 0
[2026-07-08 16:47:23] out while is working
[2026-07-08 16:47:23] buffer is less than 5, real size: 0
[2026-07-08 16:47:23] out while is working
[2026-07-08 16:47:23] buffer is less than 5, real size: 0
[2026-07-08 16:47:23] out while is working
[2026-07-08 16:47:23] buffer is less than 5, real size: 0
[2026-07-08 16:47:23] out while is working
[2026-07-08 16:47:23] buffer is less than 5, real size: 0
[2026-07-08 16:47:23] out while is working
[2026-07-08 16:47:23] buffer is less than 5, real size: 0
[2026-07-08 16:47:23] out while is working
[2026-07-08 16:47:23] buffer is less than 5, real size: 1
[2026-07-08 16:47:23] out while is working
[2026-07-08 16:47:23] data_length 14 iseq 45
[2026-07-08 16:47:23] begin switch_method
[2026-07-08 16:47:23] find command id514
[2026-07-08 16:47:23] data_length 17 iseq 46
[2026-07-08 16:47:23] buffer is less than sof_index + frame_length(26), buffer size: b'\xa5\x11\x00.\x1e\x01\x02\t\x01'
[2026-07-08 16:47:23] out while is working
[2026-07-08 16:47:23] data_length 17 iseq 46
[2026-07-08 16:47:23] buffer is less than sof_index + frame_length(26), buffer size: b'\xa5\x11\x00.\x1e\x01\x02\t\x01\x00'
[2026-07-08 16:47:23] out while is working
[2026-07-08 16:47:23] data_length 17 iseq 46
[2026-07-08 16:47:23] begin switch_method
[2026-07-08 16:47:23] find command id513
[2026-07-08 16:47:23] buffer is less than 5, real size: 0
[2026-07-08 16:47:23] out while is working
[2026-07-08 16:47:23] buffer is less than 5, real size: 0
[2026-07-08 16:47:23] out while is working
[2026-07-08 16:47:23] buffer is less than 5, real size: 0
[2026-07-08 16:47:23] out while is working
[2026-07-08 16:47:23] buffer is less than 5, real size: 0
[2026-07-08 16:47:23] out while is working
[2026-07-08 16:47:23] buffer is less than 5, real size: 0
[2026-07-08 16:47:23] out while is working
[2026-07-08 16:47:23] buffer is less than 5, real size: 0
[2026-07-08 16:47:23] out while is working
[2026-07-08 16:47:23] buffer is less than 5, real size: 0
[2026-07-08 16:47:23] out while is working
[2026-07-08 16:47:23] buffer is less than 5, real size: 0
[2026-07-08 16:47:23] out while is working
[2026-07-08 16:47:23] buffer is less than 5, real size: 0
[2026-07-08 16:47:23] out while is working
[2026-07-08 16:47:23] buffer is less than 5, real size: 0
[2026-07-08 16:47:23] out while is working
[2026-07-08 16:47:23] buffer is less than 5, real size: 0
[2026-07-08 16:47:23] out while is working
[2026-07-08 16:47:23] buffer is less than 5, real size: 1
[2026-07-08 16:47:23] out while is working
[2026-07-08 16:47:23] data_length 14 iseq 47
[2026-07-08 16:47:23] begin switch_method
[2026-07-08 16:47:23] find command id514
[2026-07-08 16:47:23] data_length 17 iseq 48
[2026-07-08 16:47:23] buffer is less than sof_index + frame_length(26), buffer size: b'\xa5\x11\x000\x9c\x01\x02\t\x01'
[2026-07-08 16:47:23] out while is working
[2026-07-08 16:47:23] data_length 17 iseq 48
[2026-07-08 16:47:23] buffer is less than sof_index + frame_length(26), buffer size: b'\xa5\x11\x000\x9c\x01\x02\t\x01\x00'
[2026-07-08 16:47:23] out while is working
[2026-07-08 16:47:23] data_length 17 iseq 48
[2026-07-08 16:47:23] begin switch_method
[2026-07-08 16:47:23] find command id513
[2026-07-08 16:47:23] buffer is less than 5, real size: 0
[2026-07-08 16:47:23] out while is working
[2026-07-08 16:47:23] buffer is less than 5, real size: 0
[2026-07-08 16:47:23] out while is working
[2026-07-08 16:47:23] buffer is less than 5, real size: 0
[2026-07-08 16:47:23] out while is working
[2026-07-08 16:47:23] buffer is less than 5, real size: 0
[2026-07-08 16:47:23] out while is working
[2026-07-08 16:47:23] buffer is less than 5, real size: 0
[2026-07-08 16:47:23] out while is working
[2026-07-08 16:47:23] buffer is less than 5, real size: 0
[2026-07-08 16:47:23] out while is working
[2026-07-08 16:47:23] buffer is less than 5, real size: 0
[2026-07-08 16:47:23] out while is working
[2026-07-08 16:47:23] buffer is less than 5, real size: 0
[2026-07-08 16:47:23] out while is working
[2026-07-08 16:47:23] buffer is less than 5, real size: 0
[2026-07-08 16:47:23] out while is working
[2026-07-08 16:47:23] buffer is less than 5, real size: 0
[2026-07-08 16:47:23] out while is working
[2026-07-08 16:47:23] buffer is less than 5, real size: 0
[2026-07-08 16:47:23] out while is working
[2026-07-08 16:47:23] buffer is less than 5, real size: 1
[2026-07-08 16:47:23] out while is working
[2026-07-08 16:47:23] data_length 14 iseq 49
[2026-07-08 16:47:23] begin switch_method
[2026-07-08 16:47:23] find command id514
[2026-07-08 16:47:23] data_length 17 iseq 50
[2026-07-08 16:47:23] buffer is less than sof_index + frame_length(26), buffer size: b'\xa5\x11\x002 \x01\x02\t\x01'
[2026-07-08 16:47:23] out while is working
[2026-07-08 16:47:23] data_length 17 iseq 50
[2026-07-08 16:47:23] buffer is less than sof_index + frame_length(26), buffer size: b'\xa5\x11\x002 \x01\x02\t\x01\x00'
[2026-07-08 16:47:23] out while is working
[2026-07-08 16:47:23] data_length 17 iseq 50
[2026-07-08 16:47:23] begin switch_method
[2026-07-08 16:47:23] find command id513
[2026-07-08 16:47:23] buffer is less than 5, real size: 0
[2026-07-08 16:47:23] out while is working
[2026-07-08 16:47:23] buffer is less than 5, real size: 0
[2026-07-08 16:47:23] out while is working
[2026-07-08 16:47:23] buffer is less than 5, real size: 0
[2026-07-08 16:47:23] out while is working
[2026-07-08 16:47:23] buffer is less than 5, real size: 0
[2026-07-08 16:47:23] out while is working
[2026-07-08 16:47:23] buffer is less than 5, real size: 0
[2026-07-08 16:47:23] out while is working
[2026-07-08 16:47:23] buffer is less than 5, real size: 0
[2026-07-08 16:47:23] out while is working
[2026-07-08 16:47:23] buffer is less than 5, real size: 0
[2026-07-08 16:47:23] out while is working
[2026-07-08 16:47:23] buffer is less than 5, real size: 0
[2026-07-08 16:47:23] out while is working
[2026-07-08 16:47:23] buffer is less than 5, real size: 0
[2026-07-08 16:47:23] out while is working
[2026-07-08 16:47:23] buffer is less than 5, real size: 0
[2026-07-08 16:47:23] out while is working
[2026-07-08 16:47:23] buffer is less than 5, real size: 0
[2026-07-08 16:47:23] out while is working
[2026-07-08 16:47:23] buffer is less than 5, real size: 1
[2026-07-08 16:47:23] out while is working
[2026-07-08 16:47:23] data_length 14 iseq 51
[2026-07-08 16:47:23] begin switch_method
[2026-07-08 16:47:23] find command id514
[2026-07-08 16:47:23] data_length 17 iseq 52
[2026-07-08 16:47:23] buffer is less than sof_index + frame_length(26), buffer size: b'\xa5\x11\x004\xfd\x01\x02\t\x01'
[2026-07-08 16:47:23] out while is working
[2026-07-08 16:47:23] data_length 17 iseq 52
[2026-07-08 16:47:23] buffer is less than sof_index + frame_length(26), buffer size: b'\xa5\x11\x004\xfd\x01\x02\t\x01\x00'
[2026-07-08 16:47:23] out while is working
[2026-07-08 16:47:23] data_length 17 iseq 52
[2026-07-08 16:47:23] begin switch_method
[2026-07-08 16:47:23] find command id513
[2026-07-08 16:47:23] buffer is less than 5, real size: 0
[2026-07-08 16:47:23] out while is working
[2026-07-08 16:47:23] buffer is less than 5, real size: 0
[2026-07-08 16:47:23] out while is working
[2026-07-08 16:47:23] buffer is less than 5, real size: 0
[2026-07-08 16:47:23] out while is working
[2026-07-08 16:47:23] buffer is less than 5, real size: 0
[2026-07-08 16:47:23] out while is working
[2026-07-08 16:47:23] buffer is less than 5, real size: 0
[2026-07-08 16:47:23] out while is working
[2026-07-08 16:47:23] buffer is less than 5, real size: 0
[2026-07-08 16:47:23] out while is working
[2026-07-08 16:47:23] buffer is less than 5, real size: 0
[2026-07-08 16:47:23] out while is working
[2026-07-08 16:47:23] buffer is less than 5, real size: 0
[2026-07-08 16:47:23] out while is working
[2026-07-08 16:47:23] buffer is less than 5, real size: 0
[2026-07-08 16:47:23] out while is working
[2026-07-08 16:47:23] buffer is less than 5, real size: 0
[2026-07-08 16:47:23] out while is working
[2026-07-08 16:47:23] buffer is less than 5, real size: 0
[2026-07-08 16:47:23] out while is working
[2026-07-08 16:47:23] buffer is less than 5, real size: 1
[2026-07-08 16:47:23] out while is working
[2026-07-08 16:47:23] data_length 14 iseq 53
[2026-07-08 16:47:23] begin switch_method
[2026-07-08 16:47:23] find command id514
[2026-07-08 16:47:23] data_length 17 iseq 54
[2026-07-08 16:47:23] buffer is less than sof_index + frame_length(26), buffer size: b'\xa5\x11\x006A\x01\x02\t\x01'
[2026-07-08 16:47:23] out while is working
[2026-07-08 16:47:23] data_length 17 iseq 54
[2026-07-08 16:47:23] buffer is less than sof_index + frame_length(26), buffer size: b'\xa5\x11\x006A\x01\x02\t\x01\x00'
[2026-07-08 16:47:23] out while is working
[2026-07-08 16:47:23] data_length 17 iseq 54
[2026-07-08 16:47:23] begin switch_method
[2026-07-08 16:47:23] find command id513
[2026-07-08 16:47:23] buffer is less than 5, real size: 0
[2026-07-08 16:47:23] out while is working
[2026-07-08 16:47:23] buffer is less than 5, real size: 0
[2026-07-08 16:47:23] out while is working
[2026-07-08 16:47:23] buffer is less than 5, real size: 0
[2026-07-08 16:47:23] out while is working
[2026-07-08 16:47:23] buffer is less than 5, real size: 0
[2026-07-08 16:47:23] out while is working
[2026-07-08 16:47:23] buffer is less than 5, real size: 0
[2026-07-08 16:47:23] out while is working
[2026-07-08 16:47:23] buffer is less than 5, real size: 0
[2026-07-08 16:47:23] out while is working
[2026-07-08 16:47:23] buffer is less than 5, real size: 0
[2026-07-08 16:47:23] out while is working
[2026-07-08 16:47:23] buffer is less than 5, real size: 0
[2026-07-08 16:47:23] out while is working
[2026-07-08 16:47:23] buffer is less than 5, real size: 0
[2026-07-08 16:47:23] out while is working
[2026-07-08 16:47:23] buffer is less than 5, real size: 0
[2026-07-08 16:47:23] out while is working
[2026-07-08 16:47:23] buffer is less than 5, real size: 0
[2026-07-08 16:47:23] out while is working
[2026-07-08 16:47:23] buffer is less than 5, real size: 0
[2026-07-08 16:47:23] out while is working
[2026-07-08 16:47:23] buffer is less than 5, real size: 1
[2026-07-08 16:47:23] out while is working
[2026-07-08 16:47:23] data_length 14 iseq 55
[2026-07-08 16:47:23] begin switch_method
[2026-07-08 16:47:23] find command id514
[2026-07-08 16:47:23] data_length 12 iseq 56
[2026-07-08 16:47:23] buffer is less than sof_index + frame_length(21), buffer size: b'\xa5\x0c\x008\x04\x03\x02\x00\x00'
[2026-07-08 16:47:23] out while is working
[2026-07-08 16:47:23] data_length 12 iseq 56
[2026-07-08 16:47:23] buffer is less than sof_index + frame_length(21), buffer size: b'\xa5\x0c\x008\x04\x03\x02\x00\x00\x00'
[2026-07-08 16:47:23] out while is working
[2026-07-08 16:47:23] data_length 12 iseq 56
[2026-07-08 16:47:23] begin switch_method
[2026-07-08 16:47:23] find command id515
[2026-07-08 16:47:23] data_length 17 iseq 57
[2026-07-08 16:47:23] buffer is less than sof_index + frame_length(26), buffer size: b'\xa5\x11\x009\x00\x01\x02\t\x01\x00\x00\x00\x00\x00\x00\x00\x00\x00\x00\x00'
[2026-07-08 16:47:23] out while is working
[2026-07-08 16:47:23] data_length 17 iseq 57
[2026-07-08 16:47:23] buffer is less than sof_index + frame_length(26), buffer size: b'\xa5\x11\x009\x00\x01\x02\t\x01\x00\x00\x00\x00\x00\x00\x00\x00\x00\x00\x00\x00'
[2026-07-08 16:47:23] out while is working
[2026-07-08 16:47:23] data_length 17 iseq 57
[2026-07-08 16:47:23] begin switch_method
[2026-07-08 16:47:23] find command id513
[2026-07-08 16:47:23] buffer is less than 5, real size: 0
[2026-07-08 16:47:23] out while is working
[2026-07-08 16:47:23] buffer is less than 5, real size: 0
[2026-07-08 16:47:23] out while is working
[2026-07-08 16:47:23] buffer is less than 5, real size: 0
[2026-07-08 16:47:23] out while is working
[2026-07-08 16:47:23] buffer is less than 5, real size: 0
[2026-07-08 16:47:23] out while is working
[2026-07-08 16:47:23] buffer is less than 5, real size: 0
[2026-07-08 16:47:23] out while is working
[2026-07-08 16:47:23] buffer is less than 5, real size: 0
[2026-07-08 16:47:23] out while is working
[2026-07-08 16:47:23] buffer is less than 5, real size: 0
[2026-07-08 16:47:23] out while is working
[2026-07-08 16:47:23] buffer is less than 5, real size: 0
[2026-07-08 16:47:23] out while is working
[2026-07-08 16:47:23] buffer is less than 5, real size: 0
[2026-07-08 16:47:23] out while is working
[2026-07-08 16:47:23] buffer is less than 5, real size: 0
[2026-07-08 16:47:23] out while is working
[2026-07-08 16:47:23] buffer is less than 5, real size: 1
[2026-07-08 16:47:23] out while is working
[2026-07-08 16:47:23] data_length 14 iseq 58
[2026-07-08 16:47:23] begin switch_method
[2026-07-08 16:47:23] find command id514
[2026-07-08 16:47:23] data_length 17 iseq 59
[2026-07-08 16:47:23] buffer is less than sof_index + frame_length(26), buffer size: b'\xa5\x11\x00;\xbc\x01\x02\t\x01'
[2026-07-08 16:47:23] out while is working
[2026-07-08 16:47:23] data_length 17 iseq 59
[2026-07-08 16:47:23] buffer is less than sof_index + frame_length(26), buffer size: b'\xa5\x11\x00;\xbc\x01\x02\t\x01\x00'
[2026-07-08 16:47:23] out while is working
[2026-07-08 16:47:23] data_length 17 iseq 59
[2026-07-08 16:47:23] begin switch_method
[2026-07-08 16:47:23] find command id513
[2026-07-08 16:47:23] buffer is less than 5, real size: 0
[2026-07-08 16:47:23] out while is working
[2026-07-08 16:47:24] buffer is less than 5, real size: 0
[2026-07-08 16:47:24] out while is working
[2026-07-08 16:47:24] buffer is less than 5, real size: 0
[2026-07-08 16:47:24] out while is working
[2026-07-08 16:47:24] buffer is less than 5, real size: 0
[2026-07-08 16:47:24] out while is working
[2026-07-08 16:47:24] buffer is less than 5, real size: 0
[2026-07-08 16:47:24] out while is working
[2026-07-08 16:47:24] buffer is less than 5, real size: 0
[2026-07-08 16:47:24] out while is working
[2026-07-08 16:47:24] buffer is less than 5, real size: 0
[2026-07-08 16:47:24] out while is working
[2026-07-08 16:47:24] buffer is less than 5, real size: 0
[2026-07-08 16:47:24] out while is working
[2026-07-08 16:47:24] buffer is less than 5, real size: 0
[2026-07-08 16:47:24] out while is working
[2026-07-08 16:47:24] buffer is less than 5, real size: 0
[2026-07-08 16:47:24] out while is working
[2026-07-08 16:47:24] buffer is less than 5, real size: 1
[2026-07-08 16:47:24] out while is working
[2026-07-08 16:47:24] data_length 14 iseq 60
[2026-07-08 16:47:24] begin switch_method
[2026-07-08 16:47:24] find command id514
[2026-07-08 16:47:24] data_length 17 iseq 61
[2026-07-08 16:47:24] buffer is less than sof_index + frame_length(26), buffer size: b'\xa5\x11\x00=a\x01\x02\t\x01'
[2026-07-08 16:47:24] out while is working
[2026-07-08 16:47:24] data_length 17 iseq 61
[2026-07-08 16:47:24] buffer is less than sof_index + frame_length(26), buffer size: b'\xa5\x11\x00=a\x01\x02\t\x01\x00'
[2026-07-08 16:47:24] out while is working
[2026-07-08 16:47:24] data_length 17 iseq 61
[2026-07-08 16:47:24] begin switch_method
[2026-07-08 16:47:24] find command id513
[2026-07-08 16:47:24] buffer is less than 5, real size: 0
[2026-07-08 16:47:24] out while is working
[2026-07-08 16:47:24] buffer is less than 5, real size: 0
[2026-07-08 16:47:24] out while is working
[2026-07-08 16:47:24] buffer is less than 5, real size: 0
[2026-07-08 16:47:24] out while is working
[2026-07-08 16:47:24] buffer is less than 5, real size: 0
[2026-07-08 16:47:24] out while is working
[2026-07-08 16:47:24] buffer is less than 5, real size: 0
[2026-07-08 16:47:24] out while is working
[2026-07-08 16:47:24] buffer is less than 5, real size: 0
[2026-07-08 16:47:24] out while is working
[2026-07-08 16:47:24] buffer is less than 5, real size: 0
[2026-07-08 16:47:24] out while is working
[2026-07-08 16:47:24] buffer is less than 5, real size: 0
[2026-07-08 16:47:24] out while is working
[2026-07-08 16:47:24] buffer is less than 5, real size: 0
[2026-07-08 16:47:24] out while is working
[2026-07-08 16:47:24] buffer is less than 5, real size: 0
[2026-07-08 16:47:24] out while is working
[2026-07-08 16:47:24] buffer is less than 5, real size: 1
[2026-07-08 16:47:24] out while is working
[2026-07-08 16:47:24] data_length 14 iseq 62
[2026-07-08 16:47:24] begin switch_method
[2026-07-08 16:47:24] find command id514
[2026-07-08 16:47:24] data_length 17 iseq 63
[2026-07-08 16:47:24] buffer is less than sof_index + frame_length(26), buffer size: b'\xa5\x11\x00?\xdd\x01\x02\t\x01'
[2026-07-08 16:47:24] out while is working
[2026-07-08 16:47:24] data_length 17 iseq 63
[2026-07-08 16:47:24] buffer is less than sof_index + frame_length(26), buffer size: b'\xa5\x11\x00?\xdd\x01\x02\t\x01\x00'
[2026-07-08 16:47:24] out while is working
[2026-07-08 16:47:24] data_length 17 iseq 63
[2026-07-08 16:47:24] begin switch_method
[2026-07-08 16:47:24] find command id513
[2026-07-08 16:47:24] buffer is less than 5, real size: 0
[2026-07-08 16:47:24] out while is working
[2026-07-08 16:47:24] buffer is less than 5, real size: 0
[2026-07-08 16:47:24] out while is working
[2026-07-08 16:47:24] buffer is less than 5, real size: 0
[2026-07-08 16:47:24] out while is working
[2026-07-08 16:47:24] buffer is less than 5, real size: 0
[2026-07-08 16:47:24] out while is working
[2026-07-08 16:47:24] buffer is less than 5, real size: 0
[2026-07-08 16:47:24] out while is working
[2026-07-08 16:47:24] buffer is less than 5, real size: 0
[2026-07-08 16:47:24] out while is working
[2026-07-08 16:47:24] buffer is less than 5, real size: 0
[2026-07-08 16:47:24] out while is working
[2026-07-08 16:47:24] buffer is less than 5, real size: 0
[2026-07-08 16:47:24] out while is working
[2026-07-08 16:47:24] buffer is less than 5, real size: 0
[2026-07-08 16:47:24] out while is working
[2026-07-08 16:47:24] buffer is less than 5, real size: 0
[2026-07-08 16:47:24] out while is working
[2026-07-08 16:47:24] buffer is less than 5, real size: 1
[2026-07-08 16:47:24] out while is working
[2026-07-08 16:47:24] data_length 14 iseq 64
[2026-07-08 16:47:24] begin switch_method
[2026-07-08 16:47:24] find command id514
[2026-07-08 16:47:24] data_length 17 iseq 65
[2026-07-08 16:47:24] buffer is less than sof_index + frame_length(26), buffer size: b'\xa5\x11\x00A:\x01\x02\t\x01'
[2026-07-08 16:47:24] out while is working
[2026-07-08 16:47:24] data_length 17 iseq 65
[2026-07-08 16:47:24] buffer is less than sof_index + frame_length(26), buffer size: b'\xa5\x11\x00A:\x01\x02\t\x01\x00'
[2026-07-08 16:47:24] out while is working
[2026-07-08 16:47:24] data_length 17 iseq 65
[2026-07-08 16:47:24] begin switch_method
[2026-07-08 16:47:24] find command id513
[2026-07-08 16:47:24] buffer is less than 5, real size: 0
[2026-07-08 16:47:24] out while is working
[2026-07-08 16:47:24] buffer is less than 5, real size: 0
[2026-07-08 16:47:24] out while is working
[2026-07-08 16:47:24] buffer is less than 5, real size: 0
[2026-07-08 16:47:24] out while is working
[2026-07-08 16:47:24] buffer is less than 5, real size: 0
[2026-07-08 16:47:24] out while is working
[2026-07-08 16:47:24] buffer is less than 5, real size: 0
[2026-07-08 16:47:24] out while is working
[2026-07-08 16:47:24] buffer is less than 5, real size: 0
[2026-07-08 16:47:24] out while is working
[2026-07-08 16:47:24] buffer is less than 5, real size: 0
[2026-07-08 16:47:24] out while is working
[2026-07-08 16:47:24] buffer is less than 5, real size: 0
[2026-07-08 16:47:24] out while is working
[2026-07-08 16:47:24] buffer is less than 5, real size: 0
[2026-07-08 16:47:24] out while is working
[2026-07-08 16:47:24] buffer is less than 5, real size: 0
[2026-07-08 16:47:24] out while is working
[2026-07-08 16:47:24] buffer is less than 5, real size: 1
[2026-07-08 16:47:24] out while is working
[2026-07-08 16:47:24] data_length 14 iseq 66
[2026-07-08 16:47:24] begin switch_method
[2026-07-08 16:47:24] find command id514
[2026-07-08 16:47:24] data_length 17 iseq 67
[2026-07-08 16:47:24] buffer is less than sof_index + frame_length(26), buffer size: b'\xa5\x11\x00C\x86\x01\x02\t\x01'
[2026-07-08 16:47:24] out while is working
[2026-07-08 16:47:24] data_length 17 iseq 67
[2026-07-08 16:47:24] buffer is less than sof_index + frame_length(26), buffer size: b'\xa5\x11\x00C\x86\x01\x02\t\x01\x00'
[2026-07-08 16:47:24] out while is working
[2026-07-08 16:47:24] data_length 17 iseq 67
[2026-07-08 16:47:24] begin switch_method
[2026-07-08 16:47:24] find command id513
[2026-07-08 16:47:24] buffer is less than 5, real size: 0
[2026-07-08 16:47:24] out while is working
[2026-07-08 16:47:24] buffer is less than 5, real size: 0
[2026-07-08 16:47:24] out while is working
[2026-07-08 16:47:24] buffer is less than 5, real size: 0
[2026-07-08 16:47:24] out while is working
[2026-07-08 16:47:24] buffer is less than 5, real size: 0
[2026-07-08 16:47:24] out while is working
[2026-07-08 16:47:24] buffer is less than 5, real size: 0
[2026-07-08 16:47:24] out while is working
[2026-07-08 16:47:24] buffer is less than 5, real size: 0
[2026-07-08 16:47:24] out while is working
[2026-07-08 16:47:24] buffer is less than 5, real size: 0
[2026-07-08 16:47:24] out while is working
[2026-07-08 16:47:24] buffer is less than 5, real size: 0
[2026-07-08 16:47:24] out while is working
[2026-07-08 16:47:24] buffer is less than 5, real size: 0
[2026-07-08 16:47:24] out while is working
[2026-07-08 16:47:24] buffer is less than 5, real size: 0
[2026-07-08 16:47:24] out while is working
[2026-07-08 16:47:24] buffer is less than 5, real size: 1
[2026-07-08 16:47:24] out while is working
[2026-07-08 16:47:24] data_length 14 iseq 68
[2026-07-08 16:47:24] begin switch_method
[2026-07-08 16:47:24] find command id514
[2026-07-08 16:47:24] data_length 17 iseq 69
[2026-07-08 16:47:24] buffer is less than sof_index + frame_length(26), buffer size: b'\xa5\x11\x00E[\x01\x02\t\x01'
[2026-07-08 16:47:24] out while is working
[2026-07-08 16:47:24] data_length 17 iseq 69
[2026-07-08 16:47:24] buffer is less than sof_index + frame_length(26), buffer size: b'\xa5\x11\x00E[\x01\x02\t\x01\x00'
[2026-07-08 16:47:24] out while is working
[2026-07-08 16:47:24] data_length 17 iseq 69
[2026-07-08 16:47:24] begin switch_method
[2026-07-08 16:47:24] find command id513
[2026-07-08 16:47:24] buffer is less than 5, real size: 0
[2026-07-08 16:47:24] out while is working
[2026-07-08 16:47:24] buffer is less than 5, real size: 0
[2026-07-08 16:47:24] out while is working
[2026-07-08 16:47:24] buffer is less than 5, real size: 0
[2026-07-08 16:47:24] out while is working
[2026-07-08 16:47:24] buffer is less than 5, real size: 0
[2026-07-08 16:47:24] out while is working
[2026-07-08 16:47:24] buffer is less than 5, real size: 0
[2026-07-08 16:47:24] out while is working
[2026-07-08 16:47:24] buffer is less than 5, real size: 0
[2026-07-08 16:47:24] out while is working
[2026-07-08 16:47:24] buffer is less than 5, real size: 0
[2026-07-08 16:47:24] out while is working
[2026-07-08 16:47:24] buffer is less than 5, real size: 0
[2026-07-08 16:47:24] out while is working
[2026-07-08 16:47:24] buffer is less than 5, real size: 0
[2026-07-08 16:47:24] out while is working
[2026-07-08 16:47:24] buffer is less than 5, real size: 0
[2026-07-08 16:47:24] out while is working
[2026-07-08 16:47:24] buffer is less than 5, real size: 0
[2026-07-08 16:47:24] out while is working
[2026-07-08 16:47:24] buffer is less than 5, real size: 1
[2026-07-08 16:47:24] out while is working
[2026-07-08 16:47:24] data_length 14 iseq 70
[2026-07-08 16:47:24] begin switch_method
[2026-07-08 16:47:24] find command id514
[2026-07-08 16:47:24] data_length 17 iseq 71
[2026-07-08 16:47:24] buffer is less than sof_index + frame_length(26), buffer size: b'\xa5\x11\x00G\xe7\x01\x02\t\x01'
[2026-07-08 16:47:24] out while is working
[2026-07-08 16:47:24] data_length 17 iseq 71
[2026-07-08 16:47:24] buffer is less than sof_index + frame_length(26), buffer size: b'\xa5\x11\x00G\xe7\x01\x02\t\x01\x00'
[2026-07-08 16:47:24] out while is working
[2026-07-08 16:47:24] data_length 17 iseq 71
[2026-07-08 16:47:24] begin switch_method
[2026-07-08 16:47:24] find command id513
[2026-07-08 16:47:24] buffer is less than 5, real size: 0
[2026-07-08 16:47:24] out while is working
[2026-07-08 16:47:24] buffer is less than 5, real size: 0
[2026-07-08 16:47:24] out while is working
[2026-07-08 16:47:24] buffer is less than 5, real size: 0
[2026-07-08 16:47:24] out while is working
[2026-07-08 16:47:24] buffer is less than 5, real size: 0
[2026-07-08 16:47:24] out while is working
[2026-07-08 16:47:24] buffer is less than 5, real size: 0
[2026-07-08 16:47:24] out while is working
[2026-07-08 16:47:24] buffer is less than 5, real size: 0
[2026-07-08 16:47:24] out while is working
[2026-07-08 16:47:24] buffer is less than 5, real size: 0
[2026-07-08 16:47:24] out while is working
[2026-07-08 16:47:24] buffer is less than 5, real size: 0
[2026-07-08 16:47:24] out while is working
[2026-07-08 16:47:24] buffer is less than 5, real size: 0
[2026-07-08 16:47:24] out while is working
[2026-07-08 16:47:24] buffer is less than 5, real size: 0
[2026-07-08 16:47:24] out while is working
[2026-07-08 16:47:24] buffer is less than 5, real size: 1
[2026-07-08 16:47:24] out while is working
[2026-07-08 16:47:24] data_length 14 iseq 72
[2026-07-08 16:47:24] begin switch_method
[2026-07-08 16:47:24] find command id514
[2026-07-08 16:47:24] data_length 17 iseq 73
[2026-07-08 16:47:24] buffer is less than sof_index + frame_length(26), buffer size: b'\xa5\x11\x00I\xf8\x01\x02\t\x01'
[2026-07-08 16:47:24] out while is working
[2026-07-08 16:47:24] data_length 17 iseq 73
[2026-07-08 16:47:24] buffer is less than sof_index + frame_length(26), buffer size: b'\xa5\x11\x00I\xf8\x01\x02\t\x01\x00'
[2026-07-08 16:47:24] out while is working
[2026-07-08 16:47:24] data_length 17 iseq 73
[2026-07-08 16:47:24] begin switch_method
[2026-07-08 16:47:24] find command id513
[2026-07-08 16:47:24] buffer is less than 5, real size: 0
[2026-07-08 16:47:24] out while is working
[2026-07-08 16:47:24] buffer is less than 5, real size: 0
[2026-07-08 16:47:24] out while is working
[2026-07-08 16:47:24] buffer is less than 5, real size: 0
[2026-07-08 16:47:24] out while is working
[2026-07-08 16:47:24] buffer is less than 5, real size: 0
[2026-07-08 16:47:24] out while is working
[2026-07-08 16:47:24] buffer is less than 5, real size: 0
[2026-07-08 16:47:24] out while is working
[2026-07-08 16:47:24] buffer is less than 5, real size: 0
[2026-07-08 16:47:24] out while is working
[2026-07-08 16:47:24] buffer is less than 5, real size: 0
[2026-07-08 16:47:24] out while is working
[2026-07-08 16:47:24] buffer is less than 5, real size: 0
[2026-07-08 16:47:24] out while is working
[2026-07-08 16:47:24] buffer is less than 5, real size: 0
[2026-07-08 16:47:24] out while is working
[2026-07-08 16:47:24] buffer is less than 5, real size: 0
[2026-07-08 16:47:24] out while is working
[2026-07-08 16:47:24] buffer is less than 5, real size: 1
[2026-07-08 16:47:24] out while is working
[2026-07-08 16:47:24] data_length 14 iseq 74
[2026-07-08 16:47:24] begin switch_method
[2026-07-08 16:47:24] find command id514
[2026-07-08 16:47:24] data_length 17 iseq 75
[2026-07-08 16:47:24] buffer is less than sof_index + frame_length(26), buffer size: b'\xa5\x11\x00KD\x01\x02\t\x01'
[2026-07-08 16:47:24] out while is working
[2026-07-08 16:47:24] data_length 17 iseq 75
[2026-07-08 16:47:24] buffer is less than sof_index + frame_length(26), buffer size: b'\xa5\x11\x00KD\x01\x02\t\x01\x00'
[2026-07-08 16:47:24] out while is working
[2026-07-08 16:47:24] data_length 17 iseq 75
[2026-07-08 16:47:24] begin switch_method
[2026-07-08 16:47:24] find command id513
[2026-07-08 16:47:24] buffer is less than 5, real size: 0
[2026-07-08 16:47:24] out while is working
[2026-07-08 16:47:24] buffer is less than 5, real size: 0
[2026-07-08 16:47:24] out while is working
[2026-07-08 16:47:24] buffer is less than 5, real size: 0
[2026-07-08 16:47:24] out while is working
[2026-07-08 16:47:24] buffer is less than 5, real size: 0
[2026-07-08 16:47:24] out while is working
[2026-07-08 16:47:24] buffer is less than 5, real size: 0
[2026-07-08 16:47:24] out while is working
[2026-07-08 16:47:24] buffer is less than 5, real size: 0
[2026-07-08 16:47:24] out while is working
[2026-07-08 16:47:24] buffer is less than 5, real size: 0
[2026-07-08 16:47:24] out while is working
[2026-07-08 16:47:24] buffer is less than 5, real size: 0
[2026-07-08 16:47:24] out while is working
[2026-07-08 16:47:24] buffer is less than 5, real size: 0
[2026-07-08 16:47:24] out while is working
[2026-07-08 16:47:24] buffer is less than 5, real size: 0
[2026-07-08 16:47:24] out while is working
[2026-07-08 16:47:24] buffer is less than 5, real size: 0
[2026-07-08 16:47:24] out while is working
[2026-07-08 16:47:24] buffer is less than 5, real size: 0
[2026-07-08 16:47:24] out while is working
[2026-07-08 16:47:24] buffer is less than 5, real size: 0
[2026-07-08 16:47:24] out while is working
[2026-07-08 16:47:24] buffer is less than 5, real size: 0
[2026-07-08 16:47:24] out while is working
[2026-07-08 16:47:24] buffer is less than 5, real size: 1
[2026-07-08 16:47:24] out while is working
[2026-07-08 16:47:24] data_length 14 iseq 76
[2026-07-08 16:47:24] begin switch_method
[2026-07-08 16:47:24] find command id514
[2026-07-08 16:47:24] data_length 12 iseq 77
[2026-07-08 16:47:24] buffer is less than sof_index + frame_length(21), buffer size: b'\xa5\x0c\x00M\xc3\x03\x02\x00\x00'
[2026-07-08 16:47:24] out while is working
[2026-07-08 16:47:24] data_length 12 iseq 77
[2026-07-08 16:47:24] buffer is less than sof_index + frame_length(21), buffer size: b'\xa5\x0c\x00M\xc3\x03\x02\x00\x00\x00'
[2026-07-08 16:47:24] out while is working
[2026-07-08 16:47:24] data_length 12 iseq 77
[2026-07-08 16:47:24] begin switch_method
[2026-07-08 16:47:24] find command id515
[2026-07-08 16:47:24] data_length 17 iseq 78
[2026-07-08 16:47:24] buffer is less than sof_index + frame_length(26), buffer size: b'\xa5\x11\x00N{\x01\x02\t\x01\x00\x00\x00\x00\x00\x00\x00\x00\x00\x00\x00'
[2026-07-08 16:47:24] out while is working
[2026-07-08 16:47:24] data_length 17 iseq 78
[2026-07-08 16:47:24] buffer is less than sof_index + frame_length(26), buffer size: b'\xa5\x11\x00N{\x01\x02\t\x01\x00\x00\x00\x00\x00\x00\x00\x00\x00\x00\x00\x00'
[2026-07-08 16:47:24] out while is working
[2026-07-08 16:47:24] data_length 17 iseq 78
[2026-07-08 16:47:24] begin switch_method
[2026-07-08 16:47:24] find command id513
[2026-07-08 16:47:24] buffer is less than 5, real size: 0
[2026-07-08 16:47:24] out while is working
[2026-07-08 16:47:24] buffer is less than 5, real size: 0
[2026-07-08 16:47:24] out while is working
[2026-07-08 16:47:24] buffer is less than 5, real size: 0
[2026-07-08 16:47:24] out while is working
[2026-07-08 16:47:24] buffer is less than 5, real size: 0
[2026-07-08 16:47:24] out while is working
[2026-07-08 16:47:24] buffer is less than 5, real size: 0
[2026-07-08 16:47:24] out while is working
[2026-07-08 16:47:25] buffer is less than 5, real size: 0
[2026-07-08 16:47:25] out while is working
[2026-07-08 16:47:25] buffer is less than 5, real size: 0
[2026-07-08 16:47:25] out while is working
[2026-07-08 16:47:25] buffer is less than 5, real size: 1
[2026-07-08 16:47:25] out while is working
[2026-07-08 16:47:25] data_length 14 iseq 79
[2026-07-08 16:47:25] begin switch_method
[2026-07-08 16:47:25] find command id514
[2026-07-08 16:47:25] data_length 17 iseq 80
[2026-07-08 16:47:25] buffer is less than sof_index + frame_length(26), buffer size: b'\xa5\x11\x00P\xf9\x01\x02\t\x01'
[2026-07-08 16:47:25] out while is working
[2026-07-08 16:47:25] data_length 17 iseq 80
[2026-07-08 16:47:25] buffer is less than sof_index + frame_length(26), buffer size: b'\xa5\x11\x00P\xf9\x01\x02\t\x01\x00'
[2026-07-08 16:47:25] out while is working
[2026-07-08 16:47:25] data_length 17 iseq 80
[2026-07-08 16:47:25] begin switch_method
[2026-07-08 16:47:25] find command id513
[2026-07-08 16:47:25] buffer is less than 5, real size: 0
[2026-07-08 16:47:25] out while is working
[2026-07-08 16:47:25] buffer is less than 5, real size: 0
[2026-07-08 16:47:25] out while is working
[2026-07-08 16:47:25] buffer is less than 5, real size: 0
[2026-07-08 16:47:25] out while is working
[2026-07-08 16:47:25] buffer is less than 5, real size: 0
[2026-07-08 16:47:25] out while is working
[2026-07-08 16:47:25] buffer is less than 5, real size: 0
[2026-07-08 16:47:25] out while is working
[2026-07-08 16:47:25] buffer is less than 5, real size: 0
[2026-07-08 16:47:25] out while is working
[2026-07-08 16:47:25] buffer is less than 5, real size: 0
[2026-07-08 16:47:25] out while is working
[2026-07-08 16:47:25] buffer is less than 5, real size: 0
[2026-07-08 16:47:25] out while is working
[2026-07-08 16:47:25] buffer is less than 5, real size: 0
[2026-07-08 16:47:25] out while is working
[2026-07-08 16:47:25] buffer is less than 5, real size: 0
[2026-07-08 16:47:25] out while is working
[2026-07-08 16:47:25] buffer is less than 5, real size: 1
[2026-07-08 16:47:25] out while is working
[2026-07-08 16:47:25] data_length 14 iseq 81
[2026-07-08 16:47:25] begin switch_method
[2026-07-08 16:47:25] find command id514
[2026-07-08 16:47:25] data_length 17 iseq 82
[2026-07-08 16:47:25] buffer is less than sof_index + frame_length(26), buffer size: b'\xa5\x11\x00RE\x01\x02\t\x01'
[2026-07-08 16:47:25] out while is working
[2026-07-08 16:47:25] data_length 17 iseq 82
[2026-07-08 16:47:25] buffer is less than sof_index + frame_length(26), buffer size: b'\xa5\x11\x00RE\x01\x02\t\x01\x00'
[2026-07-08 16:47:25] out while is working
[2026-07-08 16:47:25] data_length 17 iseq 82
[2026-07-08 16:47:25] begin switch_method
[2026-07-08 16:47:25] find command id513
[2026-07-08 16:47:25] buffer is less than 5, real size: 0
[2026-07-08 16:47:25] out while is working
[2026-07-08 16:47:25] buffer is less than 5, real size: 0
[2026-07-08 16:47:25] out while is working
[2026-07-08 16:47:25] buffer is less than 5, real size: 0
[2026-07-08 16:47:25] out while is working
[2026-07-08 16:47:25] buffer is less than 5, real size: 0
[2026-07-08 16:47:25] out while is working
[2026-07-08 16:47:25] buffer is less than 5, real size: 0
[2026-07-08 16:47:25] out while is working
[2026-07-08 16:47:25] buffer is less than 5, real size: 0
[2026-07-08 16:47:25] out while is working
[2026-07-08 16:47:25] buffer is less than 5, real size: 0
[2026-07-08 16:47:25] out while is working
[2026-07-08 16:47:25] buffer is less than 5, real size: 0
[2026-07-08 16:47:25] out while is working
[2026-07-08 16:47:25] buffer is less than 5, real size: 0
[2026-07-08 16:47:25] out while is working
[2026-07-08 16:47:25] buffer is less than 5, real size: 0
[2026-07-08 16:47:25] out while is working
[2026-07-08 16:47:25] buffer is less than 5, real size: 1
[2026-07-08 16:47:25] out while is working
[2026-07-08 16:47:25] data_length 14 iseq 83
[2026-07-08 16:47:25] begin switch_method
[2026-07-08 16:47:25] find command id514
[2026-07-08 16:47:25] data_length 17 iseq 84
[2026-07-08 16:47:25] buffer is less than sof_index + frame_length(26), buffer size: b'\xa5\x11\x00T\x98\x01\x02\t\x01'
[2026-07-08 16:47:25] out while is working
[2026-07-08 16:47:25] data_length 17 iseq 84
[2026-07-08 16:47:25] buffer is less than sof_index + frame_length(26), buffer size: b'\xa5\x11\x00T\x98\x01\x02\t\x01\x00'
[2026-07-08 16:47:25] out while is working
[2026-07-08 16:47:25] data_length 17 iseq 84
[2026-07-08 16:47:25] begin switch_method
[2026-07-08 16:47:25] find command id513
[2026-07-08 16:47:25] buffer is less than 5, real size: 0
[2026-07-08 16:47:25] out while is working
[2026-07-08 16:47:25] buffer is less than 5, real size: 0
[2026-07-08 16:47:25] out while is working
[2026-07-08 16:47:25] buffer is less than 5, real size: 0
[2026-07-08 16:47:25] out while is working
[2026-07-08 16:47:25] buffer is less than 5, real size: 0
[2026-07-08 16:47:25] out while is working
[2026-07-08 16:47:25] buffer is less than 5, real size: 0
[2026-07-08 16:47:25] out while is working
[2026-07-08 16:47:25] buffer is less than 5, real size: 0
[2026-07-08 16:47:25] out while is working
[2026-07-08 16:47:25] buffer is less than 5, real size: 0
[2026-07-08 16:47:25] out while is working
[2026-07-08 16:47:25] buffer is less than 5, real size: 0
[2026-07-08 16:47:25] out while is working
[2026-07-08 16:47:25] buffer is less than 5, real size: 0
[2026-07-08 16:47:25] out while is working
[2026-07-08 16:47:25] buffer is less than 5, real size: 0
[2026-07-08 16:47:25] out while is working
[2026-07-08 16:47:25] buffer is less than 5, real size: 1
[2026-07-08 16:47:25] out while is working
[2026-07-08 16:47:25] data_length 14 iseq 85
[2026-07-08 16:47:25] begin switch_method
[2026-07-08 16:47:25] find command id514
[2026-07-08 16:47:25] data_length 17 iseq 86
[2026-07-08 16:47:25] buffer is less than sof_index + frame_length(26), buffer size: b'\xa5\x11\x00V$\x01\x02\t\x01'
[2026-07-08 16:47:25] out while is working
[2026-07-08 16:47:25] data_length 17 iseq 86
[2026-07-08 16:47:25] buffer is less than sof_index + frame_length(26), buffer size: b'\xa5\x11\x00V$\x01\x02\t\x01\x00'
[2026-07-08 16:47:25] out while is working
[2026-07-08 16:47:25] data_length 17 iseq 86
[2026-07-08 16:47:25] begin switch_method
[2026-07-08 16:47:25] find command id513
[2026-07-08 16:47:25] buffer is less than 5, real size: 0
[2026-07-08 16:47:25] out while is working
[2026-07-08 16:47:25] buffer is less than 5, real size: 0
[2026-07-08 16:47:25] out while is working
[2026-07-08 16:47:25] buffer is less than 5, real size: 0
[2026-07-08 16:47:25] out while is working
[2026-07-08 16:47:25] buffer is less than 5, real size: 0
[2026-07-08 16:47:25] out while is working
[2026-07-08 16:47:25] buffer is less than 5, real size: 0
[2026-07-08 16:47:25] out while is working
[2026-07-08 16:47:25] buffer is less than 5, real size: 0
[2026-07-08 16:47:25] out while is working
[2026-07-08 16:47:25] buffer is less than 5, real size: 0
[2026-07-08 16:47:25] out while is working
[2026-07-08 16:47:25] buffer is less than 5, real size: 0
[2026-07-08 16:47:25] out while is working
[2026-07-08 16:47:25] buffer is less than 5, real size: 0
[2026-07-08 16:47:25] out while is working
[2026-07-08 16:47:25] buffer is less than 5, real size: 0
[2026-07-08 16:47:25] out while is working
[2026-07-08 16:47:25] buffer is less than 5, real size: 1
[2026-07-08 16:47:25] out while is working
[2026-07-08 16:47:25] data_length 14 iseq 87
[2026-07-08 16:47:25] begin switch_method
[2026-07-08 16:47:25] find command id514
[2026-07-08 16:47:25] data_length 17 iseq 88
[2026-07-08 16:47:25] buffer is less than sof_index + frame_length(26), buffer size: b'\xa5\x11\x00X;\x01\x02\t\x01'
[2026-07-08 16:47:25] out while is working
[2026-07-08 16:47:25] data_length 17 iseq 88
[2026-07-08 16:47:25] buffer is less than sof_index + frame_length(26), buffer size: b'\xa5\x11\x00X;\x01\x02\t\x01\x00'
[2026-07-08 16:47:25] out while is working
[2026-07-08 16:47:25] data_length 17 iseq 88
[2026-07-08 16:47:25] begin switch_method
[2026-07-08 16:47:25] find command id513
[2026-07-08 16:47:25] buffer is less than 5, real size: 0
[2026-07-08 16:47:25] out while is working
[2026-07-08 16:47:25] buffer is less than 5, real size: 0
[2026-07-08 16:47:25] out while is working
[2026-07-08 16:47:25] buffer is less than 5, real size: 0
[2026-07-08 16:47:25] out while is working
[2026-07-08 16:47:25] buffer is less than 5, real size: 0
[2026-07-08 16:47:25] out while is working
[2026-07-08 16:47:25] buffer is less than 5, real size: 0
[2026-07-08 16:47:25] out while is working
[2026-07-08 16:47:25] buffer is less than 5, real size: 0
[2026-07-08 16:47:25] out while is working
[2026-07-08 16:47:25] buffer is less than 5, real size: 0
[2026-07-08 16:47:25] out while is working
[2026-07-08 16:47:25] buffer is less than 5, real size: 0
[2026-07-08 16:47:25] out while is working
[2026-07-08 16:47:25] buffer is less than 5, real size: 0
[2026-07-08 16:47:25] out while is working
[2026-07-08 16:47:25] buffer is less than 5, real size: 0
[2026-07-08 16:47:25] out while is working
[2026-07-08 16:47:25] buffer is less than 5, real size: 1
[2026-07-08 16:47:25] out while is working
[2026-07-08 16:47:25] data_length 14 iseq 89
[2026-07-08 16:47:25] begin switch_method
[2026-07-08 16:47:25] find command id514
[2026-07-08 16:47:25] data_length 17 iseq 90
[2026-07-08 16:47:25] buffer is less than sof_index + frame_length(26), buffer size: b'\xa5\x11\x00Z\x87\x01\x02\t\x01'
[2026-07-08 16:47:25] out while is working
[2026-07-08 16:47:25] data_length 17 iseq 90
[2026-07-08 16:47:25] buffer is less than sof_index + frame_length(26), buffer size: b'\xa5\x11\x00Z\x87\x01\x02\t\x01\x00'
[2026-07-08 16:47:25] out while is working
[2026-07-08 16:47:25] data_length 17 iseq 90
[2026-07-08 16:47:25] begin switch_method
[2026-07-08 16:47:25] find command id513
[2026-07-08 16:47:25] buffer is less than 5, real size: 0
[2026-07-08 16:47:25] out while is working
[2026-07-08 16:47:25] buffer is less than 5, real size: 0
[2026-07-08 16:47:25] out while is working
[2026-07-08 16:47:25] buffer is less than 5, real size: 0
[2026-07-08 16:47:25] out while is working
[2026-07-08 16:47:25] buffer is less than 5, real size: 0
[2026-07-08 16:47:25] out while is working
[2026-07-08 16:47:25] buffer is less than 5, real size: 0
[2026-07-08 16:47:25] out while is working
[2026-07-08 16:47:25] buffer is less than 5, real size: 0
[2026-07-08 16:47:25] out while is working
[2026-07-08 16:47:25] buffer is less than 5, real size: 0
[2026-07-08 16:47:25] out while is working
[2026-07-08 16:47:25] buffer is less than 5, real size: 0
[2026-07-08 16:47:25] out while is working
[2026-07-08 16:47:25] buffer is less than 5, real size: 0
[2026-07-08 16:47:25] out while is working
[2026-07-08 16:47:25] buffer is less than 5, real size: 0
[2026-07-08 16:47:25] out while is working
[2026-07-08 16:47:25] buffer is less than 5, real size: 1
[2026-07-08 16:47:25] out while is working
[2026-07-08 16:47:25] data_length 14 iseq 91
[2026-07-08 16:47:25] begin switch_method
[2026-07-08 16:47:25] find command id514
[2026-07-08 16:47:25] data_length 17 iseq 92
[2026-07-08 16:47:25] buffer is less than sof_index + frame_length(26), buffer size: b'\xa5\x11\x00\\Z\x01\x02\t\x01'
[2026-07-08 16:47:25] out while is working
[2026-07-08 16:47:25] data_length 17 iseq 92
[2026-07-08 16:47:25] buffer is less than sof_index + frame_length(26), buffer size: b'\xa5\x11\x00\\Z\x01\x02\t\x01\x00'
[2026-07-08 16:47:25] out while is working
[2026-07-08 16:47:25] data_length 17 iseq 92
[2026-07-08 16:47:25] begin switch_method
[2026-07-08 16:47:25] find command id513
[2026-07-08 16:47:25] buffer is less than 5, real size: 0
[2026-07-08 16:47:25] out while is working
[2026-07-08 16:47:25] buffer is less than 5, real size: 0
[2026-07-08 16:47:25] out while is working
[2026-07-08 16:47:25] buffer is less than 5, real size: 0
[2026-07-08 16:47:25] out while is working
[2026-07-08 16:47:25] buffer is less than 5, real size: 0
[2026-07-08 16:47:25] out while is working
[2026-07-08 16:47:25] buffer is less than 5, real size: 0
[2026-07-08 16:47:25] out while is working
[2026-07-08 16:47:25] buffer is less than 5, real size: 0
[2026-07-08 16:47:25] out while is working
[2026-07-08 16:47:25] buffer is less than 5, real size: 0
[2026-07-08 16:47:25] out while is working
[2026-07-08 16:47:25] buffer is less than 5, real size: 0
[2026-07-08 16:47:25] out while is working
[2026-07-08 16:47:25] buffer is less than 5, real size: 0
[2026-07-08 16:47:25] out while is working
[2026-07-08 16:47:25] buffer is less than 5, real size: 0
[2026-07-08 16:47:25] out while is working
[2026-07-08 16:47:25] buffer is less than 5, real size: 1
[2026-07-08 16:47:25] out while is working
[2026-07-08 16:47:25] data_length 14 iseq 93
[2026-07-08 16:47:25] begin switch_method
[2026-07-08 16:47:25] find command id514
[2026-07-08 16:47:25] data_length 17 iseq 94
[2026-07-08 16:47:25] buffer is less than sof_index + frame_length(26), buffer size: b'\xa5\x11\x00^\xe6\x01\x02\t\x01'
[2026-07-08 16:47:25] out while is working
[2026-07-08 16:47:25] data_length 17 iseq 94
[2026-07-08 16:47:25] buffer is less than sof_index + frame_length(26), buffer size: b'\xa5\x11\x00^\xe6\x01\x02\t\x01\x00'
[2026-07-08 16:47:25] out while is working
[2026-07-08 16:47:25] data_length 17 iseq 94
[2026-07-08 16:47:25] begin switch_method
[2026-07-08 16:47:25] find command id513
[2026-07-08 16:47:25] buffer is less than 5, real size: 0
[2026-07-08 16:47:25] out while is working
[2026-07-08 16:47:25] buffer is less than 5, real size: 0
[2026-07-08 16:47:25] out while is working
[2026-07-08 16:47:25] buffer is less than 5, real size: 0
[2026-07-08 16:47:25] out while is working
[2026-07-08 16:47:25] buffer is less than 5, real size: 0
[2026-07-08 16:47:25] out while is working
[2026-07-08 16:47:25] buffer is less than 5, real size: 0
[2026-07-08 16:47:25] out while is working
[2026-07-08 16:47:25] buffer is less than 5, real size: 0
[2026-07-08 16:47:25] out while is working
[2026-07-08 16:47:25] buffer is less than 5, real size: 0
[2026-07-08 16:47:25] out while is working
[2026-07-08 16:47:25] buffer is less than 5, real size: 0
[2026-07-08 16:47:25] out while is working
[2026-07-08 16:47:25] buffer is less than 5, real size: 0
[2026-07-08 16:47:25] out while is working
[2026-07-08 16:47:25] buffer is less than 5, real size: 0
[2026-07-08 16:47:25] out while is working
[2026-07-08 16:47:25] buffer is less than 5, real size: 1
[2026-07-08 16:47:25] out while is working
[2026-07-08 16:47:25] data_length 14 iseq 95
[2026-07-08 16:47:25] begin switch_method
[2026-07-08 16:47:25] find command id514
[2026-07-08 16:47:25] data_length 17 iseq 96
[2026-07-08 16:47:25] buffer is less than sof_index + frame_length(26), buffer size: b'\xa5\x11\x00`G\x01\x02\t\x01'
[2026-07-08 16:47:25] out while is working
[2026-07-08 16:47:25] data_length 17 iseq 96
[2026-07-08 16:47:25] buffer is less than sof_index + frame_length(26), buffer size: b'\xa5\x11\x00`G\x01\x02\t\x01\x00'
[2026-07-08 16:47:25] out while is working
[2026-07-08 16:47:25] data_length 17 iseq 96
[2026-07-08 16:47:25] begin switch_method
[2026-07-08 16:47:25] find command id513
[2026-07-08 16:47:25] buffer is less than 5, real size: 0
[2026-07-08 16:47:25] out while is working
[2026-07-08 16:47:25] buffer is less than 5, real size: 0
[2026-07-08 16:47:25] out while is working
[2026-07-08 16:47:25] buffer is less than 5, real size: 0
[2026-07-08 16:47:25] out while is working
[2026-07-08 16:47:25] buffer is less than 5, real size: 0
[2026-07-08 16:47:25] out while is working
[2026-07-08 16:47:25] buffer is less than 5, real size: 0
[2026-07-08 16:47:25] out while is working
[2026-07-08 16:47:25] buffer is less than 5, real size: 0
[2026-07-08 16:47:25] out while is working
[2026-07-08 16:47:25] buffer is less than 5, real size: 0
[2026-07-08 16:47:25] out while is working
[2026-07-08 16:47:25] buffer is less than 5, real size: 0
[2026-07-08 16:47:25] out while is working
[2026-07-08 16:47:25] buffer is less than 5, real size: 0
[2026-07-08 16:47:25] out while is working
[2026-07-08 16:47:25] buffer is less than 5, real size: 0
[2026-07-08 16:47:25] out while is working
[2026-07-08 16:47:25] buffer is less than 5, real size: 1
[2026-07-08 16:47:25] out while is working
[2026-07-08 16:47:25] data_length 14 iseq 97
[2026-07-08 16:47:25] begin switch_method
[2026-07-08 16:47:25] find command id514
[2026-07-08 16:47:25] data_length 12 iseq 98
[2026-07-08 16:47:25] buffer is less than sof_index + frame_length(21), buffer size: b'\xa5\x0c\x00b\xa1\x03\x02\x00\x00'
[2026-07-08 16:47:25] out while is working
[2026-07-08 16:47:25] data_length 12 iseq 98
[2026-07-08 16:47:25] buffer is less than sof_index + frame_length(21), buffer size: b'\xa5\x0c\x00b\xa1\x03\x02\x00\x00\x00'
[2026-07-08 16:47:25] out while is working
[2026-07-08 16:47:25] data_length 12 iseq 98
[2026-07-08 16:47:25] begin switch_method
[2026-07-08 16:47:25] find command id515
[2026-07-08 16:47:25] data_length 17 iseq 99
[2026-07-08 16:47:25] buffer is less than sof_index + frame_length(26), buffer size: b'\xa5\x11\x00c\xa5\x01\x02\t\x01\x00\x00\x00\x00\x00\x00\x00\x00\x00\x00\x00'
[2026-07-08 16:47:25] out while is working
[2026-07-08 16:47:25] data_length 17 iseq 99
[2026-07-08 16:47:25] buffer is less than sof_index + frame_length(26), buffer size: b'\xa5\x11\x00c\xa5\x01\x02\t\x01\x00\x00\x00\x00\x00\x00\x00\x00\x00\x00\x00\x00'
[2026-07-08 16:47:25] out while is working
[2026-07-08 16:47:25] data_length 17 iseq 99
[2026-07-08 16:47:25] begin switch_method
[2026-07-08 16:47:25] find command id513
[2026-07-08 16:47:25] buffer is less than 5, real size: 0
[2026-07-08 16:47:25] out while is working
[2026-07-08 16:47:25] buffer is less than 5, real size: 0
[2026-07-08 16:47:25] out while is working
[2026-07-08 16:47:25] buffer is less than 5, real size: 0
[2026-07-08 16:47:25] out while is working
[2026-07-08 16:47:25] buffer is less than 5, real size: 0
[2026-07-08 16:47:25] out while is working
[2026-07-08 16:47:25] buffer is less than 5, real size: 0
[2026-07-08 16:47:25] out while is working
[2026-07-08 16:47:25] buffer is less than 5, real size: 0
[2026-07-08 16:47:25] out while is working
[2026-07-08 16:47:25] buffer is less than 5, real size: 0
[2026-07-08 16:47:25] out while is working
[2026-07-08 16:47:26] buffer is less than 5, real size: 0
[2026-07-08 16:47:26] out while is working
[2026-07-08 16:47:26] buffer is less than 5, real size: 0
[2026-07-08 16:47:26] out while is working
[2026-07-08 16:47:26] buffer is less than 5, real size: 0
[2026-07-08 16:47:26] out while is working
[2026-07-08 16:47:26] buffer is less than 5, real size: 1
[2026-07-08 16:47:26] out while is working
[2026-07-08 16:47:26] data_length 14 iseq 100
[2026-07-08 16:47:26] begin switch_method
[2026-07-08 16:47:26] find command id514
[2026-07-08 16:47:26] data_length 17 iseq 101
[2026-07-08 16:47:26] buffer is less than sof_index + frame_length(26), buffer size: b'\xa5\x11\x00ex\x01\x02\t\x01'
[2026-07-08 16:47:26] out while is working
[2026-07-08 16:47:26] data_length 17 iseq 101
[2026-07-08 16:47:26] buffer is less than sof_index + frame_length(26), buffer size: b'\xa5\x11\x00ex\x01\x02\t\x01\x00'
[2026-07-08 16:47:26] out while is working
[2026-07-08 16:47:26] data_length 17 iseq 101
[2026-07-08 16:47:26] begin switch_method
[2026-07-08 16:47:26] find command id513
[2026-07-08 16:47:26] buffer is less than 5, real size: 0
[2026-07-08 16:47:26] out while is working
[2026-07-08 16:47:26] buffer is less than 5, real size: 0
[2026-07-08 16:47:26] out while is working
[2026-07-08 16:47:26] buffer is less than 5, real size: 0
[2026-07-08 16:47:26] out while is working
[2026-07-08 16:47:26] buffer is less than 5, real size: 0
[2026-07-08 16:47:26] out while is working
[2026-07-08 16:47:26] buffer is less than 5, real size: 0
[2026-07-08 16:47:26] out while is working
[2026-07-08 16:47:26] buffer is less than 5, real size: 0
[2026-07-08 16:47:26] out while is working
[2026-07-08 16:47:26] buffer is less than 5, real size: 0
[2026-07-08 16:47:26] out while is working
[2026-07-08 16:47:26] buffer is less than 5, real size: 0
[2026-07-08 16:47:26] out while is working
[2026-07-08 16:47:26] buffer is less than 5, real size: 0
[2026-07-08 16:47:26] out while is working
[2026-07-08 16:47:26] buffer is less than 5, real size: 0
[2026-07-08 16:47:26] out while is working
[2026-07-08 16:47:26] buffer is less than 5, real size: 1
[2026-07-08 16:47:26] out while is working
[2026-07-08 16:47:26] data_length 14 iseq 102
[2026-07-08 16:47:26] begin switch_method
[2026-07-08 16:47:26] find command id514
[2026-07-08 16:47:26] data_length 17 iseq 103
[2026-07-08 16:47:26] buffer is less than sof_index + frame_length(26), buffer size: b'\xa5\x11\x00g\xc4\x01\x02\t\x01'
[2026-07-08 16:47:26] out while is working
[2026-07-08 16:47:26] data_length 17 iseq 103
[2026-07-08 16:47:26] buffer is less than sof_index + frame_length(26), buffer size: b'\xa5\x11\x00g\xc4\x01\x02\t\x01\x00'
[2026-07-08 16:47:26] out while is working
[2026-07-08 16:47:26] data_length 17 iseq 103
[2026-07-08 16:47:26] begin switch_method
[2026-07-08 16:47:26] find command id513
[2026-07-08 16:47:26] buffer is less than 5, real size: 0
[2026-07-08 16:47:26] out while is working
[2026-07-08 16:47:26] buffer is less than 5, real size: 0
[2026-07-08 16:47:26] out while is working
[2026-07-08 16:47:26] buffer is less than 5, real size: 0
[2026-07-08 16:47:26] out while is working
[2026-07-08 16:47:26] buffer is less than 5, real size: 0
[2026-07-08 16:47:26] out while is working
[2026-07-08 16:47:26] buffer is less than 5, real size: 0
[2026-07-08 16:47:26] out while is working
[2026-07-08 16:47:26] buffer is less than 5, real size: 0
[2026-07-08 16:47:26] out while is working
[2026-07-08 16:47:26] buffer is less than 5, real size: 0
[2026-07-08 16:47:26] out while is working
[2026-07-08 16:47:26] buffer is less than 5, real size: 0
[2026-07-08 16:47:26] out while is working
[2026-07-08 16:47:26] buffer is less than 5, real size: 0
[2026-07-08 16:47:26] out while is working
[2026-07-08 16:47:26] buffer is less than 5, real size: 0
[2026-07-08 16:47:26] out while is working
[2026-07-08 16:47:26] buffer is less than 5, real size: 1
[2026-07-08 16:47:26] out while is working
[2026-07-08 16:47:26] data_length 14 iseq 104
[2026-07-08 16:47:26] begin switch_method
[2026-07-08 16:47:26] find command id514
[2026-07-08 16:47:26] data_length 17 iseq 105
[2026-07-08 16:47:26] buffer is less than sof_index + frame_length(26), buffer size: b'\xa5\x11\x00i\xdb\x01\x02\t\x01'
[2026-07-08 16:47:26] out while is working
[2026-07-08 16:47:26] data_length 17 iseq 105
[2026-07-08 16:47:26] buffer is less than sof_index + frame_length(26), buffer size: b'\xa5\x11\x00i\xdb\x01\x02\t\x01\x00'
[2026-07-08 16:47:26] out while is working
[2026-07-08 16:47:26] data_length 17 iseq 105
[2026-07-08 16:47:26] begin switch_method
[2026-07-08 16:47:26] find command id513
[2026-07-08 16:47:26] buffer is less than 5, real size: 0
[2026-07-08 16:47:26] out while is working
[2026-07-08 16:47:26] buffer is less than 5, real size: 0
[2026-07-08 16:47:26] out while is working
[2026-07-08 16:47:26] buffer is less than 5, real size: 0
[2026-07-08 16:47:26] out while is working
[2026-07-08 16:47:26] buffer is less than 5, real size: 0
[2026-07-08 16:47:26] out while is working
[2026-07-08 16:47:26] buffer is less than 5, real size: 0
[2026-07-08 16:47:26] out while is working
[2026-07-08 16:47:26] buffer is less than 5, real size: 0
[2026-07-08 16:47:26] out while is working
[2026-07-08 16:47:26] buffer is less than 5, real size: 0
[2026-07-08 16:47:26] out while is working
[2026-07-08 16:47:26] buffer is less than 5, real size: 0
[2026-07-08 16:47:26] out while is working
[2026-07-08 16:47:26] buffer is less than 5, real size: 0
[2026-07-08 16:47:26] out while is working
[2026-07-08 16:47:26] buffer is less than 5, real size: 0
[2026-07-08 16:47:26] out while is working
[2026-07-08 16:47:26] buffer is less than 5, real size: 1
[2026-07-08 16:47:26] out while is working
[2026-07-08 16:47:26] data_length 14 iseq 106
[2026-07-08 16:47:26] begin switch_method
[2026-07-08 16:47:26] find command id514
[2026-07-08 16:47:26] data_length 17 iseq 107
[2026-07-08 16:47:26] buffer is less than sof_index + frame_length(26), buffer size: b'\xa5\x11\x00kg\x01\x02\t\x01'
[2026-07-08 16:47:26] out while is working
[2026-07-08 16:47:26] data_length 17 iseq 107
[2026-07-08 16:47:26] buffer is less than sof_index + frame_length(26), buffer size: b'\xa5\x11\x00kg\x01\x02\t\x01\x00'
[2026-07-08 16:47:26] out while is working
[2026-07-08 16:47:26] data_length 17 iseq 107
[2026-07-08 16:47:26] begin switch_method
[2026-07-08 16:47:26] find command id513
[2026-07-08 16:47:26] buffer is less than 5, real size: 0
[2026-07-08 16:47:26] out while is working
[2026-07-08 16:47:26] buffer is less than 5, real size: 0
[2026-07-08 16:47:26] out while is working
[2026-07-08 16:47:26] buffer is less than 5, real size: 0
[2026-07-08 16:47:26] out while is working
[2026-07-08 16:47:26] buffer is less than 5, real size: 0
[2026-07-08 16:47:26] out while is working
[2026-07-08 16:47:26] buffer is less than 5, real size: 0
[2026-07-08 16:47:26] out while is working
[2026-07-08 16:47:26] buffer is less than 5, real size: 0
[2026-07-08 16:47:26] out while is working
[2026-07-08 16:47:26] buffer is less than 5, real size: 0
[2026-07-08 16:47:26] out while is working
[2026-07-08 16:47:26] buffer is less than 5, real size: 0
[2026-07-08 16:47:26] out while is working
[2026-07-08 16:47:26] buffer is less than 5, real size: 0
[2026-07-08 16:47:26] out while is working
[2026-07-08 16:47:26] buffer is less than 5, real size: 0
[2026-07-08 16:47:26] out while is working
[2026-07-08 16:47:26] buffer is less than 5, real size: 0
[2026-07-08 16:47:26] out while is working
[2026-07-08 16:47:26] buffer is less than 5, real size: 1
[2026-07-08 16:47:26] out while is working
[2026-07-08 16:47:26] data_length 14 iseq 108
[2026-07-08 16:47:26] begin switch_method
[2026-07-08 16:47:26] find command id514
[2026-07-08 16:47:26] data_length 17 iseq 109
[2026-07-08 16:47:26] buffer is less than sof_index + frame_length(26), buffer size: b'\xa5\x11\x00m\xba\x01\x02\t\x01'
[2026-07-08 16:47:26] out while is working
[2026-07-08 16:47:26] data_length 17 iseq 109
[2026-07-08 16:47:26] buffer is less than sof_index + frame_length(26), buffer size: b'\xa5\x11\x00m\xba\x01\x02\t\x01\x00'
[2026-07-08 16:47:26] out while is working
[2026-07-08 16:47:26] data_length 17 iseq 109
[2026-07-08 16:47:26] begin switch_method
[2026-07-08 16:47:26] find command id513
[2026-07-08 16:47:26] buffer is less than 5, real size: 0
[2026-07-08 16:47:26] out while is working
[2026-07-08 16:47:26] buffer is less than 5, real size: 0
[2026-07-08 16:47:26] out while is working
[2026-07-08 16:47:26] buffer is less than 5, real size: 0
[2026-07-08 16:47:26] out while is working
[2026-07-08 16:47:26] buffer is less than 5, real size: 0
[2026-07-08 16:47:26] out while is working
[2026-07-08 16:47:26] buffer is less than 5, real size: 0
[2026-07-08 16:47:26] out while is working
[2026-07-08 16:47:26] buffer is less than 5, real size: 0
[2026-07-08 16:47:26] out while is working
[2026-07-08 16:47:26] buffer is less than 5, real size: 0
[2026-07-08 16:47:26] out while is working
[2026-07-08 16:47:26] buffer is less than 5, real size: 0
[2026-07-08 16:47:26] out while is working
[2026-07-08 16:47:26] buffer is less than 5, real size: 0
[2026-07-08 16:47:26] out while is working
[2026-07-08 16:47:26] buffer is less than 5, real size: 0
[2026-07-08 16:47:26] out while is working
[2026-07-08 16:47:26] buffer is less than 5, real size: 1
[2026-07-08 16:47:26] out while is working
[2026-07-08 16:47:26] data_length 14 iseq 110
[2026-07-08 16:47:26] begin switch_method
[2026-07-08 16:47:26] find command id514
[2026-07-08 16:47:26] data_length 17 iseq 111
[2026-07-08 16:47:26] buffer is less than sof_index + frame_length(26), buffer size: b'\xa5\x11\x00o\x06\x01\x02\t\x01'
[2026-07-08 16:47:26] out while is working
[2026-07-08 16:47:26] data_length 17 iseq 111
[2026-07-08 16:47:26] buffer is less than sof_index + frame_length(26), buffer size: b'\xa5\x11\x00o\x06\x01\x02\t\x01\x00'
[2026-07-08 16:47:26] out while is working
[2026-07-08 16:47:26] data_length 17 iseq 111
[2026-07-08 16:47:26] begin switch_method
[2026-07-08 16:47:26] find command id513
[2026-07-08 16:47:26] buffer is less than 5, real size: 0
[2026-07-08 16:47:26] out while is working
[2026-07-08 16:47:26] buffer is less than 5, real size: 0
[2026-07-08 16:47:26] out while is working
[2026-07-08 16:47:26] buffer is less than 5, real size: 0
[2026-07-08 16:47:26] out while is working
[2026-07-08 16:47:26] buffer is less than 5, real size: 0
[2026-07-08 16:47:26] out while is working
[2026-07-08 16:47:26] buffer is less than 5, real size: 0
[2026-07-08 16:47:26] out while is working
[2026-07-08 16:47:26] buffer is less than 5, real size: 0
[2026-07-08 16:47:26] out while is working
[2026-07-08 16:47:26] buffer is less than 5, real size: 0
[2026-07-08 16:47:26] out while is working
[2026-07-08 16:47:26] buffer is less than 5, real size: 0
[2026-07-08 16:47:26] out while is working
[2026-07-08 16:47:26] buffer is less than 5, real size: 0
[2026-07-08 16:47:26] out while is working
[2026-07-08 16:47:26] buffer is less than 5, real size: 0
[2026-07-08 16:47:26] out while is working
[2026-07-08 16:47:26] buffer is less than 5, real size: 1
[2026-07-08 16:47:26] out while is working
[2026-07-08 16:47:26] data_length 14 iseq 112
[2026-07-08 16:47:26] begin switch_method
[2026-07-08 16:47:26] find command id514
[2026-07-08 16:47:26] data_length 17 iseq 113
[2026-07-08 16:47:26] buffer is less than sof_index + frame_length(26), buffer size: b'\xa5\x11\x00q\x84\x01\x02\t\x01'
[2026-07-08 16:47:26] out while is working
[2026-07-08 16:47:26] data_length 17 iseq 113
[2026-07-08 16:47:26] buffer is less than sof_index + frame_length(26), buffer size: b'\xa5\x11\x00q\x84\x01\x02\t\x01\x00'
[2026-07-08 16:47:26] out while is working
[2026-07-08 16:47:26] data_length 17 iseq 113
[2026-07-08 16:47:26] begin switch_method
[2026-07-08 16:47:26] find command id513
[2026-07-08 16:47:26] buffer is less than 5, real size: 0
[2026-07-08 16:47:26] out while is working
[2026-07-08 16:47:26] buffer is less than 5, real size: 0
[2026-07-08 16:47:26] out while is working
[2026-07-08 16:47:26] buffer is less than 5, real size: 0
[2026-07-08 16:47:26] out while is working
[2026-07-08 16:47:26] buffer is less than 5, real size: 0
[2026-07-08 16:47:26] out while is working
[2026-07-08 16:47:26] buffer is less than 5, real size: 0
[2026-07-08 16:47:26] out while is working
[2026-07-08 16:47:26] buffer is less than 5, real size: 0
[2026-07-08 16:47:26] out while is working
[2026-07-08 16:47:26] buffer is less than 5, real size: 0
[2026-07-08 16:47:26] out while is working
[2026-07-08 16:47:26] buffer is less than 5, real size: 0
[2026-07-08 16:47:26] out while is working
[2026-07-08 16:47:26] buffer is less than 5, real size: 0
[2026-07-08 16:47:26] out while is working
[2026-07-08 16:47:26] buffer is less than 5, real size: 0
[2026-07-08 16:47:26] out while is working
[2026-07-08 16:47:26] buffer is less than 5, real size: 1
[2026-07-08 16:47:26] out while is working
[2026-07-08 16:47:26] data_length 14 iseq 114
[2026-07-08 16:47:26] begin switch_method
[2026-07-08 16:47:26] find command id514
[2026-07-08 16:47:26] data_length 17 iseq 115
[2026-07-08 16:47:26] buffer is less than sof_index + frame_length(26), buffer size: b'\xa5\x11\x00s8\x01\x02\t\x01'
[2026-07-08 16:47:26] out while is working
[2026-07-08 16:47:26] data_length 17 iseq 115
[2026-07-08 16:47:26] buffer is less than sof_index + frame_length(26), buffer size: b'\xa5\x11\x00s8\x01\x02\t\x01\x00'
[2026-07-08 16:47:26] out while is working
[2026-07-08 16:47:26] data_length 17 iseq 115
[2026-07-08 16:47:26] begin switch_method
[2026-07-08 16:47:26] find command id513
[2026-07-08 16:47:26] buffer is less than 5, real size: 0
[2026-07-08 16:47:26] out while is working
[2026-07-08 16:47:26] buffer is less than 5, real size: 0
[2026-07-08 16:47:26] out while is working
[2026-07-08 16:47:26] buffer is less than 5, real size: 0
[2026-07-08 16:47:26] out while is working
[2026-07-08 16:47:26] buffer is less than 5, real size: 0
[2026-07-08 16:47:26] out while is working
[2026-07-08 16:47:26] buffer is less than 5, real size: 0
[2026-07-08 16:47:26] out while is working
[2026-07-08 16:47:26] buffer is less than 5, real size: 0
[2026-07-08 16:47:26] out while is working
[2026-07-08 16:47:26] buffer is less than 5, real size: 0
[2026-07-08 16:47:26] out while is working
[2026-07-08 16:47:26] buffer is less than 5, real size: 0
[2026-07-08 16:47:26] out while is working
[2026-07-08 16:47:26] buffer is less than 5, real size: 0
[2026-07-08 16:47:26] out while is working
[2026-07-08 16:47:26] buffer is less than 5, real size: 0
[2026-07-08 16:47:26] out while is working
[2026-07-08 16:47:26] buffer is less than 5, real size: 1
[2026-07-08 16:47:26] out while is working
[2026-07-08 16:47:26] data_length 14 iseq 116
[2026-07-08 16:47:26] begin switch_method
[2026-07-08 16:47:26] find command id514
[2026-07-08 16:47:26] data_length 17 iseq 117
[2026-07-08 16:47:26] buffer is less than sof_index + frame_length(26), buffer size: b'\xa5\x11\x00u\xe5\x01\x02\t\x01'
[2026-07-08 16:47:26] out while is working
[2026-07-08 16:47:26] data_length 17 iseq 117
[2026-07-08 16:47:26] buffer is less than sof_index + frame_length(26), buffer size: b'\xa5\x11\x00u\xe5\x01\x02\t\x01\x00'
[2026-07-08 16:47:26] out while is working
[2026-07-08 16:47:26] data_length 17 iseq 117
[2026-07-08 16:47:26] begin switch_method
[2026-07-08 16:47:26] find command id513
[2026-07-08 16:47:26] buffer is less than 5, real size: 0
[2026-07-08 16:47:26] out while is working
[2026-07-08 16:47:26] buffer is less than 5, real size: 0
[2026-07-08 16:47:26] out while is working
[2026-07-08 16:47:26] buffer is less than 5, real size: 0
[2026-07-08 16:47:26] out while is working
[2026-07-08 16:47:26] buffer is less than 5, real size: 0
[2026-07-08 16:47:26] out while is working
[2026-07-08 16:47:26] buffer is less than 5, real size: 0
[2026-07-08 16:47:26] out while is working
[2026-07-08 16:47:26] buffer is less than 5, real size: 0
[2026-07-08 16:47:26] out while is working
[2026-07-08 16:47:26] buffer is less than 5, real size: 0
[2026-07-08 16:47:26] out while is working
[2026-07-08 16:47:26] buffer is less than 5, real size: 0
[2026-07-08 16:47:26] out while is working
[2026-07-08 16:47:26] buffer is less than 5, real size: 0
[2026-07-08 16:47:26] out while is working
[2026-07-08 16:47:26] buffer is less than 5, real size: 0
[2026-07-08 16:47:26] out while is working
[2026-07-08 16:47:26] buffer is less than 5, real size: 1
[2026-07-08 16:47:26] out while is working
[2026-07-08 16:47:26] data_length 14 iseq 118
[2026-07-08 16:47:26] begin switch_method
[2026-07-08 16:47:26] find command id514
[2026-07-08 16:47:26] data_length 12 iseq 119
[2026-07-08 16:47:26] buffer is less than sof_index + frame_length(21), buffer size: b'\xa5\x0c\x00w\x03\x03\x02\x00\x00'
[2026-07-08 16:47:26] out while is working
[2026-07-08 16:47:26] data_length 12 iseq 119
[2026-07-08 16:47:26] buffer is less than sof_index + frame_length(21), buffer size: b'\xa5\x0c\x00w\x03\x03\x02\x00\x00\x00'
[2026-07-08 16:47:26] out while is working
[2026-07-08 16:47:26] data_length 12 iseq 119
[2026-07-08 16:47:26] begin switch_method
[2026-07-08 16:47:26] find command id515
[2026-07-08 16:47:26] data_length 17 iseq 120
[2026-07-08 16:47:26] buffer is less than sof_index + frame_length(26), buffer size: b'\xa5\x11\x00x\x18\x01\x02\t\x01\x00\x00\x00\x00\x00\x00\x00\x00\x00\x00\x00'
[2026-07-08 16:47:26] out while is working
[2026-07-08 16:47:26] data_length 17 iseq 120
[2026-07-08 16:47:26] buffer is less than sof_index + frame_length(26), buffer size: b'\xa5\x11\x00x\x18\x01\x02\t\x01\x00\x00\x00\x00\x00\x00\x00\x00\x00\x00\x00\x00'
[2026-07-08 16:47:26] out while is working
[2026-07-08 16:47:26] data_length 17 iseq 120
[2026-07-08 16:47:26] begin switch_method
[2026-07-08 16:47:26] find command id513
[2026-07-08 16:47:26] buffer is less than 5, real size: 0
[2026-07-08 16:47:26] out while is working
[2026-07-08 16:47:26] buffer is less than 5, real size: 0
[2026-07-08 16:47:26] out while is working
[2026-07-08 16:47:26] buffer is less than 5, real size: 0
[2026-07-08 16:47:26] out while is working
[2026-07-08 16:47:27] buffer is less than 5, real size: 0
[2026-07-08 16:47:27] out while is working
[2026-07-08 16:47:27] buffer is less than 5, real size: 0
[2026-07-08 16:47:27] out while is working
[2026-07-08 16:47:27] buffer is less than 5, real size: 0
[2026-07-08 16:47:27] out while is working
[2026-07-08 16:47:27] buffer is less than 5, real size: 0
[2026-07-08 16:47:27] out while is working
[2026-07-08 16:47:27] buffer is less than 5, real size: 0
[2026-07-08 16:47:27] out while is working
[2026-07-08 16:47:27] buffer is less than 5, real size: 0
[2026-07-08 16:47:27] out while is working
[2026-07-08 16:47:27] buffer is less than 5, real size: 0
[2026-07-08 16:47:27] out while is working
[2026-07-08 16:47:27] buffer is less than 5, real size: 1
[2026-07-08 16:47:27] out while is working
[2026-07-08 16:47:27] data_length 14 iseq 121
[2026-07-08 16:47:27] begin switch_method
[2026-07-08 16:47:27] find command id514
[2026-07-08 16:47:27] data_length 17 iseq 122
[2026-07-08 16:47:27] buffer is less than sof_index + frame_length(26), buffer size: b'\xa5\x11\x00z\xa4\x01\x02\t\x01'
[2026-07-08 16:47:27] out while is working
[2026-07-08 16:47:27] data_length 17 iseq 122
[2026-07-08 16:47:27] buffer is less than sof_index + frame_length(26), buffer size: b'\xa5\x11\x00z\xa4\x01\x02\t\x01\x00'
[2026-07-08 16:47:27] out while is working
[2026-07-08 16:47:27] data_length 17 iseq 122
[2026-07-08 16:47:27] begin switch_method
[2026-07-08 16:47:27] find command id513
[2026-07-08 16:47:27] buffer is less than 5, real size: 0
[2026-07-08 16:47:27] out while is working
[2026-07-08 16:47:27] buffer is less than 5, real size: 0
[2026-07-08 16:47:27] out while is working
[2026-07-08 16:47:27] buffer is less than 5, real size: 0
[2026-07-08 16:47:27] out while is working
[2026-07-08 16:47:27] buffer is less than 5, real size: 0
[2026-07-08 16:47:27] out while is working
[2026-07-08 16:47:27] buffer is less than 5, real size: 0
[2026-07-08 16:47:27] out while is working
[2026-07-08 16:47:27] buffer is less than 5, real size: 0
[2026-07-08 16:47:27] out while is working
[2026-07-08 16:47:27] buffer is less than 5, real size: 0
[2026-07-08 16:47:27] out while is working
[2026-07-08 16:47:27] buffer is less than 5, real size: 0
[2026-07-08 16:47:27] out while is working
[2026-07-08 16:47:27] buffer is less than 5, real size: 0
[2026-07-08 16:47:27] out while is working
[2026-07-08 16:47:27] buffer is less than 5, real size: 0
[2026-07-08 16:47:27] out while is working
[2026-07-08 16:47:27] buffer is less than 5, real size: 1
[2026-07-08 16:47:27] out while is working
[2026-07-08 16:47:27] data_length 14 iseq 123
[2026-07-08 16:47:27] begin switch_method
[2026-07-08 16:47:27] find command id514
[2026-07-08 16:47:27] data_length 17 iseq 124
[2026-07-08 16:47:27] buffer is less than sof_index + frame_length(26), buffer size: b'\xa5\x11\x00|y\x01\x02\t\x01'
[2026-07-08 16:47:27] out while is working
[2026-07-08 16:47:27] data_length 17 iseq 124
[2026-07-08 16:47:27] buffer is less than sof_index + frame_length(26), buffer size: b'\xa5\x11\x00|y\x01\x02\t\x01\x00'
[2026-07-08 16:47:27] out while is working
[2026-07-08 16:47:27] data_length 17 iseq 124
[2026-07-08 16:47:27] begin switch_method
[2026-07-08 16:47:27] find command id513
[2026-07-08 16:47:27] buffer is less than 5, real size: 0
[2026-07-08 16:47:27] out while is working
[2026-07-08 16:47:27] buffer is less than 5, real size: 0
[2026-07-08 16:47:27] out while is working
[2026-07-08 16:47:27] buffer is less than 5, real size: 0
[2026-07-08 16:47:27] out while is working
[2026-07-08 16:47:27] buffer is less than 5, real size: 0
[2026-07-08 16:47:27] out while is working
[2026-07-08 16:47:27] buffer is less than 5, real size: 0
[2026-07-08 16:47:27] out while is working
[2026-07-08 16:47:27] buffer is less than 5, real size: 0
[2026-07-08 16:47:27] out while is working
[2026-07-08 16:47:27] buffer is less than 5, real size: 0
[2026-07-08 16:47:27] out while is working
[2026-07-08 16:47:27] buffer is less than 5, real size: 0
[2026-07-08 16:47:27] out while is working
[2026-07-08 16:47:27] buffer is less than 5, real size: 0
[2026-07-08 16:47:27] out while is working
[2026-07-08 16:47:27] buffer is less than 5, real size: 0
[2026-07-08 16:47:27] out while is working
[2026-07-08 16:47:27] buffer is less than 5, real size: 1
[2026-07-08 16:47:27] out while is working
[2026-07-08 16:47:27] data_length 14 iseq 125
[2026-07-08 16:47:27] begin switch_method
[2026-07-08 16:47:27] find command id514
[2026-07-08 16:47:27] data_length 17 iseq 126
[2026-07-08 16:47:27] buffer is less than sof_index + frame_length(26), buffer size: b'\xa5\x11\x00~\xc5\x01\x02\t\x01'
[2026-07-08 16:47:27] out while is working
[2026-07-08 16:47:27] data_length 17 iseq 126
[2026-07-08 16:47:27] buffer is less than sof_index + frame_length(26), buffer size: b'\xa5\x11\x00~\xc5\x01\x02\t\x01\x00'
[2026-07-08 16:47:27] out while is working
[2026-07-08 16:47:27] data_length 17 iseq 126
[2026-07-08 16:47:27] begin switch_method
[2026-07-08 16:47:27] find command id513
[2026-07-08 16:47:27] buffer is less than 5, real size: 0
[2026-07-08 16:47:27] out while is working
[2026-07-08 16:47:27] buffer is less than 5, real size: 0
[2026-07-08 16:47:27] out while is working
[2026-07-08 16:47:27] buffer is less than 5, real size: 0
[2026-07-08 16:47:27] out while is working
[2026-07-08 16:47:27] buffer is less than 5, real size: 0
[2026-07-08 16:47:27] out while is working
[2026-07-08 16:47:27] buffer is less than 5, real size: 0
[2026-07-08 16:47:27] out while is working
[2026-07-08 16:47:27] buffer is less than 5, real size: 0
[2026-07-08 16:47:27] out while is working
[2026-07-08 16:47:27] buffer is less than 5, real size: 0
[2026-07-08 16:47:27] out while is working
[2026-07-08 16:47:27] buffer is less than 5, real size: 0
[2026-07-08 16:47:27] out while is working
[2026-07-08 16:47:27] buffer is less than 5, real size: 0
[2026-07-08 16:47:27] out while is working
[2026-07-08 16:47:27] buffer is less than 5, real size: 0
[2026-07-08 16:47:27] out while is working
[2026-07-08 16:47:27] buffer is less than 5, real size: 1
[2026-07-08 16:47:27] out while is working
[2026-07-08 16:47:27] data_length 14 iseq 127
[2026-07-08 16:47:27] begin switch_method
[2026-07-08 16:47:27] find command id514
[2026-07-08 16:47:27] data_length 17 iseq 128
[2026-07-08 16:47:27] buffer is less than sof_index + frame_length(26), buffer size: b'\xa5\x11\x00\x80\xae\x01\x02\t\x01'
[2026-07-08 16:47:27] out while is working
[2026-07-08 16:47:27] data_length 17 iseq 128
[2026-07-08 16:47:27] buffer is less than sof_index + frame_length(26), buffer size: b'\xa5\x11\x00\x80\xae\x01\x02\t\x01\x00'
[2026-07-08 16:47:27] out while is working
[2026-07-08 16:47:27] data_length 17 iseq 128
[2026-07-08 16:47:27] begin switch_method
[2026-07-08 16:47:27] find command id513
[2026-07-08 16:47:27] buffer is less than 5, real size: 0
[2026-07-08 16:47:27] out while is working
[2026-07-08 16:47:27] buffer is less than 5, real size: 0
[2026-07-08 16:47:27] out while is working
[2026-07-08 16:47:27] buffer is less than 5, real size: 0
[2026-07-08 16:47:27] out while is working
[2026-07-08 16:47:27] buffer is less than 5, real size: 0
[2026-07-08 16:47:27] out while is working
[2026-07-08 16:47:27] buffer is less than 5, real size: 0
[2026-07-08 16:47:27] out while is working
[2026-07-08 16:47:27] buffer is less than 5, real size: 0
[2026-07-08 16:47:27] out while is working
[2026-07-08 16:47:27] buffer is less than 5, real size: 0
[2026-07-08 16:47:27] out while is working
[2026-07-08 16:47:27] buffer is less than 5, real size: 0
[2026-07-08 16:47:27] out while is working
[2026-07-08 16:47:27] buffer is less than 5, real size: 0
[2026-07-08 16:47:27] out while is working
[2026-07-08 16:47:27] buffer is less than 5, real size: 0
[2026-07-08 16:47:27] out while is working
[2026-07-08 16:47:27] buffer is less than 5, real size: 0
[2026-07-08 16:47:27] out while is working
[2026-07-08 16:47:27] buffer is less than 5, real size: 1
[2026-07-08 16:47:27] out while is working
[2026-07-08 16:47:27] data_length 14 iseq 129
[2026-07-08 16:47:27] begin switch_method
[2026-07-08 16:47:27] find command id514
[2026-07-08 16:47:27] data_length 17 iseq 130
[2026-07-08 16:47:27] buffer is less than sof_index + frame_length(26), buffer size: b'\xa5\x11\x00\x82\x12\x01\x02\t\x01'
[2026-07-08 16:47:27] out while is working
[2026-07-08 16:47:27] data_length 17 iseq 130
[2026-07-08 16:47:27] buffer is less than sof_index + frame_length(26), buffer size: b'\xa5\x11\x00\x82\x12\x01\x02\t\x01\x00'
[2026-07-08 16:47:27] out while is working
[2026-07-08 16:47:27] data_length 17 iseq 130
[2026-07-08 16:47:27] begin switch_method
[2026-07-08 16:47:27] find command id513
[2026-07-08 16:47:27] buffer is less than 5, real size: 0
[2026-07-08 16:47:27] out while is working
[2026-07-08 16:47:27] buffer is less than 5, real size: 0
[2026-07-08 16:47:27] out while is working
[2026-07-08 16:47:27] buffer is less than 5, real size: 0
[2026-07-08 16:47:27] out while is working
[2026-07-08 16:47:27] buffer is less than 5, real size: 0
[2026-07-08 16:47:27] out while is working
[2026-07-08 16:47:27] buffer is less than 5, real size: 0
[2026-07-08 16:47:27] out while is working
[2026-07-08 16:47:27] buffer is less than 5, real size: 0
[2026-07-08 16:47:27] out while is working
[2026-07-08 16:47:27] buffer is less than 5, real size: 0
[2026-07-08 16:47:27] out while is working
[2026-07-08 16:47:27] buffer is less than 5, real size: 0
[2026-07-08 16:47:27] out while is working
[2026-07-08 16:47:27] buffer is less than 5, real size: 0
[2026-07-08 16:47:27] out while is working
[2026-07-08 16:47:27] buffer is less than 5, real size: 0
[2026-07-08 16:47:27] out while is working
[2026-07-08 16:47:27] buffer is less than 5, real size: 1
[2026-07-08 16:47:27] out while is working
[2026-07-08 16:47:27] data_length 14 iseq 131
[2026-07-08 16:47:27] begin switch_method
[2026-07-08 16:47:27] find command id514
[2026-07-08 16:47:27] data_length 17 iseq 132
[2026-07-08 16:47:27] buffer is less than sof_index + frame_length(26), buffer size: b'\xa5\x11\x00\x84\xcf\x01\x02\t\x01'
[2026-07-08 16:47:27] out while is working
[2026-07-08 16:47:27] data_length 17 iseq 132
[2026-07-08 16:47:27] buffer is less than sof_index + frame_length(26), buffer size: b'\xa5\x11\x00\x84\xcf\x01\x02\t\x01\x00'
[2026-07-08 16:47:27] out while is working
[2026-07-08 16:47:27] data_length 17 iseq 132
[2026-07-08 16:47:27] begin switch_method
[2026-07-08 16:47:27] find command id513
[2026-07-08 16:47:27] buffer is less than 5, real size: 0
[2026-07-08 16:47:27] out while is working
[2026-07-08 16:47:27] buffer is less than 5, real size: 0
[2026-07-08 16:47:27] out while is working
[2026-07-08 16:47:27] buffer is less than 5, real size: 0
[2026-07-08 16:47:27] out while is working
[2026-07-08 16:47:27] buffer is less than 5, real size: 0
[2026-07-08 16:47:27] out while is working
[2026-07-08 16:47:27] buffer is less than 5, real size: 0
[2026-07-08 16:47:27] out while is working
[2026-07-08 16:47:27] buffer is less than 5, real size: 0
[2026-07-08 16:47:27] out while is working
[2026-07-08 16:47:27] buffer is less than 5, real size: 0
[2026-07-08 16:47:27] out while is working
[2026-07-08 16:47:27] buffer is less than 5, real size: 0
[2026-07-08 16:47:27] out while is working
[2026-07-08 16:47:27] buffer is less than 5, real size: 0
[2026-07-08 16:47:27] out while is working
[2026-07-08 16:47:27] buffer is less than 5, real size: 0
[2026-07-08 16:47:27] out while is working
[2026-07-08 16:47:27] buffer is less than 5, real size: 1
[2026-07-08 16:47:27] out while is working
[2026-07-08 16:47:27] data_length 14 iseq 133
[2026-07-08 16:47:27] begin switch_method
[2026-07-08 16:47:27] find command id514
[2026-07-08 16:47:27] data_length 17 iseq 134
[2026-07-08 16:47:27] buffer is less than sof_index + frame_length(26), buffer size: b'\xa5\x11\x00\x86s\x01\x02\t\x01'
[2026-07-08 16:47:27] out while is working
[2026-07-08 16:47:27] data_length 17 iseq 134
[2026-07-08 16:47:27] buffer is less than sof_index + frame_length(26), buffer size: b'\xa5\x11\x00\x86s\x01\x02\t\x01\x00'
[2026-07-08 16:47:27] out while is working
[2026-07-08 16:47:27] data_length 17 iseq 134
[2026-07-08 16:47:27] begin switch_method
[2026-07-08 16:47:27] find command id513
[2026-07-08 16:47:27] buffer is less than 5, real size: 0
[2026-07-08 16:47:27] out while is working
[2026-07-08 16:47:27] buffer is less than 5, real size: 0
[2026-07-08 16:47:27] out while is working
[2026-07-08 16:47:27] buffer is less than 5, real size: 0
[2026-07-08 16:47:27] out while is working
[2026-07-08 16:47:27] buffer is less than 5, real size: 0
[2026-07-08 16:47:27] out while is working
[2026-07-08 16:47:27] buffer is less than 5, real size: 0
[2026-07-08 16:47:27] out while is working
[2026-07-08 16:47:27] buffer is less than 5, real size: 0
[2026-07-08 16:47:27] out while is working
[2026-07-08 16:47:27] buffer is less than 5, real size: 0
[2026-07-08 16:47:27] out while is working
[2026-07-08 16:47:27] buffer is less than 5, real size: 0
[2026-07-08 16:47:27] out while is working
[2026-07-08 16:47:27] buffer is less than 5, real size: 0
[2026-07-08 16:47:27] out while is working
[2026-07-08 16:47:27] buffer is less than 5, real size: 0
[2026-07-08 16:47:27] out while is working
[2026-07-08 16:47:27] buffer is less than 5, real size: 1
[2026-07-08 16:47:27] out while is working
[2026-07-08 16:47:27] data_length 14 iseq 135
[2026-07-08 16:47:27] begin switch_method
[2026-07-08 16:47:27] find command id514
[2026-07-08 16:47:27] data_length 17 iseq 136
[2026-07-08 16:47:27] buffer is less than sof_index + frame_length(26), buffer size: b'\xa5\x11\x00\x88l\x01\x02\t\x01'
[2026-07-08 16:47:27] out while is working
[2026-07-08 16:47:27] data_length 17 iseq 136
[2026-07-08 16:47:27] buffer is less than sof_index + frame_length(26), buffer size: b'\xa5\x11\x00\x88l\x01\x02\t\x01\x00'
[2026-07-08 16:47:27] out while is working
[2026-07-08 16:47:27] data_length 17 iseq 136
[2026-07-08 16:47:27] begin switch_method
[2026-07-08 16:47:27] find command id513
[2026-07-08 16:47:27] buffer is less than 5, real size: 0
[2026-07-08 16:47:27] out while is working
[2026-07-08 16:47:27] buffer is less than 5, real size: 0
[2026-07-08 16:47:27] out while is working
[2026-07-08 16:47:27] buffer is less than 5, real size: 0
[2026-07-08 16:47:27] out while is working
[2026-07-08 16:47:27] buffer is less than 5, real size: 0
[2026-07-08 16:47:27] out while is working
[2026-07-08 16:47:27] buffer is less than 5, real size: 0
[2026-07-08 16:47:27] out while is working
[2026-07-08 16:47:27] buffer is less than 5, real size: 0
[2026-07-08 16:47:27] out while is working
[2026-07-08 16:47:27] buffer is less than 5, real size: 0
[2026-07-08 16:47:27] out while is working
[2026-07-08 16:47:27] buffer is less than 5, real size: 0
[2026-07-08 16:47:27] out while is working
[2026-07-08 16:47:27] buffer is less than 5, real size: 0
[2026-07-08 16:47:27] out while is working
[2026-07-08 16:47:27] buffer is less than 5, real size: 0
[2026-07-08 16:47:27] out while is working
[2026-07-08 16:47:27] buffer is less than 5, real size: 1
[2026-07-08 16:47:27] out while is working
[2026-07-08 16:47:27] data_length 14 iseq 137
[2026-07-08 16:47:27] begin switch_method
[2026-07-08 16:47:27] find command id514
[2026-07-08 16:47:27] data_length 17 iseq 138
[2026-07-08 16:47:27] buffer is less than sof_index + frame_length(26), buffer size: b'\xa5\x11\x00\x8a\xd0\x01\x02\t\x01'
[2026-07-08 16:47:27] out while is working
[2026-07-08 16:47:27] data_length 17 iseq 138
[2026-07-08 16:47:27] buffer is less than sof_index + frame_length(26), buffer size: b'\xa5\x11\x00\x8a\xd0\x01\x02\t\x01\x00'
[2026-07-08 16:47:27] out while is working
[2026-07-08 16:47:27] data_length 17 iseq 138
[2026-07-08 16:47:27] begin switch_method
[2026-07-08 16:47:27] find command id513
[2026-07-08 16:47:27] buffer is less than 5, real size: 0
[2026-07-08 16:47:27] out while is working
[2026-07-08 16:47:27] buffer is less than 5, real size: 0
[2026-07-08 16:47:27] out while is working
[2026-07-08 16:47:27] buffer is less than 5, real size: 0
[2026-07-08 16:47:27] out while is working
[2026-07-08 16:47:27] buffer is less than 5, real size: 0
[2026-07-08 16:47:27] out while is working
[2026-07-08 16:47:27] buffer is less than 5, real size: 0
[2026-07-08 16:47:27] out while is working
[2026-07-08 16:47:27] buffer is less than 5, real size: 0
[2026-07-08 16:47:27] out while is working
[2026-07-08 16:47:27] buffer is less than 5, real size: 0
[2026-07-08 16:47:27] out while is working
[2026-07-08 16:47:27] buffer is less than 5, real size: 0
[2026-07-08 16:47:27] out while is working
[2026-07-08 16:47:27] buffer is less than 5, real size: 0
[2026-07-08 16:47:27] out while is working
[2026-07-08 16:47:27] buffer is less than 5, real size: 0
[2026-07-08 16:47:27] out while is working
[2026-07-08 16:47:28] buffer is less than 5, real size: 1
[2026-07-08 16:47:28] out while is working
[2026-07-08 16:47:28] data_length 14 iseq 139
[2026-07-08 16:47:28] begin switch_method
[2026-07-08 16:47:28] find command id514
[2026-07-08 16:47:28] data_length 12 iseq 140
[2026-07-08 16:47:28] buffer is less than sof_index + frame_length(21), buffer size: b'\xa5\x0c\x00\x8cW\x03\x02\x00\x00'
[2026-07-08 16:47:28] out while is working
[2026-07-08 16:47:28] data_length 12 iseq 140
[2026-07-08 16:47:28] buffer is less than sof_index + frame_length(21), buffer size: b'\xa5\x0c\x00\x8cW\x03\x02\x00\x00\x00'
[2026-07-08 16:47:28] out while is working
[2026-07-08 16:47:28] data_length 12 iseq 140
[2026-07-08 16:47:28] begin switch_method
[2026-07-08 16:47:28] find command id515
[2026-07-08 16:47:28] data_length 17 iseq 141
[2026-07-08 16:47:28] buffer is less than sof_index + frame_length(26), buffer size: b'\xa5\x11\x00\x8dS\x01\x02\t\x01\x00\x00\x00\x00\x00\x00\x00\x00\x00\x00\x00'
[2026-07-08 16:47:28] out while is working
[2026-07-08 16:47:28] data_length 17 iseq 141
[2026-07-08 16:47:28] buffer is less than sof_index + frame_length(26), buffer size: b'\xa5\x11\x00\x8dS\x01\x02\t\x01\x00\x00\x00\x00\x00\x00\x00\x00\x00\x00\x00\x00'
[2026-07-08 16:47:28] out while is working
[2026-07-08 16:47:28] data_length 17 iseq 141
[2026-07-08 16:47:28] begin switch_method
[2026-07-08 16:47:28] find command id513
[2026-07-08 16:47:28] buffer is less than 5, real size: 0
[2026-07-08 16:47:28] out while is working
[2026-07-08 16:47:28] buffer is less than 5, real size: 0
[2026-07-08 16:47:28] out while is working
[2026-07-08 16:47:28] buffer is less than 5, real size: 0
[2026-07-08 16:47:28] out while is working
[2026-07-08 16:47:28] buffer is less than 5, real size: 0
[2026-07-08 16:47:28] out while is working
[2026-07-08 16:47:28] buffer is less than 5, real size: 0
[2026-07-08 16:47:28] out while is working
[2026-07-08 16:47:28] buffer is less than 5, real size: 0
[2026-07-08 16:47:28] out while is working
[2026-07-08 16:47:28] buffer is less than 5, real size: 0
[2026-07-08 16:47:28] out while is working
[2026-07-08 16:47:28] buffer is less than 5, real size: 0
[2026-07-08 16:47:28] out while is working
[2026-07-08 16:47:28] buffer is less than 5, real size: 0
[2026-07-08 16:47:28] out while is working
[2026-07-08 16:47:28] buffer is less than 5, real size: 0
[2026-07-08 16:47:28] out while is working
[2026-07-08 16:47:28] buffer is less than 5, real size: 1
[2026-07-08 16:47:28] out while is working
[2026-07-08 16:47:28] data_length 14 iseq 142
[2026-07-08 16:47:28] begin switch_method
[2026-07-08 16:47:28] find command id514
[2026-07-08 16:47:28] data_length 17 iseq 143
[2026-07-08 16:47:28] buffer is less than sof_index + frame_length(26), buffer size: b'\xa5\x11\x00\x8f\xef\x01\x02\t\x01'
[2026-07-08 16:47:28] out while is working
[2026-07-08 16:47:28] data_length 17 iseq 143
[2026-07-08 16:47:28] buffer is less than sof_index + frame_length(26), buffer size: b'\xa5\x11\x00\x8f\xef\x01\x02\t\x01\x00'
[2026-07-08 16:47:28] out while is working
[2026-07-08 16:47:28] data_length 17 iseq 143
[2026-07-08 16:47:28] begin switch_method
[2026-07-08 16:47:28] find command id513
[2026-07-08 16:47:28] buffer is less than 5, real size: 0
[2026-07-08 16:47:28] out while is working
[2026-07-08 16:47:28] buffer is less than 5, real size: 0
[2026-07-08 16:47:28] out while is working
[2026-07-08 16:47:28] buffer is less than 5, real size: 0
[2026-07-08 16:47:28] out while is working
[2026-07-08 16:47:28] buffer is less than 5, real size: 0
[2026-07-08 16:47:28] out while is working
[2026-07-08 16:47:28] buffer is less than 5, real size: 0
[2026-07-08 16:47:28] out while is working
[2026-07-08 16:47:28] buffer is less than 5, real size: 0
[2026-07-08 16:47:28] out while is working
[2026-07-08 16:47:28] buffer is less than 5, real size: 0
[2026-07-08 16:47:28] out while is working
[2026-07-08 16:47:28] buffer is less than 5, real size: 0
[2026-07-08 16:47:28] out while is working
[2026-07-08 16:47:28] buffer is less than 5, real size: 0
[2026-07-08 16:47:28] out while is working
[2026-07-08 16:47:28] buffer is less than 5, real size: 0
[2026-07-08 16:47:28] out while is working
[2026-07-08 16:47:28] buffer is less than 5, real size: 1
[2026-07-08 16:47:28] out while is working
[2026-07-08 16:47:28] data_length 14 iseq 144
[2026-07-08 16:47:28] begin switch_method
[2026-07-08 16:47:28] find command id514
[2026-07-08 16:47:28] data_length 17 iseq 145
[2026-07-08 16:47:28] buffer is less than sof_index + frame_length(26), buffer size: b'\xa5\x11\x00\x91m\x01\x02\t\x01'
[2026-07-08 16:47:28] out while is working
[2026-07-08 16:47:28] data_length 17 iseq 145
[2026-07-08 16:47:28] buffer is less than sof_index + frame_length(26), buffer size: b'\xa5\x11\x00\x91m\x01\x02\t\x01\x00'
[2026-07-08 16:47:28] out while is working
[2026-07-08 16:47:28] data_length 17 iseq 145
[2026-07-08 16:47:28] begin switch_method
[2026-07-08 16:47:28] find command id513
[2026-07-08 16:47:28] buffer is less than 5, real size: 0
[2026-07-08 16:47:28] out while is working
[2026-07-08 16:47:28] buffer is less than 5, real size: 0
[2026-07-08 16:47:28] out while is working
[2026-07-08 16:47:28] buffer is less than 5, real size: 0
[2026-07-08 16:47:28] out while is working
[2026-07-08 16:47:28] buffer is less than 5, real size: 0
[2026-07-08 16:47:28] out while is working
[2026-07-08 16:47:28] buffer is less than 5, real size: 0
[2026-07-08 16:47:28] out while is working
[2026-07-08 16:47:28] buffer is less than 5, real size: 0
[2026-07-08 16:47:28] out while is working
[2026-07-08 16:47:28] buffer is less than 5, real size: 0
[2026-07-08 16:47:28] out while is working
[2026-07-08 16:47:28] buffer is less than 5, real size: 0
[2026-07-08 16:47:28] out while is working
[2026-07-08 16:47:28] buffer is less than 5, real size: 0
[2026-07-08 16:47:28] out while is working
[2026-07-08 16:47:28] buffer is less than 5, real size: 0
[2026-07-08 16:47:28] out while is working
[2026-07-08 16:47:28] buffer is less than 5, real size: 0
[2026-07-08 16:47:28] out while is working
[2026-07-08 16:47:28] buffer is less than 5, real size: 1
[2026-07-08 16:47:28] out while is working
[2026-07-08 16:47:28] data_length 14 iseq 146
[2026-07-08 16:47:28] begin switch_method
[2026-07-08 16:47:28] find command id514
[2026-07-08 16:47:28] data_length 17 iseq 147
[2026-07-08 16:47:28] buffer is less than sof_index + frame_length(26), buffer size: b'\xa5\x11\x00\x93\xd1\x01\x02\t\x01'
[2026-07-08 16:47:28] out while is working
[2026-07-08 16:47:28] data_length 17 iseq 147
[2026-07-08 16:47:28] buffer is less than sof_index + frame_length(26), buffer size: b'\xa5\x11\x00\x93\xd1\x01\x02\t\x01\x00'
[2026-07-08 16:47:28] out while is working
[2026-07-08 16:47:28] data_length 17 iseq 147
[2026-07-08 16:47:28] begin switch_method
[2026-07-08 16:47:28] find command id513
[2026-07-08 16:47:28] buffer is less than 5, real size: 0
[2026-07-08 16:47:28] out while is working
[2026-07-08 16:47:28] buffer is less than 5, real size: 0
[2026-07-08 16:47:28] out while is working
[2026-07-08 16:47:28] buffer is less than 5, real size: 0
[2026-07-08 16:47:28] out while is working
[2026-07-08 16:47:28] buffer is less than 5, real size: 0
[2026-07-08 16:47:28] out while is working
[2026-07-08 16:47:28] buffer is less than 5, real size: 0
[2026-07-08 16:47:28] out while is working
[2026-07-08 16:47:28] buffer is less than 5, real size: 0
[2026-07-08 16:47:28] out while is working
[2026-07-08 16:47:28] buffer is less than 5, real size: 0
[2026-07-08 16:47:28] out while is working
[2026-07-08 16:47:28] buffer is less than 5, real size: 0
[2026-07-08 16:47:28] out while is working
[2026-07-08 16:47:28] buffer is less than 5, real size: 0
[2026-07-08 16:47:28] out while is working
[2026-07-08 16:47:28] buffer is less than 5, real size: 0
[2026-07-08 16:47:28] out while is working
[2026-07-08 16:47:28] buffer is less than 5, real size: 1
[2026-07-08 16:47:28] out while is working
[2026-07-08 16:47:28] data_length 14 iseq 148
[2026-07-08 16:47:28] begin switch_method
[2026-07-08 16:47:28] find command id514
[2026-07-08 16:47:28] data_length 17 iseq 149
[2026-07-08 16:47:28] buffer is less than sof_index + frame_length(26), buffer size: b'\xa5\x11\x00\x95\x0c\x01\x02\t\x01'
[2026-07-08 16:47:28] out while is working
[2026-07-08 16:47:28] data_length 17 iseq 149
[2026-07-08 16:47:28] buffer is less than sof_index + frame_length(26), buffer size: b'\xa5\x11\x00\x95\x0c\x01\x02\t\x01\x00'
[2026-07-08 16:47:28] out while is working
[2026-07-08 16:47:28] data_length 17 iseq 149
[2026-07-08 16:47:28] begin switch_method
[2026-07-08 16:47:28] find command id513
[2026-07-08 16:47:28] buffer is less than 5, real size: 0
[2026-07-08 16:47:28] out while is working
[2026-07-08 16:47:28] buffer is less than 5, real size: 0
[2026-07-08 16:47:28] out while is working
[2026-07-08 16:47:28] buffer is less than 5, real size: 0
[2026-07-08 16:47:28] out while is working
[2026-07-08 16:47:28] buffer is less than 5, real size: 0
[2026-07-08 16:47:28] out while is working
[2026-07-08 16:47:28] buffer is less than 5, real size: 0
[2026-07-08 16:47:28] out while is working
[2026-07-08 16:47:28] buffer is less than 5, real size: 0
[2026-07-08 16:47:28] out while is working
[2026-07-08 16:47:28] buffer is less than 5, real size: 0
[2026-07-08 16:47:28] out while is working
[2026-07-08 16:47:28] buffer is less than 5, real size: 0
[2026-07-08 16:47:28] out while is working
[2026-07-08 16:47:28] buffer is less than 5, real size: 0
[2026-07-08 16:47:28] out while is working
[2026-07-08 16:47:28] buffer is less than 5, real size: 0
[2026-07-08 16:47:28] out while is working
[2026-07-08 16:47:28] buffer is less than 5, real size: 1
[2026-07-08 16:47:28] out while is working
[2026-07-08 16:47:28] data_length 14 iseq 150
[2026-07-08 16:47:28] begin switch_method
[2026-07-08 16:47:28] find command id514
[2026-07-08 16:47:28] data_length 17 iseq 151
[2026-07-08 16:47:28] buffer is less than sof_index + frame_length(26), buffer size: b'\xa5\x11\x00\x97\xb0\x01\x02\t\x01'
[2026-07-08 16:47:28] out while is working
[2026-07-08 16:47:28] data_length 17 iseq 151
[2026-07-08 16:47:28] buffer is less than sof_index + frame_length(26), buffer size: b'\xa5\x11\x00\x97\xb0\x01\x02\t\x01\x00'
[2026-07-08 16:47:28] out while is working
[2026-07-08 16:47:28] data_length 17 iseq 151
[2026-07-08 16:47:28] begin switch_method
[2026-07-08 16:47:28] find command id513
[2026-07-08 16:47:28] buffer is less than 5, real size: 0
[2026-07-08 16:47:28] out while is working
[2026-07-08 16:47:28] buffer is less than 5, real size: 0
[2026-07-08 16:47:28] out while is working
[2026-07-08 16:47:28] buffer is less than 5, real size: 0
[2026-07-08 16:47:28] out while is working
[2026-07-08 16:47:28] buffer is less than 5, real size: 0
[2026-07-08 16:47:28] out while is working
[2026-07-08 16:47:28] buffer is less than 5, real size: 0
[2026-07-08 16:47:28] out while is working
[2026-07-08 16:47:28] buffer is less than 5, real size: 0
[2026-07-08 16:47:28] out while is working
[2026-07-08 16:47:28] buffer is less than 5, real size: 0
[2026-07-08 16:47:28] out while is working
[2026-07-08 16:47:28] buffer is less than 5, real size: 0
[2026-07-08 16:47:28] out while is working
[2026-07-08 16:47:28] buffer is less than 5, real size: 0
[2026-07-08 16:47:28] out while is working
[2026-07-08 16:47:28] buffer is less than 5, real size: 0
[2026-07-08 16:47:28] out while is working
[2026-07-08 16:47:28] buffer is less than 5, real size: 1
[2026-07-08 16:47:28] out while is working
[2026-07-08 16:47:28] data_length 14 iseq 152
[2026-07-08 16:47:28] begin switch_method
[2026-07-08 16:47:28] find command id514
[2026-07-08 16:47:28] data_length 17 iseq 153
[2026-07-08 16:47:28] buffer is less than sof_index + frame_length(26), buffer size: b'\xa5\x11\x00\x99\xaf\x01\x02\t\x01'
[2026-07-08 16:47:28] out while is working
[2026-07-08 16:47:28] data_length 17 iseq 153
[2026-07-08 16:47:28] buffer is less than sof_index + frame_length(26), buffer size: b'\xa5\x11\x00\x99\xaf\x01\x02\t\x01\x00'
[2026-07-08 16:47:28] out while is working
[2026-07-08 16:47:28] data_length 17 iseq 153
[2026-07-08 16:47:28] begin switch_method
[2026-07-08 16:47:28] find command id513
[2026-07-08 16:47:28] buffer is less than 5, real size: 0
[2026-07-08 16:47:28] out while is working
[2026-07-08 16:47:28] buffer is less than 5, real size: 0
[2026-07-08 16:47:28] out while is working
[2026-07-08 16:47:28] buffer is less than 5, real size: 0
[2026-07-08 16:47:28] out while is working
[2026-07-08 16:47:28] buffer is less than 5, real size: 0
[2026-07-08 16:47:28] out while is working
[2026-07-08 16:47:28] buffer is less than 5, real size: 0
[2026-07-08 16:47:28] out while is working
[2026-07-08 16:47:28] buffer is less than 5, real size: 0
[2026-07-08 16:47:28] out while is working
[2026-07-08 16:47:28] buffer is less than 5, real size: 0
[2026-07-08 16:47:28] out while is working
[2026-07-08 16:47:28] buffer is less than 5, real size: 0
[2026-07-08 16:47:28] out while is working
[2026-07-08 16:47:28] buffer is less than 5, real size: 0
[2026-07-08 16:47:28] out while is working
[2026-07-08 16:47:28] buffer is less than 5, real size: 0
[2026-07-08 16:47:28] out while is working
[2026-07-08 16:47:28] buffer is less than 5, real size: 1
[2026-07-08 16:47:28] out while is working
[2026-07-08 16:47:28] data_length 14 iseq 154
[2026-07-08 16:47:28] begin switch_method
[2026-07-08 16:47:28] find command id514
[2026-07-08 16:47:28] data_length 17 iseq 155
[2026-07-08 16:47:28] buffer is less than sof_index + frame_length(26), buffer size: b'\xa5\x11\x00\x9b\x13\x01\x02\t\x01'
[2026-07-08 16:47:28] out while is working
[2026-07-08 16:47:28] data_length 17 iseq 155
[2026-07-08 16:47:28] buffer is less than sof_index + frame_length(26), buffer size: b'\xa5\x11\x00\x9b\x13\x01\x02\t\x01\x00'
[2026-07-08 16:47:28] out while is working
[2026-07-08 16:47:28] data_length 17 iseq 155
[2026-07-08 16:47:28] begin switch_method
[2026-07-08 16:47:28] find command id513
[2026-07-08 16:47:28] buffer is less than 5, real size: 0
[2026-07-08 16:47:28] out while is working
[2026-07-08 16:47:28] buffer is less than 5, real size: 0
[2026-07-08 16:47:28] out while is working
[2026-07-08 16:47:28] buffer is less than 5, real size: 0
[2026-07-08 16:47:28] out while is working
[2026-07-08 16:47:28] buffer is less than 5, real size: 0
[2026-07-08 16:47:28] out while is working
[2026-07-08 16:47:28] buffer is less than 5, real size: 0
[2026-07-08 16:47:28] out while is working
[2026-07-08 16:47:28] buffer is less than 5, real size: 0
[2026-07-08 16:47:28] out while is working
[2026-07-08 16:47:28] buffer is less than 5, real size: 0
[2026-07-08 16:47:28] out while is working
[2026-07-08 16:47:28] buffer is less than 5, real size: 0
[2026-07-08 16:47:28] out while is working
[2026-07-08 16:47:28] buffer is less than 5, real size: 0
[2026-07-08 16:47:28] out while is working
[2026-07-08 16:47:28] buffer is less than 5, real size: 0
[2026-07-08 16:47:28] out while is working
[2026-07-08 16:47:28] buffer is less than 5, real size: 0
[2026-07-08 16:47:28] out while is working
[2026-07-08 16:47:28] buffer is less than 5, real size: 1
[2026-07-08 16:47:28] out while is working
[2026-07-08 16:47:28] data_length 14 iseq 156
[2026-07-08 16:47:28] begin switch_method
[2026-07-08 16:47:28] find command id514
[2026-07-08 16:47:28] data_length 17 iseq 157
[2026-07-08 16:47:28] buffer is less than sof_index + frame_length(26), buffer size: b'\xa5\x11\x00\x9d\xce\x01\x02\t\x01'
[2026-07-08 16:47:28] out while is working
[2026-07-08 16:47:28] data_length 17 iseq 157
[2026-07-08 16:47:28] buffer is less than sof_index + frame_length(26), buffer size: b'\xa5\x11\x00\x9d\xce\x01\x02\t\x01\x00'
[2026-07-08 16:47:28] out while is working
[2026-07-08 16:47:28] data_length 17 iseq 157
[2026-07-08 16:47:28] begin switch_method
[2026-07-08 16:47:28] find command id513
[2026-07-08 16:47:28] buffer is less than 5, real size: 0
[2026-07-08 16:47:28] out while is working
[2026-07-08 16:47:28] buffer is less than 5, real size: 0
[2026-07-08 16:47:28] out while is working
[2026-07-08 16:47:28] buffer is less than 5, real size: 0
[2026-07-08 16:47:28] out while is working
[2026-07-08 16:47:28] buffer is less than 5, real size: 0
[2026-07-08 16:47:28] out while is working
[2026-07-08 16:47:28] buffer is less than 5, real size: 0
[2026-07-08 16:47:28] out while is working
[2026-07-08 16:47:28] buffer is less than 5, real size: 0
[2026-07-08 16:47:28] out while is working
[2026-07-08 16:47:28] buffer is less than 5, real size: 0
[2026-07-08 16:47:28] out while is working
[2026-07-08 16:47:28] buffer is less than 5, real size: 0
[2026-07-08 16:47:28] out while is working
[2026-07-08 16:47:28] buffer is less than 5, real size: 0
[2026-07-08 16:47:28] out while is working
[2026-07-08 16:47:28] buffer is less than 5, real size: 0
[2026-07-08 16:47:28] out while is working
[2026-07-08 16:47:28] buffer is less than 5, real size: 1
[2026-07-08 16:47:28] out while is working
[2026-07-08 16:47:28] data_length 14 iseq 158
[2026-07-08 16:47:28] begin switch_method
[2026-07-08 16:47:28] find command id514
[2026-07-08 16:47:28] data_length 17 iseq 159
[2026-07-08 16:47:28] buffer is less than sof_index + frame_length(26), buffer size: b'\xa5\x11\x00\x9fr\x01\x02\t\x01'
[2026-07-08 16:47:28] out while is working
[2026-07-08 16:47:28] data_length 17 iseq 159
[2026-07-08 16:47:28] buffer is less than sof_index + frame_length(26), buffer size: b'\xa5\x11\x00\x9fr\x01\x02\t\x01\x00'
[2026-07-08 16:47:28] out while is working
[2026-07-08 16:47:28] data_length 17 iseq 159
[2026-07-08 16:47:28] begin switch_method
[2026-07-08 16:47:28] find command id513
[2026-07-08 16:47:28] buffer is less than 5, real size: 0
[2026-07-08 16:47:28] out while is working
[2026-07-08 16:47:28] buffer is less than 5, real size: 0
[2026-07-08 16:47:28] out while is working
[2026-07-08 16:47:28] buffer is less than 5, real size: 0
[2026-07-08 16:47:28] out while is working
[2026-07-08 16:47:28] buffer is less than 5, real size: 0
[2026-07-08 16:47:28] out while is working
[2026-07-08 16:47:28] buffer is less than 5, real size: 0
[2026-07-08 16:47:28] out while is working
[2026-07-08 16:47:28] buffer is less than 5, real size: 0
[2026-07-08 16:47:28] out while is working
[2026-07-08 16:47:29] buffer is less than 5, real size: 0
[2026-07-08 16:47:29] out while is working
[2026-07-08 16:47:29] buffer is less than 5, real size: 0
[2026-07-08 16:47:29] out while is working
[2026-07-08 16:47:29] buffer is less than 5, real size: 0
[2026-07-08 16:47:29] out while is working
[2026-07-08 16:47:29] buffer is less than 5, real size: 0
[2026-07-08 16:47:29] out while is working
[2026-07-08 16:47:29] buffer is less than 5, real size: 0
[2026-07-08 16:47:29] out while is working
[2026-07-08 16:47:29] buffer is less than 5, real size: 1
[2026-07-08 16:47:29] out while is working
[2026-07-08 16:47:29] data_length 14 iseq 160
[2026-07-08 16:47:29] begin switch_method
[2026-07-08 16:47:29] find command id514
[2026-07-08 16:47:29] data_length 12 iseq 161
[2026-07-08 16:47:29] buffer is less than sof_index + frame_length(21), buffer size: b'\xa5\x0c\x00\xa1\x89\x03\x02\x00\x00'
[2026-07-08 16:47:29] out while is working
[2026-07-08 16:47:29] data_length 12 iseq 161
[2026-07-08 16:47:29] buffer is less than sof_index + frame_length(21), buffer size: b'\xa5\x0c\x00\xa1\x89\x03\x02\x00\x00\x00'
[2026-07-08 16:47:29] out while is working
[2026-07-08 16:47:29] data_length 12 iseq 161
[2026-07-08 16:47:29] begin switch_method
[2026-07-08 16:47:29] find command id515
[2026-07-08 16:47:29] data_length 17 iseq 162
[2026-07-08 16:47:29] buffer is less than sof_index + frame_length(26), buffer size: b'\xa5\x11\x00\xa21\x01\x02\t\x01\x00\x00\x00\x00\x00\x00\x00\x00\x00\x00\x00'
[2026-07-08 16:47:29] out while is working
[2026-07-08 16:47:29] data_length 17 iseq 162
[2026-07-08 16:47:29] buffer is less than sof_index + frame_length(26), buffer size: b'\xa5\x11\x00\xa21\x01\x02\t\x01\x00\x00\x00\x00\x00\x00\x00\x00\x00\x00\x00\x00'
[2026-07-08 16:47:29] out while is working
[2026-07-08 16:47:29] data_length 17 iseq 162
[2026-07-08 16:47:29] begin switch_method
[2026-07-08 16:47:29] find command id513
[2026-07-08 16:47:29] buffer is less than 5, real size: 0
[2026-07-08 16:47:29] out while is working
[2026-07-08 16:47:29] buffer is less than 5, real size: 0
[2026-07-08 16:47:29] out while is working
[2026-07-08 16:47:29] buffer is less than 5, real size: 0
[2026-07-08 16:47:29] out while is working
[2026-07-08 16:47:29] buffer is less than 5, real size: 0
[2026-07-08 16:47:29] out while is working
[2026-07-08 16:47:29] buffer is less than 5, real size: 0
[2026-07-08 16:47:29] out while is working
[2026-07-08 16:47:29] buffer is less than 5, real size: 0
[2026-07-08 16:47:29] out while is working
[2026-07-08 16:47:29] buffer is less than 5, real size: 0
[2026-07-08 16:47:29] out while is working
[2026-07-08 16:47:29] buffer is less than 5, real size: 0
[2026-07-08 16:47:29] out while is working
[2026-07-08 16:47:29] buffer is less than 5, real size: 0
[2026-07-08 16:47:29] out while is working
[2026-07-08 16:47:29] buffer is less than 5, real size: 0
[2026-07-08 16:47:29] out while is working
[2026-07-08 16:47:29] buffer is less than 5, real size: 1
[2026-07-08 16:47:29] out while is working
[2026-07-08 16:47:29] data_length 14 iseq 163
[2026-07-08 16:47:29] begin switch_method
[2026-07-08 16:47:29] find command id514
[2026-07-08 16:47:29] data_length 17 iseq 164
[2026-07-08 16:47:29] buffer is less than sof_index + frame_length(26), buffer size: b'\xa5\x11\x00\xa4\xec\x01\x02\t\x01'
[2026-07-08 16:47:29] out while is working
[2026-07-08 16:47:29] data_length 17 iseq 164
[2026-07-08 16:47:29] buffer is less than sof_index + frame_length(26), buffer size: b'\xa5\x11\x00\xa4\xec\x01\x02\t\x01\x00'
[2026-07-08 16:47:29] out while is working
[2026-07-08 16:47:29] data_length 17 iseq 164
[2026-07-08 16:47:29] begin switch_method
[2026-07-08 16:47:29] find command id513
[2026-07-08 16:47:29] buffer is less than 5, real size: 0
[2026-07-08 16:47:29] out while is working
[2026-07-08 16:47:29] buffer is less than 5, real size: 0
[2026-07-08 16:47:29] out while is working
[2026-07-08 16:47:29] buffer is less than 5, real size: 0
[2026-07-08 16:47:29] out while is working
[2026-07-08 16:47:29] buffer is less than 5, real size: 0
[2026-07-08 16:47:29] out while is working
[2026-07-08 16:47:29] buffer is less than 5, real size: 0
[2026-07-08 16:47:29] out while is working
[2026-07-08 16:47:29] buffer is less than 5, real size: 0
[2026-07-08 16:47:29] out while is working
[2026-07-08 16:47:29] buffer is less than 5, real size: 0
[2026-07-08 16:47:29] out while is working
[2026-07-08 16:47:29] buffer is less than 5, real size: 0
[2026-07-08 16:47:29] out while is working
[2026-07-08 16:47:29] buffer is less than 5, real size: 0
[2026-07-08 16:47:29] out while is working
[2026-07-08 16:47:29] buffer is less than 5, real size: 0
[2026-07-08 16:47:29] out while is working
[2026-07-08 16:47:29] buffer is less than 5, real size: 1
[2026-07-08 16:47:29] out while is working
[2026-07-08 16:47:29] data_length 14 iseq 165
[2026-07-08 16:47:29] begin switch_method
[2026-07-08 16:47:29] find command id514
[2026-07-08 16:47:29] data_length 17 iseq 166
[2026-07-08 16:47:29] buffer is less than sof_index + frame_length(26), buffer size: b'\xa5\x11\x00\xa6P\x01\x02\t\x01'
[2026-07-08 16:47:29] out while is working
[2026-07-08 16:47:29] data_length 17 iseq 166
[2026-07-08 16:47:29] buffer is less than sof_index + frame_length(26), buffer size: b'\xa5\x11\x00\xa6P\x01\x02\t\x01\x00'
[2026-07-08 16:47:29] out while is working
[2026-07-08 16:47:29] data_length 17 iseq 166
[2026-07-08 16:47:29] begin switch_method
[2026-07-08 16:47:29] find command id513
[2026-07-08 16:47:29] buffer is less than 5, real size: 0
[2026-07-08 16:47:29] out while is working
[2026-07-08 16:47:29] buffer is less than 5, real size: 0
[2026-07-08 16:47:29] out while is working
[2026-07-08 16:47:29] buffer is less than 5, real size: 0
[2026-07-08 16:47:29] out while is working
[2026-07-08 16:47:29] buffer is less than 5, real size: 0
[2026-07-08 16:47:29] out while is working
[2026-07-08 16:47:29] buffer is less than 5, real size: 0
[2026-07-08 16:47:29] out while is working
[2026-07-08 16:47:29] buffer is less than 5, real size: 0
[2026-07-08 16:47:29] out while is working
[2026-07-08 16:47:29] buffer is less than 5, real size: 0
[2026-07-08 16:47:29] out while is working
[2026-07-08 16:47:29] buffer is less than 5, real size: 0
[2026-07-08 16:47:29] out while is working
[2026-07-08 16:47:29] buffer is less than 5, real size: 0
[2026-07-08 16:47:29] out while is working
[2026-07-08 16:47:29] buffer is less than 5, real size: 0
[2026-07-08 16:47:29] out while is working
[2026-07-08 16:47:29] buffer is less than 5, real size: 1
[2026-07-08 16:47:29] out while is working
[2026-07-08 16:47:29] data_length 14 iseq 167
[2026-07-08 16:47:29] begin switch_method
[2026-07-08 16:47:29] find command id514
[2026-07-08 16:47:29] data_length 17 iseq 168
[2026-07-08 16:47:29] buffer is less than sof_index + frame_length(26), buffer size: b'\xa5\x11\x00\xa8O\x01\x02\t\x01'
[2026-07-08 16:47:29] out while is working
[2026-07-08 16:47:29] data_length 17 iseq 168
[2026-07-08 16:47:29] buffer is less than sof_index + frame_length(26), buffer size: b'\xa5\x11\x00\xa8O\x01\x02\t\x01\x00'
[2026-07-08 16:47:29] out while is working
[2026-07-08 16:47:29] data_length 17 iseq 168
[2026-07-08 16:47:29] begin switch_method
[2026-07-08 16:47:29] find command id513
[2026-07-08 16:47:29] buffer is less than 5, real size: 0
[2026-07-08 16:47:29] out while is working
[2026-07-08 16:47:29] buffer is less than 5, real size: 0
[2026-07-08 16:47:29] out while is working
[2026-07-08 16:47:29] buffer is less than 5, real size: 0
[2026-07-08 16:47:29] out while is working
[2026-07-08 16:47:29] buffer is less than 5, real size: 0
[2026-07-08 16:47:29] out while is working
[2026-07-08 16:47:29] buffer is less than 5, real size: 0
[2026-07-08 16:47:29] out while is working
[2026-07-08 16:47:29] buffer is less than 5, real size: 0
[2026-07-08 16:47:29] out while is working
[2026-07-08 16:47:29] buffer is less than 5, real size: 0
[2026-07-08 16:47:29] out while is working
[2026-07-08 16:47:29] buffer is less than 5, real size: 0
[2026-07-08 16:47:29] out while is working
[2026-07-08 16:47:29] buffer is less than 5, real size: 0
[2026-07-08 16:47:29] out while is working
[2026-07-08 16:47:29] buffer is less than 5, real size: 0
[2026-07-08 16:47:29] out while is working
[2026-07-08 16:47:29] buffer is less than 5, real size: 1
[2026-07-08 16:47:29] out while is working
[2026-07-08 16:47:29] data_length 14 iseq 169
[2026-07-08 16:47:29] begin switch_method
[2026-07-08 16:47:29] find command id514
[2026-07-08 16:47:29] data_length 17 iseq 170
[2026-07-08 16:47:29] buffer is less than sof_index + frame_length(26), buffer size: b'\xa5\x11\x00\xaa\xf3\x01\x02\t\x01'
[2026-07-08 16:47:29] out while is working
[2026-07-08 16:47:29] data_length 17 iseq 170
[2026-07-08 16:47:29] buffer is less than sof_index + frame_length(26), buffer size: b'\xa5\x11\x00\xaa\xf3\x01\x02\t\x01\x00'
[2026-07-08 16:47:29] out while is working
[2026-07-08 16:47:29] data_length 17 iseq 170
[2026-07-08 16:47:29] begin switch_method
[2026-07-08 16:47:29] find command id513
[2026-07-08 16:47:29] buffer is less than 5, real size: 0
[2026-07-08 16:47:29] out while is working
[2026-07-08 16:47:29] buffer is less than 5, real size: 0
[2026-07-08 16:47:29] out while is working
[2026-07-08 16:47:29] buffer is less than 5, real size: 0
[2026-07-08 16:47:29] out while is working
[2026-07-08 16:47:29] buffer is less than 5, real size: 0
[2026-07-08 16:47:29] out while is working
[2026-07-08 16:47:29] buffer is less than 5, real size: 0
[2026-07-08 16:47:29] out while is working
[2026-07-08 16:47:29] buffer is less than 5, real size: 0
[2026-07-08 16:47:29] out while is working
[2026-07-08 16:47:29] buffer is less than 5, real size: 0
[2026-07-08 16:47:29] out while is working
[2026-07-08 16:47:29] buffer is less than 5, real size: 0
[2026-07-08 16:47:29] out while is working
[2026-07-08 16:47:29] buffer is less than 5, real size: 0
[2026-07-08 16:47:29] out while is working
[2026-07-08 16:47:29] buffer is less than 5, real size: 0
[2026-07-08 16:47:29] out while is working
[2026-07-08 16:47:29] buffer is less than 5, real size: 1
[2026-07-08 16:47:29] out while is working
[2026-07-08 16:47:29] data_length 14 iseq 171
[2026-07-08 16:47:29] begin switch_method
[2026-07-08 16:47:29] find command id514
[2026-07-08 16:47:29] data_length 17 iseq 172
[2026-07-08 16:47:29] buffer is less than sof_index + frame_length(26), buffer size: b'\xa5\x11\x00\xac.\x01\x02\t\x01'
[2026-07-08 16:47:29] out while is working
[2026-07-08 16:47:29] data_length 17 iseq 172
[2026-07-08 16:47:29] buffer is less than sof_index + frame_length(26), buffer size: b'\xa5\x11\x00\xac.\x01\x02\t\x01\x00'
[2026-07-08 16:47:29] out while is working
[2026-07-08 16:47:29] data_length 17 iseq 172
[2026-07-08 16:47:29] begin switch_method
[2026-07-08 16:47:29] find command id513
[2026-07-08 16:47:29] buffer is less than 5, real size: 0
[2026-07-08 16:47:29] out while is working
[2026-07-08 16:47:29] buffer is less than 5, real size: 0
[2026-07-08 16:47:29] out while is working
[2026-07-08 16:47:29] buffer is less than 5, real size: 0
[2026-07-08 16:47:29] out while is working
[2026-07-08 16:47:29] buffer is less than 5, real size: 0
[2026-07-08 16:47:29] out while is working
[2026-07-08 16:47:29] buffer is less than 5, real size: 0
[2026-07-08 16:47:29] out while is working
[2026-07-08 16:47:29] buffer is less than 5, real size: 0
[2026-07-08 16:47:29] out while is working
[2026-07-08 16:47:29] buffer is less than 5, real size: 0
[2026-07-08 16:47:29] out while is working
[2026-07-08 16:47:29] buffer is less than 5, real size: 0
[2026-07-08 16:47:29] out while is working
[2026-07-08 16:47:29] buffer is less than 5, real size: 0
[2026-07-08 16:47:29] out while is working
[2026-07-08 16:47:29] buffer is less than 5, real size: 0
[2026-07-08 16:47:29] out while is working
[2026-07-08 16:47:29] buffer is less than 5, real size: 1
[2026-07-08 16:47:29] out while is working
[2026-07-08 16:47:29] data_length 14 iseq 173
[2026-07-08 16:47:29] begin switch_method
[2026-07-08 16:47:29] find command id514
[2026-07-08 16:47:29] data_length 17 iseq 174
[2026-07-08 16:47:29] buffer is less than sof_index + frame_length(26), buffer size: b'\xa5\x11\x00\xae\x92\x01\x02\t\x01'
[2026-07-08 16:47:29] out while is working
[2026-07-08 16:47:29] data_length 17 iseq 174
[2026-07-08 16:47:29] buffer is less than sof_index + frame_length(26), buffer size: b'\xa5\x11\x00\xae\x92\x01\x02\t\x01\x00'
[2026-07-08 16:47:29] out while is working
[2026-07-08 16:47:29] data_length 17 iseq 174
[2026-07-08 16:47:29] begin switch_method
[2026-07-08 16:47:29] find command id513
[2026-07-08 16:47:29] buffer is less than 5, real size: 0
[2026-07-08 16:47:29] out while is working
[2026-07-08 16:47:29] buffer is less than 5, real size: 0
[2026-07-08 16:47:29] out while is working
[2026-07-08 16:47:29] buffer is less than 5, real size: 0
[2026-07-08 16:47:29] out while is working
[2026-07-08 16:47:29] buffer is less than 5, real size: 0
[2026-07-08 16:47:29] out while is working
[2026-07-08 16:47:29] buffer is less than 5, real size: 0
[2026-07-08 16:47:29] out while is working
[2026-07-08 16:47:29] buffer is less than 5, real size: 0
[2026-07-08 16:47:29] out while is working
[2026-07-08 16:47:29] buffer is less than 5, real size: 0
[2026-07-08 16:47:29] out while is working
[2026-07-08 16:47:29] buffer is less than 5, real size: 0
[2026-07-08 16:47:29] out while is working
[2026-07-08 16:47:29] buffer is less than 5, real size: 0
[2026-07-08 16:47:29] out while is working
[2026-07-08 16:47:29] buffer is less than 5, real size: 0
[2026-07-08 16:47:29] out while is working
[2026-07-08 16:47:29] buffer is less than 5, real size: 1
[2026-07-08 16:47:29] out while is working
[2026-07-08 16:47:29] data_length 14 iseq 175
[2026-07-08 16:47:29] begin switch_method
[2026-07-08 16:47:29] find command id514
[2026-07-08 16:47:29] data_length 17 iseq 176
[2026-07-08 16:47:29] buffer is less than sof_index + frame_length(26), buffer size: b'\xa5\x11\x00\xb0\x10\x01\x02\t\x01'
[2026-07-08 16:47:29] out while is working
[2026-07-08 16:47:29] data_length 17 iseq 176
[2026-07-08 16:47:29] buffer is less than sof_index + frame_length(26), buffer size: b'\xa5\x11\x00\xb0\x10\x01\x02\t\x01\x00'
[2026-07-08 16:47:29] out while is working
[2026-07-08 16:47:29] data_length 17 iseq 176
[2026-07-08 16:47:29] begin switch_method
[2026-07-08 16:47:29] find command id513
[2026-07-08 16:47:29] buffer is less than 5, real size: 0
[2026-07-08 16:47:29] out while is working
[2026-07-08 16:47:29] buffer is less than 5, real size: 0
[2026-07-08 16:47:29] out while is working
[2026-07-08 16:47:29] buffer is less than 5, real size: 0
[2026-07-08 16:47:29] out while is working
[2026-07-08 16:47:29] buffer is less than 5, real size: 0
[2026-07-08 16:47:29] out while is working
[2026-07-08 16:47:29] buffer is less than 5, real size: 0
[2026-07-08 16:47:29] out while is working
[2026-07-08 16:47:29] buffer is less than 5, real size: 0
[2026-07-08 16:47:29] out while is working
[2026-07-08 16:47:29] buffer is less than 5, real size: 0
[2026-07-08 16:47:29] out while is working
[2026-07-08 16:47:29] buffer is less than 5, real size: 0
[2026-07-08 16:47:29] out while is working
[2026-07-08 16:47:29] buffer is less than 5, real size: 0
[2026-07-08 16:47:29] out while is working
[2026-07-08 16:47:29] buffer is less than 5, real size: 0
[2026-07-08 16:47:29] out while is working
[2026-07-08 16:47:29] buffer is less than 5, real size: 1
[2026-07-08 16:47:29] out while is working
[2026-07-08 16:47:29] data_length 14 iseq 177
[2026-07-08 16:47:29] begin switch_method
[2026-07-08 16:47:29] find command id514
[2026-07-08 16:47:29] data_length 17 iseq 178
[2026-07-08 16:47:29] buffer is less than sof_index + frame_length(26), buffer size: b'\xa5\x11\x00\xb2\xac\x01\x02\t\x01'
[2026-07-08 16:47:29] out while is working
[2026-07-08 16:47:29] data_length 17 iseq 178
[2026-07-08 16:47:29] buffer is less than sof_index + frame_length(26), buffer size: b'\xa5\x11\x00\xb2\xac\x01\x02\t\x01\x00'
[2026-07-08 16:47:29] out while is working
[2026-07-08 16:47:29] data_length 17 iseq 178
[2026-07-08 16:47:29] begin switch_method
[2026-07-08 16:47:29] find command id513
[2026-07-08 16:47:29] buffer is less than 5, real size: 0
[2026-07-08 16:47:29] out while is working
[2026-07-08 16:47:29] buffer is less than 5, real size: 0
[2026-07-08 16:47:29] out while is working
[2026-07-08 16:47:29] buffer is less than 5, real size: 0
[2026-07-08 16:47:29] out while is working
[2026-07-08 16:47:29] buffer is less than 5, real size: 0
[2026-07-08 16:47:29] out while is working
[2026-07-08 16:47:29] buffer is less than 5, real size: 0
[2026-07-08 16:47:29] out while is working
[2026-07-08 16:47:29] buffer is less than 5, real size: 0
[2026-07-08 16:47:29] out while is working
[2026-07-08 16:47:29] buffer is less than 5, real size: 0
[2026-07-08 16:47:29] out while is working
[2026-07-08 16:47:29] buffer is less than 5, real size: 0
[2026-07-08 16:47:29] out while is working
[2026-07-08 16:47:29] buffer is less than 5, real size: 0
[2026-07-08 16:47:29] out while is working
[2026-07-08 16:47:29] buffer is less than 5, real size: 0
[2026-07-08 16:47:29] out while is working
[2026-07-08 16:47:29] buffer is less than 5, real size: 1
[2026-07-08 16:47:29] out while is working
[2026-07-08 16:47:29] data_length 14 iseq 179
[2026-07-08 16:47:29] begin switch_method
[2026-07-08 16:47:29] find command id514
[2026-07-08 16:47:29] data_length 17 iseq 180
[2026-07-08 16:47:29] buffer is less than sof_index + frame_length(26), buffer size: b'\xa5\x11\x00\xb4q\x01\x02\t\x01'
[2026-07-08 16:47:29] out while is working
[2026-07-08 16:47:29] data_length 17 iseq 180
[2026-07-08 16:47:29] buffer is less than sof_index + frame_length(26), buffer size: b'\xa5\x11\x00\xb4q\x01\x02\t\x01\x00'
[2026-07-08 16:47:29] out while is working
[2026-07-08 16:47:29] data_length 17 iseq 180
[2026-07-08 16:47:29] begin switch_method
[2026-07-08 16:47:29] find command id513
[2026-07-08 16:47:29] buffer is less than 5, real size: 0
[2026-07-08 16:47:29] out while is working
[2026-07-08 16:47:29] buffer is less than 5, real size: 0
[2026-07-08 16:47:29] out while is working
[2026-07-08 16:47:29] buffer is less than 5, real size: 0
[2026-07-08 16:47:29] out while is working
[2026-07-08 16:47:30] buffer is less than 5, real size: 0
[2026-07-08 16:47:30] out while is working
[2026-07-08 16:47:30] buffer is less than 5, real size: 0
[2026-07-08 16:47:30] out while is working
[2026-07-08 16:47:30] buffer is less than 5, real size: 0
[2026-07-08 16:47:30] out while is working
[2026-07-08 16:47:30] buffer is less than 5, real size: 0
[2026-07-08 16:47:30] out while is working
[2026-07-08 16:47:30] buffer is less than 5, real size: 0
[2026-07-08 16:47:30] out while is working
[2026-07-08 16:47:30] buffer is less than 5, real size: 0
[2026-07-08 16:47:30] out while is working
[2026-07-08 16:47:30] buffer is less than 5, real size: 0
[2026-07-08 16:47:30] out while is working
[2026-07-08 16:47:30] buffer is less than 5, real size: 0
[2026-07-08 16:47:30] out while is working
[2026-07-08 16:47:30] buffer is less than 5, real size: 1
[2026-07-08 16:47:30] out while is working
[2026-07-08 16:47:30] data_length 14 iseq 181
[2026-07-08 16:47:30] begin switch_method
[2026-07-08 16:47:30] find command id514
[2026-07-08 16:47:30] data_length 12 iseq 182
[2026-07-08 16:47:30] buffer is less than sof_index + frame_length(21), buffer size: b'\xa5\x0c\x00\xb6\x97\x03\x02\x00\x00'
[2026-07-08 16:47:30] out while is working
[2026-07-08 16:47:30] data_length 12 iseq 182
[2026-07-08 16:47:30] buffer is less than sof_index + frame_length(21), buffer size: b'\xa5\x0c\x00\xb6\x97\x03\x02\x00\x00\x00'
[2026-07-08 16:47:30] out while is working
[2026-07-08 16:47:30] data_length 12 iseq 182
[2026-07-08 16:47:30] begin switch_method
[2026-07-08 16:47:30] find command id515
[2026-07-08 16:47:30] data_length 17 iseq 183
[2026-07-08 16:47:30] buffer is less than sof_index + frame_length(26), buffer size: b'\xa5\x11\x00\xb7\x93\x01\x02\t\x01\x00\x00\x00\x00\x00\x00\x00\x00\x00\x00\x00'
[2026-07-08 16:47:30] out while is working
[2026-07-08 16:47:30] data_length 17 iseq 183
[2026-07-08 16:47:30] buffer is less than sof_index + frame_length(26), buffer size: b'\xa5\x11\x00\xb7\x93\x01\x02\t\x01\x00\x00\x00\x00\x00\x00\x00\x00\x00\x00\x00\x00'
[2026-07-08 16:47:30] out while is working
[2026-07-08 16:47:30] data_length 17 iseq 183
[2026-07-08 16:47:30] begin switch_method
[2026-07-08 16:47:30] find command id513
[2026-07-08 16:47:30] buffer is less than 5, real size: 0
[2026-07-08 16:47:30] out while is working
[2026-07-08 16:47:30] buffer is less than 5, real size: 0
[2026-07-08 16:47:30] out while is working
[2026-07-08 16:47:30] buffer is less than 5, real size: 0
[2026-07-08 16:47:30] out while is working
[2026-07-08 16:47:30] buffer is less than 5, real size: 0
[2026-07-08 16:47:30] out while is working
[2026-07-08 16:47:30] buffer is less than 5, real size: 0
[2026-07-08 16:47:30] out while is working
[2026-07-08 16:47:30] buffer is less than 5, real size: 0
[2026-07-08 16:47:30] out while is working
[2026-07-08 16:47:30] buffer is less than 5, real size: 0
[2026-07-08 16:47:30] out while is working
[2026-07-08 16:47:30] buffer is less than 5, real size: 0
[2026-07-08 16:47:30] out while is working
[2026-07-08 16:47:30] buffer is less than 5, real size: 0
[2026-07-08 16:47:30] out while is working
[2026-07-08 16:47:30] buffer is less than 5, real size: 0
[2026-07-08 16:47:30] out while is working
[2026-07-08 16:47:30] buffer is less than 5, real size: 1
[2026-07-08 16:47:30] out while is working
[2026-07-08 16:47:30] data_length 14 iseq 184
[2026-07-08 16:47:30] begin switch_method
[2026-07-08 16:47:30] find command id514
[2026-07-08 16:47:30] data_length 17 iseq 185
[2026-07-08 16:47:30] buffer is less than sof_index + frame_length(26), buffer size: b'\xa5\x11\x00\xb9\x8c\x01\x02\t\x01'
[2026-07-08 16:47:30] out while is working
[2026-07-08 16:47:30] data_length 17 iseq 185
[2026-07-08 16:47:30] buffer is less than sof_index + frame_length(26), buffer size: b'\xa5\x11\x00\xb9\x8c\x01\x02\t\x01\x00'
[2026-07-08 16:47:30] out while is working
[2026-07-08 16:47:30] data_length 17 iseq 185
[2026-07-08 16:47:30] begin switch_method
[2026-07-08 16:47:30] find command id513
[2026-07-08 16:47:30] buffer is less than 5, real size: 0
[2026-07-08 16:47:30] out while is working
[2026-07-08 16:47:30] buffer is less than 5, real size: 0
[2026-07-08 16:47:30] out while is working
[2026-07-08 16:47:30] buffer is less than 5, real size: 0
[2026-07-08 16:47:30] out while is working
[2026-07-08 16:47:30] buffer is less than 5, real size: 0
[2026-07-08 16:47:30] out while is working
[2026-07-08 16:47:30] buffer is less than 5, real size: 0
[2026-07-08 16:47:30] out while is working
[2026-07-08 16:47:30] buffer is less than 5, real size: 0
[2026-07-08 16:47:30] out while is working
[2026-07-08 16:47:30] buffer is less than 5, real size: 0
[2026-07-08 16:47:30] out while is working
[2026-07-08 16:47:30] buffer is less than 5, real size: 0
[2026-07-08 16:47:30] out while is working
[2026-07-08 16:47:30] buffer is less than 5, real size: 0
[2026-07-08 16:47:30] out while is working
[2026-07-08 16:47:30] buffer is less than 5, real size: 0
[2026-07-08 16:47:30] out while is working
[2026-07-08 16:47:30] buffer is less than 5, real size: 1
[2026-07-08 16:47:30] out while is working
[2026-07-08 16:47:30] data_length 14 iseq 186
[2026-07-08 16:47:30] begin switch_method
[2026-07-08 16:47:30] find command id514
[2026-07-08 16:47:30] data_length 17 iseq 187
[2026-07-08 16:47:30] buffer is less than sof_index + frame_length(26), buffer size: b'\xa5\x11\x00\xbb0\x01\x02\t\x01'
[2026-07-08 16:47:30] out while is working
[2026-07-08 16:47:30] data_length 17 iseq 187
[2026-07-08 16:47:30] buffer is less than sof_index + frame_length(26), buffer size: b'\xa5\x11\x00\xbb0\x01\x02\t\x01\x00'
[2026-07-08 16:47:30] out while is working
[2026-07-08 16:47:30] data_length 17 iseq 187
[2026-07-08 16:47:30] begin switch_method
[2026-07-08 16:47:30] find command id513
[2026-07-08 16:47:30] buffer is less than 5, real size: 0
[2026-07-08 16:47:30] out while is working
[2026-07-08 16:47:30] buffer is less than 5, real size: 0
[2026-07-08 16:47:30] out while is working
[2026-07-08 16:47:30] buffer is less than 5, real size: 0
[2026-07-08 16:47:30] out while is working
[2026-07-08 16:47:30] buffer is less than 5, real size: 0
[2026-07-08 16:47:30] out while is working
[2026-07-08 16:47:30] buffer is less than 5, real size: 0
[2026-07-08 16:47:30] out while is working
[2026-07-08 16:47:30] buffer is less than 5, real size: 0
[2026-07-08 16:47:30] out while is working
[2026-07-08 16:47:30] buffer is less than 5, real size: 0
[2026-07-08 16:47:30] out while is working
[2026-07-08 16:47:30] buffer is less than 5, real size: 0
[2026-07-08 16:47:30] out while is working
[2026-07-08 16:47:30] buffer is less than 5, real size: 0
[2026-07-08 16:47:30] out while is working
[2026-07-08 16:47:30] buffer is less than 5, real size: 0
[2026-07-08 16:47:30] out while is working
[2026-07-08 16:47:30] buffer is less than 5, real size: 1
[2026-07-08 16:47:30] out while is working
[2026-07-08 16:47:30] data_length 14 iseq 188
[2026-07-08 16:47:30] begin switch_method
[2026-07-08 16:47:30] find command id514
[2026-07-08 16:47:30] data_length 17 iseq 189
[2026-07-08 16:47:30] buffer is less than sof_index + frame_length(26), buffer size: b'\xa5\x11\x00\xbd\xed\x01\x02\t\x01'
[2026-07-08 16:47:30] out while is working
[2026-07-08 16:47:30] data_length 17 iseq 189
[2026-07-08 16:47:30] buffer is less than sof_index + frame_length(26), buffer size: b'\xa5\x11\x00\xbd\xed\x01\x02\t\x01\x00'
[2026-07-08 16:47:30] out while is working
[2026-07-08 16:47:30] data_length 17 iseq 189
[2026-07-08 16:47:30] begin switch_method
[2026-07-08 16:47:30] find command id513
[2026-07-08 16:47:30] buffer is less than 5, real size: 0
[2026-07-08 16:47:30] out while is working
[2026-07-08 16:47:30] buffer is less than 5, real size: 0
[2026-07-08 16:47:30] out while is working
[2026-07-08 16:47:30] buffer is less than 5, real size: 0
[2026-07-08 16:47:30] out while is working
[2026-07-08 16:47:30] buffer is less than 5, real size: 0
[2026-07-08 16:47:30] out while is working
[2026-07-08 16:47:30] buffer is less than 5, real size: 0
[2026-07-08 16:47:30] out while is working
[2026-07-08 16:47:30] buffer is less than 5, real size: 0
[2026-07-08 16:47:30] out while is working
[2026-07-08 16:47:30] buffer is less than 5, real size: 0
[2026-07-08 16:47:30] out while is working
[2026-07-08 16:47:30] buffer is less than 5, real size: 0
[2026-07-08 16:47:30] out while is working
[2026-07-08 16:47:30] buffer is less than 5, real size: 0
[2026-07-08 16:47:30] out while is working
[2026-07-08 16:47:30] buffer is less than 5, real size: 0
[2026-07-08 16:47:30] out while is working
[2026-07-08 16:47:30] buffer is less than 5, real size: 1
[2026-07-08 16:47:30] out while is working
[2026-07-08 16:47:30] data_length 14 iseq 190
[2026-07-08 16:47:30] begin switch_method
[2026-07-08 16:47:30] find command id514
[2026-07-08 16:47:30] data_length 17 iseq 191
[2026-07-08 16:47:30] buffer is less than sof_index + frame_length(26), buffer size: b'\xa5\x11\x00\xbfQ\x01\x02\t\x01'
[2026-07-08 16:47:30] out while is working
[2026-07-08 16:47:30] data_length 17 iseq 191
[2026-07-08 16:47:30] buffer is less than sof_index + frame_length(26), buffer size: b'\xa5\x11\x00\xbfQ\x01\x02\t\x01\x00'
[2026-07-08 16:47:30] out while is working
[2026-07-08 16:47:30] data_length 17 iseq 191
[2026-07-08 16:47:30] begin switch_method
[2026-07-08 16:47:30] find command id513
[2026-07-08 16:47:30] buffer is less than 5, real size: 0
[2026-07-08 16:47:30] out while is working
[2026-07-08 16:47:30] buffer is less than 5, real size: 0
[2026-07-08 16:47:30] out while is working
[2026-07-08 16:47:30] buffer is less than 5, real size: 0
[2026-07-08 16:47:30] out while is working
[2026-07-08 16:47:30] buffer is less than 5, real size: 0
[2026-07-08 16:47:30] out while is working
[2026-07-08 16:47:30] buffer is less than 5, real size: 0
[2026-07-08 16:47:30] out while is working
[2026-07-08 16:47:30] buffer is less than 5, real size: 0
[2026-07-08 16:47:30] out while is working
[2026-07-08 16:47:30] buffer is less than 5, real size: 0
[2026-07-08 16:47:30] out while is working
[2026-07-08 16:47:30] buffer is less than 5, real size: 0
[2026-07-08 16:47:30] out while is working
[2026-07-08 16:47:30] buffer is less than 5, real size: 0
[2026-07-08 16:47:30] out while is working
[2026-07-08 16:47:30] buffer is less than 5, real size: 0
[2026-07-08 16:47:30] out while is working
[2026-07-08 16:47:30] buffer is less than 5, real size: 0
[2026-07-08 16:47:30] out while is working
[2026-07-08 16:47:30] buffer is less than 5, real size: 1
[2026-07-08 16:47:30] out while is working
[2026-07-08 16:47:30] data_length 14 iseq 192
[2026-07-08 16:47:30] begin switch_method
[2026-07-08 16:47:30] find command id514
[2026-07-08 16:47:30] data_length 17 iseq 193
[2026-07-08 16:47:30] buffer is less than sof_index + frame_length(26), buffer size: b'\xa5\x11\x00\xc1\xb6\x01\x02\t\x01'
[2026-07-08 16:47:30] out while is working
[2026-07-08 16:47:30] data_length 17 iseq 193
[2026-07-08 16:47:30] buffer is less than sof_index + frame_length(26), buffer size: b'\xa5\x11\x00\xc1\xb6\x01\x02\t\x01\x00'
[2026-07-08 16:47:30] out while is working
[2026-07-08 16:47:30] data_length 17 iseq 193
[2026-07-08 16:47:30] begin switch_method
[2026-07-08 16:47:30] find command id513
[2026-07-08 16:47:30] buffer is less than 5, real size: 0
[2026-07-08 16:47:30] out while is working
[2026-07-08 16:47:30] buffer is less than 5, real size: 0
[2026-07-08 16:47:30] out while is working
[2026-07-08 16:47:30] buffer is less than 5, real size: 0
[2026-07-08 16:47:30] out while is working
[2026-07-08 16:47:30] buffer is less than 5, real size: 0
[2026-07-08 16:47:30] out while is working
[2026-07-08 16:47:30] buffer is less than 5, real size: 0
[2026-07-08 16:47:30] out while is working
[2026-07-08 16:47:30] buffer is less than 5, real size: 0
[2026-07-08 16:47:30] out while is working
[2026-07-08 16:47:30] buffer is less than 5, real size: 0
[2026-07-08 16:47:30] out while is working
[2026-07-08 16:47:30] buffer is less than 5, real size: 0
[2026-07-08 16:47:30] out while is working
[2026-07-08 16:47:30] buffer is less than 5, real size: 0
[2026-07-08 16:47:30] out while is working
[2026-07-08 16:47:30] buffer is less than 5, real size: 0
[2026-07-08 16:47:30] out while is working
[2026-07-08 16:47:30] buffer is less than 5, real size: 1
[2026-07-08 16:47:30] out while is working
[2026-07-08 16:47:30] data_length 14 iseq 194
[2026-07-08 16:47:30] begin switch_method
[2026-07-08 16:47:30] find command id514
[2026-07-08 16:47:30] data_length 17 iseq 195
[2026-07-08 16:47:30] buffer is less than sof_index + frame_length(26), buffer size: b'\xa5\x11\x00\xc3\n\x01\x02\t\x01'
[2026-07-08 16:47:30] out while is working
[2026-07-08 16:47:30] data_length 17 iseq 195
[2026-07-08 16:47:30] buffer is less than sof_index + frame_length(26), buffer size: b'\xa5\x11\x00\xc3\n\x01\x02\t\x01\x00'
[2026-07-08 16:47:30] out while is working
[2026-07-08 16:47:30] data_length 17 iseq 195
[2026-07-08 16:47:30] begin switch_method
[2026-07-08 16:47:30] find command id513
[2026-07-08 16:47:30] buffer is less than 5, real size: 0
[2026-07-08 16:47:30] out while is working
[2026-07-08 16:47:30] buffer is less than 5, real size: 0
[2026-07-08 16:47:30] out while is working
[2026-07-08 16:47:30] buffer is less than 5, real size: 0
[2026-07-08 16:47:30] out while is working
[2026-07-08 16:47:30] buffer is less than 5, real size: 0
[2026-07-08 16:47:30] out while is working
[2026-07-08 16:47:30] buffer is less than 5, real size: 0
[2026-07-08 16:47:30] out while is working
[2026-07-08 16:47:30] buffer is less than 5, real size: 0
[2026-07-08 16:47:30] out while is working
[2026-07-08 16:47:30] buffer is less than 5, real size: 0
[2026-07-08 16:47:30] out while is working
[2026-07-08 16:47:30] buffer is less than 5, real size: 0
[2026-07-08 16:47:30] out while is working
[2026-07-08 16:47:30] buffer is less than 5, real size: 0
[2026-07-08 16:47:30] out while is working
[2026-07-08 16:47:30] buffer is less than 5, real size: 0
[2026-07-08 16:47:30] out while is working
[2026-07-08 16:47:30] buffer is less than 5, real size: 1
[2026-07-08 16:47:30] out while is working
[2026-07-08 16:47:30] data_length 14 iseq 196
[2026-07-08 16:47:30] begin switch_method
[2026-07-08 16:47:30] find command id514
[2026-07-08 16:47:30] data_length 17 iseq 197
[2026-07-08 16:47:30] buffer is less than sof_index + frame_length(26), buffer size: b'\xa5\x11\x00\xc5\xd7\x01\x02\t\x01'
[2026-07-08 16:47:30] out while is working
[2026-07-08 16:47:30] data_length 17 iseq 197
[2026-07-08 16:47:30] buffer is less than sof_index + frame_length(26), buffer size: b'\xa5\x11\x00\xc5\xd7\x01\x02\t\x01\x00'
[2026-07-08 16:47:30] out while is working
[2026-07-08 16:47:30] data_length 17 iseq 197
[2026-07-08 16:47:30] begin switch_method
[2026-07-08 16:47:30] find command id513
[2026-07-08 16:47:30] buffer is less than 5, real size: 0
[2026-07-08 16:47:30] out while is working
[2026-07-08 16:47:30] buffer is less than 5, real size: 0
[2026-07-08 16:47:30] out while is working
[2026-07-08 16:47:30] buffer is less than 5, real size: 0
[2026-07-08 16:47:30] out while is working
[2026-07-08 16:47:30] buffer is less than 5, real size: 0
[2026-07-08 16:47:30] out while is working
[2026-07-08 16:47:30] buffer is less than 5, real size: 0
[2026-07-08 16:47:30] out while is working
[2026-07-08 16:47:30] buffer is less than 5, real size: 0
[2026-07-08 16:47:30] out while is working
[2026-07-08 16:47:30] buffer is less than 5, real size: 0
[2026-07-08 16:47:30] out while is working
[2026-07-08 16:47:30] buffer is less than 5, real size: 0
[2026-07-08 16:47:30] out while is working
[2026-07-08 16:47:30] buffer is less than 5, real size: 0
[2026-07-08 16:47:30] out while is working
[2026-07-08 16:47:30] buffer is less than 5, real size: 0
[2026-07-08 16:47:30] out while is working
[2026-07-08 16:47:30] buffer is less than 5, real size: 1
[2026-07-08 16:47:30] out while is working
[2026-07-08 16:47:30] data_length 14 iseq 198
[2026-07-08 16:47:30] begin switch_method
[2026-07-08 16:47:30] find command id514
[2026-07-08 16:47:30] data_length 17 iseq 199
[2026-07-08 16:47:30] buffer is less than sof_index + frame_length(26), buffer size: b'\xa5\x11\x00\xc7k\x01\x02\t\x01'
[2026-07-08 16:47:30] out while is working
[2026-07-08 16:47:30] data_length 17 iseq 199
[2026-07-08 16:47:30] buffer is less than sof_index + frame_length(26), buffer size: b'\xa5\x11\x00\xc7k\x01\x02\t\x01\x00'
[2026-07-08 16:47:30] out while is working
[2026-07-08 16:47:30] data_length 17 iseq 199
[2026-07-08 16:47:30] begin switch_method
[2026-07-08 16:47:30] find command id513
[2026-07-08 16:47:30] buffer is less than 5, real size: 0
[2026-07-08 16:47:30] out while is working
[2026-07-08 16:47:30] buffer is less than 5, real size: 0
[2026-07-08 16:47:30] out while is working
[2026-07-08 16:47:30] buffer is less than 5, real size: 0
[2026-07-08 16:47:30] out while is working
