[2026-07-06 19:16:55] Send self decision info: 0xa5 0x0e 0x00 0x00 0x37 0x01 0x03 0x21 0x01 0x6d 0x00 0x80 0x80 0x00 0x02 0x31 0x32 0x33 0x34 0x35 0x36 0x9d 0x8d
[2026-07-06 19:16:55] Preparing to send all location info: [ 0.00, 0.00 ], [ 0.00, 0.00 ], [ 2.40, 2.36 ], [ 2.40, 2.36 ], [ 0.50, 14.50 ], [ 2.40, 2.36 ], [ 0.00, 0.00 ], [ 0.00, 0.00 ], [ 0.00, 0.00 ], [ 0.00, 0.00 ], [ 27.50, 0.50 ], [ 0.00, 0.00 ]
[2026-07-06 19:16:55] Generated sentinel field info: 0xa5 0x36 0x00 0x00 0xcc 0x01 0x03 0x02 0x02 0x6d 0x00 0x6b 0x00 0x00 0x00 0x00 0x00 0x00 0x00 0x00 0x00 0x00 0x00 0x00 0x00 0x00 0x00 0x00 0x00 0x56 0x65 0x19 0x40 0x3d 0x0a 0x17 0x40 0x56 0x65 0x19 0x40 0x3d 0x0a 0x17 0x40 0x00 0x00 0x00 0x3f 0x00 0x00 0x68 0x41 0x56 0x65 0x19 0x40 0x3d 0x0a 0x17 0x40 0x17 0x55
[2026-07-06 19:16:55] Send self decision info: 0xa5 0x0e 0x00 0x00 0x37 0x01 0x03 0x21 0x01 0x6d 0x00 0x80 0x80 0x00 0x02 0x31 0x32 0x33 0x34 0x35 0x36 0x9d 0x8d
[2026-07-06 19:16:55] Send self decision info: 0xa5 0x0e 0x00 0x00 0x37 0x01 0x03 0x21 0x01 0x6d 0x00 0x80 0x80 0x00 0x02 0x31 0x32 0x33 0x34 0x35 0x36 0x9d 0x8d
[2026-07-06 19:16:55] Preparing to send all location info: [ 0.00, 0.00 ], [ 0.00, 0.00 ], [ 2.40, 2.36 ], [ 2.40, 2.36 ], [ 0.50, 14.50 ], [ 2.40, 2.36 ], [ 0.00, 0.00 ], [ 0.00, 0.00 ], [ 0.00, 0.00 ], [ 0.00, 0.00 ], [ 27.50, 0.50 ], [ 0.00, 0.00 ]
[2026-07-06 19:16:55] Generated sentinel field info: 0xa5 0x36 0x00 0x00 0xcc 0x01 0x03 0x02 0x02 0x6d 0x00 0x6b 0x00 0x00 0x00 0x00 0x00 0x00 0x00 0x00 0x00 0x00 0x00 0x00 0x00 0x00 0x00 0x00 0x00 0x56 0x65 0x19 0x40 0x3d 0x0a 0x17 0x40 0x56 0x65 0x19 0x40 0x3d 0x0a 0x17 0x40 0x00 0x00 0x00 0x3f 0x00 0x00 0x68 0x41 0x56 0x65 0x19 0x40 0x3d 0x0a 0x17 0x40 0x17 0x55
[2026-07-06 19:16:55] Send self decision info: 0xa5 0x0e 0x00 0x00 0x37 0x01 0x03 0x21 0x01 0x6d 0x00 0x80 0x80 0x00 0x02 0x31 0x32 0x33 0x34 0x35 0x36 0x9d 0x8d
[2026-07-06 19:16:55] Generated sentinel field info: 0xa5 0x36 0x00 0x00 0xcc 0x01 0x03 0x02 0x02 0x6d 0x00 0x6b 0x00 0x00 0x00 0x00 0x00 0x00 0x00 0x00 0x00 0x00 0x00 0x00 0x00 0x00 0x00 0x00 0x00 0x56 0x65 0x19 0x40 0x3d 0x0a 0x17 0x40 0x56 0x65 0x19 0x40 0x3d 0x0a 0x17 0x40 0x00 0x00 0x00 0x3f 0x00 0x00 0x68 0x41 0x56 0x65 0x19 0x40 0x3d 0x0a 0x17 0x40 0x17 0x55
[2026-07-06 19:16:55] Send self decision info: 0xa5 0x0e 0x00 0x00 0x37 0x01 0x03 0x21 0x01 0x6d 0x00 0x80 0x80 0x00 0x02 0x31 0x32 0x33 0x34 0x35 0x36 0x9d 0x8d
[2026-07-06 19:16:55] Preparing to send all location info: [ 0.00, 0.00 ], [ 8.32, 6.12 ], [ 2.40, 2.36 ], [ 2.40, 2.36 ], [ 0.50, 14.50 ], [ 7.33, 5.02 ], [ 0.00, 0.00 ], [ 11.53, 10.70 ], [ 11.44, 10.64 ], [ 16.63, 6.61 ], [ 27.50, 0.50 ], [ 0.00, 0.00 ]
[2026-07-06 19:16:55] Generated sentinel field info: 0xa5 0x36 0x00 0x00 0xcc 0x01 0x03 0x02 0x02 0x6d 0x00 0x6b 0x00 0x00 0x00 0x00 0x00 0x00 0x00 0x00 0x00 0xf8 0x0a 0x05 0x41 0x6e 0xd2 0xc3 0x40 0x56 0x65 0x19 0x40 0x3d 0x0a 0x17 0x40 0x56 0x65 0x19 0x40 0x3d 0x0a 0x17 0x40 0x00 0x00 0x00 0x3f 0x00 0x00 0x68 0x41 0xc8 0x79 0xea 0x40 0xd9 0xb3 0xa0 0x40 0x0e 0x10
[2026-07-06 19:16:56] Send self decision info: 0xa5 0x0e 0x00 0x00 0x37 0x01 0x03 0x21 0x01 0x6d 0x00 0x80 0x80 0x00 0x02 0x31 0x32 0x33 0x34 0x35 0x36 0x9d 0x8d
[2026-07-06 19:16:56] Send self decision info: 0xa5 0x0e 0x00 0x00 0x37 0x01 0x03 0x21 0x01 0x6d 0x00 0x80 0x80 0x00 0x02 0x31 0x32 0x33 0x34 0x35 0x36 0x9d 0x8d
[2026-07-06 19:16:56] Preparing to send all location info: [ 0.00, 0.00 ], [ 8.30, 6.15 ], [ 2.40, 2.36 ], [ 2.40, 2.36 ], [ 0.50, 14.50 ], [ 7.30, 5.02 ], [ 0.00, 0.00 ], [ 10.99, 10.66 ], [ 11.17, 10.57 ], [ 16.65, 6.52 ], [ 27.50, 0.50 ], [ 0.00, 0.00 ]
[2026-07-06 19:16:56] Generated sentinel field info: 0xa5 0x36 0x00 0x00 0xcc 0x01 0x03 0x02 0x02 0x6d 0x00 0x6b 0x00 0x00 0x00 0x00 0x00 0x00 0x00 0x00 0x00 0xba 0xc4 0x04 0x41 0x9c 0xbb 0xc4 0x40 0x56 0x65 0x19 0x40 0x3d 0x0a 0x17 0x40 0x56 0x65 0x19 0x40 0x3d 0x0a 0x17 0x40 0x00 0x00 0x00 0x3f 0x00 0x00 0x68 0x41 0xfc 0xb6 0xe9 0x40 0x50 0x92 0xa0 0x40 0xc1 0x9b
[2026-07-06 19:16:56] Send self decision info: 0xa5 0x0e 0x00 0x00 0x37 0x01 0x03 0x21 0x01 0x6d 0x00 0x80 0x80 0x00 0x02 0x31 0x32 0x33 0x34 0x35 0x36 0x9d 0x8d
[2026-07-06 19:16:56] Send self decision info: 0xa5 0x0e 0x00 0x00 0x37 0x01 0x03 0x21 0x01 0x6d 0x00 0x80 0x80 0x00 0x02 0x31 0x32 0x33 0x34 0x35 0x36 0x9d 0x8d
[2026-07-06 19:16:56] Preparing to send all location info: [ 0.00, 0.00 ], [ 8.81, 5.97 ], [ 2.40, 2.36 ], [ 2.40, 2.36 ], [ 0.50, 14.50 ], [ 7.29, 5.04 ], [ 0.00, 0.00 ], [ 10.95, 10.80 ], [ 11.17, 10.57 ], [ 16.61, 6.68 ], [ 27.50, 0.50 ], [ 13.46, 7.18 ]
[2026-07-06 19:16:56] Generated sentinel field info: 0xa5 0x36 0x00 0x00 0xcc 0x01 0x03 0x02 0x02 0x6d 0x00 0x6b 0x00 0x00 0x00 0x00 0x00 0x00 0x00 0x00 0x00 0x1a 0xe4 0x0c 0x41 0x29 0x09 0xbf 0x40 0x56 0x65 0x19 0x40 0x3d 0x0a 0x17 0x40 0x56 0x65 0x19 0x40 0x3d 0x0a 0x17 0x40 0x00 0x00 0x00 0x3f 0x00 0x00 0x68 0x41 0xbc 0x5d 0xe9 0x40 0xd2 0x31 0xa1 0x40 0x0a 0xd3
[2026-07-06 19:16:56] Send self decision info: 0xa5 0x0e 0x00 0x00 0x37 0x01 0x03 0x21 0x01 0x6d 0x00 0x80 0x80 0x00 0x02 0x31 0x32 0x33 0x34 0x35 0x36 0x9d 0x8d
[2026-07-06 19:16:57] Send self decision info: 0xa5 0x0e 0x00 0x00 0x37 0x01 0x03 0x21 0x01 0x6d 0x00 0x80 0x80 0x00 0x02 0x31 0x32 0x33 0x34 0x35 0x36 0x9d 0x8d
[2026-07-06 19:16:57] Preparing to send all location info: [ 0.00, 0.00 ], [ 8.64, 6.10 ], [ 2.40, 2.36 ], [ 2.40, 2.36 ], [ 0.50, 14.50 ], [ 7.29, 5.04 ], [ 0.00, 0.00 ], [ 11.00, 10.74 ], [ 11.14, 10.55 ], [ 16.66, 6.51 ], [ 27.50, 0.50 ], [ 13.44, 7.15 ]
[2026-07-06 19:16:57] Generated sentinel field info: 0xa5 0x36 0x00 0x00 0xcc 0x01 0x03 0x02 0x02 0x6d 0x00 0x6b 0x00 0x00 0x00 0x00 0x00 0x00 0x00 0x00 0x00 0xde 0x3a 0x0a 0x41 0xd0 0x35 0xc3 0x40 0x56 0x65 0x19 0x40 0x3d 0x0a 0x17 0x40 0x56 0x65 0x19 0x40 0x3d 0x0a 0x17 0x40 0x00 0x00 0x00 0x3f 0x00 0x00 0x68 0x41 0xf4 0x45 0xe9 0x40 0x58 0x5c 0xa1 0x40 0x90 0x7f
[2026-07-06 19:16:57] Send self decision info: 0xa5 0x0e 0x00 0x00 0x37 0x01 0x03 0x21 0x01 0x6d 0x00 0x80 0x80 0x00 0x02 0x31 0x32 0x33 0x34 0x35 0x36 0x9d 0x8d
[2026-07-06 19:16:57] Generated sentinel field info: 0xa5 0x36 0x00 0x00 0xcc 0x01 0x03 0x02 0x02 0x6d 0x00 0x6b 0x00 0x00 0x00 0x00 0x00 0x00 0x00 0x00 0x00 0x5a 0x6a 0x09 0x41 0xbd 0xdd 0xbf 0x40 0x56 0x65 0x19 0x40 0x3d 0x0a 0x17 0x40 0x56 0x65 0x19 0x40 0x3d 0x0a 0x17 0x40 0x00 0x00 0x00 0x3f 0x00 0x00 0x68 0x41 0xb0 0xe7 0xeb 0x40 0xd5 0x22 0xa1 0x40 0xe5 0xed
[2026-07-06 19:16:57] Send self decision info: 0xa5 0x0e 0x00 0x00 0x37 0x01 0x03 0x21 0x01 0x6d 0x00 0x80 0x80 0x00 0x02 0x31 0x32 0x33 0x34 0x35 0x36 0x9d 0x8d
[2026-07-06 19:16:57] Preparing to send all location info: [ 0.00, 0.00 ], [ 8.60, 6.07 ], [ 2.40, 2.36 ], [ 2.40, 2.36 ], [ 0.50, 14.50 ], [ 7.29, 5.04 ], [ 0.00, 0.00 ], [ 11.12, 10.53 ], [ 11.13, 10.39 ], [ 16.72, 6.39 ], [ 27.50, 0.50 ], [ 13.33, 7.25 ]
[2026-07-06 19:16:57] Generated sentinel field info: 0xa5 0x36 0x00 0x00 0xcc 0x01 0x03 0x02 0x02 0x6d 0x00 0x6b 0x00 0x00 0x00 0x00 0x00 0x00 0x00 0x00 0x00 0x04 0xa1 0x09 0x41 0x42 0x2c 0xc2 0x40 0x56 0x65 0x19 0x40 0x3d 0x0a 0x17 0x40 0x56 0x65 0x19 0x40 0x3d 0x0a 0x17 0x40 0x00 0x00 0x00 0x3f 0x00 0x00 0x68 0x41 0x24 0x47 0xe9 0x40 0x39 0x5a 0xa1 0x40 0x12 0xc7
[2026-07-06 19:16:57] Send self decision info: 0xa5 0x0e 0x00 0x00 0x37 0x01 0x03 0x21 0x01 0x6d 0x00 0x80 0x80 0x00 0x02 0x31 0x32 0x33 0x34 0x35 0x36 0x9d 0x8d
[2026-07-06 19:16:57] Send self decision info: 0xa5 0x0e 0x00 0x00 0x37 0x01 0x03 0x21 0x01 0x6d 0x00 0x80 0x80 0x00 0x02 0x31 0x32 0x33 0x34 0x35 0x36 0x9d 0x8d
[2026-07-06 19:16:57] Preparing to send all location info: [ 0.00, 0.00 ], [ 8.35, 6.10 ], [ 2.40, 2.36 ], [ 2.40, 2.36 ], [ 0.50, 14.50 ], [ 7.37, 5.05 ], [ 0.00, 0.00 ], [ 11.12, 10.53 ], [ 11.50, 10.32 ], [ 16.66, 6.84 ], [ 27.50, 0.50 ], [ 13.23, 7.73 ]
[2026-07-06 19:16:57] Generated sentinel field info: 0xa5 0x36 0x00 0x00 0xcc 0x01 0x03 0x02 0x02 0x6d 0x00 0x6b 0x00 0x00 0x00 0x00 0x00 0x00 0x00 0x00 0x00 0x08 0xa6 0x05 0x41 0xb4 0x4e 0xc3 0x40 0x56 0x65 0x19 0x40 0x3d 0x0a 0x17 0x40 0x56 0x65 0x19 0x40 0x3d 0x0a 0x17 0x40 0x00 0x00 0x00 0x3f 0x00 0x00 0x68 0x41 0x40 0xba 0xeb 0x40 0xc0 0x73 0xa1 0x40 0x01 0xe6
[2026-07-06 19:16:58] Send self decision info: 0xa5 0x0e 0x00 0x00 0x37 0x01 0x03 0x21 0x01 0x6d 0x00 0x80 0x80 0x00 0x02 0x31 0x32 0x33 0x34 0x35 0x36 0x9d 0x8d
[2026-07-06 19:16:58] Generated sentinel field info: 0xa5 0x36 0x00 0x00 0xcc 0x01 0x03 0x02 0x02 0x6d 0x00 0x6b 0x00 0x00 0x00 0x00 0x00 0x00 0x00 0x00 0x00 0xfc 0xb0 0x05 0x41 0x65 0x2a 0xc3 0x40 0x56 0x65 0x19 0x40 0x3d 0x0a 0x17 0x40 0x56 0x65 0x19 0x40 0x3d 0x0a 0x17 0x40 0x00 0x00 0x00 0x3f 0x00 0x00 0x68 0x41 0xb0 0x9f 0xe9 0x40 0xf2 0xbb 0xa0 0x40 0x89 0x37
[2026-07-06 19:16:58] Send self decision info: 0xa5 0x0e 0x00 0x00 0x37 0x01 0x03 0x21 0x01 0x6d 0x00 0x80 0x80 0x00 0x02 0x31 0x32 0x33 0x34 0x35 0x36 0x9d 0x8d
[2026-07-06 19:16:58] Preparing to send all location info: [ 0.00, 0.00 ], [ 8.45, 6.08 ], [ 2.40, 2.36 ], [ 2.40, 2.36 ], [ 0.50, 14.50 ], [ 7.30, 5.03 ], [ 0.00, 0.00 ], [ 11.12, 10.53 ], [ 13.23, 10.69 ], [ 16.66, 6.84 ], [ 27.50, 0.50 ], [ 13.15, 7.94 ]
[2026-07-06 19:16:58] Generated sentinel field info: 0xa5 0x36 0x00 0x00 0xcc 0x01 0x03 0x02 0x02 0x6d 0x00 0x6b 0x00 0x00 0x00 0x00 0x00 0x00 0x00 0x00 0x00 0x06 0x3d 0x07 0x41 0xd1 0x89 0xc2 0x40 0x56 0x65 0x19 0x40 0x3d 0x0a 0x17 0x40 0x56 0x65 0x19 0x40 0x3d 0x0a 0x17 0x40 0x00 0x00 0x00 0x3f 0x00 0x00 0x68 0x41 0xd0 0x8a 0xe9 0x40 0x3e 0xe1 0xa0 0x40 0xc3 0xfb
[2026-07-06 19:16:58] Send self decision info: 0xa5 0x0e 0x00 0x00 0x37 0x01 0x03 0x21 0x01 0x6d 0x00 0x80 0x80 0x00 0x02 0x31 0x32 0x33 0x34 0x35 0x36 0x9d 0x8d
[2026-07-06 19:16:58] Send self decision info: 0xa5 0x0e 0x00 0x00 0x37 0x01 0x03 0x21 0x01 0x6d 0x00 0x80 0x80 0x00 0x02 0x31 0x32 0x33 0x34 0x35 0x36 0x9d 0x8d
[2026-07-06 19:16:58] Preparing to send all location info: [ 0.00, 0.00 ], [ 8.52, 6.11 ], [ 2.40, 2.36 ], [ 2.40, 2.36 ], [ 0.50, 14.50 ], [ 7.34, 5.04 ], [ 0.00, 0.00 ], [ 11.12, 10.53 ], [ 15.43, 11.36 ], [ 16.63, 6.82 ], [ 27.50, 0.50 ], [ 13.41, 8.35 ]
[2026-07-06 19:16:58] Generated sentinel field info: 0xa5 0x36 0x00 0x00 0xcc 0x01 0x03 0x02 0x02 0x6d 0x00 0x6b 0x00 0x00 0x00 0x00 0x00 0x00 0x00 0x00 0x00 0x74 0x51 0x08 0x41 0x30 0x7a 0xc3 0x40 0x56 0x65 0x19 0x40 0x3d 0x0a 0x17 0x40 0x56 0x65 0x19 0x40 0x3d 0x0a 0x17 0x40 0x00 0x00 0x00 0x3f 0x00 0x00 0x68 0x41 0x2c 0xf6 0xea 0x40 0x86 0x53 0xa1 0x40 0x19 0xcd
[2026-07-06 19:16:58] Send self decision info: 0xa5 0x0e 0x00 0x00 0x37 0x01 0x03 0x21 0x01 0x6d 0x00 0x80 0x80 0x00 0x02 0x31 0x32 0x33 0x34 0x35 0x36 0x9d 0x8d
[2026-07-06 19:16:59] Send self decision info: 0xa5 0x0e 0x00 0x00 0x37 0x01 0x03 0x21 0x01 0x6d 0x00 0x80 0x80 0x00 0x02 0x31 0x32 0x33 0x34 0x35 0x36 0x9d 0x8d
[2026-07-06 19:16:59] Preparing to send all location info: [ 0.00, 0.00 ], [ 8.58, 5.92 ], [ 2.40, 2.36 ], [ 2.40, 2.36 ], [ 0.50, 14.50 ], [ 7.32, 5.04 ], [ 0.00, 0.00 ], [ 11.12, 10.53 ], [ 15.89, 12.27 ], [ 16.46, 6.32 ], [ 27.50, 0.50 ], [ 14.16, 8.57 ]
[2026-07-06 19:16:59] Generated sentinel field info: 0xa5 0x36 0x00 0x00 0xcc 0x01 0x03 0x02 0x02 0x6d 0x00 0x6b 0x00 0x00 0x00 0x00 0x00 0x00 0x00 0x00 0x00 0x3e 0x43 0x09 0x41 0xbf 0x5b 0xbd 0x40 0x56 0x65 0x19 0x40 0x3d 0x0a 0x17 0x40 0x56 0x65 0x19 0x40 0x3d 0x0a 0x17 0x40 0x00 0x00 0x00 0x3f 0x00 0x00 0x68 0x41 0xc8 0x15 0xea 0x40 0x61 0x66 0xa1 0x40 0x2c 0x92
[2026-07-06 19:16:59] Send self decision info: 0xa5 0x0e 0x00 0x00 0x37 0x01 0x03 0x21 0x01 0x6d 0x00 0x80 0x80 0x00 0x02 0x31 0x32 0x33 0x34 0x35 0x36 0x9d 0x8d
[2026-07-06 19:16:59] Generated sentinel field info: 0xa5 0x36 0x00 0x00 0xcc 0x01 0x03 0x02 0x02 0x6d 0x00 0x6b 0x00 0x00 0x00 0x00 0x00 0x00 0x00 0x00 0x00 0x4e 0xf2 0x0b 0x41 0x10 0x0d 0xb9 0x40 0x56 0x65 0x19 0x40 0x3d 0x0a 0x17 0x40 0x56 0x65 0x19 0x40 0x3d 0x0a 0x17 0x40 0x00 0x00 0x00 0x3f 0x00 0x00 0x68 0x41 0x48 0xbe 0xea 0x40 0x2f 0xb7 0xa1 0x40 0x92 0x95
[2026-07-06 19:16:59] Send self decision info: 0xa5 0x0e 0x00 0x00 0x37 0x01 0x03 0x21 0x01 0x6d 0x00 0x80 0x80 0x00 0x02 0x31 0x32 0x33 0x34 0x35 0x36 0x9d 0x8d
[2026-07-06 19:16:59] Preparing to send all location info: [ 2.36, 4.16 ], [ 8.80, 5.70 ], [ 2.40, 2.36 ], [ 2.40, 2.36 ], [ 0.50, 14.50 ], [ 7.29, 5.04 ], [ 0.00, 0.00 ], [ 11.12, 10.53 ], [ 17.18, 12.89 ], [ 16.48, 6.19 ], [ 27.50, 0.50 ], [ 13.87, 9.03 ]
[2026-07-06 19:16:59] Generated sentinel field info: 0xa5 0x36 0x00 0x00 0xcc 0x01 0x03 0x02 0x02 0x6d 0x00 0x6b 0x00 0x90 0x11 0x17 0x40 0x99 0xfe 0x84 0x40 0x46 0xc2 0x0c 0x41 0x76 0x61 0xb6 0x40 0x56 0x65 0x19 0x40 0x3d 0x0a 0x17 0x40 0x56 0x65 0x19 0x40 0x3d 0x0a 0x17 0x40 0x00 0x00 0x00 0x3f 0x00 0x00 0x68 0x41 0x34 0x4c 0xe9 0x40 0x2b 0x51 0xa1 0x40 0x76 0x43
[2026-07-06 19:16:59] Send self decision info: 0xa5 0x0e 0x00 0x00 0x37 0x01 0x03 0x21 0x01 0x6d 0x00 0x80 0x80 0x00 0x02 0x31 0x32 0x33 0x34 0x35 0x36 0x9d 0x8d
[2026-07-06 19:16:59] Send self decision info: 0xa5 0x0e 0x00 0x00 0x37 0x01 0x03 0x21 0x01 0x6d 0x00 0x80 0x80 0x00 0x02 0x31 0x32 0x33 0x34 0x35 0x36 0x9d 0x8d
[2026-07-06 19:16:59] Preparing to send all location info: [ 3.39, 4.07 ], [ 8.82, 5.70 ], [ 2.40, 2.36 ], [ 2.40, 2.36 ], [ 0.50, 14.50 ], [ 7.30, 5.07 ], [ 0.00, 0.00 ], [ 11.12, 10.53 ], [ 18.99, 12.39 ], [ 16.71, 5.53 ], [ 27.50, 0.50 ], [ 13.82, 9.48 ]
[2026-07-06 19:16:59] Generated sentinel field info: 0xa5 0x36 0x00 0x00 0xcc 0x01 0x03 0x02 0x02 0x6d 0x00 0x6b 0x00 0xa0 0xb5 0x58 0x40 0x4f 0x22 0x82 0x40 0xb0 0x32 0x0d 0x41 0xc4 0x74 0xb6 0x40 0x56 0x65 0x19 0x40 0x3d 0x0a 0x17 0x40 0x56 0x65 0x19 0x40 0x3d 0x0a 0x17 0x40 0x00 0x00 0x00 0x3f 0x00 0x00 0x68 0x41 0xa0 0x8f 0xe9 0x40 0xea 0x55 0xa2 0x40 0xf2 0x47
[2026-07-06 19:17:00] Send self decision info: 0xa5 0x0e 0x00 0x00 0x37 0x01 0x03 0x21 0x01 0x6d 0x00 0x80 0x80 0x00 0x02 0x31 0x32 0x33 0x34 0x35 0x36 0x9d 0x8d
[2026-07-06 19:17:00] Generated sentinel field info: 0xa5 0x36 0x00 0x00 0xcc 0x01 0x03 0x02 0x02 0x6d 0x00 0x6b 0x00 0x70 0x03 0x4c 0x40 0x52 0x7b 0x94 0x40 0x64 0x89 0x0d 0x41 0x03 0xdd 0xb6 0x40 0x56 0x65 0x19 0x40 0x3d 0x0a 0x17 0x40 0x56 0x65 0x19 0x40 0x3d 0x0a 0x17 0x40 0x00 0x00 0x00 0x3f 0x00 0x00 0x68 0x41 0xc8 0x9b 0xeb 0x40 0x0a 0xaa 0xa1 0x40 0x91 0x83
[2026-07-06 19:17:00] Send self decision info: 0xa5 0x0e 0x00 0x00 0x37 0x01 0x03 0x21 0x01 0x6d 0x00 0x80 0x80 0x00 0x02 0x31 0x32 0x33 0x34 0x35 0x36 0x9d 0x8d
[2026-07-06 19:17:00] Preparing to send all location info: [ 2.91, 5.18 ], [ 8.85, 5.70 ], [ 2.40, 2.36 ], [ 2.40, 2.36 ], [ 0.50, 14.50 ], [ 7.27, 5.07 ], [ 0.00, 0.00 ], [ 11.12, 10.53 ], [ 20.08, 12.02 ], [ 16.76, 4.64 ], [ 27.50, 0.50 ], [ 13.96, 9.91 ]
[2026-07-06 19:17:00] Generated sentinel field info: 0xa5 0x36 0x00 0x00 0xcc 0x01 0x03 0x02 0x02 0x6d 0x00 0x6b 0x00 0xb0 0x0f 0x3a 0x40 0x5f 0xb8 0xa5 0x40 0x00 0xa8 0x0d 0x41 0xa7 0x78 0xb6 0x40 0x56 0x65 0x19 0x40 0x3d 0x0a 0x17 0x40 0x56 0x65 0x19 0x40 0x3d 0x0a 0x17 0x40 0x00 0x00 0x00 0x3f 0x00 0x00 0x68 0x41 0x7c 0xc4 0xe8 0x40 0xc7 0x43 0xa2 0x40 0xe0 0xc6
[2026-07-06 19:17:00] Send self decision info: 0xa5 0x0e 0x00 0x00 0x37 0x01 0x03 0x21 0x01 0x6d 0x00 0x80 0x80 0x00 0x02 0x31 0x32 0x33 0x34 0x35 0x36 0x9d 0x8d
[2026-07-06 19:17:00] Send self decision info: 0xa5 0x0e 0x00 0x00 0x37 0x01 0x03 0x21 0x01 0x6d 0x00 0x80 0x80 0x00 0x02 0x31 0x32 0x33 0x34 0x35 0x36 0x9d 0x8d
[2026-07-06 19:17:00] Preparing to send all location info: [ 3.21, 5.45 ], [ 8.83, 5.70 ], [ 2.40, 2.36 ], [ 2.40, 2.36 ], [ 0.50, 14.50 ], [ 7.27, 5.07 ], [ 0.00, 0.00 ], [ 20.71, 10.93 ], [ 20.08, 12.02 ], [ 16.57, 5.48 ], [ 27.50, 0.50 ], [ 13.84, 10.05 ]
[2026-07-06 19:17:00] Generated sentinel field info: 0xa5 0x36 0x00 0x00 0xcc 0x01 0x03 0x02 0x02 0x6d 0x00 0x6b 0x00 0xc0 0x65 0x4d 0x40 0x2e 0x8f 0xae 0x40 0xdc 0x42 0x0d 0x41 0xad 0x3f 0xb6 0x40 0x56 0x65 0x19 0x40 0x3d 0x0a 0x17 0x40 0x56 0x65 0x19 0x40 0x3d 0x0a 0x17 0x40 0x00 0x00 0x00 0x3f 0x00 0x00 0x68 0x41 0x58 0xcb 0xe8 0x40 0x82 0x37 0xa2 0x40 0x9b 0xc6
[2026-07-06 19:17:00] Send self decision info: 0xa5 0x0e 0x00 0x00 0x37 0x01 0x03 0x21 0x01 0x6d 0x00 0x80 0x80 0x00 0x02 0x31 0x32 0x33 0x34 0x35 0x36 0x9d 0x8d
[2026-07-06 19:17:00] Generated sentinel field info: 0xa5 0x36 0x00 0x00 0xcc 0x01 0x03 0x02 0x02 0x6d 0x00 0x6b 0x00 0x50 0x8d 0x73 0x40 0x37 0xad 0xad 0x40 0xde 0x3e 0x11 0x41 0xb0 0xe2 0xb3 0x40 0x56 0x65 0x19 0x40 0x3d 0x0a 0x17 0x40 0x56 0x65 0x19 0x40 0x3d 0x0a 0x17 0x40 0x00 0x00 0x00 0x3f 0x00 0x00 0x68 0x41 0x7c 0x85 0xeb 0x40 0xbe 0xd1 0xa1 0x40 0x4a 0xc6
[2026-07-06 19:17:01] Send self decision info: 0xa5 0x0e 0x00 0x00 0x37 0x01 0x03 0x21 0x01 0x6d 0x00 0x80 0x80 0x00 0x02 0x31 0x32 0x33 0x34 0x35 0x36 0x9d 0x8d
[2026-07-06 19:17:01] Preparing to send all location info: [ 3.75, 5.28 ], [ 9.22, 5.62 ], [ 2.40, 2.36 ], [ 2.40, 2.36 ], [ 0.50, 14.50 ], [ 7.33, 5.10 ], [ 0.00, 0.00 ], [ 20.22, 10.95 ], [ 19.71, 11.01 ], [ 16.53, 6.51 ], [ 27.50, 0.50 ], [ 13.84, 10.05 ]
[2026-07-06 19:17:01] Send self decision info: 0xa5 0x0e 0x00 0x00 0x37 0x01 0x03 0x21 0x01 0x6d 0x00 0x80 0x80 0x00 0x02 0x31 0x32 0x33 0x34 0x35 0x36 0x9d 0x8d
[2026-07-06 19:17:01] Generated sentinel field info: 0xa5 0x36 0x00 0x00 0xcc 0x01 0x03 0x02 0x02 0x6d 0x00 0x6b 0x00 0xa0 0xeb 0x6d 0x40 0xc0 0x26 0xa7 0x40 0xa0 0x28 0x11 0x41 0x58 0x38 0xb7 0x40 0x56 0x65 0x19 0x40 0x3d 0x0a 0x17 0x40 0x56 0x65 0x19 0x40 0x3d 0x0a 0x17 0x40 0x00 0x00 0x00 0x3f 0x00 0x00 0x68 0x41 0x0c 0xbe 0xea 0x40 0x97 0xb7 0xa1 0x40 0x2e 0x4a
[2026-07-06 19:17:01] Send self decision info: 0xa5 0x0e 0x00 0x00 0x37 0x01 0x03 0x21 0x01 0x6d 0x00 0x80 0x80 0x00 0x02 0x31 0x32 0x33 0x34 0x35 0x36 0x9d 0x8d
[2026-07-06 19:17:01] Preparing to send all location info: [ 3.70, 4.82 ], [ 8.78, 5.82 ], [ 2.40, 2.36 ], [ 2.40, 2.36 ], [ 0.50, 14.50 ], [ 7.34, 5.10 ], [ 0.00, 0.00 ], [ 18.44, 10.64 ], [ 18.55, 10.58 ], [ 16.63, 6.83 ], [ 27.50, 0.50 ], [ 13.87, 10.06 ]
[2026-07-06 19:17:01] Generated sentinel field info: 0xa5 0x36 0x00 0x00 0xcc 0x01 0x03 0x02 0x02 0x6d 0x00 0x6b 0x00 0x20 0xec 0x6c 0x40 0xc8 0x48 0x9a 0x40 0x0a 0x7a 0x0c 0x41 0xbb 0x56 0xba 0x40 0x56 0x65 0x19 0x40 0x3d 0x0a 0x17 0x40 0x56 0x65 0x19 0x40 0x3d 0x0a 0x17 0x40 0x00 0x00 0x00 0x3f 0x00 0x00 0x68 0x41 0xf8 0xc9 0xea 0x40 0xbb 0x1f 0xa3 0x40 0x3c 0x29
[2026-07-06 19:17:01] Send self decision info: 0xa5 0x0e 0x00 0x00 0x37 0x01 0x03 0x21 0x01 0x6d 0x00 0x80 0x80 0x00 0x02 0x31 0x32 0x33 0x34 0x35 0x36 0x9d 0x8d
[2026-07-06 19:17:01] Send self decision info: 0xa5 0x0e 0x00 0x00 0x37 0x01 0x03 0x21 0x01 0x6d 0x00 0x80 0x80 0x00 0x02 0x31 0x32 0x33 0x34 0x35 0x36 0x9d 0x8d
[2026-07-06 19:17:01] Preparing to send all location info: [ 5.63, 4.19 ], [ 8.52, 5.88 ], [ 2.40, 2.36 ], [ 2.40, 2.36 ], [ 0.50, 14.50 ], [ 7.31, 5.09 ], [ 0.00, 0.00 ], [ 18.44, 10.64 ], [ 19.78, 10.17 ], [ 16.28, 6.21 ], [ 27.50, 0.50 ], [ 13.87, 10.06 ]
[2026-07-06 19:17:01] Generated sentinel field info: 0xa5 0x36 0x00 0x00 0xcc 0x01 0x03 0x02 0x02 0x6d 0x00 0x6b 0x00 0x6c 0x37 0xb4 0x40 0x81 0x2e 0x86 0x40 0xc8 0x4c 0x08 0x41 0xcf 0x05 0xbc 0x40 0x56 0x65 0x19 0x40 0x3d 0x0a 0x17 0x40 0x56 0x65 0x19 0x40 0x3d 0x0a 0x17 0x40 0x00 0x00 0x00 0x3f 0x00 0x00 0x68 0x41 0xc0 0x06 0xea 0x40 0x75 0xfe 0xa2 0x40 0x4f 0x44
[2026-07-06 19:17:02] Send self decision info: 0xa5 0x0e 0x00 0x00 0x37 0x01 0x03 0x21 0x01 0x6d 0x00 0x80 0x80 0x00 0x02 0x31 0x32 0x33 0x34 0x35 0x36 0x9d 0x8d
[2026-07-06 19:17:02] Send self decision info: 0xa5 0x0e 0x00 0x00 0x37 0x01 0x03 0x21 0x01 0x6d 0x00 0x80 0x80 0x00 0x02 0x31 0x32 0x33 0x34 0x35 0x36 0x9d 0x8d
[2026-07-06 19:17:02] Preparing to send all location info: [ 5.63, 3.88 ], [ 8.47, 5.86 ], [ 2.40, 2.36 ], [ 2.40, 2.36 ], [ 0.50, 14.50 ], [ 7.32, 5.08 ], [ 0.00, 0.00 ], [ 18.44, 10.64 ], [ 20.05, 10.07 ], [ 17.06, 4.64 ], [ 27.50, 0.50 ], [ 13.87, 10.06 ]
[2026-07-06 19:17:02] Generated sentinel field info: 0xa5 0x36 0x00 0x00 0xcc 0x01 0x03 0x02 0x02 0x6d 0x00 0x6b 0x00 0x00 0x1f 0xb4 0x40 0x9d 0x34 0x78 0x40 0x26 0x89 0x07 0x41 0xe5 0x8b 0xbb 0x40 0x56 0x65 0x19 0x40 0x3d 0x0a 0x17 0x40 0x56 0x65 0x19 0x40 0x3d 0x0a 0x17 0x40 0x00 0x00 0x00 0x3f 0x00 0x00 0x68 0x41 0xf0 0x58 0xea 0x40 0xe4 0x6b 0xa2 0x40 0xd6 0xb6
[2026-07-06 19:17:02] Send self decision info: 0xa5 0x0e 0x00 0x00 0x37 0x01 0x03 0x21 0x01 0x6d 0x00 0x80 0x80 0x00 0x02 0x31 0x32 0x33 0x34 0x35 0x36 0x9d 0x8d
[2026-07-06 19:17:02] Generated sentinel field info: 0xa5 0x36 0x00 0x00 0xcc 0x01 0x03 0x02 0x02 0x6d 0x00 0x6b 0x00 0x54 0x46 0xa6 0x40 0x23 0xb5 0x8a 0x40 0x9c 0xcf 0x03 0x41 0x2a 0x76 0xbd 0x40 0x56 0x65 0x19 0x40 0x3d 0x0a 0x17 0x40 0x56 0x65 0x19 0x40 0x3d 0x0a 0x17 0x40 0x00 0x00 0x00 0x3f 0x00 0x00 0x68 0x41 0x08 0x1f 0xe9 0x40 0xf0 0x1e 0xa3 0x40 0x33 0x2c
[2026-07-06 19:17:02] Send self decision info: 0xa5 0x0e 0x00 0x00 0x37 0x01 0x03 0x21 0x01 0x6d 0x00 0x80 0x80 0x00 0x02 0x31 0x32 0x33 0x34 0x35 0x36 0x9d 0x8d
[2026-07-06 19:17:02] Preparing to send all location info: [ 4.64, 4.84 ], [ 8.41, 5.96 ], [ 2.40, 2.36 ], [ 2.40, 2.36 ], [ 0.50, 14.50 ], [ 7.41, 5.11 ], [ 0.00, 0.00 ], [ 18.44, 10.64 ], [ 20.05, 10.07 ], [ 17.27, 3.65 ], [ 27.50, 0.50 ], [ 13.84, 10.05 ]
[2026-07-06 19:17:02] Generated sentinel field info: 0xa5 0x36 0x00 0x00 0xcc 0x01 0x03 0x02 0x02 0x6d 0x00 0x6b 0x00 0x24 0x77 0x94 0x40 0x13 0xc4 0x9a 0x40 0xd8 0x89 0x06 0x41 0x6c 0xdb 0xbe 0x40 0x56 0x65 0x19 0x40 0x3d 0x0a 0x17 0x40 0x56 0x65 0x19 0x40 0x3d 0x0a 0x17 0x40 0x00 0x00 0x00 0x3f 0x00 0x00 0x68 0x41 0x70 0x11 0xed 0x40 0xc8 0x8a 0xa3 0x40 0xd2 0x6a
[2026-07-06 19:17:02] Send self decision info: 0xa5 0x0e 0x00 0x00 0x37 0x01 0x03 0x21 0x01 0x6d 0x00 0x80 0x80 0x00 0x02 0x31 0x32 0x33 0x34 0x35 0x36 0x9d 0x8d
[2026-07-06 19:17:02] Generated sentinel field info: 0xa5 0x36 0x00 0x00 0xcc 0x01 0x03 0x02 0x02 0x6d 0x00 0x6b 0x00 0xc4 0x9d 0x8a 0x40 0x79 0xb7 0xaa 0x40 0x20 0x67 0x05 0x41 0x93 0x22 0xbe 0x40 0x56 0x65 0x19 0x40 0x3d 0x0a 0x17 0x40 0x56 0x65 0x19 0x40 0x3d 0x0a 0x17 0x40 0x00 0x00 0x00 0x3f 0x00 0x00 0x68 0x41 0x3c 0x80 0xe8 0x40 0xc7 0xbd 0xa2 0x40 0x4c 0xa1
[2026-07-06 19:17:03] Send self decision info: 0xa5 0x0e 0x00 0x00 0x37 0x01 0x03 0x21 0x01 0x6d 0x00 0x80 0x80 0x00 0x02 0x31 0x32 0x33 0x34 0x35 0x36 0x9d 0x8d
[2026-07-06 19:17:03] Preparing to send all location info: [ 4.82, 6.02 ], [ 8.22, 5.95 ], [ 2.40, 2.36 ], [ 2.40, 2.36 ], [ 0.50, 14.50 ], [ 7.32, 5.07 ], [ 0.00, 0.00 ], [ 18.44, 10.64 ], [ 20.05, 10.07 ], [ 16.94, 1.50 ], [ 27.50, 0.50 ], [ 13.87, 10.06 ]
[2026-07-06 19:17:03] Generated sentinel field info: 0xa5 0x36 0x00 0x00 0xcc 0x01 0x03 0x02 0x02 0x6d 0x00 0x6b 0x00 0xd4 0x1e 0x9a 0x40 0xc8 0xc8 0xc0 0x40 0x10 0x80 0x03 0x41 0x81 0x80 0xbe 0x40 0x56 0x65 0x19 0x40 0x3d 0x0a 0x17 0x40 0x56 0x65 0x19 0x40 0x3d 0x0a 0x17 0x40 0x00 0x00 0x00 0x3f 0x00 0x00 0x68 0x41 0xa8 0x5c 0xea 0x40 0x44 0x65 0xa2 0x40 0x22 0xad
[2026-07-06 19:17:03] Send self decision info: 0xa5 0x0e 0x00 0x00 0x37 0x01 0x03 0x21 0x01 0x6d 0x00 0x80 0x80 0x00 0x02 0x31 0x32 0x33 0x34 0x35 0x36 0x9d 0x8d
[2026-07-06 19:17:03] Generated sentinel field info: 0xa5 0x36 0x00 0x00 0xcc 0x01 0x03 0x02 0x02 0x6d 0x00 0x6b 0x00 0x64 0x60 0xa9 0x40 0x0a 0x20 0xd7 0x40 0xb8 0xa3 0x02 0x41 0x57 0xe4 0xbf 0x40 0x56 0x65 0x19 0x40 0x3d 0x0a 0x17 0x40 0x56 0x65 0x19 0x40 0x3d 0x0a 0x17 0x40 0x00 0x00 0x00 0x3f 0x00 0x00 0x68 0x41 0xa0 0xb1 0xe9 0x40 0x46 0x96 0xa3 0x40 0x90 0x42
[2026-07-06 19:17:03] Send self decision info: 0xa5 0x0e 0x00 0x00 0x37 0x01 0x03 0x21 0x01 0x6d 0x00 0x80 0x80 0x00 0x02 0x31 0x32 0x33 0x34 0x35 0x36 0x9d 0x8d
[2026-07-06 19:17:03] Preparing to send all location info: [ 5.55, 7.12 ], [ 8.24, 5.86 ], [ 2.40, 2.36 ], [ 2.40, 2.36 ], [ 0.50, 14.50 ], [ 7.31, 5.09 ], [ 0.00, 0.00 ], [ 18.44, 10.64 ], [ 20.05, 10.07 ], [ 16.77, 1.39 ], [ 27.50, 0.50 ], [ 13.87, 10.06 ]
[2026-07-06 19:17:03] Generated sentinel field info: 0xa5 0x36 0x00 0x00 0xcc 0x01 0x03 0x02 0x02 0x6d 0x00 0x6b 0x00 0xec 0x76 0xb1 0x40 0x49 0xf6 0xe3 0x40 0x5c 0xe9 0x03 0x41 0x9d 0xa0 0xbb 0x40 0x56 0x65 0x19 0x40 0x3d 0x0a 0x17 0x40 0x56 0x65 0x19 0x40 0x3d 0x0a 0x17 0x40 0x00 0x00 0x00 0x3f 0x00 0x00 0x68 0x41 0x84 0x0a 0xea 0x40 0xc1 0xf7 0xa2 0x40 0x0b 0x21
[2026-07-06 19:17:03] Send self decision info: 0xa5 0x0e 0x00 0x00 0x37 0x01 0x03 0x21 0x01 0x6d 0x00 0x80 0x80 0x00 0x02 0x31 0x32 0x33 0x34 0x35 0x36 0x9d 0x8d
[2026-07-06 19:17:03] Generated sentinel field info: 0xa5 0x36 0x00 0x00 0xcc 0x01 0x03 0x02 0x02 0x6d 0x00 0x6b 0x00 0x18 0xb1 0xb3 0x40 0x85 0x77 0xde 0x40 0x54 0x79 0xf4 0x40 0xaf 0x13 0xc6 0x40 0x56 0x65 0x19 0x40 0x3d 0x0a 0x17 0x40 0x56 0x65 0x19 0x40 0x3d 0x0a 0x17 0x40 0x00 0x00 0x00 0x3f 0x00 0x00 0x68 0x41 0x6c 0xb7 0xe9 0x40 0xd9 0x0e 0xa2 0x40 0xe4 0x3a
[2026-07-06 19:17:03] Send self decision info: 0xa5 0x0e 0x00 0x00 0x37 0x01 0x03 0x21 0x01 0x6d 0x00 0x80 0x80 0x00 0x02 0x31 0x32 0x33 0x34 0x35 0x36 0x9d 0x8d
[2026-07-06 19:17:03] Preparing to send all location info: [ 5.31, 6.73 ], [ 7.40, 6.33 ], [ 2.40, 2.36 ], [ 2.40, 2.36 ], [ 0.50, 14.50 ], [ 7.25, 5.07 ], [ 0.00, 0.00 ], [ 18.44, 10.64 ], [ 20.05, 10.07 ], [ 17.27, 1.18 ], [ 27.50, 0.50 ], [ 13.87, 10.06 ]
[2026-07-06 19:17:03] Generated sentinel field info: 0xa5 0x36 0x00 0x00 0xcc 0x01 0x03 0x02 0x02 0x6d 0x00 0x6b 0x00 0x5c 0x05 0xaa 0x40 0xe3 0x4e 0xd7 0x40 0x7c 0xbf 0xec 0x40 0x88 0x81 0xca 0x40 0x56 0x65 0x19 0x40 0x3d 0x0a 0x17 0x40 0x56 0x65 0x19 0x40 0x3d 0x0a 0x17 0x40 0x00 0x00 0x00 0x3f 0x00 0x00 0x68 0x41 0xfc 0x01 0xe8 0x40 0xc6 0x22 0xa2 0x40 0xa8 0x75
[2026-07-06 19:17:04] Send self decision info: 0xa5 0x0e 0x00 0x00 0x37 0x01 0x03 0x21 0x01 0x6d 0x00 0x80 0x80 0x00 0x02 0x31 0x32 0x33 0x34 0x35 0x36 0x9d 0x8d
[2026-07-06 19:17:04] Generated sentinel field info: 0xa5 0x36 0x00 0x00 0xcc 0x01 0x03 0x02 0x02 0x6d 0x00 0x6b 0x00 0xbc 0xa6 0xa0 0x40 0xd2 0x20 0xdb 0x40 0x7c 0xbf 0xec 0x40 0x88 0x81 0xca 0x40 0x56 0x65 0x19 0x40 0x3d 0x0a 0x17 0x40 0x56 0x65 0x19 0x40 0x3d 0x0a 0x17 0x40 0x00 0x00 0x00 0x3f 0x00 0x00 0x68 0x41 0xf4 0xac 0xe9 0x40 0x8c 0x21 0xa2 0x40 0x01 0x9f
[2026-07-06 19:17:04] Send self decision info: 0xa5 0x0e 0x00 0x00 0x37 0x01 0x03 0x21 0x01 0x6d 0x00 0x80 0x80 0x00 0x02 0x31 0x32 0x33 0x34 0x35 0x36 0x9d 0x8d
[2026-07-06 19:17:04] Preparing to send all location info: [ 5.08, 6.82 ], [ 7.40, 6.33 ], [ 2.40, 2.36 ], [ 2.40, 2.36 ], [ 0.50, 14.50 ], [ 7.25, 5.06 ], [ 0.00, 0.00 ], [ 18.44, 10.64 ], [ 20.05, 10.07 ], [ 16.99, 1.32 ], [ 27.50, 0.50 ], [ 13.87, 10.06 ]
[2026-07-06 19:17:04] Generated sentinel field info: 0xa5 0x36 0x00 0x00 0xcc 0x01 0x03 0x02 0x02 0x6d 0x00 0x6b 0x00 0x08 0x98 0xa2 0x40 0x6b 0x35 0xda 0x40 0x7c 0xbf 0xec 0x40 0x88 0x81 0xca 0x40 0x56 0x65 0x19 0x40 0x3d 0x0a 0x17 0x40 0x56 0x65 0x19 0x40 0x3d 0x0a 0x17 0x40 0x00 0x00 0x00 0x3f 0x00 0x00 0x68 0x41 0x7c 0x0a 0xe8 0x40 0x92 0x13 0xa2 0x40 0x68 0x52
[2026-07-06 19:17:04] Send self decision info: 0xa5 0x0e 0x00 0x00 0x37 0x01 0x03 0x21 0x01 0x6d 0x00 0x80 0x80 0x00 0x02 0x31 0x32 0x33 0x34 0x35 0x36 0x9d 0x8d
[2026-07-06 19:17:04] Generated sentinel field info: 0xa5 0x36 0x00 0x00 0xcc 0x01 0x03 0x02 0x02 0x6d 0x00 0x6b 0x00 0x58 0x22 0xac 0x40 0xb7 0x81 0xde 0x40 0x7c 0xbf 0xec 0x40 0x88 0x81 0xca 0x40 0x56 0x65 0x19 0x40 0x3d 0x0a 0x17 0x40 0x56 0x65 0x19 0x40 0x3d 0x0a 0x17 0x40 0x00 0x00 0x00 0x3f 0x00 0x00 0x68 0x41 0x34 0x1a 0xe8 0x40 0x70 0xf7 0xa1 0x40 0xde 0x8a
[2026-07-06 19:17:04] Send self decision info: 0xa5 0x0e 0x00 0x00 0x37 0x01 0x03 0x21 0x01 0x6d 0x00 0x80 0x80 0x00 0x02 0x31 0x32 0x33 0x34 0x35 0x36 0x9d 0x8d
[2026-07-06 19:17:04] Preparing to send all location info: [ 5.96, 7.30 ], [ 7.40, 6.33 ], [ 2.40, 2.36 ], [ 2.40, 2.36 ], [ 0.50, 14.50 ], [ 7.25, 5.06 ], [ 0.00, 0.00 ], [ 18.44, 10.64 ], [ 20.05, 10.07 ], [ 17.01, 1.30 ], [ 27.50, 0.50 ], [ 13.87, 10.06 ]
[2026-07-06 19:17:04] Generated sentinel field info: 0xa5 0x36 0x00 0x00 0xcc 0x01 0x03 0x02 0x02 0x6d 0x00 0x6b 0x00 0x48 0x99 0xbe 0x40 0x95 0x71 0xe9 0x40 0x7c 0xbf 0xec 0x40 0x88 0x81 0xca 0x40 0x56 0x65 0x19 0x40 0x3d 0x0a 0x17 0x40 0x56 0x65 0x19 0x40 0x3d 0x0a 0x17 0x40 0x00 0x00 0x00 0x3f 0x00 0x00 0x68 0x41 0xa4 0x16 0xe8 0x40 0xcf 0xfd 0xa1 0x40 0xaa 0xc6
[2026-07-06 19:17:04] Send self decision info: 0xa5 0x0e 0x00 0x00 0x37 0x01 0x03 0x21 0x01 0x6d 0x00 0x80 0x80 0x00 0x02 0x31 0x32 0x33 0x34 0x35 0x36 0x9d 0x8d
[2026-07-06 19:17:04] Generated sentinel field info: 0xa5 0x36 0x00 0x00 0xcc 0x01 0x03 0x02 0x02 0x6d 0x00 0x6b 0x00 0x68 0x3d 0xca 0x40 0xd0 0xaf 0xf3 0x40 0x7c 0xbf 0xec 0x40 0x88 0x81 0xca 0x40 0x56 0x65 0x19 0x40 0x3d 0x0a 0x17 0x40 0x56 0x65 0x19 0x40 0x3d 0x0a 0x17 0x40 0x00 0x00 0x00 0x3f 0x00 0x00 0x68 0x41 0x2c 0xba 0xe8 0x40 0x31 0x56 0xa2 0x40 0x38 0xc2
[2026-07-06 19:17:05] Send self decision info: 0xa5 0x0e 0x00 0x00 0x37 0x01 0x03 0x21 0x01 0x6d 0x00 0x80 0x80 0x00 0x02 0x31 0x32 0x33 0x34 0x35 0x36 0x9d 0x8d
[2026-07-06 19:17:05] Preparing to send all location info: [ 6.38, 7.95 ], [ 0.00, 0.00 ], [ 2.40, 2.36 ], [ 2.40, 2.36 ], [ 0.50, 14.50 ], [ 7.27, 5.09 ], [ 0.00, 0.00 ], [ 18.44, 10.64 ], [ 20.05, 10.07 ], [ 16.82, 1.03 ], [ 27.50, 0.50 ], [ 13.87, 10.06 ]
[2026-07-06 19:17:05] Generated sentinel field info: 0xa5 0x36 0x00 0x00 0xcc 0x01 0x03 0x02 0x02 0x6d 0x00 0x6b 0x00 0x70 0x0f 0xcc 0x40 0xde 0x88 0xfe 0x40 0x00 0x00 0x00 0x00 0x00 0x00 0x00 0x00 0x56 0x65 0x19 0x40 0x3d 0x0a 0x17 0x40 0x56 0x65 0x19 0x40 0x3d 0x0a 0x17 0x40 0x00 0x00 0x00 0x3f 0x00 0x00 0x68 0x41 0x74 0x7e 0xe8 0x40 0xf5 0xc0 0xa2 0x40 0x1c 0x96
[2026-07-06 19:17:05] Send self decision info: 0xa5 0x0e 0x00 0x00 0x37 0x01 0x03 0x21 0x01 0x6d 0x00 0x80 0x80 0x00 0x02 0x31 0x32 0x33 0x34 0x35 0x36 0x9d 0x8d
[2026-07-06 19:17:05] Send self decision info: 0xa5 0x0e 0x00 0x00 0x37 0x01 0x03 0x21 0x01 0x6d 0x00 0x80 0x80 0x00 0x02 0x31 0x32 0x33 0x34 0x35 0x36 0x9d 0x8d
[2026-07-06 19:17:05] Preparing to send all location info: [ 6.14, 8.88 ], [ 0.00, 0.00 ], [ 2.40, 2.36 ], [ 6.10, 3.04 ], [ 0.50, 14.50 ], [ 7.31, 5.09 ], [ 0.00, 0.00 ], [ 18.44, 10.64 ], [ 20.05, 10.07 ], [ 17.33, 1.04 ], [ 27.50, 0.50 ], [ 13.87, 10.06 ]
[2026-07-06 19:17:05] Generated sentinel field info: 0xa5 0x36 0x00 0x00 0xcc 0x01 0x03 0x02 0x02 0x6d 0x00 0x6b 0x00 0xbc 0x8a 0xc4 0x40 0xc0 0x03 0x0e 0x41 0x00 0x00 0x00 0x00 0x00 0x00 0x00 0x00 0x56 0x65 0x19 0x40 0x3d 0x0a 0x17 0x40 0x8c 0x11 0xc3 0x40 0xd0 0xa2 0x42 0x40 0x00 0x00 0x00 0x3f 0x00 0x00 0x68 0x41 0x20 0x12 0xea 0x40 0x2f 0xea 0xa2 0x40 0x4e 0xce
[2026-07-06 19:17:05] Send self decision info: 0xa5 0x0e 0x00 0x00 0x37 0x01 0x03 0x21 0x01 0x6d 0x00 0x80 0x80 0x00 0x02 0x31 0x32 0x33 0x34 0x35 0x36 0x9d 0x8d
[2026-07-06 19:17:05] Generated sentinel field info: 0xa5 0x36 0x00 0x00 0xcc 0x01 0x03 0x02 0x02 0x6d 0x00 0x6b 0x00 0xec 0xfe 0xcf 0x40 0x16 0xde 0x14 0x41 0x00 0x00 0x00 0x00 0x00 0x00 0x00 0x00 0x56 0x65 0x19 0x40 0x3d 0x0a 0x17 0x40 0x84 0xb5 0x06 0x41 0x16 0x9c 0x5d 0x40 0x00 0x00 0x00 0x3f 0x00 0x00 0x68 0x41 0x38 0xbe 0xe8 0x40 0xc3 0xcb 0xa3 0x40 0x5d 0x62
[2026-07-06 19:17:05] Send self decision info: 0xa5 0x0e 0x00 0x00 0x37 0x01 0x03 0x21 0x01 0x6d 0x00 0x80 0x80 0x00 0x02 0x31 0x32 0x33 0x34 0x35 0x36 0x9d 0x8d
[2026-07-06 19:17:05] Preparing to send all location info: [ 7.29, 9.54 ], [ 0.00, 0.00 ], [ 2.40, 2.36 ], [ 10.18, 4.02 ], [ 0.50, 14.50 ], [ 7.29, 5.09 ], [ 0.00, 0.00 ], [ 18.44, 10.64 ], [ 20.05, 10.07 ], [ 18.75, 1.24 ], [ 27.50, 0.50 ], [ 13.87, 10.06 ]
[2026-07-06 19:17:05] Generated sentinel field info: 0xa5 0x36 0x00 0x00 0xcc 0x01 0x03 0x02 0x02 0x6d 0x00 0x6b 0x00 0x88 0x42 0xe9 0x40 0x3b 0x9c 0x18 0x41 0x00 0x00 0x00 0x00 0x00 0x00 0x00 0x00 0x56 0x65 0x19 0x40 0x3d 0x0a 0x17 0x40 0xa0 0xf1 0x22 0x41 0xaf 0xac 0x80 0x40 0x00 0x00 0x00 0x3f 0x00 0x00 0x68 0x41 0x24 0x4e 0xe9 0x40 0xd0 0xca 0xa2 0x40 0x13 0x42
[2026-07-06 19:17:06] Send self decision info: 0xa5 0x0e 0x00 0x00 0x37 0x01 0x03 0x21 0x01 0x6d 0x00 0x80 0x80 0x00 0x02 0x31 0x32 0x33 0x34 0x35 0x36 0x9d 0x8d
[2026-07-06 19:17:06] Send self decision info: 0xa5 0x0e 0x00 0x00 0x37 0x01 0x03 0x21 0x01 0x6d 0x00 0x80 0x80 0x00 0x02 0x31 0x32 0x33 0x34 0x35 0x36 0x9d 0x8d
[2026-07-06 19:17:06] Preparing to send all location info: [ 7.43, 9.76 ], [ 0.00, 0.00 ], [ 2.40, 2.36 ], [ 13.80, 5.38 ], [ 0.50, 14.50 ], [ 7.27, 5.08 ], [ 0.00, 0.00 ], [ 17.98, 10.68 ], [ 20.05, 10.07 ], [ 19.27, 10.24 ], [ 27.50, 0.50 ], [ 13.87, 10.06 ]
[2026-07-06 19:17:06] Generated sentinel field info: 0xa5 0x36 0x00 0x00 0xcc 0x01 0x03 0x02 0x02 0x6d 0x00 0x6b 0x00 0xd8 0xa0 0xed 0x40 0x98 0x1f 0x1c 0x41 0x00 0x00 0x00 0x00 0x00 0x00 0x00 0x00 0x56 0x65 0x19 0x40 0x3d 0x0a 0x17 0x40 0x6c 0xc4 0x5c 0x41 0x95 0x4f 0xac 0x40 0x00 0x00 0x00 0x3f 0x00 0x00 0x68 0x41 0x04 0xaa 0xe8 0x40 0x15 0x73 0xa2 0x40 0x18 0xf8
[2026-07-06 19:17:06] Send self decision info: 0xa5 0x0e 0x00 0x00 0x37 0x01 0x03 0x21 0x01 0x6d 0x00 0x80 0x80 0x00 0x02 0x31 0x32 0x33 0x34 0x35 0x36 0x9d 0x8d
[2026-07-06 19:17:06] Generated sentinel field info: 0xa5 0x36 0x00 0x00 0xcc 0x01 0x03 0x02 0x02 0x6d 0x00 0x6b 0x00 0x40 0x88 0xed 0x40 0xc9 0x32 0x1c 0x41 0x00 0x00 0x00 0x00 0x00 0x00 0x00 0x00 0x56 0x65 0x19 0x40 0x3d 0x0a 0x17 0x40 0x1d 0x9d 0x5d 0x41 0x10 0x00 0xc8 0x40 0x00 0x00 0x00 0x3f 0x00 0x00 0x68 0x41 0x48 0xe8 0xe6 0x40 0x95 0x9e 0xa2 0x40 0xbc 0xc8
[2026-07-06 19:17:06] Send self decision info: 0xa5 0x0e 0x00 0x00 0x37 0x01 0x03 0x21 0x01 0x6d 0x00 0x80 0x80 0x00 0x02 0x31 0x32 0x33 0x34 0x35 0x36 0x9d 0x8d
[2026-07-06 19:17:06] Preparing to send all location info: [ 7.40, 9.75 ], [ 0.00, 0.00 ], [ 2.40, 2.36 ], [ 13.30, 7.43 ], [ 0.50, 14.50 ], [ 7.13, 5.09 ], [ 0.00, 0.00 ], [ 17.98, 10.68 ], [ 20.05, 10.07 ], [ 17.68, 10.78 ], [ 27.50, 0.50 ], [ 13.87, 10.06 ]
[2026-07-06 19:17:06] Send self decision info: 0xa5 0x0e 0x00 0x00 0x37 0x01 0x03 0x21 0x01 0x6d 0x00 0x80 0x80 0x00 0x02 0x31 0x32 0x33 0x34 0x35 0x36 0x9d 0x8d
[2026-07-06 19:17:06] Generated sentinel field info: 0xa5 0x36 0x00 0x00 0xcc 0x01 0x03 0x02 0x02 0x6d 0x00 0x6b 0x00 0xc0 0xaf 0xed 0x40 0xf4 0x13 0x1c 0x41 0x00 0x00 0x00 0x00 0x00 0x00 0x00 0x00 0x56 0x65 0x19 0x40 0x3d 0x0a 0x17 0x40 0x37 0x93 0x4f 0x41 0xb5 0x37 0x08 0x41 0x00 0x00 0x00 0x3f 0x00 0x00 0x68 0x41 0xec 0x8d 0xe8 0x40 0x50 0xa5 0xa2 0x40 0xa7 0x1b
[2026-07-06 19:17:07] Send self decision info: 0xa5 0x0e 0x00 0x00 0x37 0x01 0x03 0x21 0x01 0x6d 0x00 0x80 0x80 0x00 0x02 0x31 0x32 0x33 0x34 0x35 0x36 0x9d 0x8d
[2026-07-06 19:17:07] Preparing to send all location info: [ 7.40, 9.75 ], [ 0.00, 0.00 ], [ 2.40, 2.36 ], [ 12.64, 9.47 ], [ 0.50, 14.50 ], [ 7.24, 5.09 ], [ 0.00, 0.00 ], [ 17.98, 10.68 ], [ 20.05, 10.07 ], [ 17.68, 10.78 ], [ 27.50, 0.50 ], [ 13.87, 10.06 ]
[2026-07-06 19:17:07] Generated sentinel field info: 0xa5 0x36 0x00 0x00 0xcc 0x01 0x03 0x02 0x02 0x6d 0x00 0x6b 0x00 0x28 0xdf 0xec 0x40 0x2e 0x05 0x1c 0x41 0x00 0x00 0x00 0x00 0x00 0x00 0x00 0x00 0x56 0x65 0x19 0x40 0x3d 0x0a 0x17 0x40 0xdb 0x4e 0x4a 0x41 0x27 0x96 0x17 0x41 0x00 0x00 0x00 0x3f 0x00 0x00 0x68 0x41 0x98 0x8a 0xe7 0x40 0x6e 0xf8 0xa2 0x40 0x3e 0x5e
[2026-07-06 19:17:07] Send self decision info: 0xa5 0x0e 0x00 0x00 0x37 0x01 0x03 0x21 0x01 0x6d 0x00 0x80 0x80 0x00 0x02 0x31 0x32 0x33 0x34 0x35 0x36 0x9d 0x8d
[2026-07-06 19:17:07] Generated sentinel field info: 0xa5 0x36 0x00 0x00 0xcc 0x01 0x03 0x02 0x02 0x6d 0x00 0x6b 0x00 0x50 0xe3 0xec 0x40 0xed 0x01 0x1c 0x41 0x00 0x00 0x00 0x00 0x00 0x00 0x00 0x00 0x56 0x65 0x19 0x40 0x3d 0x0a 0x17 0x40 0xc3 0x86 0x49 0x41 0xad 0x88 0x1f 0x41 0x00 0x00 0x00 0x3f 0x00 0x00 0x68 0x41 0x04 0x80 0xe8 0x40 0x2b 0xbe 0xa2 0x40 0xf5 0x2d
[2026-07-06 19:17:07] Send self decision info: 0xa5 0x0e 0x00 0x00 0x37 0x01 0x03 0x21 0x01 0x6d 0x00 0x80 0x80 0x00 0x02 0x31 0x32 0x33 0x34 0x35 0x36 0x9d 0x8d
[2026-07-06 19:17:07] Preparing to send all location info: [ 7.40, 9.75 ], [ 0.00, 0.00 ], [ 2.40, 2.36 ], [ 12.37, 10.44 ], [ 0.50, 14.50 ], [ 7.23, 5.10 ], [ 0.00, 0.00 ], [ 17.98, 10.68 ], [ 20.05, 10.07 ], [ 20.88, 11.39 ], [ 27.50, 0.50 ], [ 13.87, 10.06 ]
[2026-07-06 19:17:07] Generated sentinel field info: 0xa5 0x36 0x00 0x00 0xcc 0x01 0x03 0x02 0x02 0x6d 0x00 0x6b 0x00 0x10 0xdf 0xec 0x40 0x41 0x05 0x1c 0x41 0x00 0x00 0x00 0x00 0x00 0x00 0x00 0x00 0x56 0x65 0x19 0x40 0x3d 0x0a 0x17 0x40 0x7f 0xeb 0x45 0x41 0xcd 0x1c 0x27 0x41 0x00 0x00 0x00 0x3f 0x00 0x00 0x68 0x41 0xb0 0x66 0xe7 0x40 0xb5 0x38 0xa3 0x40 0x86 0xcb
[2026-07-06 19:17:07] Send self decision info: 0xa5 0x0e 0x00 0x00 0x37 0x01 0x03 0x21 0x01 0x6d 0x00 0x80 0x80 0x00 0x02 0x31 0x32 0x33 0x34 0x35 0x36 0x9d 0x8d
[2026-07-06 19:17:07] Generated sentinel field info: 0xa5 0x36 0x00 0x00 0xcc 0x01 0x03 0x02 0x02 0x6d 0x00 0x6b 0x00 0x34 0xac 0xed 0x40 0xb9 0x16 0x1c 0x41 0x00 0x00 0x00 0x00 0x00 0x00 0x00 0x00 0x56 0x65 0x19 0x40 0x3d 0x0a 0x17 0x40 0xfb 0xd3 0x41 0x41 0x5e 0x2a 0x26 0x41 0x00 0x00 0x00 0x3f 0x00 0x00 0x68 0x41 0xcc 0x33 0xe9 0x40 0xd8 0xf9 0xa2 0x40 0xe0 0x46
[2026-07-06 19:17:07] Send self decision info: 0xa5 0x0e 0x00 0x00 0x37 0x01 0x03 0x21 0x01 0x6d 0x00 0x80 0x80 0x00 0x02 0x31 0x32 0x33 0x34 0x35 0x36 0x9d 0x8d
[2026-07-06 19:17:07] Preparing to send all location info: [ 7.43, 9.75 ], [ 0.00, 0.00 ], [ 2.40, 2.36 ], [ 12.19, 10.01 ], [ 0.50, 14.50 ], [ 7.18, 5.10 ], [ 0.00, 0.00 ], [ 17.98, 10.68 ], [ 20.05, 10.07 ], [ 20.06, 12.42 ], [ 27.50, 0.50 ], [ 13.87, 10.06 ]
[2026-07-06 19:17:07] Generated sentinel field info: 0xa5 0x36 0x00 0x00 0xcc 0x01 0x03 0x02 0x02 0x6d 0x00 0x6b 0x00 0xec 0xb2 0xed 0x40 0x7b 0x11 0x1c 0x41 0x00 0x00 0x00 0x00 0x00 0x00 0x00 0x00 0x56 0x65 0x19 0x40 0x3d 0x0a 0x17 0x40 0x50 0x06 0x43 0x41 0xdb 0x14 0x20 0x41 0x00 0x00 0x00 0x3f 0x00 0x00 0x68 0x41 0x80 0xc6 0xe5 0x40 0xd0 0x29 0xa3 0x40 0x30 0xf4
[2026-07-06 19:17:08] Send self decision info: 0xa5 0x0e 0x00 0x00 0x37 0x01 0x03 0x21 0x01 0x6d 0x00 0x80 0x80 0x00 0x02 0x31 0x32 0x33 0x34 0x35 0x36 0x9d 0x8d
[2026-07-06 19:17:08] Generated sentinel field info: 0xa5 0x36 0x00 0x00 0xcc 0x01 0x03 0x02 0x02 0x6d 0x00 0x6b 0x00 0xb8 0xd4 0xed 0x40 0x19 0xf7 0x1b 0x41 0x00 0x00 0x00 0x00 0x00 0x00 0x00 0x00 0x56 0x65 0x19 0x40 0x3d 0x0a 0x17 0x40 0x9d 0xf0 0x49 0x41 0xd1 0x9a 0x19 0x41 0x00 0x00 0x00 0x3f 0x00 0x00 0x68 0x41 0x14 0x64 0xe8 0x40 0x18 0xf0 0xa2 0x40 0xb8 0x88
[2026-07-06 19:17:08] Send self decision info: 0xa5 0x0e 0x00 0x00 0x37 0x01 0x03 0x21 0x01 0x6d 0x00 0x80 0x80 0x00 0x02 0x31 0x32 0x33 0x34 0x35 0x36 0x9d 0x8d
[2026-07-06 19:17:08] Preparing to send all location info: [ 7.46, 9.74 ], [ 0.00, 0.00 ], [ 2.40, 2.36 ], [ 13.18, 9.23 ], [ 0.50, 14.50 ], [ 7.22, 5.13 ], [ 0.00, 0.00 ], [ 17.98, 10.68 ], [ 20.05, 10.07 ], [ 18.50, 12.54 ], [ 27.50, 0.50 ], [ 13.88, 10.06 ]
[2026-07-06 19:17:08] Generated sentinel field info: 0xa5 0x36 0x00 0x00 0xcc 0x01 0x03 0x02 0x02 0x6d 0x00 0x6b 0x00 0x20 0xd5 0xee 0x40 0xf1 0xe0 0x1b 0x41 0x00 0x00 0x00 0x00 0x00 0x00 0x00 0x00 0x56 0x65 0x19 0x40 0x3d 0x0a 0x17 0x40 0xce 0xf2 0x52 0x41 0x46 0xb5 0x13 0x41 0x00 0x00 0x00 0x3f 0x00 0x00 0x68 0x41 0xe0 0xe5 0xe6 0x40 0x3a 0x1f 0xa4 0x40 0x7b 0x22
[2026-07-06 19:17:08] Send self decision info: 0xa5 0x0e 0x00 0x00 0x37 0x01 0x03 0x21 0x01 0x6d 0x00 0x80 0x80 0x00 0x02 0x31 0x32 0x33 0x34 0x35 0x36 0x9d 0x8d
[2026-07-06 19:17:08] Send self decision info: 0xa5 0x0e 0x00 0x00 0x37 0x01 0x03 0x21 0x01 0x6d 0x00 0x80 0x80 0x00 0x02 0x31 0x32 0x33 0x34 0x35 0x36 0x9d 0x8d
[2026-07-06 19:17:08] Preparing to send all location info: [ 7.51, 9.75 ], [ 0.00, 0.00 ], [ 2.40, 2.36 ], [ 14.22, 8.99 ], [ 0.50, 14.50 ], [ 7.19, 5.07 ], [ 0.00, 0.00 ], [ 17.98, 10.68 ], [ 20.05, 10.07 ], [ 16.47, 12.43 ], [ 27.50, 0.50 ], [ 13.82, 10.03 ]
[2026-07-06 19:17:08] Generated sentinel field info: 0xa5 0x36 0x00 0x00 0xcc 0x01 0x03 0x02 0x02 0x6d 0x00 0x6b 0x00 0x20 0x6e 0xf0 0x40 0x7e 0x06 0x1c 0x41 0x00 0x00 0x00 0x00 0x00 0x00 0x00 0x00 0x56 0x65 0x19 0x40 0x3d 0x0a 0x17 0x40 0x73 0x8e 0x63 0x41 0x0e 0xe6 0x0f 0x41 0x00 0x00 0x00 0x3f 0x00 0x00 0x68 0x41 0x08 0x3b 0xe6 0x40 0xc8 0x58 0xa2 0x40 0xd0 0xd2
[2026-07-06 19:17:08] Send self decision info: 0xa5 0x0e 0x00 0x00 0x37 0x01 0x03 0x21 0x01 0x6d 0x00 0x80 0x80 0x00 0x02 0x31 0x32 0x33 0x34 0x35 0x36 0x9d 0x8d
[2026-07-06 19:17:09] Send self decision info: 0xa5 0x0e 0x00 0x00 0x37 0x01 0x03 0x21 0x01 0x6d 0x00 0x80 0x80 0x00 0x02 0x31 0x32 0x33 0x34 0x35 0x36 0x9d 0x8d
[2026-07-06 19:17:09] Preparing to send all location info: [ 7.52, 9.75 ], [ 0.00, 0.00 ], [ 2.40, 2.36 ], [ 14.04, 9.22 ], [ 0.50, 14.50 ], [ 7.16, 5.09 ], [ 0.00, 0.00 ], [ 17.98, 10.68 ], [ 20.05, 10.07 ], [ 14.65, 12.21 ], [ 27.50, 0.50 ], [ 13.81, 10.04 ]
[2026-07-06 19:17:09] Generated sentinel field info: 0xa5 0x36 0x00 0x00 0xcc 0x01 0x03 0x02 0x02 0x6d 0x00 0x6b 0x00 0x60 0x83 0xf0 0x40 0xf8 0xf5 0x1b 0x41 0x00 0x00 0x00 0x00 0x00 0x00 0x00 0x00 0x56 0x65 0x19 0x40 0x3d 0x0a 0x17 0x40 0xba 0x99 0x60 0x41 0xc2 0x7f 0x13 0x41 0x00 0x00 0x00 0x3f 0x00 0x00 0x68 0x41 0x8c 0x2e 0xe5 0x40 0x7a 0xbe 0xa2 0x40 0xec 0x36
[2026-07-06 19:17:09] Send self decision info: 0xa5 0x0e 0x00 0x00 0x37 0x01 0x03 0x21 0x01 0x6d 0x00 0x80 0x80 0x00 0x02 0x31 0x32 0x33 0x34 0x35 0x36 0x9d 0x8d
[2026-07-06 19:17:09] Send self decision info: 0xa5 0x0e 0x00 0x00 0x37 0x01 0x03 0x21 0x01 0x6d 0x00 0x80 0x80 0x00 0x02 0x31 0x32 0x33 0x34 0x35 0x36 0x9d 0x8d
[2026-07-06 19:17:09] Preparing to send all location info: [ 7.51, 9.75 ], [ 0.00, 0.00 ], [ 2.40, 2.36 ], [ 13.36, 9.35 ], [ 0.50, 14.50 ], [ 7.28, 5.11 ], [ 0.00, 0.00 ], [ 17.98, 10.68 ], [ 20.05, 10.07 ], [ 13.56, 12.50 ], [ 27.50, 0.50 ], [ 13.79, 10.21 ]
[2026-07-06 19:17:09] Generated sentinel field info: 0xa5 0x36 0x00 0x00 0xcc 0x01 0x03 0x02 0x02 0x6d 0x00 0x6b 0x00 0x90 0x74 0xf0 0x40 0x7e 0x01 0x1c 0x41 0x00 0x00 0x00 0x00 0x00 0x00 0x00 0x00 0x56 0x65 0x19 0x40 0x3d 0x0a 0x17 0x40 0x48 0xcf 0x55 0x41 0x73 0xa6 0x15 0x41 0x00 0x00 0x00 0x3f 0x00 0x00 0x68 0x41 0x94 0xdd 0xe8 0x40 0xcb 0x93 0xa3 0x40 0x7e 0x94
[2026-07-06 19:17:09] Send self decision info: 0xa5 0x0e 0x00 0x00 0x37 0x01 0x03 0x21 0x01 0x6d 0x00 0x80 0x80 0x00 0x02 0x31 0x32 0x33 0x34 0x35 0x36 0x9d 0x8d
[2026-07-06 19:17:09] Generated sentinel field info: 0xa5 0x36 0x00 0x00 0xcc 0x01 0x03 0x02 0x02 0x6d 0x00 0x6b 0x00 0x5c 0x79 0xf0 0x40 0xc3 0xfd 0x1b 0x41 0x00 0x00 0x00 0x00 0x00 0x00 0x00 0x00 0x56 0x65 0x19 0x40 0x3d 0x0a 0x17 0x40 0xcc 0x4d 0x4c 0x41 0xaa 0xd2 0x1c 0x41 0x00 0x00 0x00 0x3f 0x00 0x00 0x68 0x41 0x68 0x3c 0xe6 0x40 0x89 0xd2 0xa3 0x40 0xde 0x99
[2026-07-06 19:17:09] Send self decision info: 0xa5 0x0e 0x00 0x00 0x37 0x01 0x03 0x21 0x01 0x6d 0x00 0x80 0x80 0x00 0x02 0x31 0x32 0x33 0x34 0x35 0x36 0x9d 0x8d
[2026-07-06 19:17:09] Preparing to send all location info: [ 7.51, 9.75 ], [ 0.00, 0.00 ], [ 2.40, 2.36 ], [ 12.64, 10.26 ], [ 0.50, 14.50 ], [ 7.25, 5.11 ], [ 0.00, 0.00 ], [ 17.98, 10.68 ], [ 20.05, 10.07 ], [ 14.13, 12.21 ], [ 27.50, 0.50 ], [ 13.10, 10.36 ]
[2026-07-06 19:17:10] Send self decision info: 0xa5 0x0e 0x00 0x00 0x37 0x01 0x03 0x21 0x01 0x6d 0x00 0x80 0x80 0x00 0x02 0x31 0x32 0x33 0x34 0x35 0x36 0x9d 0x8d
[2026-07-06 19:17:10] Generated sentinel field info: 0xa5 0x36 0x00 0x00 0xcc 0x01 0x03 0x02 0x02 0x6d 0x00 0x6b 0x00 0xc0 0x7a 0xf0 0x40 0xae 0xfc 0x1b 0x41 0x00 0x00 0x00 0x00 0x00 0x00 0x00 0x00 0x56 0x65 0x19 0x40 0x3d 0x0a 0x17 0x40 0xb5 0x07 0x4a 0x41 0x62 0x6a 0x2a 0x41 0x00 0x00 0x00 0x3f 0x00 0x00 0x68 0x41 0xe4 0x2e 0xe6 0x40 0xc5 0xea 0xa3 0x40 0x75 0x40
[2026-07-06 19:17:10] Send self decision info: 0xa5 0x0e 0x00 0x00 0x37 0x01 0x03 0x21 0x01 0x6d 0x00 0x80 0x80 0x00 0x02 0x31 0x32 0x33 0x34 0x35 0x36 0x9d 0x8d
[2026-07-06 19:17:10] Preparing to send all location info: [ 7.51, 9.75 ], [ 0.00, 0.00 ], [ 2.40, 2.36 ], [ 12.82, 10.56 ], [ 0.50, 14.50 ], [ 7.25, 5.12 ], [ 0.00, 0.00 ], [ 17.98, 10.68 ], [ 20.05, 10.07 ], [ 14.13, 12.06 ], [ 27.50, 0.50 ], [ 13.52, 10.38 ]
[2026-07-06 19:17:10] Generated sentinel field info: 0xa5 0x36 0x00 0x00 0xcc 0x01 0x03 0x02 0x02 0x6d 0x00 0x6b 0x00 0x70 0x68 0xf0 0x40 0xed 0x0a 0x1c 0x41 0x00 0x00 0x00 0x00 0x00 0x00 0x00 0x00 0x56 0x65 0x19 0x40 0x3d 0x0a 0x17 0x40 0x6e 0x0d 0x4d 0x41 0x03 0x02 0x29 0x41 0x00 0x00 0x00 0x3f 0x00 0x00 0x68 0x41 0xbc 0xf9 0xe7 0x40 0x32 0xae 0xa3 0x40 0x9f 0x62
[2026-07-06 19:17:10] Send self decision info: 0xa5 0x0e 0x00 0x00 0x37 0x01 0x03 0x21 0x01 0x6d 0x00 0x80 0x80 0x00 0x02 0x31 0x32 0x33 0x34 0x35 0x36 0x9d 0x8d
[2026-07-06 19:17:10] Send self decision info: 0xa5 0x0e 0x00 0x00 0x37 0x01 0x03 0x21 0x01 0x6d 0x00 0x80 0x80 0x00 0x02 0x31 0x32 0x33 0x34 0x35 0x36 0x9d 0x8d
[2026-07-06 19:17:10] Preparing to send all location info: [ 7.50, 9.73 ], [ 0.00, 0.00 ], [ 2.40, 2.36 ], [ 14.14, 9.99 ], [ 0.50, 14.50 ], [ 7.16, 5.10 ], [ 0.00, 0.00 ], [ 17.98, 10.68 ], [ 20.05, 10.07 ], [ 13.74, 12.31 ], [ 27.50, 0.50 ], [ 15.14, 10.68 ]
[2026-07-06 19:17:10] Generated sentinel field info: 0xa5 0x36 0x00 0x00 0xcc 0x01 0x03 0x02 0x02 0x6d 0x00 0x6b 0x00 0x88 0xee 0xef 0x40 0xb3 0xb7 0x1b 0x41 0x00 0x00 0x00 0x00 0x00 0x00 0x00 0x00 0x56 0x65 0x19 0x40 0x3d 0x0a 0x17 0x40 0x13 0x47 0x62 0x41 0x3c 0xd6 0x1f 0x41 0x00 0x00 0x00 0x3f 0x00 0x00 0x68 0x41 0x78 0xf7 0xe4 0x40 0x6c 0x21 0xa3 0x40 0xb4 0x36
[2026-07-06 19:17:10] Send self decision info: 0xa5 0x0e 0x00 0x00 0x37 0x01 0x03 0x21 0x01 0x6d 0x00 0x80 0x80 0x00 0x02 0x31 0x32 0x33 0x34 0x35 0x36 0x9d 0x8d
[2026-07-06 19:17:10] Generated sentinel field info: 0xa5 0x36 0x00 0x00 0xcc 0x01 0x03 0x02 0x02 0x6d 0x00 0x6b 0x00 0x3c 0x77 0xf0 0x40 0x6b 0xff 0x1b 0x41 0x00 0x00 0x00 0x00 0x00 0x00 0x00 0x00 0x56 0x65 0x19 0x40 0x3d 0x0a 0x17 0x40 0x06 0x35 0x6e 0x41 0x4c 0xd9 0x1d 0x41 0x00 0x00 0x00 0x3f 0x00 0x00 0x68 0x41 0xfc 0x3b 0xe6 0x40 0x50 0xd3 0xa3 0x40 0x7d 0x18
[2026-07-06 19:17:11] Send self decision info: 0xa5 0x0e 0x00 0x00 0x37 0x01 0x03 0x21 0x01 0x6d 0x00 0x80 0x80 0x00 0x02 0x31 0x32 0x33 0x34 0x35 0x36 0x9d 0x8d
[2026-07-06 19:17:11] Preparing to send all location info: [ 7.52, 9.75 ], [ 0.00, 0.00 ], [ 2.40, 2.36 ], [ 15.52, 9.75 ], [ 0.50, 14.50 ], [ 7.20, 5.11 ], [ 0.00, 0.00 ], [ 17.98, 10.68 ], [ 20.05, 10.07 ], [ 13.75, 12.49 ], [ 27.50, 0.50 ], [ 15.60, 10.78 ]
[2026-07-06 19:17:11] Generated sentinel field info: 0xa5 0x36 0x00 0x00 0xcc 0x01 0x03 0x02 0x02 0x6d 0x00 0x6b 0x00 0x74 0x85 0xf0 0x40 0x5c 0xf4 0x1b 0x41 0x00 0x00 0x00 0x00 0x00 0x00 0x00 0x00 0x56 0x65 0x19 0x40 0x3d 0x0a 0x17 0x40 0x80 0x44 0x78 0x41 0x86 0x07 0x1c 0x41 0x00 0x00 0x00 0x3f 0x00 0x00 0x68 0x41 0xe4 0x67 0xe6 0x40 0x9f 0x84 0xa3 0x40 0xbf 0x6a
[2026-07-06 19:17:11] Send self decision info: 0xa5 0x0e 0x00 0x00 0x37 0x01 0x03 0x21 0x01 0x6d 0x00 0x80 0x80 0x00 0x02 0x31 0x32 0x33 0x34 0x35 0x36 0x9d 0x8d
[2026-07-06 19:17:11] Send self decision info: 0xa5 0x0e 0x00 0x00 0x37 0x01 0x03 0x21 0x01 0x6d 0x00 0x80 0x80 0x00 0x02 0x31 0x32 0x33 0x34 0x35 0x36 0x9d 0x8d
[2026-07-06 19:17:11] Preparing to send all location info: [ 7.51, 9.75 ], [ 0.00, 0.00 ], [ 2.40, 2.36 ], [ 15.59, 10.18 ], [ 0.50, 14.50 ], [ 7.23, 5.11 ], [ 0.00, 0.00 ], [ 17.98, 10.68 ], [ 20.05, 10.07 ], [ 14.64, 12.57 ], [ 27.50, 0.50 ], [ 15.78, 11.04 ]
[2026-07-06 19:17:11] Generated sentinel field info: 0xa5 0x36 0x00 0x00 0xcc 0x01 0x03 0x02 0x02 0x6d 0x00 0x6b 0x00 0xec 0x64 0xf0 0x40 0xa7 0x0d 0x1c 0x41 0x00 0x00 0x00 0x00 0x00 0x00 0x00 0x00 0x56 0x65 0x19 0x40 0x3d 0x0a 0x17 0x40 0x62 0x74 0x79 0x41 0xae 0xda 0x22 0x41 0x00 0x00 0x00 0x3f 0x00 0x00 0x68 0x41 0xf0 0x3a 0xe7 0x40 0xfe 0x86 0xa3 0x40 0xfb 0x9b
[2026-07-06 19:17:11] Send self decision info: 0xa5 0x0e 0x00 0x00 0x37 0x01 0x03 0x21 0x01 0x6d 0x00 0x80 0x80 0x00 0x02 0x31 0x32 0x33 0x34 0x35 0x36 0x9d 0x8d
[2026-07-06 19:17:11] Generated sentinel field info: 0xa5 0x36 0x00 0x00 0xcc 0x01 0x03 0x02 0x02 0x6d 0x00 0x6b 0x00 0xd0 0x7c 0xf0 0x40 0x13 0xfb 0x1b 0x41 0x00 0x00 0x00 0x00 0x00 0x00 0x00 0x00 0x56 0x65 0x19 0x40 0x3d 0x0a 0x17 0x40 0xa3 0x52 0x7b 0x41 0x88 0x06 0x24 0x41 0x00 0x00 0x00 0x3f 0x00 0x00 0x68 0x41 0x54 0x95 0xe5 0x40 0x0b 0x82 0xa3 0x40 0xd5 0xe1
[2026-07-06 19:17:11] Send self decision info: 0xa5 0x0e 0x00 0x00 0x37 0x01 0x03 0x21 0x01 0x6d 0x00 0x80 0x80 0x00 0x02 0x31 0x32 0x33 0x34 0x35 0x36 0x9d 0x8d
[2026-07-06 19:17:11] Preparing to send all location info: [ 7.52, 9.75 ], [ 0.00, 0.00 ], [ 2.40, 2.36 ], [ 15.38, 10.47 ], [ 0.50, 14.50 ], [ 7.14, 5.12 ], [ 0.00, 0.00 ], [ 17.98, 10.68 ], [ 20.05, 10.07 ], [ 15.39, 12.65 ], [ 27.50, 0.50 ], [ 15.68, 11.34 ]
[2026-07-06 19:17:11] Generated sentinel field info: 0xa5 0x36 0x00 0x00 0xcc 0x01 0x03 0x02 0x02 0x6d 0x00 0x6b 0x00 0xe8 0x7c 0xf0 0x40 0x01 0xfb 0x1b 0x41 0x00 0x00 0x00 0x00 0x00 0x00 0x00 0x00 0x56 0x65 0x19 0x40 0x3d 0x0a 0x17 0x40 0xe7 0x04 0x76 0x41 0xa2 0x85 0x27 0x41 0x00 0x00 0x00 0x3f 0x00 0x00 0x68 0x41 0xec 0x93 0xe4 0x40 0x36 0xd4 0xa3 0x40 0x8c 0xeb
[2026-07-06 19:17:12] Send self decision info: 0xa5 0x0e 0x00 0x00 0x37 0x01 0x03 0x21 0x01 0x6d 0x00 0x80 0x80 0x00 0x02 0x31 0x32 0x33 0x34 0x35 0x36 0x9d 0x8d
[2026-07-06 19:17:12] Generated sentinel field info: 0xa5 0x36 0x00 0x00 0xcc 0x01 0x03 0x02 0x02 0x6d 0x00 0x6b 0x00 0xf8 0x6f 0xf0 0x40 0x12 0x05 0x1c 0x41 0x00 0x00 0x00 0x00 0x00 0x00 0x00 0x00 0x56 0x65 0x19 0x40 0x3d 0x0a 0x17 0x40 0xb2 0x7e 0x74 0x41 0xc1 0x6c 0x28 0x41 0x00 0x00 0x00 0x3f 0x00 0x00 0x68 0x41 0x5c 0xf6 0xe6 0x40 0xb8 0x01 0xa4 0x40 0x61 0xed
[2026-07-06 19:17:12] Send self decision info: 0xa5 0x0e 0x00 0x00 0x37 0x01 0x03 0x21 0x01 0x6d 0x00 0x80 0x80 0x00 0x02 0x31 0x32 0x33 0x34 0x35 0x36 0x9d 0x8d
[2026-07-06 19:17:12] Preparing to send all location info: [ 7.51, 9.75 ], [ 0.00, 0.00 ], [ 2.40, 2.36 ], [ 15.77, 10.44 ], [ 0.50, 14.50 ], [ 7.19, 5.14 ], [ 0.00, 0.00 ], [ 17.98, 10.68 ], [ 20.05, 10.07 ], [ 15.92, 12.50 ], [ 27.50, 0.50 ], [ 15.71, 11.36 ]
[2026-07-06 19:17:12] Generated sentinel field info: 0xa5 0x36 0x00 0x00 0xcc 0x01 0x03 0x02 0x02 0x6d 0x00 0x6b 0x00 0x38 0x79 0xf0 0x40 0xe0 0xfd 0x1b 0x41 0x00 0x00 0x00 0x00 0x00 0x00 0x00 0x00 0x56 0x65 0x19 0x40 0x3d 0x0a 0x17 0x40 0x47 0x41 0x7c 0x41 0x70 0x11 0x27 0x41 0x00 0x00 0x00 0x3f 0x00 0x00 0x68 0x41 0x04 0xf0 0xe5 0x40 0x6d 0x5b 0xa4 0x40 0x1e 0x69
[2026-07-06 19:17:12] Send self decision info: 0xa5 0x0e 0x00 0x00 0x37 0x01 0x03 0x21 0x01 0x6d 0x00 0x80 0x80 0x00 0x02 0x31 0x32 0x33 0x34 0x35 0x36 0x9d 0x8d
[2026-07-06 19:17:12] Generated sentinel field info: 0xa5 0x36 0x00 0x00 0xcc 0x01 0x03 0x02 0x02 0x6d 0x00 0x6b 0x00 0xe0 0x76 0xf0 0x40 0xb2 0xff 0x1b 0x41 0x00 0x00 0x00 0x00 0x00 0x00 0x00 0x00 0x56 0x65 0x19 0x40 0x3d 0x0a 0x17 0x40 0xd1 0x27 0x7f 0x41 0x72 0x7e 0x25 0x41 0x00 0x00 0x00 0x3f 0x00 0x00 0x68 0x41 0x18 0xad 0xe7 0x40 0x2b 0x37 0xa4 0x40 0xdc 0x5d
[2026-07-06 19:17:12] Send self decision info: 0xa5 0x0e 0x00 0x00 0x37 0x01 0x03 0x21 0x01 0x6d 0x00 0x80 0x80 0x00 0x02 0x31 0x32 0x33 0x34 0x35 0x36 0x9d 0x8d
[2026-07-06 19:17:12] Preparing to send all location info: [ 7.51, 9.75 ], [ 0.00, 0.00 ], [ 2.40, 2.36 ], [ 15.88, 10.37 ], [ 0.50, 14.50 ], [ 7.20, 5.15 ], [ 0.00, 0.00 ], [ 17.98, 10.68 ], [ 20.05, 10.07 ], [ 15.60, 12.68 ], [ 27.50, 0.50 ], [ 15.72, 11.35 ]
[2026-07-06 19:17:12] Generated sentinel field info: 0xa5 0x36 0x00 0x00 0xcc 0x01 0x03 0x02 0x02 0x6d 0x00 0x6b 0x00 0xf4 0x75 0xf0 0x40 0x6a 0x00 0x1c 0x41 0x00 0x00 0x00 0x00 0x00 0x00 0x00 0x00 0x56 0x65 0x19 0x40 0x3d 0x0a 0x17 0x40 0xf1 0x0f 0x7e 0x41 0x46 0xe2 0x25 0x41 0x00 0x00 0x00 0x3f 0x00 0x00 0x68 0x41 0x1c 0x8a 0xe6 0x40 0x72 0xc3 0xa4 0x40 0xf8 0x7d
[2026-07-06 19:17:12] Send self decision info: 0xa5 0x0e 0x00 0x00 0x37 0x01 0x03 0x21 0x01 0x6d 0x00 0x80 0x80 0x00 0x02 0x31 0x32 0x33 0x34 0x35 0x36 0x9d 0x8d
[2026-07-06 19:17:12] Generated sentinel field info: 0xa5 0x36 0x00 0x00 0xcc 0x01 0x03 0x02 0x02 0x6d 0x00 0x6b 0x00 0x58 0x7c 0xf0 0x40 0x71 0xfb 0x1b 0x41 0x00 0x00 0x00 0x00 0x00 0x00 0x00 0x00 0x56 0x65 0x19 0x40 0x3d 0x0a 0x17 0x40 0xa4 0x4f 0x7a 0x41 0x83 0xc8 0x26 0x41 0x00 0x00 0x00 0x3f 0x00 0x00 0x68 0x41 0xa8 0xf9 0xe6 0x40 0xd4 0xfb 0xa3 0x40 0x5c 0x0e
[2026-07-06 19:17:13] Send self decision info: 0xa5 0x0e 0x00 0x00 0x37 0x01 0x03 0x21 0x01 0x6d 0x00 0x80 0x80 0x00 0x02 0x31 0x32 0x33 0x34 0x35 0x36 0x9d 0x8d
[2026-07-06 19:17:13] Preparing to send all location info: [ 7.51, 9.75 ], [ 0.00, 0.00 ], [ 2.40, 2.36 ], [ 15.18, 10.64 ], [ 0.50, 14.50 ], [ 7.18, 5.15 ], [ 0.00, 0.00 ], [ 15.71, 12.71 ], [ 20.05, 10.07 ], [ 16.07, 12.74 ], [ 27.50, 0.50 ], [ 15.72, 11.35 ]
[2026-07-06 19:17:13] Generated sentinel field info: 0xa5 0x36 0x00 0x00 0xcc 0x01 0x03 0x02 0x02 0x6d 0x00 0x6b 0x00 0x78 0x77 0xf0 0x40 0x3b 0xff 0x1b 0x41 0x00 0x00 0x00 0x00 0x00 0x00 0x00 0x00 0x56 0x65 0x19 0x40 0x3d 0x0a 0x17 0x40 0xe4 0xe3 0x72 0x41 0x27 0x3a 0x2a 0x41 0x00 0x00 0x00 0x3f 0x00 0x00 0x68 0x41 0xd0 0xb0 0xe5 0x40 0xa8 0xcc 0xa4 0x40 0x26 0xfa
[2026-07-06 19:17:13] Send self decision info: 0xa5 0x0e 0x00 0x00 0x37 0x01 0x03 0x21 0x01 0x6d 0x00 0x80 0x80 0x00 0x02 0x31 0x32 0x33 0x34 0x35 0x36 0x9d 0x8d
[2026-07-06 19:17:13] Generated sentinel field info: 0xa5 0x36 0x00 0x00 0xcc 0x01 0x03 0x02 0x02 0x6d 0x00 0x6b 0x00 0x08 0x73 0xf0 0x40 0xb0 0x02 0x1c 0x41 0x00 0x00 0x00 0x00 0x00 0x00 0x00 0x00 0x56 0x65 0x19 0x40 0x3d 0x0a 0x17 0x40 0xca 0x7d 0x6b 0x41 0xf0 0x5d 0x2f 0x41 0x00 0x00 0x00 0x3f 0x00 0x00 0x68 0x41 0x74 0xc6 0xe6 0x40 0x73 0x57 0xa4 0x40 0x5e 0x42
[2026-07-06 19:17:13] Send self decision info: 0xa5 0x0e 0x00 0x00 0x37 0x01 0x03 0x21 0x01 0x6d 0x00 0x80 0x80 0x00 0x02 0x31 0x32 0x33 0x34 0x35 0x36 0x9d 0x8d
[2026-07-06 19:17:13] Preparing to send all location info: [ 7.52, 9.75 ], [ 0.00, 0.00 ], [ 2.40, 2.36 ], [ 14.56, 11.29 ], [ 0.50, 14.50 ], [ 7.20, 5.15 ], [ 0.00, 0.00 ], [ 15.71, 12.71 ], [ 20.05, 10.07 ], [ 17.48, 12.60 ], [ 27.50, 0.50 ], [ 15.72, 11.35 ]
[2026-07-06 19:17:13] Generated sentinel field info: 0xa5 0x36 0x00 0x00 0xcc 0x01 0x03 0x02 0x02 0x6d 0x00 0x6b 0x00 0x40 0x89 0xf0 0x40 0x67 0xf1 0x1b 0x41 0x00 0x00 0x00 0x00 0x00 0x00 0x00 0x00 0x56 0x65 0x19 0x40 0x3d 0x0a 0x17 0x40 0x15 0xea 0x68 0x41 0xea 0xa4 0x34 0x41 0x00 0x00 0x00 0x3f 0x00 0x00 0x68 0x41 0x98 0x7a 0xe6 0x40 0x3a 0xdf 0xa4 0x40 0x87 0x0c
[2026-07-06 19:17:13] Send self decision info: 0xa5 0x0e 0x00 0x00 0x37 0x01 0x03 0x21 0x01 0x6d 0x00 0x80 0x80 0x00 0x02 0x31 0x32 0x33 0x34 0x35 0x36 0x9d 0x8d
[2026-07-06 19:17:13] Generated sentinel field info: 0xa5 0x36 0x00 0x00 0xcc 0x01 0x03 0x02 0x02 0x6d 0x00 0x6b 0x00 0x30 0x6e 0xf0 0x40 0x74 0x06 0x1c 0x41 0x00 0x00 0x00 0x00 0x00 0x00 0x00 0x00 0x56 0x65 0x19 0x40 0x3d 0x0a 0x17 0x40 0x93 0x20 0x69 0x41 0x8d 0xb1 0x3a 0x41 0x00 0x00 0x00 0x3f 0x00 0x00 0x68 0x41 0x90 0xa7 0xe6 0x40 0xc2 0x8e 0xa4 0x40 0xd1 0xbb
[2026-07-06 19:17:13] Send self decision info: 0xa5 0x0e 0x00 0x00 0x37 0x01 0x03 0x21 0x01 0x6d 0x00 0x80 0x80 0x00 0x02 0x31 0x32 0x33 0x34 0x35 0x36 0x9d 0x8d
[2026-07-06 19:17:13] Preparing to send all location info: [ 7.52, 9.75 ], [ 0.00, 0.00 ], [ 2.40, 2.36 ], [ 14.93, 12.06 ], [ 0.50, 14.50 ], [ 7.23, 5.15 ], [ 0.00, 0.00 ], [ 15.71, 12.71 ], [ 20.05, 10.07 ], [ 19.68, 12.12 ], [ 27.50, 0.50 ], [ 15.72, 11.35 ]
[2026-07-06 19:17:13] Generated sentinel field info: 0xa5 0x36 0x00 0x00 0xcc 0x01 0x03 0x02 0x02 0x6d 0x00 0x6b 0x00 0x08 0x7b 0xf0 0x40 0x75 0xfc 0x1b 0x41 0x00 0x00 0x00 0x00 0x00 0x00 0x00 0x00 0x56 0x65 0x19 0x40 0x3d 0x0a 0x17 0x40 0x32 0xe2 0x6e 0x41 0x36 0xef 0x40 0x41 0x00 0x00 0x00 0x3f 0x00 0x00 0x68 0x41 0xe4 0x6f 0xe7 0x40 0x95 0xa4 0xa4 0x40 0x25 0x2d
[2026-07-06 19:17:14] Send self decision info: 0xa5 0x0e 0x00 0x00 0x37 0x01 0x03 0x21 0x01 0x6d 0x00 0x80 0x80 0x00 0x02 0x31 0x32 0x33 0x34 0x35 0x36 0x9d 0x8d
[2026-07-06 19:17:14] Send self decision info: 0xa5 0x0e 0x00 0x00 0x37 0x01 0x03 0x21 0x01 0x6d 0x00 0x80 0x80 0x00 0x02 0x31 0x32 0x33 0x34 0x35 0x36 0x9d 0x8d
[2026-07-06 19:17:14] Preparing to send all location info: [ 7.51, 9.75 ], [ 0.00, 0.00 ], [ 2.40, 2.36 ], [ 16.02, 12.54 ], [ 0.50, 14.50 ], [ 7.23, 5.14 ], [ 0.00, 0.00 ], [ 15.71, 12.71 ], [ 20.05, 10.07 ], [ 20.12, 12.04 ], [ 27.50, 0.50 ], [ 15.72, 11.35 ]
[2026-07-06 19:17:14] Generated sentinel field info: 0xa5 0x36 0x00 0x00 0xcc 0x01 0x03 0x02 0x02 0x6d 0x00 0x6b 0x00 0x3c 0x63 0xf0 0x40 0xf7 0x0e 0x1c 0x41 0x00 0x00 0x00 0x00 0x00 0x00 0x00 0x00 0x56 0x65 0x19 0x40 0x3d 0x0a 0x17 0x40 0x19 0x20 0x80 0x41 0x1e 0xb8 0x48 0x41 0x00 0x00 0x00 0x3f 0x00 0x00 0x68 0x41 0xc0 0x7e 0xe7 0x40 0x07 0x8a 0xa4 0x40 0x0f 0x6f
[2026-07-06 19:17:14] Send self decision info: 0xa5 0x0e 0x00 0x00 0x37 0x01 0x03 0x21 0x01 0x6d 0x00 0x80 0x80 0x00 0x02 0x31 0x32 0x33 0x34 0x35 0x36 0x9d 0x8d
[2026-07-06 19:17:14] Generated sentinel field info: 0xa5 0x36 0x00 0x00 0xcc 0x01 0x03 0x02 0x02 0x6d 0x00 0x6b 0x00 0x4c 0x67 0xf0 0x40 0xce 0x0b 0x1c 0x41 0x00 0x00 0x00 0x00 0x00 0x00 0x00 0x00 0x56 0x65 0x19 0x40 0x3d 0x0a 0x17 0x40 0xda 0xd5 0x86 0x41 0x90 0x13 0x43 0x41 0x00 0x00 0x00 0x3f 0x00 0x00 0x68 0x41 0x5c 0x79 0xe5 0x40 0x0b 0x30 0xa5 0x40 0x25 0xe3
[2026-07-06 19:17:14] Send self decision info: 0xa5 0x0e 0x00 0x00 0x37 0x01 0x03 0x21 0x01 0x6d 0x00 0x80 0x80 0x00 0x02 0x31 0x32 0x33 0x34 0x35 0x36 0x9d 0x8d
[2026-07-06 19:17:14] Preparing to send all location info: [ 7.52, 9.75 ], [ 0.00, 0.00 ], [ 2.40, 2.36 ], [ 16.92, 12.17 ], [ 0.50, 14.50 ], [ 7.26, 5.15 ], [ 0.00, 0.00 ], [ 21.21, 10.81 ], [ 20.05, 10.07 ], [ 21.06, 10.94 ], [ 27.50, 0.50 ], [ 15.72, 11.35 ]
[2026-07-06 19:17:14] Generated sentinel field info: 0xa5 0x36 0x00 0x00 0xcc 0x01 0x03 0x02 0x02 0x6d 0x00 0x6b 0x00 0xd0 0x7e 0xf0 0x40 0x85 0xf9 0x1b 0x41 0x00 0x00 0x00 0x00 0x00 0x00 0x00 0x00 0x56 0x65 0x19 0x40 0x3d 0x0a 0x17 0x40 0x25 0x66 0x87 0x41 0x2f 0xc0 0x42 0x41 0x00 0x00 0x00 0x3f 0x00 0x00 0x68 0x41 0x1c 0x2e 0xe8 0x40 0x10 0xcd 0xa4 0x40 0x6d 0x6a
[2026-07-06 19:17:14] Send self decision info: 0xa5 0x0e 0x00 0x00 0x37 0x01 0x03 0x21 0x01 0x6d 0x00 0x80 0x80 0x00 0x02 0x31 0x32 0x33 0x34 0x35 0x36 0x9d 0x8d
[2026-07-06 19:17:14] Generated sentinel field info: 0xa5 0x36 0x00 0x00 0xcc 0x01 0x03 0x02 0x02 0x6d 0x00 0x6b 0x00 0x38 0x38 0xf1 0x40 0x91 0x1b 0x1c 0x41 0x00 0x00 0x00 0x00 0x00 0x00 0x00 0x00 0x56 0x65 0x19 0x40 0x3d 0x0a 0x17 0x40 0x2f 0x8b 0x87 0x41 0x55 0x17 0x44 0x41 0x00 0x00 0x00 0x3f 0x00 0x00 0x68 0x41 0x84 0xd1 0xe6 0x40 0xaf 0xbf 0xa5 0x40 0xef 0xe4
[2026-07-06 19:17:15] Send self decision info: 0xa5 0x0e 0x00 0x00 0x37 0x01 0x03 0x21 0x01 0x6d 0x00 0x80 0x80 0x00 0x02 0x31 0x32 0x33 0x34 0x35 0x36 0x9d 0x8d
[2026-07-06 19:17:15] Preparing to send all location info: [ 7.54, 9.76 ], [ 0.00, 0.00 ], [ 2.40, 2.36 ], [ 17.03, 12.32 ], [ 0.50, 14.50 ], [ 7.21, 5.15 ], [ 0.00, 0.00 ], [ 21.21, 10.81 ], [ 20.05, 10.07 ], [ 21.06, 10.94 ], [ 27.50, 0.50 ], [ 15.72, 11.35 ]
[2026-07-06 19:17:15] Generated sentinel field info: 0xa5 0x36 0x00 0x00 0xcc 0x01 0x03 0x02 0x02 0x6d 0x00 0x6b 0x00 0x70 0x2f 0xf1 0x40 0x65 0x22 0x1c 0x41 0x00 0x00 0x00 0x00 0x00 0x00 0x00 0x00 0x56 0x65 0x19 0x40 0x3d 0x0a 0x17 0x40 0x40 0x3f 0x88 0x41 0x06 0x20 0x45 0x41 0x00 0x00 0x00 0x3f 0x00 0x00 0x68 0x41 0xac 0x9a 0xe6 0x40 0xcd 0xa5 0xa4 0x40 0x21 0x51
[2026-07-06 19:17:15] Send self decision info: 0xa5 0x0e 0x00 0x00 0x37 0x01 0x03 0x21 0x01 0x6d 0x00 0x80 0x80 0x00 0x02 0x31 0x32 0x33 0x34 0x35 0x36 0x9d 0x8d
[2026-07-06 19:17:15] Generated sentinel field info: 0xa5 0x36 0x00 0x00 0xcc 0x01 0x03 0x02 0x02 0x6d 0x00 0x6b 0x00 0x9c 0x38 0xf1 0x40 0x45 0x1b 0x1c 0x41 0x00 0x00 0x00 0x00 0x00 0x00 0x00 0x00 0x56 0x65 0x19 0x40 0x3d 0x0a 0x17 0x40 0x16 0x50 0x88 0x41 0x37 0xfe 0x44 0x41 0x00 0x00 0x00 0x3f 0x00 0x00 0x68 0x41 0x60 0xf4 0xe7 0x40 0x27 0x34 0xa5 0x40 0x40 0x07
[2026-07-06 19:17:15] Send self decision info: 0xa5 0x0e 0x00 0x00 0x37 0x01 0x03 0x21 0x01 0x6d 0x00 0x80 0x80 0x00 0x02 0x31 0x32 0x33 0x34 0x35 0x36 0x9d 0x8d
[2026-07-06 19:17:15] Preparing to send all location info: [ 7.51, 9.75 ], [ 0.00, 0.00 ], [ 2.40, 2.36 ], [ 17.05, 12.35 ], [ 0.50, 14.50 ], [ 7.20, 5.15 ], [ 0.00, 0.00 ], [ 21.21, 10.81 ], [ 20.05, 10.07 ], [ 21.06, 10.94 ], [ 27.50, 0.50 ], [ 15.72, 11.35 ]
[2026-07-06 19:17:15] Generated sentinel field info: 0xa5 0x36 0x00 0x00 0xcc 0x01 0x03 0x02 0x02 0x6d 0x00 0x6b 0x00 0xb8 0x71 0xf0 0x40 0xb3 0x03 0x1c 0x41 0x00 0x00 0x00 0x00 0x00 0x00 0x00 0x00 0x56 0x65 0x19 0x40 0x3d 0x0a 0x17 0x40 0x2d 0x6b 0x88 0x41 0x09 0x99 0x45 0x41 0x00 0x00 0x00 0x3f 0x00 0x00 0x68 0x41 0x58 0x83 0xe6 0x40 0x92 0xcf 0xa4 0x40 0x90 0x81
[2026-07-06 19:17:15] Send self decision info: 0xa5 0x0e 0x00 0x00 0x37 0x01 0x03 0x21 0x01 0x6d 0x00 0x80 0x80 0x00 0x02 0x31 0x32 0x33 0x34 0x35 0x36 0x9d 0x8d
[2026-07-06 19:17:15] Send self decision info: 0xa5 0x0e 0x00 0x00 0x37 0x01 0x03 0x21 0x01 0x6d 0x00 0x80 0x80 0x00 0x02 0x31 0x32 0x33 0x34 0x35 0x36 0x9d 0x8d
[2026-07-06 19:17:15] Preparing to send all location info: [ 7.54, 9.76 ], [ 0.00, 0.00 ], [ 2.40, 2.36 ], [ 17.57, 12.50 ], [ 0.50, 14.50 ], [ 7.15, 5.15 ], [ 0.00, 0.00 ], [ 21.21, 10.81 ], [ 20.05, 10.07 ], [ 18.79, 1.19 ], [ 27.50, 0.50 ], [ 15.72, 11.35 ]
[2026-07-06 19:17:15] Generated sentinel field info: 0xa5 0x36 0x00 0x00 0xcc 0x01 0x03 0x02 0x02 0x6d 0x00 0x6b 0x00 0x48 0x35 0xf1 0x40 0xd9 0x1d 0x1c 0x41 0x00 0x00 0x00 0x00 0x00 0x00 0x00 0x00 0x56 0x65 0x19 0x40 0x3d 0x0a 0x17 0x40 0x0c 0x96 0x8c 0x41 0x48 0xff 0x47 0x41 0x00 0x00 0x00 0x3f 0x00 0x00 0x68 0x41 0x94 0xd9 0xe4 0x40 0xda 0xd2 0xa4 0x40 0xad 0xff
[2026-07-06 19:17:16] Send self decision info: 0xa5 0x0e 0x00 0x00 0x37 0x01 0x03 0x21 0x01 0x6d 0x00 0x80 0x80 0x00 0x02 0x31 0x32 0x33 0x34 0x35 0x36 0x9d 0x8d
[2026-07-06 19:17:16] Send self decision info: 0xa5 0x0e 0x00 0x00 0x37 0x01 0x03 0x21 0x01 0x6d 0x00 0x80 0x80 0x00 0x02 0x31 0x32 0x33 0x34 0x35 0x36 0x9d 0x8d
[2026-07-06 19:17:16] Preparing to send all location info: [ 7.52, 9.75 ], [ 0.00, 0.00 ], [ 2.40, 2.36 ], [ 16.51, 12.49 ], [ 0.50, 14.50 ], [ 7.19, 5.17 ], [ 0.00, 0.00 ], [ 21.21, 10.81 ], [ 20.05, 10.07 ], [ 17.51, 1.09 ], [ 27.50, 0.50 ], [ 15.72, 11.35 ]
[2026-07-06 19:17:16] Generated sentinel field info: 0xa5 0x36 0x00 0x00 0xcc 0x01 0x03 0x02 0x02 0x6d 0x00 0x6b 0x00 0xb4 0x88 0xf0 0x40 0xd6 0xf1 0x1b 0x41 0x00 0x00 0x00 0x00 0x00 0x00 0x00 0x00 0x56 0x65 0x19 0x40 0x3d 0x0a 0x17 0x40 0x38 0x12 0x84 0x41 0x95 0xdf 0x47 0x41 0x00 0x00 0x00 0x3f 0x00 0x00 0x68 0x41 0x98 0x1e 0xe6 0x40 0xe1 0x83 0xa5 0x40 0x75 0x49
[2026-07-06 19:17:16] Send self decision info: 0xa5 0x0e 0x00 0x00 0x37 0x01 0x03 0x21 0x01 0x6d 0x00 0x80 0x80 0x00 0x02 0x31 0x32 0x33 0x34 0x35 0x36 0x9d 0x8d
[2026-07-06 19:17:16] Send self decision info: 0xa5 0x0e 0x00 0x00 0x37 0x01 0x03 0x21 0x01 0x6d 0x00 0x80 0x80 0x00 0x02 0x31 0x32 0x33 0x34 0x35 0x36 0x9d 0x8d
[2026-07-06 19:17:16] Preparing to send all location info: [ 7.54, 9.76 ], [ 0.00, 0.00 ], [ 2.40, 2.36 ], [ 15.23, 12.43 ], [ 0.50, 14.50 ], [ 7.21, 5.19 ], [ 0.00, 0.00 ], [ 21.21, 10.81 ], [ 20.05, 10.07 ], [ 17.62, 2.17 ], [ 27.50, 0.50 ], [ 15.72, 11.35 ]
[2026-07-06 19:17:16] Generated sentinel field info: 0xa5 0x36 0x00 0x00 0xcc 0x01 0x03 0x02 0x02 0x6d 0x00 0x6b 0x00 0xa8 0x3c 0xf1 0x40 0x21 0x18 0x1c 0x41 0x00 0x00 0x00 0x00 0x00 0x00 0x00 0x00 0x56 0x65 0x19 0x40 0x3d 0x0a 0x17 0x40 0xe8 0x9e 0x73 0x41 0xd4 0xdc 0x46 0x41 0x00 0x00 0x00 0x3f 0x00 0x00 0x68 0x41 0xcc 0xb8 0xe6 0x40 0xdd 0xeb 0xa5 0x40 0xcf 0xa8
[2026-07-06 19:17:16] Send self decision info: 0xa5 0x0e 0x00 0x00 0x37 0x01 0x03 0x21 0x01 0x6d 0x00 0x80 0x80 0x00 0x02 0x31 0x32 0x33 0x34 0x35 0x36 0x9d 0x8d
[2026-07-06 19:17:17] Send self decision info: 0xa5 0x0e 0x00 0x00 0x37 0x01 0x03 0x21 0x01 0x6d 0x00 0x80 0x80 0x00 0x02 0x31 0x32 0x33 0x34 0x35 0x36 0x9d 0x8d
[2026-07-06 19:17:17] Preparing to send all location info: [ 7.51, 9.76 ], [ 0.00, 0.00 ], [ 2.40, 2.36 ], [ 14.25, 12.08 ], [ 0.50, 14.50 ], [ 7.23, 5.19 ], [ 0.00, 0.00 ], [ 21.21, 10.81 ], [ 20.05, 10.07 ], [ 18.37, 2.72 ], [ 27.50, 0.50 ], [ 15.72, 11.35 ]
[2026-07-06 19:17:17] Generated sentinel field info: 0xa5 0x36 0x00 0x00 0xcc 0x01 0x03 0x02 0x02 0x6d 0x00 0x6b 0x00 0xd8 0x4b 0xf0 0x40 0x28 0x21 0x1c 0x41 0x00 0x00 0x00 0x00 0x00 0x00 0x00 0x00 0x56 0x65 0x19 0x40 0x3d 0x0a 0x17 0x40 0xb4 0xf3 0x63 0x41 0x5d 0x38 0x41 0x41 0x00 0x00 0x00 0x3f 0x00 0x00 0x68 0x41 0x3c 0x6b 0xe7 0x40 0x00 0x29 0xa6 0x40 0xa7 0xe9
[2026-07-06 19:17:17] Send self decision info: 0xa5 0x0e 0x00 0x00 0x37 0x01 0x03 0x21 0x01 0x6d 0x00 0x80 0x80 0x00 0x02 0x31 0x32 0x33 0x34 0x35 0x36 0x9d 0x8d
[2026-07-06 19:17:17] Generated sentinel field info: 0xa5 0x36 0x00 0x00 0xcc 0x01 0x03 0x02 0x02 0x6d 0x00 0x6b 0x00 0x60 0x1c 0xf1 0x40 0x33 0x31 0x1c 0x41 0x00 0x00 0x00 0x00 0x00 0x00 0x00 0x00 0x56 0x65 0x19 0x40 0x3d 0x0a 0x17 0x40 0x5c 0xbb 0x5d 0x41 0x88 0x5f 0x3d 0x41 0x00 0x00 0x00 0x3f 0x00 0x00 0x68 0x41 0x58 0x0b 0xe7 0x40 0x4e 0x58 0xa5 0x40 0xa1 0x73
[2026-07-06 19:17:17] Send self decision info: 0xa5 0x0e 0x00 0x00 0x37 0x01 0x03 0x21 0x01 0x6d 0x00 0x80 0x80 0x00 0x02 0x31 0x32 0x33 0x34 0x35 0x36 0x9d 0x8d
[2026-07-06 19:17:17] Preparing to send all location info: [ 7.50, 9.77 ], [ 0.00, 0.00 ], [ 2.40, 2.36 ], [ 13.79, 11.39 ], [ 0.50, 14.50 ], [ 7.20, 5.16 ], [ 0.00, 0.00 ], [ 21.21, 10.81 ], [ 20.05, 10.07 ], [ 17.25, 4.01 ], [ 27.50, 0.50 ], [ 15.72, 11.35 ]
[2026-07-06 19:17:17] Generated sentinel field info: 0xa5 0x36 0x00 0x00 0xcc 0x01 0x03 0x02 0x02 0x6d 0x00 0x6b 0x00 0x9c 0xf3 0xef 0x40 0xc5 0x65 0x1c 0x41 0x00 0x00 0x00 0x00 0x00 0x00 0x00 0x00 0x56 0x65 0x19 0x40 0x3d 0x0a 0x17 0x40 0x9f 0x90 0x5c 0x41 0x86 0x34 0x36 0x41 0x00 0x00 0x00 0x3f 0x00 0x00 0x68 0x41 0xe0 0x4a 0xe6 0x40 0xa1 0x34 0xa5 0x40 0xa0 0xb2
[2026-07-06 19:17:17] Send self decision info: 0xa5 0x0e 0x00 0x00 0x37 0x01 0x03 0x21 0x01 0x6d 0x00 0x80 0x80 0x00 0x02 0x31 0x32 0x33 0x34 0x35 0x36 0x9d 0x8d
[2026-07-06 19:17:17] Send self decision info: 0xa5 0x0e 0x00 0x00 0x37 0x01 0x03 0x21 0x01 0x6d 0x00 0x80 0x80 0x00 0x02 0x31 0x32 0x33 0x34 0x35 0x36 0x9d 0x8d
[2026-07-06 19:17:17] Preparing to send all location info: [ 7.45, 9.76 ], [ 0.00, 0.00 ], [ 2.40, 2.36 ], [ 13.95, 10.17 ], [ 0.50, 14.50 ], [ 7.21, 5.19 ], [ 0.00, 0.00 ], [ 21.21, 10.81 ], [ 20.05, 10.07 ], [ 15.77, 5.50 ], [ 27.50, 0.50 ], [ 15.72, 11.35 ]
[2026-07-06 19:17:17] Generated sentinel field info: 0xa5 0x36 0x00 0x00 0xcc 0x01 0x03 0x02 0x02 0x6d 0x00 0x6b 0x00 0xc8 0x71 0xee 0x40 0x63 0x2e 0x1c 0x41 0x00 0x00 0x00 0x00 0x00 0x00 0x00 0x00 0x56 0x65 0x19 0x40 0x3d 0x0a 0x17 0x40 0x2a 0x33 0x5f 0x41 0x20 0xb3 0x22 0x41 0x00 0x00 0x00 0x3f 0x00 0x00 0x68 0x41 0xec 0x97 0xe6 0x40 0xa3 0x26 0xa6 0x40 0x04 0x8a
[2026-07-06 19:17:18] Send self decision info: 0xa5 0x0e 0x00 0x00 0x37 0x01 0x03 0x21 0x01 0x6d 0x00 0x80 0x80 0x00 0x02 0x31 0x32 0x33 0x34 0x35 0x36 0x9d 0x8d
[2026-07-06 19:17:18] Generated sentinel field info: 0xa5 0x36 0x00 0x00 0xcc 0x01 0x03 0x02 0x02 0x6d 0x00 0x6b 0x00 0x8c 0x36 0xf0 0x40 0xb7 0x31 0x1c 0x41 0x00 0x00 0x00 0x00 0x00 0x00 0x00 0x00 0x56 0x65 0x19 0x40 0x3d 0x0a 0x17 0x40 0xdc 0xf7 0x5d 0x41 0x41 0x17 0x19 0x41 0x00 0x00 0x00 0x3f 0x00 0x00 0x68 0x41 0x94 0x1d 0xe5 0x40 0x7a 0xd4 0xa5 0x40 0xff 0x20
[2026-07-06 19:17:18] Send self decision info: 0xa5 0x0e 0x00 0x00 0x37 0x01 0x03 0x21 0x01 0x6d 0x00 0x80 0x80 0x00 0x02 0x31 0x32 0x33 0x34 0x35 0x36 0x9d 0x8d
[2026-07-06 19:17:18] Preparing to send all location info: [ 7.46, 9.75 ], [ 0.00, 0.00 ], [ 2.40, 2.36 ], [ 13.78, 9.33 ], [ 0.50, 14.50 ], [ 7.26, 5.18 ], [ 0.00, 0.00 ], [ 21.21, 10.81 ], [ 20.05, 10.07 ], [ 15.44, 6.08 ], [ 27.50, 0.50 ], [ 15.72, 11.35 ]
[2026-07-06 19:17:18] Generated sentinel field info: 0xa5 0x36 0x00 0x00 0xcc 0x01 0x03 0x02 0x02 0x6d 0x00 0x6b 0x00 0xb4 0xc0 0xee 0x40 0xdd 0xf0 0x1b 0x41 0x00 0x00 0x00 0x00 0x00 0x00 0x00 0x00 0x56 0x65 0x19 0x40 0x3d 0x0a 0x17 0x40 0x74 0x8d 0x5c 0x41 0x65 0x40 0x15 0x41 0x00 0x00 0x00 0x3f 0x00 0x00 0x68 0x41 0xec 0x71 0xe8 0x40 0x5d 0xd0 0xa5 0x40 0xfc 0xe7
[2026-07-06 19:17:18] Send self decision info: 0xa5 0x0e 0x00 0x00 0x37 0x01 0x03 0x21 0x01 0x6d 0x00 0x80 0x80 0x00 0x02 0x31 0x32 0x33 0x34 0x35 0x36 0x9d 0x8d
[2026-07-06 19:17:18] Send self decision info: 0xa5 0x0e 0x00 0x00 0x37 0x01 0x03 0x21 0x01 0x6d 0x00 0x80 0x80 0x00 0x02 0x31 0x32 0x33 0x34 0x35 0x36 0x9d 0x8d
[2026-07-06 19:17:18] Preparing to send all location info: [ 7.45, 9.76 ], [ 0.00, 0.00 ], [ 2.40, 2.36 ], [ 12.92, 8.43 ], [ 0.50, 14.50 ], [ 7.26, 5.18 ], [ 0.00, 0.00 ], [ 21.21, 10.81 ], [ 20.05, 10.07 ], [ 15.14, 6.03 ], [ 27.50, 0.50 ], [ 15.72, 11.35 ]
[2026-07-06 19:17:18] Generated sentinel field info: 0xa5 0x36 0x00 0x00 0xcc 0x01 0x03 0x02 0x02 0x6d 0x00 0x6b 0x00 0xd8 0x69 0xee 0x40 0x93 0x34 0x1c 0x41 0x00 0x00 0x00 0x00 0x00 0x00 0x00 0x00 0x56 0x65 0x19 0x40 0x3d 0x0a 0x17 0x40 0xa6 0xc2 0x4e 0x41 0xc0 0xe5 0x06 0x41 0x00 0x00 0x00 0x3f 0x00 0x00 0x68 0x41 0xb0 0x68 0xe8 0x40 0xd6 0xe0 0xa5 0x40 0x5e 0xe8
[2026-07-06 19:17:18] Send self decision info: 0xa5 0x0e 0x00 0x00 0x37 0x01 0x03 0x21 0x01 0x6d 0x00 0x80 0x80 0x00 0x02 0x31 0x32 0x33 0x34 0x35 0x36 0x9d 0x8d
[2026-07-06 19:17:18] Generated sentinel field info: 0xa5 0x36 0x00 0x00 0xcc 0x01 0x03 0x02 0x02 0x6d 0x00 0x6b 0x00 0x5c 0x9e 0xed 0x40 0x88 0x21 0x1c 0x41 0x00 0x00 0x00 0x00 0x00 0x00 0x00 0x00 0x56 0x65 0x19 0x40 0x3d 0x0a 0x17 0x40 0xa8 0xee 0x3f 0x41 0xfc 0x11 0x06 0x41 0x00 0x00 0x00 0x3f 0x00 0x00 0x68 0x41 0x00 0xf9 0xe6 0x40 0x1a 0x79 0xa5 0x40 0x79 0xbd
[2026-07-06 19:17:19] Send self decision info: 0xa5 0x0e 0x00 0x00 0x37 0x01 0x03 0x21 0x01 0x6d 0x00 0x80 0x80 0x00 0x02 0x31 0x32 0x33 0x34 0x35 0x36 0x9d 0x8d
[2026-07-06 19:17:19] Preparing to send all location info: [ 7.39, 9.77 ], [ 0.00, 0.00 ], [ 2.40, 2.36 ], [ 10.73, 8.02 ], [ 0.50, 14.50 ], [ 7.35, 5.03 ], [ 0.00, 0.00 ], [ 21.21, 10.81 ], [ 20.05, 10.07 ], [ 14.46, 6.12 ], [ 27.50, 0.50 ], [ 15.72, 11.35 ]
[2026-07-06 19:17:19] Generated sentinel field info: 0xa5 0x36 0x00 0x00 0xcc 0x01 0x03 0x02 0x02 0x6d 0x00 0x6b 0x00 0xec 0x7b 0xec 0x40 0xbc 0x52 0x1c 0x41 0x00 0x00 0x00 0x00 0x00 0x00 0x00 0x00 0x56 0x65 0x19 0x40 0x3d 0x0a 0x17 0x40 0xc4 0x9e 0x2b 0x41 0x4d 0x4f 0x00 0x41 0x00 0x00 0x00 0x3f 0x00 0x00 0x68 0x41 0x5c 0x37 0xeb 0x40 0x47 0xdf 0xa0 0x40 0xde 0xe0
[2026-07-06 19:17:19] Send self decision info: 0xa5 0x0e 0x00 0x00 0x37 0x01 0x03 0x21 0x01 0x6d 0x00 0x80 0x80 0x00 0x02 0x31 0x32 0x33 0x34 0x35 0x36 0x9d 0x8d
[2026-07-06 19:17:19] Send self decision info: 0xa5 0x0e 0x00 0x00 0x37 0x01 0x03 0x21 0x01 0x6d 0x00 0x80 0x80 0x00 0x02 0x31 0x32 0x33 0x34 0x35 0x36 0x9d 0x8d
[2026-07-06 19:17:19] Preparing to send all location info: [ 6.76, 9.69 ], [ 0.00, 0.00 ], [ 2.40, 2.36 ], [ 5.74, 6.29 ], [ 0.50, 14.50 ], [ 7.36, 5.05 ], [ 0.00, 0.00 ], [ 21.21, 10.81 ], [ 20.05, 10.07 ], [ 15.53, 6.13 ], [ 27.50, 0.50 ], [ 15.72, 11.35 ]
[2026-07-06 19:17:19] Generated sentinel field info: 0xa5 0x36 0x00 0x00 0xcc 0x01 0x03 0x02 0x02 0x6d 0x00 0x6b 0x00 0xd8 0x5d 0xd8 0x40 0x5f 0x0f 0x1b 0x41 0x00 0x00 0x00 0x00 0x00 0x00 0x00 0x00 0x56 0x65 0x19 0x40 0x3d 0x0a 0x17 0x40 0x9c 0x9a 0xb7 0x40 0x9d 0x22 0xc9 0x40 0x00 0x00 0x00 0x3f 0x00 0x00 0x68 0x41 0xa0 0xaa 0xeb 0x40 0x97 0x8f 0xa1 0x40 0xf5 0xd2
[2026-07-06 19:17:19] Send self decision info: 0xa5 0x0e 0x00 0x00 0x37 0x01 0x03 0x21 0x01 0x6d 0x00 0x80 0x80 0x00 0x02 0x31 0x32 0x33 0x34 0x35 0x36 0x9d 0x8d
[2026-07-06 19:17:19] Generated sentinel field info: 0xa5 0x36 0x00 0x00 0xcc 0x01 0x03 0x02 0x02 0x6d 0x00 0x6b 0x00 0xa0 0x58 0xd7 0x40 0xe9 0xc4 0x17 0x41 0x00 0x00 0x00 0x00 0x00 0x00 0x00 0x00 0x56 0x65 0x19 0x40 0x3d 0x0a 0x17 0x40 0xf4 0x97 0x8f 0x40 0x58 0x5e 0xaa 0x40 0x00 0x00 0x00 0x3f 0x00 0x00 0x68 0x41 0x44 0x8e 0xea 0x40 0x48 0x8f 0xa0 0x40 0xae 0xf0
[2026-07-06 19:17:19] Send self decision info: 0xa5 0x0e 0x00 0x00 0x37 0x01 0x03 0x21 0x01 0x6d 0x00 0x80 0x80 0x00 0x02 0x31 0x32 0x33 0x34 0x35 0x36 0x9d 0x8d
[2026-07-06 19:17:19] Preparing to send all location info: [ 6.69, 9.42 ], [ 0.00, 0.00 ], [ 2.40, 2.36 ], [ 3.07, 4.68 ], [ 0.50, 14.50 ], [ 7.38, 5.06 ], [ 0.00, 0.00 ], [ 18.19, 10.84 ], [ 20.05, 10.07 ], [ 15.72, 6.16 ], [ 27.50, 0.50 ], [ 15.72, 11.35 ]
[2026-07-06 19:17:19] Generated sentinel field info: 0xa5 0x36 0x00 0x00 0xcc 0x01 0x03 0x02 0x02 0x6d 0x00 0x6b 0x00 0x60 0x30 0xd6 0x40 0x55 0xa6 0x16 0x41 0x00 0x00 0x00 0x00 0x00 0x00 0x00 0x00 0x56 0x65 0x19 0x40 0x3d 0x0a 0x17 0x40 0xd8 0xad 0x44 0x40 0x04 0xba 0x95 0x40 0x00 0x00 0x00 0x3f 0x00 0x00 0x68 0x41 0x28 0x3d 0xec 0x40 0x86 0x08 0xa2 0x40 0x91 0xbe
[2026-07-06 19:17:20] Send self decision info: 0xa5 0x0e 0x00 0x00 0x37 0x01 0x03 0x21 0x01 0x6d 0x00 0x80 0x80 0x00 0x02 0x31 0x32 0x33 0x34 0x35 0x36 0x9d 0x8d
[2026-07-06 19:17:20] Send self decision info: 0xa5 0x0e 0x00 0x00 0x37 0x01 0x03 0x21 0x01 0x6d 0x00 0x80 0x80 0x00 0x02 0x31 0x32 0x33 0x34 0x35 0x36 0x9d 0x8d
[2026-07-06 19:17:20] Preparing to send all location info: [ 6.74, 9.42 ], [ 0.00, 0.00 ], [ 2.40, 2.36 ], [ 2.93, 4.52 ], [ 0.50, 14.50 ], [ 7.35, 5.03 ], [ 0.00, 0.00 ], [ 21.06, 11.11 ], [ 20.05, 10.07 ], [ 16.27, 6.61 ], [ 27.50, 0.50 ], [ 15.72, 11.35 ]
[2026-07-06 19:17:20] Generated sentinel field info: 0xa5 0x36 0x00 0x00 0xcc 0x01 0x03 0x02 0x02 0x6d 0x00 0x6b 0x00 0xb4 0xb1 0xd7 0x40 0x7e 0xcc 0x16 0x41 0x00 0x00 0x00 0x00 0x00 0x00 0x00 0x00 0x56 0x65 0x19 0x40 0x3d 0x0a 0x17 0x40 0x68 0xb1 0x3b 0x40 0x4f 0x98 0x90 0x40 0x00 0x00 0x00 0x3f 0x00 0x00 0x68 0x41 0x14 0x30 0xeb 0x40 0x44 0xec 0xa0 0x40 0x3b 0xf0
[2026-07-06 19:17:20] Send self decision info: 0xa5 0x0e 0x00 0x00 0x37 0x01 0x03 0x21 0x01 0x6d 0x00 0x80 0x80 0x00 0x02 0x31 0x32 0x33 0x34 0x35 0x36 0x9d 0x8d
[2026-07-06 19:17:20] Send self decision info: 0xa5 0x0e 0x00 0x00 0x37 0x01 0x03 0x21 0x01 0x6d 0x00 0x80 0x80 0x00 0x02 0x31 0x32 0x33 0x34 0x35 0x36 0x9d 0x8d
[2026-07-06 19:17:20] Preparing to send all location info: [ 6.72, 9.42 ], [ 0.00, 0.00 ], [ 2.40, 2.36 ], [ 2.93, 4.52 ], [ 0.50, 14.50 ], [ 7.35, 5.03 ], [ 0.00, 0.00 ], [ 21.02, 11.37 ], [ 20.05, 10.07 ], [ 16.90, 6.88 ], [ 27.50, 0.50 ], [ 15.72, 11.35 ]
[2026-07-06 19:17:20] Generated sentinel field info: 0xa5 0x36 0x00 0x00 0xcc 0x01 0x03 0x02 0x02 0x6d 0x00 0x6b 0x00 0x2c 0xfc 0xd6 0x40 0x37 0xb0 0x16 0x41 0x00 0x00 0x00 0x00 0x00 0x00 0x00 0x00 0x56 0x65 0x19 0x40 0x3d 0x0a 0x17 0x40 0x68 0xb1 0x3b 0x40 0x4f 0x98 0x90 0x40 0x00 0x00 0x00 0x3f 0x00 0x00 0x68 0x41 0xd8 0x24 0xeb 0x40 0x48 0x00 0xa1 0x40 0x5e 0x8b
[2026-07-06 19:17:20] Send self decision info: 0xa5 0x0e 0x00 0x00 0x37 0x01 0x03 0x21 0x01 0x6d 0x00 0x80 0x80 0x00 0x02 0x31 0x32 0x33 0x34 0x35 0x36 0x9d 0x8d
[2026-07-06 19:17:21] Send self decision info: 0xa5 0x0e 0x00 0x00 0x37 0x01 0x03 0x21 0x01 0x6d 0x00 0x80 0x80 0x00 0x02 0x31 0x32 0x33 0x34 0x35 0x36 0x9d 0x8d
[2026-07-06 19:17:21] Preparing to send all location info: [ 6.78, 9.44 ], [ 0.00, 0.00 ], [ 2.40, 2.36 ], [ 2.40, 2.36 ], [ 0.50, 14.50 ], [ 7.31, 5.01 ], [ 0.00, 0.00 ], [ 21.02, 11.37 ], [ 20.05, 10.07 ], [ 18.42, 12.57 ], [ 27.50, 0.50 ], [ 15.72, 11.35 ]
[2026-07-06 19:17:21] Generated sentinel field info: 0xa5 0x36 0x00 0x00 0xcc 0x01 0x03 0x02 0x02 0x6d 0x00 0x6b 0x00 0x2c 0x03 0xd9 0x40 0x8d 0x1a 0x17 0x41 0x00 0x00 0x00 0x00 0x00 0x00 0x00 0x00 0x56 0x65 0x19 0x40 0x3d 0x0a 0x17 0x40 0x56 0x65 0x19 0x40 0x3d 0x0a 0x17 0x40 0x00 0x00 0x00 0x3f 0x00 0x00 0x68 0x41 0xf4 0xe2 0xe9 0x40 0xb4 0x43 0xa0 0x40 0xba 0x06
[2026-07-06 19:17:21] Send self decision info: 0xa5 0x0e 0x00 0x00 0x37 0x01 0x03 0x21 0x01 0x6d 0x00 0x80 0x80 0x00 0x02 0x31 0x32 0x33 0x34 0x35 0x36 0x9d 0x8d
[2026-07-06 19:17:21] Send self decision info: 0xa5 0x0e 0x00 0x00 0x37 0x01 0x03 0x21 0x01 0x6d 0x00 0x80 0x80 0x00 0x02 0x31 0x32 0x33 0x34 0x35 0x36 0x9d 0x8d
[2026-07-06 19:17:21] Preparing to send all location info: [ 6.76, 9.44 ], [ 0.00, 0.00 ], [ 2.40, 2.36 ], [ 2.40, 2.36 ], [ 0.50, 14.50 ], [ 7.35, 5.03 ], [ 0.00, 0.00 ], [ 21.02, 11.37 ], [ 20.05, 10.07 ], [ 16.79, 12.71 ], [ 27.50, 0.50 ], [ 15.72, 11.35 ]
[2026-07-06 19:17:21] Generated sentinel field info: 0xa5 0x36 0x00 0x00 0xcc 0x01 0x03 0x02 0x02 0x6d 0x00 0x6b 0x00 0x1c 0x4e 0xd8 0x40 0x6e 0xfd 0x16 0x41 0x00 0x00 0x00 0x00 0x00 0x00 0x00 0x00 0x56 0x65 0x19 0x40 0x3d 0x0a 0x17 0x40 0x56 0x65 0x19 0x40 0x3d 0x0a 0x17 0x40 0x00 0x00 0x00 0x3f 0x00 0x00 0x68 0x41 0x40 0x33 0xeb 0x40 0x96 0xe6 0xa0 0x40 0x5b 0xa5
[2026-07-06 19:17:21] Send self decision info: 0xa5 0x0e 0x00 0x00 0x37 0x01 0x03 0x21 0x01 0x6d 0x00 0x80 0x80 0x00 0x02 0x31 0x32 0x33 0x34 0x35 0x36 0x9d 0x8d
[2026-07-06 19:17:21] Send self decision info: 0xa5 0x0e 0x00 0x00 0x37 0x01 0x03 0x21 0x01 0x6d 0x00 0x80 0x80 0x00 0x02 0x31 0x32 0x33 0x34 0x35 0x36 0x9d 0x8d
[2026-07-06 19:17:21] Preparing to send all location info: [ 6.76, 9.44 ], [ 0.00, 0.00 ], [ 2.40, 2.36 ], [ 2.40, 2.36 ], [ 0.50, 14.50 ], [ 7.36, 5.05 ], [ 0.00, 0.00 ], [ 21.02, 11.37 ], [ 20.05, 10.07 ], [ 15.32, 12.13 ], [ 27.50, 0.50 ], [ 15.67, 11.41 ]
[2026-07-06 19:17:21] Generated sentinel field info: 0xa5 0x36 0x00 0x00 0xcc 0x01 0x03 0x02 0x02 0x6d 0x00 0x6b 0x00 0x24 0x47 0xd8 0x40 0x16 0x03 0x17 0x41 0x00 0x00 0x00 0x00 0x00 0x00 0x00 0x00 0x56 0x65 0x19 0x40 0x3d 0x0a 0x17 0x40 0x56 0x65 0x19 0x40 0x3d 0x0a 0x17 0x40 0x00 0x00 0x00 0x3f 0x00 0x00 0x68 0x41 0xa8 0x8f 0xeb 0x40 0x9f 0xbf 0xa1 0x40 0x32 0xab
[2026-07-06 19:17:22] Send self decision info: 0xa5 0x0e 0x00 0x00 0x37 0x01 0x03 0x21 0x01 0x6d 0x00 0x80 0x80 0x00 0x02 0x31 0x32 0x33 0x34 0x35 0x36 0x9d 0x8d
[2026-07-06 19:17:22] Send self decision info: 0xa5 0x0e 0x00 0x00 0x37 0x01 0x03 0x21 0x01 0x6d 0x00 0x80 0x80 0x00 0x02 0x31 0x32 0x33 0x34 0x35 0x36 0x9d 0x8d
[2026-07-06 19:17:22] Preparing to send all location info: [ 6.76, 9.44 ], [ 0.00, 0.00 ], [ 2.40, 2.36 ], [ 2.40, 2.36 ], [ 0.50, 14.50 ], [ 7.29, 5.04 ], [ 0.00, 0.00 ], [ 21.02, 11.37 ], [ 20.05, 10.07 ], [ 13.38, 12.09 ], [ 27.50, 0.50 ], [ 15.80, 11.77 ]
[2026-07-06 19:17:22] Generated sentinel field info: 0xa5 0x36 0x00 0x00 0xcc 0x01 0x03 0x02 0x02 0x6d 0x00 0x6b 0x00 0xb4 0x4d 0xd8 0x40 0xc3 0xfd 0x16 0x41 0x00 0x00 0x00 0x00 0x00 0x00 0x00 0x00 0x56 0x65 0x19 0x40 0x3d 0x0a 0x17 0x40 0x56 0x65 0x19 0x40 0x3d 0x0a 0x17 0x40 0x00 0x00 0x00 0x3f 0x00 0x00 0x68 0x41 0x60 0x53 0xe9 0x40 0x57 0x44 0xa1 0x40 0x07 0x26
[2026-07-06 19:17:22] Send self decision info: 0xa5 0x0e 0x00 0x00 0x37 0x01 0x03 0x21 0x01 0x6d 0x00 0x80 0x80 0x00 0x02 0x31 0x32 0x33 0x34 0x35 0x36 0x9d 0x8d
[2026-07-06 19:17:22] Send self decision info: 0xa5 0x0e 0x00 0x00 0x37 0x01 0x03 0x21 0x01 0x6d 0x00 0x80 0x80 0x00 0x02 0x31 0x32 0x33 0x34 0x35 0x36 0x9d 0x8d
[2026-07-06 19:17:22] Preparing to send all location info: [ 6.76, 9.44 ], [ 0.00, 0.00 ], [ 2.40, 2.36 ], [ 2.40, 2.36 ], [ 0.50, 14.50 ], [ 7.39, 5.06 ], [ 0.00, 0.00 ], [ 21.02, 11.37 ], [ 12.41, 11.77 ], [ 12.52, 11.82 ], [ 27.50, 0.50 ], [ 15.63, 11.96 ]
[2026-07-06 19:17:22] Generated sentinel field info: 0xa5 0x36 0x00 0x00 0xcc 0x01 0x03 0x02 0x02 0x6d 0x00 0x6b 0x00 0x38 0x33 0xd8 0x40 0x47 0x13 0x17 0x41 0x00 0x00 0x00 0x00 0x00 0x00 0x00 0x00 0x56 0x65 0x19 0x40 0x3d 0x0a 0x17 0x40 0x56 0x65 0x19 0x40 0x3d 0x0a 0x17 0x40 0x00 0x00 0x00 0x3f 0x00 0x00 0x68 0x41 0x7c 0x61 0xec 0x40 0xdf 0xc7 0xa1 0x40 0xf8 0x03
[2026-07-06 19:17:22] Send self decision info: 0xa5 0x0e 0x00 0x00 0x37 0x01 0x03 0x21 0x01 0x6d 0x00 0x80 0x80 0x00 0x02 0x31 0x32 0x33 0x34 0x35 0x36 0x9d 0x8d
[2026-07-06 19:17:22] Generated sentinel field info: 0xa5 0x36 0x00 0x00 0xcc 0x01 0x03 0x02 0x02 0x6d 0x00 0x6b 0x00 0x38 0x33 0xd8 0x40 0x47 0x13 0x17 0x41 0x00 0x00 0x00 0x00 0x00 0x00 0x00 0x00 0x56 0x65 0x19 0x40 0x3d 0x0a 0x17 0x40 0x56 0x65 0x19 0x40 0x3d 0x0a 0x17 0x40 0x00 0x00 0x00 0x3f 0x00 0x00 0x68 0x41 0x54 0x38 0xeb 0x40 0x2d 0x5b 0xa2 0x40 0x7c 0xff
[2026-07-06 19:17:23] Send self decision info: 0xa5 0x0e 0x00 0x00 0x37 0x01 0x03 0x21 0x01 0x6d 0x00 0x80 0x80 0x00 0x02 0x31 0x32 0x33 0x34 0x35 0x36 0x9d 0x8d
[2026-07-06 19:17:23] Preparing to send all location info: [ 6.76, 9.44 ], [ 0.00, 0.00 ], [ 2.40, 2.36 ], [ 2.40, 2.36 ], [ 0.50, 14.50 ], [ 7.36, 5.05 ], [ 0.00, 0.00 ], [ 15.75, 12.22 ], [ 11.50, 11.34 ], [ 16.66, 6.56 ], [ 27.50, 0.50 ], [ 15.63, 11.96 ]
[2026-07-06 19:17:23] Generated sentinel field info: 0xa5 0x36 0x00 0x00 0xcc 0x01 0x03 0x02 0x02 0x6d 0x00 0x6b 0x00 0x38 0x33 0xd8 0x40 0x47 0x13 0x17 0x41 0x00 0x00 0x00 0x00 0x00 0x00 0x00 0x00 0x56 0x65 0x19 0x40 0x3d 0x0a 0x17 0x40 0x56 0x65 0x19 0x40 0x3d 0x0a 0x17 0x40 0x00 0x00 0x00 0x3f 0x00 0x00 0x68 0x41 0x14 0x92 0xeb 0x40 0x52 0xbb 0xa1 0x40 0x31 0x5d
[2026-07-06 19:17:23] Send self decision info: 0xa5 0x0e 0x00 0x00 0x37 0x01 0x03 0x21 0x01 0x6d 0x00 0x80 0x80 0x00 0x02 0x31 0x32 0x33 0x34 0x35 0x36 0x9d 0x8d
[2026-07-06 19:17:23] Send self decision info: 0xa5 0x0e 0x00 0x00 0x37 0x01 0x03 0x21 0x01 0x6d 0x00 0x80 0x80 0x00 0x02 0x31 0x32 0x33 0x34 0x35 0x36 0x9d 0x8d
[2026-07-06 19:17:23] Preparing to send all location info: [ 6.76, 9.44 ], [ 0.00, 0.00 ], [ 2.40, 2.36 ], [ 2.40, 2.36 ], [ 0.50, 14.50 ], [ 7.38, 5.06 ], [ 0.00, 0.00 ], [ 16.03, 12.38 ], [ 11.20, 11.12 ], [ 16.63, 6.82 ], [ 27.50, 0.50 ], [ 15.63, 11.96 ]
[2026-07-06 19:17:23] Generated sentinel field info: 0xa5 0x36 0x00 0x00 0xcc 0x01 0x03 0x02 0x02 0x6d 0x00 0x6b 0x00 0x38 0x33 0xd8 0x40 0x47 0x13 0x17 0x41 0x00 0x00 0x00 0x00 0x00 0x00 0x00 0x00 0x56 0x65 0x19 0x40 0x3d 0x0a 0x17 0x40 0x56 0x65 0x19 0x40 0x3d 0x0a 0x17 0x40 0x00 0x00 0x00 0x3f 0x00 0x00 0x68 0x41 0x28 0x4c 0xec 0x40 0xd5 0xed 0xa1 0x40 0x8c 0xca
[2026-07-06 19:17:23] Send self decision info: 0xa5 0x0e 0x00 0x00 0x37 0x01 0x03 0x21 0x01 0x6d 0x00 0x80 0x80 0x00 0x02 0x31 0x32 0x33 0x34 0x35 0x36 0x9d 0x8d
[2026-07-06 19:17:23] Generated sentinel field info: 0xa5 0x36 0x00 0x00 0xcc 0x01 0x03 0x02 0x02 0x6d 0x00 0x6b 0x00 0x1f 0x85 0x9b 0x40 0x52 0xb8 0x3e 0x41 0x00 0x00 0x00 0x00 0x00 0x00 0x00 0x00 0x56 0x65 0x19 0x40 0x3d 0x0a 0x17 0x40 0x56 0x65 0x19 0x40 0x3d 0x0a 0x17 0x40 0x00 0x00 0x00 0x3f 0x00 0x00 0x68 0x41 0x44 0xb7 0xeb 0x40 0xb4 0xf6 0xa2 0x40 0xc7 0xc6
[2026-07-06 19:17:23] Send self decision info: 0xa5 0x0e 0x00 0x00 0x37 0x01 0x03 0x21 0x01 0x6d 0x00 0x80 0x80 0x00 0x02 0x31 0x32 0x33 0x34 0x35 0x36 0x9d 0x8d
[2026-07-06 19:17:23] Preparing to send all location info: [ 4.86, 11.92 ], [ 0.00, 0.00 ], [ 2.40, 2.36 ], [ 2.40, 2.36 ], [ 0.50, 14.50 ], [ 7.36, 5.06 ], [ 0.00, 0.00 ], [ 16.42, 12.48 ], [ 12.06, 10.64 ], [ 16.63, 6.82 ], [ 27.50, 0.50 ], [ 15.63, 11.96 ]
[2026-07-06 19:17:23] Generated sentinel field info: 0xa5 0x36 0x00 0x00 0xcc 0x01 0x03 0x02 0x02 0x6d 0x00 0x6b 0x00 0x1f 0x85 0x9b 0x40 0x52 0xb8 0x3e 0x41 0x00 0x00 0x00 0x00 0x00 0x00 0x00 0x00 0x56 0x65 0x19 0x40 0x3d 0x0a 0x17 0x40 0x56 0x65 0x19 0x40 0x3d 0x0a 0x17 0x40 0x00 0x00 0x00 0x3f 0x00 0x00 0x68 0x41 0x64 0x7d 0xeb 0x40 0x29 0xe0 0xa1 0x40 0x1f 0xc4
[2026-07-06 19:17:24] Send self decision info: 0xa5 0x0e 0x00 0x00 0x37 0x01 0x03 0x21 0x01 0x6d 0x00 0x80 0x80 0x00 0x02 0x31 0x32 0x33 0x34 0x35 0x36 0x9d 0x8d
[2026-07-06 19:17:24] Send self decision info: 0xa5 0x0e 0x00 0x00 0x37 0x01 0x03 0x21 0x01 0x6d 0x00 0x80 0x80 0x00 0x02 0x31 0x32 0x33 0x34 0x35 0x36 0x9d 0x8d
[2026-07-06 19:17:24] Preparing to send all location info: [ 4.86, 11.92 ], [ 0.00, 0.00 ], [ 2.40, 2.36 ], [ 2.40, 2.36 ], [ 0.50, 14.50 ], [ 7.36, 5.05 ], [ 0.00, 0.00 ], [ 16.74, 12.41 ], [ 14.53, 10.53 ], [ 16.91, 6.70 ], [ 27.50, 0.50 ], [ 15.63, 11.96 ]
[2026-07-06 19:17:24] Generated sentinel field info: 0xa5 0x36 0x00 0x00 0xcc 0x01 0x03 0x02 0x02 0x6d 0x00 0x6b 0x00 0x1f 0x85 0x9b 0x40 0x52 0xb8 0x3e 0x41 0x00 0x00 0x00 0x00 0x00 0x00 0x00 0x00 0x56 0x65 0x19 0x40 0x3d 0x0a 0x17 0x40 0x56 0x65 0x19 0x40 0x3d 0x0a 0x17 0x40 0x00 0x00 0x00 0x3f 0x00 0x00 0x68 0x41 0x74 0xa0 0xeb 0x40 0xb2 0xa1 0xa1 0x40 0x8a 0x37
[2026-07-06 19:17:24] Send self decision info: 0xa5 0x0e 0x00 0x00 0x37 0x01 0x03 0x21 0x01 0x6d 0x00 0x80 0x80 0x00 0x02 0x31 0x32 0x33 0x34 0x35 0x36 0x9d 0x8d
[2026-07-06 19:17:24] Generated sentinel field info: 0xa5 0x36 0x00 0x00 0xcc 0x01 0x03 0x02 0x02 0x6d 0x00 0x6b 0x00 0x1f 0x85 0x9b 0x40 0x52 0xb8 0x3e 0x41 0x00 0x00 0x00 0x00 0x00 0x00 0x00 0x00 0x56 0x65 0x19 0x40 0x3d 0x0a 0x17 0x40 0x56 0x65 0x19 0x40 0x3d 0x0a 0x17 0x40 0x00 0x00 0x00 0x3f 0x00 0x00 0x68 0x41 0x54 0xd5 0xeb 0x40 0x37 0xc1 0xa2 0x40 0x89 0x0c
[2026-07-06 19:17:24] Send self decision info: 0xa5 0x0e 0x00 0x00 0x37 0x01 0x03 0x21 0x01 0x6d 0x00 0x80 0x80 0x00 0x02 0x31 0x32 0x33 0x34 0x35 0x36 0x9d 0x8d
[2026-07-06 19:17:24] Preparing to send all location info: [ 4.86, 11.92 ], [ 0.00, 0.00 ], [ 2.40, 2.36 ], [ 2.40, 2.36 ], [ 0.50, 14.50 ], [ 7.33, 5.06 ], [ 0.00, 0.00 ], [ 17.61, 12.31 ], [ 15.59, 11.39 ], [ 17.20, 6.97 ], [ 27.50, 0.50 ], [ 15.63, 11.96 ]
[2026-07-06 19:17:24] Generated sentinel field info: 0xa5 0x36 0x00 0x00 0xcc 0x01 0x03 0x02 0x02 0x6d 0x00 0x6b 0x00 0x1f 0x85 0x9b 0x40 0x52 0xb8 0x3e 0x41 0x00 0x00 0x00 0x00 0x00 0x00 0x00 0x00 0x56 0x65 0x19 0x40 0x3d 0x0a 0x17 0x40 0x56 0x65 0x19 0x40 0x3d 0x0a 0x17 0x40 0x00 0x00 0x00 0x3f 0x00 0x00 0x68 0x41 0x34 0xa4 0xea 0x40 0xac 0xe5 0xa1 0x40 0xd2 0x31
[2026-07-06 19:17:24] Send self decision info: 0xa5 0x0e 0x00 0x00 0x37 0x01 0x03 0x21 0x01 0x6d 0x00 0x80 0x80 0x00 0x02 0x31 0x32 0x33 0x34 0x35 0x36 0x9d 0x8d
[2026-07-06 19:17:24] Generated sentinel field info: 0xa5 0x36 0x00 0x00 0xcc 0x01 0x03 0x02 0x02 0x6d 0x00 0x6b 0x00 0x1f 0x85 0x9b 0x40 0x52 0xb8 0x3e 0x41 0x00 0x00 0x00 0x00 0x00 0x00 0x00 0x00 0x56 0x65 0x19 0x40 0x3d 0x0a 0x17 0x40 0x56 0x65 0x19 0x40 0x3d 0x0a 0x17 0x40 0x00 0x00 0x00 0x3f 0x00 0x00 0x68 0x41 0x10 0xa8 0xe9 0x40 0x45 0x2a 0xa2 0x40 0xc7 0x0b
[2026-07-06 19:17:25] Send self decision info: 0xa5 0x0e 0x00 0x00 0x37 0x01 0x03 0x21 0x01 0x6d 0x00 0x80 0x80 0x00 0x02 0x31 0x32 0x33 0x34 0x35 0x36 0x9d 0x8d
[2026-07-06 19:17:25] Preparing to send all location info: [ 4.86, 11.92 ], [ 0.00, 0.00 ], [ 2.40, 2.36 ], [ 0.93, 3.73 ], [ 0.50, 14.50 ], [ 7.32, 5.09 ], [ 0.00, 0.00 ], [ 18.08, 12.21 ], [ 15.87, 12.45 ], [ 17.32, 6.98 ], [ 27.50, 0.50 ], [ 15.63, 11.96 ]
[2026-07-06 19:17:25] Generated sentinel field info: 0xa5 0x36 0x00 0x00 0xcc 0x01 0x03 0x02 0x02 0x6d 0x00 0x6b 0x00 0x1f 0x85 0x9b 0x40 0x52 0xb8 0x3e 0x41 0x00 0x00 0x00 0x00 0x00 0x00 0x00 0x00 0x56 0x65 0x19 0x40 0x3d 0x0a 0x17 0x40 0x80 0x24 0x6e 0x3f 0xf2 0x6d 0x6e 0x40 0x00 0x00 0x00 0x3f 0x00 0x00 0x68 0x41 0xfc 0x1a 0xea 0x40 0x5e 0xda 0xa2 0x40 0x72 0xa2
[2026-07-06 19:17:25] Send self decision info: 0xa5 0x0e 0x00 0x00 0x37 0x01 0x03 0x21 0x01 0x6d 0x00 0x80 0x80 0x00 0x02 0x31 0x32 0x33 0x34 0x35 0x36 0x9d 0x8d
[2026-07-06 19:17:25] Generated sentinel field info: 0xa5 0x36 0x00 0x00 0xcc 0x01 0x03 0x02 0x02 0x6d 0x00 0x6b 0x00 0x1f 0x85 0x9b 0x40 0x52 0xb8 0x3e 0x41 0x00 0x00 0x00 0x00 0x00 0x00 0x00 0x00 0x56 0x65 0x19 0x40 0x3d 0x0a 0x17 0x40 0x14 0xd8 0x88 0x40 0x60 0xa8 0x42 0x40 0x00 0x00 0x00 0x3f 0x00 0x00 0x68 0x41 0xa0 0x80 0xe9 0x40 0xb0 0x70 0xa2 0x40 0xb6 0x26
[2026-07-06 19:17:25] Send self decision info: 0xa5 0x0e 0x00 0x00 0x37 0x01 0x03 0x21 0x01 0x6d 0x00 0x80 0x80 0x00 0x02 0x31 0x32 0x33 0x34 0x35 0x36 0x9d 0x8d
[2026-07-06 19:17:25] Preparing to send all location info: [ 4.86, 11.92 ], [ 0.00, 0.00 ], [ 2.40, 2.36 ], [ 7.00, 3.18 ], [ 0.50, 14.50 ], [ 7.31, 5.10 ], [ 0.00, 0.00 ], [ 18.69, 12.14 ], [ 16.67, 12.68 ], [ 17.32, 6.98 ], [ 27.50, 0.50 ], [ 15.63, 11.96 ]
[2026-07-06 19:17:25] Generated sentinel field info: 0xa5 0x36 0x00 0x00 0xcc 0x01 0x03 0x02 0x02 0x6d 0x00 0x6b 0x00 0x1f 0x85 0x9b 0x40 0x52 0xb8 0x3e 0x41 0x00 0x00 0x00 0x00 0x00 0x00 0x00 0x00 0x56 0x65 0x19 0x40 0x3d 0x0a 0x17 0x40 0x40 0xfd 0xdf 0x40 0xbd 0x4a 0x4b 0x40 0x00 0x00 0x00 0x3f 0x00 0x00 0x68 0x41 0xe8 0xff 0xe9 0x40 0xa8 0x0a 0xa3 0x40 0x96 0x24
[2026-07-06 19:17:25] Send self decision info: 0xa5 0x0e 0x00 0x00 0x37 0x01 0x03 0x21 0x01 0x6d 0x00 0x80 0x80 0x00 0x02 0x31 0x32 0x33 0x34 0x35 0x36 0x9d 0x8d
[2026-07-06 19:17:25] Generated sentinel field info: 0xa5 0x36 0x00 0x00 0xcc 0x01 0x03 0x02 0x02 0x6d 0x00 0x6b 0x00 0x1f 0x85 0x9b 0x40 0x52 0xb8 0x3e 0x41 0x00 0x00 0x00 0x00 0x00 0x00 0x00 0x00 0x56 0x65 0x19 0x40 0x3d 0x0a 0x17 0x40 0x3e 0xb7 0x15 0x41 0xc4 0x49 0x73 0x40 0x00 0x00 0x00 0x3f 0x00 0x00 0x68 0x41 0x40 0xb6 0xec 0x40 0xfd 0xae 0xa2 0x40 0x32 0x75
[2026-07-06 19:17:25] Send self decision info: 0xa5 0x0e 0x00 0x00 0x37 0x01 0x03 0x21 0x01 0x6d 0x00 0x80 0x80 0x00 0x02 0x31 0x32 0x33 0x34 0x35 0x36 0x9d 0x8d
[2026-07-06 19:17:25] Preparing to send all location info: [ 4.86, 11.92 ], [ 0.00, 0.00 ], [ 2.40, 2.36 ], [ 10.69, 4.27 ], [ 0.50, 14.50 ], [ 7.33, 5.11 ], [ 0.00, 0.00 ], [ 19.02, 12.10 ], [ 18.18, 12.58 ], [ 15.55, 9.56 ], [ 27.50, 0.50 ], [ 15.63, 11.96 ]
[2026-07-06 19:17:25] Generated sentinel field info: 0xa5 0x36 0x00 0x00 0xcc 0x01 0x03 0x02 0x02 0x6d 0x00 0x6b 0x00 0x1f 0x85 0x9b 0x40 0x52 0xb8 0x3e 0x41 0x00 0x00 0x00 0x00 0x00 0x00 0x00 0x00 0x56 0x65 0x19 0x40 0x3d 0x0a 0x17 0x40 0x4c 0xf6 0x2a 0x41 0x2d 0xa2 0x88 0x40 0x00 0x00 0x00 0x3f 0x00 0x00 0x68 0x41 0x94 0x97 0xea 0x40 0x79 0x79 0xa3 0x40 0x4f 0x1e
[2026-07-06 19:17:26] Send self decision info: 0xa5 0x0e 0x00 0x00 0x37 0x01 0x03 0x21 0x01 0x6d 0x00 0x80 0x80 0x00 0x02 0x31 0x32 0x33 0x34 0x35 0x36 0x9d 0x8d
[2026-07-06 19:17:26] Generated sentinel field info: 0xa5 0x36 0x00 0x00 0xcc 0x01 0x03 0x02 0x02 0x6d 0x00 0x6b 0x00 0x1f 0x85 0x9b 0x40 0x52 0xb8 0x3e 0x41 0x00 0x00 0x00 0x00 0x00 0x00 0x00 0x00 0x56 0x65 0x19 0x40 0x3d 0x0a 0x17 0x40 0x14 0x76 0x2e 0x41 0x22 0x81 0x8a 0x40 0x00 0x00 0x00 0x3f 0x00 0x00 0x68 0x41 0xe8 0x62 0xea 0x40 0x1d 0x5a 0xa2 0x40 0xe9 0xfd
[2026-07-06 19:17:26] Send self decision info: 0xa5 0x0e 0x00 0x00 0x37 0x01 0x03 0x21 0x01 0x6d 0x00 0x80 0x80 0x00 0x02 0x31 0x32 0x33 0x34 0x35 0x36 0x9d 0x8d
[2026-07-06 19:17:26] Preparing to send all location info: [ 4.86, 11.92 ], [ 0.00, 0.00 ], [ 2.40, 2.36 ], [ 9.16, 3.54 ], [ 0.50, 14.50 ], [ 7.35, 5.07 ], [ 0.00, 0.00 ], [ 20.10, 12.27 ], [ 18.95, 12.53 ], [ 16.45, 9.16 ], [ 27.50, 0.50 ], [ 15.63, 11.96 ]
[2026-07-06 19:17:26] Generated sentinel field info: 0xa5 0x36 0x00 0x00 0xcc 0x01 0x03 0x02 0x02 0x6d 0x00 0x6b 0x00 0x1f 0x85 0x9b 0x40 0x52 0xb8 0x3e 0x41 0x00 0x00 0x00 0x00 0x00 0x00 0x00 0x00 0x56 0x65 0x19 0x40 0x3d 0x0a 0x17 0x40 0x7e 0xa3 0x12 0x41 0xef 0x5a 0x62 0x40 0x00 0x00 0x00 0x3f 0x00 0x00 0x68 0x41 0x18 0x4b 0xeb 0x40 0xbf 0x39 0xa2 0x40 0x40 0x7b
[2026-07-06 19:17:26] Send self decision info: 0xa5 0x0e 0x00 0x00 0x37 0x01 0x03 0x21 0x01 0x6d 0x00 0x80 0x80 0x00 0x02 0x31 0x32 0x33 0x34 0x35 0x36 0x9d 0x8d
[2026-07-06 19:17:26] Send self decision info: 0xa5 0x0e 0x00 0x00 0x37 0x01 0x03 0x21 0x01 0x6d 0x00 0x80 0x80 0x00 0x02 0x31 0x32 0x33 0x34 0x35 0x36 0x9d 0x8d
[2026-07-06 19:17:26] Preparing to send all location info: [ 4.86, 11.92 ], [ 0.00, 0.00 ], [ 2.40, 2.36 ], [ 9.50, 2.97 ], [ 0.50, 14.50 ], [ 7.35, 5.07 ], [ 0.00, 0.00 ], [ 20.46, 12.26 ], [ 18.95, 12.53 ], [ 20.42, 12.25 ], [ 27.50, 0.50 ], [ 15.63, 11.96 ]
[2026-07-06 19:17:26] Generated sentinel field info: 0xa5 0x36 0x00 0x00 0xcc 0x01 0x03 0x02 0x02 0x6d 0x00 0x6b 0x00 0x1f 0x85 0x9b 0x40 0x52 0xb8 0x3e 0x41 0x00 0x00 0x00 0x00 0x00 0x00 0x00 0x00 0x56 0x65 0x19 0x40 0x3d 0x0a 0x17 0x40 0xac 0xf5 0x17 0x41 0xc2 0xf8 0x3d 0x40 0x00 0x00 0x00 0x3f 0x00 0x00 0x68 0x41 0xd4 0x54 0xeb 0x40 0x65 0x28 0xa2 0x40 0x63 0xeb
[2026-07-06 19:17:26] Send self decision info: 0xa5 0x0e 0x00 0x00 0x37 0x01 0x03 0x21 0x01 0x6d 0x00 0x80 0x80 0x00 0x02 0x31 0x32 0x33 0x34 0x35 0x36 0x9d 0x8d
[2026-07-06 19:17:27] Send self decision info: 0xa5 0x0e 0x00 0x00 0x37 0x01 0x03 0x21 0x01 0x6d 0x00 0x80 0x80 0x00 0x02 0x31 0x32 0x33 0x34 0x35 0x36 0x9d 0x8d
[2026-07-06 19:17:27] Preparing to send all location info: [ 4.86, 11.92 ], [ 0.00, 0.00 ], [ 2.40, 2.36 ], [ 9.56, 2.91 ], [ 0.50, 14.50 ], [ 7.32, 5.08 ], [ 0.00, 0.00 ], [ 20.46, 12.26 ], [ 18.95, 12.53 ], [ 20.49, 12.13 ], [ 27.50, 0.50 ], [ 15.63, 11.96 ]
[2026-07-06 19:17:27] Generated sentinel field info: 0xa5 0x36 0x00 0x00 0xcc 0x01 0x03 0x02 0x02 0x6d 0x00 0x6b 0x00 0x1f 0x85 0x9b 0x40 0x52 0xb8 0x3e 0x41 0x00 0x00 0x00 0x00 0x00 0x00 0x00 0x00 0x56 0x65 0x19 0x40 0x3d 0x0a 0x17 0x40 0x52 0xf6 0x18 0x41 0x0b 0x52 0x3a 0x40 0x00 0x00 0x00 0x3f 0x00 0x00 0x68 0x41 0x64 0x51 0xea 0x40 0x5a 0x79 0xa2 0x40 0x56 0x6d
[2026-07-06 19:17:27] Send self decision info: 0xa5 0x0e 0x00 0x00 0x37 0x01 0x03 0x21 0x01 0x6d 0x00 0x80 0x80 0x00 0x02 0x31 0x32 0x33 0x34 0x35 0x36 0x9d 0x8d
[2026-07-06 19:17:27] Generated sentinel field info: 0xa5 0x36 0x00 0x00 0xcc 0x01 0x03 0x02 0x02 0x6d 0x00 0x6b 0x00 0x1f 0x85 0x9b 0x40 0x52 0xb8 0x3e 0x41 0x00 0x00 0x00 0x00 0x00 0x00 0x00 0x00 0x56 0x65 0x19 0x40 0x3d 0x0a 0x17 0x40 0xba 0x0a 0x11 0x41 0xe2 0xd8 0x63 0x40 0x00 0x00 0x00 0x3f 0x00 0x00 0x68 0x41 0xa4 0x99 0xec 0x40 0xd3 0xe1 0xa2 0x40 0x36 0x11
[2026-07-06 19:17:27] Send self decision info: 0xa5 0x0e 0x00 0x00 0x37 0x01 0x03 0x21 0x01 0x6d 0x00 0x80 0x80 0x00 0x02 0x31 0x32 0x33 0x34 0x35 0x36 0x9d 0x8d
[2026-07-06 19:17:27] Preparing to send all location info: [ 4.86, 11.92 ], [ 0.00, 0.00 ], [ 2.40, 2.36 ], [ 8.63, 4.27 ], [ 0.50, 14.50 ], [ 7.33, 5.11 ], [ 0.00, 0.00 ], [ 20.46, 12.26 ], [ 18.95, 12.53 ], [ 20.49, 12.13 ], [ 27.50, 0.50 ], [ 15.63, 11.96 ]
[2026-07-06 19:17:27] Generated sentinel field info: 0xa5 0x36 0x00 0x00 0xcc 0x01 0x03 0x02 0x02 0x6d 0x00 0x6b 0x00 0x1f 0x85 0x9b 0x40 0x52 0xb8 0x3e 0x41 0x00 0x00 0x00 0x00 0x00 0x00 0x00 0x00 0x56 0x65 0x19 0x40 0x3d 0x0a 0x17 0x40 0x1c 0x02 0x0a 0x41 0xc4 0x83 0x88 0x40 0x00 0x00 0x00 0x3f 0x00 0x00 0x68 0x41 0x20 0x7a 0xea 0x40 0xf3 0xad 0xa3 0x40 0x04 0x44
[2026-07-06 19:17:27] Send self decision info: 0xa5 0x0e 0x00 0x00 0x37 0x01 0x03 0x21 0x01 0x6d 0x00 0x80 0x80 0x00 0x02 0x31 0x32 0x33 0x34 0x35 0x36 0x9d 0x8d
[2026-07-06 19:17:27] Generated sentinel field info: 0xa5 0x36 0x00 0x00 0xcc 0x01 0x03 0x02 0x02 0x6d 0x00 0x6b 0x00 0x1f 0x85 0x9b 0x40 0x52 0xb8 0x3e 0x41 0x00 0x00 0x00 0x00 0x00 0x00 0x00 0x00 0x56 0x65 0x19 0x40 0x3d 0x0a 0x17 0x40 0x78 0xfe 0xfc 0x40 0x35 0x79 0x96 0x40 0x00 0x00 0x00 0x3f 0x00 0x00 0x68 0x41 0x14 0xc2 0xea 0x40 0xe4 0xaa 0xa4 0x40 0x1d 0x94
[2026-07-06 19:17:27] Send self decision info: 0xa5 0x0e 0x00 0x00 0x37 0x01 0x03 0x21 0x01 0x6d 0x00 0x80 0x80 0x00 0x02 0x31 0x32 0x33 0x34 0x35 0x36 0x9d 0x8d
[2026-07-06 19:17:27] Preparing to send all location info: [ 4.86, 11.92 ], [ 0.00, 0.00 ], [ 2.40, 2.36 ], [ 7.43, 4.88 ], [ 0.50, 14.50 ], [ 6.99, 5.08 ], [ 0.00, 0.00 ], [ 20.46, 12.26 ], [ 18.95, 12.53 ], [ 20.49, 12.13 ], [ 27.50, 0.50 ], [ 15.63, 11.96 ]
[2026-07-06 19:17:28] Send self decision info: 0xa5 0x0e 0x00 0x00 0x37 0x01 0x03 0x21 0x01 0x6d 0x00 0x80 0x80 0x00 0x02 0x31 0x32 0x33 0x34 0x35 0x36 0x9d 0x8d
[2026-07-06 19:17:28] Generated sentinel field info: 0xa5 0x36 0x00 0x00 0xcc 0x01 0x03 0x02 0x02 0x6d 0x00 0x6b 0x00 0x1f 0x85 0x9b 0x40 0x52 0xb8 0x3e 0x41 0x00 0x00 0x00 0x00 0x00 0x00 0x00 0x00 0x56 0x65 0x19 0x40 0x3d 0x0a 0x17 0x40 0x90 0x35 0xff 0x40 0x18 0x9f 0xc5 0x40 0x00 0x00 0x00 0x3f 0x00 0x00 0x68 0x41 0x8c 0x1c 0xe1 0x40 0x4d 0x9f 0xa5 0x40 0x7f 0x9b
[2026-07-06 19:17:28] Send self decision info: 0xa5 0x0e 0x00 0x00 0x37 0x01 0x03 0x21 0x01 0x6d 0x00 0x80 0x80 0x00 0x02 0x31 0x32 0x33 0x34 0x35 0x36 0x9d 0x8d
[2026-07-06 19:17:28] Preparing to send all location info: [ 4.86, 11.92 ], [ 0.00, 0.00 ], [ 2.40, 2.36 ], [ 7.51, 7.27 ], [ 0.50, 14.50 ], [ 7.21, 5.13 ], [ 0.00, 0.00 ], [ 20.46, 12.26 ], [ 18.95, 12.53 ], [ 16.37, 9.20 ], [ 27.50, 0.50 ], [ 15.63, 11.96 ]
[2026-07-06 19:17:28] Generated sentinel field info: 0xa5 0x36 0x00 0x00 0xcc 0x01 0x03 0x02 0x02 0x6d 0x00 0x6b 0x00 0x1f 0x85 0x9b 0x40 0x52 0xb8 0x3e 0x41 0x00 0x00 0x00 0x00 0x00 0x00 0x00 0x00 0x56 0x65 0x19 0x40 0x3d 0x0a 0x17 0x40 0x60 0x5d 0xf0 0x40 0x81 0xbd 0xe8 0x40 0x00 0x00 0x00 0x3f 0x00 0x00 0x68 0x41 0xb0 0xd7 0xe6 0x40 0xa1 0x38 0xa4 0x40 0xb6 0xcb
[2026-07-06 19:17:28] Send self decision info: 0xa5 0x0e 0x00 0x00 0x37 0x01 0x03 0x21 0x01 0x6d 0x00 0x80 0x80 0x00 0x02 0x31 0x32 0x33 0x34 0x35 0x36 0x9d 0x8d
[2026-07-06 19:17:28] Send self decision info: 0xa5 0x0e 0x00 0x00 0x37 0x01 0x03 0x21 0x01 0x6d 0x00 0x80 0x80 0x00 0x02 0x31 0x32 0x33 0x34 0x35 0x36 0x9d 0x8d
[2026-07-06 19:17:28] Preparing to send all location info: [ 4.86, 11.92 ], [ 0.00, 0.00 ], [ 2.40, 2.36 ], [ 7.22, 7.54 ], [ 0.50, 14.50 ], [ 7.36, 5.05 ], [ 0.00, 0.00 ], [ 18.49, 10.70 ], [ 18.95, 12.53 ], [ 16.00, 9.36 ], [ 27.50, 0.50 ], [ 15.63, 11.96 ]
[2026-07-06 19:17:28] Generated sentinel field info: 0xa5 0x36 0x00 0x00 0xcc 0x01 0x03 0x02 0x02 0x6d 0x00 0x6b 0x00 0x1f 0x85 0x9b 0x40 0x52 0xb8 0x3e 0x41 0x00 0x00 0x00 0x00 0x00 0x00 0x00 0x00 0x56 0x65 0x19 0x40 0x3d 0x0a 0x17 0x40 0xb4 0xed 0xe6 0x40 0x46 0x56 0xf1 0x40 0x00 0x00 0x00 0x3f 0x00 0x00 0x68 0x41 0x4c 0xac 0xeb 0x40 0x99 0x8c 0xa1 0x40 0x3e 0xb9
[2026-07-06 19:17:28] Send self decision info: 0xa5 0x0e 0x00 0x00 0x37 0x01 0x03 0x21 0x01 0x6d 0x00 0x80 0x80 0x00 0x02 0x31 0x32 0x33 0x34 0x35 0x36 0x9d 0x8d
[2026-07-06 19:17:29] Send self decision info: 0xa5 0x0e 0x00 0x00 0x37 0x01 0x03 0x21 0x01 0x6d 0x00 0x80 0x80 0x00 0x02 0x31 0x32 0x33 0x34 0x35 0x36 0x9d 0x8d
[2026-07-06 19:17:29] Preparing to send all location info: [ 4.86, 11.92 ], [ 0.00, 0.00 ], [ 2.40, 2.36 ], [ 6.98, 7.54 ], [ 0.50, 14.50 ], [ 7.36, 5.06 ], [ 0.00, 0.00 ], [ 18.99, 10.08 ], [ 18.95, 12.53 ], [ 13.97, 10.20 ], [ 27.50, 0.50 ], [ 15.63, 11.96 ]
[2026-07-06 19:17:29] Generated sentinel field info: 0xa5 0x36 0x00 0x00 0xcc 0x01 0x03 0x02 0x02 0x6d 0x00 0x6b 0x00 0x1f 0x85 0x9b 0x40 0x52 0xb8 0x3e 0x41 0x00 0x00 0x00 0x00 0x00 0x00 0x00 0x00 0x56 0x65 0x19 0x40 0x3d 0x0a 0x17 0x40 0xbc 0x44 0xdf 0x40 0x49 0x6a 0xf1 0x40 0x00 0x00 0x00 0x3f 0x00 0x00 0x68 0x41 0x68 0x6a 0xeb 0x40 0xf7 0x01 0xa2 0x40 0xe3 0x8a
[2026-07-06 19:17:29] Send self decision info: 0xa5 0x0e 0x00 0x00 0x37 0x01 0x03 0x21 0x01 0x6d 0x00 0x80 0x80 0x00 0x02 0x31 0x32 0x33 0x34 0x35 0x36 0x9d 0x8d
[2026-07-06 19:17:29] Generated sentinel field info: 0xa5 0x36 0x00 0x00 0xcc 0x01 0x03 0x02 0x02 0x6d 0x00 0x6b 0x00 0x08 0x48 0xda 0x40 0xb6 0x73 0x17 0x41 0x00 0x00 0x00 0x00 0x00 0x00 0x00 0x00 0x56 0x65 0x19 0x40 0x3d 0x0a 0x17 0x40 0x58 0x85 0xc1 0x40 0x14 0x27 0x02 0x41 0x00 0x00 0x00 0x3f 0x00 0x00 0x68 0x41 0x34 0xed 0xeb 0x40 0xff 0x18 0xa1 0x40 0x4d 0x3f
[2026-07-06 19:17:29] Send self decision info: 0xa5 0x0e 0x00 0x00 0x37 0x01 0x03 0x21 0x01 0x6d 0x00 0x80 0x80 0x00 0x02 0x31 0x32 0x33 0x34 0x35 0x36 0x9d 0x8d
[2026-07-06 19:17:29] Preparing to send all location info: [ 6.72, 9.41 ], [ 0.00, 0.00 ], [ 2.40, 2.36 ], [ 5.34, 9.28 ], [ 0.50, 14.50 ], [ 7.27, 5.03 ], [ 0.00, 0.00 ], [ 19.41, 9.77 ], [ 18.95, 12.53 ], [ 12.38, 11.42 ], [ 27.50, 0.50 ], [ 15.63, 11.96 ]
[2026-07-06 19:17:29] Generated sentinel field info: 0xa5 0x36 0x00 0x00 0xcc 0x01 0x03 0x02 0x02 0x6d 0x00 0x6b 0x00 0x7c 0x10 0xd7 0x40 0xaa 0x9f 0x16 0x41 0x00 0x00 0x00 0x00 0x00 0x00 0x00 0x00 0x56 0x65 0x19 0x40 0x3d 0x0a 0x17 0x40 0x94 0xe9 0xaa 0x40 0x8e 0x8a 0x14 0x41 0x00 0x00 0x00 0x3f 0x00 0x00 0x68 0x41 0x30 0xa6 0xe8 0x40 0xe8 0xfc 0xa0 0x40 0x7b 0x48
[2026-07-06 19:17:29] Send self decision info: 0xa5 0x0e 0x00 0x00 0x37 0x01 0x03 0x21 0x01 0x6d 0x00 0x80 0x80 0x00 0x02 0x31 0x32 0x33 0x34 0x35 0x36 0x9d 0x8d
[2026-07-06 19:17:29] Generated sentinel field info: 0xa5 0x36 0x00 0x00 0xcc 0x01 0x03 0x02 0x02 0x6d 0x00 0x6b 0x00 0x0c 0x46 0xd8 0x40 0xf9 0x03 0x17 0x41 0x00 0x00 0x00 0x00 0x00 0x00 0x00 0x00 0x56 0x65 0x19 0x40 0x3d 0x0a 0x17 0x40 0xe8 0xd2 0xaf 0x40 0x1f 0xf3 0x22 0x41 0x00 0x00 0x00 0x3f 0x00 0x00 0x68 0x41 0xf4 0xc8 0xe8 0x40 0xae 0xbe 0xa0 0x40 0x55 0xc2
[2026-07-06 19:17:30] Send self decision info: 0xa5 0x0e 0x00 0x00 0x37 0x01 0x03 0x21 0x01 0x6d 0x00 0x80 0x80 0x00 0x02 0x31 0x32 0x33 0x34 0x35 0x36 0x9d 0x8d
[2026-07-06 19:17:30] Preparing to send all location info: [ 6.78, 9.44 ], [ 0.00, 0.00 ], [ 2.40, 2.36 ], [ 6.25, 10.23 ], [ 0.50, 14.50 ], [ 7.39, 5.05 ], [ 0.00, 0.00 ], [ 19.41, 9.77 ], [ 18.95, 12.53 ], [ 12.86, 10.99 ], [ 27.50, 0.50 ], [ 15.63, 11.96 ]
[2026-07-06 19:17:30] Generated sentinel field info: 0xa5 0x36 0x00 0x00 0xcc 0x01 0x03 0x02 0x02 0x6d 0x00 0x6b 0x00 0x70 0x10 0xd9 0x40 0xc9 0x0f 0x17 0x41 0x00 0x00 0x00 0x00 0x00 0x00 0x00 0x00 0x56 0x65 0x19 0x40 0x3d 0x0a 0x17 0x40 0xe0 0xdb 0xc7 0x40 0xbe 0xae 0x23 0x41 0x00 0x00 0x00 0x3f 0x00 0x00 0x68 0x41 0xac 0x79 0xec 0x40 0xde 0x9c 0xa1 0x40 0x57 0xcb
[2026-07-06 19:17:30] Send self decision info: 0xa5 0x0e 0x00 0x00 0x37 0x01 0x03 0x21 0x01 0x6d 0x00 0x80 0x80 0x00 0x02 0x31 0x32 0x33 0x34 0x35 0x36 0x9d 0x8d
[2026-07-06 19:17:30] Send self decision info: 0xa5 0x0e 0x00 0x00 0x37 0x01 0x03 0x21 0x01 0x6d 0x00 0x80 0x80 0x00 0x02 0x31 0x32 0x33 0x34 0x35 0x36 0x9d 0x8d
[2026-07-06 19:17:30] Preparing to send all location info: [ 6.44, 9.40 ], [ 0.00, 0.00 ], [ 2.40, 2.36 ], [ 5.46, 10.25 ], [ 0.50, 14.50 ], [ 7.36, 5.05 ], [ 0.00, 0.00 ], [ 19.41, 9.77 ], [ 18.95, 12.53 ], [ 13.34, 10.61 ], [ 27.50, 0.50 ], [ 15.63, 11.96 ]
[2026-07-06 19:17:30] Generated sentinel field info: 0xa5 0x36 0x00 0x00 0xcc 0x01 0x03 0x02 0x02 0x6d 0x00 0x6b 0x00 0x58 0x22 0xce 0x40 0xa6 0x67 0x16 0x41 0x00 0x00 0x00 0x00 0x00 0x00 0x00 0x00 0x56 0x65 0x19 0x40 0x3d 0x0a 0x17 0x40 0x94 0xa4 0xae 0x40 0xb5 0xf2 0x23 0x41 0x00 0x00 0x00 0x3f 0x00 0x00 0x68 0x41 0xc8 0x9e 0xeb 0x40 0xad 0xa4 0xa1 0x40 0xe5 0x50
[2026-07-06 19:17:30] Send self decision info: 0xa5 0x0e 0x00 0x00 0x37 0x01 0x03 0x21 0x01 0x6d 0x00 0x80 0x80 0x00 0x02 0x31 0x32 0x33 0x34 0x35 0x36 0x9d 0x8d
[2026-07-06 19:17:30] Send self decision info: 0xa5 0x0e 0x00 0x00 0x37 0x01 0x03 0x21 0x01 0x6d 0x00 0x80 0x80 0x00 0x02 0x31 0x32 0x33 0x34 0x35 0x36 0x9d 0x8d
[2026-07-06 19:17:30] Preparing to send all location info: [ 2.34, 8.99 ], [ 0.00, 0.00 ], [ 2.40, 2.36 ], [ 5.45, 9.88 ], [ 0.50, 14.50 ], [ 7.39, 5.04 ], [ 0.00, 0.00 ], [ 19.41, 9.77 ], [ 18.95, 12.53 ], [ 11.90, 10.79 ], [ 27.50, 0.50 ], [ 15.63, 11.96 ]
[2026-07-06 19:17:30] Generated sentinel field info: 0xa5 0x36 0x00 0x00 0xcc 0x01 0x03 0x02 0x02 0x6d 0x00 0x6b 0x00 0x00 0xc7 0x15 0x40 0xe4 0xda 0x0f 0x41 0x00 0x00 0x00 0x00 0x00 0x00 0x00 0x00 0x56 0x65 0x19 0x40 0x3d 0x0a 0x17 0x40 0x28 0x8a 0xae 0x40 0x38 0x13 0x1e 0x41 0x00 0x00 0x00 0x3f 0x00 0x00 0x68 0x41 0x10 0x96 0xec 0x40 0x5b 0x6a 0xa1 0x40 0x21 0x61
[2026-07-06 19:17:31] Send self decision info: 0xa5 0x0e 0x00 0x00 0x37 0x01 0x03 0x21 0x01 0x6d 0x00 0x80 0x80 0x00 0x02 0x31 0x32 0x33 0x34 0x35 0x36 0x9d 0x8d
[2026-07-06 19:17:31] Send self decision info: 0xa5 0x0e 0x00 0x00 0x37 0x01 0x03 0x21 0x01 0x6d 0x00 0x80 0x80 0x00 0x02 0x31 0x32 0x33 0x34 0x35 0x36 0x9d 0x8d
[2026-07-06 19:17:31] Preparing to send all location info: [ 0.66, 9.51 ], [ 0.00, 0.00 ], [ 2.40, 2.36 ], [ 7.10, 9.40 ], [ 0.50, 14.50 ], [ 7.37, 5.04 ], [ 0.00, 0.00 ], [ 19.41, 9.77 ], [ 18.95, 12.53 ], [ 12.29, 10.55 ], [ 27.50, 0.50 ], [ 15.63, 11.96 ]
[2026-07-06 19:17:31] Generated sentinel field info: 0xa5 0x36 0x00 0x00 0xcc 0x01 0x03 0x02 0x02 0x6d 0x00 0x6b 0x00 0x40 0xdd 0x29 0x3f 0x2c 0x1e 0x18 0x41 0x00 0x00 0x00 0x00 0x00 0x00 0x00 0x00 0x56 0x65 0x19 0x40 0x3d 0x0a 0x17 0x40 0x2c 0x3c 0xe3 0x40 0x82 0x76 0x16 0x41 0x00 0x00 0x00 0x3f 0x00 0x00 0x68 0x41 0xfc 0xc1 0xeb 0x40 0xfc 0x65 0xa1 0x40 0x71 0x53
[2026-07-06 19:17:31] Send self decision info: 0xa5 0x0e 0x00 0x00 0x37 0x01 0x03 0x21 0x01 0x6d 0x00 0x80 0x80 0x00 0x02 0x31 0x32 0x33 0x34 0x35 0x36 0x9d 0x8d
[2026-07-06 19:17:31] Generated sentinel field info: 0xa5 0x36 0x00 0x00 0xcc 0x01 0x03 0x02 0x02 0x6d 0x00 0x6b 0x00 0x20 0x0d 0x31 0x3f 0x26 0x3c 0x12 0x41 0x00 0x00 0x00 0x00 0x00 0x00 0x00 0x00 0x56 0x65 0x19 0x40 0x3d 0x0a 0x17 0x40 0x08 0x92 0xe0 0x40 0x26 0x0e 0x13 0x41 0x00 0x00 0x00 0x3f 0x00 0x00 0x68 0x41 0x70 0xde 0xeb 0x40 0x02 0xb1 0xa2 0x40 0x99 0x99
[2026-07-06 19:17:31] Send self decision info: 0xa5 0x0e 0x00 0x00 0x37 0x01 0x03 0x21 0x01 0x6d 0x00 0x80 0x80 0x00 0x02 0x31 0x32 0x33 0x34 0x35 0x36 0x9d 0x8d
[2026-07-06 19:17:31] Preparing to send all location info: [ 0.74, 9.07 ], [ 0.00, 0.00 ], [ 2.40, 2.36 ], [ 6.76, 9.48 ], [ 0.50, 14.50 ], [ 7.36, 5.05 ], [ 0.00, 0.00 ], [ 19.41, 9.77 ], [ 18.95, 12.53 ], [ 14.36, 10.03 ], [ 27.50, 0.50 ], [ 15.63, 11.96 ]
[2026-07-06 19:17:31] Generated sentinel field info: 0xa5 0x36 0x00 0x00 0xcc 0x01 0x03 0x02 0x02 0x6d 0x00 0x6b 0x00 0xa0 0x94 0x3c 0x3f 0x38 0x31 0x11 0x41 0x00 0x00 0x00 0x00 0x00 0x00 0x00 0x00 0x56 0x65 0x19 0x40 0x3d 0x0a 0x17 0x40 0x98 0x5f 0xd8 0x40 0x50 0x9f 0x17 0x41 0x00 0x00 0x00 0x3f 0x00 0x00 0x68 0x41 0x88 0x8e 0xeb 0x40 0x9d 0xc1 0xa1 0x40 0xb5 0xda
[2026-07-06 19:17:31] Send self decision info: 0xa5 0x0e 0x00 0x00 0x37 0x01 0x03 0x21 0x01 0x6d 0x00 0x80 0x80 0x00 0x02 0x31 0x32 0x33 0x34 0x35 0x36 0x9d 0x8d
[2026-07-06 19:17:32] Send self decision info: 0xa5 0x0e 0x00 0x00 0x37 0x01 0x03 0x21 0x01 0x6d 0x00 0x80 0x80 0x00 0x02 0x31 0x32 0x33 0x34 0x35 0x36 0x9d 0x8d
[2026-07-06 19:17:32] Preparing to send all location info: [ 0.74, 9.07 ], [ 0.00, 0.00 ], [ 2.40, 2.36 ], [ 6.30, 9.76 ], [ 0.50, 14.50 ], [ 7.32, 5.08 ], [ 0.00, 0.00 ], [ 19.41, 9.77 ], [ 18.95, 12.53 ], [ 16.33, 9.29 ], [ 27.50, 0.50 ], [ 15.63, 11.96 ]
[2026-07-06 19:17:32] Generated sentinel field info: 0xa5 0x36 0x00 0x00 0xcc 0x01 0x03 0x02 0x02 0x6d 0x00 0x6b 0x00 0xa0 0x94 0x3c 0x3f 0x38 0x31 0x11 0x41 0x00 0x00 0x00 0x00 0x00 0x00 0x00 0x00 0x56 0x65 0x19 0x40 0x3d 0x0a 0x17 0x40 0xc0 0x8f 0xc9 0x40 0x6a 0x37 0x1c 0x41 0x00 0x00 0x00 0x3f 0x00 0x00 0x68 0x41 0x78 0x5a 0xea 0x40 0x2c 0x69 0xa2 0x40 0xff 0x30
[2026-07-06 19:17:32] Send self decision info: 0xa5 0x0e 0x00 0x00 0x37 0x01 0x03 0x21 0x01 0x6d 0x00 0x80 0x80 0x00 0x02 0x31 0x32 0x33 0x34 0x35 0x36 0x9d 0x8d
[2026-07-06 19:17:32] Send self decision info: 0xa5 0x0e 0x00 0x00 0x37 0x01 0x03 0x21 0x01 0x6d 0x00 0x80 0x80 0x00 0x02 0x31 0x32 0x33 0x34 0x35 0x36 0x9d 0x8d
[2026-07-06 19:17:32] Preparing to send all location info: [ 0.74, 9.07 ], [ 0.00, 0.00 ], [ 2.40, 2.36 ], [ 6.74, 8.65 ], [ 0.50, 14.50 ], [ 7.29, 5.08 ], [ 0.00, 0.00 ], [ 19.41, 9.77 ], [ 18.95, 12.53 ], [ 17.04, 9.14 ], [ 27.50, 0.50 ], [ 15.63, 11.96 ]
[2026-07-06 19:17:32] Generated sentinel field info: 0xa5 0x36 0x00 0x00 0xcc 0x01 0x03 0x02 0x02 0x6d 0x00 0x6b 0x00 0xa0 0x94 0x3c 0x3f 0x38 0x31 0x11 0x41 0x00 0x00 0x00 0x00 0x00 0x00 0x00 0x00 0x56 0x65 0x19 0x40 0x3d 0x0a 0x17 0x40 0x4c 0xa9 0xd7 0x40 0xfc 0x5d 0x0a 0x41 0x00 0x00 0x00 0x3f 0x00 0x00 0x68 0x41 0xd8 0x68 0xe9 0x40 0x27 0x9b 0xa2 0x40 0x19 0x01
[2026-07-06 19:17:32] Send self decision info: 0xa5 0x0e 0x00 0x00 0x37 0x01 0x03 0x21 0x01 0x6d 0x00 0x80 0x80 0x00 0x02 0x31 0x32 0x33 0x34 0x35 0x36 0x9d 0x8d
[2026-07-06 19:17:32] Send self decision info: 0xa5 0x0e 0x00 0x00 0x37 0x01 0x03 0x21 0x01 0x6d 0x00 0x80 0x80 0x00 0x02 0x31 0x32 0x33 0x34 0x35 0x36 0x9d 0x8d
[2026-07-06 19:17:32] Preparing to send all location info: [ 4.86, 11.92 ], [ 0.00, 0.00 ], [ 2.40, 2.36 ], [ 7.24, 7.82 ], [ 0.50, 14.50 ], [ 7.32, 5.08 ], [ 0.00, 0.00 ], [ 19.41, 9.77 ], [ 18.95, 12.53 ], [ 17.04, 9.14 ], [ 27.50, 0.50 ], [ 15.63, 11.96 ]
[2026-07-06 19:17:32] Generated sentinel field info: 0xa5 0x36 0x00 0x00 0xcc 0x01 0x03 0x02 0x02 0x6d 0x00 0x6b 0x00 0x1f 0x85 0x9b 0x40 0x52 0xb8 0x3e 0x41 0x00 0x00 0x00 0x00 0x00 0x00 0x00 0x00 0x56 0x65 0x19 0x40 0x3d 0x0a 0x17 0x40 0xdc 0x97 0xe7 0x40 0x84 0x39 0xfa 0x40 0x00 0x00 0x00 0x3f 0x00 0x00 0x68 0x41 0xac 0x35 0xea 0x40 0xca 0xaa 0xa2 0x40 0xea 0x23
[2026-07-06 19:17:33] Send self decision info: 0xa5 0x0e 0x00 0x00 0x37 0x01 0x03 0x21 0x01 0x6d 0x00 0x80 0x80 0x00 0x02 0x31 0x32 0x33 0x34 0x35 0x36 0x9d 0x8d
[2026-07-06 19:17:33] Generated sentinel field info: 0xa5 0x36 0x00 0x00 0xcc 0x01 0x03 0x02 0x02 0x6d 0x00 0x6b 0x00 0x1f 0x85 0x9b 0x40 0x52 0xb8 0x3e 0x41 0x00 0x00 0x00 0x00 0x00 0x00 0x00 0x00 0x56 0x65 0x19 0x40 0x3d 0x0a 0x17 0x40 0x38 0x0e 0xe4 0x40 0xb3 0xc3 0x00 0x41 0x00 0x00 0x00 0x3f 0x00 0x00 0x68 0x41 0x34 0x3e 0xec 0x40 0xa7 0x06 0xa2 0x40 0x15 0x5c
[2026-07-06 19:17:33] Send self decision info: 0xa5 0x0e 0x00 0x00 0x37 0x01 0x03 0x21 0x01 0x6d 0x00 0x80 0x80 0x00 0x02 0x31 0x32 0x33 0x34 0x35 0x36 0x9d 0x8d
[2026-07-06 19:17:33] Preparing to send all location info: [ 4.86, 11.92 ], [ 0.00, 0.00 ], [ 2.40, 2.36 ], [ 7.20, 8.54 ], [ 0.50, 14.50 ], [ 7.34, 5.09 ], [ 0.00, 0.00 ], [ 19.41, 9.77 ], [ 18.95, 12.53 ], [ 17.04, 9.14 ], [ 27.50, 0.50 ], [ 15.63, 11.96 ]
[2026-07-06 19:17:33] Generated sentinel field info: 0xa5 0x36 0x00 0x00 0xcc 0x01 0x03 0x02 0x02 0x6d 0x00 0x6b 0x00 0x1f 0x85 0x9b 0x40 0x52 0xb8 0x3e 0x41 0x00 0x00 0x00 0x00 0x00 0x00 0x00 0x00 0x56 0x65 0x19 0x40 0x3d 0x0a 0x17 0x40 0xa8 0x6c 0xe6 0x40 0x11 0xb4 0x08 0x41 0x00 0x00 0x00 0x3f 0x00 0x00 0x68 0x41 0x20 0xe6 0xea 0x40 0x90 0xed 0xa2 0x40 0xd7 0xf6
[2026-07-06 19:17:33] Send self decision info: 0xa5 0x0e 0x00 0x00 0x37 0x01 0x03 0x21 0x01 0x6d 0x00 0x80 0x80 0x00 0x02 0x31 0x32 0x33 0x34 0x35 0x36 0x9d 0x8d
[2026-07-06 19:17:33] Send self decision info: 0xa5 0x0e 0x00 0x00 0x37 0x01 0x03 0x21 0x01 0x6d 0x00 0x80 0x80 0x00 0x02 0x31 0x32 0x33 0x34 0x35 0x36 0x9d 0x8d
[2026-07-06 19:17:33] Preparing to send all location info: [ 4.86, 11.92 ], [ 0.00, 0.00 ], [ 2.40, 2.36 ], [ 6.98, 9.86 ], [ 0.50, 14.50 ], [ 7.36, 5.10 ], [ 0.00, 0.00 ], [ 19.00, 10.23 ], [ 18.95, 12.53 ], [ 18.68, 7.82 ], [ 27.50, 0.50 ], [ 15.63, 11.96 ]
[2026-07-06 19:17:33] Generated sentinel field info: 0xa5 0x36 0x00 0x00 0xcc 0x01 0x03 0x02 0x02 0x6d 0x00 0x6b 0x00 0x1f 0x85 0x9b 0x40 0x52 0xb8 0x3e 0x41 0x00 0x00 0x00 0x00 0x00 0x00 0x00 0x00 0x56 0x65 0x19 0x40 0x3d 0x0a 0x17 0x40 0x1c 0x42 0xdf 0x40 0x2b 0xc6 0x1d 0x41 0x00 0x00 0x00 0x3f 0x00 0x00 0x68 0x41 0x48 0x81 0xeb 0x40 0xbb 0x56 0xa3 0x40 0x65 0x98
[2026-07-06 19:17:33] Send self decision info: 0xa5 0x0e 0x00 0x00 0x37 0x01 0x03 0x21 0x01 0x6d 0x00 0x80 0x80 0x00 0x02 0x31 0x32 0x33 0x34 0x35 0x36 0x9d 0x8d
[2026-07-06 19:17:34] Send self decision info: 0xa5 0x0e 0x00 0x00 0x37 0x01 0x03 0x21 0x01 0x6d 0x00 0x80 0x80 0x00 0x02 0x31 0x32 0x33 0x34 0x35 0x36 0x9d 0x8d
[2026-07-06 19:17:34] Preparing to send all location info: [ 4.86, 11.92 ], [ 0.00, 0.00 ], [ 2.40, 2.36 ], [ 6.97, 9.57 ], [ 0.50, 14.50 ], [ 7.32, 5.08 ], [ 0.00, 0.00 ], [ 18.02, 10.86 ], [ 18.95, 12.53 ], [ 19.82, 7.95 ], [ 27.50, 0.50 ], [ 15.63, 11.96 ]
[2026-07-06 19:17:34] Generated sentinel field info: 0xa5 0x36 0x00 0x00 0xcc 0x01 0x03 0x02 0x02 0x6d 0x00 0x6b 0x00 0x1f 0x85 0x9b 0x40 0x52 0xb8 0x3e 0x41 0x00 0x00 0x00 0x00 0x00 0x00 0x00 0x00 0x56 0x65 0x19 0x40 0x3d 0x0a 0x17 0x40 0x60 0x07 0xdf 0x40 0x02 0x24 0x19 0x41 0x00 0x00 0x00 0x3f 0x00 0x00 0x68 0x41 0xc8 0x38 0xea 0x40 0x40 0xa5 0xa2 0x40 0x28 0x35
[2026-07-06 19:17:34] Send self decision info: 0xa5 0x0e 0x00 0x00 0x37 0x01 0x03 0x21 0x01 0x6d 0x00 0x80 0x80 0x00 0x02 0x31 0x32 0x33 0x34 0x35 0x36 0x9d 0x8d
[2026-07-06 19:17:34] Generated sentinel field info: 0xa5 0x36 0x00 0x00 0xcc 0x01 0x03 0x02 0x02 0x6d 0x00 0x6b 0x00 0x1f 0x85 0x9b 0x40 0x52 0xb8 0x3e 0x41 0x00 0x00 0x00 0x00 0x00 0x00 0x00 0x00 0x56 0x65 0x19 0x40 0x3d 0x0a 0x17 0x40 0x80 0x2a 0xdc 0x40 0x0f 0x29 0x13 0x41 0x00 0x00 0x00 0x3f 0x00 0x00 0x68 0x41 0x38 0xc8 0xe9 0x40 0xf7 0x6d 0xa3 0x40 0x2f 0x0f
[2026-07-06 19:17:34] Send self decision info: 0xa5 0x0e 0x00 0x00 0x37 0x01 0x03 0x21 0x01 0x6d 0x00 0x80 0x80 0x00 0x02 0x31 0x32 0x33 0x34 0x35 0x36 0x9d 0x8d
[2026-07-06 19:17:34] Preparing to send all location info: [ 4.86, 11.92 ], [ 0.00, 0.00 ], [ 2.40, 2.36 ], [ 6.68, 8.87 ], [ 0.50, 14.50 ], [ 7.35, 5.08 ], [ 0.00, 0.00 ], [ 18.02, 10.86 ], [ 18.95, 12.53 ], [ 19.82, 7.95 ], [ 27.50, 0.50 ], [ 15.63, 11.96 ]
[2026-07-06 19:17:34] Generated sentinel field info: 0xa5 0x36 0x00 0x00 0xcc 0x01 0x03 0x02 0x02 0x6d 0x00 0x6b 0x00 0x1f 0x85 0x9b 0x40 0x52 0xb8 0x3e 0x41 0x00 0x00 0x00 0x00 0x00 0x00 0x00 0x00 0x56 0x65 0x19 0x40 0x3d 0x0a 0x17 0x40 0xb0 0xea 0xd5 0x40 0x7f 0xe6 0x0d 0x41 0x00 0x00 0x00 0x3f 0x00 0x00 0x68 0x41 0x9c 0x31 0xeb 0x40 0x20 0x67 0xa2 0x40 0x23 0x39
[2026-07-06 19:17:34] Send self decision info: 0xa5 0x0e 0x00 0x00 0x37 0x01 0x03 0x21 0x01 0x6d 0x00 0x80 0x80 0x00 0x02 0x31 0x32 0x33 0x34 0x35 0x36 0x9d 0x8d
[2026-07-06 19:17:34] Send self decision info: 0xa5 0x0e 0x00 0x00 0x37 0x01 0x03 0x21 0x01 0x6d 0x00 0x80 0x80 0x00 0x02 0x31 0x32 0x33 0x34 0x35 0x36 0x9d 0x8d
[2026-07-06 19:17:34] Preparing to send all location info: [ 4.86, 11.92 ], [ 0.00, 0.00 ], [ 2.40, 2.36 ], [ 7.00, 8.70 ], [ 0.50, 14.50 ], [ 7.35, 5.08 ], [ 0.00, 0.00 ], [ 18.02, 10.86 ], [ 18.95, 12.53 ], [ 19.82, 7.95 ], [ 27.50, 0.50 ], [ 15.63, 11.96 ]
[2026-07-06 19:17:34] Generated sentinel field info: 0xa5 0x36 0x00 0x00 0xcc 0x01 0x03 0x02 0x02 0x6d 0x00 0x6b 0x00 0x1f 0x85 0x9b 0x40 0x52 0xb8 0x3e 0x41 0x00 0x00 0x00 0x00 0x00 0x00 0x00 0x00 0x56 0x65 0x19 0x40 0x3d 0x0a 0x17 0x40 0xec 0x01 0xe0 0x40 0x25 0x26 0x0b 0x41 0x00 0x00 0x00 0x3f 0x00 0x00 0x68 0x41 0xdc 0x27 0xeb 0x40 0x7e 0x78 0xa2 0x40 0x88 0x7c
[2026-07-06 19:17:35] Send self decision info: 0xa5 0x0e 0x00 0x00 0x37 0x01 0x03 0x21 0x01 0x6d 0x00 0x80 0x80 0x00 0x02 0x31 0x32 0x33 0x34 0x35 0x36 0x9d 0x8d
[2026-07-06 19:17:35] Generated sentinel field info: 0xa5 0x36 0x00 0x00 0xcc 0x01 0x03 0x02 0x02 0x6d 0x00 0x6b 0x00 0x1f 0x85 0x9b 0x40 0x52 0xb8 0x3e 0x41 0x00 0x00 0x00 0x00 0x00 0x00 0x00 0x00 0x56 0x65 0x19 0x40 0x3d 0x0a 0x17 0x40 0x6c 0x41 0xdd 0x40 0x0d 0x7f 0x18 0x41 0x00 0x00 0x00 0x3f 0x00 0x00 0x68 0x41 0x44 0xf8 0xeb 0x40 0x91 0x00 0xa4 0x40 0xd4 0x0a
[2026-07-06 19:17:35] Send self decision info: 0xa5 0x0e 0x00 0x00 0x37 0x01 0x03 0x21 0x01 0x6d 0x00 0x80 0x80 0x00 0x02 0x31 0x32 0x33 0x34 0x35 0x36 0x9d 0x8d
[2026-07-06 19:17:35] Preparing to send all location info: [ 4.86, 11.92 ], [ 0.00, 0.00 ], [ 2.40, 2.36 ], [ 7.49, 10.39 ], [ 0.50, 14.50 ], [ 7.33, 5.10 ], [ 0.00, 0.00 ], [ 18.02, 10.86 ], [ 18.95, 12.53 ], [ 19.30, 11.08 ], [ 27.50, 0.50 ], [ 15.63, 11.96 ]
[2026-07-06 19:17:35] Generated sentinel field info: 0xa5 0x36 0x00 0x00 0xcc 0x01 0x03 0x02 0x02 0x6d 0x00 0x6b 0x00 0x1f 0x85 0x9b 0x40 0x52 0xb8 0x3e 0x41 0x00 0x00 0x00 0x00 0x00 0x00 0x00 0x00 0x56 0x65 0x19 0x40 0x3d 0x0a 0x17 0x40 0x44 0xa6 0xef 0x40 0x75 0x50 0x26 0x41 0x00 0x00 0x00 0x3f 0x00 0x00 0x68 0x41 0x28 0xb7 0xea 0x40 0x3e 0x41 0xa3 0x40 0x26 0x3d
[2026-07-06 19:17:35] Send self decision info: 0xa5 0x0e 0x00 0x00 0x37 0x01 0x03 0x21 0x01 0x6d 0x00 0x80 0x80 0x00 0x02 0x31 0x32 0x33 0x34 0x35 0x36 0x9d 0x8d
[2026-07-06 19:17:35] Send self decision info: 0xa5 0x0e 0x00 0x00 0x37 0x01 0x03 0x21 0x01 0x6d 0x00 0x80 0x80 0x00 0x02 0x31 0x32 0x33 0x34 0x35 0x36 0x9d 0x8d
[2026-07-06 19:17:35] Preparing to send all location info: [ 4.86, 11.92 ], [ 0.00, 0.00 ], [ 2.40, 2.36 ], [ 9.22, 11.50 ], [ 0.50, 14.50 ], [ 7.31, 5.10 ], [ 0.00, 0.00 ], [ 18.02, 10.86 ], [ 18.95, 12.53 ], [ 20.70, 11.11 ], [ 27.50, 0.50 ], [ 15.63, 11.96 ]
[2026-07-06 19:17:35] Generated sentinel field info: 0xa5 0x36 0x00 0x00 0xcc 0x01 0x03 0x02 0x02 0x6d 0x00 0x6b 0x00 0x1f 0x85 0x9b 0x40 0x52 0xb8 0x3e 0x41 0x00 0x00 0x00 0x00 0x00 0x00 0x00 0x00 0x56 0x65 0x19 0x40 0x3d 0x0a 0x17 0x40 0x8a 0x83 0x13 0x41 0x9f 0xf6 0x37 0x41 0x00 0x00 0x00 0x3f 0x00 0x00 0x68 0x41 0x88 0xd9 0xe9 0x40 0x1b 0x4f 0xa3 0x40 0x86 0x00
[2026-07-06 19:17:35] Send self decision info: 0xa5 0x0e 0x00 0x00 0x37 0x01 0x03 0x21 0x01 0x6d 0x00 0x80 0x80 0x00 0x02 0x31 0x32 0x33 0x34 0x35 0x36 0x9d 0x8d
[2026-07-06 19:17:35] Generated sentinel field info: 0xa5 0x36 0x00 0x00 0xcc 0x01 0x03 0x02 0x02 0x6d 0x00 0x6b 0x00 0x1f 0x85 0x9b 0x40 0x52 0xb8 0x3e 0x41 0x00 0x00 0x00 0x00 0x00 0x00 0x00 0x00 0x56 0x65 0x19 0x40 0x3d 0x0a 0x17 0x40 0xc8 0x84 0x13 0x41 0xb6 0xa8 0x38 0x41 0x00 0x00 0x00 0x3f 0x00 0x00 0x68 0x41 0xdc 0xbe 0xea 0x40 0x85 0x33 0xa3 0x40 0xf3 0x3f
[2026-07-06 19:17:36] Send self decision info: 0xa5 0x0e 0x00 0x00 0x37 0x01 0x03 0x21 0x01 0x6d 0x00 0x80 0x80 0x00 0x02 0x31 0x32 0x33 0x34 0x35 0x36 0x9d 0x8d
[2026-07-06 19:17:36] Preparing to send all location info: [ 4.86, 11.92 ], [ 0.00, 0.00 ], [ 2.40, 2.36 ], [ 9.22, 11.54 ], [ 0.50, 14.50 ], [ 7.25, 5.12 ], [ 0.00, 0.00 ], [ 18.02, 10.86 ], [ 18.95, 12.53 ], [ 21.02, 11.43 ], [ 27.50, 0.50 ], [ 15.63, 11.96 ]
[2026-07-06 19:17:36] Generated sentinel field info: 0xa5 0x36 0x00 0x00 0xcc 0x01 0x03 0x02 0x02 0x6d 0x00 0x6b 0x00 0x1f 0x85 0x9b 0x40 0x52 0xb8 0x3e 0x41 0x00 0x00 0x00 0x00 0x00 0x00 0x00 0x00 0x56 0x65 0x19 0x40 0x3d 0x0a 0x17 0x40 0xc8 0x84 0x13 0x41 0xb6 0xa8 0x38 0x41 0x00 0x00 0x00 0x3f 0x00 0x00 0x68 0x41 0xb4 0xed 0xe7 0x40 0xae 0xc3 0xa3 0x40 0x42 0xed
[2026-07-06 19:17:36] Send self decision info: 0xa5 0x0e 0x00 0x00 0x37 0x01 0x03 0x21 0x01 0x6d 0x00 0x80 0x80 0x00 0x02 0x31 0x32 0x33 0x34 0x35 0x36 0x9d 0x8d
[2026-07-06 19:17:36] Send self decision info: 0xa5 0x0e 0x00 0x00 0x37 0x01 0x03 0x21 0x01 0x6d 0x00 0x80 0x80 0x00 0x02 0x31 0x32 0x33 0x34 0x35 0x36 0x9d 0x8d
[2026-07-06 19:17:36] Preparing to send all location info: [ 4.86, 11.92 ], [ 0.00, 0.00 ], [ 2.40, 2.36 ], [ 9.22, 11.54 ], [ 0.50, 14.50 ], [ 7.36, 5.14 ], [ 21.20, 8.72 ], [ 18.02, 10.86 ], [ 18.95, 12.53 ], [ 19.68, 12.23 ], [ 27.50, 0.50 ], [ 15.63, 11.96 ]
[2026-07-06 19:17:36] Generated sentinel field info: 0xa5 0x36 0x00 0x00 0xcc 0x01 0x03 0x02 0x02 0x6d 0x00 0x6b 0x00 0x1f 0x85 0x9b 0x40 0x52 0xb8 0x3e 0x41 0x00 0x00 0x00 0x00 0x00 0x00 0x00 0x00 0x56 0x65 0x19 0x40 0x3d 0x0a 0x17 0x40 0xc8 0x84 0x13 0x41 0xb6 0xa8 0x38 0x41 0x00 0x00 0x00 0x3f 0x00 0x00 0x68 0x41 0xc8 0xa5 0xeb 0x40 0x1c 0x93 0xa4 0x40 0x46 0xe0
[2026-07-06 19:17:36] Send self decision info: 0xa5 0x0e 0x00 0x00 0x37 0x01 0x03 0x21 0x01 0x6d 0x00 0x80 0x80 0x00 0x02 0x31 0x32 0x33 0x34 0x35 0x36 0x9d 0x8d
[2026-07-06 19:17:36] Send self decision info: 0xa5 0x0e 0x00 0x00 0x37 0x01 0x03 0x21 0x01 0x6d 0x00 0x80 0x80 0x00 0x02 0x31 0x32 0x33 0x34 0x35 0x36 0x9d 0x8d
[2026-07-06 19:17:36] Preparing to send all location info: [ 4.86, 11.92 ], [ 0.00, 0.00 ], [ 2.40, 2.36 ], [ 2.40, 2.36 ], [ 0.50, 14.50 ], [ 7.34, 5.13 ], [ 21.20, 8.72 ], [ 18.02, 10.86 ], [ 18.95, 12.53 ], [ 17.75, 12.59 ], [ 27.50, 0.50 ], [ 15.63, 11.96 ]
[2026-07-06 19:17:36] Generated sentinel field info: 0xa5 0x36 0x00 0x00 0xcc 0x01 0x03 0x02 0x02 0x6d 0x00 0x6b 0x00 0x1f 0x85 0x9b 0x40 0x52 0xb8 0x3e 0x41 0x00 0x00 0x00 0x00 0x00 0x00 0x00 0x00 0x56 0x65 0x19 0x40 0x3d 0x0a 0x17 0x40 0x56 0x65 0x19 0x40 0x3d 0x0a 0x17 0x40 0x00 0x00 0x00 0x3f 0x00 0x00 0x68 0x41 0x0c 0xfa 0xea 0x40 0x52 0x47 0xa4 0x40 0xb6 0x18
[2026-07-06 19:17:37] Send self decision info: 0xa5 0x0e 0x00 0x00 0x37 0x01 0x03 0x21 0x01 0x6d 0x00 0x80 0x80 0x00 0x02 0x31 0x32 0x33 0x34 0x35 0x36 0x9d 0x8d
[2026-07-06 19:17:37] Send self decision info: 0xa5 0x0e 0x00 0x00 0x37 0x01 0x03 0x21 0x01 0x6d 0x00 0x80 0x80 0x00 0x02 0x31 0x32 0x33 0x34 0x35 0x36 0x9d 0x8d
[2026-07-06 19:17:37] Preparing to send all location info: [ 4.86, 11.92 ], [ 0.00, 0.00 ], [ 2.40, 2.36 ], [ 2.40, 2.36 ], [ 0.50, 14.50 ], [ 7.30, 5.12 ], [ 21.20, 8.72 ], [ 18.02, 10.86 ], [ 18.95, 12.53 ], [ 16.37, 12.73 ], [ 27.50, 0.50 ], [ 15.63, 11.96 ]
[2026-07-06 19:17:37] Generated sentinel field info: 0xa5 0x36 0x00 0x00 0xcc 0x01 0x03 0x02 0x02 0x6d 0x00 0x6b 0x00 0x1f 0x85 0x9b 0x40 0x52 0xb8 0x3e 0x41 0x00 0x00 0x00 0x00 0x00 0x00 0x00 0x00 0x56 0x65 0x19 0x40 0x3d 0x0a 0x17 0x40 0x56 0x65 0x19 0x40 0x3d 0x0a 0x17 0x40 0x00 0x00 0x00 0x3f 0x00 0x00 0x68 0x41 0xe8 0x94 0xe9 0x40 0x7c 0xc9 0xa3 0x40 0xbc 0x48
[2026-07-06 19:17:37] Send self decision info: 0xa5 0x0e 0x00 0x00 0x37 0x01 0x03 0x21 0x01 0x6d 0x00 0x80 0x80 0x00 0x02 0x31 0x32 0x33 0x34 0x35 0x36 0x9d 0x8d
[2026-07-06 19:17:37] Generated sentinel field info: 0xa5 0x36 0x00 0x00 0xcc 0x01 0x03 0x02 0x02 0x6d 0x00 0x6b 0x00 0x1f 0x85 0x9b 0x40 0x52 0xb8 0x3e 0x41 0x00 0x00 0x00 0x00 0x00 0x00 0x00 0x00 0x56 0x65 0x19 0x40 0x3d 0x0a 0x17 0x40 0x56 0x65 0x19 0x40 0x3d 0x0a 0x17 0x40 0x00 0x00 0x00 0x3f 0x00 0x00 0x68 0x41 0x20 0xce 0xe8 0x40 0x5e 0xaf 0xa3 0x40 0x11 0x31
[2026-07-06 19:17:37] Send self decision info: 0xa5 0x0e 0x00 0x00 0x37 0x01 0x03 0x21 0x01 0x6d 0x00 0x80 0x80 0x00 0x02 0x31 0x32 0x33 0x34 0x35 0x36 0x9d 0x8d
[2026-07-06 19:17:37] Preparing to send all location info: [ 4.86, 11.92 ], [ 0.00, 0.00 ], [ 2.40, 2.36 ], [ 2.40, 2.36 ], [ 0.50, 14.50 ], [ 7.37, 5.12 ], [ 21.20, 8.72 ], [ 18.02, 10.86 ], [ 18.95, 12.53 ], [ 16.58, 12.42 ], [ 27.50, 0.50 ], [ 15.63, 11.96 ]
[2026-07-06 19:17:37] Generated sentinel field info: 0xa5 0x36 0x00 0x00 0xcc 0x01 0x03 0x02 0x02 0x6d 0x00 0x6b 0x00 0x1f 0x85 0x9b 0x40 0x52 0xb8 0x3e 0x41 0x00 0x00 0x00 0x00 0x00 0x00 0x00 0x00 0x56 0x65 0x19 0x40 0x3d 0x0a 0x17 0x40 0x56 0x65 0x19 0x40 0x3d 0x0a 0x17 0x40 0x00 0x00 0x00 0x3f 0x00 0x00 0x68 0x41 0xd0 0xfc 0xeb 0x40 0x7e 0xf8 0xa3 0x40 0xb3 0x1f
[2026-07-06 19:17:37] Send self decision info: 0xa5 0x0e 0x00 0x00 0x37 0x01 0x03 0x21 0x01 0x6d 0x00 0x80 0x80 0x00 0x02 0x31 0x32 0x33 0x34 0x35 0x36 0x9d 0x8d
[2026-07-06 19:17:37] Generated sentinel field info: 0xa5 0x36 0x00 0x00 0xcc 0x01 0x03 0x02 0x02 0x6d 0x00 0x6b 0x00 0xa0 0xd6 0x09 0x3f 0xe9 0xc1 0x0e 0x41 0x00 0x00 0x00 0x00 0x00 0x00 0x00 0x00 0x56 0x65 0x19 0x40 0x3d 0x0a 0x17 0x40 0x56 0x65 0x19 0x40 0x3d 0x0a 0x17 0x40 0x00 0x00 0x00 0x3f 0x00 0x00 0x68 0x41 0xe8 0xb1 0xe8 0x40 0xc5 0xe1 0xa3 0x40 0x99 0x8e
[2026-07-06 19:17:38] Send self decision info: 0xa5 0x0e 0x00 0x00 0x37 0x01 0x03 0x21 0x01 0x6d 0x00 0x80 0x80 0x00 0x02 0x31 0x32 0x33 0x34 0x35 0x36 0x9d 0x8d
[2026-07-06 19:17:38] Preparing to send all location info: [ 0.93, 8.91 ], [ 0.00, 0.00 ], [ 2.40, 2.36 ], [ 2.40, 2.36 ], [ 0.50, 14.50 ], [ 7.35, 5.12 ], [ 21.20, 8.72 ], [ 18.02, 10.86 ], [ 19.11, 8.03 ], [ 16.31, 12.59 ], [ 27.50, 0.50 ], [ 15.63, 11.96 ]
[2026-07-06 19:17:38] Generated sentinel field info: 0xa5 0x36 0x00 0x00 0xcc 0x01 0x03 0x02 0x02 0x6d 0x00 0x6b 0x00 0x40 0x9a 0x6d 0x3f 0x84 0x7c 0x0e 0x41 0x00 0x00 0x00 0x00 0x00 0x00 0x00 0x00 0x56 0x65 0x19 0x40 0x3d 0x0a 0x17 0x40 0x56 0x65 0x19 0x40 0x3d 0x0a 0x17 0x40 0x00 0x00 0x00 0x3f 0x00 0x00 0x68 0x41 0xb4 0x26 0xeb 0x40 0xdf 0xf7 0xa3 0x40 0x7e 0x01
[2026-07-06 19:17:38] Send self decision info: 0xa5 0x0e 0x00 0x00 0x37 0x01 0x03 0x21 0x01 0x6d 0x00 0x80 0x80 0x00 0x02 0x31 0x32 0x33 0x34 0x35 0x36 0x9d 0x8d
[2026-07-06 19:17:38] Send self decision info: 0xa5 0x0e 0x00 0x00 0x37 0x01 0x03 0x21 0x01 0x6d 0x00 0x80 0x80 0x00 0x02 0x31 0x32 0x33 0x34 0x35 0x36 0x9d 0x8d
[2026-07-06 19:17:38] Preparing to send all location info: [ 0.66, 8.87 ], [ 0.00, 0.00 ], [ 2.40, 2.36 ], [ 2.40, 2.36 ], [ 0.50, 14.50 ], [ 7.35, 5.13 ], [ 19.23, 8.29 ], [ 18.02, 10.86 ], [ 19.22, 8.14 ], [ 16.04, 12.97 ], [ 27.50, 0.50 ], [ 15.63, 11.96 ]
[2026-07-06 19:17:38] Generated sentinel field info: 0xa5 0x36 0x00 0x00 0xcc 0x01 0x03 0x02 0x02 0x6d 0x00 0x6b 0x00 0x60 0xd2 0x28 0x3f 0x39 0xec 0x0d 0x41 0x00 0x00 0x00 0x00 0x00 0x00 0x00 0x00 0x56 0x65 0x19 0x40 0x3d 0x0a 0x17 0x40 0x56 0x65 0x19 0x40 0x3d 0x0a 0x17 0x40 0x00 0x00 0x00 0x3f 0x00 0x00 0x68 0x41 0x7c 0x0d 0xeb 0x40 0xbb 0x24 0xa4 0x40 0x6f 0x76
[2026-07-06 19:17:38] Send self decision info: 0xa5 0x0e 0x00 0x00 0x37 0x01 0x03 0x21 0x01 0x6d 0x00 0x80 0x80 0x00 0x02 0x31 0x32 0x33 0x34 0x35 0x36 0x9d 0x8d
[2026-07-06 19:17:38] Generated sentinel field info: 0xa5 0x36 0x00 0x00 0xcc 0x01 0x03 0x02 0x02 0x6d 0x00 0x6b 0x00 0x60 0x20 0x00 0x3f 0x96 0xc1 0x05 0x41 0x00 0x00 0x00 0x00 0x00 0x00 0x00 0x00 0x56 0x65 0x19 0x40 0x3d 0x0a 0x17 0x40 0x56 0x65 0x19 0x40 0x3d 0x0a 0x17 0x40 0x00 0x00 0x00 0x3f 0x00 0x00 0x68 0x41 0xb0 0xc6 0xea 0x40 0xb0 0xa2 0xa4 0x40 0x03 0xb3
[2026-07-06 19:17:38] Send self decision info: 0xa5 0x0e 0x00 0x00 0x37 0x01 0x03 0x21 0x01 0x6d 0x00 0x80 0x80 0x00 0x02 0x31 0x32 0x33 0x34 0x35 0x36 0x9d 0x8d
[2026-07-06 19:17:38] Preparing to send all location info: [ 0.72, 7.75 ], [ 0.00, 0.00 ], [ 2.40, 2.36 ], [ 2.40, 2.36 ], [ 0.50, 14.50 ], [ 7.34, 5.13 ], [ 19.03, 8.45 ], [ 15.98, 12.98 ], [ 19.22, 8.14 ], [ 15.86, 12.80 ], [ 27.50, 0.50 ], [ 15.63, 11.96 ]
[2026-07-06 19:17:38] Generated sentinel field info: 0xa5 0x36 0x00 0x00 0xcc 0x01 0x03 0x02 0x02 0x6d 0x00 0x6b 0x00 0xa0 0x1a 0x39 0x3f 0xd5 0x14 0xf8 0x40 0x00 0x00 0x00 0x00 0x00 0x00 0x00 0x00 0x56 0x65 0x19 0x40 0x3d 0x0a 0x17 0x40 0x56 0x65 0x19 0x40 0x3d 0x0a 0x17 0x40 0x00 0x00 0x00 0x3f 0x00 0x00 0x68 0x41 0x44 0xf5 0xea 0x40 0xd0 0x4f 0xa4 0x40 0x8e 0xf5
[2026-07-06 19:17:39] Send self decision info: 0xa5 0x0e 0x00 0x00 0x37 0x01 0x03 0x21 0x01 0x6d 0x00 0x80 0x80 0x00 0x02 0x31 0x32 0x33 0x34 0x35 0x36 0x9d 0x8d
[2026-07-06 19:17:39] Generated sentinel field info: 0xa5 0x36 0x00 0x00 0xcc 0x01 0x03 0x02 0x02 0x6d 0x00 0x6b 0x00 0x20 0xc8 0x79 0x3f 0x70 0xb8 0xdf 0x40 0x00 0x00 0x00 0x00 0x00 0x00 0x00 0x00 0x56 0x65 0x19 0x40 0x3d 0x0a 0x17 0x40 0x56 0x65 0x19 0x40 0x3d 0x0a 0x17 0x40 0x00 0x00 0x00 0x3f 0x00 0x00 0x68 0x41 0x0c 0x39 0xe9 0x40 0x46 0x6d 0xa4 0x40 0x01 0x26
[2026-07-06 19:17:39] Send self decision info: 0xa5 0x0e 0x00 0x00 0x37 0x01 0x03 0x21 0x01 0x6d 0x00 0x80 0x80 0x00 0x02 0x31 0x32 0x33 0x34 0x35 0x36 0x9d 0x8d
[2026-07-06 19:17:39] Preparing to send all location info: [ 1.42, 6.30 ], [ 0.00, 0.00 ], [ 2.40, 2.36 ], [ 2.40, 2.36 ], [ 0.50, 14.50 ], [ 7.30, 5.13 ], [ 19.03, 8.45 ], [ 15.98, 12.98 ], [ 19.22, 8.14 ], [ 15.19, 11.98 ], [ 27.50, 0.50 ], [ 15.63, 11.96 ]
[2026-07-06 19:17:39] Generated sentinel field info: 0xa5 0x36 0x00 0x00 0xcc 0x01 0x03 0x02 0x02 0x6d 0x00 0x6b 0x00 0x60 0x9a 0xb5 0x3f 0x12 0x9b 0xc9 0x40 0x00 0x00 0x00 0x00 0x00 0x00 0x00 0x00 0x56 0x65 0x19 0x40 0x3d 0x0a 0x17 0x40 0x56 0x65 0x19 0x40 0x3d 0x0a 0x17 0x40 0x00 0x00 0x00 0x3f 0x00 0x00 0x68 0x41 0xdc 0x73 0xe9 0x40 0x6a 0x04 0xa4 0x40 0x94 0x4f
[2026-07-06 19:17:39] Send self decision info: 0xa5 0x0e 0x00 0x00 0x37 0x01 0x03 0x21 0x01 0x6d 0x00 0x80 0x80 0x00 0x02 0x31 0x32 0x33 0x34 0x35 0x36 0x9d 0x8d
[2026-07-06 19:17:39] Generated sentinel field info: 0xa5 0x36 0x00 0x00 0xcc 0x01 0x03 0x02 0x02 0x6d 0x00 0x6b 0x00 0x70 0xb7 0xcc 0x3f 0x1c 0x14 0xc9 0x40 0x00 0x00 0x00 0x00 0x00 0x00 0x00 0x00 0x56 0x65 0x19 0x40 0x3d 0x0a 0x17 0x40 0x56 0x65 0x19 0x40 0x3d 0x0a 0x17 0x40 0x00 0x00 0x00 0x3f 0x00 0x00 0x68 0x41 0x74 0xa5 0xeb 0x40 0xb2 0x93 0xa4 0x40 0x7c 0x6d
