[2026-07-07 14:56:49] Send self decision info: 0xa5 0x0e 0x00 0x00 0x37 0x01 0x03 0x21 0x01 0x6d 0x00 0x80 0x80 0x00 0x02 0x31 0x32 0x33 0x34 0x35 0x36 0x9d 0x8d
[2026-07-07 14:56:49] Preparing to send all location info: [ 0.00, 0.00 ], [ 0.00, 0.00 ], [ 2.40, 2.36 ], [ 2.40, 2.36 ], [ 0.50, 14.50 ], [ 2.40, 2.36 ], [ 0.00, 0.00 ], [ 0.00, 0.00 ], [ 0.00, 0.00 ], [ 0.00, 0.00 ], [ 27.50, 0.50 ], [ 0.00, 0.00 ]
[2026-07-07 14:56:49] Generated sentinel field info: 0xa5 0x36 0x00 0x00 0xcc 0x01 0x03 0x02 0x02 0x6d 0x00 0x6b 0x00 0x00 0x00 0x00 0x00 0x00 0x00 0x00 0x00 0x00 0x00 0x00 0x00 0x00 0x00 0x00 0x00 0x56 0x65 0x19 0x40 0x3d 0x0a 0x17 0x40 0x56 0x65 0x19 0x40 0x3d 0x0a 0x17 0x40 0x00 0x00 0x00 0x3f 0x00 0x00 0x68 0x41 0x56 0x65 0x19 0x40 0x3d 0x0a 0x17 0x40 0x17 0x55
[2026-07-07 14:56:50] Send self decision info: 0xa5 0x0e 0x00 0x00 0x37 0x01 0x03 0x21 0x01 0x6d 0x00 0x80 0x80 0x00 0x02 0x31 0x32 0x33 0x34 0x35 0x36 0x9d 0x8d
[2026-07-07 14:56:50] Send self decision info: 0xa5 0x0e 0x00 0x00 0x37 0x01 0x03 0x21 0x01 0x6d 0x00 0x80 0x80 0x00 0x02 0x31 0x32 0x33 0x34 0x35 0x36 0x9d 0x8d
[2026-07-07 14:56:50] Preparing to send all location info: [ 0.00, 0.00 ], [ 0.00, 0.00 ], [ 2.40, 2.36 ], [ 2.40, 2.36 ], [ 0.50, 14.50 ], [ 2.40, 2.36 ], [ 0.00, 0.00 ], [ 0.00, 0.00 ], [ 0.00, 0.00 ], [ 0.00, 0.00 ], [ 27.50, 0.50 ], [ 0.00, 0.00 ]
[2026-07-07 14:56:50] Generated sentinel field info: 0xa5 0x36 0x00 0x00 0xcc 0x01 0x03 0x02 0x02 0x6d 0x00 0x6b 0x00 0x00 0x00 0x00 0x00 0x00 0x00 0x00 0x00 0x00 0x00 0x00 0x00 0x00 0x00 0x00 0x00 0x56 0x65 0x19 0x40 0x3d 0x0a 0x17 0x40 0x56 0x65 0x19 0x40 0x3d 0x0a 0x17 0x40 0x00 0x00 0x00 0x3f 0x00 0x00 0x68 0x41 0x56 0x65 0x19 0x40 0x3d 0x0a 0x17 0x40 0x17 0x55
[2026-07-07 14:56:50] Send self decision info: 0xa5 0x0e 0x00 0x00 0x37 0x01 0x03 0x21 0x01 0x6d 0x00 0x80 0x80 0x00 0x02 0x31 0x32 0x33 0x34 0x35 0x36 0x9d 0x8d
[2026-07-07 14:56:50] Generated sentinel field info: 0xa5 0x36 0x00 0x00 0xcc 0x01 0x03 0x02 0x02 0x6d 0x00 0x6b 0x00 0x00 0x00 0x00 0x00 0x00 0x00 0x00 0x00 0x00 0x00 0x00 0x00 0x00 0x00 0x00 0x00 0x56 0x65 0x19 0x40 0x3d 0x0a 0x17 0x40 0x56 0x65 0x19 0x40 0x3d 0x0a 0x17 0x40 0x00 0x00 0x00 0x3f 0x00 0x00 0x68 0x41 0x56 0x65 0x19 0x40 0x3d 0x0a 0x17 0x40 0x17 0x55
[2026-07-07 14:56:50] Send self decision info: 0xa5 0x0e 0x00 0x00 0x37 0x01 0x03 0x21 0x01 0x6d 0x00 0x80 0x80 0x00 0x02 0x31 0x32 0x33 0x34 0x35 0x36 0x9d 0x8d
[2026-07-07 14:56:50] Preparing to send all location info: [ 0.00, 0.00 ], [ 0.00, 0.00 ], [ 2.40, 2.36 ], [ 2.40, 2.36 ], [ 0.50, 14.50 ], [ 2.40, 2.36 ], [ 0.00, 0.00 ], [ 0.00, 0.00 ], [ 0.00, 0.00 ], [ 0.00, 0.00 ], [ 27.50, 0.50 ], [ 0.00, 0.00 ]
[2026-07-07 14:56:50] Generated sentinel field info: 0xa5 0x36 0x00 0x00 0xcc 0x01 0x03 0x02 0x02 0x6d 0x00 0x6b 0x00 0x00 0x00 0x00 0x00 0x00 0x00 0x00 0x00 0x00 0x00 0x00 0x00 0x00 0x00 0x00 0x00 0x56 0x65 0x19 0x40 0x3d 0x0a 0x17 0x40 0x56 0x65 0x19 0x40 0x3d 0x0a 0x17 0x40 0x00 0x00 0x00 0x3f 0x00 0x00 0x68 0x41 0x56 0x65 0x19 0x40 0x3d 0x0a 0x17 0x40 0x17 0x55
[2026-07-07 14:56:50] Send self decision info: 0xa5 0x0e 0x00 0x00 0x37 0x01 0x03 0x21 0x01 0x6d 0x00 0x80 0x80 0x00 0x02 0x31 0x32 0x33 0x34 0x35 0x36 0x9d 0x8d
[2026-07-07 14:56:50] Generated sentinel field info: 0xa5 0x36 0x00 0x00 0xcc 0x01 0x03 0x02 0x02 0x6d 0x00 0x6b 0x00 0x00 0x00 0x00 0x00 0x00 0x00 0x00 0x00 0x00 0x00 0x00 0x00 0x00 0x00 0x00 0x00 0x56 0x65 0x19 0x40 0x3d 0x0a 0x17 0x40 0x56 0x65 0x19 0x40 0x3d 0x0a 0x17 0x40 0x00 0x00 0x00 0x3f 0x00 0x00 0x68 0x41 0x56 0x65 0x19 0x40 0x3d 0x0a 0x17 0x40 0x17 0x55
[2026-07-07 14:56:51] Send self decision info: 0xa5 0x0e 0x00 0x00 0x37 0x01 0x03 0x21 0x01 0x6d 0x00 0x80 0x80 0x00 0x02 0x31 0x32 0x33 0x34 0x35 0x36 0x9d 0x8d
[2026-07-07 14:56:51] Preparing to send all location info: [ 0.00, 0.00 ], [ 0.00, 0.00 ], [ 2.40, 2.36 ], [ 2.40, 2.36 ], [ 0.50, 14.50 ], [ 2.40, 2.36 ], [ 0.00, 0.00 ], [ 0.00, 0.00 ], [ 0.00, 0.00 ], [ 0.00, 0.00 ], [ 27.50, 0.50 ], [ 0.00, 0.00 ]
[2026-07-07 14:56:51] Generated sentinel field info: 0xa5 0x36 0x00 0x00 0xcc 0x01 0x03 0x02 0x02 0x6d 0x00 0x6b 0x00 0x00 0x00 0x00 0x00 0x00 0x00 0x00 0x00 0x00 0x00 0x00 0x00 0x00 0x00 0x00 0x00 0x56 0x65 0x19 0x40 0x3d 0x0a 0x17 0x40 0x56 0x65 0x19 0x40 0x3d 0x0a 0x17 0x40 0x00 0x00 0x00 0x3f 0x00 0x00 0x68 0x41 0x56 0x65 0x19 0x40 0x3d 0x0a 0x17 0x40 0x17 0x55
[2026-07-07 14:56:51] Send self decision info: 0xa5 0x0e 0x00 0x00 0x37 0x01 0x03 0x21 0x01 0x6d 0x00 0x80 0x80 0x00 0x02 0x31 0x32 0x33 0x34 0x35 0x36 0x9d 0x8d
[2026-07-07 14:56:51] Generated sentinel field info: 0xa5 0x36 0x00 0x00 0xcc 0x01 0x03 0x02 0x02 0x6d 0x00 0x6b 0x00 0x00 0x00 0x00 0x00 0x00 0x00 0x00 0x00 0x00 0x00 0x00 0x00 0x00 0x00 0x00 0x00 0x56 0x65 0x19 0x40 0x3d 0x0a 0x17 0x40 0x56 0x65 0x19 0x40 0x3d 0x0a 0x17 0x40 0x00 0x00 0x00 0x3f 0x00 0x00 0x68 0x41 0x56 0x65 0x19 0x40 0x3d 0x0a 0x17 0x40 0x17 0x55
[2026-07-07 14:56:51] Send self decision info: 0xa5 0x0e 0x00 0x00 0x37 0x01 0x03 0x21 0x01 0x6d 0x00 0x80 0x80 0x00 0x02 0x31 0x32 0x33 0x34 0x35 0x36 0x9d 0x8d
[2026-07-07 14:56:51] Preparing to send all location info: [ 0.00, 0.00 ], [ 0.00, 0.00 ], [ 2.40, 2.36 ], [ 2.40, 2.36 ], [ 0.50, 14.50 ], [ 2.40, 2.36 ], [ 0.00, 0.00 ], [ 0.00, 0.00 ], [ 0.00, 0.00 ], [ 0.00, 0.00 ], [ 27.50, 0.50 ], [ 0.00, 0.00 ]
[2026-07-07 14:56:51] Generated sentinel field info: 0xa5 0x36 0x00 0x00 0xcc 0x01 0x03 0x02 0x02 0x6d 0x00 0x6b 0x00 0x00 0x00 0x00 0x00 0x00 0x00 0x00 0x00 0x00 0x00 0x00 0x00 0x00 0x00 0x00 0x00 0x56 0x65 0x19 0x40 0x3d 0x0a 0x17 0x40 0x56 0x65 0x19 0x40 0x3d 0x0a 0x17 0x40 0x00 0x00 0x00 0x3f 0x00 0x00 0x68 0x41 0x56 0x65 0x19 0x40 0x3d 0x0a 0x17 0x40 0x17 0x55
[2026-07-07 14:56:51] Send self decision info: 0xa5 0x0e 0x00 0x00 0x37 0x01 0x03 0x21 0x01 0x6d 0x00 0x80 0x80 0x00 0x02 0x31 0x32 0x33 0x34 0x35 0x36 0x9d 0x8d
[2026-07-07 14:56:51] Generated sentinel field info: 0xa5 0x36 0x00 0x00 0xcc 0x01 0x03 0x02 0x02 0x6d 0x00 0x6b 0x00 0x00 0x00 0x00 0x00 0x00 0x00 0x00 0x00 0x00 0x00 0x00 0x00 0x00 0x00 0x00 0x00 0x56 0x65 0x19 0x40 0x3d 0x0a 0x17 0x40 0x56 0x65 0x19 0x40 0x3d 0x0a 0x17 0x40 0x00 0x00 0x00 0x3f 0x00 0x00 0x68 0x41 0x56 0x65 0x19 0x40 0x3d 0x0a 0x17 0x40 0x17 0x55
[2026-07-07 14:56:51] Send self decision info: 0xa5 0x0e 0x00 0x00 0x37 0x01 0x03 0x21 0x01 0x6d 0x00 0x80 0x80 0x00 0x02 0x31 0x32 0x33 0x34 0x35 0x36 0x9d 0x8d
[2026-07-07 14:56:51] Preparing to send all location info: [ 0.00, 0.00 ], [ 0.00, 0.00 ], [ 2.40, 2.36 ], [ 2.40, 2.36 ], [ 0.50, 14.50 ], [ 2.40, 2.36 ], [ 0.00, 0.00 ], [ 0.00, 0.00 ], [ 0.00, 0.00 ], [ 0.00, 0.00 ], [ 27.50, 0.50 ], [ 0.00, 0.00 ]
[2026-07-07 14:56:51] Generated sentinel field info: 0xa5 0x36 0x00 0x00 0xcc 0x01 0x03 0x02 0x02 0x6d 0x00 0x6b 0x00 0x00 0x00 0x00 0x00 0x00 0x00 0x00 0x00 0x00 0x00 0x00 0x00 0x00 0x00 0x00 0x00 0x56 0x65 0x19 0x40 0x3d 0x0a 0x17 0x40 0x56 0x65 0x19 0x40 0x3d 0x0a 0x17 0x40 0x00 0x00 0x00 0x3f 0x00 0x00 0x68 0x41 0x56 0x65 0x19 0x40 0x3d 0x0a 0x17 0x40 0x17 0x55
[2026-07-07 14:56:52] Send self decision info: 0xa5 0x0e 0x00 0x00 0x37 0x01 0x03 0x21 0x01 0x6d 0x00 0x80 0x80 0x00 0x02 0x31 0x32 0x33 0x34 0x35 0x36 0x9d 0x8d
[2026-07-07 14:56:52] Generated sentinel field info: 0xa5 0x36 0x00 0x00 0xcc 0x01 0x03 0x02 0x02 0x6d 0x00 0x6b 0x00 0x00 0x00 0x00 0x00 0x00 0x00 0x00 0x00 0x6a 0xb0 0x02 0x41 0x90 0x12 0xc3 0x40 0x56 0x65 0x19 0x40 0x3d 0x0a 0x17 0x40 0x56 0x65 0x19 0x40 0x3d 0x0a 0x17 0x40 0x00 0x00 0x00 0x3f 0x00 0x00 0x68 0x41 0xb0 0x93 0xe6 0x40 0xdb 0xc9 0xa0 0x40 0xd3 0x39
[2026-07-07 14:56:52] Send self decision info: 0xa5 0x0e 0x00 0x00 0x37 0x01 0x03 0x21 0x01 0x6d 0x00 0x80 0x80 0x00 0x02 0x31 0x32 0x33 0x34 0x35 0x36 0x9d 0x8d
[2026-07-07 14:56:52] Preparing to send all location info: [ 0.00, 0.00 ], [ 8.16, 6.11 ], [ 2.40, 2.36 ], [ 2.40, 2.36 ], [ 0.50, 14.50 ], [ 7.23, 5.03 ], [ 0.00, 0.00 ], [ 10.99, 10.51 ], [ 11.03, 10.50 ], [ 16.60, 6.58 ], [ 27.50, 0.50 ], [ 0.00, 0.00 ]
[2026-07-07 14:56:52] Generated sentinel field info: 0xa5 0x36 0x00 0x00 0xcc 0x01 0x03 0x02 0x02 0x6d 0x00 0x6b 0x00 0x00 0x00 0x00 0x00 0x00 0x00 0x00 0x00 0x6a 0x7e 0x02 0x41 0x95 0xa8 0xc3 0x40 0x56 0x65 0x19 0x40 0x3d 0x0a 0x17 0x40 0x56 0x65 0x19 0x40 0x3d 0x0a 0x17 0x40 0x00 0x00 0x00 0x3f 0x00 0x00 0x68 0x41 0x70 0x51 0xe7 0x40 0x2e 0xf6 0xa0 0x40 0x03 0x10
[2026-07-07 14:56:52] Send self decision info: 0xa5 0x0e 0x00 0x00 0x37 0x01 0x03 0x21 0x01 0x6d 0x00 0x80 0x80 0x00 0x02 0x31 0x32 0x33 0x34 0x35 0x36 0x9d 0x8d
[2026-07-07 14:56:52] Generated sentinel field info: 0xa5 0x36 0x00 0x00 0xcc 0x01 0x03 0x02 0x02 0x6d 0x00 0x6b 0x00 0x00 0x00 0x00 0x00 0x00 0x00 0x00 0x00 0x62 0x7f 0x02 0x41 0xad 0x04 0xc5 0x40 0x56 0x65 0x19 0x40 0x3d 0x0a 0x17 0x40 0x56 0x65 0x19 0x40 0x3d 0x0a 0x17 0x40 0x00 0x00 0x00 0x3f 0x00 0x00 0x68 0x41 0xa0 0x8f 0xe7 0x40 0x6f 0xf0 0xa1 0x40 0x5e 0x25
[2026-07-07 14:56:52] Send self decision info: 0xa5 0x0e 0x00 0x00 0x37 0x01 0x03 0x21 0x01 0x6d 0x00 0x80 0x80 0x00 0x02 0x31 0x32 0x33 0x34 0x35 0x36 0x9d 0x8d
[2026-07-07 14:56:52] Preparing to send all location info: [ 0.00, 0.00 ], [ 8.13, 6.15 ], [ 2.40, 2.36 ], [ 2.40, 2.36 ], [ 0.50, 14.50 ], [ 7.20, 5.03 ], [ 0.00, 0.00 ], [ 10.66, 10.56 ], [ 10.83, 10.48 ], [ 16.67, 6.50 ], [ 27.50, 0.50 ], [ 0.00, 0.00 ]
[2026-07-07 14:56:52] Generated sentinel field info: 0xa5 0x36 0x00 0x00 0xcc 0x01 0x03 0x02 0x02 0x6d 0x00 0x6b 0x00 0x00 0x00 0x00 0x00 0x00 0x00 0x00 0x00 0x80 0x1d 0x02 0x41 0x57 0xcb 0xc4 0x40 0x56 0x65 0x19 0x40 0x3d 0x0a 0x17 0x40 0x56 0x65 0x19 0x40 0x3d 0x0a 0x17 0x40 0x00 0x00 0x00 0x3f 0x00 0x00 0x68 0x41 0x40 0x7b 0xe6 0x40 0x4a 0xf1 0xa0 0x40 0xcb 0x25
[2026-07-07 14:56:52] Send self decision info: 0xa5 0x0e 0x00 0x00 0x37 0x01 0x03 0x21 0x01 0x6d 0x00 0x80 0x80 0x00 0x02 0x31 0x32 0x33 0x34 0x35 0x36 0x9d 0x8d
[2026-07-07 14:56:52] Generated sentinel field info: 0xa5 0x36 0x00 0x00 0xcc 0x01 0x03 0x02 0x02 0x6d 0x00 0x6b 0x00 0x00 0x00 0x00 0x00 0x00 0x00 0x00 0x00 0x80 0xef 0x04 0x41 0x85 0x78 0xc0 0x40 0x56 0x65 0x19 0x40 0x3d 0x0a 0x17 0x40 0x56 0x65 0x19 0x40 0x3d 0x0a 0x17 0x40 0x00 0x00 0x00 0x3f 0x00 0x00 0x68 0x41 0xe0 0xe9 0xe7 0x40 0x18 0x5f 0xa1 0x40 0xff 0xaa
[2026-07-07 14:56:53] Send self decision info: 0xa5 0x0e 0x00 0x00 0x37 0x01 0x03 0x21 0x01 0x6d 0x00 0x80 0x80 0x00 0x02 0x31 0x32 0x33 0x34 0x35 0x36 0x9d 0x8d
[2026-07-07 14:56:53] Preparing to send all location info: [ 0.00, 0.00 ], [ 8.58, 5.95 ], [ 2.40, 2.36 ], [ 2.40, 2.36 ], [ 0.50, 14.50 ], [ 7.24, 5.06 ], [ 0.00, 0.00 ], [ 10.57, 10.67 ], [ 10.83, 10.48 ], [ 16.62, 6.56 ], [ 27.50, 0.50 ], [ 0.00, 0.00 ]
[2026-07-07 14:56:53] Generated sentinel field info: 0xa5 0x36 0x00 0x00 0xcc 0x01 0x03 0x02 0x02 0x6d 0x00 0x6b 0x00 0x00 0x00 0x00 0x00 0x00 0x00 0x00 0x00 0x7a 0x53 0x09 0x41 0xec 0x78 0xbe 0x40 0x56 0x65 0x19 0x40 0x3d 0x0a 0x17 0x40 0x56 0x65 0x19 0x40 0x3d 0x0a 0x17 0x40 0x00 0x00 0x00 0x3f 0x00 0x00 0x68 0x41 0x18 0x9c 0xe7 0x40 0x5b 0xdc 0xa1 0x40 0xea 0xbf
[2026-07-07 14:56:53] Send self decision info: 0xa5 0x0e 0x00 0x00 0x37 0x01 0x03 0x21 0x01 0x6d 0x00 0x80 0x80 0x00 0x02 0x31 0x32 0x33 0x34 0x35 0x36 0x9d 0x8d
[2026-07-07 14:56:53] Send self decision info: 0xa5 0x0e 0x00 0x00 0x37 0x01 0x03 0x21 0x01 0x6d 0x00 0x80 0x80 0x00 0x02 0x31 0x32 0x33 0x34 0x35 0x36 0x9d 0x8d
[2026-07-07 14:56:53] Preparing to send all location info: [ 0.00, 0.00 ], [ 8.66, 5.97 ], [ 2.40, 2.36 ], [ 2.40, 2.36 ], [ 0.50, 14.50 ], [ 7.20, 5.04 ], [ 0.00, 0.00 ], [ 10.64, 10.67 ], [ 10.83, 10.48 ], [ 16.63, 6.59 ], [ 27.50, 0.50 ], [ 13.31, 7.16 ]
[2026-07-07 14:56:53] Generated sentinel field info: 0xa5 0x36 0x00 0x00 0xcc 0x01 0x03 0x02 0x02 0x6d 0x00 0x6b 0x00 0x00 0x00 0x00 0x00 0x00 0x00 0x00 0x00 0x50 0x8c 0x0a 0x41 0xb9 0x06 0xbf 0x40 0x56 0x65 0x19 0x40 0x3d 0x0a 0x17 0x40 0x56 0x65 0x19 0x40 0x3d 0x0a 0x17 0x40 0x00 0x00 0x00 0x3f 0x00 0x00 0x68 0x41 0xf4 0x51 0xe6 0x40 0xf7 0x33 0xa1 0x40 0x6c 0x7a
[2026-07-07 14:56:53] Send self decision info: 0xa5 0x0e 0x00 0x00 0x37 0x01 0x03 0x21 0x01 0x6d 0x00 0x80 0x80 0x00 0x02 0x31 0x32 0x33 0x34 0x35 0x36 0x9d 0x8d
[2026-07-07 14:56:53] Generated sentinel field info: 0xa5 0x36 0x00 0x00 0xcc 0x01 0x03 0x02 0x02 0x6d 0x00 0x6b 0x00 0x00 0x00 0x00 0x00 0x00 0x00 0x00 0x00 0x6c 0xfd 0x0a 0x41 0x13 0x1d 0xbf 0x40 0x56 0x65 0x19 0x40 0x3d 0x0a 0x17 0x40 0x56 0x65 0x19 0x40 0x3d 0x0a 0x17 0x40 0x00 0x00 0x00 0x3f 0x00 0x00 0x68 0x41 0xf8 0xa3 0xe8 0x40 0x39 0x92 0xa1 0x40 0x3e 0x93
[2026-07-07 14:56:53] Send self decision info: 0xa5 0x0e 0x00 0x00 0x37 0x01 0x03 0x21 0x01 0x6d 0x00 0x80 0x80 0x00 0x02 0x31 0x32 0x33 0x34 0x35 0x36 0x9d 0x8d
[2026-07-07 14:56:53] Preparing to send all location info: [ 0.00, 0.00 ], [ 8.71, 5.98 ], [ 2.40, 2.36 ], [ 2.40, 2.36 ], [ 0.50, 14.50 ], [ 7.22, 5.05 ], [ 0.00, 0.00 ], [ 10.65, 10.65 ], [ 10.78, 10.55 ], [ 16.58, 6.60 ], [ 27.50, 0.50 ], [ 13.28, 7.14 ]
[2026-07-07 14:56:53] Generated sentinel field info: 0xa5 0x36 0x00 0x00 0xcc 0x01 0x03 0x02 0x02 0x6d 0x00 0x6b 0x00 0x00 0x00 0x00 0x00 0x00 0x00 0x00 0x00 0xa8 0x60 0x0b 0x41 0xd0 0x5c 0xbf 0x40 0x56 0x65 0x19 0x40 0x3d 0x0a 0x17 0x40 0x56 0x65 0x19 0x40 0x3d 0x0a 0x17 0x40 0x00 0x00 0x00 0x3f 0x00 0x00 0x68 0x41 0xa4 0xe1 0xe6 0x40 0x6e 0xaa 0xa1 0x40 0xf4 0x2d
[2026-07-07 14:56:54] Send self decision info: 0xa5 0x0e 0x00 0x00 0x37 0x01 0x03 0x21 0x01 0x6d 0x00 0x80 0x80 0x00 0x02 0x31 0x32 0x33 0x34 0x35 0x36 0x9d 0x8d
[2026-07-07 14:56:54] Generated sentinel field info: 0xa5 0x36 0x00 0x00 0xcc 0x01 0x03 0x02 0x02 0x6d 0x00 0x6b 0x00 0x00 0x00 0x00 0x00 0x00 0x00 0x00 0x00 0x5a 0x68 0x06 0x41 0xcb 0x5a 0xc4 0x40 0x56 0x65 0x19 0x40 0x3d 0x0a 0x17 0x40 0x56 0x65 0x19 0x40 0x3d 0x0a 0x17 0x40 0x00 0x00 0x00 0x3f 0x00 0x00 0x68 0x41 0x5c 0x25 0xe5 0x40 0x6c 0xbb 0xa1 0x40 0x27 0xc4
[2026-07-07 14:56:54] Send self decision info: 0xa5 0x0e 0x00 0x00 0x37 0x01 0x03 0x21 0x01 0x6d 0x00 0x80 0x80 0x00 0x02 0x31 0x32 0x33 0x34 0x35 0x36 0x9d 0x8d
[2026-07-07 14:56:54] Preparing to send all location info: [ 0.00, 0.00 ], [ 8.22, 6.15 ], [ 2.40, 2.36 ], [ 2.40, 2.36 ], [ 0.50, 14.50 ], [ 7.21, 5.02 ], [ 0.00, 0.00 ], [ 10.79, 10.45 ], [ 10.86, 10.41 ], [ 16.71, 6.46 ], [ 27.50, 0.50 ], [ 13.22, 7.17 ]
[2026-07-07 14:56:54] Generated sentinel field info: 0xa5 0x36 0x00 0x00 0xcc 0x01 0x03 0x02 0x02 0x6d 0x00 0x6b 0x00 0x00 0x00 0x00 0x00 0x00 0x00 0x00 0x00 0xa8 0x85 0x03 0x41 0x0e 0xb2 0xc4 0x40 0x56 0x65 0x19 0x40 0x3d 0x0a 0x17 0x40 0x56 0x65 0x19 0x40 0x3d 0x0a 0x17 0x40 0x00 0x00 0x00 0x3f 0x00 0x00 0x68 0x41 0xc8 0xa0 0xe6 0x40 0xb5 0xb4 0xa0 0x40 0x56 0x4e
[2026-07-07 14:56:54] Send self decision info: 0xa5 0x0e 0x00 0x00 0x37 0x01 0x03 0x21 0x01 0x6d 0x00 0x80 0x80 0x00 0x02 0x31 0x32 0x33 0x34 0x35 0x36 0x9d 0x8d
[2026-07-07 14:56:54] Send self decision info: 0xa5 0x0e 0x00 0x00 0x37 0x01 0x03 0x21 0x01 0x6d 0x00 0x80 0x80 0x00 0x02 0x31 0x32 0x33 0x34 0x35 0x36 0x9d 0x8d
[2026-07-07 14:56:54] Preparing to send all location info: [ 0.00, 0.00 ], [ 8.40, 6.10 ], [ 2.40, 2.36 ], [ 2.40, 2.36 ], [ 0.50, 14.50 ], [ 7.17, 5.05 ], [ 0.00, 0.00 ], [ 10.79, 10.45 ], [ 10.78, 10.29 ], [ 16.74, 6.33 ], [ 27.50, 0.50 ], [ 13.20, 7.29 ]
[2026-07-07 14:56:54] Generated sentinel field info: 0xa5 0x36 0x00 0x00 0xcc 0x01 0x03 0x02 0x02 0x6d 0x00 0x6b 0x00 0x00 0x00 0x00 0x00 0x00 0x00 0x00 0x00 0x54 0x61 0x06 0x41 0xce 0x0e 0xc3 0x40 0x56 0x65 0x19 0x40 0x3d 0x0a 0x17 0x40 0x56 0x65 0x19 0x40 0x3d 0x0a 0x17 0x40 0x00 0x00 0x00 0x3f 0x00 0x00 0x68 0x41 0xac 0x49 0xe5 0x40 0xba 0x80 0xa1 0x40 0xed 0xd7
[2026-07-07 14:56:54] Send self decision info: 0xa5 0x0e 0x00 0x00 0x37 0x01 0x03 0x21 0x01 0x6d 0x00 0x80 0x80 0x00 0x02 0x31 0x32 0x33 0x34 0x35 0x36 0x9d 0x8d
[2026-07-07 14:56:54] Generated sentinel field info: 0xa5 0x36 0x00 0x00 0xcc 0x01 0x03 0x02 0x02 0x6d 0x00 0x6b 0x00 0x00 0x00 0x00 0x00 0x00 0x00 0x00 0x00 0x90 0x59 0x04 0x41 0xc0 0x98 0xc3 0x40 0x56 0x65 0x19 0x40 0x3d 0x0a 0x17 0x40 0x56 0x65 0x19 0x40 0x3d 0x0a 0x17 0x40 0x00 0x00 0x00 0x3f 0x00 0x00 0x68 0x41 0x8c 0xb9 0xe5 0x40 0xe8 0xcb 0xa0 0x40 0x7a 0xcc
[2026-07-07 14:56:55] Send self decision info: 0xa5 0x0e 0x00 0x00 0x37 0x01 0x03 0x21 0x01 0x6d 0x00 0x80 0x80 0x00 0x02 0x31 0x32 0x33 0x34 0x35 0x36 0x9d 0x8d
[2026-07-07 14:56:55] Preparing to send all location info: [ 0.00, 0.00 ], [ 8.22, 6.11 ], [ 2.40, 2.36 ], [ 2.40, 2.36 ], [ 0.50, 14.50 ], [ 7.20, 5.04 ], [ 0.00, 0.00 ], [ 10.79, 10.45 ], [ 10.85, 10.21 ], [ 16.58, 6.60 ], [ 27.50, 0.50 ], [ 13.11, 7.63 ]
[2026-07-07 14:56:55] Generated sentinel field info: 0xa5 0x36 0x00 0x00 0xcc 0x01 0x03 0x02 0x02 0x6d 0x00 0x6b 0x00 0x00 0x00 0x00 0x00 0x00 0x00 0x00 0x00 0x24 0x76 0x03 0x41 0xf7 0x80 0xc3 0x40 0x56 0x65 0x19 0x40 0x3d 0x0a 0x17 0x40 0x56 0x65 0x19 0x40 0x3d 0x0a 0x17 0x40 0x00 0x00 0x00 0x3f 0x00 0x00 0x68 0x41 0x54 0x3f 0xe6 0x40 0x05 0x52 0xa1 0x40 0x76 0x75
[2026-07-07 14:56:55] Send self decision info: 0xa5 0x0e 0x00 0x00 0x37 0x01 0x03 0x21 0x01 0x6d 0x00 0x80 0x80 0x00 0x02 0x31 0x32 0x33 0x34 0x35 0x36 0x9d 0x8d
[2026-07-07 14:56:55] Send self decision info: 0xa5 0x0e 0x00 0x00 0x37 0x01 0x03 0x21 0x01 0x6d 0x00 0x80 0x80 0x00 0x02 0x31 0x32 0x33 0x34 0x35 0x36 0x9d 0x8d
[2026-07-07 14:56:55] Preparing to send all location info: [ 0.00, 0.00 ], [ 8.20, 6.10 ], [ 2.40, 2.36 ], [ 2.40, 2.36 ], [ 0.50, 14.50 ], [ 7.17, 5.03 ], [ 0.00, 0.00 ], [ 10.79, 10.45 ], [ 11.91, 10.36 ], [ 16.67, 6.81 ], [ 27.50, 0.50 ], [ 13.05, 7.84 ]
[2026-07-07 14:56:55] Generated sentinel field info: 0xa5 0x36 0x00 0x00 0xcc 0x01 0x03 0x02 0x02 0x6d 0x00 0x6b 0x00 0x00 0x00 0x00 0x00 0x00 0x00 0x00 0x00 0xfe 0x22 0x03 0x41 0x6d 0x1a 0xc3 0x40 0x56 0x65 0x19 0x40 0x3d 0x0a 0x17 0x40 0x56 0x65 0x19 0x40 0x3d 0x0a 0x17 0x40 0x00 0x00 0x00 0x3f 0x00 0x00 0x68 0x41 0x20 0x8b 0xe5 0x40 0xf1 0x16 0xa1 0x40 0x82 0x02
[2026-07-07 14:56:55] Send self decision info: 0xa5 0x0e 0x00 0x00 0x37 0x01 0x03 0x21 0x01 0x6d 0x00 0x80 0x80 0x00 0x02 0x31 0x32 0x33 0x34 0x35 0x36 0x9d 0x8d
[2026-07-07 14:56:55] Generated sentinel field info: 0xa5 0x36 0x00 0x00 0xcc 0x01 0x03 0x02 0x02 0x6d 0x00 0x6b 0x00 0x00 0x00 0x00 0x00 0x00 0x00 0x00 0x00 0xbe 0xbe 0x03 0x41 0xb7 0xa7 0xc2 0x40 0x56 0x65 0x19 0x40 0x3d 0x0a 0x17 0x40 0x56 0x65 0x19 0x40 0x3d 0x0a 0x17 0x40 0x00 0x00 0x00 0x3f 0x00 0x00 0x68 0x41 0x70 0x10 0xe7 0x40 0xfc 0x5e 0xa1 0x40 0x11 0x8f
[2026-07-07 14:56:55] Send self decision info: 0xa5 0x0e 0x00 0x00 0x37 0x01 0x03 0x21 0x01 0x6d 0x00 0x80 0x80 0x00 0x02 0x31 0x32 0x33 0x34 0x35 0x36 0x9d 0x8d
[2026-07-07 14:56:55] Preparing to send all location info: [ 0.00, 0.00 ], [ 8.33, 6.07 ], [ 2.40, 2.36 ], [ 2.40, 2.36 ], [ 0.50, 14.50 ], [ 7.21, 5.06 ], [ 0.00, 0.00 ], [ 10.79, 10.45 ], [ 13.34, 10.73 ], [ 16.53, 6.61 ], [ 27.50, 0.50 ], [ 13.04, 7.94 ]
[2026-07-07 14:56:55] Generated sentinel field info: 0xa5 0x36 0x00 0x00 0xcc 0x01 0x03 0x02 0x02 0x6d 0x00 0x6b 0x00 0x00 0x00 0x00 0x00 0x00 0x00 0x00 0x00 0x84 0x4b 0x05 0x41 0x32 0x27 0xc2 0x40 0x56 0x65 0x19 0x40 0x3d 0x0a 0x17 0x40 0x56 0x65 0x19 0x40 0x3d 0x0a 0x17 0x40 0x00 0x00 0x00 0x3f 0x00 0x00 0x68 0x41 0x4c 0xb7 0xe6 0x40 0xb2 0xee 0xa1 0x40 0x78 0x44
[2026-07-07 14:56:56] Send self decision info: 0xa5 0x0e 0x00 0x00 0x37 0x01 0x03 0x21 0x01 0x6d 0x00 0x80 0x80 0x00 0x02 0x31 0x32 0x33 0x34 0x35 0x36 0x9d 0x8d
[2026-07-07 14:56:56] Generated sentinel field info: 0xa5 0x36 0x00 0x00 0xcc 0x01 0x03 0x02 0x02 0x6d 0x00 0x6b 0x00 0x00 0x00 0x00 0x00 0x00 0x00 0x00 0x00 0x52 0xe8 0x05 0x41 0x9b 0x15 0xc3 0x40 0x56 0x65 0x19 0x40 0x3d 0x0a 0x17 0x40 0x56 0x65 0x19 0x40 0x3d 0x0a 0x17 0x40 0x00 0x00 0x00 0x3f 0x00 0x00 0x68 0x41 0xa4 0x24 0xe6 0x40 0x1a 0x7d 0xa1 0x40 0xcf 0x53
[2026-07-07 14:56:56] Send self decision info: 0xa5 0x0e 0x00 0x00 0x37 0x01 0x03 0x21 0x01 0x6d 0x00 0x80 0x80 0x00 0x02 0x31 0x32 0x33 0x34 0x35 0x36 0x9d 0x8d
[2026-07-07 14:56:56] Preparing to send all location info: [ 0.00, 0.00 ], [ 8.36, 6.11 ], [ 2.40, 2.36 ], [ 2.40, 2.36 ], [ 0.50, 14.50 ], [ 7.25, 5.04 ], [ 0.00, 0.00 ], [ 10.79, 10.45 ], [ 14.84, 11.19 ], [ 16.62, 6.76 ], [ 27.50, 0.50 ], [ 13.19, 8.22 ]
[2026-07-07 14:56:56] Send self decision info: 0xa5 0x0e 0x00 0x00 0x37 0x01 0x03 0x21 0x01 0x6d 0x00 0x80 0x80 0x00 0x02 0x31 0x32 0x33 0x34 0x35 0x36 0x9d 0x8d
[2026-07-07 14:56:56] Generated sentinel field info: 0xa5 0x36 0x00 0x00 0xcc 0x01 0x03 0x02 0x02 0x6d 0x00 0x6b 0x00 0x00 0x00 0x00 0x00 0x00 0x00 0x00 0x00 0xee 0x55 0x05 0x41 0xb1 0x68 0xc3 0x40 0x56 0x65 0x19 0x40 0x3d 0x0a 0x17 0x40 0x56 0x65 0x19 0x40 0x3d 0x0a 0x17 0x40 0x00 0x00 0x00 0x3f 0x00 0x00 0x68 0x41 0x58 0x8f 0xe7 0x40 0xe1 0xf0 0xa1 0x40 0x5e 0x18
[2026-07-07 14:56:56] Send self decision info: 0xa5 0x0e 0x00 0x00 0x37 0x01 0x03 0x21 0x01 0x6d 0x00 0x80 0x80 0x00 0x02 0x31 0x32 0x33 0x34 0x35 0x36 0x9d 0x8d
[2026-07-07 14:56:56] Preparing to send all location info: [ 0.00, 0.00 ], [ 8.39, 6.02 ], [ 2.40, 2.36 ], [ 2.40, 2.36 ], [ 0.50, 14.50 ], [ 7.18, 5.07 ], [ 0.00, 0.00 ], [ 10.79, 10.45 ], [ 15.76, 11.68 ], [ 16.68, 6.70 ], [ 27.50, 0.50 ], [ 13.66, 8.39 ]
[2026-07-07 14:56:56] Generated sentinel field info: 0xa5 0x36 0x00 0x00 0xcc 0x01 0x03 0x02 0x02 0x6d 0x00 0x6b 0x00 0x00 0x00 0x00 0x00 0x00 0x00 0x00 0x00 0xba 0x36 0x06 0x41 0x4e 0xcb 0xc0 0x40 0x56 0x65 0x19 0x40 0x3d 0x0a 0x17 0x40 0x56 0x65 0x19 0x40 0x3d 0x0a 0x17 0x40 0x00 0x00 0x00 0x3f 0x00 0x00 0x68 0x41 0x4c 0xbc 0xe5 0x40 0x8f 0x25 0xa2 0x40 0xb4 0x54
[2026-07-07 14:56:56] Send self decision info: 0xa5 0x0e 0x00 0x00 0x37 0x01 0x03 0x21 0x01 0x6d 0x00 0x80 0x80 0x00 0x02 0x31 0x32 0x33 0x34 0x35 0x36 0x9d 0x8d
[2026-07-07 14:56:57] Send self decision info: 0xa5 0x0e 0x00 0x00 0x37 0x01 0x03 0x21 0x01 0x6d 0x00 0x80 0x80 0x00 0x02 0x31 0x32 0x33 0x34 0x35 0x36 0x9d 0x8d
[2026-07-07 14:56:57] Preparing to send all location info: [ 0.00, 0.00 ], [ 8.46, 5.87 ], [ 2.40, 2.36 ], [ 2.40, 2.36 ], [ 0.50, 14.50 ], [ 7.25, 5.05 ], [ 0.00, 0.00 ], [ 10.79, 10.45 ], [ 15.65, 12.38 ], [ 16.57, 6.11 ], [ 27.50, 0.50 ], [ 14.13, 8.56 ]
[2026-07-07 14:56:57] Generated sentinel field info: 0xa5 0x36 0x00 0x00 0xcc 0x01 0x03 0x02 0x02 0x6d 0x00 0x6b 0x00 0x00 0x00 0x00 0x00 0x00 0x00 0x00 0x00 0xf8 0x65 0x07 0x41 0xd5 0xe1 0xbb 0x40 0x56 0x65 0x19 0x40 0x3d 0x0a 0x17 0x40 0x56 0x65 0x19 0x40 0x3d 0x0a 0x17 0x40 0x00 0x00 0x00 0x3f 0x00 0x00 0x68 0x41 0xec 0xd8 0xe7 0x40 0x62 0x7a 0xa1 0x40 0xff 0xf5
[2026-07-07 14:56:57] Send self decision info: 0xa5 0x0e 0x00 0x00 0x37 0x01 0x03 0x21 0x01 0x6d 0x00 0x80 0x80 0x00 0x02 0x31 0x32 0x33 0x34 0x35 0x36 0x9d 0x8d
[2026-07-07 14:56:57] Generated sentinel field info: 0xa5 0x36 0x00 0x00 0xcc 0x01 0x03 0x02 0x02 0x6d 0x00 0x6b 0x00 0x00 0x00 0x00 0x00 0x00 0x00 0x00 0x00 0x74 0x84 0x0a 0x41 0xa1 0x29 0xb8 0x40 0x56 0x65 0x19 0x40 0x3d 0x0a 0x17 0x40 0x56 0x65 0x19 0x40 0x3d 0x0a 0x17 0x40 0x00 0x00 0x00 0x3f 0x00 0x00 0x68 0x41 0x48 0x7d 0xe6 0x40 0x41 0x4c 0xa2 0x40 0xc4 0x49
[2026-07-07 14:56:57] Send self decision info: 0xa5 0x0e 0x00 0x00 0x37 0x01 0x03 0x21 0x01 0x6d 0x00 0x80 0x80 0x00 0x02 0x31 0x32 0x33 0x34 0x35 0x36 0x9d 0x8d
[2026-07-07 14:56:57] Preparing to send all location info: [ 1.79, 4.26 ], [ 8.67, 5.69 ], [ 2.40, 2.36 ], [ 2.40, 2.36 ], [ 0.50, 14.50 ], [ 7.20, 5.07 ], [ 0.00, 0.00 ], [ 10.79, 10.45 ], [ 16.57, 12.75 ], [ 16.54, 6.14 ], [ 27.50, 0.50 ], [ 13.77, 8.91 ]
[2026-07-07 14:56:57] Generated sentinel field info: 0xa5 0x36 0x00 0x00 0xcc 0x01 0x03 0x02 0x02 0x6d 0x00 0x6b 0x00 0x50 0x64 0xe5 0x3f 0x67 0x3c 0x88 0x40 0x96 0xc4 0x0a 0x41 0x65 0x06 0xb6 0x40 0x56 0x65 0x19 0x40 0x3d 0x0a 0x17 0x40 0x56 0x65 0x19 0x40 0x3d 0x0a 0x17 0x40 0x00 0x00 0x00 0x3f 0x00 0x00 0x68 0x41 0xfc 0x75 0xe6 0x40 0x04 0x58 0xa2 0x40 0xeb 0x0f
[2026-07-07 14:56:57] Send self decision info: 0xa5 0x0e 0x00 0x00 0x37 0x01 0x03 0x21 0x01 0x6d 0x00 0x80 0x80 0x00 0x02 0x31 0x32 0x33 0x34 0x35 0x36 0x9d 0x8d
[2026-07-07 14:56:57] Generated sentinel field info: 0xa5 0x36 0x00 0x00 0xcc 0x01 0x03 0x02 0x02 0x6d 0x00 0x6b 0x00 0xc8 0xd8 0x52 0x40 0x4d 0xad 0x7f 0x40 0x8a 0x15 0x0b 0x41 0x38 0x7b 0xb6 0x40 0x56 0x65 0x19 0x40 0x3d 0x0a 0x17 0x40 0x56 0x65 0x19 0x40 0x3d 0x0a 0x17 0x40 0x00 0x00 0x00 0x3f 0x00 0x00 0x68 0x41 0xe0 0x98 0xe7 0x40 0x8a 0xe1 0xa1 0x40 0xed 0x7d
[2026-07-07 14:56:57] Send self decision info: 0xa5 0x0e 0x00 0x00 0x37 0x01 0x03 0x21 0x01 0x6d 0x00 0x80 0x80 0x00 0x02 0x31 0x32 0x33 0x34 0x35 0x36 0x9d 0x8d
[2026-07-07 14:56:57] Preparing to send all location info: [ 3.38, 3.95 ], [ 8.73, 5.69 ], [ 2.40, 2.36 ], [ 2.40, 2.36 ], [ 0.50, 14.50 ], [ 7.15, 5.08 ], [ 0.00, 0.00 ], [ 10.79, 10.45 ], [ 18.10, 12.45 ], [ 16.73, 5.63 ], [ 27.50, 0.50 ], [ 13.43, 9.28 ]
[2026-07-07 14:56:57] Generated sentinel field info: 0xa5 0x36 0x00 0x00 0xcc 0x01 0x03 0x02 0x02 0x6d 0x00 0x6b 0x00 0x18 0x16 0x58 0x40 0x5a 0xdc 0x7c 0x40 0x4e 0xa5 0x0b 0x41 0x54 0x36 0xb6 0x40 0x56 0x65 0x19 0x40 0x3d 0x0a 0x17 0x40 0x56 0x65 0x19 0x40 0x3d 0x0a 0x17 0x40 0x00 0x00 0x00 0x3f 0x00 0x00 0x68 0x41 0x2c 0xa9 0xe4 0x40 0x27 0x84 0xa2 0x40 0x15 0x4a
[2026-07-07 14:56:58] Send self decision info: 0xa5 0x0e 0x00 0x00 0x37 0x01 0x03 0x21 0x01 0x6d 0x00 0x80 0x80 0x00 0x02 0x31 0x32 0x33 0x34 0x35 0x36 0x9d 0x8d
[2026-07-07 14:56:58] Send self decision info: 0xa5 0x0e 0x00 0x00 0x37 0x01 0x03 0x21 0x01 0x6d 0x00 0x80 0x80 0x00 0x02 0x31 0x32 0x33 0x34 0x35 0x36 0x9d 0x8d
[2026-07-07 14:56:58] Preparing to send all location info: [ 3.14, 4.43 ], [ 8.71, 5.71 ], [ 2.40, 2.36 ], [ 2.40, 2.36 ], [ 0.50, 14.50 ], [ 7.21, 5.06 ], [ 0.00, 0.00 ], [ 10.79, 10.45 ], [ 19.42, 12.03 ], [ 16.98, 5.15 ], [ 27.50, 0.50 ], [ 13.72, 9.64 ]
[2026-07-07 14:56:58] Generated sentinel field info: 0xa5 0x36 0x00 0x00 0xcc 0x01 0x03 0x02 0x02 0x6d 0x00 0x6b 0x00 0x90 0xfc 0x48 0x40 0xbd 0xa1 0x8d 0x40 0xe4 0x6d 0x0b 0x41 0x84 0xda 0xb6 0x40 0x56 0x65 0x19 0x40 0x3d 0x0a 0x17 0x40 0x56 0x65 0x19 0x40 0x3d 0x0a 0x17 0x40 0x00 0x00 0x00 0x3f 0x00 0x00 0x68 0x41 0x28 0xa6 0xe6 0x40 0x58 0x0a 0xa2 0x40 0xaa 0xec
[2026-07-07 14:56:58] Send self decision info: 0xa5 0x0e 0x00 0x00 0x37 0x01 0x03 0x21 0x01 0x6d 0x00 0x80 0x80 0x00 0x02 0x31 0x32 0x33 0x34 0x35 0x36 0x9d 0x8d
[2026-07-07 14:56:58] Generated sentinel field info: 0xa5 0x36 0x00 0x00 0xcc 0x01 0x03 0x02 0x02 0x6d 0x00 0x6b 0x00 0xc8 0x10 0x3a 0x40 0x8d 0x64 0x9b 0x40 0x08 0x71 0x0b 0x41 0x38 0xd1 0xb6 0x40 0x56 0x65 0x19 0x40 0x3d 0x0a 0x17 0x40 0x56 0x65 0x19 0x40 0x3d 0x0a 0x17 0x40 0x00 0x00 0x00 0x3f 0x00 0x00 0x68 0x41 0xc8 0x84 0xe6 0x40 0x27 0x40 0xa2 0x40 0x2c 0xdd
[2026-07-07 14:56:58] Send self decision info: 0xa5 0x0e 0x00 0x00 0x37 0x01 0x03 0x21 0x01 0x6d 0x00 0x80 0x80 0x00 0x02 0x31 0x32 0x33 0x34 0x35 0x36 0x9d 0x8d
[2026-07-07 14:56:58] Preparing to send all location info: [ 2.72, 5.20 ], [ 8.72, 5.70 ], [ 2.40, 2.36 ], [ 2.40, 2.36 ], [ 0.50, 14.50 ], [ 7.15, 5.08 ], [ 0.00, 0.00 ], [ 10.79, 10.45 ], [ 19.84, 11.92 ], [ 16.90, 4.62 ], [ 27.50, 0.50 ], [ 13.71, 9.85 ]
[2026-07-07 14:56:58] Generated sentinel field info: 0xa5 0x36 0x00 0x00 0xcc 0x01 0x03 0x02 0x02 0x6d 0x00 0x6b 0x00 0xf0 0xf0 0x2d 0x40 0x45 0x5d 0xa6 0x40 0xaa 0x92 0x0b 0x41 0x90 0x6d 0xb6 0x40 0x56 0x65 0x19 0x40 0x3d 0x0a 0x17 0x40 0x56 0x65 0x19 0x40 0x3d 0x0a 0x17 0x40 0x00 0x00 0x00 0x3f 0x00 0x00 0x68 0x41 0x88 0xa5 0xe4 0x40 0x07 0x8a 0xa2 0x40 0x24 0x12
[2026-07-07 14:56:58] Send self decision info: 0xa5 0x0e 0x00 0x00 0x37 0x01 0x03 0x21 0x01 0x6d 0x00 0x80 0x80 0x00 0x02 0x31 0x32 0x33 0x34 0x35 0x36 0x9d 0x8d
[2026-07-07 14:56:58] Generated sentinel field info: 0xa5 0x36 0x00 0x00 0xcc 0x01 0x03 0x02 0x02 0x6d 0x00 0x6b 0x00 0x88 0xf3 0x29 0x40 0x47 0x25 0xa9 0x40 0x74 0xa6 0x0b 0x41 0xed 0x32 0xb6 0x40 0x56 0x65 0x19 0x40 0x3d 0x0a 0x17 0x40 0x56 0x65 0x19 0x40 0x3d 0x0a 0x17 0x40 0x00 0x00 0x00 0x3f 0x00 0x00 0x68 0x41 0xe8 0xd4 0xe5 0x40 0xd5 0xfd 0xa1 0x40 0x14 0xb4
[2026-07-07 14:56:59] Send self decision info: 0xa5 0x0e 0x00 0x00 0x37 0x01 0x03 0x21 0x01 0x6d 0x00 0x80 0x80 0x00 0x02 0x31 0x32 0x33 0x34 0x35 0x36 0x9d 0x8d
[2026-07-07 14:56:59] Preparing to send all location info: [ 2.58, 5.44 ], [ 8.70, 5.70 ], [ 2.40, 2.36 ], [ 2.40, 2.36 ], [ 0.50, 14.50 ], [ 7.17, 5.09 ], [ 0.00, 0.00 ], [ 10.79, 10.45 ], [ 19.84, 11.92 ], [ 16.83, 4.95 ], [ 27.50, 0.50 ], [ 13.60, 9.96 ]
[2026-07-07 14:56:59] Generated sentinel field info: 0xa5 0x36 0x00 0x00 0xcc 0x01 0x03 0x02 0x02 0x6d 0x00 0x6b 0x00 0x60 0xee 0x24 0x40 0x62 0x37 0xae 0x40 0x0e 0x29 0x0b 0x41 0x55 0x41 0xb6 0x40 0x56 0x65 0x19 0x40 0x3d 0x0a 0x17 0x40 0x56 0x65 0x19 0x40 0x3d 0x0a 0x17 0x40 0x00 0x00 0x00 0x3f 0x00 0x00 0x68 0x41 0x70 0x60 0xe5 0x40 0xda 0xb9 0xa2 0x40 0x6d 0xaa
[2026-07-07 14:56:59] Send self decision info: 0xa5 0x0e 0x00 0x00 0x37 0x01 0x03 0x21 0x01 0x6d 0x00 0x80 0x80 0x00 0x02 0x31 0x32 0x33 0x34 0x35 0x36 0x9d 0x8d
[2026-07-07 14:56:59] Send self decision info: 0xa5 0x0e 0x00 0x00 0x37 0x01 0x03 0x21 0x01 0x6d 0x00 0x80 0x80 0x00 0x02 0x31 0x32 0x33 0x34 0x35 0x36 0x9d 0x8d
[2026-07-07 14:56:59] Preparing to send all location info: [ 3.59, 5.45 ], [ 8.81, 5.66 ], [ 2.40, 2.36 ], [ 2.40, 2.36 ], [ 0.50, 14.50 ], [ 7.14, 5.05 ], [ 0.00, 0.00 ], [ 20.38, 10.82 ], [ 19.84, 11.92 ], [ 16.80, 5.81 ], [ 27.50, 0.50 ], [ 13.57, 9.99 ]
[2026-07-07 14:56:59] Generated sentinel field info: 0xa5 0x36 0x00 0x00 0xcc 0x01 0x03 0x02 0x02 0x6d 0x00 0x6b 0x00 0x90 0x9c 0x65 0x40 0xc5 0x8a 0xae 0x40 0x86 0x02 0x0d 0x41 0xb6 0xf8 0xb4 0x40 0x56 0x65 0x19 0x40 0x3d 0x0a 0x17 0x40 0x56 0x65 0x19 0x40 0x3d 0x0a 0x17 0x40 0x00 0x00 0x00 0x3f 0x00 0x00 0x68 0x41 0x40 0x5f 0xe4 0x40 0xfb 0x9d 0xa1 0x40 0x9d 0xf4
[2026-07-07 14:56:59] Send self decision info: 0xa5 0x0e 0x00 0x00 0x37 0x01 0x03 0x21 0x01 0x6d 0x00 0x80 0x80 0x00 0x02 0x31 0x32 0x33 0x34 0x35 0x36 0x9d 0x8d
[2026-07-07 14:56:59] Send self decision info: 0xa5 0x0e 0x00 0x00 0x37 0x01 0x03 0x21 0x01 0x6d 0x00 0x80 0x80 0x00 0x02 0x31 0x32 0x33 0x34 0x35 0x36 0x9d 0x8d
[2026-07-07 14:56:59] Preparing to send all location info: [ 3.58, 5.28 ], [ 9.11, 5.62 ], [ 2.40, 2.36 ], [ 2.40, 2.36 ], [ 0.50, 14.50 ], [ 7.20, 5.12 ], [ 0.00, 0.00 ], [ 20.06, 10.88 ], [ 19.53, 10.93 ], [ 16.57, 6.51 ], [ 27.50, 0.50 ], [ 13.58, 9.99 ]
[2026-07-07 14:56:59] Generated sentinel field info: 0xa5 0x36 0x00 0x00 0xcc 0x01 0x03 0x02 0x02 0x6d 0x00 0x6b 0x00 0x90 0xdb 0x64 0x40 0x23 0xef 0xa8 0x40 0xe4 0xb7 0x11 0x41 0x77 0xc5 0xb3 0x40 0x56 0x65 0x19 0x40 0x3d 0x0a 0x17 0x40 0x56 0x65 0x19 0x40 0x3d 0x0a 0x17 0x40 0x00 0x00 0x00 0x3f 0x00 0x00 0x68 0x41 0x94 0x79 0xe6 0x40 0x33 0xb0 0xa3 0x40 0xb7 0x22
[2026-07-07 14:57:00] Send self decision info: 0xa5 0x0e 0x00 0x00 0x37 0x01 0x03 0x21 0x01 0x6d 0x00 0x80 0x80 0x00 0x02 0x31 0x32 0x33 0x34 0x35 0x36 0x9d 0x8d
[2026-07-07 14:57:00] Generated sentinel field info: 0xa5 0x36 0x00 0x00 0xcc 0x01 0x03 0x02 0x02 0x6d 0x00 0x6b 0x00 0x68 0x83 0x63 0x40 0xa1 0xb0 0xa7 0x40 0x3c 0x19 0x11 0x41 0xf4 0x2c 0xb4 0x40 0x56 0x65 0x19 0x40 0x3d 0x0a 0x17 0x40 0x56 0x65 0x19 0x40 0x3d 0x0a 0x17 0x40 0x00 0x00 0x00 0x3f 0x00 0x00 0x68 0x41 0x7c 0xb9 0xe4 0x40 0xcb 0x69 0xa2 0x40 0x3d 0x30
[2026-07-07 14:57:00] Send self decision info: 0xa5 0x0e 0x00 0x00 0x37 0x01 0x03 0x21 0x01 0x6d 0x00 0x80 0x80 0x00 0x02 0x31 0x32 0x33 0x34 0x35 0x36 0x9d 0x8d
[2026-07-07 14:57:00] Preparing to send all location info: [ 3.51, 5.20 ], [ 8.88, 5.73 ], [ 2.40, 2.36 ], [ 2.40, 2.36 ], [ 0.50, 14.50 ], [ 7.23, 5.07 ], [ 0.00, 0.00 ], [ 18.25, 10.57 ], [ 19.53, 10.93 ], [ 16.69, 6.83 ], [ 27.50, 0.50 ], [ 13.61, 10.00 ]
[2026-07-07 14:57:00] Generated sentinel field info: 0xa5 0x36 0x00 0x00 0xcc 0x01 0x03 0x02 0x02 0x6d 0x00 0x6b 0x00 0xd0 0xcc 0x60 0x40 0x02 0x80 0xa6 0x40 0x70 0x0e 0x0e 0x41 0x2a 0x7c 0xb7 0x40 0x56 0x65 0x19 0x40 0x3d 0x0a 0x17 0x40 0x56 0x65 0x19 0x40 0x3d 0x0a 0x17 0x40 0x00 0x00 0x00 0x3f 0x00 0x00 0x68 0x41 0x7c 0x70 0xe7 0x40 0x92 0x22 0xa2 0x40 0x91 0xf9
[2026-07-07 14:57:00] Send self decision info: 0xa5 0x0e 0x00 0x00 0x37 0x01 0x03 0x21 0x01 0x6d 0x00 0x80 0x80 0x00 0x02 0x31 0x32 0x33 0x34 0x35 0x36 0x9d 0x8d
[2026-07-07 14:57:00] Send self decision info: 0xa5 0x0e 0x00 0x00 0x37 0x01 0x03 0x21 0x01 0x6d 0x00 0x80 0x80 0x00 0x02 0x31 0x32 0x33 0x34 0x35 0x36 0x9d 0x8d
[2026-07-07 14:57:00] Preparing to send all location info: [ 3.88, 4.65 ], [ 8.63, 5.79 ], [ 2.40, 2.36 ], [ 2.40, 2.36 ], [ 0.50, 14.50 ], [ 7.19, 5.10 ], [ 0.00, 0.00 ], [ 18.25, 10.57 ], [ 18.50, 10.49 ], [ 16.64, 6.79 ], [ 27.50, 0.50 ], [ 13.61, 9.99 ]
[2026-07-07 14:57:00] Generated sentinel field info: 0xa5 0x36 0x00 0x00 0xcc 0x01 0x03 0x02 0x02 0x6d 0x00 0x6b 0x00 0x80 0x6c 0x78 0x40 0x35 0xde 0x94 0x40 0x50 0x23 0x0a 0x41 0xd3 0x49 0xb9 0x40 0x56 0x65 0x19 0x40 0x3d 0x0a 0x17 0x40 0x56 0x65 0x19 0x40 0x3d 0x0a 0x17 0x40 0x00 0x00 0x00 0x3f 0x00 0x00 0x68 0x41 0xbc 0x01 0xe6 0x40 0x74 0x13 0xa3 0x40 0x39 0x3e
[2026-07-07 14:57:00] Send self decision info: 0xa5 0x0e 0x00 0x00 0x37 0x01 0x03 0x21 0x01 0x6d 0x00 0x80 0x80 0x00 0x02 0x31 0x32 0x33 0x34 0x35 0x36 0x9d 0x8d
[2026-07-07 14:57:01] Send self decision info: 0xa5 0x0e 0x00 0x00 0x37 0x01 0x03 0x21 0x01 0x6d 0x00 0x80 0x80 0x00 0x02 0x31 0x32 0x33 0x34 0x35 0x36 0x9d 0x8d
[2026-07-07 14:57:01] Preparing to send all location info: [ 5.51, 4.21 ], [ 8.37, 5.87 ], [ 2.40, 2.36 ], [ 2.40, 2.36 ], [ 0.50, 14.50 ], [ 7.18, 5.10 ], [ 0.00, 0.00 ], [ 18.25, 10.57 ], [ 19.66, 10.11 ], [ 16.31, 6.19 ], [ 27.50, 0.50 ], [ 13.61, 9.99 ]
[2026-07-07 14:57:01] Generated sentinel field info: 0xa5 0x36 0x00 0x00 0xcc 0x01 0x03 0x02 0x02 0x6d 0x00 0x6b 0x00 0x80 0x7a 0xb0 0x40 0x28 0xda 0x86 0x40 0x58 0xfc 0x05 0x41 0x21 0xf3 0xbb 0x40 0x56 0x65 0x19 0x40 0x3d 0x0a 0x17 0x40 0x56 0x65 0x19 0x40 0x3d 0x0a 0x17 0x40 0x00 0x00 0x00 0x3f 0x00 0x00 0x68 0x41 0xc8 0xe4 0xe5 0x40 0x25 0x42 0xa3 0x40 0xd8 0x44
[2026-07-07 14:57:01] Send self decision info: 0xa5 0x0e 0x00 0x00 0x37 0x01 0x03 0x21 0x01 0x6d 0x00 0x80 0x80 0x00 0x02 0x31 0x32 0x33 0x34 0x35 0x36 0x9d 0x8d
[2026-07-07 14:57:01] Send self decision info: 0xa5 0x0e 0x00 0x00 0x37 0x01 0x03 0x21 0x01 0x6d 0x00 0x80 0x80 0x00 0x02 0x31 0x32 0x33 0x34 0x35 0x36 0x9d 0x8d
[2026-07-07 14:57:01] Preparing to send all location info: [ 5.99, 3.75 ], [ 8.40, 5.84 ], [ 2.40, 2.36 ], [ 2.40, 2.36 ], [ 0.50, 14.50 ], [ 7.20, 5.07 ], [ 0.00, 0.00 ], [ 18.25, 10.57 ], [ 19.95, 10.01 ], [ 16.88, 5.26 ], [ 27.50, 0.50 ], [ 13.61, 9.99 ]
[2026-07-07 14:57:01] Generated sentinel field info: 0xa5 0x36 0x00 0x00 0xcc 0x01 0x03 0x02 0x02 0x6d 0x00 0x6b 0x00 0x9c 0xa1 0xbf 0x40 0x15 0x22 0x70 0x40 0xbe 0x5e 0x06 0x41 0xa8 0xcc 0xba 0x40 0x56 0x65 0x19 0x40 0x3d 0x0a 0x17 0x40 0x56 0x65 0x19 0x40 0x3d 0x0a 0x17 0x40 0x00 0x00 0x00 0x3f 0x00 0x00 0x68 0x41 0x00 0x6f 0xe6 0x40 0x49 0x63 0xa2 0x40 0x20 0xa9
[2026-07-07 14:57:01] Send self decision info: 0xa5 0x0e 0x00 0x00 0x37 0x01 0x03 0x21 0x01 0x6d 0x00 0x80 0x80 0x00 0x02 0x31 0x32 0x33 0x34 0x35 0x36 0x9d 0x8d
[2026-07-07 14:57:01] Generated sentinel field info: 0xa5 0x36 0x00 0x00 0xcc 0x01 0x03 0x02 0x02 0x6d 0x00 0x6b 0x00 0xb4 0x93 0xb1 0x40 0xa7 0xea 0x76 0x40 0x90 0x81 0x05 0x41 0x12 0x9f 0xba 0x40 0x56 0x65 0x19 0x40 0x3d 0x0a 0x17 0x40 0x56 0x65 0x19 0x40 0x3d 0x0a 0x17 0x40 0x00 0x00 0x00 0x3f 0x00 0x00 0x68 0x41 0xcc 0xc5 0xe7 0x40 0x92 0xf7 0xa2 0x40 0x5e 0x08
[2026-07-07 14:57:01] Send self decision info: 0xa5 0x0e 0x00 0x00 0x37 0x01 0x03 0x21 0x01 0x6d 0x00 0x80 0x80 0x00 0x02 0x31 0x32 0x33 0x34 0x35 0x36 0x9d 0x8d
[2026-07-07 14:57:01] Preparing to send all location info: [ 5.19, 4.21 ], [ 8.11, 5.92 ], [ 2.40, 2.36 ], [ 2.40, 2.36 ], [ 0.50, 14.50 ], [ 7.15, 5.11 ], [ 0.00, 0.00 ], [ 18.25, 10.57 ], [ 19.95, 10.01 ], [ 17.31, 4.05 ], [ 27.50, 0.50 ], [ 13.61, 9.99 ]
[2026-07-07 14:57:01] Generated sentinel field info: 0xa5 0x36 0x00 0x00 0xcc 0x01 0x03 0x02 0x02 0x6d 0x00 0x6b 0x00 0xd0 0x24 0xa6 0x40 0x7b 0xc3 0x86 0x40 0xc8 0xca 0x01 0x41 0xac 0x88 0xbd 0x40 0x56 0x65 0x19 0x40 0x3d 0x0a 0x17 0x40 0x56 0x65 0x19 0x40 0x3d 0x0a 0x17 0x40 0x00 0x00 0x00 0x3f 0x00 0x00 0x68 0x41 0x58 0xdb 0xe4 0x40 0xb5 0x90 0xa3 0x40 0x27 0xa7
[2026-07-07 14:57:02] Send self decision info: 0xa5 0x0e 0x00 0x00 0x37 0x01 0x03 0x21 0x01 0x6d 0x00 0x80 0x80 0x00 0x02 0x31 0x32 0x33 0x34 0x35 0x36 0x9d 0x8d
[2026-07-07 14:57:02] Send self decision info: 0xa5 0x0e 0x00 0x00 0x37 0x01 0x03 0x21 0x01 0x6d 0x00 0x80 0x80 0x00 0x02 0x31 0x32 0x33 0x34 0x35 0x36 0x9d 0x8d
[2026-07-07 14:57:02] Preparing to send all location info: [ 4.48, 4.86 ], [ 8.26, 5.96 ], [ 2.40, 2.36 ], [ 2.40, 2.36 ], [ 0.50, 14.50 ], [ 7.28, 5.12 ], [ 0.00, 0.00 ], [ 18.25, 10.57 ], [ 19.95, 10.01 ], [ 17.49, 3.63 ], [ 27.50, 0.50 ], [ 13.58, 9.99 ]
[2026-07-07 14:57:02] Generated sentinel field info: 0xa5 0x36 0x00 0x00 0xcc 0x01 0x03 0x02 0x02 0x6d 0x00 0x6b 0x00 0x94 0x6c 0x8f 0x40 0x9c 0x5e 0x9b 0x40 0x38 0x20 0x04 0x41 0x1e 0xc3 0xbe 0x40 0x56 0x65 0x19 0x40 0x3d 0x0a 0x17 0x40 0x56 0x65 0x19 0x40 0x3d 0x0a 0x17 0x40 0x00 0x00 0x00 0x3f 0x00 0x00 0x68 0x41 0x58 0xf6 0xe8 0x40 0xf7 0xca 0xa3 0x40 0xa8 0x37
[2026-07-07 14:57:02] Send self decision info: 0xa5 0x0e 0x00 0x00 0x37 0x01 0x03 0x21 0x01 0x6d 0x00 0x80 0x80 0x00 0x02 0x31 0x32 0x33 0x34 0x35 0x36 0x9d 0x8d
[2026-07-07 14:57:02] Generated sentinel field info: 0xa5 0x36 0x00 0x00 0xcc 0x01 0x03 0x02 0x02 0x6d 0x00 0x6b 0x00 0xb4 0x8d 0x82 0x40 0x63 0x22 0xa5 0x40 0xbe 0xb5 0x02 0x41 0x74 0x83 0xbd 0x40 0x56 0x65 0x19 0x40 0x3d 0x0a 0x17 0x40 0x56 0x65 0x19 0x40 0x3d 0x0a 0x17 0x40 0x00 0x00 0x00 0x3f 0x00 0x00 0x68 0x41 0x74 0x79 0xe6 0x40 0x6a 0xb0 0xa3 0x40 0x7a 0xb4
[2026-07-07 14:57:02] Send self decision info: 0xa5 0x0e 0x00 0x00 0x37 0x01 0x03 0x21 0x01 0x6d 0x00 0x80 0x80 0x00 0x02 0x31 0x32 0x33 0x34 0x35 0x36 0x9d 0x8d
[2026-07-07 14:57:02] Preparing to send all location info: [ 4.28, 5.60 ], [ 8.15, 5.95 ], [ 2.40, 2.36 ], [ 2.40, 2.36 ], [ 0.50, 14.50 ], [ 7.14, 5.09 ], [ 0.00, 0.00 ], [ 18.25, 10.57 ], [ 19.95, 10.01 ], [ 17.74, 1.95 ], [ 27.50, 0.50 ], [ 13.61, 9.99 ]
[2026-07-07 14:57:02] Generated sentinel field info: 0xa5 0x36 0x00 0x00 0xcc 0x01 0x03 0x02 0x02 0x6d 0x00 0x6b 0x00 0xa0 0xd9 0x88 0x40 0xae 0x14 0xb3 0x40 0x10 0x74 0x02 0x41 0x81 0x49 0xbe 0x40 0x56 0x65 0x19 0x40 0x3d 0x0a 0x17 0x40 0x56 0x65 0x19 0x40 0x3d 0x0a 0x17 0x40 0x00 0x00 0x00 0x3f 0x00 0x00 0x68 0x41 0x74 0x80 0xe4 0x40 0xf8 0xc5 0xa2 0x40 0x16 0xc1
[2026-07-07 14:57:02] Send self decision info: 0xa5 0x0e 0x00 0x00 0x37 0x01 0x03 0x21 0x01 0x6d 0x00 0x80 0x80 0x00 0x02 0x31 0x32 0x33 0x34 0x35 0x36 0x9d 0x8d
[2026-07-07 14:57:03] Send self decision info: 0xa5 0x0e 0x00 0x00 0x37 0x01 0x03 0x21 0x01 0x6d 0x00 0x80 0x80 0x00 0x02 0x31 0x32 0x33 0x34 0x35 0x36 0x9d 0x8d
[2026-07-07 14:57:03] Preparing to send all location info: [ 4.96, 6.49 ], [ 7.94, 5.97 ], [ 2.40, 2.36 ], [ 2.40, 2.36 ], [ 0.50, 14.50 ], [ 7.11, 5.10 ], [ 0.00, 0.00 ], [ 18.25, 10.57 ], [ 19.95, 10.01 ], [ 17.09, 1.38 ], [ 27.50, 0.50 ], [ 13.61, 9.99 ]
[2026-07-07 14:57:03] Generated sentinel field info: 0xa5 0x36 0x00 0x00 0xcc 0x01 0x03 0x02 0x02 0x6d 0x00 0x6b 0x00 0x04 0xcd 0x9e 0x40 0xc8 0xc4 0xcf 0x40 0x5c 0x25 0xfe 0x40 0x9f 0xeb 0xbe 0x40 0x56 0x65 0x19 0x40 0x3d 0x0a 0x17 0x40 0x56 0x65 0x19 0x40 0x3d 0x0a 0x17 0x40 0x00 0x00 0x00 0x3f 0x00 0x00 0x68 0x41 0xe0 0x6c 0xe3 0x40 0x33 0x26 0xa3 0x40 0xd4 0xde
[2026-07-07 14:57:03] Send self decision info: 0xa5 0x0e 0x00 0x00 0x37 0x01 0x03 0x21 0x01 0x6d 0x00 0x80 0x80 0x00 0x02 0x31 0x32 0x33 0x34 0x35 0x36 0x9d 0x8d
[2026-07-07 14:57:03] Generated sentinel field info: 0xa5 0x36 0x00 0x00 0xcc 0x01 0x03 0x02 0x02 0x6d 0x00 0x6b 0x00 0x08 0x79 0xa1 0x40 0x8f 0xd3 0xe0 0x40 0x9e 0x87 0x01 0x41 0x0e 0x94 0xbb 0x40 0x56 0x65 0x19 0x40 0x3d 0x0a 0x17 0x40 0x56 0x65 0x19 0x40 0x3d 0x0a 0x17 0x40 0x00 0x00 0x00 0x3f 0x00 0x00 0x68 0x41 0x68 0x97 0xe4 0x40 0x66 0xfe 0xa3 0x40 0xe9 0x52
[2026-07-07 14:57:03] Send self decision info: 0xa5 0x0e 0x00 0x00 0x37 0x01 0x03 0x21 0x01 0x6d 0x00 0x80 0x80 0x00 0x02 0x31 0x32 0x33 0x34 0x35 0x36 0x9d 0x8d
[2026-07-07 14:57:03] Preparing to send all location info: [ 5.37, 7.12 ], [ 8.10, 5.86 ], [ 2.40, 2.36 ], [ 2.40, 2.36 ], [ 0.50, 14.50 ], [ 7.20, 5.08 ], [ 0.00, 0.00 ], [ 18.25, 10.57 ], [ 19.95, 10.01 ], [ 17.11, 1.35 ], [ 27.50, 0.50 ], [ 13.61, 9.99 ]
[2026-07-07 14:57:03] Generated sentinel field info: 0xa5 0x36 0x00 0x00 0xcc 0x01 0x03 0x02 0x02 0x6d 0x00 0x6b 0x00 0x14 0xc8 0xab 0x40 0x1c 0xe6 0xe3 0x40 0x9e 0x87 0x01 0x41 0x0e 0x94 0xbb 0x40 0x56 0x65 0x19 0x40 0x3d 0x0a 0x17 0x40 0x56 0x65 0x19 0x40 0x3d 0x0a 0x17 0x40 0x00 0x00 0x00 0x3f 0x00 0x00 0x68 0x41 0x98 0x4a 0xe6 0x40 0xfd 0x9d 0xa2 0x40 0x51 0x8f
[2026-07-07 14:57:03] Send self decision info: 0xa5 0x0e 0x00 0x00 0x37 0x01 0x03 0x21 0x01 0x6d 0x00 0x80 0x80 0x00 0x02 0x31 0x32 0x33 0x34 0x35 0x36 0x9d 0x8d
[2026-07-07 14:57:03] Generated sentinel field info: 0xa5 0x36 0x00 0x00 0xcc 0x01 0x03 0x02 0x02 0x6d 0x00 0x6b 0x00 0xc0 0xf4 0xab 0x40 0xe0 0xc8 0xdf 0x40 0xdc 0xc8 0xf5 0x40 0x45 0xc8 0xc0 0x40 0x56 0x65 0x19 0x40 0x3d 0x0a 0x17 0x40 0x56 0x65 0x19 0x40 0x3d 0x0a 0x17 0x40 0x00 0x00 0x00 0x3f 0x00 0x00 0x68 0x41 0x34 0x77 0xe6 0x40 0x0e 0x56 0xa2 0x40 0xe8 0xd0
[2026-07-07 14:57:03] Send self decision info: 0xa5 0x0e 0x00 0x00 0x37 0x01 0x03 0x21 0x01 0x6d 0x00 0x80 0x80 0x00 0x02 0x31 0x32 0x33 0x34 0x35 0x36 0x9d 0x8d
[2026-07-07 14:57:03] Preparing to send all location info: [ 5.25, 6.84 ], [ 7.37, 6.33 ], [ 2.40, 2.36 ], [ 2.40, 2.36 ], [ 0.50, 14.50 ], [ 7.18, 5.11 ], [ 0.00, 0.00 ], [ 18.25, 10.57 ], [ 19.95, 10.01 ], [ 17.32, 1.26 ], [ 27.50, 0.50 ], [ 13.61, 9.99 ]
[2026-07-07 14:57:03] Generated sentinel field info: 0xa5 0x36 0x00 0x00 0xcc 0x01 0x03 0x02 0x02 0x6d 0x00 0x6b 0x00 0xec 0xfc 0xa7 0x40 0xf9 0xee 0xda 0x40 0x20 0xde 0xeb 0x40 0x96 0xa3 0xca 0x40 0x56 0x65 0x19 0x40 0x3d 0x0a 0x17 0x40 0x56 0x65 0x19 0x40 0x3d 0x0a 0x17 0x40 0x00 0x00 0x00 0x3f 0x00 0x00 0x68 0x41 0x90 0xd2 0xe5 0x40 0x83 0x5f 0xa3 0x40 0x1b 0xde
[2026-07-07 14:57:04] Send self decision info: 0xa5 0x0e 0x00 0x00 0x37 0x01 0x03 0x21 0x01 0x6d 0x00 0x80 0x80 0x00 0x02 0x31 0x32 0x33 0x34 0x35 0x36 0x9d 0x8d
[2026-07-07 14:57:04] Send self decision info: 0xa5 0x0e 0x00 0x00 0x37 0x01 0x03 0x21 0x01 0x6d 0x00 0x80 0x80 0x00 0x02 0x31 0x32 0x33 0x34 0x35 0x36 0x9d 0x8d
[2026-07-07 14:57:04] Preparing to send all location info: [ 4.81, 6.80 ], [ 7.21, 6.32 ], [ 2.40, 2.36 ], [ 2.40, 2.36 ], [ 0.50, 14.50 ], [ 7.18, 5.06 ], [ 0.00, 0.00 ], [ 18.25, 10.57 ], [ 19.95, 10.01 ], [ 17.78, 1.14 ], [ 27.50, 0.50 ], [ 13.61, 9.99 ]
[2026-07-07 14:57:04] Generated sentinel field info: 0xa5 0x36 0x00 0x00 0xcc 0x01 0x03 0x02 0x02 0x6d 0x00 0x6b 0x00 0xf8 0xdf 0x99 0x40 0xfb 0x85 0xd9 0x40 0x0c 0xdc 0xe6 0x40 0xaa 0x56 0xca 0x40 0x56 0x65 0x19 0x40 0x3d 0x0a 0x17 0x40 0x56 0x65 0x19 0x40 0x3d 0x0a 0x17 0x40 0x00 0x00 0x00 0x3f 0x00 0x00 0x68 0x41 0xa4 0xc7 0xe5 0x40 0x3f 0x13 0xa2 0x40 0x18 0x9c
[2026-07-07 14:57:04] Send self decision info: 0xa5 0x0e 0x00 0x00 0x37 0x01 0x03 0x21 0x01 0x6d 0x00 0x80 0x80 0x00 0x02 0x31 0x32 0x33 0x34 0x35 0x36 0x9d 0x8d
[2026-07-07 14:57:04] Generated sentinel field info: 0xa5 0x36 0x00 0x00 0xcc 0x01 0x03 0x02 0x02 0x6d 0x00 0x6b 0x00 0xe4 0xf2 0x95 0x40 0x6f 0xfb 0xd9 0x40 0x0c 0xdc 0xe6 0x40 0xaa 0x56 0xca 0x40 0x56 0x65 0x19 0x40 0x3d 0x0a 0x17 0x40 0x56 0x65 0x19 0x40 0x3d 0x0a 0x17 0x40 0x00 0x00 0x00 0x3f 0x00 0x00 0x68 0x41 0xdc 0xa5 0xe2 0x40 0xf4 0xad 0xa1 0x40 0xdb 0xdc
[2026-07-07 14:57:04] Send self decision info: 0xa5 0x0e 0x00 0x00 0x37 0x01 0x03 0x21 0x01 0x6d 0x00 0x80 0x80 0x00 0x02 0x31 0x32 0x33 0x34 0x35 0x36 0x9d 0x8d
[2026-07-07 14:57:04] Preparing to send all location info: [ 4.95, 6.84 ], [ 7.21, 6.32 ], [ 2.40, 2.36 ], [ 2.40, 2.36 ], [ 0.50, 14.50 ], [ 7.21, 5.10 ], [ 0.00, 0.00 ], [ 18.25, 10.57 ], [ 19.95, 10.01 ], [ 17.44, 1.23 ], [ 27.50, 0.50 ], [ 13.61, 9.99 ]
[2026-07-07 14:57:04] Generated sentinel field info: 0xa5 0x36 0x00 0x00 0xcc 0x01 0x03 0x02 0x02 0x6d 0x00 0x6b 0x00 0x80 0x58 0x9e 0x40 0x6b 0xba 0xda 0x40 0x0c 0xdc 0xe6 0x40 0xaa 0x56 0xca 0x40 0x56 0x65 0x19 0x40 0x3d 0x0a 0x17 0x40 0x56 0x65 0x19 0x40 0x3d 0x0a 0x17 0x40 0x00 0x00 0x00 0x3f 0x00 0x00 0x68 0x41 0xc8 0xd1 0xe6 0x40 0x2b 0x22 0xa3 0x40 0xdc 0x0e
[2026-07-07 14:57:04] Send self decision info: 0xa5 0x0e 0x00 0x00 0x37 0x01 0x03 0x21 0x01 0x6d 0x00 0x80 0x80 0x00 0x02 0x31 0x32 0x33 0x34 0x35 0x36 0x9d 0x8d
[2026-07-07 14:57:04] Generated sentinel field info: 0xa5 0x36 0x00 0x00 0xcc 0x01 0x03 0x02 0x02 0x6d 0x00 0x6b 0x00 0x60 0x6c 0xa3 0x40 0x1b 0x88 0xdd 0x40 0x0c 0xdc 0xe6 0x40 0xaa 0x56 0xca 0x40 0x56 0x65 0x19 0x40 0x3d 0x0a 0x17 0x40 0x56 0x65 0x19 0x40 0x3d 0x0a 0x17 0x40 0x00 0x00 0x00 0x3f 0x00 0x00 0x68 0x41 0x14 0xf3 0xe3 0x40 0x08 0x4d 0xa2 0x40 0x9b 0x77
[2026-07-07 14:57:05] Send self decision info: 0xa5 0x0e 0x00 0x00 0x37 0x01 0x03 0x21 0x01 0x6d 0x00 0x80 0x80 0x00 0x02 0x31 0x32 0x33 0x34 0x35 0x36 0x9d 0x8d
[2026-07-07 14:57:05] Preparing to send all location info: [ 5.55, 7.14 ], [ 0.00, 0.00 ], [ 2.40, 2.36 ], [ 2.40, 2.36 ], [ 0.50, 14.50 ], [ 7.22, 5.08 ], [ 0.00, 0.00 ], [ 18.25, 10.57 ], [ 19.95, 10.01 ], [ 17.42, 1.25 ], [ 27.50, 0.50 ], [ 13.61, 9.99 ]
[2026-07-07 14:57:05] Generated sentinel field info: 0xa5 0x36 0x00 0x00 0xcc 0x01 0x03 0x02 0x02 0x6d 0x00 0x6b 0x00 0x48 0x9c 0xb1 0x40 0x24 0x7d 0xe4 0x40 0x00 0x00 0x00 0x00 0x00 0x00 0x00 0x00 0x56 0x65 0x19 0x40 0x3d 0x0a 0x17 0x40 0x56 0x65 0x19 0x40 0x3d 0x0a 0x17 0x40 0x00 0x00 0x00 0x3f 0x00 0x00 0x68 0x41 0x48 0x18 0xe7 0x40 0x9f 0xb0 0xa2 0x40 0x46 0xd5
[2026-07-07 14:57:05] Send self decision info: 0xa5 0x0e 0x00 0x00 0x37 0x01 0x03 0x21 0x01 0x6d 0x00 0x80 0x80 0x00 0x02 0x31 0x32 0x33 0x34 0x35 0x36 0x9d 0x8d
[2026-07-07 14:57:05] Generated sentinel field info: 0xa5 0x36 0x00 0x00 0xcc 0x01 0x03 0x02 0x02 0x6d 0x00 0x6b 0x00 0xe0 0xf1 0xbb 0x40 0x82 0x4f 0xed 0x40 0x00 0x00 0x00 0x00 0x00 0x00 0x00 0x00 0x56 0x65 0x19 0x40 0x3d 0x0a 0x17 0x40 0x56 0x65 0x19 0x40 0x3d 0x0a 0x17 0x40 0x00 0x00 0x00 0x3f 0x00 0x00 0x68 0x41 0xe4 0x29 0xe4 0x40 0xdf 0x51 0xa3 0x40 0x40 0x3e
[2026-07-07 14:57:05] Send self decision info: 0xa5 0x0e 0x00 0x00 0x37 0x01 0x03 0x21 0x01 0x6d 0x00 0x80 0x80 0x00 0x02 0x31 0x32 0x33 0x34 0x35 0x36 0x9d 0x8d
[2026-07-07 14:57:05] Preparing to send all location info: [ 6.05, 7.58 ], [ 0.00, 0.00 ], [ 2.40, 2.36 ], [ 2.40, 2.36 ], [ 0.50, 14.50 ], [ 7.09, 5.08 ], [ 0.00, 0.00 ], [ 18.25, 10.57 ], [ 19.95, 10.01 ], [ 17.32, 1.10 ], [ 27.50, 0.50 ], [ 13.61, 9.99 ]
[2026-07-07 14:57:05] Generated sentinel field info: 0xa5 0x36 0x00 0x00 0xcc 0x01 0x03 0x02 0x02 0x6d 0x00 0x6b 0x00 0x88 0x7a 0xc1 0x40 0x0d 0x98 0xf2 0x40 0x00 0x00 0x00 0x00 0x00 0x00 0x00 0x00 0x56 0x65 0x19 0x40 0x3d 0x0a 0x17 0x40 0x56 0x65 0x19 0x40 0x3d 0x0a 0x17 0x40 0x00 0x00 0x00 0x3f 0x00 0x00 0x68 0x41 0x80 0xf6 0xe2 0x40 0x90 0x88 0xa2 0x40 0x02 0xdb
[2026-07-07 14:57:05] Send self decision info: 0xa5 0x0e 0x00 0x00 0x37 0x01 0x03 0x21 0x01 0x6d 0x00 0x80 0x80 0x00 0x02 0x31 0x32 0x33 0x34 0x35 0x36 0x9d 0x8d
[2026-07-07 14:57:05] Send self decision info: 0xa5 0x0e 0x00 0x00 0x37 0x01 0x03 0x21 0x01 0x6d 0x00 0x80 0x80 0x00 0x02 0x31 0x32 0x33 0x34 0x35 0x36 0x9d 0x8d
[2026-07-07 14:57:05] Preparing to send all location info: [ 6.14, 8.04 ], [ 0.00, 0.00 ], [ 2.40, 2.36 ], [ 2.40, 2.36 ], [ 0.50, 14.50 ], [ 7.17, 5.12 ], [ 0.00, 0.00 ], [ 18.25, 10.57 ], [ 19.95, 10.01 ], [ 17.15, 0.99 ], [ 27.50, 0.50 ], [ 13.61, 9.99 ]
[2026-07-07 14:57:05] Generated sentinel field info: 0xa5 0x36 0x00 0x00 0xcc 0x01 0x03 0x02 0x02 0x6d 0x00 0x6b 0x00 0x64 0x61 0xc4 0x40 0xf9 0x9b 0x00 0x41 0x00 0x00 0x00 0x00 0x00 0x00 0x00 0x00 0x56 0x65 0x19 0x40 0x3d 0x0a 0x17 0x40 0x56 0x65 0x19 0x40 0x3d 0x0a 0x17 0x40 0x00 0x00 0x00 0x3f 0x00 0x00 0x68 0x41 0xc0 0x8d 0xe5 0x40 0x75 0xce 0xa3 0x40 0xe6 0xf7
[2026-07-07 14:57:06] Send self decision info: 0xa5 0x0e 0x00 0x00 0x37 0x01 0x03 0x21 0x01 0x6d 0x00 0x80 0x80 0x00 0x02 0x31 0x32 0x33 0x34 0x35 0x36 0x9d 0x8d
[2026-07-07 14:57:06] Generated sentinel field info: 0xa5 0x36 0x00 0x00 0xcc 0x01 0x03 0x02 0x02 0x6d 0x00 0x6b 0x00 0xc8 0xee 0xc1 0x40 0xc1 0x0b 0x05 0x41 0x00 0x00 0x00 0x00 0x00 0x00 0x00 0x00 0x56 0x65 0x19 0x40 0x3d 0x0a 0x17 0x40 0xa8 0xb9 0x32 0x40 0xdb 0xc2 0x33 0x40 0x00 0x00 0x00 0x3f 0x00 0x00 0x68 0x41 0xd0 0x2a 0xe4 0x40 0x5e 0x50 0xa3 0x40 0x51 0x25
[2026-07-07 14:57:06] Send self decision info: 0xa5 0x0e 0x00 0x00 0x37 0x01 0x03 0x21 0x01 0x6d 0x00 0x80 0x80 0x00 0x02 0x31 0x32 0x33 0x34 0x35 0x36 0x9d 0x8d
[2026-07-07 14:57:06] Preparing to send all location info: [ 5.89, 8.66 ], [ 0.00, 0.00 ], [ 2.40, 2.36 ], [ 5.06, 2.89 ], [ 0.50, 14.50 ], [ 7.16, 5.10 ], [ 0.00, 0.00 ], [ 18.25, 10.57 ], [ 19.95, 10.01 ], [ 17.45, 1.00 ], [ 27.50, 0.50 ], [ 13.61, 9.99 ]
[2026-07-07 14:57:06] Generated sentinel field info: 0xa5 0x36 0x00 0x00 0xcc 0x01 0x03 0x02 0x02 0x6d 0x00 0x6b 0x00 0x28 0x85 0xbc 0x40 0xa9 0x7b 0x0a 0x41 0x00 0x00 0x00 0x00 0x00 0x00 0x00 0x00 0x56 0x65 0x19 0x40 0x3d 0x0a 0x17 0x40 0xdc 0x01 0xa2 0x40 0x9d 0x42 0x39 0x40 0x00 0x00 0x00 0x3f 0x00 0x00 0x68 0x41 0x40 0x23 0xe5 0x40 0xa0 0x1c 0xa3 0x40 0x41 0xe0
[2026-07-07 14:57:06] Send self decision info: 0xa5 0x0e 0x00 0x00 0x37 0x01 0x03 0x21 0x01 0x6d 0x00 0x80 0x80 0x00 0x02 0x31 0x32 0x33 0x34 0x35 0x36 0x9d 0x8d
[2026-07-07 14:57:06] Send self decision info: 0xa5 0x0e 0x00 0x00 0x37 0x01 0x03 0x21 0x01 0x6d 0x00 0x80 0x80 0x00 0x02 0x31 0x32 0x33 0x34 0x35 0x36 0x9d 0x8d
[2026-07-07 14:57:06] Preparing to send all location info: [ 6.11, 9.22 ], [ 0.00, 0.00 ], [ 2.40, 2.36 ], [ 8.17, 3.43 ], [ 0.50, 14.50 ], [ 7.14, 5.12 ], [ 0.00, 0.00 ], [ 18.25, 10.57 ], [ 19.95, 10.01 ], [ 18.75, 0.98 ], [ 27.50, 0.50 ], [ 13.61, 9.99 ]
[2026-07-07 14:57:06] Generated sentinel field info: 0xa5 0x36 0x00 0x00 0xcc 0x01 0x03 0x02 0x02 0x6d 0x00 0x6b 0x00 0x98 0x8c 0xc3 0x40 0xb8 0x88 0x13 0x41 0x00 0x00 0x00 0x00 0x00 0x00 0x00 0x00 0x56 0x65 0x19 0x40 0x3d 0x0a 0x17 0x40 0xa8 0xb1 0x02 0x41 0x6c 0x3d 0x5b 0x40 0x00 0x00 0x00 0x3f 0x00 0x00 0x68 0x41 0x4c 0x99 0xe4 0x40 0x56 0xfb 0xa3 0x40 0x5a 0xa1
[2026-07-07 14:57:06] Send self decision info: 0xa5 0x0e 0x00 0x00 0x37 0x01 0x03 0x21 0x01 0x6d 0x00 0x80 0x80 0x00 0x02 0x31 0x32 0x33 0x34 0x35 0x36 0x9d 0x8d
[2026-07-07 14:57:07] Send self decision info: 0xa5 0x0e 0x00 0x00 0x37 0x01 0x03 0x21 0x01 0x6d 0x00 0x80 0x80 0x00 0x02 0x31 0x32 0x33 0x34 0x35 0x36 0x9d 0x8d
[2026-07-07 14:57:07] Preparing to send all location info: [ 7.04, 9.56 ], [ 0.00, 0.00 ], [ 2.40, 2.36 ], [ 10.46, 4.24 ], [ 0.50, 14.50 ], [ 7.16, 5.10 ], [ 0.00, 0.00 ], [ 18.25, 10.57 ], [ 19.95, 10.01 ], [ 19.27, 1.20 ], [ 27.50, 0.50 ], [ 13.61, 9.99 ]
[2026-07-07 14:57:07] Generated sentinel field info: 0xa5 0x36 0x00 0x00 0xcc 0x01 0x03 0x02 0x02 0x6d 0x00 0x6b 0x00 0x5c 0x2a 0xe1 0x40 0x47 0xfc 0x18 0x41 0x00 0x00 0x00 0x00 0x00 0x00 0x00 0x00 0x56 0x65 0x19 0x40 0x3d 0x0a 0x17 0x40 0xd6 0x5e 0x27 0x41 0xeb 0xc3 0x87 0x40 0x00 0x00 0x00 0x3f 0x00 0x00 0x68 0x41 0x6c 0x12 0xe5 0x40 0xcd 0x37 0xa3 0x40 0x8b 0x18
[2026-07-07 14:57:07] Send self decision info: 0xa5 0x0e 0x00 0x00 0x37 0x01 0x03 0x21 0x01 0x6d 0x00 0x80 0x80 0x00 0x02 0x31 0x32 0x33 0x34 0x35 0x36 0x9d 0x8d
[2026-07-07 14:57:07] Generated sentinel field info: 0xa5 0x36 0x00 0x00 0xcc 0x01 0x03 0x02 0x02 0x6d 0x00 0x6b 0x00 0x94 0x3c 0xe5 0x40 0xf3 0xd0 0x1b 0x41 0x00 0x00 0x00 0x00 0x00 0x00 0x00 0x00 0x56 0x65 0x19 0x40 0x3d 0x0a 0x17 0x40 0x6a 0xe6 0x2c 0x41 0x7e 0xb7 0x8c 0x40 0x00 0x00 0x00 0x3f 0x00 0x00 0x68 0x41 0xc8 0xf7 0xe3 0x40 0xdf 0xa2 0xa3 0x40 0x4f 0x69
[2026-07-07 14:57:07] Send self decision info: 0xa5 0x0e 0x00 0x00 0x37 0x01 0x03 0x21 0x01 0x6d 0x00 0x80 0x80 0x00 0x02 0x31 0x32 0x33 0x34 0x35 0x36 0x9d 0x8d
[2026-07-07 14:57:07] Preparing to send all location info: [ 7.11, 9.70 ], [ 0.00, 0.00 ], [ 2.40, 2.36 ], [ 13.40, 5.14 ], [ 0.50, 14.50 ], [ 7.11, 5.10 ], [ 0.00, 0.00 ], [ 18.39, 10.49 ], [ 19.95, 10.01 ], [ 19.13, 10.17 ], [ 27.50, 0.50 ], [ 13.61, 9.99 ]
[2026-07-07 14:57:07] Generated sentinel field info: 0xa5 0x36 0x00 0x00 0xcc 0x01 0x03 0x02 0x02 0x6d 0x00 0x6b 0x00 0x48 0x6f 0xe3 0x40 0xa8 0x2e 0x1b 0x41 0x00 0x00 0x00 0x00 0x00 0x00 0x00 0x00 0x56 0x65 0x19 0x40 0x3d 0x0a 0x17 0x40 0x37 0x72 0x56 0x41 0xbd 0x97 0xa4 0x40 0x00 0x00 0x00 0x3f 0x00 0x00 0x68 0x41 0x84 0x6f 0xe3 0x40 0xec 0x21 0xa3 0x40 0x73 0xe2
[2026-07-07 14:57:07] Send self decision info: 0xa5 0x0e 0x00 0x00 0x37 0x01 0x03 0x21 0x01 0x6d 0x00 0x80 0x80 0x00 0x02 0x31 0x32 0x33 0x34 0x35 0x36 0x9d 0x8d
[2026-07-07 14:57:07] Send self decision info: 0xa5 0x0e 0x00 0x00 0x37 0x01 0x03 0x21 0x01 0x6d 0x00 0x80 0x80 0x00 0x02 0x31 0x32 0x33 0x34 0x35 0x36 0x9d 0x8d
[2026-07-07 14:57:07] Preparing to send all location info: [ 7.09, 9.69 ], [ 0.00, 0.00 ], [ 2.40, 2.36 ], [ 13.77, 6.32 ], [ 0.50, 14.50 ], [ 7.10, 5.11 ], [ 0.00, 0.00 ], [ 17.77, 10.61 ], [ 19.95, 10.01 ], [ 17.46, 10.70 ], [ 27.50, 0.50 ], [ 13.61, 9.99 ]
[2026-07-07 14:57:07] Generated sentinel field info: 0xa5 0x36 0x00 0x00 0xcc 0x01 0x03 0x02 0x02 0x6d 0x00 0x6b 0x00 0x94 0xbd 0xe2 0x40 0xc6 0x09 0x1b 0x41 0x00 0x00 0x00 0x00 0x00 0x00 0x00 0x00 0x56 0x65 0x19 0x40 0x3d 0x0a 0x17 0x40 0x3e 0x52 0x5c 0x41 0xa5 0x5e 0xca 0x40 0x00 0x00 0x00 0x3f 0x00 0x00 0x68 0x41 0x70 0x3e 0xe3 0x40 0x54 0x71 0xa3 0x40 0xf8 0x26
[2026-07-07 14:57:08] Send self decision info: 0xa5 0x0e 0x00 0x00 0x37 0x01 0x03 0x21 0x01 0x6d 0x00 0x80 0x80 0x00 0x02 0x31 0x32 0x33 0x34 0x35 0x36 0x9d 0x8d
[2026-07-07 14:57:08] Send self decision info: 0xa5 0x0e 0x00 0x00 0x37 0x01 0x03 0x21 0x01 0x6d 0x00 0x80 0x80 0x00 0x02 0x31 0x32 0x33 0x34 0x35 0x36 0x9d 0x8d
[2026-07-07 14:57:08] Preparing to send all location info: [ 7.06, 9.68 ], [ 0.00, 0.00 ], [ 2.40, 2.36 ], [ 12.93, 7.84 ], [ 0.50, 14.50 ], [ 7.09, 5.09 ], [ 0.00, 0.00 ], [ 17.77, 10.61 ], [ 19.95, 10.01 ], [ 17.46, 10.70 ], [ 27.50, 0.50 ], [ 13.61, 9.99 ]
[2026-07-07 14:57:08] Generated sentinel field info: 0xa5 0x36 0x00 0x00 0xcc 0x01 0x03 0x02 0x02 0x6d 0x00 0x6b 0x00 0x4c 0x13 0xe2 0x40 0xe1 0xdf 0x1a 0x41 0x00 0x00 0x00 0x00 0x00 0x00 0x00 0x00 0x56 0x65 0x19 0x40 0x3d 0x0a 0x17 0x40 0xd5 0xe0 0x4e 0x41 0x20 0xd7 0xfa 0x40 0x00 0x00 0x00 0x3f 0x00 0x00 0x68 0x41 0x18 0xd2 0xe2 0x40 0x8a 0xc3 0xa2 0x40 0xda 0x14
[2026-07-07 14:57:08] Send self decision info: 0xa5 0x0e 0x00 0x00 0x37 0x01 0x03 0x21 0x01 0x6d 0x00 0x80 0x80 0x00 0x02 0x31 0x32 0x33 0x34 0x35 0x36 0x9d 0x8d
[2026-07-07 14:57:08] Generated sentinel field info: 0xa5 0x36 0x00 0x00 0xcc 0x01 0x03 0x02 0x02 0x6d 0x00 0x6b 0x00 0xb8 0x11 0xe2 0x40 0xfd 0xe0 0x1a 0x41 0x00 0x00 0x00 0x00 0x00 0x00 0x00 0x00 0x56 0x65 0x19 0x40 0x3d 0x0a 0x17 0x40 0x56 0xd5 0x4c 0x41 0xc4 0x69 0x06 0x41 0x00 0x00 0x00 0x3f 0x00 0x00 0x68 0x41 0xe4 0x19 0xe5 0x40 0xbe 0x2b 0xa3 0x40 0x9e 0x21
[2026-07-07 14:57:08] Send self decision info: 0xa5 0x0e 0x00 0x00 0x37 0x01 0x03 0x21 0x01 0x6d 0x00 0x80 0x80 0x00 0x02 0x31 0x32 0x33 0x34 0x35 0x36 0x9d 0x8d
[2026-07-07 14:57:08] Preparing to send all location info: [ 7.06, 9.68 ], [ 0.00, 0.00 ], [ 2.40, 2.36 ], [ 12.62, 8.97 ], [ 0.50, 14.50 ], [ 7.07, 5.11 ], [ 0.00, 0.00 ], [ 17.77, 10.61 ], [ 19.95, 10.01 ], [ 17.46, 10.70 ], [ 27.50, 0.50 ], [ 13.61, 9.99 ]
[2026-07-07 14:57:08] Generated sentinel field info: 0xa5 0x36 0x00 0x00 0xcc 0x01 0x03 0x02 0x02 0x6d 0x00 0x6b 0x00 0xd4 0x06 0xe2 0x40 0xad 0xe8 0x1a 0x41 0x00 0x00 0x00 0x00 0x00 0x00 0x00 0x00 0x56 0x65 0x19 0x40 0x3d 0x0a 0x17 0x40 0xab 0xf5 0x49 0x41 0x7e 0x8a 0x0f 0x41 0x00 0x00 0x00 0x3f 0x00 0x00 0x68 0x41 0x8c 0x60 0xe2 0x40 0x86 0x7b 0xa3 0x40 0x1e 0x95
[2026-07-07 14:57:08] Send self decision info: 0xa5 0x0e 0x00 0x00 0x37 0x01 0x03 0x21 0x01 0x6d 0x00 0x80 0x80 0x00 0x02 0x31 0x32 0x33 0x34 0x35 0x36 0x9d 0x8d
[2026-07-07 14:57:08] Generated sentinel field info: 0xa5 0x36 0x00 0x00 0xcc 0x01 0x03 0x02 0x02 0x6d 0x00 0x6b 0x00 0x10 0x02 0xe2 0x40 0x0a 0xec 0x1a 0x41 0x00 0x00 0x00 0x00 0x00 0x00 0x00 0x00 0x56 0x65 0x19 0x40 0x3d 0x0a 0x17 0x40 0x84 0xc1 0x45 0x41 0x3a 0xa8 0x18 0x41 0x00 0x00 0x00 0x3f 0x00 0x00 0x68 0x41 0x84 0xc6 0xe2 0x40 0x50 0xd6 0xa2 0x40 0x73 0x8f
[2026-07-07 14:57:09] Send self decision info: 0xa5 0x0e 0x00 0x00 0x37 0x01 0x03 0x21 0x01 0x6d 0x00 0x80 0x80 0x00 0x02 0x31 0x32 0x33 0x34 0x35 0x36 0x9d 0x8d
[2026-07-07 14:57:09] Preparing to send all location info: [ 7.06, 9.68 ], [ 0.00, 0.00 ], [ 2.40, 2.36 ], [ 12.31, 9.90 ], [ 0.50, 14.50 ], [ 7.14, 5.09 ], [ 0.00, 0.00 ], [ 17.77, 10.61 ], [ 19.95, 10.01 ], [ 20.57, 11.12 ], [ 27.50, 0.50 ], [ 13.61, 9.99 ]
[2026-07-07 14:57:09] Generated sentinel field info: 0xa5 0x36 0x00 0x00 0xcc 0x01 0x03 0x02 0x02 0x6d 0x00 0x6b 0x00 0xf0 0x0b 0xe2 0x40 0x11 0xe5 0x1a 0x41 0x00 0x00 0x00 0x00 0x00 0x00 0x00 0x00 0x56 0x65 0x19 0x40 0x3d 0x0a 0x17 0x40 0x07 0x07 0x45 0x41 0xc5 0x72 0x1e 0x41 0x00 0x00 0x00 0x3f 0x00 0x00 0x68 0x41 0x58 0x5a 0xe4 0x40 0x91 0x03 0xa3 0x40 0x35 0xb0
[2026-07-07 14:57:09] Send self decision info: 0xa5 0x0e 0x00 0x00 0x37 0x01 0x03 0x21 0x01 0x6d 0x00 0x80 0x80 0x00 0x02 0x31 0x32 0x33 0x34 0x35 0x36 0x9d 0x8d
[2026-07-07 14:57:09] Generated sentinel field info: 0xa5 0x36 0x00 0x00 0xcc 0x01 0x03 0x02 0x02 0x6d 0x00 0x6b 0x00 0xbc 0x09 0xe2 0x40 0xa0 0xe6 0x1a 0x41 0x00 0x00 0x00 0x00 0x00 0x00 0x00 0x00 0x56 0x65 0x19 0x40 0x3d 0x0a 0x17 0x40 0x42 0x7b 0x41 0x41 0xed 0x41 0x25 0x41 0x00 0x00 0x00 0x3f 0x00 0x00 0x68 0x41 0x94 0x39 0xe3 0x40 0x35 0x79 0xa3 0x40 0xa4 0xcb
[2026-07-07 14:57:09] Send self decision info: 0xa5 0x0e 0x00 0x00 0x37 0x01 0x03 0x21 0x01 0x6d 0x00 0x80 0x80 0x00 0x02 0x31 0x32 0x33 0x34 0x35 0x36 0x9d 0x8d
[2026-07-07 14:57:09] Preparing to send all location info: [ 7.06, 9.68 ], [ 0.00, 0.00 ], [ 2.40, 2.36 ], [ 11.97, 10.38 ], [ 0.50, 14.50 ], [ 7.05, 5.10 ], [ 0.00, 0.00 ], [ 17.77, 10.61 ], [ 19.95, 10.01 ], [ 20.74, 11.34 ], [ 27.50, 0.50 ], [ 13.61, 9.99 ]
[2026-07-07 14:57:09] Generated sentinel field info: 0xa5 0x36 0x00 0x00 0xcc 0x01 0x03 0x02 0x02 0x6d 0x00 0x6b 0x00 0x70 0x02 0xe2 0x40 0xc8 0xeb 0x1a 0x41 0x00 0x00 0x00 0x00 0x00 0x00 0x00 0x00 0x56 0x65 0x19 0x40 0x3d 0x0a 0x17 0x40 0xd0 0x82 0x3f 0x41 0x1c 0x14 0x26 0x41 0x00 0x00 0x00 0x3f 0x00 0x00 0x68 0x41 0x1c 0xb5 0xe1 0x40 0x77 0x34 0xa3 0x40 0x43 0x7d
[2026-07-07 14:57:09] Send self decision info: 0xa5 0x0e 0x00 0x00 0x37 0x01 0x03 0x21 0x01 0x6d 0x00 0x80 0x80 0x00 0x02 0x31 0x32 0x33 0x34 0x35 0x36 0x9d 0x8d
[2026-07-07 14:57:09] Generated sentinel field info: 0xa5 0x36 0x00 0x00 0xcc 0x01 0x03 0x02 0x02 0x6d 0x00 0x6b 0x00 0xb8 0xd6 0xe2 0x40 0x0e 0xf8 0x1a 0x41 0x00 0x00 0x00 0x00 0x00 0x00 0x00 0x00 0x56 0x65 0x19 0x40 0x3d 0x0a 0x17 0x40 0xd6 0xb5 0x3c 0x41 0x71 0x12 0x25 0x41 0x00 0x00 0x00 0x3f 0x00 0x00 0x68 0x41 0x7c 0x4f 0xe4 0x40 0x1b 0x15 0xa3 0x40 0xa5 0xce
[2026-07-07 14:57:09] Send self decision info: 0xa5 0x0e 0x00 0x00 0x37 0x01 0x03 0x21 0x01 0x6d 0x00 0x80 0x80 0x00 0x02 0x31 0x32 0x33 0x34 0x35 0x36 0x9d 0x8d
[2026-07-07 14:57:09] Preparing to send all location info: [ 7.09, 9.69 ], [ 0.00, 0.00 ], [ 2.40, 2.36 ], [ 11.82, 10.11 ], [ 0.50, 14.50 ], [ 7.08, 5.10 ], [ 0.00, 0.00 ], [ 17.77, 10.61 ], [ 19.95, 10.01 ], [ 19.99, 12.21 ], [ 27.50, 0.50 ], [ 13.61, 9.99 ]
[2026-07-07 14:57:09] Generated sentinel field info: 0xa5 0x36 0x00 0x00 0xcc 0x01 0x03 0x02 0x02 0x6d 0x00 0x6b 0x00 0x6c 0xd0 0xe2 0x40 0x7e 0xfc 0x1a 0x41 0x00 0x00 0x00 0x00 0x00 0x00 0x00 0x00 0x56 0x65 0x19 0x40 0x3d 0x0a 0x17 0x40 0x92 0x29 0x3d 0x41 0x6a 0xc5 0x21 0x41 0x00 0x00 0x00 0x3f 0x00 0x00 0x68 0x41 0x74 0x7a 0xe2 0x40 0x89 0x51 0xa3 0x40 0x0d 0x33
[2026-07-07 14:57:10] Send self decision info: 0xa5 0x0e 0x00 0x00 0x37 0x01 0x03 0x21 0x01 0x6d 0x00 0x80 0x80 0x00 0x02 0x31 0x32 0x33 0x34 0x35 0x36 0x9d 0x8d
[2026-07-07 14:57:10] Send self decision info: 0xa5 0x0e 0x00 0x00 0x37 0x01 0x03 0x21 0x01 0x6d 0x00 0x80 0x80 0x00 0x02 0x31 0x32 0x33 0x34 0x35 0x36 0x9d 0x8d
[2026-07-07 14:57:10] Preparing to send all location info: [ 7.09, 9.68 ], [ 0.00, 0.00 ], [ 2.40, 2.36 ], [ 12.36, 9.54 ], [ 0.50, 14.50 ], [ 7.13, 5.10 ], [ 0.00, 0.00 ], [ 17.77, 10.61 ], [ 19.95, 10.01 ], [ 19.79, 12.31 ], [ 27.50, 0.50 ], [ 13.61, 9.99 ]
[2026-07-07 14:57:10] Generated sentinel field info: 0xa5 0x36 0x00 0x00 0xcc 0x01 0x03 0x02 0x02 0x6d 0x00 0x6b 0x00 0x6c 0x00 0xe3 0x40 0xa7 0xda 0x1a 0x41 0x00 0x00 0x00 0x00 0x00 0x00 0x00 0x00 0x56 0x65 0x19 0x40 0x3d 0x0a 0x17 0x40 0x77 0xc5 0x45 0x41 0xb9 0xa3 0x18 0x41 0x00 0x00 0x00 0x3f 0x00 0x00 0x68 0x41 0xac 0x3b 0xe4 0x40 0x24 0x35 0xa3 0x40 0xf8 0x3d
[2026-07-07 14:57:10] Send self decision info: 0xa5 0x0e 0x00 0x00 0x37 0x01 0x03 0x21 0x01 0x6d 0x00 0x80 0x80 0x00 0x02 0x31 0x32 0x33 0x34 0x35 0x36 0x9d 0x8d
[2026-07-07 14:57:10] Generated sentinel field info: 0xa5 0x36 0x00 0x00 0xcc 0x01 0x03 0x02 0x02 0x6d 0x00 0x6b 0x00 0xb0 0x1d 0xe3 0x40 0x04 0xc6 0x1a 0x41 0x00 0x00 0x00 0x00 0x00 0x00 0x00 0x00 0x56 0x65 0x19 0x40 0x3d 0x0a 0x17 0x40 0xb5 0xf6 0x4a 0x41 0x5b 0xde 0x14 0x41 0x00 0x00 0x00 0x3f 0x00 0x00 0x68 0x41 0x50 0x62 0xe2 0x40 0xaa 0x78 0xa3 0x40 0xdb 0x62
[2026-07-07 14:57:10] Send self decision info: 0xa5 0x0e 0x00 0x00 0x37 0x01 0x03 0x21 0x01 0x6d 0x00 0x80 0x80 0x00 0x02 0x31 0x32 0x33 0x34 0x35 0x36 0x9d 0x8d
[2026-07-07 14:57:10] Preparing to send all location info: [ 7.12, 9.67 ], [ 0.00, 0.00 ], [ 2.40, 2.36 ], [ 13.06, 9.11 ], [ 0.50, 14.50 ], [ 7.04, 5.13 ], [ 0.00, 0.00 ], [ 17.77, 10.61 ], [ 19.95, 10.01 ], [ 18.01, 12.43 ], [ 27.50, 0.50 ], [ 13.61, 9.99 ]
[2026-07-07 14:57:10] Send self decision info: 0xa5 0x0e 0x00 0x00 0x37 0x01 0x03 0x21 0x01 0x6d 0x00 0x80 0x80 0x00 0x02 0x31 0x32 0x33 0x34 0x35 0x36 0x9d 0x8d
[2026-07-07 14:57:10] Generated sentinel field info: 0xa5 0x36 0x00 0x00 0xcc 0x01 0x03 0x02 0x02 0x6d 0x00 0x6b 0x00 0xc4 0xdd 0xe4 0x40 0x00 0xcf 0x1a 0x41 0x00 0x00 0x00 0x00 0x00 0x00 0x00 0x00 0x56 0x65 0x19 0x40 0x3d 0x0a 0x17 0x40 0xd1 0x2f 0x58 0x41 0xf7 0x6a 0x0f 0x41 0x00 0x00 0x00 0x3f 0x00 0x00 0x68 0x41 0xa0 0x2d 0xe3 0x40 0x8b 0x8c 0xa3 0x40 0x98 0x70
[2026-07-07 14:57:11] Send self decision info: 0xa5 0x0e 0x00 0x00 0x37 0x01 0x03 0x21 0x01 0x6d 0x00 0x80 0x80 0x00 0x02 0x31 0x32 0x33 0x34 0x35 0x36 0x9d 0x8d
[2026-07-07 14:57:11] Preparing to send all location info: [ 7.18, 9.68 ], [ 0.00, 0.00 ], [ 2.40, 2.36 ], [ 13.96, 8.93 ], [ 0.50, 14.50 ], [ 7.13, 5.11 ], [ 0.00, 0.00 ], [ 17.77, 10.61 ], [ 19.95, 10.01 ], [ 16.60, 12.35 ], [ 27.50, 0.50 ], [ 13.55, 9.97 ]
[2026-07-07 14:57:11] Generated sentinel field info: 0xa5 0x36 0x00 0x00 0xcc 0x01 0x03 0x02 0x02 0x6d 0x00 0x6b 0x00 0x08 0xa0 0xe5 0x40 0xd7 0xe8 0x1a 0x41 0x00 0x00 0x00 0x00 0x00 0x00 0x00 0x00 0x56 0x65 0x19 0x40 0x3d 0x0a 0x17 0x40 0x55 0x52 0x5f 0x41 0x1f 0xe4 0x0e 0x41 0x00 0x00 0x00 0x3f 0x00 0x00 0x68 0x41 0x34 0x17 0xe4 0x40 0x11 0x70 0xa3 0x40 0x2e 0xbf
[2026-07-07 14:57:11] Send self decision info: 0xa5 0x0e 0x00 0x00 0x37 0x01 0x03 0x21 0x01 0x6d 0x00 0x80 0x80 0x00 0x02 0x31 0x32 0x33 0x34 0x35 0x36 0x9d 0x8d
[2026-07-07 14:57:11] Send self decision info: 0xa5 0x0e 0x00 0x00 0x37 0x01 0x03 0x21 0x01 0x6d 0x00 0x80 0x80 0x00 0x02 0x31 0x32 0x33 0x34 0x35 0x36 0x9d 0x8d
[2026-07-07 14:57:11] Preparing to send all location info: [ 7.18, 9.68 ], [ 0.00, 0.00 ], [ 2.40, 2.36 ], [ 13.77, 9.09 ], [ 0.50, 14.50 ], [ 7.06, 5.13 ], [ 0.00, 0.00 ], [ 17.77, 10.61 ], [ 19.95, 10.01 ], [ 15.14, 12.22 ], [ 27.50, 0.50 ], [ 13.58, 9.98 ]
[2026-07-07 14:57:11] Generated sentinel field info: 0xa5 0x36 0x00 0x00 0xcc 0x01 0x03 0x02 0x02 0x6d 0x00 0x6b 0x00 0xe8 0x9f 0xe5 0x40 0xf0 0xe8 0x1a 0x41 0x00 0x00 0x00 0x00 0x00 0x00 0x00 0x00 0x56 0x65 0x19 0x40 0x3d 0x0a 0x17 0x40 0x4f 0x54 0x5c 0x41 0xd7 0x71 0x11 0x41 0x00 0x00 0x00 0x3f 0x00 0x00 0x68 0x41 0x10 0x0d 0xe2 0x40 0xc8 0x02 0xa4 0x40 0xd3 0xea
[2026-07-07 14:57:11] Send self decision info: 0xa5 0x0e 0x00 0x00 0x37 0x01 0x03 0x21 0x01 0x6d 0x00 0x80 0x80 0x00 0x02 0x31 0x32 0x33 0x34 0x35 0x36 0x9d 0x8d
[2026-07-07 14:57:11] Generated sentinel field info: 0xa5 0x36 0x00 0x00 0xcc 0x01 0x03 0x02 0x02 0x6d 0x00 0x6b 0x00 0xb8 0xc3 0xe5 0x40 0xc8 0xcf 0x1a 0x41 0x00 0x00 0x00 0x00 0x00 0x00 0x00 0x00 0x56 0x65 0x19 0x40 0x3d 0x0a 0x17 0x40 0xec 0x61 0x5b 0x41 0xe1 0x38 0x13 0x41 0x00 0x00 0x00 0x3f 0x00 0x00 0x68 0x41 0x48 0x84 0xe2 0x40 0x9f 0x41 0xa3 0x40 0x0b 0x6f
[2026-07-07 14:57:11] Send self decision info: 0xa5 0x0e 0x00 0x00 0x37 0x01 0x03 0x21 0x01 0x6d 0x00 0x80 0x80 0x00 0x02 0x31 0x32 0x33 0x34 0x35 0x36 0x9d 0x8d
[2026-07-07 14:57:11] Preparing to send all location info: [ 7.18, 9.68 ], [ 0.00, 0.00 ], [ 2.40, 2.36 ], [ 13.83, 9.16 ], [ 0.50, 14.50 ], [ 7.05, 5.11 ], [ 0.00, 0.00 ], [ 17.77, 10.61 ], [ 19.95, 10.01 ], [ 14.07, 12.09 ], [ 27.50, 0.50 ], [ 13.54, 9.98 ]
[2026-07-07 14:57:11] Generated sentinel field info: 0xa5 0x36 0x00 0x00 0xcc 0x01 0x03 0x02 0x02 0x6d 0x00 0x6b 0x00 0xa4 0x9e 0xe5 0x40 0xd2 0xe9 0x1a 0x41 0x00 0x00 0x00 0x00 0x00 0x00 0x00 0x00 0x56 0x65 0x19 0x40 0x3d 0x0a 0x17 0x40 0x55 0x46 0x5d 0x41 0xc1 0x9d 0x12 0x41 0x00 0x00 0x00 0x3f 0x00 0x00 0x68 0x41 0x8c 0x99 0xe1 0x40 0x2f 0x61 0xa3 0x40 0x9e 0xe2
[2026-07-07 14:57:12] Send self decision info: 0xa5 0x0e 0x00 0x00 0x37 0x01 0x03 0x21 0x01 0x6d 0x00 0x80 0x80 0x00 0x02 0x31 0x32 0x33 0x34 0x35 0x36 0x9d 0x8d
[2026-07-07 14:57:12] Send self decision info: 0xa5 0x0e 0x00 0x00 0x37 0x01 0x03 0x21 0x01 0x6d 0x00 0x80 0x80 0x00 0x02 0x31 0x32 0x33 0x34 0x35 0x36 0x9d 0x8d
[2026-07-07 14:57:12] Preparing to send all location info: [ 7.18, 9.68 ], [ 0.00, 0.00 ], [ 2.40, 2.36 ], [ 13.43, 9.24 ], [ 0.50, 14.50 ], [ 7.05, 5.10 ], [ 0.00, 0.00 ], [ 17.77, 10.61 ], [ 19.95, 10.01 ], [ 13.18, 12.31 ], [ 27.50, 0.50 ], [ 13.51, 10.06 ]
[2026-07-07 14:57:12] Generated sentinel field info: 0xa5 0x36 0x00 0x00 0xcc 0x01 0x03 0x02 0x02 0x6d 0x00 0x6b 0x00 0x54 0xaa 0xe5 0x40 0x9c 0xe1 0x1a 0x41 0x00 0x00 0x00 0x00 0x00 0x00 0x00 0x00 0x56 0x65 0x19 0x40 0x3d 0x0a 0x17 0x40 0xd1 0xde 0x56 0x41 0x85 0xcf 0x13 0x41 0x00 0x00 0x00 0x3f 0x00 0x00 0x68 0x41 0x48 0xbb 0xe1 0x40 0x79 0x2a 0xa3 0x40 0xdc 0x08
[2026-07-07 14:57:12] Send self decision info: 0xa5 0x0e 0x00 0x00 0x37 0x01 0x03 0x21 0x01 0x6d 0x00 0x80 0x80 0x00 0x02 0x31 0x32 0x33 0x34 0x35 0x36 0x9d 0x8d
[2026-07-07 14:57:12] Send self decision info: 0xa5 0x0e 0x00 0x00 0x37 0x01 0x03 0x21 0x01 0x6d 0x00 0x80 0x80 0x00 0x02 0x31 0x32 0x33 0x34 0x35 0x36 0x9d 0x8d
[2026-07-07 14:57:12] Preparing to send all location info: [ 7.18, 9.68 ], [ 0.00, 0.00 ], [ 2.40, 2.36 ], [ 12.57, 9.71 ], [ 0.50, 14.50 ], [ 7.06, 5.13 ], [ 0.00, 0.00 ], [ 17.77, 10.61 ], [ 19.95, 10.01 ], [ 13.78, 12.19 ], [ 27.50, 0.50 ], [ 13.59, 10.29 ]
[2026-07-07 14:57:12] Generated sentinel field info: 0xa5 0x36 0x00 0x00 0xcc 0x01 0x03 0x02 0x02 0x6d 0x00 0x6b 0x00 0x5c 0xab 0xe5 0x40 0xe3 0xe0 0x1a 0x41 0x00 0x00 0x00 0x00 0x00 0x00 0x00 0x00 0x56 0x65 0x19 0x40 0x3d 0x0a 0x17 0x40 0x74 0x12 0x49 0x41 0x8c 0x4d 0x1b 0x41 0x00 0x00 0x00 0x3f 0x00 0x00 0x68 0x41 0x34 0xfd 0xe1 0x40 0x7b 0x1c 0xa4 0x40 0xd2 0x8d
[2026-07-07 14:57:12] Send self decision info: 0xa5 0x0e 0x00 0x00 0x37 0x01 0x03 0x21 0x01 0x6d 0x00 0x80 0x80 0x00 0x02 0x31 0x32 0x33 0x34 0x35 0x36 0x9d 0x8d
[2026-07-07 14:57:13] Send self decision info: 0xa5 0x0e 0x00 0x00 0x37 0x01 0x03 0x21 0x01 0x6d 0x00 0x80 0x80 0x00 0x02 0x31 0x32 0x33 0x34 0x35 0x36 0x9d 0x8d
[2026-07-07 14:57:13] Preparing to send all location info: [ 7.18, 9.68 ], [ 0.00, 0.00 ], [ 2.40, 2.36 ], [ 12.16, 10.51 ], [ 0.50, 14.50 ], [ 7.15, 5.12 ], [ 0.00, 0.00 ], [ 17.77, 10.61 ], [ 19.95, 10.01 ], [ 13.68, 12.07 ], [ 27.50, 0.50 ], [ 13.75, 10.52 ]
[2026-07-07 14:57:13] Generated sentinel field info: 0xa5 0x36 0x00 0x00 0xcc 0x01 0x03 0x02 0x02 0x6d 0x00 0x6b 0x00 0x80 0xb4 0xe5 0x40 0x77 0xda 0x1a 0x41 0x00 0x00 0x00 0x00 0x00 0x00 0x00 0x00 0x56 0x65 0x19 0x40 0x3d 0x0a 0x17 0x40 0xfb 0x9a 0x42 0x41 0xbc 0x31 0x28 0x41 0x00 0x00 0x00 0x3f 0x00 0x00 0x68 0x41 0xf4 0xb1 0xe4 0x40 0x89 0xd3 0xa3 0x40 0xb0 0xb1
[2026-07-07 14:57:13] Send self decision info: 0xa5 0x0e 0x00 0x00 0x37 0x01 0x03 0x21 0x01 0x6d 0x00 0x80 0x80 0x00 0x02 0x31 0x32 0x33 0x34 0x35 0x36 0x9d 0x8d
[2026-07-07 14:57:13] Generated sentinel field info: 0xa5 0x36 0x00 0x00 0xcc 0x01 0x03 0x02 0x02 0x6d 0x00 0x6b 0x00 0x28 0xa7 0xe5 0x40 0xd6 0xe3 0x1a 0x41 0x00 0x00 0x00 0x00 0x00 0x00 0x00 0x00 0x56 0x65 0x19 0x40 0x3d 0x0a 0x17 0x40 0xf5 0x9e 0x44 0x41 0x00 0x74 0x29 0x41 0x00 0x00 0x00 0x3f 0x00 0x00 0x68 0x41 0x2c 0xef 0xe1 0x40 0x34 0x33 0xa4 0x40 0x2a 0xf4
[2026-07-07 14:57:13] Send self decision info: 0xa5 0x0e 0x00 0x00 0x37 0x01 0x03 0x21 0x01 0x6d 0x00 0x80 0x80 0x00 0x02 0x31 0x32 0x33 0x34 0x35 0x36 0x9d 0x8d
[2026-07-07 14:57:13] Preparing to send all location info: [ 7.18, 9.68 ], [ 0.00, 0.00 ], [ 2.40, 2.36 ], [ 12.51, 10.48 ], [ 0.50, 14.50 ], [ 7.07, 5.11 ], [ 0.00, 0.00 ], [ 17.77, 10.61 ], [ 19.95, 10.01 ], [ 13.65, 11.97 ], [ 27.50, 0.50 ], [ 14.20, 10.65 ]
[2026-07-07 14:57:13] Generated sentinel field info: 0xa5 0x36 0x00 0x00 0xcc 0x01 0x03 0x02 0x02 0x6d 0x00 0x6b 0x00 0xd8 0xad 0xe5 0x40 0x25 0xdf 0x1a 0x41 0x00 0x00 0x00 0x00 0x00 0x00 0x00 0x00 0x56 0x65 0x19 0x40 0x3d 0x0a 0x17 0x40 0x1c 0x19 0x48 0x41 0xc2 0xb8 0x27 0x41 0x00 0x00 0x00 0x3f 0x00 0x00 0x68 0x41 0x08 0x51 0xe2 0x40 0xaa 0x94 0xa3 0x40 0xe7 0x28
[2026-07-07 14:57:13] Send self decision info: 0xa5 0x0e 0x00 0x00 0x37 0x01 0x03 0x21 0x01 0x6d 0x00 0x80 0x80 0x00 0x02 0x31 0x32 0x33 0x34 0x35 0x36 0x9d 0x8d
[2026-07-07 14:57:13] Generated sentinel field info: 0xa5 0x36 0x00 0x00 0xcc 0x01 0x03 0x02 0x02 0x6d 0x00 0x6b 0x00 0xd8 0x96 0xe5 0x40 0x4a 0xef 0x1a 0x41 0x00 0x00 0x00 0x00 0x00 0x00 0x00 0x00 0x56 0x65 0x19 0x40 0x3d 0x0a 0x17 0x40 0x82 0xd8 0x4c 0x41 0x8f 0xa0 0x24 0x41 0x00 0x00 0x00 0x3f 0x00 0x00 0x68 0x41 0x50 0xf0 0xe3 0x40 0xec 0xae 0xa3 0x40 0x9a 0x0a
[2026-07-07 14:57:13] Send self decision info: 0xa5 0x0e 0x00 0x00 0x37 0x01 0x03 0x21 0x01 0x6d 0x00 0x80 0x80 0x00 0x02 0x31 0x32 0x33 0x34 0x35 0x36 0x9d 0x8d
[2026-07-07 14:57:13] Preparing to send all location info: [ 7.18, 9.68 ], [ 0.00, 0.00 ], [ 2.40, 2.36 ], [ 13.26, 10.06 ], [ 0.50, 14.50 ], [ 7.03, 5.13 ], [ 0.00, 0.00 ], [ 17.77, 10.61 ], [ 19.95, 10.01 ], [ 13.74, 11.96 ], [ 27.50, 0.50 ], [ 14.64, 10.60 ]
[2026-07-07 14:57:13] Generated sentinel field info: 0xa5 0x36 0x00 0x00 0xcc 0x01 0x03 0x02 0x02 0x6d 0x00 0x6b 0x00 0xf4 0xb0 0xe5 0x40 0xf7 0xdc 0x1a 0x41 0x00 0x00 0x00 0x00 0x00 0x00 0x00 0x00 0x56 0x65 0x19 0x40 0x3d 0x0a 0x17 0x40 0x52 0x28 0x54 0x41 0xb7 0xef 0x20 0x41 0x00 0x00 0x00 0x3f 0x00 0x00 0x68 0x41 0x00 0x1e 0xe1 0x40 0x96 0x29 0xa4 0x40 0x40 0x65
[2026-07-07 14:57:14] Send self decision info: 0xa5 0x0e 0x00 0x00 0x37 0x01 0x03 0x21 0x01 0x6d 0x00 0x80 0x80 0x00 0x02 0x31 0x32 0x33 0x34 0x35 0x36 0x9d 0x8d
[2026-07-07 14:57:14] Generated sentinel field info: 0xa5 0x36 0x00 0x00 0xcc 0x01 0x03 0x02 0x02 0x6d 0x00 0x6b 0x00 0xf0 0xb8 0xe5 0x40 0x5a 0xd7 0x1a 0x41 0x00 0x00 0x00 0x00 0x00 0x00 0x00 0x00 0x56 0x65 0x19 0x40 0x3d 0x0a 0x17 0x40 0x65 0x8b 0x5a 0x41 0xd7 0x17 0x1f 0x41 0x00 0x00 0x00 0x3f 0x00 0x00 0x68 0x41 0x60 0x94 0xe0 0x40 0x5c 0xac 0xa3 0x40 0x95 0xb7
[2026-07-07 14:57:14] Send self decision info: 0xa5 0x0e 0x00 0x00 0x37 0x01 0x03 0x21 0x01 0x6d 0x00 0x80 0x80 0x00 0x02 0x31 0x32 0x33 0x34 0x35 0x36 0x9d 0x8d
[2026-07-07 14:57:14] Preparing to send all location info: [ 7.18, 9.68 ], [ 0.00, 0.00 ], [ 2.40, 2.36 ], [ 14.16, 9.87 ], [ 0.50, 14.50 ], [ 7.09, 5.12 ], [ 0.00, 0.00 ], [ 17.77, 10.61 ], [ 19.95, 10.01 ], [ 13.22, 12.32 ], [ 27.50, 0.50 ], [ 14.98, 10.59 ]
[2026-07-07 14:57:14] Generated sentinel field info: 0xa5 0x36 0x00 0x00 0xcc 0x01 0x03 0x02 0x02 0x6d 0x00 0x6b 0x00 0x00 0xa8 0xe5 0x40 0x40 0xe3 0x1a 0x41 0x00 0x00 0x00 0x00 0x00 0x00 0x00 0x00 0x56 0x65 0x19 0x40 0x3d 0x0a 0x17 0x40 0xe8 0x7e 0x62 0x41 0x8a 0xe9 0x1d 0x41 0x00 0x00 0x00 0x3f 0x00 0x00 0x68 0x41 0x48 0xfe 0xe2 0x40 0x28 0xd9 0xa3 0x40 0xc0 0x02
[2026-07-07 14:57:14] Send self decision info: 0xa5 0x0e 0x00 0x00 0x37 0x01 0x03 0x21 0x01 0x6d 0x00 0x80 0x80 0x00 0x02 0x31 0x32 0x33 0x34 0x35 0x36 0x9d 0x8d
[2026-07-07 14:57:14] Generated sentinel field info: 0xa5 0x36 0x00 0x00 0xcc 0x01 0x03 0x02 0x02 0x6d 0x00 0x6b 0x00 0x54 0xac 0xe5 0x40 0x36 0xe0 0x1a 0x41 0x00 0x00 0x00 0x00 0x00 0x00 0x00 0x00 0x56 0x65 0x19 0x40 0x3d 0x0a 0x17 0x40 0xd7 0xd7 0x6c 0x41 0xe6 0xac 0x1c 0x41 0x00 0x00 0x00 0x3f 0x00 0x00 0x68 0x41 0x2c 0x98 0xe2 0x40 0x63 0x7e 0xa4 0x40 0x07 0x9b
[2026-07-07 14:57:14] Send self decision info: 0xa5 0x0e 0x00 0x00 0x37 0x01 0x03 0x21 0x01 0x6d 0x00 0x80 0x80 0x00 0x02 0x31 0x32 0x33 0x34 0x35 0x36 0x9d 0x8d
[2026-07-07 14:57:14] Preparing to send all location info: [ 7.18, 9.67 ], [ 0.00, 0.00 ], [ 2.40, 2.36 ], [ 15.26, 9.69 ], [ 0.50, 14.50 ], [ 7.06, 5.12 ], [ 0.00, 0.00 ], [ 17.77, 10.61 ], [ 19.95, 10.01 ], [ 13.27, 12.39 ], [ 27.50, 0.50 ], [ 15.33, 10.70 ]
[2026-07-07 14:57:14] Generated sentinel field info: 0xa5 0x36 0x00 0x00 0xcc 0x01 0x03 0x02 0x02 0x6d 0x00 0x6b 0x00 0x44 0xca 0xe5 0x40 0x2f 0xcb 0x1a 0x41 0x00 0x00 0x00 0x00 0x00 0x00 0x00 0x00 0x56 0x65 0x19 0x40 0x3d 0x0a 0x17 0x40 0x76 0x38 0x74 0x41 0xdc 0x0c 0x1b 0x41 0x00 0x00 0x00 0x3f 0x00 0x00 0x68 0x41 0xa0 0x11 0xe2 0x40 0x60 0xfb 0xa3 0x40 0x22 0x26
[2026-07-07 14:57:14] Send self decision info: 0xa5 0x0e 0x00 0x00 0x37 0x01 0x03 0x21 0x01 0x6d 0x00 0x80 0x80 0x00 0x02 0x31 0x32 0x33 0x34 0x35 0x36 0x9d 0x8d
[2026-07-07 14:57:14] Generated sentinel field info: 0xa5 0x36 0x00 0x00 0xcc 0x01 0x03 0x02 0x02 0x6d 0x00 0x6b 0x00 0x44 0xa9 0xe5 0x40 0x5c 0xe2 0x1a 0x41 0x00 0x00 0x00 0x00 0x00 0x00 0x00 0x00 0x56 0x65 0x19 0x40 0x3d 0x0a 0x17 0x40 0x90 0x2f 0x74 0x41 0xdd 0x57 0x1d 0x41 0x00 0x00 0x00 0x3f 0x00 0x00 0x68 0x41 0xb8 0xf0 0xe2 0x40 0x1b 0xef 0xa3 0x40 0xf4 0x49
[2026-07-07 14:57:15] Send self decision info: 0xa5 0x0e 0x00 0x00 0x37 0x01 0x03 0x21 0x01 0x6d 0x00 0x80 0x80 0x00 0x02 0x31 0x32 0x33 0x34 0x35 0x36 0x9d 0x8d
[2026-07-07 14:57:15] Preparing to send all location info: [ 7.18, 9.68 ], [ 0.00, 0.00 ], [ 2.40, 2.36 ], [ 15.09, 10.01 ], [ 0.50, 14.50 ], [ 7.10, 5.15 ], [ 0.00, 0.00 ], [ 17.77, 10.61 ], [ 19.95, 10.01 ], [ 13.93, 12.26 ], [ 27.50, 0.50 ], [ 15.48, 10.79 ]
[2026-07-07 14:57:15] Generated sentinel field info: 0xa5 0x36 0x00 0x00 0xcc 0x01 0x03 0x02 0x02 0x6d 0x00 0x6b 0x00 0xf8 0x9b 0xe5 0x40 0xb1 0xeb 0x1a 0x41 0x00 0x00 0x00 0x00 0x00 0x00 0x00 0x00 0x56 0x65 0x19 0x40 0x3d 0x0a 0x17 0x40 0xd9 0x74 0x71 0x41 0xcb 0x21 0x20 0x41 0x00 0x00 0x00 0x3f 0x00 0x00 0x68 0x41 0xc8 0x35 0xe3 0x40 0x6c 0xdc 0xa4 0x40 0xf7 0x29
[2026-07-07 14:57:15] Send self decision info: 0xa5 0x0e 0x00 0x00 0x37 0x01 0x03 0x21 0x01 0x6d 0x00 0x80 0x80 0x00 0x02 0x31 0x32 0x33 0x34 0x35 0x36 0x9d 0x8d
[2026-07-07 14:57:15] Generated sentinel field info: 0xa5 0x36 0x00 0x00 0xcc 0x01 0x03 0x02 0x02 0x6d 0x00 0x6b 0x00 0x74 0x7a 0xe5 0x40 0x3b 0x03 0x1b 0x41 0x00 0x00 0x00 0x00 0x00 0x00 0x00 0x00 0x56 0x65 0x19 0x40 0x3d 0x0a 0x17 0x40 0x1b 0x1d 0x75 0x41 0x07 0xa8 0x21 0x41 0x00 0x00 0x00 0x3f 0x00 0x00 0x68 0x41 0x14 0x25 0xe2 0x40 0xde 0xdb 0xa3 0x40 0x69 0xbe
[2026-07-07 14:57:15] Send self decision info: 0xa5 0x0e 0x00 0x00 0x37 0x01 0x03 0x21 0x01 0x6d 0x00 0x80 0x80 0x00 0x02 0x31 0x32 0x33 0x34 0x35 0x36 0x9d 0x8d
[2026-07-07 14:57:15] Preparing to send all location info: [ 7.18, 9.68 ], [ 0.00, 0.00 ], [ 2.40, 2.36 ], [ 15.51, 10.15 ], [ 0.50, 14.50 ], [ 7.11, 5.13 ], [ 0.00, 0.00 ], [ 17.77, 10.61 ], [ 19.95, 10.01 ], [ 14.48, 12.53 ], [ 27.50, 0.50 ], [ 15.49, 11.06 ]
[2026-07-07 14:57:15] Generated sentinel field info: 0xa5 0x36 0x00 0x00 0xcc 0x01 0x03 0x02 0x02 0x6d 0x00 0x6b 0x00 0x20 0xb8 0xe5 0x40 0xeb 0xd7 0x1a 0x41 0x00 0x00 0x00 0x00 0x00 0x00 0x00 0x00 0x56 0x65 0x19 0x40 0x3d 0x0a 0x17 0x40 0x74 0x28 0x78 0x41 0xd7 0x58 0x22 0x41 0x00 0x00 0x00 0x3f 0x00 0x00 0x68 0x41 0x58 0x98 0xe3 0x40 0x1f 0x3d 0xa4 0x40 0x8c 0x0a
[2026-07-07 14:57:15] Send self decision info: 0xa5 0x0e 0x00 0x00 0x37 0x01 0x03 0x21 0x01 0x6d 0x00 0x80 0x80 0x00 0x02 0x31 0x32 0x33 0x34 0x35 0x36 0x9d 0x8d
[2026-07-07 14:57:15] Generated sentinel field info: 0xa5 0x36 0x00 0x00 0xcc 0x01 0x03 0x02 0x02 0x6d 0x00 0x6b 0x00 0x9c 0xaf 0xe5 0x40 0xe8 0xdd 0x1a 0x41 0x00 0x00 0x00 0x00 0x00 0x00 0x00 0x00 0x56 0x65 0x19 0x40 0x3d 0x0a 0x17 0x40 0x7a 0xbd 0x76 0x41 0xef 0xc4 0x23 0x41 0x00 0x00 0x00 0x3f 0x00 0x00 0x68 0x41 0xbc 0x42 0xe3 0x40 0x79 0xc7 0xa4 0x40 0xce 0x77
[2026-07-07 14:57:15] Send self decision info: 0xa5 0x0e 0x00 0x00 0x37 0x01 0x03 0x21 0x01 0x6d 0x00 0x80 0x80 0x00 0x02 0x31 0x32 0x33 0x34 0x35 0x36 0x9d 0x8d
[2026-07-07 14:57:15] Preparing to send all location info: [ 7.18, 9.68 ], [ 0.00, 0.00 ], [ 2.40, 2.36 ], [ 15.19, 10.38 ], [ 0.50, 14.50 ], [ 7.03, 5.14 ], [ 0.00, 0.00 ], [ 17.77, 10.61 ], [ 19.95, 10.01 ], [ 14.96, 12.53 ], [ 27.50, 0.50 ], [ 15.40, 11.24 ]
[2026-07-07 14:57:15] Generated sentinel field info: 0xa5 0x36 0x00 0x00 0xcc 0x01 0x03 0x02 0x02 0x6d 0x00 0x6b 0x00 0x70 0xac 0xe5 0x40 0x22 0xe0 0x1a 0x41 0x00 0x00 0x00 0x00 0x00 0x00 0x00 0x00 0x56 0x65 0x19 0x40 0x3d 0x0a 0x17 0x40 0x57 0xff 0x72 0x41 0xa2 0x08 0x26 0x41 0x00 0x00 0x00 0x3f 0x00 0x00 0x68 0x41 0x50 0xf0 0xe0 0x40 0xb7 0x73 0xa4 0x40 0x17 0xbd
[2026-07-07 14:57:16] Send self decision info: 0xa5 0x0e 0x00 0x00 0x37 0x01 0x03 0x21 0x01 0x6d 0x00 0x80 0x80 0x00 0x02 0x31 0x32 0x33 0x34 0x35 0x36 0x9d 0x8d
[2026-07-07 14:57:16] Send self decision info: 0xa5 0x0e 0x00 0x00 0x37 0x01 0x03 0x21 0x01 0x6d 0x00 0x80 0x80 0x00 0x02 0x31 0x32 0x33 0x34 0x35 0x36 0x9d 0x8d
[2026-07-07 14:57:16] Preparing to send all location info: [ 7.18, 9.68 ], [ 0.00, 0.00 ], [ 2.40, 2.36 ], [ 15.20, 10.45 ], [ 0.50, 14.50 ], [ 7.08, 5.15 ], [ 0.00, 0.00 ], [ 17.77, 10.61 ], [ 19.95, 10.01 ], [ 15.53, 12.36 ], [ 27.50, 0.50 ], [ 15.44, 11.28 ]
[2026-07-07 14:57:16] Generated sentinel field info: 0xa5 0x36 0x00 0x00 0xcc 0x01 0x03 0x02 0x02 0x6d 0x00 0x6b 0x00 0x3c 0x9d 0xe5 0x40 0xcf 0xea 0x1a 0x41 0x00 0x00 0x00 0x00 0x00 0x00 0x00 0x00 0x56 0x65 0x19 0x40 0x3d 0x0a 0x17 0x40 0xd7 0x45 0x73 0x41 0x50 0x3f 0x27 0x41 0x00 0x00 0x00 0x3f 0x00 0x00 0x68 0x41 0xc8 0x6d 0xe2 0x40 0x01 0xc3 0xa4 0x40 0x42 0xae
[2026-07-07 14:57:16] Send self decision info: 0xa5 0x0e 0x00 0x00 0x37 0x01 0x03 0x21 0x01 0x6d 0x00 0x80 0x80 0x00 0x02 0x31 0x32 0x33 0x34 0x35 0x36 0x9d 0x8d
[2026-07-07 14:57:16] Generated sentinel field info: 0xa5 0x36 0x00 0x00 0xcc 0x01 0x03 0x02 0x02 0x6d 0x00 0x6b 0x00 0x40 0xaa 0xe5 0x40 0xaa 0xe1 0x1a 0x41 0x00 0x00 0x00 0x00 0x00 0x00 0x00 0x00 0x56 0x65 0x19 0x40 0x3d 0x0a 0x17 0x40 0xe9 0x59 0x78 0x41 0x50 0xe9 0x25 0x41 0x00 0x00 0x00 0x3f 0x00 0x00 0x68 0x41 0x90 0xac 0xe1 0x40 0x1f 0x9f 0xa4 0x40 0x19 0x9a
[2026-07-07 14:57:16] Send self decision info: 0xa5 0x0e 0x00 0x00 0x37 0x01 0x03 0x21 0x01 0x6d 0x00 0x80 0x80 0x00 0x02 0x31 0x32 0x33 0x34 0x35 0x36 0x9d 0x8d
[2026-07-07 14:57:16] Preparing to send all location info: [ 7.20, 9.69 ], [ 0.00, 0.00 ], [ 2.40, 2.36 ], [ 15.70, 10.29 ], [ 0.50, 14.50 ], [ 7.11, 5.14 ], [ 0.00, 0.00 ], [ 17.77, 10.61 ], [ 19.95, 10.01 ], [ 15.43, 12.44 ], [ 27.50, 0.50 ], [ 15.45, 11.27 ]
[2026-07-07 14:57:16] Generated sentinel field info: 0xa5 0x36 0x00 0x00 0xcc 0x01 0x03 0x02 0x02 0x6d 0x00 0x6b 0x00 0x78 0x6a 0xe6 0x40 0x35 0xfd 0x1a 0x41 0x00 0x00 0x00 0x00 0x00 0x00 0x00 0x00 0x56 0x65 0x19 0x40 0x3d 0x0a 0x17 0x40 0xfe 0x2c 0x7b 0x41 0xdc 0x9b 0x24 0x41 0x00 0x00 0x00 0x3f 0x00 0x00 0x68 0x41 0x5c 0x6c 0xe3 0x40 0x35 0x84 0xa4 0x40 0x99 0xeb
[2026-07-07 14:57:16] Send self decision info: 0xa5 0x0e 0x00 0x00 0x37 0x01 0x03 0x21 0x01 0x6d 0x00 0x80 0x80 0x00 0x02 0x31 0x32 0x33 0x34 0x35 0x36 0x9d 0x8d
[2026-07-07 14:57:16] Generated sentinel field info: 0xa5 0x36 0x00 0x00 0xcc 0x01 0x03 0x02 0x02 0x6d 0x00 0x6b 0x00 0x78 0x9d 0xe5 0x40 0xa3 0xea 0x1a 0x41 0x00 0x00 0x00 0x00 0x00 0x00 0x00 0x00 0x56 0x65 0x19 0x40 0x3d 0x0a 0x17 0x40 0x93 0x0b 0x7c 0x41 0x4c 0x80 0x24 0x41 0x00 0x00 0x00 0x3f 0x00 0x00 0x68 0x41 0xf8 0xde 0xe0 0x40 0xd4 0x8f 0xa4 0x40 0x6e 0xc3
[2026-07-07 14:57:17] Send self decision info: 0xa5 0x0e 0x00 0x00 0x37 0x01 0x03 0x21 0x01 0x6d 0x00 0x80 0x80 0x00 0x02 0x31 0x32 0x33 0x34 0x35 0x36 0x9d 0x8d
[2026-07-07 14:57:17] Preparing to send all location info: [ 7.18, 9.68 ], [ 0.00, 0.00 ], [ 2.40, 2.36 ], [ 15.59, 10.30 ], [ 0.50, 14.50 ], [ 7.04, 5.16 ], [ 0.00, 0.00 ], [ 17.77, 10.61 ], [ 19.95, 10.01 ], [ 15.25, 12.57 ], [ 27.50, 0.50 ], [ 15.42, 11.26 ]
[2026-07-07 14:57:17] Generated sentinel field info: 0xa5 0x36 0x00 0x00 0xcc 0x01 0x03 0x02 0x02 0x6d 0x00 0x6b 0x00 0xcc 0xaa 0xe5 0x40 0x48 0xe1 0x1a 0x41 0x00 0x00 0x00 0x00 0x00 0x00 0x00 0x00 0x56 0x65 0x19 0x40 0x3d 0x0a 0x17 0x40 0x7f 0x68 0x79 0x41 0xfd 0xdb 0x24 0x41 0x00 0x00 0x00 0x3f 0x00 0x00 0x68 0x41 0x5c 0x69 0xe1 0x40 0x02 0x0c 0xa5 0x40 0x95 0xfa
[2026-07-07 14:57:17] Send self decision info: 0xa5 0x0e 0x00 0x00 0x37 0x01 0x03 0x21 0x01 0x6d 0x00 0x80 0x80 0x00 0x02 0x31 0x32 0x33 0x34 0x35 0x36 0x9d 0x8d
[2026-07-07 14:57:17] Generated sentinel field info: 0xa5 0x36 0x00 0x00 0xcc 0x01 0x03 0x02 0x02 0x6d 0x00 0x6b 0x00 0xd8 0xaa 0xe5 0x40 0x3f 0xe1 0x1a 0x41 0x00 0x00 0x00 0x00 0x00 0x00 0x00 0x00 0x56 0x65 0x19 0x40 0x3d 0x0a 0x17 0x40 0x82 0x92 0x76 0x41 0xcf 0x6f 0x25 0x41 0x00 0x00 0x00 0x3f 0x00 0x00 0x68 0x41 0x20 0xb7 0xe2 0x40 0x50 0x4c 0xa4 0x40 0x8b 0xfd
[2026-07-07 14:57:17] Send self decision info: 0xa5 0x0e 0x00 0x00 0x37 0x01 0x03 0x21 0x01 0x6d 0x00 0x80 0x80 0x00 0x02 0x31 0x32 0x33 0x34 0x35 0x36 0x9d 0x8d
[2026-07-07 14:57:17] Preparing to send all location info: [ 7.18, 9.68 ], [ 0.00, 0.00 ], [ 2.40, 2.36 ], [ 15.20, 10.45 ], [ 0.50, 14.50 ], [ 7.11, 5.14 ], [ 0.00, 0.00 ], [ 15.33, 12.58 ], [ 19.95, 10.01 ], [ 15.52, 12.59 ], [ 27.50, 0.50 ], [ 15.42, 11.26 ]
[2026-07-07 14:57:17] Generated sentinel field info: 0xa5 0x36 0x00 0x00 0xcc 0x01 0x03 0x02 0x02 0x6d 0x00 0x6b 0x00 0xd4 0xad 0xe5 0x40 0x28 0xdf 0x1a 0x41 0x00 0x00 0x00 0x00 0x00 0x00 0x00 0x00 0x56 0x65 0x19 0x40 0x3d 0x0a 0x17 0x40 0x21 0x47 0x73 0x41 0x05 0x3e 0x27 0x41 0x00 0x00 0x00 0x3f 0x00 0x00 0x68 0x41 0xf0 0x65 0xe3 0x40 0x95 0x8e 0xa4 0x40 0x4e 0x1f
[2026-07-07 14:57:17] Send self decision info: 0xa5 0x0e 0x00 0x00 0x37 0x01 0x03 0x21 0x01 0x6d 0x00 0x80 0x80 0x00 0x02 0x31 0x32 0x33 0x34 0x35 0x36 0x9d 0x8d
[2026-07-07 14:57:17] Send self decision info: 0xa5 0x0e 0x00 0x00 0x37 0x01 0x03 0x21 0x01 0x6d 0x00 0x80 0x80 0x00 0x02 0x31 0x32 0x33 0x34 0x35 0x36 0x9d 0x8d
[2026-07-07 14:57:17] Preparing to send all location info: [ 7.18, 9.68 ], [ 0.00, 0.00 ], [ 2.40, 2.36 ], [ 14.49, 10.85 ], [ 0.50, 14.50 ], [ 7.08, 5.15 ], [ 0.00, 0.00 ], [ 15.33, 12.58 ], [ 19.95, 10.01 ], [ 16.21, 12.60 ], [ 27.50, 0.50 ], [ 15.42, 11.26 ]
[2026-07-07 14:57:17] Generated sentinel field info: 0xa5 0x36 0x00 0x00 0xcc 0x01 0x03 0x02 0x02 0x6d 0x00 0x6b 0x00 0xf0 0xa3 0xe5 0x40 0x1b 0xe6 0x1a 0x41 0x00 0x00 0x00 0x00 0x00 0x00 0x00 0x00 0x56 0x65 0x19 0x40 0x3d 0x0a 0x17 0x40 0x6f 0xdc 0x67 0x41 0xdb 0x97 0x2d 0x41 0x00 0x00 0x00 0x3f 0x00 0x00 0x68 0x41 0xcc 0x72 0xe2 0x40 0xe1 0xba 0xa4 0x40 0x4c 0x63
[2026-07-07 14:57:18] Send self decision info: 0xa5 0x0e 0x00 0x00 0x37 0x01 0x03 0x21 0x01 0x6d 0x00 0x80 0x80 0x00 0x02 0x31 0x32 0x33 0x34 0x35 0x36 0x9d 0x8d
[2026-07-07 14:57:18] Send self decision info: 0xa5 0x0e 0x00 0x00 0x37 0x01 0x03 0x21 0x01 0x6d 0x00 0x80 0x80 0x00 0x02 0x31 0x32 0x33 0x34 0x35 0x36 0x9d 0x8d
[2026-07-07 14:57:18] Preparing to send all location info: [ 7.18, 9.68 ], [ 0.00, 0.00 ], [ 2.40, 2.36 ], [ 14.09, 11.35 ], [ 0.50, 14.50 ], [ 7.06, 5.17 ], [ 0.00, 0.00 ], [ 15.33, 12.58 ], [ 19.95, 10.01 ], [ 17.57, 12.43 ], [ 27.50, 0.50 ], [ 15.42, 11.26 ]
[2026-07-07 14:57:18] Generated sentinel field info: 0xa5 0x36 0x00 0x00 0xcc 0x01 0x03 0x02 0x02 0x6d 0x00 0x6b 0x00 0xa4 0xae 0xe5 0x40 0x94 0xde 0x1a 0x41 0x00 0x00 0x00 0x00 0x00 0x00 0x00 0x00 0x56 0x65 0x19 0x40 0x3d 0x0a 0x17 0x40 0xb7 0x5f 0x61 0x41 0x47 0x9c 0x35 0x41 0x00 0x00 0x00 0x3f 0x00 0x00 0x68 0x41 0x50 0x0a 0xe2 0x40 0xf8 0x63 0xa5 0x40 0x3c 0x0f
[2026-07-07 14:57:18] Send self decision info: 0xa5 0x0e 0x00 0x00 0x37 0x01 0x03 0x21 0x01 0x6d 0x00 0x80 0x80 0x00 0x02 0x31 0x32 0x33 0x34 0x35 0x36 0x9d 0x8d
[2026-07-07 14:57:18] Generated sentinel field info: 0xa5 0x36 0x00 0x00 0xcc 0x01 0x03 0x02 0x02 0x6d 0x00 0x6b 0x00 0x70 0xa0 0xe5 0x40 0x8e 0xe8 0x1a 0x41 0x00 0x00 0x00 0x00 0x00 0x00 0x00 0x00 0x56 0x65 0x19 0x40 0x3d 0x0a 0x17 0x40 0xa1 0x05 0x64 0x41 0x37 0x6d 0x39 0x41 0x00 0x00 0x00 0x3f 0x00 0x00 0x68 0x41 0x7c 0x8c 0xe2 0x40 0x52 0x91 0xa4 0x40 0x6c 0xb9
[2026-07-07 14:57:18] Send self decision info: 0xa5 0x0e 0x00 0x00 0x37 0x01 0x03 0x21 0x01 0x6d 0x00 0x80 0x80 0x00 0x02 0x31 0x32 0x33 0x34 0x35 0x36 0x9d 0x8d
[2026-07-07 14:57:18] Preparing to send all location info: [ 7.18, 9.68 ], [ 0.00, 0.00 ], [ 2.40, 2.36 ], [ 14.55, 11.79 ], [ 0.50, 14.50 ], [ 7.10, 5.16 ], [ 0.00, 0.00 ], [ 15.33, 12.58 ], [ 19.95, 10.01 ], [ 19.18, 12.08 ], [ 27.50, 0.50 ], [ 15.42, 11.26 ]
[2026-07-07 14:57:18] Generated sentinel field info: 0xa5 0x36 0x00 0x00 0xcc 0x01 0x03 0x02 0x02 0x6d 0x00 0x6b 0x00 0x9c 0x9c 0xe5 0x40 0x3f 0xeb 0x1a 0x41 0x00 0x00 0x00 0x00 0x00 0x00 0x00 0x00 0x56 0x65 0x19 0x40 0x3d 0x0a 0x17 0x40 0x05 0xda 0x68 0x41 0xff 0x94 0x3c 0x41 0x00 0x00 0x00 0x3f 0x00 0x00 0x68 0x41 0x90 0x21 0xe3 0x40 0x19 0xfd 0xa4 0x40 0xec 0xb9
[2026-07-07 14:57:18] Send self decision info: 0xa5 0x0e 0x00 0x00 0x37 0x01 0x03 0x21 0x01 0x6d 0x00 0x80 0x80 0x00 0x02 0x31 0x32 0x33 0x34 0x35 0x36 0x9d 0x8d
[2026-07-07 14:57:18] Generated sentinel field info: 0xa5 0x36 0x00 0x00 0xcc 0x01 0x03 0x02 0x02 0x6d 0x00 0x6b 0x00 0x04 0x9c 0xe5 0x40 0xab 0xeb 0x1a 0x41 0x00 0x00 0x00 0x00 0x00 0x00 0x00 0x00 0x56 0x65 0x19 0x40 0x3d 0x0a 0x17 0x40 0x37 0x9a 0x67 0x41 0xe2 0x66 0x41 0x41 0x00 0x00 0x00 0x3f 0x00 0x00 0x68 0x41 0x18 0x5f 0xe1 0x40 0xa2 0x1c 0xa5 0x40 0x20 0x7e
[2026-07-07 14:57:19] Send self decision info: 0xa5 0x0e 0x00 0x00 0x37 0x01 0x03 0x21 0x01 0x6d 0x00 0x80 0x80 0x00 0x02 0x31 0x32 0x33 0x34 0x35 0x36 0x9d 0x8d
[2026-07-07 14:57:19] Preparing to send all location info: [ 7.17, 9.69 ], [ 0.00, 0.00 ], [ 2.40, 2.36 ], [ 14.73, 12.29 ], [ 0.50, 14.50 ], [ 7.04, 5.17 ], [ 0.00, 0.00 ], [ 15.33, 12.58 ], [ 19.95, 10.01 ], [ 19.88, 11.94 ], [ 27.50, 0.50 ], [ 15.42, 11.26 ]
[2026-07-07 14:57:19] Generated sentinel field info: 0xa5 0x36 0x00 0x00 0xcc 0x01 0x03 0x02 0x02 0x6d 0x00 0x6b 0x00 0x58 0x89 0xe5 0x40 0xc8 0xf8 0x1a 0x41 0x00 0x00 0x00 0x00 0x00 0x00 0x00 0x00 0x56 0x65 0x19 0x40 0x3d 0x0a 0x17 0x40 0xfd 0x9f 0x6b 0x41 0x29 0xb6 0x44 0x41 0x00 0x00 0x00 0x3f 0x00 0x00 0x68 0x41 0x80 0x39 0xe1 0x40 0x8c 0x59 0xa5 0x40 0xa4 0x84
[2026-07-07 14:57:19] Send self decision info: 0xa5 0x0e 0x00 0x00 0x37 0x01 0x03 0x21 0x01 0x6d 0x00 0x80 0x80 0x00 0x02 0x31 0x32 0x33 0x34 0x35 0x36 0x9d 0x8d
[2026-07-07 14:57:19] Generated sentinel field info: 0xa5 0x36 0x00 0x00 0xcc 0x01 0x03 0x02 0x02 0x6d 0x00 0x6b 0x00 0x68 0x8b 0xe5 0x40 0x55 0xf7 0x1a 0x41 0x00 0x00 0x00 0x00 0x00 0x00 0x00 0x00 0x56 0x65 0x19 0x40 0x3d 0x0a 0x17 0x40 0xcc 0x2d 0x75 0x41 0x44 0x89 0x46 0x41 0x00 0x00 0x00 0x3f 0x00 0x00 0x68 0x41 0xa8 0x35 0xe3 0x40 0xa0 0xdc 0xa4 0x40 0xd6 0x34
[2026-07-07 14:57:19] Send self decision info: 0xa5 0x0e 0x00 0x00 0x37 0x01 0x03 0x21 0x01 0x6d 0x00 0x80 0x80 0x00 0x02 0x31 0x32 0x33 0x34 0x35 0x36 0x9d 0x8d
[2026-07-07 14:57:19] Preparing to send all location info: [ 7.20, 9.69 ], [ 0.00, 0.00 ], [ 2.40, 2.36 ], [ 15.95, 12.33 ], [ 0.50, 14.50 ], [ 7.05, 5.15 ], [ 0.00, 0.00 ], [ 15.33, 12.58 ], [ 19.95, 10.01 ], [ 19.88, 11.94 ], [ 27.50, 0.50 ], [ 15.42, 11.26 ]
[2026-07-07 14:57:19] Generated sentinel field info: 0xa5 0x36 0x00 0x00 0xcc 0x01 0x03 0x02 0x02 0x6d 0x00 0x6b 0x00 0x98 0x60 0xe6 0x40 0x20 0x04 0x1b 0x41 0x00 0x00 0x00 0x00 0x00 0x00 0x00 0x00 0x56 0x65 0x19 0x40 0x3d 0x0a 0x17 0x40 0x94 0x2e 0x7f 0x41 0x60 0x56 0x45 0x41 0x00 0x00 0x00 0x3f 0x00 0x00 0x68 0x41 0x48 0xa0 0xe1 0x40 0x03 0xb3 0xa4 0x40 0xc3 0x72
[2026-07-07 14:57:19] Send self decision info: 0xa5 0x0e 0x00 0x00 0x37 0x01 0x03 0x21 0x01 0x6d 0x00 0x80 0x80 0x00 0x02 0x31 0x32 0x33 0x34 0x35 0x36 0x9d 0x8d
[2026-07-07 14:57:19] Send self decision info: 0xa5 0x0e 0x00 0x00 0x37 0x01 0x03 0x21 0x01 0x6d 0x00 0x80 0x80 0x00 0x02 0x31 0x32 0x33 0x34 0x35 0x36 0x9d 0x8d
[2026-07-07 14:57:19] Preparing to send all location info: [ 7.18, 9.68 ], [ 0.00, 0.00 ], [ 2.40, 2.36 ], [ 16.61, 12.06 ], [ 0.50, 14.50 ], [ 7.08, 5.15 ], [ 0.00, 0.00 ], [ 21.09, 10.74 ], [ 19.95, 10.01 ], [ 20.93, 10.87 ], [ 27.50, 0.50 ], [ 15.42, 11.26 ]
[2026-07-07 14:57:19] Generated sentinel field info: 0xa5 0x36 0x00 0x00 0xcc 0x01 0x03 0x02 0x02 0x6d 0x00 0x6b 0x00 0xd4 0x9a 0xe5 0x40 0x80 0xec 0x1a 0x41 0x00 0x00 0x00 0x00 0x00 0x00 0x00 0x00 0x56 0x65 0x19 0x40 0x3d 0x0a 0x17 0x40 0x71 0xda 0x84 0x41 0x2b 0xf2 0x40 0x41 0x00 0x00 0x00 0x3f 0x00 0x00 0x68 0x41 0x88 0x6e 0xe2 0x40 0xc7 0xc1 0xa4 0x40 0x73 0x92
[2026-07-07 14:57:20] Send self decision info: 0xa5 0x0e 0x00 0x00 0x37 0x01 0x03 0x21 0x01 0x6d 0x00 0x80 0x80 0x00 0x02 0x31 0x32 0x33 0x34 0x35 0x36 0x9d 0x8d
[2026-07-07 14:57:20] Generated sentinel field info: 0xa5 0x36 0x00 0x00 0xcc 0x01 0x03 0x02 0x02 0x6d 0x00 0x6b 0x00 0xb4 0x78 0xe6 0x40 0x38 0xf3 0x1a 0x41 0x00 0x00 0x00 0x00 0x00 0x00 0x00 0x00 0x56 0x65 0x19 0x40 0x3d 0x0a 0x17 0x40 0xaa 0x8e 0x84 0x41 0xa0 0xbb 0x40 0x41 0x00 0x00 0x00 0x3f 0x00 0x00 0x68 0x41 0xe0 0x55 0xe2 0x40 0xab 0xe9 0xa4 0x40 0x11 0xd6
[2026-07-07 14:57:20] Send self decision info: 0xa5 0x0e 0x00 0x00 0x37 0x01 0x03 0x21 0x01 0x6d 0x00 0x80 0x80 0x00 0x02 0x31 0x32 0x33 0x34 0x35 0x36 0x9d 0x8d
[2026-07-07 14:57:20] Preparing to send all location info: [ 7.20, 9.69 ], [ 0.00, 0.00 ], [ 2.40, 2.36 ], [ 16.60, 12.16 ], [ 0.50, 14.50 ], [ 7.05, 5.19 ], [ 0.00, 0.00 ], [ 21.09, 10.74 ], [ 19.95, 10.01 ], [ 20.93, 10.87 ], [ 27.50, 0.50 ], [ 15.42, 11.26 ]
[2026-07-07 14:57:20] Generated sentinel field info: 0xa5 0x36 0x00 0x00 0xcc 0x01 0x03 0x02 0x02 0x6d 0x00 0x6b 0x00 0xf4 0x62 0xe6 0x40 0x7a 0x02 0x1b 0x41 0x00 0x00 0x00 0x00 0x00 0x00 0x00 0x00 0x56 0x65 0x19 0x40 0x3d 0x0a 0x17 0x40 0xd0 0xcb 0x84 0x41 0xcd 0x8c 0x42 0x41 0x00 0x00 0x00 0x3f 0x00 0x00 0x68 0x41 0xe8 0xa8 0xe1 0x40 0x92 0x01 0xa6 0x40 0xc9 0xb6
[2026-07-07 14:57:20] Send self decision info: 0xa5 0x0e 0x00 0x00 0x37 0x01 0x03 0x21 0x01 0x6d 0x00 0x80 0x80 0x00 0x02 0x31 0x32 0x33 0x34 0x35 0x36 0x9d 0x8d
[2026-07-07 14:57:20] Send self decision info: 0xa5 0x0e 0x00 0x00 0x37 0x01 0x03 0x21 0x01 0x6d 0x00 0x80 0x80 0x00 0x02 0x31 0x32 0x33 0x34 0x35 0x36 0x9d 0x8d
[2026-07-07 14:57:20] Preparing to send all location info: [ 7.20, 9.69 ], [ 0.00, 0.00 ], [ 2.40, 2.36 ], [ 16.71, 12.20 ], [ 0.50, 14.50 ], [ 7.09, 5.17 ], [ 0.00, 0.00 ], [ 21.09, 10.74 ], [ 19.95, 10.01 ], [ 20.93, 10.87 ], [ 27.50, 0.50 ], [ 15.42, 11.26 ]
[2026-07-07 14:57:20] Generated sentinel field info: 0xa5 0x36 0x00 0x00 0xcc 0x01 0x03 0x02 0x02 0x6d 0x00 0x6b 0x00 0x94 0x64 0xe6 0x40 0x57 0x01 0x1b 0x41 0x00 0x00 0x00 0x00 0x00 0x00 0x00 0x00 0x56 0x65 0x19 0x40 0x3d 0x0a 0x17 0x40 0xe9 0xaf 0x85 0x41 0xa3 0x31 0x43 0x41 0x00 0x00 0x00 0x3f 0x00 0x00 0x68 0x41 0x64 0xe0 0xe2 0x40 0x72 0x66 0xa5 0x40 0x0d 0x3e
[2026-07-07 14:57:20] Send self decision info: 0xa5 0x0e 0x00 0x00 0x37 0x01 0x03 0x21 0x01 0x6d 0x00 0x80 0x80 0x00 0x02 0x31 0x32 0x33 0x34 0x35 0x36 0x9d 0x8d
[2026-07-07 14:57:20] Generated sentinel field info: 0xa5 0x36 0x00 0x00 0xcc 0x01 0x03 0x02 0x02 0x6d 0x00 0x6b 0x00 0x14 0x70 0xe6 0x40 0x46 0xf9 0x1a 0x41 0x00 0x00 0x00 0x00 0x00 0x00 0x00 0x00 0x56 0x65 0x19 0x40 0x3d 0x0a 0x17 0x40 0xd6 0xa9 0x85 0x41 0x8f 0x3c 0x43 0x41 0x00 0x00 0x00 0x3f 0x00 0x00 0x68 0x41 0x1c 0x8a 0xe3 0x40 0x1d 0xb1 0xa5 0x40 0x0a 0x03
[2026-07-07 14:57:21] Send self decision info: 0xa5 0x0e 0x00 0x00 0x37 0x01 0x03 0x21 0x01 0x6d 0x00 0x80 0x80 0x00 0x02 0x31 0x32 0x33 0x34 0x35 0x36 0x9d 0x8d
[2026-07-07 14:57:21] Preparing to send all location info: [ 7.18, 9.68 ], [ 0.00, 0.00 ], [ 2.40, 2.36 ], [ 16.74, 12.22 ], [ 0.50, 14.50 ], [ 7.02, 5.16 ], [ 0.00, 0.00 ], [ 21.09, 10.74 ], [ 19.95, 10.01 ], [ 20.93, 10.87 ], [ 27.50, 0.50 ], [ 15.42, 11.26 ]
[2026-07-07 14:57:21] Generated sentinel field info: 0xa5 0x36 0x00 0x00 0xcc 0x01 0x03 0x02 0x02 0x6d 0x00 0x6b 0x00 0x7c 0xa6 0xe5 0x40 0x4f 0xe4 0x1a 0x41 0x00 0x00 0x00 0x00 0x00 0x00 0x00 0x00 0x56 0x65 0x19 0x40 0x3d 0x0a 0x17 0x40 0xe2 0xe4 0x85 0x41 0xb0 0x92 0x43 0x41 0x00 0x00 0x00 0x3f 0x00 0x00 0x68 0x41 0x6c 0x7f 0xe0 0x40 0xd2 0x2a 0xa5 0x40 0x34 0x97
[2026-07-07 14:57:21] Send self decision info: 0xa5 0x0e 0x00 0x00 0x37 0x01 0x03 0x21 0x01 0x6d 0x00 0x80 0x80 0x00 0x02 0x31 0x32 0x33 0x34 0x35 0x36 0x9d 0x8d
[2026-07-07 14:57:21] Generated sentinel field info: 0xa5 0x36 0x00 0x00 0xcc 0x01 0x03 0x02 0x02 0x6d 0x00 0x6b 0x00 0xf4 0xad 0xe5 0x40 0x11 0xdf 0x1a 0x41 0x00 0x00 0x00 0x00 0x00 0x00 0x00 0x00 0x56 0x65 0x19 0x40 0x3d 0x0a 0x17 0x40 0x44 0xab 0x86 0x41 0x80 0x70 0x44 0x41 0x00 0x00 0x00 0x3f 0x00 0x00 0x68 0x41 0x38 0xbb 0xe3 0x40 0xd7 0x61 0xa5 0x40 0xbd 0x01
[2026-07-07 14:57:21] Send self decision info: 0xa5 0x0e 0x00 0x00 0x37 0x01 0x03 0x21 0x01 0x6d 0x00 0x80 0x80 0x00 0x02 0x31 0x32 0x33 0x34 0x35 0x36 0x9d 0x8d
[2026-07-07 14:57:21] Preparing to send all location info: [ 7.20, 9.68 ], [ 0.00, 0.00 ], [ 2.40, 2.36 ], [ 17.06, 12.36 ], [ 0.50, 14.50 ], [ 7.09, 5.17 ], [ 0.00, 0.00 ], [ 21.09, 10.74 ], [ 19.95, 10.01 ], [ 20.93, 10.87 ], [ 27.50, 0.50 ], [ 15.42, 11.26 ]
[2026-07-07 14:57:21] Generated sentinel field info: 0xa5 0x36 0x00 0x00 0xcc 0x01 0x03 0x02 0x02 0x6d 0x00 0x6b 0x00 0x90 0x76 0xe6 0x40 0xb8 0xf4 0x1a 0x41 0x00 0x00 0x00 0x00 0x00 0x00 0x00 0x00 0x56 0x65 0x19 0x40 0x3d 0x0a 0x17 0x40 0xd8 0x70 0x88 0x41 0x1c 0xcf 0x45 0x41 0x00 0x00 0x00 0x3f 0x00 0x00 0x68 0x41 0x30 0xc6 0xe2 0x40 0xc9 0x90 0xa5 0x40 0x60 0x00
[2026-07-07 14:57:21] Send self decision info: 0xa5 0x0e 0x00 0x00 0x37 0x01 0x03 0x21 0x01 0x6d 0x00 0x80 0x80 0x00 0x02 0x31 0x32 0x33 0x34 0x35 0x36 0x9d 0x8d
[2026-07-07 14:57:21] Send self decision info: 0xa5 0x0e 0x00 0x00 0x37 0x01 0x03 0x21 0x01 0x6d 0x00 0x80 0x80 0x00 0x02 0x31 0x32 0x33 0x34 0x35 0x36 0x9d 0x8d
[2026-07-07 14:57:21] Preparing to send all location info: [ 7.18, 9.68 ], [ 0.00, 0.00 ], [ 2.40, 2.36 ], [ 17.10, 12.37 ], [ 0.50, 14.50 ], [ 7.10, 5.15 ], [ 0.00, 0.00 ], [ 21.09, 10.74 ], [ 19.95, 10.01 ], [ 19.29, 0.96 ], [ 27.50, 0.50 ], [ 15.42, 11.26 ]
[2026-07-07 14:57:21] Generated sentinel field info: 0xa5 0x36 0x00 0x00 0xcc 0x01 0x03 0x02 0x02 0x6d 0x00 0x6b 0x00 0x04 0x9b 0xe5 0x40 0x5e 0xec 0x1a 0x41 0x00 0x00 0x00 0x00 0x00 0x00 0x00 0x00 0x56 0x65 0x19 0x40 0x3d 0x0a 0x17 0x40 0xd0 0xc6 0x88 0x41 0x62 0xf8 0x45 0x41 0x00 0x00 0x00 0x3f 0x00 0x00 0x68 0x41 0xf4 0x30 0xe3 0x40 0x36 0xe4 0xa4 0x40 0xd9 0x7f
[2026-07-07 14:57:22] Send self decision info: 0xa5 0x0e 0x00 0x00 0x37 0x01 0x03 0x21 0x01 0x6d 0x00 0x80 0x80 0x00 0x02 0x31 0x32 0x33 0x34 0x35 0x36 0x9d 0x8d
[2026-07-07 14:57:22] Generated sentinel field info: 0xa5 0x36 0x00 0x00 0xcc 0x01 0x03 0x02 0x02 0x6d 0x00 0x6b 0x00 0xac 0x9e 0xe5 0x40 0xcd 0xe9 0x1a 0x41 0x00 0x00 0x00 0x00 0x00 0x00 0x00 0x00 0x56 0x65 0x19 0x40 0x3d 0x0a 0x17 0x40 0x91 0x5c 0x86 0x41 0x71 0xbd 0x45 0x41 0x00 0x00 0x00 0x3f 0x00 0x00 0x68 0x41 0x54 0xfa 0xe2 0x40 0x81 0x3c 0xa5 0x40 0x53 0xe1
[2026-07-07 14:57:22] Send self decision info: 0xa5 0x0e 0x00 0x00 0x37 0x01 0x03 0x21 0x01 0x6d 0x00 0x80 0x80 0x00 0x02 0x31 0x32 0x33 0x34 0x35 0x36 0x9d 0x8d
[2026-07-07 14:57:22] Preparing to send all location info: [ 7.18, 9.68 ], [ 0.00, 0.00 ], [ 2.40, 2.36 ], [ 16.29, 12.39 ], [ 0.50, 14.50 ], [ 7.08, 5.18 ], [ 0.00, 0.00 ], [ 21.09, 10.74 ], [ 19.95, 10.01 ], [ 18.08, 1.00 ], [ 27.50, 0.50 ], [ 15.42, 11.26 ]
[2026-07-07 14:57:22] Generated sentinel field info: 0xa5 0x36 0x00 0x00 0xcc 0x01 0x03 0x02 0x02 0x6d 0x00 0x6b 0x00 0x44 0xb2 0xe5 0x40 0x09 0xdc 0x1a 0x41 0x00 0x00 0x00 0x00 0x00 0x00 0x00 0x00 0x56 0x65 0x19 0x40 0x3d 0x0a 0x17 0x40 0xa8 0x57 0x82 0x41 0xa0 0x3e 0x46 0x41 0x00 0x00 0x00 0x3f 0x00 0x00 0x68 0x41 0x38 0x98 0xe2 0x40 0x13 0xdb 0xa5 0x40 0xdb 0x8c
[2026-07-07 14:57:22] Send self decision info: 0xa5 0x0e 0x00 0x00 0x37 0x01 0x03 0x21 0x01 0x6d 0x00 0x80 0x80 0x00 0x02 0x31 0x32 0x33 0x34 0x35 0x36 0x9d 0x8d
[2026-07-07 14:57:22] Generated sentinel field info: 0xa5 0x36 0x00 0x00 0xcc 0x01 0x03 0x02 0x02 0x6d 0x00 0x6b 0x00 0xb4 0xbb 0xe5 0x40 0x69 0xd5 0x1a 0x41 0x00 0x00 0x00 0x00 0x00 0x00 0x00 0x00 0x56 0x65 0x19 0x40 0x3d 0x0a 0x17 0x40 0x44 0x35 0x7d 0x41 0xf5 0xf0 0x44 0x41 0x00 0x00 0x00 0x3f 0x00 0x00 0x68 0x41 0x6c 0x0f 0xe2 0x40 0xb1 0x5b 0xa5 0x40 0x4d 0xc7
[2026-07-07 14:57:22] Send self decision info: 0xa5 0x0e 0x00 0x00 0x37 0x01 0x03 0x21 0x01 0x6d 0x00 0x80 0x80 0x00 0x02 0x31 0x32 0x33 0x34 0x35 0x36 0x9d 0x8d
[2026-07-07 14:57:22] Preparing to send all location info: [ 7.18, 9.68 ], [ 0.00, 0.00 ], [ 2.40, 2.36 ], [ 15.29, 12.35 ], [ 0.50, 14.50 ], [ 7.09, 5.17 ], [ 0.00, 0.00 ], [ 21.09, 10.74 ], [ 19.95, 10.01 ], [ 17.62, 1.82 ], [ 27.50, 0.50 ], [ 15.42, 11.26 ]
[2026-07-07 14:57:22] Generated sentinel field info: 0xa5 0x36 0x00 0x00 0xcc 0x01 0x03 0x02 0x02 0x6d 0x00 0x6b 0x00 0xb0 0x9f 0xe5 0x40 0x16 0xe9 0x1a 0x41 0x00 0x00 0x00 0x00 0x00 0x00 0x00 0x00 0x56 0x65 0x19 0x40 0x3d 0x0a 0x17 0x40 0x6c 0xad 0x74 0x41 0xaf 0x8c 0x45 0x41 0x00 0x00 0x00 0x3f 0x00 0x00 0x68 0x41 0x28 0xdd 0xe2 0x40 0xa9 0x6b 0xa5 0x40 0x9b 0x70
[2026-07-07 14:57:22] Send self decision info: 0xa5 0x0e 0x00 0x00 0x37 0x01 0x03 0x21 0x01 0x6d 0x00 0x80 0x80 0x00 0x02 0x31 0x32 0x33 0x34 0x35 0x36 0x9d 0x8d
[2026-07-07 14:57:23] Send self decision info: 0xa5 0x0e 0x00 0x00 0x37 0x01 0x03 0x21 0x01 0x6d 0x00 0x80 0x80 0x00 0x02 0x31 0x32 0x33 0x34 0x35 0x36 0x9d 0x8d
[2026-07-07 14:57:23] Preparing to send all location info: [ 7.17, 9.68 ], [ 0.00, 0.00 ], [ 2.40, 2.36 ], [ 14.62, 12.17 ], [ 0.50, 14.50 ], [ 7.09, 5.17 ], [ 0.00, 0.00 ], [ 21.09, 10.74 ], [ 19.95, 10.01 ], [ 18.11, 2.39 ], [ 27.50, 0.50 ], [ 15.42, 11.26 ]
[2026-07-07 14:57:23] Generated sentinel field info: 0xa5 0x36 0x00 0x00 0xcc 0x01 0x03 0x02 0x02 0x6d 0x00 0x6b 0x00 0xe4 0x96 0xe5 0x40 0x43 0xef 0x1a 0x41 0x00 0x00 0x00 0x00 0x00 0x00 0x00 0x00 0x56 0x65 0x19 0x40 0x3d 0x0a 0x17 0x40 0x58 0xe0 0x69 0x41 0x1c 0xcb 0x42 0x41 0x00 0x00 0x00 0x3f 0x00 0x00 0x68 0x41 0xe4 0xe5 0xe2 0x40 0x8a 0x5d 0xa5 0x40 0x29 0xad
[2026-07-07 14:57:23] Send self decision info: 0xa5 0x0e 0x00 0x00 0x37 0x01 0x03 0x21 0x01 0x6d 0x00 0x80 0x80 0x00 0x02 0x31 0x32 0x33 0x34 0x35 0x36 0x9d 0x8d
[2026-07-07 14:57:23] Generated sentinel field info: 0xa5 0x36 0x00 0x00 0xcc 0x01 0x03 0x02 0x02 0x6d 0x00 0x6b 0x00 0xa0 0x78 0xe5 0x40 0x86 0x04 0x1b 0x41 0x00 0x00 0x00 0x00 0x00 0x00 0x00 0x00 0x56 0x65 0x19 0x40 0x3d 0x0a 0x17 0x40 0xbe 0xb3 0x64 0x41 0xf2 0xa5 0x40 0x41 0x00 0x00 0x00 0x3f 0x00 0x00 0x68 0x41 0x30 0x9a 0xe3 0x40 0x2c 0x97 0xa5 0x40 0x2c 0xb7
[2026-07-07 14:57:23] Send self decision info: 0xa5 0x0e 0x00 0x00 0x37 0x01 0x03 0x21 0x01 0x6d 0x00 0x80 0x80 0x00 0x02 0x31 0x32 0x33 0x34 0x35 0x36 0x9d 0x8d
[2026-07-07 14:57:23] Preparing to send all location info: [ 7.17, 9.69 ], [ 0.00, 0.00 ], [ 2.40, 2.36 ], [ 13.88, 11.96 ], [ 0.50, 14.50 ], [ 7.10, 5.20 ], [ 0.00, 0.00 ], [ 21.09, 10.74 ], [ 19.95, 10.01 ], [ 18.70, 2.68 ], [ 27.50, 0.50 ], [ 15.42, 11.26 ]
[2026-07-07 14:57:23] Generated sentinel field info: 0xa5 0x36 0x00 0x00 0xcc 0x01 0x03 0x02 0x02 0x6d 0x00 0x6b 0x00 0x4c 0x79 0xe5 0x40 0x0c 0x04 0x1b 0x41 0x00 0x00 0x00 0x00 0x00 0x00 0x00 0x00 0x56 0x65 0x19 0x40 0x3d 0x0a 0x17 0x40 0xc1 0x08 0x5e 0x41 0x51 0x65 0x3f 0x41 0x00 0x00 0x00 0x3f 0x00 0x00 0x68 0x41 0x2c 0x19 0xe3 0x40 0x73 0x67 0xa6 0x40 0x9c 0x30
[2026-07-07 14:57:23] Send self decision info: 0xa5 0x0e 0x00 0x00 0x37 0x01 0x03 0x21 0x01 0x6d 0x00 0x80 0x80 0x00 0x02 0x31 0x32 0x33 0x34 0x35 0x36 0x9d 0x8d
[2026-07-07 14:57:23] Generated sentinel field info: 0xa5 0x36 0x00 0x00 0xcc 0x01 0x03 0x02 0x02 0x6d 0x00 0x6b 0x00 0x08 0x4a 0xe6 0x40 0xf4 0x13 0x1b 0x41 0x00 0x00 0x00 0x00 0x00 0x00 0x00 0x00 0x56 0x65 0x19 0x40 0x3d 0x0a 0x17 0x40 0xa7 0x7b 0x59 0x41 0x45 0x96 0x3d 0x41 0x00 0x00 0x00 0x3f 0x00 0x00 0x68 0x41 0x88 0x48 0xe0 0x40 0xdc 0x83 0xa5 0x40 0xb5 0x5d
[2026-07-07 14:57:23] Send self decision info: 0xa5 0x0e 0x00 0x00 0x37 0x01 0x03 0x21 0x01 0x6d 0x00 0x80 0x80 0x00 0x02 0x31 0x32 0x33 0x34 0x35 0x36 0x9d 0x8d
[2026-07-07 14:57:23] Preparing to send all location info: [ 7.20, 9.69 ], [ 0.00, 0.00 ], [ 2.40, 2.36 ], [ 13.50, 11.55 ], [ 0.50, 14.50 ], [ 7.11, 5.18 ], [ 0.00, 0.00 ], [ 21.09, 10.74 ], [ 19.95, 10.01 ], [ 18.03, 3.76 ], [ 27.50, 0.50 ], [ 15.42, 11.26 ]
[2026-07-07 14:57:23] Generated sentinel field info: 0xa5 0x36 0x00 0x00 0xcc 0x01 0x03 0x02 0x02 0x6d 0x00 0x6b 0x00 0x04 0x4f 0xe6 0x40 0x77 0x10 0x1b 0x41 0x00 0x00 0x00 0x00 0x00 0x00 0x00 0x00 0x56 0x65 0x19 0x40 0x3d 0x0a 0x17 0x40 0x67 0xec 0x57 0x41 0x0d 0xce 0x38 0x41 0x00 0x00 0x00 0x3f 0x00 0x00 0x68 0x41 0x64 0x98 0xe3 0x40 0x14 0x9a 0xa5 0x40 0x7f 0x01
[2026-07-07 14:57:24] Send self decision info: 0xa5 0x0e 0x00 0x00 0x37 0x01 0x03 0x21 0x01 0x6d 0x00 0x80 0x80 0x00 0x02 0x31 0x32 0x33 0x34 0x35 0x36 0x9d 0x8d
[2026-07-07 14:57:24] Generated sentinel field info: 0xa5 0x36 0x00 0x00 0xcc 0x01 0x03 0x02 0x02 0x6d 0x00 0x6b 0x00 0x6c 0x56 0xe6 0x40 0x43 0x0b 0x1b 0x41 0x00 0x00 0x00 0x00 0x00 0x00 0x00 0x00 0x56 0x65 0x19 0x40 0x3d 0x0a 0x17 0x40 0x98 0xf8 0x55 0x41 0x43 0x05 0x33 0x41 0x00 0x00 0x00 0x3f 0x00 0x00 0x68 0x41 0x70 0x1c 0xe3 0x40 0x2b 0x62 0xa6 0x40 0xb0 0x87
[2026-07-07 14:57:24] Send self decision info: 0xa5 0x0e 0x00 0x00 0x37 0x01 0x03 0x21 0x01 0x6d 0x00 0x80 0x80 0x00 0x02 0x31 0x32 0x33 0x34 0x35 0x36 0x9d 0x8d
[2026-07-07 14:57:24] Preparing to send all location info: [ 7.18, 9.68 ], [ 0.00, 0.00 ], [ 2.40, 2.36 ], [ 13.39, 10.86 ], [ 0.50, 14.50 ], [ 7.03, 5.18 ], [ 0.00, 0.00 ], [ 21.09, 10.74 ], [ 19.95, 10.01 ], [ 16.60, 4.44 ], [ 27.50, 0.50 ], [ 15.42, 11.26 ]
[2026-07-07 14:57:24] Generated sentinel field info: 0xa5 0x36 0x00 0x00 0xcc 0x01 0x03 0x02 0x02 0x6d 0x00 0x6b 0x00 0x14 0xbc 0xe5 0x40 0x26 0xd5 0x1a 0x41 0x00 0x00 0x00 0x00 0x00 0x00 0x00 0x00 0x56 0x65 0x19 0x40 0x3d 0x0a 0x17 0x40 0xee 0x3d 0x56 0x41 0xf6 0xc0 0x2d 0x41 0x00 0x00 0x00 0x3f 0x00 0x00 0x68 0x41 0x78 0xf6 0xe0 0x40 0x28 0xc6 0xa5 0x40 0x00 0xd8
[2026-07-07 14:57:24] Send self decision info: 0xa5 0x0e 0x00 0x00 0x37 0x01 0x03 0x21 0x01 0x6d 0x00 0x80 0x80 0x00 0x02 0x31 0x32 0x33 0x34 0x35 0x36 0x9d 0x8d
[2026-07-07 14:57:24] Generated sentinel field info: 0xa5 0x36 0x00 0x00 0xcc 0x01 0x03 0x02 0x02 0x6d 0x00 0x6b 0x00 0xc8 0xa3 0xe5 0x40 0x35 0xe6 0x1a 0x41 0x00 0x00 0x00 0x00 0x00 0x00 0x00 0x00 0x56 0x65 0x19 0x40 0x3d 0x0a 0x17 0x40 0x35 0x24 0x59 0x41 0x7e 0x1a 0x27 0x41 0x00 0x00 0x00 0x3f 0x00 0x00 0x68 0x41 0xbc 0x68 0xe3 0x40 0x03 0xe7 0xa5 0x40 0x7e 0xbc
[2026-07-07 14:57:24] Send self decision info: 0xa5 0x0e 0x00 0x00 0x37 0x01 0x03 0x21 0x01 0x6d 0x00 0x80 0x80 0x00 0x02 0x31 0x32 0x33 0x34 0x35 0x36 0x9d 0x8d
[2026-07-07 14:57:24] Preparing to send all location info: [ 7.14, 9.69 ], [ 0.00, 0.00 ], [ 2.40, 2.36 ], [ 13.70, 10.03 ], [ 0.50, 14.50 ], [ 7.09, 5.21 ], [ 0.00, 0.00 ], [ 21.09, 10.74 ], [ 19.95, 10.01 ], [ 15.74, 5.58 ], [ 27.50, 0.50 ], [ 15.42, 11.26 ]
[2026-07-07 14:57:24] Generated sentinel field info: 0xa5 0x36 0x00 0x00 0xcc 0x01 0x03 0x02 0x02 0x6d 0x00 0x6b 0x00 0x38 0x8b 0xe4 0x40 0x0c 0x09 0x1b 0x41 0x00 0x00 0x00 0x00 0x00 0x00 0x00 0x00 0x56 0x65 0x19 0x40 0x3d 0x0a 0x17 0x40 0xe3 0x3b 0x5b 0x41 0x66 0x88 0x20 0x41 0x00 0x00 0x00 0x3f 0x00 0x00 0x68 0x41 0x54 0xe8 0xe2 0x40 0x49 0xb6 0xa6 0x40 0x77 0xef
[2026-07-07 14:57:24] Send self decision info: 0xa5 0x0e 0x00 0x00 0x37 0x01 0x03 0x21 0x01 0x6d 0x00 0x80 0x80 0x00 0x02 0x31 0x32 0x33 0x34 0x35 0x36 0x9d 0x8d
[2026-07-07 14:57:24] Generated sentinel field info: 0xa5 0x36 0x00 0x00 0xcc 0x01 0x03 0x02 0x02 0x6d 0x00 0x6b 0x00 0xd8 0x5a 0xe5 0x40 0x70 0x19 0x1b 0x41 0x00 0x00 0x00 0x00 0x00 0x00 0x00 0x00 0x56 0x65 0x19 0x40 0x3d 0x0a 0x17 0x40 0x08 0x8a 0x5a 0x41 0x91 0x45 0x19 0x41 0x00 0x00 0x00 0x3f 0x00 0x00 0x68 0x41 0x80 0x45 0xe2 0x40 0xcb 0x60 0xa6 0x40 0x4b 0x44
[2026-07-07 14:57:25] Send self decision info: 0xa5 0x0e 0x00 0x00 0x37 0x01 0x03 0x21 0x01 0x6d 0x00 0x80 0x80 0x00 0x02 0x31 0x32 0x33 0x34 0x35 0x36 0x9d 0x8d
[2026-07-07 14:57:25] Preparing to send all location info: [ 7.12, 9.68 ], [ 0.00, 0.00 ], [ 2.40, 2.36 ], [ 13.61, 9.45 ], [ 0.50, 14.50 ], [ 7.05, 5.18 ], [ 0.00, 0.00 ], [ 21.09, 10.74 ], [ 19.95, 10.01 ], [ 15.33, 6.05 ], [ 27.50, 0.50 ], [ 15.42, 11.26 ]
[2026-07-07 14:57:25] Generated sentinel field info: 0xa5 0x36 0x00 0x00 0xcc 0x01 0x03 0x02 0x02 0x6d 0x00 0x6b 0x00 0x04 0xde 0xe3 0x40 0xae 0xe0 0x1a 0x41 0x00 0x00 0x00 0x00 0x00 0x00 0x00 0x00 0x56 0x65 0x19 0x40 0x3d 0x0a 0x17 0x40 0x31 0xc4 0x59 0x41 0x81 0x31 0x17 0x41 0x00 0x00 0x00 0x3f 0x00 0x00 0x68 0x41 0x74 0xbc 0xe1 0x40 0xf2 0xe1 0xa5 0x40 0xc4 0xed
[2026-07-07 14:57:25] Send self decision info: 0xa5 0x0e 0x00 0x00 0x37 0x01 0x03 0x21 0x01 0x6d 0x00 0x80 0x80 0x00 0x02 0x31 0x32 0x33 0x34 0x35 0x36 0x9d 0x8d
[2026-07-07 14:57:25] Generated sentinel field info: 0xa5 0x36 0x00 0x00 0xcc 0x01 0x03 0x02 0x02 0x6d 0x00 0x6b 0x00 0xb4 0xe4 0xe3 0x40 0xfb 0xdb 0x1a 0x41 0x00 0x00 0x00 0x00 0x00 0x00 0x00 0x00 0x56 0x65 0x19 0x40 0x3d 0x0a 0x17 0x40 0x1e 0x45 0x58 0x41 0x88 0xfd 0x12 0x41 0x00 0x00 0x00 0x3f 0x00 0x00 0x68 0x41 0x24 0x17 0xe4 0x40 0x7c 0x2a 0xa6 0x40 0x4c 0xfa
[2026-07-07 14:57:25] Send self decision info: 0xa5 0x0e 0x00 0x00 0x37 0x01 0x03 0x21 0x01 0x6d 0x00 0x80 0x80 0x00 0x02 0x31 0x32 0x33 0x34 0x35 0x36 0x9d 0x8d
[2026-07-07 14:57:25] Preparing to send all location info: [ 7.14, 9.69 ], [ 0.00, 0.00 ], [ 2.40, 2.36 ], [ 13.46, 8.75 ], [ 0.50, 14.50 ], [ 7.05, 5.20 ], [ 0.00, 0.00 ], [ 21.09, 10.74 ], [ 19.95, 10.01 ], [ 15.48, 6.08 ], [ 27.50, 0.50 ], [ 15.42, 11.26 ]
[2026-07-07 14:57:25] Generated sentinel field info: 0xa5 0x36 0x00 0x00 0xcc 0x01 0x03 0x02 0x02 0x6d 0x00 0x6b 0x00 0x40 0x85 0xe4 0x40 0x3d 0x0d 0x1b 0x41 0x00 0x00 0x00 0x00 0x00 0x00 0x00 0x00 0x56 0x65 0x19 0x40 0x3d 0x0a 0x17 0x40 0x1b 0x48 0x57 0x41 0x1b 0x06 0x0c 0x41 0x00 0x00 0x00 0x3f 0x00 0x00 0x68 0x41 0x04 0x77 0xe1 0x40 0x50 0x52 0xa6 0x40 0x72 0x3c
[2026-07-07 14:57:25] Send self decision info: 0xa5 0x0e 0x00 0x00 0x37 0x01 0x03 0x21 0x01 0x6d 0x00 0x80 0x80 0x00 0x02 0x31 0x32 0x33 0x34 0x35 0x36 0x9d 0x8d
[2026-07-07 14:57:25] Generated sentinel field info: 0xa5 0x36 0x00 0x00 0xcc 0x01 0x03 0x02 0x02 0x6d 0x00 0x6b 0x00 0x74 0xe6 0xe3 0x40 0xc0 0xda 0x1a 0x41 0x00 0x00 0x00 0x00 0x00 0x00 0x00 0x00 0x56 0x65 0x19 0x40 0x3d 0x0a 0x17 0x40 0x09 0xf5 0x51 0x41 0xe4 0x98 0x05 0x41 0x00 0x00 0x00 0x3f 0x00 0x00 0x68 0x41 0x04 0xba 0xe1 0x40 0xe3 0xe5 0xa5 0x40 0xdc 0xbb
[2026-07-07 14:57:25] Send self decision info: 0xa5 0x0e 0x00 0x00 0x37 0x01 0x03 0x21 0x01 0x6d 0x00 0x80 0x80 0x00 0x02 0x31 0x32 0x33 0x34 0x35 0x36 0x9d 0x8d
[2026-07-07 14:57:25] Preparing to send all location info: [ 7.11, 9.69 ], [ 0.00, 0.00 ], [ 2.40, 2.36 ], [ 12.51, 8.43 ], [ 0.50, 14.50 ], [ 7.06, 5.18 ], [ 0.00, 0.00 ], [ 21.09, 10.74 ], [ 19.95, 10.01 ], [ 15.03, 6.00 ], [ 27.50, 0.50 ], [ 15.42, 11.26 ]
[2026-07-07 14:57:25] Generated sentinel field info: 0xa5 0x36 0x00 0x00 0xcc 0x01 0x03 0x02 0x02 0x6d 0x00 0x6b 0x00 0xac 0x91 0xe3 0x40 0x72 0x16 0x1b 0x41 0x00 0x00 0x00 0x00 0x00 0x00 0x00 0x00 0x56 0x65 0x19 0x40 0x3d 0x0a 0x17 0x40 0x3b 0x17 0x48 0x41 0x74 0xe0 0x06 0x41 0x00 0x00 0x00 0x3f 0x00 0x00 0x68 0x41 0x08 0xc5 0xe1 0x40 0x14 0xd4 0xa5 0x40 0x36 0xda
[2026-07-07 14:57:26] Send self decision info: 0xa5 0x0e 0x00 0x00 0x37 0x01 0x03 0x21 0x01 0x6d 0x00 0x80 0x80 0x00 0x02 0x31 0x32 0x33 0x34 0x35 0x36 0x9d 0x8d
[2026-07-07 14:57:26] Generated sentinel field info: 0xa5 0x36 0x00 0x00 0xcc 0x01 0x03 0x02 0x02 0x6d 0x00 0x6b 0x00 0x58 0xd7 0xe2 0x40 0x9b 0xf7 0x1a 0x41 0x00 0x00 0x00 0x00 0x00 0x00 0x00 0x00 0x56 0x65 0x19 0x40 0x3d 0x0a 0x17 0x40 0xfa 0x07 0x3e 0x41 0xc4 0xe5 0x05 0x41 0x00 0x00 0x00 0x3f 0x00 0x00 0x68 0x41 0xf4 0x51 0xe2 0x40 0xa5 0x4c 0xa6 0x40 0x83 0xb5
[2026-07-07 14:57:26] Send self decision info: 0xa5 0x0e 0x00 0x00 0x37 0x01 0x03 0x21 0x01 0x6d 0x00 0x80 0x80 0x00 0x02 0x31 0x32 0x33 0x34 0x35 0x36 0x9d 0x8d
[2026-07-07 14:57:26] Preparing to send all location info: [ 7.03, 9.69 ], [ 0.00, 0.00 ], [ 2.40, 2.36 ], [ 11.29, 8.19 ], [ 0.50, 14.50 ], [ 7.20, 5.03 ], [ 0.00, 0.00 ], [ 21.09, 10.74 ], [ 19.95, 10.01 ], [ 14.47, 6.11 ], [ 27.50, 0.50 ], [ 15.42, 11.26 ]
[2026-07-07 14:57:26] Generated sentinel field info: 0xa5 0x36 0x00 0x00 0xcc 0x01 0x03 0x02 0x02 0x6d 0x00 0x6b 0x00 0x0c 0xfd 0xe0 0x40 0x7d 0x02 0x1b 0x41 0x00 0x00 0x00 0x00 0x00 0x00 0x00 0x00 0x56 0x65 0x19 0x40 0x3d 0x0a 0x17 0x40 0x8c 0xab 0x34 0x41 0x3f 0x19 0x03 0x41 0x00 0x00 0x00 0x3f 0x00 0x00 0x68 0x41 0x34 0x6e 0xe6 0x40 0x5d 0x06 0xa1 0x40 0x29 0xa0
[2026-07-07 14:57:26] Send self decision info: 0xa5 0x0e 0x00 0x00 0x37 0x01 0x03 0x21 0x01 0x6d 0x00 0x80 0x80 0x00 0x02 0x31 0x32 0x33 0x34 0x35 0x36 0x9d 0x8d
[2026-07-07 14:57:26] Generated sentinel field info: 0xa5 0x36 0x00 0x00 0xcc 0x01 0x03 0x02 0x02 0x6d 0x00 0x6b 0x00 0x8c 0xa2 0xe1 0x40 0x77 0x2f 0x1b 0x41 0x00 0x00 0x00 0x00 0x00 0x00 0x00 0x00 0x56 0x65 0x19 0x40 0x3d 0x0a 0x17 0x40 0xd6 0xc9 0x20 0x41 0x6f 0x3e 0xfb 0x40 0x00 0x00 0x00 0x3f 0x00 0x00 0x68 0x41 0x64 0x0c 0xe8 0x40 0x7f 0x27 0xa1 0x40 0x02 0x5d
[2026-07-07 14:57:26] Send self decision info: 0xa5 0x0e 0x00 0x00 0x37 0x01 0x03 0x21 0x01 0x6d 0x00 0x80 0x80 0x00 0x02 0x31 0x32 0x33 0x34 0x35 0x36 0x9d 0x8d
[2026-07-07 14:57:26] Preparing to send all location info: [ 6.82, 9.75 ], [ 0.00, 0.00 ], [ 2.40, 2.36 ], [ 7.39, 7.18 ], [ 0.50, 14.50 ], [ 7.23, 5.02 ], [ 0.00, 0.00 ], [ 21.09, 10.74 ], [ 19.95, 10.01 ], [ 14.67, 6.08 ], [ 27.50, 0.50 ], [ 15.42, 11.26 ]
[2026-07-07 14:57:26] Generated sentinel field info: 0xa5 0x36 0x00 0x00 0xcc 0x01 0x03 0x02 0x02 0x6d 0x00 0x6b 0x00 0x70 0x5b 0xda 0x40 0x92 0xee 0x1b 0x41 0x00 0x00 0x00 0x00 0x00 0x00 0x00 0x00 0x56 0x65 0x19 0x40 0x3d 0x0a 0x17 0x40 0x88 0x78 0xec 0x40 0x17 0xc8 0xe5 0x40 0x00 0x00 0x00 0x3f 0x00 0x00 0x68 0x41 0x80 0x7a 0xe7 0x40 0xf4 0xb3 0xa0 0x40 0xdc 0xab
[2026-07-07 14:57:26] Send self decision info: 0xa5 0x0e 0x00 0x00 0x37 0x01 0x03 0x21 0x01 0x6d 0x00 0x80 0x80 0x00 0x02 0x31 0x32 0x33 0x34 0x35 0x36 0x9d 0x8d
[2026-07-07 14:57:26] Generated sentinel field info: 0xa5 0x36 0x00 0x00 0xcc 0x01 0x03 0x02 0x02 0x6d 0x00 0x6b 0x00 0x50 0xea 0xce 0x40 0x44 0x02 0x1c 0x41 0x00 0x00 0x00 0x00 0x00 0x00 0x00 0x00 0x56 0x65 0x19 0x40 0x3d 0x0a 0x17 0x40 0xe4 0x3e 0xc6 0x40 0x96 0x49 0xd6 0x40 0x00 0x00 0x00 0x3f 0x00 0x00 0x68 0x41 0x5c 0x1d 0xe8 0x40 0x29 0x0c 0xa1 0x40 0x68 0x46
[2026-07-07 14:57:27] Send self decision info: 0xa5 0x0e 0x00 0x00 0x37 0x01 0x03 0x21 0x01 0x6d 0x00 0x80 0x80 0x00 0x02 0x31 0x32 0x33 0x34 0x35 0x36 0x9d 0x8d
[2026-07-07 14:57:27] Preparing to send all location info: [ 6.40, 9.57 ], [ 0.00, 0.00 ], [ 2.40, 2.36 ], [ 5.17, 6.10 ], [ 0.50, 14.50 ], [ 7.24, 5.06 ], [ 0.00, 0.00 ], [ 21.09, 10.74 ], [ 19.95, 10.01 ], [ 15.67, 6.16 ], [ 27.50, 0.50 ], [ 15.42, 11.26 ]
[2026-07-07 14:57:27] Generated sentinel field info: 0xa5 0x36 0x00 0x00 0xcc 0x01 0x03 0x02 0x02 0x6d 0x00 0x6b 0x00 0xe4 0xd8 0xcc 0x40 0xe6 0x24 0x19 0x41 0x00 0x00 0x00 0x00 0x00 0x00 0x00 0x00 0x56 0x65 0x19 0x40 0x3d 0x0a 0x17 0x40 0x80 0x59 0xa5 0x40 0x86 0x31 0xc3 0x40 0x00 0x00 0x00 0x3f 0x00 0x00 0x68 0x41 0x80 0x88 0xe7 0x40 0xe9 0xfb 0xa1 0x40 0xd2 0xac
[2026-07-07 14:57:27] Send self decision info: 0xa5 0x0e 0x00 0x00 0x37 0x01 0x03 0x21 0x01 0x6d 0x00 0x80 0x80 0x00 0x02 0x31 0x32 0x33 0x34 0x35 0x36 0x9d 0x8d
[2026-07-07 14:57:27] Generated sentinel field info: 0xa5 0x36 0x00 0x00 0xcc 0x01 0x03 0x02 0x02 0x6d 0x00 0x6b 0x00 0x8c 0xb3 0xcb 0x40 0xbc 0xdb 0x16 0x41 0x00 0x00 0x00 0x00 0x00 0x00 0x00 0x00 0x56 0x65 0x19 0x40 0x3d 0x0a 0x17 0x40 0x74 0xdd 0x8d 0x40 0x44 0xc1 0xad 0x40 0x00 0x00 0x00 0x3f 0x00 0x00 0x68 0x41 0xe0 0x75 0xe6 0x40 0xf8 0xf9 0xa0 0x40 0x8d 0x44
[2026-07-07 14:57:27] Send self decision info: 0xa5 0x0e 0x00 0x00 0x37 0x01 0x03 0x21 0x01 0x6d 0x00 0x80 0x80 0x00 0x02 0x31 0x32 0x33 0x34 0x35 0x36 0x9d 0x8d
[2026-07-07 14:57:27] Preparing to send all location info: [ 6.37, 9.34 ], [ 0.00, 0.00 ], [ 2.40, 2.36 ], [ 3.29, 4.88 ], [ 0.50, 14.50 ], [ 7.29, 5.06 ], [ 0.00, 0.00 ], [ 17.98, 10.77 ], [ 19.95, 10.01 ], [ 15.74, 6.19 ], [ 27.50, 0.50 ], [ 15.42, 11.26 ]
[2026-07-07 14:57:27] Generated sentinel field info: 0xa5 0x36 0x00 0x00 0xcc 0x01 0x03 0x02 0x02 0x6d 0x00 0x6b 0x00 0x98 0xda 0xcb 0x40 0x6d 0x7e 0x15 0x41 0x00 0x00 0x00 0x00 0x00 0x00 0x00 0x00 0x56 0x65 0x19 0x40 0x3d 0x0a 0x17 0x40 0xc0 0xb7 0x52 0x40 0xae 0x20 0x9c 0x40 0x00 0x00 0x00 0x3f 0x00 0x00 0x68 0x41 0x28 0x5a 0xe9 0x40 0x18 0xcc 0xa1 0x40 0x4d 0x32
[2026-07-07 14:57:27] Send self decision info: 0xa5 0x0e 0x00 0x00 0x37 0x01 0x03 0x21 0x01 0x6d 0x00 0x80 0x80 0x00 0x02 0x31 0x32 0x33 0x34 0x35 0x36 0x9d 0x8d
[2026-07-07 14:57:27] Send self decision info: 0xa5 0x0e 0x00 0x00 0x37 0x01 0x03 0x21 0x01 0x6d 0x00 0x80 0x80 0x00 0x02 0x31 0x32 0x33 0x34 0x35 0x36 0x9d 0x8d
[2026-07-07 14:57:27] Preparing to send all location info: [ 6.39, 9.35 ], [ 0.00, 0.00 ], [ 2.40, 2.36 ], [ 2.77, 4.55 ], [ 0.50, 14.50 ], [ 7.20, 5.03 ], [ 0.00, 0.00 ], [ 20.23, 11.10 ], [ 19.95, 10.01 ], [ 15.87, 6.23 ], [ 27.50, 0.50 ], [ 15.42, 11.26 ]
[2026-07-07 14:57:27] Generated sentinel field info: 0xa5 0x36 0x00 0x00 0xcc 0x01 0x03 0x02 0x02 0x6d 0x00 0x6b 0x00 0x58 0x7f 0xcc 0x40 0x83 0xa5 0x15 0x41 0x00 0x00 0x00 0x00 0x00 0x00 0x00 0x00 0x56 0x65 0x19 0x40 0x3d 0x0a 0x17 0x40 0x10 0x2d 0x31 0x40 0x1b 0x7c 0x91 0x40 0x00 0x00 0x00 0x3f 0x00 0x00 0x68 0x41 0x9c 0x8b 0xe6 0x40 0xe5 0xd6 0xa0 0x40 0xbb 0xbd
[2026-07-07 14:57:28] Send self decision info: 0xa5 0x0e 0x00 0x00 0x37 0x01 0x03 0x21 0x01 0x6d 0x00 0x80 0x80 0x00 0x02 0x31 0x32 0x33 0x34 0x35 0x36 0x9d 0x8d
[2026-07-07 14:57:28] Generated sentinel field info: 0xa5 0x36 0x00 0x00 0xcc 0x01 0x03 0x02 0x02 0x6d 0x00 0x6b 0x00 0xcc 0xc2 0xcd 0x40 0xb5 0xf8 0x15 0x41 0x00 0x00 0x00 0x00 0x00 0x00 0x00 0x00 0x56 0x65 0x19 0x40 0x3d 0x0a 0x17 0x40 0x10 0x2d 0x31 0x40 0x1b 0x7c 0x91 0x40 0x00 0x00 0x00 0x3f 0x00 0x00 0x68 0x41 0x78 0x97 0xe6 0x40 0xbf 0xc3 0xa0 0x40 0x83 0x9c
[2026-07-07 14:57:28] Send self decision info: 0xa5 0x0e 0x00 0x00 0x37 0x01 0x03 0x21 0x01 0x6d 0x00 0x80 0x80 0x00 0x02 0x31 0x32 0x33 0x34 0x35 0x36 0x9d 0x8d
[2026-07-07 14:57:28] Preparing to send all location info: [ 6.41, 9.36 ], [ 0.00, 0.00 ], [ 2.40, 2.36 ], [ 2.77, 4.55 ], [ 0.50, 14.50 ], [ 7.15, 5.03 ], [ 0.00, 0.00 ], [ 20.94, 11.07 ], [ 19.95, 10.01 ], [ 16.31, 6.59 ], [ 27.50, 0.50 ], [ 15.42, 11.26 ]
[2026-07-07 14:57:28] Generated sentinel field info: 0xa5 0x36 0x00 0x00 0xcc 0x01 0x03 0x02 0x02 0x6d 0x00 0x6b 0x00 0x54 0x36 0xcd 0x40 0x63 0xbf 0x15 0x41 0x00 0x00 0x00 0x00 0x00 0x00 0x00 0x00 0x56 0x65 0x19 0x40 0x3d 0x0a 0x17 0x40 0x10 0x2d 0x31 0x40 0x1b 0x7c 0x91 0x40 0x00 0x00 0x00 0x3f 0x00 0x00 0x68 0x41 0xbc 0xd2 0xe4 0x40 0x1a 0xe3 0xa0 0x40 0x8f 0xc7
[2026-07-07 14:57:28] Send self decision info: 0xa5 0x0e 0x00 0x00 0x37 0x01 0x03 0x21 0x01 0x6d 0x00 0x80 0x80 0x00 0x02 0x31 0x32 0x33 0x34 0x35 0x36 0x9d 0x8d
[2026-07-07 14:57:28] Generated sentinel field info: 0xa5 0x36 0x00 0x00 0xcc 0x01 0x03 0x02 0x02 0x6d 0x00 0x6b 0x00 0x20 0x04 0xcd 0x40 0x4d 0xe4 0x15 0x41 0x00 0x00 0x00 0x00 0x00 0x00 0x00 0x00 0x56 0x65 0x19 0x40 0x3d 0x0a 0x17 0x40 0x10 0x2d 0x31 0x40 0x1b 0x7c 0x91 0x40 0x00 0x00 0x00 0x3f 0x00 0x00 0x68 0x41 0xac 0x79 0xe4 0x40 0x36 0x73 0xa1 0x40 0xdb 0x5c
[2026-07-07 14:57:28] Send self decision info: 0xa5 0x0e 0x00 0x00 0x37 0x01 0x03 0x21 0x01 0x6d 0x00 0x80 0x80 0x00 0x02 0x31 0x32 0x33 0x34 0x35 0x36 0x9d 0x8d
[2026-07-07 14:57:28] Preparing to send all location info: [ 6.32, 9.34 ], [ 0.00, 0.00 ], [ 2.40, 2.36 ], [ 2.77, 4.55 ], [ 0.50, 14.50 ], [ 7.23, 5.03 ], [ 0.00, 0.00 ], [ 20.85, 11.30 ], [ 19.95, 10.01 ], [ 16.90, 6.86 ], [ 27.50, 0.50 ], [ 15.42, 11.26 ]
[2026-07-07 14:57:28] Generated sentinel field info: 0xa5 0x36 0x00 0x00 0xcc 0x01 0x03 0x02 0x02 0x6d 0x00 0x6b 0x00 0x70 0x47 0xca 0x40 0x49 0x67 0x15 0x41 0x00 0x00 0x00 0x00 0x00 0x00 0x00 0x00 0x56 0x65 0x19 0x40 0x3d 0x0a 0x17 0x40 0x10 0x2d 0x31 0x40 0x1b 0x7c 0x91 0x40 0x00 0x00 0x00 0x3f 0x00 0x00 0x68 0x41 0xbc 0x51 0xe7 0x40 0xb4 0xf5 0xa0 0x40 0x36 0xb9
[2026-07-07 14:57:28] Send self decision info: 0xa5 0x0e 0x00 0x00 0x37 0x01 0x03 0x21 0x01 0x6d 0x00 0x80 0x80 0x00 0x02 0x31 0x32 0x33 0x34 0x35 0x36 0x9d 0x8d
[2026-07-07 14:57:28] Generated sentinel field info: 0xa5 0x36 0x00 0x00 0xcc 0x01 0x03 0x02 0x02 0x6d 0x00 0x6b 0x00 0x68 0x00 0xcd 0x40 0x08 0xe7 0x15 0x41 0x00 0x00 0x00 0x00 0x00 0x00 0x00 0x00 0x56 0x65 0x19 0x40 0x3d 0x0a 0x17 0x40 0x56 0x65 0x19 0x40 0x3d 0x0a 0x17 0x40 0x00 0x00 0x00 0x3f 0x00 0x00 0x68 0x41 0x44 0xb0 0xe5 0x40 0xe8 0xda 0xa0 0x40 0x5e 0x19
[2026-07-07 14:57:29] Send self decision info: 0xa5 0x0e 0x00 0x00 0x37 0x01 0x03 0x21 0x01 0x6d 0x00 0x80 0x80 0x00 0x02 0x31 0x32 0x33 0x34 0x35 0x36 0x9d 0x8d
[2026-07-07 14:57:29] Preparing to send all location info: [ 6.41, 9.36 ], [ 0.00, 0.00 ], [ 2.40, 2.36 ], [ 2.40, 2.36 ], [ 0.50, 14.50 ], [ 7.19, 5.05 ], [ 0.00, 0.00 ], [ 20.85, 11.30 ], [ 19.95, 10.01 ], [ 18.94, 12.28 ], [ 27.50, 0.50 ], [ 15.42, 11.26 ]
[2026-07-07 14:57:29] Generated sentinel field info: 0xa5 0x36 0x00 0x00 0xcc 0x01 0x03 0x02 0x02 0x6d 0x00 0x6b 0x00 0x24 0x3d 0xcd 0x40 0x61 0xba 0x15 0x41 0x00 0x00 0x00 0x00 0x00 0x00 0x00 0x00 0x56 0x65 0x19 0x40 0x3d 0x0a 0x17 0x40 0x56 0x65 0x19 0x40 0x3d 0x0a 0x17 0x40 0x00 0x00 0x00 0x3f 0x00 0x00 0x68 0x41 0x74 0xfd 0xe5 0x40 0x5f 0xbc 0xa1 0x40 0x0c 0x9f
[2026-07-07 14:57:29] Send self decision info: 0xa5 0x0e 0x00 0x00 0x37 0x01 0x03 0x21 0x01 0x6d 0x00 0x80 0x80 0x00 0x02 0x31 0x32 0x33 0x34 0x35 0x36 0x9d 0x8d
[2026-07-07 14:57:29] Generated sentinel field info: 0xa5 0x36 0x00 0x00 0xcc 0x01 0x03 0x02 0x02 0x6d 0x00 0x6b 0x00 0x98 0xda 0xcd 0x40 0x3f 0xe7 0x15 0x41 0x00 0x00 0x00 0x00 0x00 0x00 0x00 0x00 0x56 0x65 0x19 0x40 0x3d 0x0a 0x17 0x40 0x56 0x65 0x19 0x40 0x3d 0x0a 0x17 0x40 0x00 0x00 0x00 0x3f 0x00 0x00 0x68 0x41 0x48 0x77 0xe6 0x40 0xb1 0xf7 0xa0 0x40 0x40 0xcf
[2026-07-07 14:57:29] Send self decision info: 0xa5 0x0e 0x00 0x00 0x37 0x01 0x03 0x21 0x01 0x6d 0x00 0x80 0x80 0x00 0x02 0x31 0x32 0x33 0x34 0x35 0x36 0x9d 0x8d
[2026-07-07 14:57:29] Preparing to send all location info: [ 6.45, 9.38 ], [ 0.00, 0.00 ], [ 2.40, 2.36 ], [ 2.40, 2.36 ], [ 0.50, 14.50 ], [ 7.23, 5.03 ], [ 0.00, 0.00 ], [ 20.85, 11.30 ], [ 19.95, 10.01 ], [ 17.72, 12.54 ], [ 27.50, 0.50 ], [ 15.42, 11.26 ]
[2026-07-07 14:57:29] Generated sentinel field info: 0xa5 0x36 0x00 0x00 0xcc 0x01 0x03 0x02 0x02 0x6d 0x00 0x6b 0x00 0x3c 0x5f 0xce 0x40 0x7c 0x26 0x16 0x41 0x00 0x00 0x00 0x00 0x00 0x00 0x00 0x00 0x56 0x65 0x19 0x40 0x3d 0x0a 0x17 0x40 0x56 0x65 0x19 0x40 0x3d 0x0a 0x17 0x40 0x00 0x00 0x00 0x3f 0x00 0x00 0x68 0x41 0xc4 0x4f 0xe7 0x40 0xdd 0xf8 0xa0 0x40 0x93 0x82
[2026-07-07 14:57:29] Send self decision info: 0xa5 0x0e 0x00 0x00 0x37 0x01 0x03 0x21 0x01 0x6d 0x00 0x80 0x80 0x00 0x02 0x31 0x32 0x33 0x34 0x35 0x36 0x9d 0x8d
[2026-07-07 14:57:29] Generated sentinel field info: 0xa5 0x36 0x00 0x00 0xcc 0x01 0x03 0x02 0x02 0x6d 0x00 0x6b 0x00 0xe0 0xc7 0xcd 0x40 0xfa 0xf4 0x15 0x41 0x00 0x00 0x00 0x00 0x00 0x00 0x00 0x00 0x56 0x65 0x19 0x40 0x3d 0x0a 0x17 0x40 0x56 0x65 0x19 0x40 0x3d 0x0a 0x17 0x40 0x00 0x00 0x00 0x3f 0x00 0x00 0x68 0x41 0x28 0x87 0xe6 0x40 0x11 0xde 0xa0 0x40 0x2f 0x99
[2026-07-07 14:57:29] Send self decision info: 0xa5 0x0e 0x00 0x00 0x37 0x01 0x03 0x21 0x01 0x6d 0x00 0x80 0x80 0x00 0x02 0x31 0x32 0x33 0x34 0x35 0x36 0x9d 0x8d
[2026-07-07 14:57:29] Preparing to send all location info: [ 6.43, 9.37 ], [ 0.00, 0.00 ], [ 2.40, 2.36 ], [ 2.40, 2.36 ], [ 0.50, 14.50 ], [ 7.25, 5.04 ], [ 0.00, 0.00 ], [ 20.85, 11.30 ], [ 19.95, 10.01 ], [ 16.59, 12.64 ], [ 27.50, 0.50 ], [ 15.42, 11.26 ]
[2026-07-07 14:57:29] Generated sentinel field info: 0xa5 0x36 0x00 0x00 0xcc 0x01 0x03 0x02 0x02 0x6d 0x00 0x6b 0x00 0x64 0xcc 0xcd 0x40 0xaa 0xf1 0x15 0x41 0x00 0x00 0x00 0x00 0x00 0x00 0x00 0x00 0x56 0x65 0x19 0x40 0x3d 0x0a 0x17 0x40 0x56 0x65 0x19 0x40 0x3d 0x0a 0x17 0x40 0x00 0x00 0x00 0x3f 0x00 0x00 0x68 0x41 0x94 0xf0 0xe7 0x40 0x4c 0x54 0xa1 0x40 0xd4 0x6d
[2026-07-07 14:57:30] Send self decision info: 0xa5 0x0e 0x00 0x00 0x37 0x01 0x03 0x21 0x01 0x6d 0x00 0x80 0x80 0x00 0x02 0x31 0x32 0x33 0x34 0x35 0x36 0x9d 0x8d
[2026-07-07 14:57:30] Generated sentinel field info: 0xa5 0x36 0x00 0x00 0xcc 0x01 0x03 0x02 0x02 0x6d 0x00 0x6b 0x00 0xe8 0xb0 0xcd 0x40 0xd9 0x05 0x16 0x41 0x00 0x00 0x00 0x00 0x00 0x00 0x00 0x00 0x56 0x65 0x19 0x40 0x3d 0x0a 0x17 0x40 0x56 0x65 0x19 0x40 0x3d 0x0a 0x17 0x40 0x00 0x00 0x00 0x3f 0x00 0x00 0x68 0x41 0x58 0xa2 0xe6 0x40 0x2d 0xb2 0xa0 0x40 0xdf 0x2c
[2026-07-07 14:57:30] Send self decision info: 0xa5 0x0e 0x00 0x00 0x37 0x01 0x03 0x21 0x01 0x6d 0x00 0x80 0x80 0x00 0x02 0x31 0x32 0x33 0x34 0x35 0x36 0x9d 0x8d
[2026-07-07 14:57:30] Preparing to send all location info: [ 6.45, 9.39 ], [ 0.00, 0.00 ], [ 2.40, 2.36 ], [ 2.40, 2.36 ], [ 0.50, 14.50 ], [ 7.28, 5.03 ], [ 0.00, 0.00 ], [ 20.85, 11.30 ], [ 19.95, 10.01 ], [ 15.73, 12.30 ], [ 27.50, 0.50 ], [ 15.42, 11.26 ]
[2026-07-07 14:57:30] Generated sentinel field info: 0xa5 0x36 0x00 0x00 0xcc 0x01 0x03 0x02 0x02 0x6d 0x00 0x6b 0x00 0x6c 0x4d 0xce 0x40 0x8b 0x33 0x16 0x41 0x00 0x00 0x00 0x00 0x00 0x00 0x00 0x00 0x56 0x65 0x19 0x40 0x3d 0x0a 0x17 0x40 0x56 0x65 0x19 0x40 0x3d 0x0a 0x17 0x40 0x00 0x00 0x00 0x3f 0x00 0x00 0x68 0x41 0x44 0x1e 0xe9 0x40 0x7d 0xcd 0xa0 0x40 0x30 0xba
[2026-07-07 14:57:30] Send self decision info: 0xa5 0x0e 0x00 0x00 0x37 0x01 0x03 0x21 0x01 0x6d 0x00 0x80 0x80 0x00 0x02 0x31 0x32 0x33 0x34 0x35 0x36 0x9d 0x8d
[2026-07-07 14:57:30] Generated sentinel field info: 0xa5 0x36 0x00 0x00 0xcc 0x01 0x03 0x02 0x02 0x6d 0x00 0x6b 0x00 0x14 0x50 0xce 0x40 0x98 0x31 0x16 0x41 0x00 0x00 0x00 0x00 0x00 0x00 0x00 0x00 0x56 0x65 0x19 0x40 0x3d 0x0a 0x17 0x40 0x56 0x65 0x19 0x40 0x3d 0x0a 0x17 0x40 0x00 0x00 0x00 0x3f 0x00 0x00 0x68 0x41 0x24 0xea 0xe7 0x40 0xaa 0x5e 0xa1 0x40 0xa7 0x85
[2026-07-07 14:57:30] Send self decision info: 0xa5 0x0e 0x00 0x00 0x37 0x01 0x03 0x21 0x01 0x6d 0x00 0x80 0x80 0x00 0x02 0x31 0x32 0x33 0x34 0x35 0x36 0x9d 0x8d
[2026-07-07 14:57:30] Preparing to send all location info: [ 6.43, 9.38 ], [ 0.00, 0.00 ], [ 2.40, 2.36 ], [ 2.40, 2.36 ], [ 0.50, 14.50 ], [ 7.19, 5.05 ], [ 0.00, 0.00 ], [ 20.85, 11.30 ], [ 19.95, 10.01 ], [ 14.85, 11.99 ], [ 27.50, 0.50 ], [ 15.38, 11.34 ]
[2026-07-07 14:57:30] Generated sentinel field info: 0xa5 0x36 0x00 0x00 0xcc 0x01 0x03 0x02 0x02 0x6d 0x00 0x6b 0x00 0xa8 0xad 0xcd 0x40 0x3c 0x08 0x16 0x41 0x00 0x00 0x00 0x00 0x00 0x00 0x00 0x00 0x56 0x65 0x19 0x40 0x3d 0x0a 0x17 0x40 0x56 0x65 0x19 0x40 0x3d 0x0a 0x17 0x40 0x00 0x00 0x00 0x3f 0x00 0x00 0x68 0x41 0x60 0x11 0xe6 0x40 0x3a 0x9c 0xa1 0x40 0x0e 0x85
[2026-07-07 14:57:30] Send self decision info: 0xa5 0x0e 0x00 0x00 0x37 0x01 0x03 0x21 0x01 0x6d 0x00 0x80 0x80 0x00 0x02 0x31 0x32 0x33 0x34 0x35 0x36 0x9d 0x8d
[2026-07-07 14:57:30] Generated sentinel field info: 0xa5 0x36 0x00 0x00 0xcc 0x01 0x03 0x02 0x02 0x6d 0x00 0x6b 0x00 0x28 0xd0 0xcd 0x40 0xe9 0xee 0x15 0x41 0x00 0x00 0x00 0x00 0x00 0x00 0x00 0x00 0x56 0x65 0x19 0x40 0x3d 0x0a 0x17 0x40 0x56 0x65 0x19 0x40 0x3d 0x0a 0x17 0x40 0x00 0x00 0x00 0x3f 0x00 0x00 0x68 0x41 0x18 0x29 0xe7 0x40 0x3c 0x37 0xa1 0x40 0xde 0x63
[2026-07-07 14:57:31] Send self decision info: 0xa5 0x0e 0x00 0x00 0x37 0x01 0x03 0x21 0x01 0x6d 0x00 0x80 0x80 0x00 0x02 0x31 0x32 0x33 0x34 0x35 0x36 0x9d 0x8d
[2026-07-07 14:57:31] Preparing to send all location info: [ 6.45, 9.38 ], [ 0.00, 0.00 ], [ 2.40, 2.36 ], [ 2.40, 2.36 ], [ 0.50, 14.50 ], [ 7.26, 5.06 ], [ 0.00, 0.00 ], [ 20.85, 11.30 ], [ 19.95, 10.01 ], [ 13.46, 11.98 ], [ 27.50, 0.50 ], [ 15.39, 11.62 ]
[2026-07-07 14:57:31] Generated sentinel field info: 0xa5 0x36 0x00 0x00 0xcc 0x01 0x03 0x02 0x02 0x6d 0x00 0x6b 0x00 0xbc 0x5e 0xce 0x40 0xd9 0x26 0x16 0x41 0x00 0x00 0x00 0x00 0x00 0x00 0x00 0x00 0x56 0x65 0x19 0x40 0x3d 0x0a 0x17 0x40 0x56 0x65 0x19 0x40 0x3d 0x0a 0x17 0x40 0x00 0x00 0x00 0x3f 0x00 0x00 0x68 0x41 0x54 0x54 0xe8 0x40 0x50 0x12 0xa2 0x40 0xc2 0xad
[2026-07-07 14:57:31] Send self decision info: 0xa5 0x0e 0x00 0x00 0x37 0x01 0x03 0x21 0x01 0x6d 0x00 0x80 0x80 0x00 0x02 0x31 0x32 0x33 0x34 0x35 0x36 0x9d 0x8d
[2026-07-07 14:57:31] Generated sentinel field info: 0xa5 0x36 0x00 0x00 0xcc 0x01 0x03 0x02 0x02 0x6d 0x00 0x6b 0x00 0xe8 0xc5 0xcd 0x40 0x6f 0xf6 0x15 0x41 0x00 0x00 0x00 0x00 0x00 0x00 0x00 0x00 0x56 0x65 0x19 0x40 0x3d 0x0a 0x17 0x40 0x56 0x65 0x19 0x40 0x3d 0x0a 0x17 0x40 0x00 0x00 0x00 0x3f 0x00 0x00 0x68 0x41 0x70 0xca 0xe8 0x40 0xfe 0xb2 0xa2 0x40 0xbb 0x84
[2026-07-07 14:57:31] Send self decision info: 0xa5 0x0e 0x00 0x00 0x37 0x01 0x03 0x21 0x01 0x6d 0x00 0x80 0x80 0x00 0x02 0x31 0x32 0x33 0x34 0x35 0x36 0x9d 0x8d
[2026-07-07 14:57:31] Preparing to send all location info: [ 6.41, 9.37 ], [ 0.00, 0.00 ], [ 2.40, 2.36 ], [ 2.40, 2.36 ], [ 0.50, 14.50 ], [ 7.16, 5.06 ], [ 0.00, 0.00 ], [ 20.85, 11.30 ], [ 19.95, 10.01 ], [ 12.33, 11.84 ], [ 27.50, 0.50 ], [ 15.30, 11.83 ]
[2026-07-07 14:57:31] Generated sentinel field info: 0xa5 0x36 0x00 0x00 0xcc 0x01 0x03 0x02 0x02 0x6d 0x00 0x6b 0x00 0x70 0x0e 0xcd 0x40 0xb6 0xdc 0x15 0x41 0x00 0x00 0x00 0x00 0x00 0x00 0x00 0x00 0x56 0x65 0x19 0x40 0x3d 0x0a 0x17 0x40 0x56 0x65 0x19 0x40 0x3d 0x0a 0x17 0x40 0x00 0x00 0x00 0x3f 0x00 0x00 0x68 0x41 0x60 0xfa 0xe4 0x40 0xe8 0x00 0xa2 0x40 0xb0 0xb9
[2026-07-07 14:57:31] Send self decision info: 0xa5 0x0e 0x00 0x00 0x37 0x01 0x03 0x21 0x01 0x6d 0x00 0x80 0x80 0x00 0x02 0x31 0x32 0x33 0x34 0x35 0x36 0x9d 0x8d
[2026-07-07 14:57:31] Send self decision info: 0xa5 0x0e 0x00 0x00 0x37 0x01 0x03 0x21 0x01 0x6d 0x00 0x80 0x80 0x00 0x02 0x31 0x32 0x33 0x34 0x35 0x36 0x9d 0x8d
[2026-07-07 14:57:31] Preparing to send all location info: [ 6.43, 9.38 ], [ 0.00, 0.00 ], [ 2.40, 2.36 ], [ 2.40, 2.36 ], [ 0.50, 14.50 ], [ 7.23, 5.07 ], [ 0.00, 0.00 ], [ 20.85, 11.30 ], [ 11.79, 11.57 ], [ 16.80, 6.67 ], [ 27.50, 0.50 ], [ 15.29, 11.85 ]
[2026-07-07 14:57:31] Generated sentinel field info: 0xa5 0x36 0x00 0x00 0xcc 0x01 0x03 0x02 0x02 0x6d 0x00 0x6b 0x00 0xb8 0x9f 0xcd 0x40 0x78 0x12 0x16 0x41 0x00 0x00 0x00 0x00 0x00 0x00 0x00 0x00 0x56 0x65 0x19 0x40 0x3d 0x0a 0x17 0x40 0x56 0x65 0x19 0x40 0x3d 0x0a 0x17 0x40 0x00 0x00 0x00 0x3f 0x00 0x00 0x68 0x41 0x34 0x6f 0xe7 0x40 0xa1 0x24 0xa2 0x40 0xd5 0x4f
[2026-07-07 14:57:32] Send self decision info: 0xa5 0x0e 0x00 0x00 0x37 0x01 0x03 0x21 0x01 0x6d 0x00 0x80 0x80 0x00 0x02 0x31 0x32 0x33 0x34 0x35 0x36 0x9d 0x8d
[2026-07-07 14:57:32] Generated sentinel field info: 0xa5 0x36 0x00 0x00 0xcc 0x01 0x03 0x02 0x02 0x6d 0x00 0x6b 0x00 0xb8 0x9f 0xcd 0x40 0x78 0x12 0x16 0x41 0x00 0x00 0x00 0x00 0x00 0x00 0x00 0x00 0x56 0x65 0x19 0x40 0x3d 0x0a 0x17 0x40 0x56 0x65 0x19 0x40 0x3d 0x0a 0x17 0x40 0x00 0x00 0x00 0x3f 0x00 0x00 0x68 0x41 0x8c 0x78 0xe6 0x40 0xe4 0x53 0xa2 0x40 0xc4 0x46
[2026-07-07 14:57:32] Send self decision info: 0xa5 0x0e 0x00 0x00 0x37 0x01 0x03 0x21 0x01 0x6d 0x00 0x80 0x80 0x00 0x02 0x31 0x32 0x33 0x34 0x35 0x36 0x9d 0x8d
[2026-07-07 14:57:32] Preparing to send all location info: [ 6.43, 9.38 ], [ 0.00, 0.00 ], [ 2.40, 2.36 ], [ 2.40, 2.36 ], [ 0.50, 14.50 ], [ 7.24, 5.06 ], [ 0.00, 0.00 ], [ 20.85, 11.30 ], [ 11.09, 11.29 ], [ 16.68, 6.49 ], [ 27.50, 0.50 ], [ 15.29, 11.85 ]
[2026-07-07 14:57:32] Generated sentinel field info: 0xa5 0x36 0x00 0x00 0xcc 0x01 0x03 0x02 0x02 0x6d 0x00 0x6b 0x00 0xb8 0x9f 0xcd 0x40 0x78 0x12 0x16 0x41 0x00 0x00 0x00 0x00 0x00 0x00 0x00 0x00 0x56 0x65 0x19 0x40 0x3d 0x0a 0x17 0x40 0x56 0x65 0x19 0x40 0x3d 0x0a 0x17 0x40 0x00 0x00 0x00 0x3f 0x00 0x00 0x68 0x41 0x40 0x97 0xe7 0x40 0x27 0xe4 0xa1 0x40 0xc9 0xde
[2026-07-07 14:57:32] Send self decision info: 0xa5 0x0e 0x00 0x00 0x37 0x01 0x03 0x21 0x01 0x6d 0x00 0x80 0x80 0x00 0x02 0x31 0x32 0x33 0x34 0x35 0x36 0x9d 0x8d
[2026-07-07 14:57:32] Generated sentinel field info: 0xa5 0x36 0x00 0x00 0xcc 0x01 0x03 0x02 0x02 0x6d 0x00 0x6b 0x00 0xb8 0x9f 0xcd 0x40 0x78 0x12 0x16 0x41 0x00 0x00 0x00 0x00 0x00 0x00 0x00 0x00 0x56 0x65 0x19 0x40 0x3d 0x0a 0x17 0x40 0x56 0x65 0x19 0x40 0x3d 0x0a 0x17 0x40 0x00 0x00 0x00 0x3f 0x00 0x00 0x68 0x41 0xf0 0xfb 0xe7 0x40 0x7c 0xa0 0xa2 0x40 0xc0 0xb7
[2026-07-07 14:57:32] Send self decision info: 0xa5 0x0e 0x00 0x00 0x37 0x01 0x03 0x21 0x01 0x6d 0x00 0x80 0x80 0x00 0x02 0x31 0x32 0x33 0x34 0x35 0x36 0x9d 0x8d
[2026-07-07 14:57:32] Preparing to send all location info: [ 4.86, 11.92 ], [ 0.00, 0.00 ], [ 2.40, 2.36 ], [ 2.40, 2.36 ], [ 0.50, 14.50 ], [ 7.18, 5.07 ], [ 0.00, 0.00 ], [ 15.57, 12.17 ], [ 11.39, 11.03 ], [ 16.65, 6.78 ], [ 27.50, 0.50 ], [ 15.29, 11.85 ]
[2026-07-07 14:57:32] Send self decision info: 0xa5 0x0e 0x00 0x00 0x37 0x01 0x03 0x21 0x01 0x6d 0x00 0x80 0x80 0x00 0x02 0x31 0x32 0x33 0x34 0x35 0x36 0x9d 0x8d
[2026-07-07 14:57:32] Generated sentinel field info: 0xa5 0x36 0x00 0x00 0xcc 0x01 0x03 0x02 0x02 0x6d 0x00 0x6b 0x00 0x1f 0x85 0x9b 0x40 0x52 0xb8 0x3e 0x41 0x00 0x00 0x00 0x00 0x00 0x00 0x00 0x00 0x56 0x65 0x19 0x40 0x3d 0x0a 0x17 0x40 0x56 0x65 0x19 0x40 0x3d 0x0a 0x17 0x40 0x00 0x00 0x00 0x3f 0x00 0x00 0x68 0x41 0xdc 0xa2 0xe7 0x40 0x71 0xd1 0xa1 0x40 0xa7 0xff
[2026-07-07 14:57:33] Send self decision info: 0xa5 0x0e 0x00 0x00 0x37 0x01 0x03 0x21 0x01 0x6d 0x00 0x80 0x80 0x00 0x02 0x31 0x32 0x33 0x34 0x35 0x36 0x9d 0x8d
[2026-07-07 14:57:33] Preparing to send all location info: [ 4.86, 11.92 ], [ 0.00, 0.00 ], [ 2.40, 2.36 ], [ 2.40, 2.36 ], [ 0.50, 14.50 ], [ 7.28, 5.07 ], [ 0.00, 0.00 ], [ 15.69, 12.29 ], [ 10.73, 11.02 ], [ 16.64, 6.79 ], [ 27.50, 0.50 ], [ 15.29, 11.85 ]
[2026-07-07 14:57:33] Generated sentinel field info: 0xa5 0x36 0x00 0x00 0xcc 0x01 0x03 0x02 0x02 0x6d 0x00 0x6b 0x00 0x1f 0x85 0x9b 0x40 0x52 0xb8 0x3e 0x41 0x00 0x00 0x00 0x00 0x00 0x00 0x00 0x00 0x56 0x65 0x19 0x40 0x3d 0x0a 0x17 0x40 0x56 0x65 0x19 0x40 0x3d 0x0a 0x17 0x40 0x00 0x00 0x00 0x3f 0x00 0x00 0x68 0x41 0x20 0x02 0xe9 0x40 0x8a 0x59 0xa2 0x40 0x1a 0x0c
[2026-07-07 14:57:33] Send self decision info: 0xa5 0x0e 0x00 0x00 0x37 0x01 0x03 0x21 0x01 0x6d 0x00 0x80 0x80 0x00 0x02 0x31 0x32 0x33 0x34 0x35 0x36 0x9d 0x8d
[2026-07-07 14:57:33] Send self decision info: 0xa5 0x0e 0x00 0x00 0x37 0x01 0x03 0x21 0x01 0x6d 0x00 0x80 0x80 0x00 0x02 0x31 0x32 0x33 0x34 0x35 0x36 0x9d 0x8d
[2026-07-07 14:57:33] Preparing to send all location info: [ 4.86, 11.92 ], [ 0.00, 0.00 ], [ 2.40, 2.36 ], [ 2.40, 2.36 ], [ 0.50, 14.50 ], [ 7.20, 5.07 ], [ 0.00, 0.00 ], [ 15.98, 12.35 ], [ 11.15, 10.71 ], [ 16.64, 6.79 ], [ 27.50, 0.50 ], [ 15.29, 11.85 ]
[2026-07-07 14:57:33] Generated sentinel field info: 0xa5 0x36 0x00 0x00 0xcc 0x01 0x03 0x02 0x02 0x6d 0x00 0x6b 0x00 0x1f 0x85 0x9b 0x40 0x52 0xb8 0x3e 0x41 0x00 0x00 0x00 0x00 0x00 0x00 0x00 0x00 0x56 0x65 0x19 0x40 0x3d 0x0a 0x17 0x40 0x56 0x65 0x19 0x40 0x3d 0x0a 0x17 0x40 0x00 0x00 0x00 0x3f 0x00 0x00 0x68 0x41 0x68 0x8c 0xe6 0x40 0xdd 0x33 0xa2 0x40 0xe2 0x8d
[2026-07-07 14:57:33] Send self decision info: 0xa5 0x0e 0x00 0x00 0x37 0x01 0x03 0x21 0x01 0x6d 0x00 0x80 0x80 0x00 0x02 0x31 0x32 0x33 0x34 0x35 0x36 0x9d 0x8d
[2026-07-07 14:57:33] Send self decision info: 0xa5 0x0e 0x00 0x00 0x37 0x01 0x03 0x21 0x01 0x6d 0x00 0x80 0x80 0x00 0x02 0x31 0x32 0x33 0x34 0x35 0x36 0x9d 0x8d
[2026-07-07 14:57:33] Preparing to send all location info: [ 4.86, 11.92 ], [ 0.00, 0.00 ], [ 2.40, 2.36 ], [ 2.40, 2.36 ], [ 0.50, 14.50 ], [ 7.21, 5.10 ], [ 0.00, 0.00 ], [ 16.35, 12.30 ], [ 12.90, 10.40 ], [ 16.64, 6.79 ], [ 27.50, 0.50 ], [ 15.29, 11.85 ]
[2026-07-07 14:57:33] Generated sentinel field info: 0xa5 0x36 0x00 0x00 0xcc 0x01 0x03 0x02 0x02 0x6d 0x00 0x6b 0x00 0x1f 0x85 0x9b 0x40 0x52 0xb8 0x3e 0x41 0x00 0x00 0x00 0x00 0x00 0x00 0x00 0x00 0x56 0x65 0x19 0x40 0x3d 0x0a 0x17 0x40 0x56 0x65 0x19 0x40 0x3d 0x0a 0x17 0x40 0x00 0x00 0x00 0x3f 0x00 0x00 0x68 0x41 0x98 0xc5 0xe6 0x40 0xc7 0x35 0xa3 0x40 0x48 0x98
[2026-07-07 14:57:34] Send self decision info: 0xa5 0x0e 0x00 0x00 0x37 0x01 0x03 0x21 0x01 0x6d 0x00 0x80 0x80 0x00 0x02 0x31 0x32 0x33 0x34 0x35 0x36 0x9d 0x8d
[2026-07-07 14:57:34] Generated sentinel field info: 0xa5 0x36 0x00 0x00 0xcc 0x01 0x03 0x02 0x02 0x6d 0x00 0x6b 0x00 0x1f 0x85 0x9b 0x40 0x52 0xb8 0x3e 0x41 0x00 0x00 0x00 0x00 0x00 0x00 0x00 0x00 0x56 0x65 0x19 0x40 0x3d 0x0a 0x17 0x40 0x56 0x65 0x19 0x40 0x3d 0x0a 0x17 0x40 0x00 0x00 0x00 0x3f 0x00 0x00 0x68 0x41 0x34 0x5d 0xe7 0x40 0xa0 0x41 0xa2 0x40 0x8f 0x03
[2026-07-07 14:57:34] Send self decision info: 0xa5 0x0e 0x00 0x00 0x37 0x01 0x03 0x21 0x01 0x6d 0x00 0x80 0x80 0x00 0x02 0x31 0x32 0x33 0x34 0x35 0x36 0x9d 0x8d
[2026-07-07 14:57:34] Preparing to send all location info: [ 4.86, 11.92 ], [ 0.00, 0.00 ], [ 2.40, 2.36 ], [ 2.40, 2.36 ], [ 0.50, 14.50 ], [ 7.26, 5.07 ], [ 0.00, 0.00 ], [ 16.40, 12.29 ], [ 14.49, 10.54 ], [ 16.94, 6.62 ], [ 27.50, 0.50 ], [ 15.29, 11.85 ]
[2026-07-07 14:57:34] Generated sentinel field info: 0xa5 0x36 0x00 0x00 0xcc 0x01 0x03 0x02 0x02 0x6d 0x00 0x6b 0x00 0x1f 0x85 0x9b 0x40 0x52 0xb8 0x3e 0x41 0x00 0x00 0x00 0x00 0x00 0x00 0x00 0x00 0x56 0x65 0x19 0x40 0x3d 0x0a 0x17 0x40 0x56 0x65 0x19 0x40 0x3d 0x0a 0x17 0x40 0x00 0x00 0x00 0x3f 0x00 0x00 0x68 0x41 0x48 0x4f 0xe8 0x40 0x6f 0x1a 0xa2 0x40 0x0a 0x2c
[2026-07-07 14:57:34] Send self decision info: 0xa5 0x0e 0x00 0x00 0x37 0x01 0x03 0x21 0x01 0x6d 0x00 0x80 0x80 0x00 0x02 0x31 0x32 0x33 0x34 0x35 0x36 0x9d 0x8d
[2026-07-07 14:57:34] Send self decision info: 0xa5 0x0e 0x00 0x00 0x37 0x01 0x03 0x21 0x01 0x6d 0x00 0x80 0x80 0x00 0x02 0x31 0x32 0x33 0x34 0x35 0x36 0x9d 0x8d
[2026-07-07 14:57:34] Preparing to send all location info: [ 4.86, 11.92 ], [ 0.00, 0.00 ], [ 2.40, 2.36 ], [ 2.40, 2.36 ], [ 0.50, 14.50 ], [ 7.19, 5.10 ], [ 0.00, 0.00 ], [ 17.12, 12.16 ], [ 15.10, 11.12 ], [ 16.89, 6.77 ], [ 27.50, 0.50 ], [ 15.29, 11.85 ]
[2026-07-07 14:57:34] Generated sentinel field info: 0xa5 0x36 0x00 0x00 0xcc 0x01 0x03 0x02 0x02 0x6d 0x00 0x6b 0x00 0x1f 0x85 0x9b 0x40 0x52 0xb8 0x3e 0x41 0x00 0x00 0x00 0x00 0x00 0x00 0x00 0x00 0x56 0x65 0x19 0x40 0x3d 0x0a 0x17 0x40 0x56 0x65 0x19 0x40 0x3d 0x0a 0x17 0x40 0x00 0x00 0x00 0x3f 0x00 0x00 0x68 0x41 0x2c 0xf6 0xe5 0x40 0x17 0x26 0xa3 0x40 0x2c 0x48
[2026-07-07 14:57:34] Send self decision info: 0xa5 0x0e 0x00 0x00 0x37 0x01 0x03 0x21 0x01 0x6d 0x00 0x80 0x80 0x00 0x02 0x31 0x32 0x33 0x34 0x35 0x36 0x9d 0x8d
[2026-07-07 14:57:34] Generated sentinel field info: 0xa5 0x36 0x00 0x00 0xcc 0x01 0x03 0x02 0x02 0x6d 0x00 0x6b 0x00 0x1f 0x85 0x9b 0x40 0x52 0xb8 0x3e 0x41 0x00 0x00 0x00 0x00 0x00 0x00 0x00 0x00 0x56 0x65 0x19 0x40 0x3d 0x0a 0x17 0x40 0x56 0x65 0x19 0x40 0x3d 0x0a 0x17 0x40 0x00 0x00 0x00 0x3f 0x00 0x00 0x68 0x41 0x9c 0x8c 0xe6 0x40 0x8b 0x33 0xa2 0x40 0x2b 0x46
[2026-07-07 14:57:35] Send self decision info: 0xa5 0x0e 0x00 0x00 0x37 0x01 0x03 0x21 0x01 0x6d 0x00 0x80 0x80 0x00 0x02 0x31 0x32 0x33 0x34 0x35 0x36 0x9d 0x8d
[2026-07-07 14:57:35] Preparing to send all location info: [ 4.86, 11.92 ], [ 0.00, 0.00 ], [ 2.40, 2.36 ], [ 2.40, 2.36 ], [ 0.50, 14.50 ], [ 7.22, 5.08 ], [ 0.00, 0.00 ], [ 17.37, 12.18 ], [ 15.66, 11.68 ], [ 17.34, 6.96 ], [ 27.50, 0.50 ], [ 15.29, 11.85 ]
[2026-07-07 14:57:35] Generated sentinel field info: 0xa5 0x36 0x00 0x00 0xcc 0x01 0x03 0x02 0x02 0x6d 0x00 0x6b 0x00 0x1f 0x85 0x9b 0x40 0x52 0xb8 0x3e 0x41 0x00 0x00 0x00 0x00 0x00 0x00 0x00 0x00 0x56 0x65 0x19 0x40 0x3d 0x0a 0x17 0x40 0x56 0x65 0x19 0x40 0x3d 0x0a 0x17 0x40 0x00 0x00 0x00 0x3f 0x00 0x00 0x68 0x41 0x84 0x30 0xe7 0x40 0x97 0x89 0xa2 0x40 0xa4 0x78
[2026-07-07 14:57:35] Send self decision info: 0xa5 0x0e 0x00 0x00 0x37 0x01 0x03 0x21 0x01 0x6d 0x00 0x80 0x80 0x00 0x02 0x31 0x32 0x33 0x34 0x35 0x36 0x9d 0x8d
[2026-07-07 14:57:35] Send self decision info: 0xa5 0x0e 0x00 0x00 0x37 0x01 0x03 0x21 0x01 0x6d 0x00 0x80 0x80 0x00 0x02 0x31 0x32 0x33 0x34 0x35 0x36 0x9d 0x8d
[2026-07-07 14:57:35] Preparing to send all location info: [ 4.86, 11.92 ], [ 0.00, 0.00 ], [ 2.40, 2.36 ], [ 0.90, 3.59 ], [ 0.50, 14.50 ], [ 7.22, 5.08 ], [ 0.00, 0.00 ], [ 17.85, 12.10 ], [ 15.54, 12.48 ], [ 17.34, 6.96 ], [ 27.50, 0.50 ], [ 15.29, 11.85 ]
[2026-07-07 14:57:35] Generated sentinel field info: 0xa5 0x36 0x00 0x00 0xcc 0x01 0x03 0x02 0x02 0x6d 0x00 0x6b 0x00 0x1f 0x85 0x9b 0x40 0x52 0xb8 0x3e 0x41 0x00 0x00 0x00 0x00 0x00 0x00 0x00 0x00 0x56 0x65 0x19 0x40 0x3d 0x0a 0x17 0x40 0xe0 0x69 0x66 0x3f 0x69 0x06 0x66 0x40 0x00 0x00 0x00 0x3f 0x00 0x00 0x68 0x41 0x74 0x25 0xe7 0x40 0x66 0x9b 0xa2 0x40 0x2f 0xca
[2026-07-07 14:57:35] Send self decision info: 0xa5 0x0e 0x00 0x00 0x37 0x01 0x03 0x21 0x01 0x6d 0x00 0x80 0x80 0x00 0x02 0x31 0x32 0x33 0x34 0x35 0x36 0x9d 0x8d
[2026-07-07 14:57:35] Generated sentinel field info: 0xa5 0x36 0x00 0x00 0xcc 0x01 0x03 0x02 0x02 0x6d 0x00 0x6b 0x00 0x1f 0x85 0x9b 0x40 0x52 0xb8 0x3e 0x41 0x00 0x00 0x00 0x00 0x00 0x00 0x00 0x00 0x56 0x65 0x19 0x40 0x3d 0x0a 0x17 0x40 0x48 0x4e 0x5e 0x40 0x24 0x1e 0x49 0x40 0x00 0x00 0x00 0x3f 0x00 0x00 0x68 0x41 0x18 0xe1 0xe7 0x40 0xab 0xcb 0xa2 0x40 0x5c 0x32
[2026-07-07 14:57:35] Send self decision info: 0xa5 0x0e 0x00 0x00 0x37 0x01 0x03 0x21 0x01 0x6d 0x00 0x80 0x80 0x00 0x02 0x31 0x32 0x33 0x34 0x35 0x36 0x9d 0x8d
[2026-07-07 14:57:35] Preparing to send all location info: [ 4.86, 11.92 ], [ 0.00, 0.00 ], [ 2.40, 2.36 ], [ 5.73, 3.02 ], [ 0.50, 14.50 ], [ 7.23, 5.11 ], [ 0.00, 0.00 ], [ 18.21, 12.07 ], [ 15.84, 12.80 ], [ 17.34, 6.96 ], [ 27.50, 0.50 ], [ 15.29, 11.85 ]
[2026-07-07 14:57:35] Generated sentinel field info: 0xa5 0x36 0x00 0x00 0xcc 0x01 0x03 0x02 0x02 0x6d 0x00 0x6b 0x00 0x1f 0x85 0x9b 0x40 0x52 0xb8 0x3e 0x41 0x00 0x00 0x00 0x00 0x00 0x00 0x00 0x00 0x56 0x65 0x19 0x40 0x3d 0x0a 0x17 0x40 0x00 0x5e 0xb7 0x40 0xe2 0x33 0x41 0x40 0x00 0x00 0x00 0x3f 0x00 0x00 0x68 0x41 0x38 0x62 0xe7 0x40 0xc1 0x97 0xa3 0x40 0xbb 0xf2
[2026-07-07 14:57:36] Send self decision info: 0xa5 0x0e 0x00 0x00 0x37 0x01 0x03 0x21 0x01 0x6d 0x00 0x80 0x80 0x00 0x02 0x31 0x32 0x33 0x34 0x35 0x36 0x9d 0x8d
[2026-07-07 14:57:36] Generated sentinel field info: 0xa5 0x36 0x00 0x00 0xcc 0x01 0x03 0x02 0x02 0x6d 0x00 0x6b 0x00 0x1f 0x85 0x9b 0x40 0x52 0xb8 0x3e 0x41 0x00 0x00 0x00 0x00 0x00 0x00 0x00 0x00 0x56 0x65 0x19 0x40 0x3d 0x0a 0x17 0x40 0x88 0xad 0xe6 0x40 0x36 0x6b 0x4f 0x40 0x00 0x00 0x00 0x3f 0x00 0x00 0x68 0x41 0x04 0x43 0xe5 0x40 0x5b 0xe9 0xa2 0x40 0x1c 0xd6
[2026-07-07 14:57:36] Send self decision info: 0xa5 0x0e 0x00 0x00 0x37 0x01 0x03 0x21 0x01 0x6d 0x00 0x80 0x80 0x00 0x02 0x31 0x32 0x33 0x34 0x35 0x36 0x9d 0x8d
[2026-07-07 14:57:36] Preparing to send all location info: [ 4.86, 11.92 ], [ 0.00, 0.00 ], [ 2.40, 2.36 ], [ 8.65, 3.60 ], [ 0.50, 14.50 ], [ 7.25, 5.08 ], [ 0.00, 0.00 ], [ 18.60, 12.03 ], [ 16.99, 12.38 ], [ 15.74, 9.39 ], [ 27.50, 0.50 ], [ 15.29, 11.85 ]
[2026-07-07 14:57:36] Generated sentinel field info: 0xa5 0x36 0x00 0x00 0xcc 0x01 0x03 0x02 0x02 0x6d 0x00 0x6b 0x00 0x1f 0x85 0x9b 0x40 0x52 0xb8 0x3e 0x41 0x00 0x00 0x00 0x00 0x00 0x00 0x00 0x00 0x56 0x65 0x19 0x40 0x3d 0x0a 0x17 0x40 0xca 0x6e 0x0a 0x41 0xac 0x14 0x66 0x40 0x00 0x00 0x00 0x3f 0x00 0x00 0x68 0x41 0x40 0xfb 0xe7 0x40 0x97 0xa1 0xa2 0x40 0xfa 0x2f
[2026-07-07 14:57:36] Send self decision info: 0xa5 0x0e 0x00 0x00 0x37 0x01 0x03 0x21 0x01 0x6d 0x00 0x80 0x80 0x00 0x02 0x31 0x32 0x33 0x34 0x35 0x36 0x9d 0x8d
[2026-07-07 14:57:36] Send self decision info: 0xa5 0x0e 0x00 0x00 0x37 0x01 0x03 0x21 0x01 0x6d 0x00 0x80 0x80 0x00 0x02 0x31 0x32 0x33 0x34 0x35 0x36 0x9d 0x8d
[2026-07-07 14:57:36] Preparing to send all location info: [ 4.86, 11.92 ], [ 0.00, 0.00 ], [ 2.40, 2.36 ], [ 10.76, 4.27 ], [ 0.50, 14.50 ], [ 7.18, 5.11 ], [ 0.00, 0.00 ], [ 18.75, 12.00 ], [ 18.00, 12.49 ], [ 15.47, 9.48 ], [ 27.50, 0.50 ], [ 15.29, 11.85 ]
[2026-07-07 14:57:36] Generated sentinel field info: 0xa5 0x36 0x00 0x00 0xcc 0x01 0x03 0x02 0x02 0x6d 0x00 0x6b 0x00 0x1f 0x85 0x9b 0x40 0x52 0xb8 0x3e 0x41 0x00 0x00 0x00 0x00 0x00 0x00 0x00 0x00 0x56 0x65 0x19 0x40 0x3d 0x0a 0x17 0x40 0x18 0x35 0x2c 0x41 0xf3 0xbe 0x88 0x40 0x00 0x00 0x00 0x3f 0x00 0x00 0x68 0x41 0x94 0xcd 0xe5 0x40 0x8e 0x67 0xa3 0x40 0x3e 0xe5
[2026-07-07 14:57:36] Send self decision info: 0xa5 0x0e 0x00 0x00 0x37 0x01 0x03 0x21 0x01 0x6d 0x00 0x80 0x80 0x00 0x02 0x31 0x32 0x33 0x34 0x35 0x36 0x9d 0x8d
[2026-07-07 14:57:37] Send self decision info: 0xa5 0x0e 0x00 0x00 0x37 0x01 0x03 0x21 0x01 0x6d 0x00 0x80 0x80 0x00 0x02 0x31 0x32 0x33 0x34 0x35 0x36 0x9d 0x8d
[2026-07-07 14:57:37] Preparing to send all location info: [ 4.86, 11.92 ], [ 0.00, 0.00 ], [ 2.40, 2.36 ], [ 10.02, 3.97 ], [ 0.50, 14.50 ], [ 7.16, 5.10 ], [ 0.00, 0.00 ], [ 19.52, 12.19 ], [ 18.65, 12.42 ], [ 16.30, 9.11 ], [ 27.50, 0.50 ], [ 15.29, 11.85 ]
[2026-07-07 14:57:37] Generated sentinel field info: 0xa5 0x36 0x00 0x00 0xcc 0x01 0x03 0x02 0x02 0x6d 0x00 0x6b 0x00 0x1f 0x85 0x9b 0x40 0x52 0xb8 0x3e 0x41 0x00 0x00 0x00 0x00 0x00 0x00 0x00 0x00 0x56 0x65 0x19 0x40 0x3d 0x0a 0x17 0x40 0xc6 0x4c 0x20 0x41 0x1d 0xcd 0x7d 0x40 0x00 0x00 0x00 0x3f 0x00 0x00 0x68 0x41 0xf4 0x13 0xe5 0x40 0x51 0x35 0xa3 0x40 0x6b 0x37
[2026-07-07 14:57:37] Send self decision info: 0xa5 0x0e 0x00 0x00 0x37 0x01 0x03 0x21 0x01 0x6d 0x00 0x80 0x80 0x00 0x02 0x31 0x32 0x33 0x34 0x35 0x36 0x9d 0x8d
[2026-07-07 14:57:37] Generated sentinel field info: 0xa5 0x36 0x00 0x00 0xcc 0x01 0x03 0x02 0x02 0x6d 0x00 0x6b 0x00 0x1f 0x85 0x9b 0x40 0x52 0xb8 0x3e 0x41 0x00 0x00 0x00 0x00 0x00 0x00 0x00 0x00 0x56 0x65 0x19 0x40 0x3d 0x0a 0x17 0x40 0x8c 0x1e 0x10 0x41 0x12 0x5c 0x5f 0x40 0x00 0x00 0x00 0x3f 0x00 0x00 0x68 0x41 0xe8 0x95 0xe8 0x40 0x65 0x07 0xa3 0x40 0x60 0x88
[2026-07-07 14:57:37] Send self decision info: 0xa5 0x0e 0x00 0x00 0x37 0x01 0x03 0x21 0x01 0x6d 0x00 0x80 0x80 0x00 0x02 0x31 0x32 0x33 0x34 0x35 0x36 0x9d 0x8d
[2026-07-07 14:57:37] Preparing to send all location info: [ 4.86, 11.92 ], [ 0.00, 0.00 ], [ 2.40, 2.36 ], [ 8.95, 3.50 ], [ 0.50, 14.50 ], [ 7.15, 5.08 ], [ 0.00, 0.00 ], [ 20.03, 12.17 ], [ 18.65, 12.42 ], [ 16.30, 9.11 ], [ 27.50, 0.50 ], [ 15.29, 11.85 ]
[2026-07-07 14:57:37] Generated sentinel field info: 0xa5 0x36 0x00 0x00 0xcc 0x01 0x03 0x02 0x02 0x6d 0x00 0x6b 0x00 0x1f 0x85 0x9b 0x40 0x52 0xb8 0x3e 0x41 0x00 0x00 0x00 0x00 0x00 0x00 0x00 0x00 0x56 0x65 0x19 0x40 0x3d 0x0a 0x17 0x40 0x7c 0x21 0x0f 0x41 0xa7 0xb8 0x5f 0x40 0x00 0x00 0x00 0x3f 0x00 0x00 0x68 0x41 0x50 0xb5 0xe4 0x40 0x89 0x70 0xa2 0x40 0xcd 0xd1
[2026-07-07 14:57:37] Send self decision info: 0xa5 0x0e 0x00 0x00 0x37 0x01 0x03 0x21 0x01 0x6d 0x00 0x80 0x80 0x00 0x02 0x31 0x32 0x33 0x34 0x35 0x36 0x9d 0x8d
[2026-07-07 14:57:37] Send self decision info: 0xa5 0x0e 0x00 0x00 0x37 0x01 0x03 0x21 0x01 0x6d 0x00 0x80 0x80 0x00 0x02 0x31 0x32 0x33 0x34 0x35 0x36 0x9d 0x8d
[2026-07-07 14:57:37] Preparing to send all location info: [ 4.86, 11.92 ], [ 0.00, 0.00 ], [ 2.40, 2.36 ], [ 9.81, 2.76 ], [ 0.50, 14.50 ], [ 7.25, 5.08 ], [ 0.00, 0.00 ], [ 20.22, 12.17 ], [ 18.65, 12.42 ], [ 20.10, 12.12 ], [ 27.50, 0.50 ], [ 15.29, 11.85 ]
[2026-07-07 14:57:37] Generated sentinel field info: 0xa5 0x36 0x00 0x00 0xcc 0x01 0x03 0x02 0x02 0x6d 0x00 0x6b 0x00 0x1f 0x85 0x9b 0x40 0x52 0xb8 0x3e 0x41 0x00 0x00 0x00 0x00 0x00 0x00 0x00 0x00 0x56 0x65 0x19 0x40 0x3d 0x0a 0x17 0x40 0xc0 0xef 0x1c 0x41 0x93 0x6e 0x30 0x40 0x00 0x00 0x00 0x3f 0x00 0x00 0x68 0x41 0x50 0x05 0xe8 0x40 0x68 0x91 0xa2 0x40 0xb4 0xa2
[2026-07-07 14:57:38] Send self decision info: 0xa5 0x0e 0x00 0x00 0x37 0x01 0x03 0x21 0x01 0x6d 0x00 0x80 0x80 0x00 0x02 0x31 0x32 0x33 0x34 0x35 0x36 0x9d 0x8d
[2026-07-07 14:57:38] Generated sentinel field info: 0xa5 0x36 0x00 0x00 0xcc 0x01 0x03 0x02 0x02 0x6d 0x00 0x6b 0x00 0x1f 0x85 0x9b 0x40 0x52 0xb8 0x3e 0x41 0x00 0x00 0x00 0x00 0x00 0x00 0x00 0x00 0x56 0x65 0x19 0x40 0x3d 0x0a 0x17 0x40 0x02 0x91 0x1c 0x41 0x44 0xc0 0x2c 0x40 0x00 0x00 0x00 0x3f 0x00 0x00 0x68 0x41 0xa0 0xfa 0xe6 0x40 0x60 0xe0 0xa2 0x40 0xcd 0x38
[2026-07-07 14:57:38] Send self decision info: 0xa5 0x0e 0x00 0x00 0x37 0x01 0x03 0x21 0x01 0x6d 0x00 0x80 0x80 0x00 0x02 0x31 0x32 0x33 0x34 0x35 0x36 0x9d 0x8d
[2026-07-07 14:57:38] Preparing to send all location info: [ 4.86, 11.92 ], [ 0.00, 0.00 ], [ 2.40, 2.36 ], [ 9.69, 2.80 ], [ 0.50, 14.50 ], [ 7.18, 5.11 ], [ 0.00, 0.00 ], [ 20.22, 12.17 ], [ 18.65, 12.42 ], [ 20.29, 12.06 ], [ 27.50, 0.50 ], [ 15.29, 11.85 ]
[2026-07-07 14:57:38] Send self decision info: 0xa5 0x0e 0x00 0x00 0x37 0x01 0x03 0x21 0x01 0x6d 0x00 0x80 0x80 0x00 0x02 0x31 0x32 0x33 0x34 0x35 0x36 0x9d 0x8d
[2026-07-07 14:57:38] Generated sentinel field info: 0xa5 0x36 0x00 0x00 0xcc 0x01 0x03 0x02 0x02 0x6d 0x00 0x6b 0x00 0x1f 0x85 0x9b 0x40 0x52 0xb8 0x3e 0x41 0x00 0x00 0x00 0x00 0x00 0x00 0x00 0x00 0x56 0x65 0x19 0x40 0x3d 0x0a 0x17 0x40 0xfe 0xf4 0x16 0x41 0xcc 0x79 0x46 0x40 0x00 0x00 0x00 0x3f 0x00 0x00 0x68 0x41 0x58 0x30 0xe7 0x40 0xdf 0x89 0xa2 0x40 0x68 0x3e
[2026-07-07 14:57:38] Send self decision info: 0xa5 0x0e 0x00 0x00 0x37 0x01 0x03 0x21 0x01 0x6d 0x00 0x80 0x80 0x00 0x02 0x31 0x32 0x33 0x34 0x35 0x36 0x9d 0x8d
[2026-07-07 14:57:38] Preparing to send all location info: [ 4.86, 11.92 ], [ 0.00, 0.00 ], [ 2.40, 2.36 ], [ 9.04, 3.57 ], [ 0.50, 14.50 ], [ 7.27, 5.10 ], [ 0.00, 0.00 ], [ 20.22, 12.17 ], [ 18.65, 12.42 ], [ 20.26, 12.04 ], [ 27.50, 0.50 ], [ 15.29, 11.85 ]
[2026-07-07 14:57:38] Generated sentinel field info: 0xa5 0x36 0x00 0x00 0xcc 0x01 0x03 0x02 0x02 0x6d 0x00 0x6b 0x00 0x1f 0x85 0x9b 0x40 0x52 0xb8 0x3e 0x41 0x00 0x00 0x00 0x00 0x00 0x00 0x00 0x00 0x56 0x65 0x19 0x40 0x3d 0x0a 0x17 0x40 0x80 0xb2 0x10 0x41 0xf3 0x78 0x64 0x40 0x00 0x00 0x00 0x3f 0x00 0x00 0x68 0x41 0x38 0x84 0xe8 0x40 0xd0 0x23 0xa3 0x40 0xac 0xa1
[2026-07-07 14:57:38] Send self decision info: 0xa5 0x0e 0x00 0x00 0x37 0x01 0x03 0x21 0x01 0x6d 0x00 0x80 0x80 0x00 0x02 0x31 0x32 0x33 0x34 0x35 0x36 0x9d 0x8d
[2026-07-07 14:57:38] Generated sentinel field info: 0xa5 0x36 0x00 0x00 0xcc 0x01 0x03 0x02 0x02 0x6d 0x00 0x6b 0x00 0x1f 0x85 0x9b 0x40 0x52 0xb8 0x3e 0x41 0x00 0x00 0x00 0x00 0x00 0x00 0x00 0x00 0x56 0x65 0x19 0x40 0x3d 0x0a 0x17 0x40 0xcc 0xf2 0x0c 0x41 0x20 0xbc 0x80 0x40 0x00 0x00 0x00 0x3f 0x00 0x00 0x68 0x41 0x94 0xd9 0xe8 0x40 0x22 0xf9 0xa3 0x40 0x07 0xee
[2026-07-07 14:57:39] Send self decision info: 0xa5 0x0e 0x00 0x00 0x37 0x01 0x03 0x21 0x01 0x6d 0x00 0x80 0x80 0x00 0x02 0x31 0x32 0x33 0x34 0x35 0x36 0x9d 0x8d
[2026-07-07 14:57:39] Preparing to send all location info: [ 4.86, 11.92 ], [ 0.00, 0.00 ], [ 2.40, 2.36 ], [ 8.21, 4.56 ], [ 0.50, 14.50 ], [ 7.18, 5.11 ], [ 0.00, 0.00 ], [ 20.22, 12.17 ], [ 18.65, 12.42 ], [ 20.26, 12.04 ], [ 27.50, 0.50 ], [ 15.29, 11.85 ]
[2026-07-07 14:57:39] Generated sentinel field info: 0xa5 0x36 0x00 0x00 0xcc 0x01 0x03 0x02 0x02 0x6d 0x00 0x6b 0x00 0x1f 0x85 0x9b 0x40 0x52 0xb8 0x3e 0x41 0x00 0x00 0x00 0x00 0x00 0x00 0x00 0x00 0x56 0x65 0x19 0x40 0x3d 0x0a 0x17 0x40 0xe4 0x4c 0x03 0x41 0xb2 0xf8 0x91 0x40 0x00 0x00 0x00 0x3f 0x00 0x00 0x68 0x41 0x2c 0xcc 0xe5 0x40 0xd5 0x69 0xa3 0x40 0xd2 0x51
[2026-07-07 14:57:39] Send self decision info: 0xa5 0x0e 0x00 0x00 0x37 0x01 0x03 0x21 0x01 0x6d 0x00 0x80 0x80 0x00 0x02 0x31 0x32 0x33 0x34 0x35 0x36 0x9d 0x8d
[2026-07-07 14:57:39] Generated sentinel field info: 0xa5 0x36 0x00 0x00 0xcc 0x01 0x03 0x02 0x02 0x6d 0x00 0x6b 0x00 0x1f 0x85 0x9b 0x40 0x52 0xb8 0x3e 0x41 0x00 0x00 0x00 0x00 0x00 0x00 0x00 0x00 0x56 0x65 0x19 0x40 0x3d 0x0a 0x17 0x40 0x28 0x60 0xfa 0x40 0x74 0x38 0x97 0x40 0x00 0x00 0x00 0x3f 0x00 0x00 0x68 0x41 0xf0 0x20 0xe6 0x40 0x8a 0x9c 0xa5 0x40 0x4c 0xb7
[2026-07-07 14:57:39] Send self decision info: 0xa5 0x0e 0x00 0x00 0x37 0x01 0x03 0x21 0x01 0x6d 0x00 0x80 0x80 0x00 0x02 0x31 0x32 0x33 0x34 0x35 0x36 0x9d 0x8d
[2026-07-07 14:57:39] Preparing to send all location info: [ 4.86, 11.92 ], [ 0.00, 0.00 ], [ 2.40, 2.36 ], [ 7.32, 4.89 ], [ 0.50, 14.50 ], [ 7.02, 5.03 ], [ 0.00, 0.00 ], [ 20.22, 12.17 ], [ 18.65, 12.42 ], [ 20.26, 12.04 ], [ 27.50, 0.50 ], [ 15.29, 11.85 ]
[2026-07-07 14:57:39] Generated sentinel field info: 0xa5 0x36 0x00 0x00 0xcc 0x01 0x03 0x02 0x02 0x6d 0x00 0x6b 0x00 0x1f 0x85 0x9b 0x40 0x52 0xb8 0x3e 0x41 0x00 0x00 0x00 0x00 0x00 0x00 0x00 0x00 0x56 0x65 0x19 0x40 0x3d 0x0a 0x17 0x40 0xf8 0x17 0xea 0x40 0x86 0x7c 0x9c 0x40 0x00 0x00 0x00 0x3f 0x00 0x00 0x68 0x41 0xf0 0x8a 0xe0 0x40 0x16 0x02 0xa1 0x40 0x00 0x94
[2026-07-07 14:57:39] Send self decision info: 0xa5 0x0e 0x00 0x00 0x37 0x01 0x03 0x21 0x01 0x6d 0x00 0x80 0x80 0x00 0x02 0x31 0x32 0x33 0x34 0x35 0x36 0x9d 0x8d
[2026-07-07 14:57:39] Generated sentinel field info: 0xa5 0x36 0x00 0x00 0xcc 0x01 0x03 0x02 0x02 0x6d 0x00 0x6b 0x00 0x1f 0x85 0x9b 0x40 0x52 0xb8 0x3e 0x41 0x00 0x00 0x00 0x00 0x00 0x00 0x00 0x00 0x56 0x65 0x19 0x40 0x3d 0x0a 0x17 0x40 0xf8 0x17 0xea 0x40 0x86 0x7c 0x9c 0x40 0x00 0x00 0x00 0x3f 0x00 0x00 0x68 0x41 0xc0 0xcf 0xdd 0x40 0xe9 0xcf 0xa6 0x40 0x1d 0xc1
[2026-07-07 14:57:39] Send self decision info: 0xa5 0x0e 0x00 0x00 0x37 0x01 0x03 0x21 0x01 0x6d 0x00 0x80 0x80 0x00 0x02 0x31 0x32 0x33 0x34 0x35 0x36 0x9d 0x8d
[2026-07-07 14:57:39] Preparing to send all location info: [ 4.86, 11.92 ], [ 0.00, 0.00 ], [ 2.40, 2.36 ], [ 7.75, 6.26 ], [ 0.50, 14.50 ], [ 6.92, 5.19 ], [ 0.00, 0.00 ], [ 20.22, 12.17 ], [ 18.65, 12.42 ], [ 21.33, 10.69 ], [ 27.50, 0.50 ], [ 15.29, 11.85 ]
[2026-07-07 14:57:39] Generated sentinel field info: 0xa5 0x36 0x00 0x00 0xcc 0x01 0x03 0x02 0x02 0x6d 0x00 0x6b 0x00 0x1f 0x85 0x9b 0x40 0x52 0xb8 0x3e 0x41 0x00 0x00 0x00 0x00 0x00 0x00 0x00 0x00 0x56 0x65 0x19 0x40 0x3d 0x0a 0x17 0x40 0xc8 0xf9 0xf7 0x40 0xa3 0x4d 0xc8 0x40 0x00 0x00 0x00 0x3f 0x00 0x00 0x68 0x41 0xe4 0x7f 0xdd 0x40 0x5c 0xf6 0xa5 0x40 0xe3 0x02
[2026-07-07 14:57:40] Send self decision info: 0xa5 0x0e 0x00 0x00 0x37 0x01 0x03 0x21 0x01 0x6d 0x00 0x80 0x80 0x00 0x02 0x31 0x32 0x33 0x34 0x35 0x36 0x9d 0x8d
[2026-07-07 14:57:40] Generated sentinel field info: 0xa5 0x36 0x00 0x00 0xcc 0x01 0x03 0x02 0x02 0x6d 0x00 0x6b 0x00 0x1f 0x85 0x9b 0x40 0x52 0xb8 0x3e 0x41 0x00 0x00 0x00 0x00 0x00 0x00 0x00 0x00 0x56 0x65 0x19 0x40 0x3d 0x0a 0x17 0x40 0x48 0x1e 0xef 0x40 0xaf 0x77 0xe0 0x40 0x00 0x00 0x00 0x3f 0x00 0x00 0x68 0x41 0xd8 0xd2 0xe0 0x40 0xdf 0xff 0xa5 0x40 0xb0 0x16
[2026-07-07 14:57:40] Send self decision info: 0xa5 0x0e 0x00 0x00 0x37 0x01 0x03 0x21 0x01 0x6d 0x00 0x80 0x80 0x00 0x02 0x31 0x32 0x33 0x34 0x35 0x36 0x9d 0x8d
[2026-07-07 14:57:40] Preparing to send all location info: [ 4.86, 11.92 ], [ 0.00, 0.00 ], [ 2.40, 2.36 ], [ 7.20, 7.46 ], [ 0.50, 14.50 ], [ 7.22, 5.04 ], [ 0.00, 0.00 ], [ 20.22, 12.17 ], [ 18.65, 12.42 ], [ 16.21, 9.21 ], [ 27.50, 0.50 ], [ 15.29, 11.85 ]
[2026-07-07 14:57:40] Generated sentinel field info: 0xa5 0x36 0x00 0x00 0xcc 0x01 0x03 0x02 0x02 0x6d 0x00 0x6b 0x00 0x1f 0x85 0x9b 0x40 0x52 0xb8 0x3e 0x41 0x00 0x00 0x00 0x00 0x00 0x00 0x00 0x00 0x56 0x65 0x19 0x40 0x3d 0x0a 0x17 0x40 0x84 0x81 0xe6 0x40 0x61 0xc0 0xee 0x40 0x00 0x00 0x00 0x3f 0x00 0x00 0x68 0x41 0x10 0x2e 0xe7 0x40 0x37 0x2f 0xa1 0x40 0x56 0xc6
[2026-07-07 14:57:40] Send self decision info: 0xa5 0x0e 0x00 0x00 0x37 0x01 0x03 0x21 0x01 0x6d 0x00 0x80 0x80 0x00 0x02 0x31 0x32 0x33 0x34 0x35 0x36 0x9d 0x8d
[2026-07-07 14:57:40] Generated sentinel field info: 0xa5 0x36 0x00 0x00 0xcc 0x01 0x03 0x02 0x02 0x6d 0x00 0x6b 0x00 0x1f 0x85 0x9b 0x40 0x52 0xb8 0x3e 0x41 0x00 0x00 0x00 0x00 0x00 0x00 0x00 0x00 0x56 0x65 0x19 0x40 0x3d 0x0a 0x17 0x40 0xd4 0x10 0xe3 0x40 0x52 0x28 0xf9 0x40 0x00 0x00 0x00 0x3f 0x00 0x00 0x68 0x41 0x74 0xb3 0xe8 0x40 0x4d 0x79 0xa1 0x40 0x20 0x1c
[2026-07-07 14:57:40] Send self decision info: 0xa5 0x0e 0x00 0x00 0x37 0x01 0x03 0x21 0x01 0x6d 0x00 0x80 0x80 0x00 0x02 0x31 0x32 0x33 0x34 0x35 0x36 0x9d 0x8d
[2026-07-07 14:57:40] Preparing to send all location info: [ 4.86, 11.92 ], [ 0.00, 0.00 ], [ 2.40, 2.36 ], [ 6.99, 7.58 ], [ 0.50, 14.50 ], [ 7.20, 5.04 ], [ 0.00, 0.00 ], [ 18.16, 10.70 ], [ 18.65, 12.42 ], [ 15.99, 9.24 ], [ 27.50, 0.50 ], [ 15.29, 11.85 ]
[2026-07-07 14:57:40] Generated sentinel field info: 0xa5 0x36 0x00 0x00 0xcc 0x01 0x03 0x02 0x02 0x6d 0x00 0x6b 0x00 0x1f 0x85 0x9b 0x40 0x52 0xb8 0x3e 0x41 0x00 0x00 0x00 0x00 0x00 0x00 0x00 0x00 0x56 0x65 0x19 0x40 0x3d 0x0a 0x17 0x40 0xbc 0xa5 0xdf 0x40 0x69 0x89 0xf2 0x40 0x00 0x00 0x00 0x3f 0x00 0x00 0x68 0x41 0xe0 0x3f 0xe6 0x40 0x27 0x51 0xa1 0x40 0x25 0x7c
[2026-07-07 14:57:40] Send self decision info: 0xa5 0x0e 0x00 0x00 0x37 0x01 0x03 0x21 0x01 0x6d 0x00 0x80 0x80 0x00 0x02 0x31 0x32 0x33 0x34 0x35 0x36 0x9d 0x8d
[2026-07-07 14:57:40] Generated sentinel field info: 0xa5 0x36 0x00 0x00 0xcc 0x01 0x03 0x02 0x02 0x6d 0x00 0x6b 0x00 0x1f 0x85 0x9b 0x40 0x52 0xb8 0x3e 0x41 0x00 0x00 0x00 0x00 0x00 0x00 0x00 0x00 0x56 0x65 0x19 0x40 0x3d 0x0a 0x17 0x40 0x5c 0x35 0xe0 0x40 0x78 0x11 0xef 0x40 0x00 0x00 0x00 0x3f 0x00 0x00 0x68 0x41 0xfc 0x5e 0xe5 0x40 0x47 0x5e 0xa1 0x40 0xb1 0x71
[2026-07-07 14:57:41] Send self decision info: 0xa5 0x0e 0x00 0x00 0x37 0x01 0x03 0x21 0x01 0x6d 0x00 0x80 0x80 0x00 0x02 0x31 0x32 0x33 0x34 0x35 0x36 0x9d 0x8d
[2026-07-07 14:57:41] Preparing to send all location info: [ 4.86, 11.92 ], [ 0.00, 0.00 ], [ 2.40, 2.36 ], [ 7.12, 7.29 ], [ 0.50, 14.50 ], [ 7.25, 5.04 ], [ 0.00, 0.00 ], [ 18.70, 10.31 ], [ 18.65, 12.42 ], [ 14.82, 9.73 ], [ 27.50, 0.50 ], [ 15.29, 11.85 ]
[2026-07-07 14:57:41] Generated sentinel field info: 0xa5 0x36 0x00 0x00 0xcc 0x01 0x03 0x02 0x02 0x6d 0x00 0x6b 0x00 0x1f 0x85 0x9b 0x40 0x52 0xb8 0x3e 0x41 0x00 0x00 0x00 0x00 0x00 0x00 0x00 0x00 0x56 0x65 0x19 0x40 0x3d 0x0a 0x17 0x40 0x80 0xeb 0xe3 0x40 0x34 0x70 0xe9 0x40 0x00 0x00 0x00 0x3f 0x00 0x00 0x68 0x41 0x54 0xf8 0xe7 0x40 0xce 0x47 0xa1 0x40 0xf7 0x47
[2026-07-07 14:57:41] Send self decision info: 0xa5 0x0e 0x00 0x00 0x37 0x01 0x03 0x21 0x01 0x6d 0x00 0x80 0x80 0x00 0x02 0x31 0x32 0x33 0x34 0x35 0x36 0x9d 0x8d
[2026-07-07 14:57:41] Generated sentinel field info: 0xa5 0x36 0x00 0x00 0xcc 0x01 0x03 0x02 0x02 0x6d 0x00 0x6b 0x00 0x1f 0x85 0x9b 0x40 0x52 0xb8 0x3e 0x41 0x00 0x00 0x00 0x00 0x00 0x00 0x00 0x00 0x56 0x65 0x19 0x40 0x3d 0x0a 0x17 0x40 0xc4 0x4a 0xdc 0x40 0x46 0x7b 0xee 0x40 0x00 0x00 0x00 0x3f 0x00 0x00 0x68 0x41 0xa0 0x8c 0xe7 0x40 0x3f 0xf5 0xa1 0x40 0xb5 0x34
[2026-07-07 14:57:41] Send self decision info: 0xa5 0x0e 0x00 0x00 0x37 0x01 0x03 0x21 0x01 0x6d 0x00 0x80 0x80 0x00 0x02 0x31 0x32 0x33 0x34 0x35 0x36 0x9d 0x8d
[2026-07-07 14:57:41] Preparing to send all location info: [ 4.86, 11.92 ], [ 0.00, 0.00 ], [ 2.40, 2.36 ], [ 6.29, 7.79 ], [ 0.50, 14.50 ], [ 7.21, 5.06 ], [ 0.00, 0.00 ], [ 19.05, 9.94 ], [ 18.65, 12.42 ], [ 13.22, 10.46 ], [ 27.50, 0.50 ], [ 15.29, 11.85 ]
[2026-07-07 14:57:41] Generated sentinel field info: 0xa5 0x36 0x00 0x00 0xcc 0x01 0x03 0x02 0x02 0x6d 0x00 0x6b 0x00 0x1f 0x85 0x9b 0x40 0x52 0xb8 0x3e 0x41 0x00 0x00 0x00 0x00 0x00 0x00 0x00 0x00 0x56 0x65 0x19 0x40 0x3d 0x0a 0x17 0x40 0xd4 0x6d 0xc9 0x40 0x0b 0x61 0xf9 0x40 0x00 0x00 0x00 0x3f 0x00 0x00 0x68 0x41 0xfc 0xc2 0xe6 0x40 0xdb 0xdb 0xa1 0x40 0xbe 0x03
[2026-07-07 14:57:41] Send self decision info: 0xa5 0x0e 0x00 0x00 0x37 0x01 0x03 0x21 0x01 0x6d 0x00 0x80 0x80 0x00 0x02 0x31 0x32 0x33 0x34 0x35 0x36 0x9d 0x8d
[2026-07-07 14:57:41] Send self decision info: 0xa5 0x0e 0x00 0x00 0x37 0x01 0x03 0x21 0x01 0x6d 0x00 0x80 0x80 0x00 0x02 0x31 0x32 0x33 0x34 0x35 0x36 0x9d 0x8d
[2026-07-07 14:57:41] Preparing to send all location info: [ 6.43, 9.37 ], [ 0.00, 0.00 ], [ 2.40, 2.36 ], [ 5.07, 9.12 ], [ 0.50, 14.50 ], [ 7.15, 5.03 ], [ 0.00, 0.00 ], [ 19.30, 9.72 ], [ 18.65, 12.42 ], [ 12.13, 11.33 ], [ 27.50, 0.50 ], [ 15.29, 11.85 ]
[2026-07-07 14:57:41] Generated sentinel field info: 0xa5 0x36 0x00 0x00 0xcc 0x01 0x03 0x02 0x02 0x6d 0x00 0x6b 0x00 0xec 0xbe 0xcd 0x40 0x8d 0xfb 0x15 0x41 0x00 0x00 0x00 0x00 0x00 0x00 0x00 0x00 0x56 0x65 0x19 0x40 0x3d 0x0a 0x17 0x40 0x48 0x50 0xa2 0x40 0xc4 0xf0 0x11 0x41 0x00 0x00 0x00 0x3f 0x00 0x00 0x68 0x41 0x40 0xb0 0xe4 0x40 0xe8 0x1a 0xa1 0x40 0xb2 0x48
[2026-07-07 14:57:42] Send self decision info: 0xa5 0x0e 0x00 0x00 0x37 0x01 0x03 0x21 0x01 0x6d 0x00 0x80 0x80 0x00 0x02 0x31 0x32 0x33 0x34 0x35 0x36 0x9d 0x8d
[2026-07-07 14:57:42] Generated sentinel field info: 0xa5 0x36 0x00 0x00 0xcc 0x01 0x03 0x02 0x02 0x6d 0x00 0x6b 0x00 0xf8 0xe3 0xcd 0x40 0x5c 0xe0 0x15 0x41 0x00 0x00 0x00 0x00 0x00 0x00 0x00 0x00 0x56 0x65 0x19 0x40 0x3d 0x0a 0x17 0x40 0x88 0xc2 0x9c 0x40 0x2b 0xf8 0x1c 0x41 0x00 0x00 0x00 0x3f 0x00 0x00 0x68 0x41 0x64 0x4a 0xe7 0x40 0xee 0x5f 0xa2 0x40 0xb8 0x7c
[2026-07-07 14:57:42] Send self decision info: 0xa5 0x0e 0x00 0x00 0x37 0x01 0x03 0x21 0x01 0x6d 0x00 0x80 0x80 0x00 0x02 0x31 0x32 0x33 0x34 0x35 0x36 0x9d 0x8d
[2026-07-07 14:57:42] Preparing to send all location info: [ 6.43, 9.37 ], [ 0.00, 0.00 ], [ 2.40, 2.36 ], [ 5.25, 10.14 ], [ 0.50, 14.50 ], [ 7.22, 5.04 ], [ 0.00, 0.00 ], [ 19.30, 9.71 ], [ 18.65, 12.42 ], [ 12.09, 11.25 ], [ 27.50, 0.50 ], [ 15.29, 11.85 ]
[2026-07-07 14:57:42] Send self decision info: 0xa5 0x0e 0x00 0x00 0x37 0x01 0x03 0x21 0x01 0x6d 0x00 0x80 0x80 0x00 0x02 0x31 0x32 0x33 0x34 0x35 0x36 0x9d 0x8d
[2026-07-07 14:57:42] Generated sentinel field info: 0xa5 0x36 0x00 0x00 0xcc 0x01 0x03 0x02 0x02 0x6d 0x00 0x6b 0x00 0x0c 0x95 0xce 0x40 0x06 0xff 0x15 0x41 0x00 0x00 0x00 0x00 0x00 0x00 0x00 0x00 0x56 0x65 0x19 0x40 0x3d 0x0a 0x17 0x40 0xe8 0xa9 0xb6 0x40 0x21 0xae 0x22 0x41 0x00 0x00 0x00 0x3f 0x00 0x00 0x68 0x41 0x64 0x91 0xe8 0x40 0x1b 0xb0 0xa1 0x40 0xae 0x38
[2026-07-07 14:57:42] Send self decision info: 0xa5 0x0e 0x00 0x00 0x37 0x01 0x03 0x21 0x01 0x6d 0x00 0x80 0x80 0x00 0x02 0x31 0x32 0x33 0x34 0x35 0x36 0x9d 0x8d
[2026-07-07 14:57:42] Preparing to send all location info: [ 6.43, 9.37 ], [ 0.00, 0.00 ], [ 2.40, 2.36 ], [ 6.07, 10.13 ], [ 0.50, 14.50 ], [ 7.25, 5.08 ], [ 0.00, 0.00 ], [ 19.30, 9.71 ], [ 18.65, 12.42 ], [ 12.76, 10.69 ], [ 27.50, 0.50 ], [ 15.29, 11.85 ]
[2026-07-07 14:57:42] Send self decision info: 0xa5 0x0e 0x00 0x00 0x37 0x01 0x03 0x21 0x01 0x6d 0x00 0x80 0x80 0x00 0x02 0x31 0x32 0x33 0x34 0x35 0x36 0x9d 0x8d
[2026-07-07 14:57:42] Generated sentinel field info: 0xa5 0x36 0x00 0x00 0xcc 0x01 0x03 0x02 0x02 0x6d 0x00 0x6b 0x00 0x0c 0xb3 0xcb 0x40 0x28 0xfb 0x14 0x41 0x00 0x00 0x00 0x00 0x00 0x00 0x00 0x00 0x56 0x65 0x19 0x40 0x3d 0x0a 0x17 0x40 0x30 0xb6 0xb7 0x40 0x4d 0x1f 0x23 0x41 0x00 0x00 0x00 0x3f 0x00 0x00 0x68 0x41 0xd8 0x42 0xe5 0x40 0xc7 0x8b 0xa1 0x40 0xf9 0xec
[2026-07-07 14:57:43] Send self decision info: 0xa5 0x0e 0x00 0x00 0x37 0x01 0x03 0x21 0x01 0x6d 0x00 0x80 0x80 0x00 0x02 0x31 0x32 0x33 0x34 0x35 0x36 0x9d 0x8d
[2026-07-07 14:57:43] Preparing to send all location info: [ 6.19, 9.33 ], [ 0.00, 0.00 ], [ 2.40, 2.36 ], [ 5.23, 10.20 ], [ 0.50, 14.50 ], [ 7.26, 5.07 ], [ 0.00, 0.00 ], [ 19.30, 9.71 ], [ 18.65, 12.42 ], [ 13.09, 10.51 ], [ 27.50, 0.50 ], [ 15.29, 11.85 ]
[2026-07-07 14:57:43] Generated sentinel field info: 0xa5 0x36 0x00 0x00 0xcc 0x01 0x03 0x02 0x02 0x6d 0x00 0x6b 0x00 0xb8 0x2b 0xc6 0x40 0xaf 0x52 0x15 0x41 0x00 0x00 0x00 0x00 0x00 0x00 0x00 0x00 0x56 0x65 0x19 0x40 0x3d 0x0a 0x17 0x40 0xd0 0x5d 0xa7 0x40 0x64 0x3f 0x23 0x41 0x00 0x00 0x00 0x3f 0x00 0x00 0x68 0x41 0xdc 0x4d 0xe8 0x40 0xb6 0x1c 0xa2 0x40 0xa2 0x4e
[2026-07-07 14:57:43] Send self decision info: 0xa5 0x0e 0x00 0x00 0x37 0x01 0x03 0x21 0x01 0x6d 0x00 0x80 0x80 0x00 0x02 0x31 0x32 0x33 0x34 0x35 0x36 0x9d 0x8d
[2026-07-07 14:57:43] Generated sentinel field info: 0xa5 0x36 0x00 0x00 0xcc 0x01 0x03 0x02 0x02 0x6d 0x00 0x6b 0x00 0x48 0x3d 0xb0 0x40 0x09 0x55 0x13 0x41 0x00 0x00 0x00 0x00 0x00 0x00 0x00 0x00 0x56 0x65 0x19 0x40 0x3d 0x0a 0x17 0x40 0x84 0x01 0x9c 0x40 0xcd 0xf4 0x1f 0x41 0x00 0x00 0x00 0x3f 0x00 0x00 0x68 0x41 0xcc 0xc3 0xe7 0x40 0xce 0xfa 0xa2 0x40 0x80 0x69
[2026-07-07 14:57:43] Send self decision info: 0xa5 0x0e 0x00 0x00 0x37 0x01 0x03 0x21 0x01 0x6d 0x00 0x80 0x80 0x00 0x02 0x31 0x32 0x33 0x34 0x35 0x36 0x9d 0x8d
[2026-07-07 14:57:43] Preparing to send all location info: [ 4.20, 9.10 ], [ 0.00, 0.00 ], [ 2.40, 2.36 ], [ 4.82, 9.81 ], [ 0.50, 14.50 ], [ 7.18, 5.06 ], [ 0.00, 0.00 ], [ 19.30, 9.71 ], [ 18.65, 12.42 ], [ 12.21, 10.72 ], [ 27.50, 0.50 ], [ 15.29, 11.85 ]
[2026-07-07 14:57:43] Generated sentinel field info: 0xa5 0x36 0x00 0x00 0xcc 0x01 0x03 0x02 0x02 0x6d 0x00 0x6b 0x00 0x24 0x40 0x86 0x40 0xb0 0xa6 0x11 0x41 0x00 0x00 0x00 0x00 0x00 0x00 0x00 0x00 0x56 0x65 0x19 0x40 0x3d 0x0a 0x17 0x40 0xe4 0x5d 0x9a 0x40 0xc0 0x09 0x1d 0x41 0x00 0x00 0x00 0x3f 0x00 0x00 0x68 0x41 0x7c 0xce 0xe5 0x40 0x34 0x08 0xa2 0x40 0x3e 0xec
[2026-07-07 14:57:43] Send self decision info: 0xa5 0x0e 0x00 0x00 0x37 0x01 0x03 0x21 0x01 0x6d 0x00 0x80 0x80 0x00 0x02 0x31 0x32 0x33 0x34 0x35 0x36 0x9d 0x8d
[2026-07-07 14:57:43] Generated sentinel field info: 0xa5 0x36 0x00 0x00 0xcc 0x01 0x03 0x02 0x02 0x6d 0x00 0x6b 0x00 0x48 0xf3 0x14 0x40 0x5a 0x3b 0x0f 0x41 0x00 0x00 0x00 0x00 0x00 0x00 0x00 0x00 0x56 0x65 0x19 0x40 0x3d 0x0a 0x17 0x40 0xb8 0xc5 0xa0 0x40 0xd7 0xdb 0x1c 0x41 0x00 0x00 0x00 0x3f 0x00 0x00 0x68 0x41 0x24 0xb7 0xe7 0x40 0xc7 0xb0 0xa1 0x40 0x72 0x73
[2026-07-07 14:57:43] Send self decision info: 0xa5 0x0e 0x00 0x00 0x37 0x01 0x03 0x21 0x01 0x6d 0x00 0x80 0x80 0x00 0x02 0x31 0x32 0x33 0x34 0x35 0x36 0x9d 0x8d
[2026-07-07 14:57:43] Preparing to send all location info: [ 0.87, 9.24 ], [ 0.00, 0.00 ], [ 2.40, 2.36 ], [ 5.69, 9.78 ], [ 0.50, 14.50 ], [ 7.11, 5.04 ], [ 0.00, 0.00 ], [ 19.30, 9.71 ], [ 18.65, 12.42 ], [ 11.31, 10.57 ], [ 27.50, 0.50 ], [ 15.29, 11.85 ]
[2026-07-07 14:57:43] Generated sentinel field info: 0xa5 0x36 0x00 0x00 0xcc 0x01 0x03 0x02 0x02 0x6d 0x00 0x6b 0x00 0xe0 0x8d 0x5e 0x3f 0x12 0xdf 0x13 0x41 0x00 0x00 0x00 0x00 0x00 0x00 0x00 0x00 0x56 0x65 0x19 0x40 0x3d 0x0a 0x17 0x40 0x94 0xf2 0xb5 0x40 0xbb 0x7f 0x1c 0x41 0x00 0x00 0x00 0x3f 0x00 0x00 0x68 0x41 0xf8 0xa8 0xe3 0x40 0x68 0x67 0xa1 0x40 0x8a 0x75
[2026-07-07 14:57:44] Send self decision info: 0xa5 0x0e 0x00 0x00 0x37 0x01 0x03 0x21 0x01 0x6d 0x00 0x80 0x80 0x00 0x02 0x31 0x32 0x33 0x34 0x35 0x36 0x9d 0x8d
[2026-07-07 14:57:44] Generated sentinel field info: 0xa5 0x36 0x00 0x00 0xcc 0x01 0x03 0x02 0x02 0x6d 0x00 0x6b 0x00 0x00 0x6d 0xcc 0x3e 0x91 0xf7 0x16 0x41 0x00 0x00 0x00 0x00 0x00 0x00 0x00 0x00 0x56 0x65 0x19 0x40 0x3d 0x0a 0x17 0x40 0xf0 0xac 0xca 0x40 0x12 0x7c 0x19 0x41 0x00 0x00 0x00 0x3f 0x00 0x00 0x68 0x41 0x64 0x6f 0xe5 0x40 0xb5 0xa1 0xa2 0x40 0xbb 0xd5
[2026-07-07 14:57:44] Send self decision info: 0xa5 0x0e 0x00 0x00 0x37 0x01 0x03 0x21 0x01 0x6d 0x00 0x80 0x80 0x00 0x02 0x31 0x32 0x33 0x34 0x35 0x36 0x9d 0x8d
[2026-07-07 14:57:44] Preparing to send all location info: [ 0.32, 9.44 ], [ 0.00, 0.00 ], [ 2.40, 2.36 ], [ 6.78, 9.34 ], [ 0.50, 14.50 ], [ 7.24, 5.05 ], [ 0.00, 0.00 ], [ 19.30, 9.71 ], [ 18.65, 12.42 ], [ 11.97, 10.47 ], [ 27.50, 0.50 ], [ 15.29, 11.85 ]
[2026-07-07 14:57:44] Generated sentinel field info: 0xa5 0x36 0x00 0x00 0xcc 0x01 0x03 0x02 0x02 0x6d 0x00 0x6b 0x00 0x00 0x6c 0xa1 0x3e 0xa3 0xfe 0x16 0x41 0x00 0x00 0x00 0x00 0x00 0x00 0x00 0x00 0x56 0x65 0x19 0x40 0x3d 0x0a 0x17 0x40 0x40 0xce 0xd8 0x40 0xbb 0x7a 0x15 0x41 0x00 0x00 0x00 0x3f 0x00 0x00 0x68 0x41 0x38 0xba 0xe7 0x40 0xd7 0xab 0xa1 0x40 0x23 0x14
[2026-07-07 14:57:44] Send self decision info: 0xa5 0x0e 0x00 0x00 0x37 0x01 0x03 0x21 0x01 0x6d 0x00 0x80 0x80 0x00 0x02 0x31 0x32 0x33 0x34 0x35 0x36 0x9d 0x8d
[2026-07-07 14:57:44] Generated sentinel field info: 0xa5 0x36 0x00 0x00 0xcc 0x01 0x03 0x02 0x02 0x6d 0x00 0x6b 0x00 0x00 0x9c 0xa5 0x3e 0x9b 0xfd 0x13 0x41 0x00 0x00 0x00 0x00 0x00 0x00 0x00 0x00 0x56 0x65 0x19 0x40 0x3d 0x0a 0x17 0x40 0xc8 0xa6 0xdc 0x40 0xb7 0xb2 0x12 0x41 0x00 0x00 0x00 0x3f 0x00 0x00 0x68 0x41 0xd4 0xd9 0xe5 0x40 0xe5 0xf5 0xa1 0x40 0x03 0x25
[2026-07-07 14:57:44] Send self decision info: 0xa5 0x0e 0x00 0x00 0x37 0x01 0x03 0x21 0x01 0x6d 0x00 0x80 0x80 0x00 0x02 0x31 0x32 0x33 0x34 0x35 0x36 0x9d 0x8d
[2026-07-07 14:57:44] Preparing to send all location info: [ 0.40, 9.02 ], [ 0.00, 0.00 ], [ 2.40, 2.36 ], [ 6.57, 9.17 ], [ 0.50, 14.50 ], [ 7.17, 5.08 ], [ 0.00, 0.00 ], [ 19.30, 9.71 ], [ 18.65, 12.42 ], [ 13.36, 10.13 ], [ 27.50, 0.50 ], [ 15.29, 11.85 ]
[2026-07-07 14:57:44] Generated sentinel field info: 0xa5 0x36 0x00 0x00 0xcc 0x01 0x03 0x02 0x02 0x6d 0x00 0x6b 0x00 0x00 0x16 0xce 0x3e 0x3d 0x45 0x10 0x41 0x00 0x00 0x00 0x00 0x00 0x00 0x00 0x00 0x56 0x65 0x19 0x40 0x3d 0x0a 0x17 0x40 0x38 0x30 0xd2 0x40 0x82 0xb8 0x12 0x41 0x00 0x00 0x00 0x3f 0x00 0x00 0x68 0x41 0x4c 0x8c 0xe5 0x40 0x0d 0x73 0xa2 0x40 0x3c 0xaa
[2026-07-07 14:57:44] Send self decision info: 0xa5 0x0e 0x00 0x00 0x37 0x01 0x03 0x21 0x01 0x6d 0x00 0x80 0x80 0x00 0x02 0x31 0x32 0x33 0x34 0x35 0x36 0x9d 0x8d
[2026-07-07 14:57:44] Generated sentinel field info: 0xa5 0x36 0x00 0x00 0xcc 0x01 0x03 0x02 0x02 0x6d 0x00 0x6b 0x00 0x00 0x16 0xce 0x3e 0x3d 0x45 0x10 0x41 0x00 0x00 0x00 0x00 0x00 0x00 0x00 0x00 0x56 0x65 0x19 0x40 0x3d 0x0a 0x17 0x40 0x1c 0x9a 0xcc 0x40 0xc4 0x72 0x17 0x41 0x00 0x00 0x00 0x3f 0x00 0x00 0x68 0x41 0x88 0x90 0xe7 0x40 0xf5 0xee 0xa1 0x40 0xe8 0xfa
[2026-07-07 14:57:45] Send self decision info: 0xa5 0x0e 0x00 0x00 0x37 0x01 0x03 0x21 0x01 0x6d 0x00 0x80 0x80 0x00 0x02 0x31 0x32 0x33 0x34 0x35 0x36 0x9d 0x8d
[2026-07-07 14:57:45] Preparing to send all location info: [ 0.40, 9.02 ], [ 0.00, 0.00 ], [ 2.40, 2.36 ], [ 6.10, 9.75 ], [ 0.50, 14.50 ], [ 7.26, 5.07 ], [ 0.00, 0.00 ], [ 19.30, 9.71 ], [ 18.65, 12.42 ], [ 15.07, 9.70 ], [ 27.50, 0.50 ], [ 15.29, 11.85 ]
[2026-07-07 14:57:45] Generated sentinel field info: 0xa5 0x36 0x00 0x00 0xcc 0x01 0x03 0x02 0x02 0x6d 0x00 0x6b 0x00 0x00 0x16 0xce 0x3e 0x3d 0x45 0x10 0x41 0x00 0x00 0x00 0x00 0x00 0x00 0x00 0x00 0x56 0x65 0x19 0x40 0x3d 0x0a 0x17 0x40 0xe8 0x0c 0xc3 0x40 0x6e 0xfb 0x1b 0x41 0x00 0x00 0x00 0x3f 0x00 0x00 0x68 0x41 0x68 0x36 0xe8 0x40 0x72 0x42 0xa2 0x40 0x63 0xa2
[2026-07-07 14:57:45] Send self decision info: 0xa5 0x0e 0x00 0x00 0x37 0x01 0x03 0x21 0x01 0x6d 0x00 0x80 0x80 0x00 0x02 0x31 0x32 0x33 0x34 0x35 0x36 0x9d 0x8d
[2026-07-07 14:57:45] Generated sentinel field info: 0xa5 0x36 0x00 0x00 0xcc 0x01 0x03 0x02 0x02 0x6d 0x00 0x6b 0x00 0x00 0x16 0xce 0x3e 0x3d 0x45 0x10 0x41 0x00 0x00 0x00 0x00 0x00 0x00 0x00 0x00 0x56 0x65 0x19 0x40 0x3d 0x0a 0x17 0x40 0x80 0x50 0xbd 0x40 0xfd 0xc0 0x1d 0x41 0x00 0x00 0x00 0x3f 0x00 0x00 0x68 0x41 0xd4 0xa5 0xe7 0x40 0x03 0x2b 0xa3 0x40 0x70 0xd7
[2026-07-07 14:57:45] Send self decision info: 0xa5 0x0e 0x00 0x00 0x37 0x01 0x03 0x21 0x01 0x6d 0x00 0x80 0x80 0x00 0x02 0x31 0x32 0x33 0x34 0x35 0x36 0x9d 0x8d
[2026-07-07 14:57:45] Preparing to send all location info: [ 0.40, 9.02 ], [ 0.00, 0.00 ], [ 2.40, 2.36 ], [ 5.95, 9.69 ], [ 0.50, 14.50 ], [ 7.20, 5.08 ], [ 0.00, 0.00 ], [ 19.30, 9.71 ], [ 18.65, 12.42 ], [ 16.17, 9.24 ], [ 27.50, 0.50 ], [ 15.29, 11.85 ]
[2026-07-07 14:57:45] Generated sentinel field info: 0xa5 0x36 0x00 0x00 0xcc 0x01 0x03 0x02 0x02 0x6d 0x00 0x6b 0x00 0x00 0x16 0xce 0x3e 0x3d 0x45 0x10 0x41 0x00 0x00 0x00 0x00 0x00 0x00 0x00 0x00 0x56 0x65 0x19 0x40 0x3d 0x0a 0x17 0x40 0x68 0x6e 0xbe 0x40 0xcd 0x13 0x1b 0x41 0x00 0x00 0x00 0x3f 0x00 0x00 0x68 0x41 0xb8 0x40 0xe6 0x40 0xe6 0xad 0xa2 0x40 0xfd 0x1a
[2026-07-07 14:57:45] Send self decision info: 0xa5 0x0e 0x00 0x00 0x37 0x01 0x03 0x21 0x01 0x6d 0x00 0x80 0x80 0x00 0x02 0x31 0x32 0x33 0x34 0x35 0x36 0x9d 0x8d
[2026-07-07 14:57:45] Generated sentinel field info: 0xa5 0x36 0x00 0x00 0xcc 0x01 0x03 0x02 0x02 0x6d 0x00 0x6b 0x00 0x1f 0x85 0x9b 0x40 0x52 0xb8 0x3e 0x41 0x00 0x00 0x00 0x00 0x00 0x00 0x00 0x00 0x56 0x65 0x19 0x40 0x3d 0x0a 0x17 0x40 0x58 0x65 0xc1 0x40 0xe7 0xc4 0x15 0x41 0x00 0x00 0x00 0x3f 0x00 0x00 0x68 0x41 0xac 0x7f 0xe7 0x40 0x21 0x0a 0xa2 0x40 0x0e 0x36
[2026-07-07 14:57:45] Send self decision info: 0xa5 0x0e 0x00 0x00 0x37 0x01 0x03 0x21 0x01 0x6d 0x00 0x80 0x80 0x00 0x02 0x31 0x32 0x33 0x34 0x35 0x36 0x9d 0x8d
[2026-07-07 14:57:45] Preparing to send all location info: [ 4.86, 11.92 ], [ 0.00, 0.00 ], [ 2.40, 2.36 ], [ 6.16, 9.03 ], [ 0.50, 14.50 ], [ 7.18, 5.07 ], [ 0.00, 0.00 ], [ 19.30, 9.71 ], [ 18.65, 12.42 ], [ 16.78, 9.11 ], [ 27.50, 0.50 ], [ 15.29, 11.85 ]
[2026-07-07 14:57:45] Generated sentinel field info: 0xa5 0x36 0x00 0x00 0xcc 0x01 0x03 0x02 0x02 0x6d 0x00 0x6b 0x00 0x1f 0x85 0x9b 0x40 0x52 0xb8 0x3e 0x41 0x00 0x00 0x00 0x00 0x00 0x00 0x00 0x00 0x56 0x65 0x19 0x40 0x3d 0x0a 0x17 0x40 0xb4 0x05 0xc5 0x40 0x43 0x8d 0x10 0x41 0x00 0x00 0x00 0x3f 0x00 0x00 0x68 0x41 0xf0 0xa0 0xe5 0x40 0xb9 0x51 0xa2 0x40 0xd5 0x6c
[2026-07-07 14:57:46] Send self decision info: 0xa5 0x0e 0x00 0x00 0x37 0x01 0x03 0x21 0x01 0x6d 0x00 0x80 0x80 0x00 0x02 0x31 0x32 0x33 0x34 0x35 0x36 0x9d 0x8d
[2026-07-07 14:57:46] Send self decision info: 0xa5 0x0e 0x00 0x00 0x37 0x01 0x03 0x21 0x01 0x6d 0x00 0x80 0x80 0x00 0x02 0x31 0x32 0x33 0x34 0x35 0x36 0x9d 0x8d
[2026-07-07 14:57:46] Preparing to send all location info: [ 4.86, 11.92 ], [ 0.00, 0.00 ], [ 2.40, 2.36 ], [ 6.70, 8.21 ], [ 0.50, 14.50 ], [ 7.26, 5.07 ], [ 0.00, 0.00 ], [ 19.30, 9.71 ], [ 18.65, 12.42 ], [ 16.91, 9.09 ], [ 27.50, 0.50 ], [ 15.29, 11.85 ]
[2026-07-07 14:57:46] Generated sentinel field info: 0xa5 0x36 0x00 0x00 0xcc 0x01 0x03 0x02 0x02 0x6d 0x00 0x6b 0x00 0x1f 0x85 0x9b 0x40 0x52 0xb8 0x3e 0x41 0x00 0x00 0x00 0x00 0x00 0x00 0x00 0x00 0x56 0x65 0x19 0x40 0x3d 0x0a 0x17 0x40 0x80 0x83 0xd6 0x40 0x74 0x66 0x03 0x41 0x00 0x00 0x00 0x3f 0x00 0x00 0x68 0x41 0xbc 0x41 0xe8 0x40 0x36 0x30 0xa2 0x40 0x29 0xd3
[2026-07-07 14:57:46] Send self decision info: 0xa5 0x0e 0x00 0x00 0x37 0x01 0x03 0x21 0x01 0x6d 0x00 0x80 0x80 0x00 0x02 0x31 0x32 0x33 0x34 0x35 0x36 0x9d 0x8d
[2026-07-07 14:57:46] Generated sentinel field info: 0xa5 0x36 0x00 0x00 0xcc 0x01 0x03 0x02 0x02 0x6d 0x00 0x6b 0x00 0x1f 0x85 0x9b 0x40 0x52 0xb8 0x3e 0x41 0x00 0x00 0x00 0x00 0x00 0x00 0x00 0x00 0x56 0x65 0x19 0x40 0x3d 0x0a 0x17 0x40 0x04 0xc9 0xdd 0x40 0x82 0x43 0xf9 0x40 0x00 0x00 0x00 0x3f 0x00 0x00 0x68 0x41 0x84 0xa6 0xe5 0x40 0xbc 0x48 0xa2 0x40 0xda 0xf6
[2026-07-07 14:57:46] Send self decision info: 0xa5 0x0e 0x00 0x00 0x37 0x01 0x03 0x21 0x01 0x6d 0x00 0x80 0x80 0x00 0x02 0x31 0x32 0x33 0x34 0x35 0x36 0x9d 0x8d
[2026-07-07 14:57:46] Preparing to send all location info: [ 4.86, 11.92 ], [ 0.00, 0.00 ], [ 2.40, 2.36 ], [ 7.02, 7.78 ], [ 0.50, 14.50 ], [ 7.17, 5.09 ], [ 0.00, 0.00 ], [ 19.30, 9.71 ], [ 18.65, 12.42 ], [ 16.91, 9.09 ], [ 27.50, 0.50 ], [ 15.29, 11.85 ]
[2026-07-07 14:57:46] Generated sentinel field info: 0xa5 0x36 0x00 0x00 0xcc 0x01 0x03 0x02 0x02 0x6d 0x00 0x6b 0x00 0x1f 0x85 0x9b 0x40 0x52 0xb8 0x3e 0x41 0x00 0x00 0x00 0x00 0x00 0x00 0x00 0x00 0x56 0x65 0x19 0x40 0x3d 0x0a 0x17 0x40 0x70 0xad 0xe0 0x40 0x3c 0xd2 0xf8 0x40 0x00 0x00 0x00 0x3f 0x00 0x00 0x68 0x41 0x20 0x57 0xe5 0x40 0xe1 0xc8 0xa2 0x40 0x45 0x2d
[2026-07-07 14:57:46] Send self decision info: 0xa5 0x0e 0x00 0x00 0x37 0x01 0x03 0x21 0x01 0x6d 0x00 0x80 0x80 0x00 0x02 0x31 0x32 0x33 0x34 0x35 0x36 0x9d 0x8d
[2026-07-07 14:57:46] Generated sentinel field info: 0xa5 0x36 0x00 0x00 0xcc 0x01 0x03 0x02 0x02 0x6d 0x00 0x6b 0x00 0x1f 0x85 0x9b 0x40 0x52 0xb8 0x3e 0x41 0x00 0x00 0x00 0x00 0x00 0x00 0x00 0x00 0x56 0x65 0x19 0x40 0x3d 0x0a 0x17 0x40 0xb8 0xda 0xde 0x40 0x32 0x8f 0xfb 0x40 0x00 0x00 0x00 0x3f 0x00 0x00 0x68 0x41 0xb8 0x66 0xe6 0x40 0x9e 0x70 0xa2 0x40 0x9b 0x98
[2026-07-07 14:57:47] Send self decision info: 0xa5 0x0e 0x00 0x00 0x37 0x01 0x03 0x21 0x01 0x6d 0x00 0x80 0x80 0x00 0x02 0x31 0x32 0x33 0x34 0x35 0x36 0x9d 0x8d
[2026-07-07 14:57:47] Preparing to send all location info: [ 4.86, 11.92 ], [ 0.00, 0.00 ], [ 2.40, 2.36 ], [ 6.84, 8.08 ], [ 0.50, 14.50 ], [ 7.23, 5.07 ], [ 0.00, 0.00 ], [ 19.30, 9.71 ], [ 18.65, 12.42 ], [ 16.91, 9.09 ], [ 27.50, 0.50 ], [ 15.29, 11.85 ]
[2026-07-07 14:57:47] Generated sentinel field info: 0xa5 0x36 0x00 0x00 0xcc 0x01 0x03 0x02 0x02 0x6d 0x00 0x6b 0x00 0x1f 0x85 0x9b 0x40 0x52 0xb8 0x3e 0x41 0x00 0x00 0x00 0x00 0x00 0x00 0x00 0x00 0x56 0x65 0x19 0x40 0x3d 0x0a 0x17 0x40 0x54 0xf5 0xda 0x40 0x2b 0x5a 0x01 0x41 0x00 0x00 0x00 0x3f 0x00 0x00 0x68 0x41 0xa4 0x5f 0xe7 0x40 0xb2 0x3d 0xa2 0x40 0x08 0x0a
[2026-07-07 14:57:47] Send self decision info: 0xa5 0x0e 0x00 0x00 0x37 0x01 0x03 0x21 0x01 0x6d 0x00 0x80 0x80 0x00 0x02 0x31 0x32 0x33 0x34 0x35 0x36 0x9d 0x8d
[2026-07-07 14:57:47] Generated sentinel field info: 0xa5 0x36 0x00 0x00 0xcc 0x01 0x03 0x02 0x02 0x6d 0x00 0x6b 0x00 0x1f 0x85 0x9b 0x40 0x52 0xb8 0x3e 0x41 0x00 0x00 0x00 0x00 0x00 0x00 0x00 0x00 0x56 0x65 0x19 0x40 0x3d 0x0a 0x17 0x40 0x30 0xf4 0xdd 0x40 0xce 0xdd 0x06 0x41 0x00 0x00 0x00 0x3f 0x00 0x00 0x68 0x41 0xf8 0xd8 0xe3 0x40 0x47 0x77 0xa2 0x40 0x13 0x08
[2026-07-07 14:57:47] Send self decision info: 0xa5 0x0e 0x00 0x00 0x37 0x01 0x03 0x21 0x01 0x6d 0x00 0x80 0x80 0x00 0x02 0x31 0x32 0x33 0x34 0x35 0x36 0x9d 0x8d
[2026-07-07 14:57:47] Preparing to send all location info: [ 4.86, 11.92 ], [ 0.00, 0.00 ], [ 2.40, 2.36 ], [ 6.78, 8.78 ], [ 0.50, 14.50 ], [ 7.15, 5.11 ], [ 0.00, 0.00 ], [ 19.30, 9.71 ], [ 18.65, 12.42 ], [ 18.06, 7.74 ], [ 27.50, 0.50 ], [ 15.29, 11.85 ]
[2026-07-07 14:57:47] Generated sentinel field info: 0xa5 0x36 0x00 0x00 0xcc 0x01 0x03 0x02 0x02 0x6d 0x00 0x6b 0x00 0x1f 0x85 0x9b 0x40 0x52 0xb8 0x3e 0x41 0x00 0x00 0x00 0x00 0x00 0x00 0x00 0x00 0x56 0x65 0x19 0x40 0x3d 0x0a 0x17 0x40 0x60 0x04 0xd9 0x40 0x52 0x6e 0x0c 0x41 0x00 0x00 0x00 0x3f 0x00 0x00 0x68 0x41 0xc0 0xed 0xe4 0x40 0x00 0x73 0xa3 0x40 0x5f 0x6c
[2026-07-07 14:57:47] Send self decision info: 0xa5 0x0e 0x00 0x00 0x37 0x01 0x03 0x21 0x01 0x6d 0x00 0x80 0x80 0x00 0x02 0x31 0x32 0x33 0x34 0x35 0x36 0x9d 0x8d
[2026-07-07 14:57:47] Generated sentinel field info: 0xa5 0x36 0x00 0x00 0xcc 0x01 0x03 0x02 0x02 0x6d 0x00 0x6b 0x00 0x1f 0x85 0x9b 0x40 0x52 0xb8 0x3e 0x41 0x00 0x00 0x00 0x00 0x00 0x00 0x00 0x00 0x56 0x65 0x19 0x40 0x3d 0x0a 0x17 0x40 0x3c 0xed 0xd1 0x40 0xf9 0x0f 0x16 0x41 0x00 0x00 0x00 0x3f 0x00 0x00 0x68 0x41 0x1c 0x11 0xe8 0x40 0x6d 0x7e 0xa2 0x40 0xe2 0xa1
[2026-07-07 14:57:47] Send self decision info: 0xa5 0x0e 0x00 0x00 0x37 0x01 0x03 0x21 0x01 0x6d 0x00 0x80 0x80 0x00 0x02 0x31 0x32 0x33 0x34 0x35 0x36 0x9d 0x8d
[2026-07-07 14:57:47] Preparing to send all location info: [ 4.86, 11.92 ], [ 0.00, 0.00 ], [ 2.40, 2.36 ], [ 6.62, 9.76 ], [ 0.50, 14.50 ], [ 7.21, 5.11 ], [ 0.00, 0.00 ], [ 18.85, 10.17 ], [ 18.65, 12.42 ], [ 18.59, 7.78 ], [ 27.50, 0.50 ], [ 15.29, 11.85 ]
[2026-07-07 14:57:47] Generated sentinel field info: 0xa5 0x36 0x00 0x00 0xcc 0x01 0x03 0x02 0x02 0x6d 0x00 0x6b 0x00 0x1f 0x85 0x9b 0x40 0x52 0xb8 0x3e 0x41 0x00 0x00 0x00 0x00 0x00 0x00 0x00 0x00 0x56 0x65 0x19 0x40 0x3d 0x0a 0x17 0x40 0x3c 0xf6 0xd3 0x40 0xdb 0x1d 0x1c 0x41 0x00 0x00 0x00 0x3f 0x00 0x00 0x68 0x41 0xd4 0x8f 0xe6 0x40 0x60 0x8c 0xa3 0x40 0xf8 0xae
[2026-07-07 14:57:48] Send self decision info: 0xa5 0x0e 0x00 0x00 0x37 0x01 0x03 0x21 0x01 0x6d 0x00 0x80 0x80 0x00 0x02 0x31 0x32 0x33 0x34 0x35 0x36 0x9d 0x8d
[2026-07-07 14:57:48] Generated sentinel field info: 0xa5 0x36 0x00 0x00 0xcc 0x01 0x03 0x02 0x02 0x6d 0x00 0x6b 0x00 0x1f 0x85 0x9b 0x40 0x52 0xb8 0x3e 0x41 0x00 0x00 0x00 0x00 0x00 0x00 0x00 0x00 0x56 0x65 0x19 0x40 0x3d 0x0a 0x17 0x40 0x28 0xc7 0xd9 0x40 0xf2 0xf8 0x1c 0x41 0x00 0x00 0x00 0x3f 0x00 0x00 0x68 0x41 0x74 0xc6 0xe6 0x40 0x66 0x34 0xa3 0x40 0xc5 0x66
[2026-07-07 14:57:48] Send self decision info: 0xa5 0x0e 0x00 0x00 0x37 0x01 0x03 0x21 0x01 0x6d 0x00 0x80 0x80 0x00 0x02 0x31 0x32 0x33 0x34 0x35 0x36 0x9d 0x8d
[2026-07-07 14:57:48] Preparing to send all location info: [ 4.86, 11.92 ], [ 0.00, 0.00 ], [ 2.40, 2.36 ], [ 6.78, 9.65 ], [ 0.50, 14.50 ], [ 7.20, 5.08 ], [ 0.00, 0.00 ], [ 17.80, 10.78 ], [ 18.65, 12.42 ], [ 19.70, 7.90 ], [ 27.50, 0.50 ], [ 15.29, 11.85 ]
[2026-07-07 14:57:48] Generated sentinel field info: 0xa5 0x36 0x00 0x00 0xcc 0x01 0x03 0x02 0x02 0x6d 0x00 0x6b 0x00 0x1f 0x85 0x9b 0x40 0x52 0xb8 0x3e 0x41 0x00 0x00 0x00 0x00 0x00 0x00 0x00 0x00 0x56 0x65 0x19 0x40 0x3d 0x0a 0x17 0x40 0xe0 0xff 0xd8 0x40 0xba 0x62 0x1a 0x41 0x00 0x00 0x00 0x3f 0x00 0x00 0x68 0x41 0xc0 0x62 0xe6 0x40 0x05 0x77 0xa2 0x40 0x07 0xef
[2026-07-07 14:57:48] Send self decision info: 0xa5 0x0e 0x00 0x00 0x37 0x01 0x03 0x21 0x01 0x6d 0x00 0x80 0x80 0x00 0x02 0x31 0x32 0x33 0x34 0x35 0x36 0x9d 0x8d
[2026-07-07 14:57:48] Generated sentinel field info: 0xa5 0x36 0x00 0x00 0xcc 0x01 0x03 0x02 0x02 0x6d 0x00 0x6b 0x00 0x1f 0x85 0x9b 0x40 0x52 0xb8 0x3e 0x41 0x00 0x00 0x00 0x00 0x00 0x00 0x00 0x00 0x56 0x65 0x19 0x40 0x3d 0x0a 0x17 0x40 0xa4 0xcc 0xd4 0x40 0x77 0x60 0x18 0x41 0x00 0x00 0x00 0x3f 0x00 0x00 0x68 0x41 0x8c 0xda 0xe6 0x40 0x0e 0x14 0xa3 0x40 0xe9 0x2c
[2026-07-07 14:57:48] Send self decision info: 0xa5 0x0e 0x00 0x00 0x37 0x01 0x03 0x21 0x01 0x6d 0x00 0x80 0x80 0x00 0x02 0x31 0x32 0x33 0x34 0x35 0x36 0x9d 0x8d
[2026-07-07 14:57:48] Preparing to send all location info: [ 4.86, 11.92 ], [ 0.00, 0.00 ], [ 2.40, 2.36 ], [ 6.56, 9.30 ], [ 0.50, 14.50 ], [ 7.22, 5.13 ], [ 0.00, 0.00 ], [ 17.80, 10.78 ], [ 18.65, 12.42 ], [ 19.85, 7.92 ], [ 27.50, 0.50 ], [ 15.29, 11.85 ]
[2026-07-07 14:57:48] Generated sentinel field info: 0xa5 0x36 0x00 0x00 0xcc 0x01 0x03 0x02 0x02 0x6d 0x00 0x6b 0x00 0x1f 0x85 0x9b 0x40 0x52 0xb8 0x3e 0x41 0x00 0x00 0x00 0x00 0x00 0x00 0x00 0x00 0x56 0x65 0x19 0x40 0x3d 0x0a 0x17 0x40 0xa0 0xd8 0xd1 0x40 0xdc 0xdc 0x14 0x41 0x00 0x00 0x00 0x3f 0x00 0x00 0x68 0x41 0xcc 0x1c 0xe7 0x40 0x6b 0x07 0xa4 0x40 0xcb 0xd4
[2026-07-07 14:57:48] Send self decision info: 0xa5 0x0e 0x00 0x00 0x37 0x01 0x03 0x21 0x01 0x6d 0x00 0x80 0x80 0x00 0x02 0x31 0x32 0x33 0x34 0x35 0x36 0x9d 0x8d
[2026-07-07 14:57:49] Send self decision info: 0xa5 0x0e 0x00 0x00 0x37 0x01 0x03 0x21 0x01 0x6d 0x00 0x80 0x80 0x00 0x02 0x31 0x32 0x33 0x34 0x35 0x36 0x9d 0x8d
[2026-07-07 14:57:49] Preparing to send all location info: [ 4.86, 11.92 ], [ 0.00, 0.00 ], [ 2.40, 2.36 ], [ 6.42, 8.76 ], [ 0.50, 14.50 ], [ 7.22, 5.09 ], [ 0.00, 0.00 ], [ 17.80, 10.78 ], [ 18.65, 12.42 ], [ 19.85, 7.92 ], [ 27.50, 0.50 ], [ 15.29, 11.85 ]
[2026-07-07 14:57:49] Generated sentinel field info: 0xa5 0x36 0x00 0x00 0xcc 0x01 0x03 0x02 0x02 0x6d 0x00 0x6b 0x00 0x1f 0x85 0x9b 0x40 0x52 0xb8 0x3e 0x41 0x00 0x00 0x00 0x00 0x00 0x00 0x00 0x00 0x56 0x65 0x19 0x40 0x3d 0x0a 0x17 0x40 0x5c 0x5d 0xcd 0x40 0x6f 0x2e 0x0c 0x41 0x00 0x00 0x00 0x3f 0x00 0x00 0x68 0x41 0x18 0x0a 0xe7 0x40 0x7c 0xc7 0xa2 0x40 0x78 0x66
[2026-07-07 14:57:49] Send self decision info: 0xa5 0x0e 0x00 0x00 0x37 0x01 0x03 0x21 0x01 0x6d 0x00 0x80 0x80 0x00 0x02 0x31 0x32 0x33 0x34 0x35 0x36 0x9d 0x8d
[2026-07-07 14:57:49] Generated sentinel field info: 0xa5 0x36 0x00 0x00 0xcc 0x01 0x03 0x02 0x02 0x6d 0x00 0x6b 0x00 0x1f 0x85 0x9b 0x40 0x52 0xb8 0x3e 0x41 0x00 0x00 0x00 0x00 0x00 0x00 0x00 0x00 0x56 0x65 0x19 0x40 0x3d 0x0a 0x17 0x40 0x20 0x69 0xdb 0x40 0xf3 0x87 0x05 0x41 0x00 0x00 0x00 0x3f 0x00 0x00 0x68 0x41 0x2c 0x6e 0xe6 0x40 0x96 0xc2 0xa3 0x40 0x7c 0xd9
[2026-07-07 14:57:49] Send self decision info: 0xa5 0x0e 0x00 0x00 0x37 0x01 0x03 0x21 0x01 0x6d 0x00 0x80 0x80 0x00 0x02 0x31 0x32 0x33 0x34 0x35 0x36 0x9d 0x8d
[2026-07-07 14:57:49] Preparing to send all location info: [ 4.86, 11.92 ], [ 0.00, 0.00 ], [ 2.40, 2.36 ], [ 6.92, 8.34 ], [ 0.50, 14.50 ], [ 7.16, 5.10 ], [ 0.00, 0.00 ], [ 17.80, 10.78 ], [ 18.65, 12.42 ], [ 19.85, 7.92 ], [ 27.50, 0.50 ], [ 15.29, 11.85 ]
[2026-07-07 14:57:49] Generated sentinel field info: 0xa5 0x36 0x00 0x00 0xcc 0x01 0x03 0x02 0x02 0x6d 0x00 0x6b 0x00 0x1f 0x85 0x9b 0x40 0x52 0xb8 0x3e 0x41 0x00 0x00 0x00 0x00 0x00 0x00 0x00 0x00 0x56 0x65 0x19 0x40 0x3d 0x0a 0x17 0x40 0xc4 0x56 0xdd 0x40 0x54 0x63 0x05 0x41 0x00 0x00 0x00 0x3f 0x00 0x00 0x68 0x41 0x70 0x16 0xe5 0x40 0x4f 0x31 0xa3 0x40 0x38 0x97
[2026-07-07 14:57:49] Send self decision info: 0xa5 0x0e 0x00 0x00 0x37 0x01 0x03 0x21 0x01 0x6d 0x00 0x80 0x80 0x00 0x02 0x31 0x32 0x33 0x34 0x35 0x36 0x9d 0x8d
[2026-07-07 14:57:49] Generated sentinel field info: 0xa5 0x36 0x00 0x00 0xcc 0x01 0x03 0x02 0x02 0x6d 0x00 0x6b 0x00 0x1f 0x85 0x9b 0x40 0x52 0xb8 0x3e 0x41 0x00 0x00 0x00 0x00 0x00 0x00 0x00 0x00 0x56 0x65 0x19 0x40 0x3d 0x0a 0x17 0x40 0x9c 0xb7 0xd5 0x40 0xa1 0xad 0x0b 0x41 0x00 0x00 0x00 0x3f 0x00 0x00 0x68 0x41 0xa4 0xf5 0xe6 0x40 0x68 0xe8 0xa2 0x40 0x15 0x7e
[2026-07-07 14:57:49] Send self decision info: 0xa5 0x0e 0x00 0x00 0x37 0x01 0x03 0x21 0x01 0x6d 0x00 0x80 0x80 0x00 0x02 0x31 0x32 0x33 0x34 0x35 0x36 0x9d 0x8d
[2026-07-07 14:57:49] Preparing to send all location info: [ 4.86, 11.92 ], [ 0.00, 0.00 ], [ 2.40, 2.36 ], [ 6.57, 9.32 ], [ 0.50, 14.50 ], [ 7.18, 5.11 ], [ 0.00, 0.00 ], [ 17.80, 10.78 ], [ 18.65, 12.42 ], [ 19.85, 7.92 ], [ 27.50, 0.50 ], [ 15.29, 11.85 ]
[2026-07-07 14:57:49] Generated sentinel field info: 0xa5 0x36 0x00 0x00 0xcc 0x01 0x03 0x02 0x02 0x6d 0x00 0x6b 0x00 0x1f 0x85 0x9b 0x40 0x52 0xb8 0x3e 0x41 0x00 0x00 0x00 0x00 0x00 0x00 0x00 0x00 0x56 0x65 0x19 0x40 0x3d 0x0a 0x17 0x40 0x94 0x5b 0xd2 0x40 0x53 0x1e 0x15 0x41 0x00 0x00 0x00 0x3f 0x00 0x00 0x68 0x41 0x10 0xa4 0xe5 0x40 0x7f 0xaa 0xa3 0x40 0x27 0x35
[2026-07-07 14:57:50] Send self decision info: 0xa5 0x0e 0x00 0x00 0x37 0x01 0x03 0x21 0x01 0x6d 0x00 0x80 0x80 0x00 0x02 0x31 0x32 0x33 0x34 0x35 0x36 0x9d 0x8d
[2026-07-07 14:57:50] Send self decision info: 0xa5 0x0e 0x00 0x00 0x37 0x01 0x03 0x21 0x01 0x6d 0x00 0x80 0x80 0x00 0x02 0x31 0x32 0x33 0x34 0x35 0x36 0x9d 0x8d
[2026-07-07 14:57:50] Preparing to send all location info: [ 4.86, 11.92 ], [ 0.00, 0.00 ], [ 2.40, 2.36 ], [ 7.12, 10.31 ], [ 0.50, 14.50 ], [ 7.21, 5.11 ], [ 0.00, 0.00 ], [ 17.80, 10.78 ], [ 18.65, 12.42 ], [ 19.10, 11.00 ], [ 27.50, 0.50 ], [ 15.29, 11.85 ]
[2026-07-07 14:57:50] Generated sentinel field info: 0xa5 0x36 0x00 0x00 0xcc 0x01 0x03 0x02 0x02 0x6d 0x00 0x6b 0x00 0x1f 0x85 0x9b 0x40 0x52 0xb8 0x3e 0x41 0x00 0x00 0x00 0x00 0x00 0x00 0x00 0x00 0x56 0x65 0x19 0x40 0x3d 0x0a 0x17 0x40 0x30 0xe7 0xe3 0x40 0x38 0xf0 0x24 0x41 0x00 0x00 0x00 0x3f 0x00 0x00 0x68 0x41 0x20 0x95 0xe6 0x40 0xd5 0x83 0xa3 0x40 0x48 0xce
[2026-07-07 14:57:50] Send self decision info: 0xa5 0x0e 0x00 0x00 0x37 0x01 0x03 0x21 0x01 0x6d 0x00 0x80 0x80 0x00 0x02 0x31 0x32 0x33 0x34 0x35 0x36 0x9d 0x8d
[2026-07-07 14:57:50] Generated sentinel field info: 0xa5 0x36 0x00 0x00 0xcc 0x01 0x03 0x02 0x02 0x6d 0x00 0x6b 0x00 0x1f 0x85 0x9b 0x40 0x52 0xb8 0x3e 0x41 0x00 0x00 0x00 0x00 0x00 0x00 0x00 0x00 0x56 0x65 0x19 0x40 0x3d 0x0a 0x17 0x40 0x44 0x01 0xf6 0x40 0x67 0xd3 0x2c 0x41 0x00 0x00 0x00 0x3f 0x00 0x00 0x68 0x41 0x28 0x75 0xe7 0x40 0x4b 0x79 0xa3 0x40 0x57 0xa9
[2026-07-07 14:57:50] Send self decision info: 0xa5 0x0e 0x00 0x00 0x37 0x01 0x03 0x21 0x01 0x6d 0x00 0x80 0x80 0x00 0x02 0x31 0x32 0x33 0x34 0x35 0x36 0x9d 0x8d
[2026-07-07 14:57:50] Preparing to send all location info: [ 4.86, 11.92 ], [ 0.00, 0.00 ], [ 2.40, 2.36 ], [ 8.30, 11.12 ], [ 0.50, 14.50 ], [ 7.22, 5.13 ], [ 0.00, 0.00 ], [ 17.80, 10.78 ], [ 18.65, 12.42 ], [ 20.17, 11.15 ], [ 27.50, 0.50 ], [ 15.29, 11.85 ]
[2026-07-07 14:57:50] Generated sentinel field info: 0xa5 0x36 0x00 0x00 0xcc 0x01 0x03 0x02 0x02 0x6d 0x00 0x6b 0x00 0x1f 0x85 0x9b 0x40 0x52 0xb8 0x3e 0x41 0x00 0x00 0x00 0x00 0x00 0x00 0x00 0x00 0x56 0x65 0x19 0x40 0x3d 0x0a 0x17 0x40 0xe8 0xc4 0x04 0x41 0xae 0xdd 0x31 0x41 0x00 0x00 0x00 0x3f 0x00 0x00 0x68 0x41 0xa8 0x01 0xe7 0x40 0x12 0x33 0xa4 0x40 0xde 0x10
[2026-07-07 14:57:50] Send self decision info: 0xa5 0x0e 0x00 0x00 0x37 0x01 0x03 0x21 0x01 0x6d 0x00 0x80 0x80 0x00 0x02 0x31 0x32 0x33 0x34 0x35 0x36 0x9d 0x8d
[2026-07-07 14:57:51] Send self decision info: 0xa5 0x0e 0x00 0x00 0x37 0x01 0x03 0x21 0x01 0x6d 0x00 0x80 0x80 0x00 0x02 0x31 0x32 0x33 0x34 0x35 0x36 0x9d 0x8d
[2026-07-07 14:57:51] Preparing to send all location info: [ 4.86, 11.92 ], [ 0.00, 0.00 ], [ 2.40, 2.36 ], [ 8.81, 11.43 ], [ 0.50, 14.50 ], [ 7.23, 5.11 ], [ 0.00, 0.00 ], [ 17.80, 10.78 ], [ 18.65, 12.42 ], [ 20.80, 11.08 ], [ 27.50, 0.50 ], [ 15.29, 11.85 ]
[2026-07-07 14:57:51] Generated sentinel field info: 0xa5 0x36 0x00 0x00 0xcc 0x01 0x03 0x02 0x02 0x6d 0x00 0x6b 0x00 0x1f 0x85 0x9b 0x40 0x52 0xb8 0x3e 0x41 0x00 0x00 0x00 0x00 0x00 0x00 0x00 0x00 0x56 0x65 0x19 0x40 0x3d 0x0a 0x17 0x40 0xfc 0x04 0x0d 0x41 0x04 0xd5 0x36 0x41 0x00 0x00 0x00 0x3f 0x00 0x00 0x68 0x41 0x04 0x5f 0xe7 0x40 0xe5 0x9c 0xa3 0x40 0x64 0xc2
[2026-07-07 14:57:51] Send self decision info: 0xa5 0x0e 0x00 0x00 0x37 0x01 0x03 0x21 0x01 0x6d 0x00 0x80 0x80 0x00 0x02 0x31 0x32 0x33 0x34 0x35 0x36 0x9d 0x8d
[2026-07-07 14:57:51] Send self decision info: 0xa5 0x0e 0x00 0x00 0x37 0x01 0x03 0x21 0x01 0x6d 0x00 0x80 0x80 0x00 0x02 0x31 0x32 0x33 0x34 0x35 0x36 0x9d 0x8d
[2026-07-07 14:57:51] Preparing to send all location info: [ 4.86, 11.92 ], [ 0.00, 0.00 ], [ 2.40, 2.36 ], [ 8.81, 11.43 ], [ 0.50, 14.50 ], [ 7.12, 5.13 ], [ 0.00, 0.00 ], [ 17.80, 10.78 ], [ 18.65, 12.42 ], [ 20.85, 11.35 ], [ 27.50, 0.50 ], [ 15.29, 11.85 ]
[2026-07-07 14:57:51] Generated sentinel field info: 0xa5 0x36 0x00 0x00 0xcc 0x01 0x03 0x02 0x02 0x6d 0x00 0x6b 0x00 0x1f 0x85 0x9b 0x40 0x52 0xb8 0x3e 0x41 0x00 0x00 0x00 0x00 0x00 0x00 0x00 0x00 0x56 0x65 0x19 0x40 0x3d 0x0a 0x17 0x40 0xfc 0x04 0x0d 0x41 0x04 0xd5 0x36 0x41 0x00 0x00 0x00 0x3f 0x00 0x00 0x68 0x41 0xb0 0xb9 0xe3 0x40 0x3a 0x07 0xa4 0x40 0x7f 0x3f
[2026-07-07 14:57:51] Send self decision info: 0xa5 0x0e 0x00 0x00 0x37 0x01 0x03 0x21 0x01 0x6d 0x00 0x80 0x80 0x00 0x02 0x31 0x32 0x33 0x34 0x35 0x36 0x9d 0x8d
[2026-07-07 14:57:51] Send self decision info: 0xa5 0x0e 0x00 0x00 0x37 0x01 0x03 0x21 0x01 0x6d 0x00 0x80 0x80 0x00 0x02 0x31 0x32 0x33 0x34 0x35 0x36 0x9d 0x8d
[2026-07-07 14:57:51] Preparing to send all location info: [ 4.86, 11.92 ], [ 0.00, 0.00 ], [ 2.40, 2.36 ], [ 8.81, 11.43 ], [ 0.50, 14.50 ], [ 7.25, 5.12 ], [ 21.45, 8.63 ], [ 17.80, 10.78 ], [ 18.65, 12.42 ], [ 20.85, 11.35 ], [ 27.50, 0.50 ], [ 15.29, 11.85 ]
[2026-07-07 14:57:51] Generated sentinel field info: 0xa5 0x36 0x00 0x00 0xcc 0x01 0x03 0x02 0x02 0x6d 0x00 0x6b 0x00 0x1f 0x85 0x9b 0x40 0x52 0xb8 0x3e 0x41 0x00 0x00 0x00 0x00 0x00 0x00 0x00 0x00 0x56 0x65 0x19 0x40 0x3d 0x0a 0x17 0x40 0xfc 0x04 0x0d 0x41 0x04 0xd5 0x36 0x41 0x00 0x00 0x00 0x3f 0x00 0x00 0x68 0x41 0xd8 0x0a 0xe8 0x40 0xd1 0xe6 0xa3 0x40 0x34 0x7e
[2026-07-07 14:57:52] Send self decision info: 0xa5 0x0e 0x00 0x00 0x37 0x01 0x03 0x21 0x01 0x6d 0x00 0x80 0x80 0x00 0x02 0x31 0x32 0x33 0x34 0x35 0x36 0x9d 0x8d
[2026-07-07 14:57:52] Generated sentinel field info: 0xa5 0x36 0x00 0x00 0xcc 0x01 0x03 0x02 0x02 0x6d 0x00 0x6b 0x00 0x1f 0x85 0x9b 0x40 0x52 0xb8 0x3e 0x41 0x00 0x00 0x00 0x00 0x00 0x00 0x00 0x00 0x56 0x65 0x19 0x40 0x3d 0x0a 0x17 0x40 0x56 0x65 0x19 0x40 0x3d 0x0a 0x17 0x40 0x00 0x00 0x00 0x3f 0x00 0x00 0x68 0x41 0x6c 0x78 0xe7 0x40 0x0e 0xd2 0xa4 0x40 0x28 0xbd
[2026-07-07 14:57:52] Send self decision info: 0xa5 0x0e 0x00 0x00 0x37 0x01 0x03 0x21 0x01 0x6d 0x00 0x80 0x80 0x00 0x02 0x31 0x32 0x33 0x34 0x35 0x36 0x9d 0x8d
[2026-07-07 14:57:52] Preparing to send all location info: [ 4.86, 11.92 ], [ 0.00, 0.00 ], [ 2.40, 2.36 ], [ 2.40, 2.36 ], [ 0.50, 14.50 ], [ 7.15, 5.12 ], [ 21.22, 8.67 ], [ 17.80, 10.78 ], [ 18.65, 12.42 ], [ 18.84, 12.26 ], [ 27.50, 0.50 ], [ 15.29, 11.85 ]
[2026-07-07 14:57:52] Generated sentinel field info: 0xa5 0x36 0x00 0x00 0xcc 0x01 0x03 0x02 0x02 0x6d 0x00 0x6b 0x00 0x1f 0x85 0x9b 0x40 0x52 0xb8 0x3e 0x41 0x00 0x00 0x00 0x00 0x00 0x00 0x00 0x00 0x56 0x65 0x19 0x40 0x3d 0x0a 0x17 0x40 0x56 0x65 0x19 0x40 0x3d 0x0a 0x17 0x40 0x00 0x00 0x00 0x3f 0x00 0x00 0x68 0x41 0x94 0xc6 0xe4 0x40 0x3b 0xb2 0xa3 0x40 0xe4 0x63
[2026-07-07 14:57:52] Send self decision info: 0xa5 0x0e 0x00 0x00 0x37 0x01 0x03 0x21 0x01 0x6d 0x00 0x80 0x80 0x00 0x02 0x31 0x32 0x33 0x34 0x35 0x36 0x9d 0x8d
[2026-07-07 14:57:52] Generated sentinel field info: 0xa5 0x36 0x00 0x00 0xcc 0x01 0x03 0x02 0x02 0x6d 0x00 0x6b 0x00 0x1f 0x85 0x9b 0x40 0x52 0xb8 0x3e 0x41 0x00 0x00 0x00 0x00 0x00 0x00 0x00 0x00 0x56 0x65 0x19 0x40 0x3d 0x0a 0x17 0x40 0x56 0x65 0x19 0x40 0x3d 0x0a 0x17 0x40 0x00 0x00 0x00 0x3f 0x00 0x00 0x68 0x41 0xd4 0x13 0xe7 0x40 0xd5 0x15 0xa4 0x40 0x0b 0xda
[2026-07-07 14:57:52] Send self decision info: 0xa5 0x0e 0x00 0x00 0x37 0x01 0x03 0x21 0x01 0x6d 0x00 0x80 0x80 0x00 0x02 0x31 0x32 0x33 0x34 0x35 0x36 0x9d 0x8d
[2026-07-07 14:57:52] Preparing to send all location info: [ 4.86, 11.92 ], [ 0.00, 0.00 ], [ 2.40, 2.36 ], [ 2.40, 2.36 ], [ 0.50, 14.50 ], [ 7.22, 5.13 ], [ 21.22, 8.67 ], [ 17.80, 10.78 ], [ 18.65, 12.42 ], [ 17.53, 12.46 ], [ 27.50, 0.50 ], [ 15.29, 11.85 ]
[2026-07-07 14:57:52] Generated sentinel field info: 0xa5 0x36 0x00 0x00 0xcc 0x01 0x03 0x02 0x02 0x6d 0x00 0x6b 0x00 0x1f 0x85 0x9b 0x40 0x52 0xb8 0x3e 0x41 0x00 0x00 0x00 0x00 0x00 0x00 0x00 0x00 0x56 0x65 0x19 0x40 0x3d 0x0a 0x17 0x40 0x56 0x65 0x19 0x40 0x3d 0x0a 0x17 0x40 0x00 0x00 0x00 0x3f 0x00 0x00 0x68 0x41 0x44 0xf0 0xe6 0x40 0x0d 0x4f 0xa4 0x40 0x75 0x29
[2026-07-07 14:57:52] Send self decision info: 0xa5 0x0e 0x00 0x00 0x37 0x01 0x03 0x21 0x01 0x6d 0x00 0x80 0x80 0x00 0x02 0x31 0x32 0x33 0x34 0x35 0x36 0x9d 0x8d
[2026-07-07 14:57:52] Generated sentinel field info: 0xa5 0x36 0x00 0x00 0xcc 0x01 0x03 0x02 0x02 0x6d 0x00 0x6b 0x00 0x1f 0x85 0x9b 0x40 0x52 0xb8 0x3e 0x41 0x00 0x00 0x00 0x00 0x00 0x00 0x00 0x00 0x56 0x65 0x19 0x40 0x3d 0x0a 0x17 0x40 0x56 0x65 0x19 0x40 0x3d 0x0a 0x17 0x40 0x00 0x00 0x00 0x3f 0x00 0x00 0x68 0x41 0xd8 0x8b 0xe4 0x40 0x0b 0x11 0xa4 0x40 0x77 0x35
[2026-07-07 14:57:53] Send self decision info: 0xa5 0x0e 0x00 0x00 0x37 0x01 0x03 0x21 0x01 0x6d 0x00 0x80 0x80 0x00 0x02 0x31 0x32 0x33 0x34 0x35 0x36 0x9d 0x8d
[2026-07-07 14:57:53] Preparing to send all location info: [ 4.86, 11.92 ], [ 0.00, 0.00 ], [ 2.40, 2.36 ], [ 2.40, 2.36 ], [ 0.50, 14.50 ], [ 7.19, 5.13 ], [ 21.22, 8.67 ], [ 17.80, 10.78 ], [ 18.65, 12.42 ], [ 16.24, 12.62 ], [ 27.50, 0.50 ], [ 15.29, 11.85 ]
[2026-07-07 14:57:53] Generated sentinel field info: 0xa5 0x36 0x00 0x00 0xcc 0x01 0x03 0x02 0x02 0x6d 0x00 0x6b 0x00 0x1f 0x85 0x9b 0x40 0x52 0xb8 0x3e 0x41 0x00 0x00 0x00 0x00 0x00 0x00 0x00 0x00 0x56 0x65 0x19 0x40 0x3d 0x0a 0x17 0x40 0x56 0x65 0x19 0x40 0x3d 0x0a 0x17 0x40 0x00 0x00 0x00 0x3f 0x00 0x00 0x68 0x41 0x50 0x27 0xe6 0x40 0xaf 0x34 0xa4 0x40 0x2c 0x65
[2026-07-07 14:57:53] Send self decision info: 0xa5 0x0e 0x00 0x00 0x37 0x01 0x03 0x21 0x01 0x6d 0x00 0x80 0x80 0x00 0x02 0x31 0x32 0x33 0x34 0x35 0x36 0x9d 0x8d
[2026-07-07 14:57:53] Generated sentinel field info: 0xa5 0x36 0x00 0x00 0xcc 0x01 0x03 0x02 0x02 0x6d 0x00 0x6b 0x00 0x1f 0x85 0x9b 0x40 0x52 0xb8 0x3e 0x41 0x00 0x00 0x00 0x00 0x00 0x00 0x00 0x00 0x56 0x65 0x19 0x40 0x3d 0x0a 0x17 0x40 0x56 0x65 0x19 0x40 0x3d 0x0a 0x17 0x40 0x00 0x00 0x00 0x3f 0x00 0x00 0x68 0x41 0xc8 0xb5 0xe4 0x40 0x58 0xcd 0xa3 0x40 0x1b 0xa9
[2026-07-07 14:57:53] Send self decision info: 0xa5 0x0e 0x00 0x00 0x37 0x01 0x03 0x21 0x01 0x6d 0x00 0x80 0x80 0x00 0x02 0x31 0x32 0x33 0x34 0x35 0x36 0x9d 0x8d
[2026-07-07 14:57:53] Preparing to send all location info: [ 4.86, 11.92 ], [ 0.00, 0.00 ], [ 2.40, 2.36 ], [ 2.40, 2.36 ], [ 0.50, 14.50 ], [ 7.19, 5.14 ], [ 21.22, 8.67 ], [ 17.80, 10.78 ], [ 18.65, 12.42 ], [ 16.02, 12.50 ], [ 27.50, 0.50 ], [ 15.29, 11.85 ]
[2026-07-07 14:57:53] Generated sentinel field info: 0xa5 0x36 0x00 0x00 0xcc 0x01 0x03 0x02 0x02 0x6d 0x00 0x6b 0x00 0x1f 0x85 0x9b 0x40 0x52 0xb8 0x3e 0x41 0x00 0x00 0x00 0x00 0x00 0x00 0x00 0x00 0x56 0x65 0x19 0x40 0x3d 0x0a 0x17 0x40 0x56 0x65 0x19 0x40 0x3d 0x0a 0x17 0x40 0x00 0x00 0x00 0x3f 0x00 0x00 0x68 0x41 0x44 0xf7 0xe5 0x40 0x10 0x82 0xa4 0x40 0xdb 0x5f
[2026-07-07 14:57:53] Send self decision info: 0xa5 0x0e 0x00 0x00 0x37 0x01 0x03 0x21 0x01 0x6d 0x00 0x80 0x80 0x00 0x02 0x31 0x32 0x33 0x34 0x35 0x36 0x9d 0x8d
[2026-07-07 14:57:53] Generated sentinel field info: 0xa5 0x36 0x00 0x00 0xcc 0x01 0x03 0x02 0x02 0x6d 0x00 0x6b 0x00 0x1f 0x85 0x9b 0x40 0x52 0xb8 0x3e 0x41 0x00 0x00 0x00 0x00 0x00 0x00 0x00 0x00 0x56 0x65 0x19 0x40 0x3d 0x0a 0x17 0x40 0x56 0x65 0x19 0x40 0x3d 0x0a 0x17 0x40 0x00 0x00 0x00 0x3f 0x00 0x00 0x68 0x41 0x34 0x55 0xe5 0x40 0xa2 0x29 0xa4 0x40 0x1c 0x7b
[2026-07-07 14:57:53] Send self decision info: 0xa5 0x0e 0x00 0x00 0x37 0x01 0x03 0x21 0x01 0x6d 0x00 0x80 0x80 0x00 0x02 0x31 0x32 0x33 0x34 0x35 0x36 0x9d 0x8d
[2026-07-07 14:57:53] Preparing to send all location info: [ 4.86, 11.92 ], [ 0.00, 0.00 ], [ 2.40, 2.36 ], [ 2.40, 2.36 ], [ 0.50, 14.50 ], [ 7.24, 5.13 ], [ 21.22, 8.67 ], [ 17.80, 10.78 ], [ 18.65, 12.42 ], [ 16.24, 12.30 ], [ 27.50, 0.50 ], [ 15.29, 11.85 ]
[2026-07-07 14:57:53] Generated sentinel field info: 0xa5 0x36 0x00 0x00 0xcc 0x01 0x03 0x02 0x02 0x6d 0x00 0x6b 0x00 0x1f 0x85 0x9b 0x40 0x52 0xb8 0x3e 0x41 0x00 0x00 0x00 0x00 0x00 0x00 0x00 0x00 0x56 0x65 0x19 0x40 0x3d 0x0a 0x17 0x40 0x56 0x65 0x19 0x40 0x3d 0x0a 0x17 0x40 0x00 0x00 0x00 0x3f 0x00 0x00 0x68 0x41 0x10 0xcd 0xe7 0x40 0x10 0x4a 0xa4 0x40 0x9f 0x8c
[2026-07-07 14:57:54] Send self decision info: 0xa5 0x0e 0x00 0x00 0x37 0x01 0x03 0x21 0x01 0x6d 0x00 0x80 0x80 0x00 0x02 0x31 0x32 0x33 0x34 0x35 0x36 0x9d 0x8d
[2026-07-07 14:57:54] Generated sentinel field info: 0xa5 0x36 0x00 0x00 0xcc 0x01 0x03 0x02 0x02 0x6d 0x00 0x6b 0x00 0x00 0x00 0x00 0x00 0xfe 0xee 0x0a 0x41 0x00 0x00 0x00 0x00 0x00 0x00 0x00 0x00 0x56 0x65 0x19 0x40 0x3d 0x0a 0x17 0x40 0x56 0x65 0x19 0x40 0x3d 0x0a 0x17 0x40 0x00 0x00 0x00 0x3f 0x00 0x00 0x68 0x41 0x24 0x48 0xe7 0x40 0x9c 0x1f 0xa5 0x40 0x6d 0x3d
[2026-07-07 14:57:54] Send self decision info: 0xa5 0x0e 0x00 0x00 0x37 0x01 0x03 0x21 0x01 0x6d 0x00 0x80 0x80 0x00 0x02 0x31 0x32 0x33 0x34 0x35 0x36 0x9d 0x8d
[2026-07-07 14:57:54] Preparing to send all location info: [ 0.26, 8.88 ], [ 0.00, 0.00 ], [ 2.40, 2.36 ], [ 2.40, 2.36 ], [ 0.50, 14.50 ], [ 7.16, 5.14 ], [ 21.22, 8.67 ], [ 17.80, 10.78 ], [ 18.65, 12.42 ], [ 16.12, 12.36 ], [ 27.50, 0.50 ], [ 15.29, 11.85 ]
[2026-07-07 14:57:54] Generated sentinel field info: 0xa5 0x36 0x00 0x00 0xcc 0x01 0x03 0x02 0x02 0x6d 0x00 0x6b 0x00 0x00 0xf9 0x82 0x3e 0xd2 0x00 0x0e 0x41 0x00 0x00 0x00 0x00 0x00 0x00 0x00 0x00 0x56 0x65 0x19 0x40 0x3d 0x0a 0x17 0x40 0x56 0x65 0x19 0x40 0x3d 0x0a 0x17 0x40 0x00 0x00 0x00 0x3f 0x00 0x00 0x68 0x41 0x8c 0x39 0xe5 0x40 0x40 0x56 0xa4 0x40 0xc1 0xa7
[2026-07-07 14:57:54] Send self decision info: 0xa5 0x0e 0x00 0x00 0x37 0x01 0x03 0x21 0x01 0x6d 0x00 0x80 0x80 0x00 0x02 0x31 0x32 0x33 0x34 0x35 0x36 0x9d 0x8d
[2026-07-07 14:57:54] Generated sentinel field info: 0xa5 0x36 0x00 0x00 0xcc 0x01 0x03 0x02 0x02 0x6d 0x00 0x6b 0x00 0x20 0xd6 0x0c 0x3f 0xa9 0x26 0x0e 0x41 0x00 0x00 0x00 0x00 0x00 0x00 0x00 0x00 0x56 0x65 0x19 0x40 0x3d 0x0a 0x17 0x40 0x56 0x65 0x19 0x40 0x3d 0x0a 0x17 0x40 0x00 0x00 0x00 0x3f 0x00 0x00 0x68 0x41 0xb4 0x9f 0xe7 0x40 0xf2 0x92 0xa4 0x40 0xa9 0xba
[2026-07-07 14:57:54] Send self decision info: 0xa5 0x0e 0x00 0x00 0x37 0x01 0x03 0x21 0x01 0x6d 0x00 0x80 0x80 0x00 0x02 0x31 0x32 0x33 0x34 0x35 0x36 0x9d 0x8d
[2026-07-07 14:57:54] Preparing to send all location info: [ 0.64, 8.87 ], [ 0.00, 0.00 ], [ 2.40, 2.36 ], [ 2.40, 2.36 ], [ 0.50, 14.50 ], [ 7.23, 5.16 ], [ 21.22, 8.67 ], [ 17.80, 10.78 ], [ 19.10, 8.01 ], [ 15.91, 12.55 ], [ 27.50, 0.50 ], [ 15.29, 11.85 ]
[2026-07-07 14:57:54] Generated sentinel field info: 0xa5 0x36 0x00 0x00 0xcc 0x01 0x03 0x02 0x02 0x6d 0x00 0x6b 0x00 0xe0 0x0c 0x24 0x3f 0xb9 0xf1 0x0d 0x41 0x00 0x00 0x00 0x00 0x00 0x00 0x00 0x00 0x56 0x65 0x19 0x40 0x3d 0x0a 0x17 0x40 0x56 0x65 0x19 0x40 0x3d 0x0a 0x17 0x40 0x00 0x00 0x00 0x3f 0x00 0x00 0x68 0x41 0xac 0x59 0xe7 0x40 0x72 0x03 0xa5 0x40 0x76 0xe6
[2026-07-07 14:57:54] Send self decision info: 0xa5 0x0e 0x00 0x00 0x37 0x01 0x03 0x21 0x01 0x6d 0x00 0x80 0x80 0x00 0x02 0x31 0x32 0x33 0x34 0x35 0x36 0x9d 0x8d
[2026-07-07 14:57:54] Generated sentinel field info: 0xa5 0x36 0x00 0x00 0xcc 0x01 0x03 0x02 0x02 0x6d 0x00 0x6b 0x00 0x20 0xea 0x19 0x3f 0x6a 0x3e 0x0f 0x41 0x00 0x00 0x00 0x00 0x00 0x00 0x00 0x00 0x56 0x65 0x19 0x40 0x3d 0x0a 0x17 0x40 0x56 0x65 0x19 0x40 0x3d 0x0a 0x17 0x40 0x00 0x00 0x00 0x3f 0x00 0x00 0x68 0x41 0xa0 0x01 0xe5 0x40 0x67 0xb0 0xa4 0x40 0xc5 0x57
[2026-07-07 14:57:55] Send self decision info: 0xa5 0x0e 0x00 0x00 0x37 0x01 0x03 0x21 0x01 0x6d 0x00 0x80 0x80 0x00 0x02 0x31 0x32 0x33 0x34 0x35 0x36 0x9d 0x8d
[2026-07-07 14:57:55] Preparing to send all location info: [ 0.42, 8.97 ], [ 0.00, 0.00 ], [ 2.40, 2.36 ], [ 2.40, 2.36 ], [ 0.50, 14.50 ], [ 7.19, 5.14 ], [ 19.22, 8.25 ], [ 17.80, 10.78 ], [ 19.22, 8.10 ], [ 15.73, 12.76 ], [ 27.50, 0.50 ], [ 15.29, 11.85 ]
[2026-07-07 14:57:55] Generated sentinel field info: 0xa5 0x36 0x00 0x00 0xcc 0x01 0x03 0x02 0x02 0x6d 0x00 0x6b 0x00 0x80 0x3f 0xd9 0x3e 0x07 0x8c 0x0f 0x41 0x00 0x00 0x00 0x00 0x00 0x00 0x00 0x00 0x56 0x65 0x19 0x40 0x3d 0x0a 0x17 0x40 0x56 0x65 0x19 0x40 0x3d 0x0a 0x17 0x40 0x00 0x00 0x00 0x3f 0x00 0x00 0x68 0x41 0xb4 0x10 0xe6 0x40 0x1d 0x59 0xa4 0x40 0x04 0x49
[2026-07-07 14:57:55] Send self decision info: 0xa5 0x0e 0x00 0x00 0x37 0x01 0x03 0x21 0x01 0x6d 0x00 0x80 0x80 0x00 0x02 0x31 0x32 0x33 0x34 0x35 0x36 0x9d 0x8d
[2026-07-07 14:57:55] Generated sentinel field info: 0xa5 0x36 0x00 0x00 0xcc 0x01 0x03 0x02 0x02 0x6d 0x00 0x6b 0x00 0x80 0xc1 0x97 0x3e 0x0f 0xa3 0x0c 0x41 0x00 0x00 0x00 0x00 0x00 0x00 0x00 0x00 0x56 0x65 0x19 0x40 0x3d 0x0a 0x17 0x40 0x56 0x65 0x19 0x40 0x3d 0x0a 0x17 0x40 0x00 0x00 0x00 0x3f 0x00 0x00 0x68 0x41 0x94 0x97 0xe7 0x40 0xfd 0x9f 0xa4 0x40 0x10 0x3b
[2026-07-07 14:57:55] Send self decision info: 0xa5 0x0e 0x00 0x00 0x37 0x01 0x03 0x21 0x01 0x6d 0x00 0x80 0x80 0x00 0x02 0x31 0x32 0x33 0x34 0x35 0x36 0x9d 0x8d
[2026-07-07 14:57:55] Preparing to send all location info: [ 0.17, 8.40 ], [ 0.00, 0.00 ], [ 2.40, 2.36 ], [ 2.40, 2.36 ], [ 0.50, 14.50 ], [ 7.16, 5.14 ], [ 19.00, 8.41 ], [ 15.59, 12.85 ], [ 19.22, 8.10 ], [ 15.65, 12.88 ], [ 27.50, 0.50 ], [ 15.29, 11.85 ]
[2026-07-07 14:57:55] Generated sentinel field info: 0xa5 0x36 0x00 0x00 0xcc 0x01 0x03 0x02 0x02 0x6d 0x00 0x6b 0x00 0x00 0x31 0x2e 0x3e 0x29 0x65 0x06 0x41 0x00 0x00 0x00 0x00 0x00 0x00 0x00 0x00 0x56 0x65 0x19 0x40 0x3d 0x0a 0x17 0x40 0x56 0x65 0x19 0x40 0x3d 0x0a 0x17 0x40 0x00 0x00 0x00 0x3f 0x00 0x00 0x68 0x41 0x3c 0x1d 0xe5 0x40 0xe6 0x83 0xa4 0x40 0x72 0x9d
[2026-07-07 14:57:55] Send self decision info: 0xa5 0x0e 0x00 0x00 0x37 0x01 0x03 0x21 0x01 0x6d 0x00 0x80 0x80 0x00 0x02 0x31 0x32 0x33 0x34 0x35 0x36 0x9d 0x8d
[2026-07-07 14:57:55] Generated sentinel field info: 0xa5 0x36 0x00 0x00 0xcc 0x01 0x03 0x02 0x02 0x6d 0x00 0x6b 0x00 0x00 0x12 0xa0 0x3e 0xfe 0x5e 0xfd 0x40 0x00 0x00 0x00 0x00 0x00 0x00 0x00 0x00 0x56 0x65 0x19 0x40 0x3d 0x0a 0x17 0x40 0x56 0x65 0x19 0x40 0x3d 0x0a 0x17 0x40 0x00 0x00 0x00 0x3f 0x00 0x00 0x68 0x41 0xa0 0xab 0xe5 0x40 0xe2 0xfb 0xa4 0x40 0x8b 0xba
[2026-07-07 14:57:55] Send self decision info: 0xa5 0x0e 0x00 0x00 0x37 0x01 0x03 0x21 0x01 0x6d 0x00 0x80 0x80 0x00 0x02 0x31 0x32 0x33 0x34 0x35 0x36 0x9d 0x8d
[2026-07-07 14:57:55] Preparing to send all location info: [ 0.51, 7.46 ], [ 0.00, 0.00 ], [ 2.40, 2.36 ], [ 2.40, 2.36 ], [ 0.50, 14.50 ], [ 7.21, 5.14 ], [ 19.00, 8.41 ], [ 15.59, 12.85 ], [ 19.22, 8.10 ], [ 15.33, 12.59 ], [ 27.50, 0.50 ], [ 15.29, 11.85 ]
[2026-07-07 14:57:55] Generated sentinel field info: 0xa5 0x36 0x00 0x00 0xcc 0x01 0x03 0x02 0x02 0x6d 0x00 0x6b 0x00 0xc0 0x83 0x02 0x3f 0xe0 0x9a 0xee 0x40 0x00 0x00 0x00 0x00 0x00 0x00 0x00 0x00 0x56 0x65 0x19 0x40 0x3d 0x0a 0x17 0x40 0x56 0x65 0x19 0x40 0x3d 0x0a 0x17 0x40 0x00 0x00 0x00 0x3f 0x00 0x00 0x68 0x41 0x60 0xd2 0xe6 0x40 0x21 0x7f 0xa4 0x40 0x65 0xad
[2026-07-07 14:57:56] Send self decision info: 0xa5 0x0e 0x00 0x00 0x37 0x01 0x03 0x21 0x01 0x6d 0x00 0x80 0x80 0x00 0x02 0x31 0x32 0x33 0x34 0x35 0x36 0x9d 0x8d
[2026-07-07 14:57:56] Generated sentinel field info: 0xa5 0x36 0x00 0x00 0xcc 0x01 0x03 0x02 0x02 0x6d 0x00 0x6b 0x00 0xc0 0xa2 0x30 0x3f 0xda 0x24 0xe2 0x40 0x00 0x00 0x00 0x00 0x00 0x00 0x00 0x00 0x56 0x65 0x19 0x40 0x3d 0x0a 0x17 0x40 0x56 0x65 0x19 0x40 0x3d 0x0a 0x17 0x40 0x00 0x00 0x00 0x3f 0x00 0x00 0x68 0x41 0x2c 0x20 0xe5 0x40 0x28 0x7f 0xa4 0x40 0x52 0xf1
[2026-07-07 14:57:56] Send self decision info: 0xa5 0x0e 0x00 0x00 0x37 0x01 0x03 0x21 0x01 0x6d 0x00 0x80 0x80 0x00 0x02 0x31 0x32 0x33 0x34 0x35 0x36 0x9d 0x8d
[2026-07-07 14:57:56] Preparing to send all location info: [ 0.89, 6.48 ], [ 0.00, 0.00 ], [ 2.40, 2.36 ], [ 2.40, 2.36 ], [ 0.50, 14.50 ], [ 7.13, 5.15 ], [ 19.00, 8.41 ], [ 15.59, 12.85 ], [ 19.22, 8.10 ], [ 14.78, 12.06 ], [ 27.50, 0.50 ], [ 15.29, 11.85 ]
[2026-07-07 14:57:56] Generated sentinel field info: 0xa5 0x36 0x00 0x00 0xcc 0x01 0x03 0x02 0x02 0x6d 0x00 0x6b 0x00 0xc0 0x07 0x65 0x3f 0xb8 0x4b 0xcf 0x40 0x00 0x00 0x00 0x00 0x00 0x00 0x00 0x00 0x56 0x65 0x19 0x40 0x3d 0x0a 0x17 0x40 0x56 0x65 0x19 0x40 0x3d 0x0a 0x17 0x40 0x00 0x00 0x00 0x3f 0x00 0x00 0x68 0x41 0x80 0x13 0xe4 0x40 0x53 0xd3 0xa4 0x40 0x46 0x1c
[2026-07-07 14:57:56] Send self decision info: 0xa5 0x0e 0x00 0x00 0x37 0x01 0x03 0x21 0x01 0x6d 0x00 0x80 0x80 0x00 0x02 0x31 0x32 0x33 0x34 0x35 0x36 0x9d 0x8d
[2026-07-07 14:57:56] Generated sentinel field info: 0xa5 0x36 0x00 0x00 0xcc 0x01 0x03 0x02 0x02 0x6d 0x00 0x6b 0x00 0x90 0x28 0x9f 0x3f 0xf8 0xca 0xc7 0x40 0x00 0x00 0x00 0x00 0x00 0x00 0x00 0x00 0x56 0x65 0x19 0x40 0x3d 0x0a 0x17 0x40 0x56 0x65 0x19 0x40 0x3d 0x0a 0x17 0x40 0x00 0x00 0x00 0x3f 0x00 0x00 0x68 0x41 0x6c 0xea 0xe6 0x40 0x71 0x58 0xa4 0x40 0xb5 0x63
[2026-07-07 14:57:56] Send self decision info: 0xa5 0x0e 0x00 0x00 0x37 0x01 0x03 0x21 0x01 0x6d 0x00 0x80 0x80 0x00 0x02 0x31 0x32 0x33 0x34 0x35 0x36 0x9d 0x8d
[2026-07-07 14:57:56] Preparing to send all location info: [ 1.36, 6.32 ], [ 0.00, 0.00 ], [ 8.62, 13.23 ], [ 2.40, 2.36 ], [ 0.50, 14.50 ], [ 7.20, 5.16 ], [ 19.00, 8.41 ], [ 15.59, 12.85 ], [ 19.22, 8.10 ], [ 15.05, 11.39 ], [ 27.50, 0.50 ], [ 15.29, 11.85 ]
[2026-07-07 14:57:56] Generated sentinel field info: 0xa5 0x36 0x00 0x00 0xcc 0x01 0x03 0x02 0x02 0x6d 0x00 0x6b 0x00 0xf0 0x5f 0xae 0x3f 0x0a 0x66 0xca 0x40 0x00 0x00 0x00 0x00 0x00 0x00 0x00 0x00 0xf6 0xf4 0x09 0x41 0xf3 0xaf 0x53 0x41 0x56 0x65 0x19 0x40 0x3d 0x0a 0x17 0x40 0x00 0x00 0x00 0x3f 0x00 0x00 0x68 0x41 0x44 0x67 0xe6 0x40 0x6a 0x2b 0xa5 0x40 0xdd 0x9e
[2026-07-07 14:57:56] Send self decision info: 0xa5 0x0e 0x00 0x00 0x37 0x01 0x03 0x21 0x01 0x6d 0x00 0x80 0x80 0x00 0x02 0x31 0x32 0x33 0x34 0x35 0x36 0x9d 0x8d
[2026-07-07 14:57:56] Generated sentinel field info: 0xa5 0x36 0x00 0x00 0xcc 0x01 0x03 0x02 0x02 0x6d 0x00 0x6b 0x00 0x10 0x71 0xb5 0x3f 0x46 0x2d 0xd0 0x40 0x00 0x00 0x00 0x00 0x00 0x00 0x00 0x00 0x14 0x04 0x0c 0x41 0xb8 0x64 0x54 0x41 0x56 0x65 0x19 0x40 0x3d 0x0a 0x17 0x40 0x00 0x00 0x00 0x3f 0x00 0x00 0x68 0x41 0xfc 0x12 0xe7 0x40 0x03 0x75 0xa5 0x40 0xc5 0xa8
[2026-07-07 14:57:57] Send self decision info: 0xa5 0x0e 0x00 0x00 0x37 0x01 0x03 0x21 0x01 0x6d 0x00 0x80 0x80 0x00 0x02 0x31 0x32 0x33 0x34 0x35 0x36 0x9d 0x8d
[2026-07-07 14:57:57] Preparing to send all location info: [ 1.42, 6.51 ], [ 0.00, 0.00 ], [ 8.78, 13.28 ], [ 8.81, 13.29 ], [ 0.50, 14.50 ], [ 7.13, 5.15 ], [ 19.61, 7.89 ], [ 15.59, 12.85 ], [ 19.22, 8.10 ], [ 15.59, 10.30 ], [ 27.50, 0.50 ], [ 15.29, 11.85 ]
[2026-07-07 14:57:57] Generated sentinel field info: 0xa5 0x36 0x00 0x00 0xcc 0x01 0x03 0x02 0x02 0x6d 0x00 0x6b 0x00 0x10 0x71 0xb5 0x3f 0x46 0x2d 0xd0 0x40 0x00 0x00 0x00 0x00 0x00 0x00 0x00 0x00 0xa0 0x7c 0x0c 0x41 0x20 0x78 0x54 0x41 0x0c 0xec 0x0c 0x41 0x5f 0x96 0x54 0x41 0x00 0x00 0x00 0x3f 0x00 0x00 0x68 0x41 0x30 0x08 0xe4 0x40 0x99 0xe5 0xa4 0x40 0xc0 0x04
[2026-07-07 14:57:57] Send self decision info: 0xa5 0x0e 0x00 0x00 0x37 0x01 0x03 0x21 0x01 0x6d 0x00 0x80 0x80 0x00 0x02 0x31 0x32 0x33 0x34 0x35 0x36 0x9d 0x8d
[2026-07-07 14:57:57] Send self decision info: 0xa5 0x0e 0x00 0x00 0x37 0x01 0x03 0x21 0x01 0x6d 0x00 0x80 0x80 0x00 0x02 0x31 0x32 0x33 0x34 0x35 0x36 0x9d 0x8d
[2026-07-07 14:57:57] Preparing to send all location info: [ 1.42, 6.51 ], [ 0.00, 0.00 ], [ 8.78, 13.28 ], [ 8.64, 13.21 ], [ 0.50, 14.50 ], [ 7.17, 5.16 ], [ 19.67, 8.03 ], [ 15.59, 12.85 ], [ 19.22, 8.10 ], [ 16.54, 9.16 ], [ 27.50, 0.50 ], [ 15.29, 11.85 ]
[2026-07-07 14:57:57] Generated sentinel field info: 0xa5 0x36 0x00 0x00 0xcc 0x01 0x03 0x02 0x02 0x6d 0x00 0x6b 0x00 0x10 0x71 0xb5 0x3f 0x46 0x2d 0xd0 0x40 0x00 0x00 0x00 0x00 0x00 0x00 0x00 0x00 0xa0 0x7c 0x0c 0x41 0x20 0x78 0x54 0x41 0x78 0x3c 0x0a 0x41 0x8a 0x5c 0x53 0x41 0x00 0x00 0x00 0x3f 0x00 0x00 0x68 0x41 0x64 0x89 0xe5 0x40 0x07 0x33 0xa5 0x40 0x12 0xf1
[2026-07-07 14:57:57] Send self decision info: 0xa5 0x0e 0x00 0x00 0x37 0x01 0x03 0x21 0x01 0x6d 0x00 0x80 0x80 0x00 0x02 0x31 0x32 0x33 0x34 0x35 0x36 0x9d 0x8d
[2026-07-07 14:57:57] Generated sentinel field info: 0xa5 0x36 0x00 0x00 0xcc 0x01 0x03 0x02 0x02 0x6d 0x00 0x6b 0x00 0x10 0x71 0xb5 0x3f 0x46 0x2d 0xd0 0x40 0x00 0x00 0x00 0x00 0x00 0x00 0x00 0x00 0xa0 0x7c 0x0c 0x41 0x20 0x78 0x54 0x41 0x14 0x44 0x09 0x41 0x35 0xa3 0x52 0x41 0x00 0x00 0x00 0x3f 0x00 0x00 0x68 0x41 0xd4 0xaa 0xe5 0x40 0x29 0xfd 0xa4 0x40 0x5d 0xdb
[2026-07-07 14:57:57] Send self decision info: 0xa5 0x0e 0x00 0x00 0x37 0x01 0x03 0x21 0x01 0x6d 0x00 0x80 0x80 0x00 0x02 0x31 0x32 0x33 0x34 0x35 0x36 0x9d 0x8d
[2026-07-07 14:57:57] Preparing to send all location info: [ 4.86, 11.92 ], [ 0.00, 0.00 ], [ 8.78, 13.28 ], [ 8.58, 13.16 ], [ 0.50, 14.50 ], [ 7.17, 5.17 ], [ 19.24, 8.54 ], [ 15.59, 12.85 ], [ 19.22, 8.10 ], [ 16.54, 9.16 ], [ 27.50, 0.50 ], [ 15.29, 11.85 ]
[2026-07-07 14:57:57] Generated sentinel field info: 0xa5 0x36 0x00 0x00 0xcc 0x01 0x03 0x02 0x02 0x6d 0x00 0x6b 0x00 0x1f 0x85 0x9b 0x40 0x52 0xb8 0x3e 0x41 0x00 0x00 0x00 0x00 0x00 0x00 0x00 0x00 0xa0 0x7c 0x0c 0x41 0x20 0x78 0x54 0x41 0x14 0x44 0x09 0x41 0x35 0xa3 0x52 0x41 0x00 0x00 0x00 0x3f 0x00 0x00 0x68 0x41 0x10 0x7b 0xe5 0x40 0x17 0x4a 0xa5 0x40 0xd5 0xcc
[2026-07-07 14:57:58] Send self decision info: 0xa5 0x0e 0x00 0x00 0x37 0x01 0x03 0x21 0x01 0x6d 0x00 0x80 0x80 0x00 0x02 0x31 0x32 0x33 0x34 0x35 0x36 0x9d 0x8d
[2026-07-07 14:57:58] Generated sentinel field info: 0xa5 0x36 0x00 0x00 0xcc 0x01 0x03 0x02 0x02 0x6d 0x00 0x6b 0x00 0x1f 0x85 0x9b 0x40 0x52 0xb8 0x3e 0x41 0x00 0x00 0x00 0x00 0x00 0x00 0x00 0x00 0x56 0x65 0x19 0x40 0x3d 0x0a 0x17 0x40 0x14 0x44 0x09 0x41 0x35 0xa3 0x52 0x41 0x00 0x00 0x00 0x3f 0x00 0x00 0x68 0x41 0xc0 0x83 0xe6 0x40 0x97 0xfd 0xa4 0x40 0x42 0x6f
[2026-07-07 14:57:58] Send self decision info: 0xa5 0x0e 0x00 0x00 0x37 0x01 0x03 0x21 0x01 0x6d 0x00 0x80 0x80 0x00 0x02 0x31 0x32 0x33 0x34 0x35 0x36 0x9d 0x8d
[2026-07-07 14:57:58] Preparing to send all location info: [ 4.86, 11.92 ], [ 0.00, 0.00 ], [ 2.40, 2.36 ], [ 8.58, 13.16 ], [ 0.50, 14.50 ], [ 7.20, 5.17 ], [ 19.26, 8.58 ], [ 18.60, 6.58 ], [ 19.22, 8.10 ], [ 16.54, 9.16 ], [ 27.50, 0.50 ], [ 15.29, 11.85 ]
[2026-07-07 14:57:58] Generated sentinel field info: 0xa5 0x36 0x00 0x00 0xcc 0x01 0x03 0x02 0x02 0x6d 0x00 0x6b 0x00 0x1f 0x85 0x9b 0x40 0x52 0xb8 0x3e 0x41 0x00 0x00 0x00 0x00 0x00 0x00 0x00 0x00 0x56 0x65 0x19 0x40 0x3d 0x0a 0x17 0x40 0x14 0x44 0x09 0x41 0x35 0xa3 0x52 0x41 0x00 0x00 0x00 0x3f 0x00 0x00 0x68 0x41 0xdc 0x3f 0xe6 0x40 0xc9 0x6a 0xa5 0x40 0x65 0x89
[2026-07-07 14:57:58] Send self decision info: 0xa5 0x0e 0x00 0x00 0x37 0x01 0x03 0x21 0x01 0x6d 0x00 0x80 0x80 0x00 0x02 0x31 0x32 0x33 0x34 0x35 0x36 0x9d 0x8d
[2026-07-07 14:57:58] Generated sentinel field info: 0xa5 0x36 0x00 0x00 0xcc 0x01 0x03 0x02 0x02 0x6d 0x00 0x6b 0x00 0x1f 0x85 0x9b 0x40 0x52 0xb8 0x3e 0x41 0x00 0x00 0x00 0x00 0x00 0x00 0x00 0x00 0x56 0x65 0x19 0x40 0x3d 0x0a 0x17 0x40 0x14 0x44 0x09 0x41 0x35 0xa3 0x52 0x41 0x00 0x00 0x00 0x3f 0x00 0x00 0x68 0x41 0xa4 0x08 0xe5 0x40 0x15 0xa5 0xa4 0x40 0x46 0x07
[2026-07-07 14:57:58] Send self decision info: 0xa5 0x0e 0x00 0x00 0x37 0x01 0x03 0x21 0x01 0x6d 0x00 0x80 0x80 0x00 0x02 0x31 0x32 0x33 0x34 0x35 0x36 0x9d 0x8d
[2026-07-07 14:57:58] Preparing to send all location info: [ 4.86, 11.92 ], [ 0.00, 0.00 ], [ 2.40, 2.36 ], [ 2.40, 2.36 ], [ 0.50, 14.50 ], [ 7.18, 5.19 ], [ 19.26, 8.58 ], [ 19.42, 9.87 ], [ 18.53, 6.49 ], [ 16.54, 9.16 ], [ 27.50, 0.50 ], [ 15.29, 11.85 ]
[2026-07-07 14:57:58] Generated sentinel field info: 0xa5 0x36 0x00 0x00 0xcc 0x01 0x03 0x02 0x02 0x6d 0x00 0x6b 0x00 0x1f 0x85 0x9b 0x40 0x52 0xb8 0x3e 0x41 0x00 0x00 0x00 0x00 0x00 0x00 0x00 0x00 0x56 0x65 0x19 0x40 0x3d 0x0a 0x17 0x40 0x56 0x65 0x19 0x40 0x3d 0x0a 0x17 0x40 0x00 0x00 0x00 0x3f 0x00 0x00 0x68 0x41 0x5c 0xea 0xe5 0x40 0x55 0xf4 0xa5 0x40 0xa0 0x85
[2026-07-07 14:57:58] Send self decision info: 0xa5 0x0e 0x00 0x00 0x37 0x01 0x03 0x21 0x01 0x6d 0x00 0x80 0x80 0x00 0x02 0x31 0x32 0x33 0x34 0x35 0x36 0x9d 0x8d
[2026-07-07 14:57:58] Generated sentinel field info: 0xa5 0x36 0x00 0x00 0xcc 0x01 0x03 0x02 0x02 0x6d 0x00 0x6b 0x00 0x1f 0x85 0x9b 0x40 0x52 0xb8 0x3e 0x41 0x00 0x00 0x00 0x00 0x00 0x00 0x00 0x00 0x56 0x65 0x19 0x40 0x3d 0x0a 0x17 0x40 0x56 0x65 0x19 0x40 0x3d 0x0a 0x17 0x40 0x00 0x00 0x00 0x3f 0x00 0x00 0x68 0x41 0x98 0x7a 0xe5 0x40 0xdc 0x4a 0xa5 0x40 0xed 0x40
[2026-07-07 14:57:59] Send self decision info: 0xa5 0x0e 0x00 0x00 0x37 0x01 0x03 0x21 0x01 0x6d 0x00 0x80 0x80 0x00 0x02 0x31 0x32 0x33 0x34 0x35 0x36 0x9d 0x8d
[2026-07-07 14:57:59] Preparing to send all location info: [ 4.86, 11.92 ], [ 0.00, 0.00 ], [ 2.40, 2.36 ], [ 2.40, 2.36 ], [ 0.50, 14.50 ], [ 7.19, 5.18 ], [ 19.26, 8.58 ], [ 19.05, 10.09 ], [ 18.34, 6.74 ], [ 16.54, 9.16 ], [ 27.50, 0.50 ], [ 15.29, 11.85 ]
[2026-07-07 14:57:59] Generated sentinel field info: 0xa5 0x36 0x00 0x00 0xcc 0x01 0x03 0x02 0x02 0x6d 0x00 0x6b 0x00 0x1f 0x85 0x9b 0x40 0x52 0xb8 0x3e 0x41 0x00 0x00 0x00 0x00 0x00 0x00 0x00 0x00 0x56 0x65 0x19 0x40 0x3d 0x0a 0x17 0x40 0x56 0x65 0x19 0x40 0x3d 0x0a 0x17 0x40 0x00 0x00 0x00 0x3f 0x00 0x00 0x68 0x41 0xdc 0xfc 0xe5 0x40 0x91 0xd6 0xa5 0x40 0xf0 0x5c
[2026-07-07 14:57:59] Send self decision info: 0xa5 0x0e 0x00 0x00 0x37 0x01 0x03 0x21 0x01 0x6d 0x00 0x80 0x80 0x00 0x02 0x31 0x32 0x33 0x34 0x35 0x36 0x9d 0x8d
[2026-07-07 14:57:59] Send self decision info: 0xa5 0x0e 0x00 0x00 0x37 0x01 0x03 0x21 0x01 0x6d 0x00 0x80 0x80 0x00 0x02 0x31 0x32 0x33 0x34 0x35 0x36 0x9d 0x8d
[2026-07-07 14:57:59] Preparing to send all location info: [ 4.86, 11.92 ], [ 0.00, 0.00 ], [ 2.40, 2.36 ], [ 2.40, 2.36 ], [ 0.50, 14.50 ], [ 7.19, 5.18 ], [ 19.26, 8.58 ], [ 18.89, 10.39 ], [ 18.67, 6.93 ], [ 16.54, 9.16 ], [ 27.50, 0.50 ], [ 15.29, 11.85 ]
[2026-07-07 14:57:59] Generated sentinel field info: 0xa5 0x36 0x00 0x00 0xcc 0x01 0x03 0x02 0x02 0x6d 0x00 0x6b 0x00 0x1f 0x85 0x9b 0x40 0x52 0xb8 0x3e 0x41 0x00 0x00 0x00 0x00 0x00 0x00 0x00 0x00 0x56 0x65 0x19 0x40 0x3d 0x0a 0x17 0x40 0x56 0x65 0x19 0x40 0x3d 0x0a 0x17 0x40 0x00 0x00 0x00 0x3f 0x00 0x00 0x68 0x41 0x50 0xf9 0xe5 0x40 0x47 0xdc 0xa5 0x40 0x4b 0x9c
[2026-07-07 14:57:59] Send self decision info: 0xa5 0x0e 0x00 0x00 0x37 0x01 0x03 0x21 0x01 0x6d 0x00 0x80 0x80 0x00 0x02 0x31 0x32 0x33 0x34 0x35 0x36 0x9d 0x8d
[2026-07-07 14:57:59] Generated sentinel field info: 0xa5 0x36 0x00 0x00 0xcc 0x01 0x03 0x02 0x02 0x6d 0x00 0x6b 0x00 0x00 0x00 0x00 0x00 0x32 0x9c 0x10 0x41 0x00 0x00 0x00 0x00 0x00 0x00 0x00 0x00 0x56 0x65 0x19 0x40 0x3d 0x0a 0x17 0x40 0x56 0x65 0x19 0x40 0x3d 0x0a 0x17 0x40 0x00 0x00 0x00 0x3f 0x00 0x00 0x68 0x41 0xf4 0x49 0xe6 0x40 0x93 0x5a 0xa5 0x40 0xd5 0x60
[2026-07-07 14:57:59] Send self decision info: 0xa5 0x0e 0x00 0x00 0x37 0x01 0x03 0x21 0x01 0x6d 0x00 0x80 0x80 0x00 0x02 0x31 0x32 0x33 0x34 0x35 0x36 0x9d 0x8d
[2026-07-07 14:57:59] Preparing to send all location info: [ 0.47, 9.03 ], [ 0.00, 0.00 ], [ 2.40, 2.36 ], [ 8.37, 13.03 ], [ 0.50, 14.50 ], [ 7.19, 5.18 ], [ 19.26, 8.58 ], [ 18.70, 10.61 ], [ 18.67, 6.93 ], [ 16.54, 9.16 ], [ 27.50, 0.50 ], [ 15.29, 11.85 ]
[2026-07-07 14:57:59] Generated sentinel field info: 0xa5 0x36 0x00 0x00 0xcc 0x01 0x03 0x02 0x02 0x6d 0x00 0x6b 0x00 0xc0 0x1d 0xee 0x3e 0x1c 0x68 0x10 0x41 0x00 0x00 0x00 0x00 0x00 0x00 0x00 0x00 0x56 0x65 0x19 0x40 0x3d 0x0a 0x17 0x40 0x4a 0xdc 0x05 0x41 0xe0 0x78 0x50 0x41 0x00 0x00 0x00 0x3f 0x00 0x00 0x68 0x41 0x94 0xf1 0xe5 0x40 0xb9 0xe8 0xa5 0x40 0x34 0xde
[2026-07-07 14:58:00] Send self decision info: 0xa5 0x0e 0x00 0x00 0x37 0x01 0x03 0x21 0x01 0x6d 0x00 0x80 0x80 0x00 0x02 0x31 0x32 0x33 0x34 0x35 0x36 0x9d 0x8d
[2026-07-07 14:58:00] Generated sentinel field info: 0xa5 0x36 0x00 0x00 0xcc 0x01 0x03 0x02 0x02 0x6d 0x00 0x6b 0x00 0xc0 0x8d 0xf1 0x3f 0x52 0x53 0x14 0x41 0x00 0x00 0x00 0x00 0x00 0x00 0x00 0x00 0x56 0x65 0x19 0x40 0x3d 0x0a 0x17 0x40 0xfa 0xee 0x06 0x41 0x9e 0x0d 0x51 0x41 0x00 0x00 0x00 0x3f 0x00 0x00 0x68 0x41 0xc0 0x64 0xe5 0x40 0x07 0x6e 0xa5 0x40 0x88 0x20
[2026-07-07 14:58:00] Send self decision info: 0xa5 0x0e 0x00 0x00 0x37 0x01 0x03 0x21 0x01 0x6d 0x00 0x80 0x80 0x00 0x02 0x31 0x32 0x33 0x34 0x35 0x36 0x9d 0x8d
[2026-07-07 14:58:00] Preparing to send all location info: [ 2.63, 9.38 ], [ 0.00, 0.00 ], [ 2.40, 2.36 ], [ 8.59, 13.08 ], [ 0.50, 14.50 ], [ 7.21, 5.19 ], [ 19.26, 8.58 ], [ 18.72, 10.64 ], [ 18.67, 6.93 ], [ 17.82, 8.08 ], [ 27.50, 0.50 ], [ 15.29, 11.85 ]
[2026-07-07 14:58:00] Generated sentinel field info: 0xa5 0x36 0x00 0x00 0xcc 0x01 0x03 0x02 0x02 0x6d 0x00 0x6b 0x00 0x08 0x3e 0x28 0x40 0xfb 0x04 0x16 0x41 0x00 0x00 0x00 0x00 0x00 0x00 0x00 0x00 0x56 0x65 0x19 0x40 0x3d 0x0a 0x17 0x40 0x8c 0x6d 0x09 0x41 0x4b 0x35 0x51 0x41 0x00 0x00 0x00 0x3f 0x00 0x00 0x68 0x41 0x7c 0xbb 0xe6 0x40 0x98 0x01 0xa6 0x40 0x9b 0x30
[2026-07-07 14:58:00] Send self decision info: 0xa5 0x0e 0x00 0x00 0x37 0x01 0x03 0x21 0x01 0x6d 0x00 0x80 0x80 0x00 0x02 0x31 0x32 0x33 0x34 0x35 0x36 0x9d 0x8d
[2026-07-07 14:58:00] Generated sentinel field info: 0xa5 0x36 0x00 0x00 0xcc 0x01 0x03 0x02 0x02 0x6d 0x00 0x6b 0x00 0x20 0xea 0x45 0x40 0x4a 0xa6 0x15 0x41 0x00 0x00 0x00 0x00 0x00 0x00 0x00 0x00 0x56 0x65 0x19 0x40 0x3d 0x0a 0x17 0x40 0x6c 0x84 0x10 0x41 0x02 0xd1 0x54 0x41 0x00 0x00 0x00 0x3f 0x00 0x00 0x68 0x41 0xb8 0x30 0xe5 0x40 0xd5 0xc1 0xa5 0x40 0x75 0xbc
[2026-07-07 14:58:00] Send self decision info: 0xa5 0x0e 0x00 0x00 0x37 0x01 0x03 0x21 0x01 0x6d 0x00 0x80 0x80 0x00 0x02 0x31 0x32 0x33 0x34 0x35 0x36 0x9d 0x8d
[2026-07-07 14:58:00] Preparing to send all location info: [ 3.85, 9.15 ], [ 0.00, 0.00 ], [ 2.40, 2.36 ], [ 9.03, 13.30 ], [ 0.50, 14.50 ], [ 7.18, 5.19 ], [ 19.26, 8.58 ], [ 18.72, 10.64 ], [ 18.67, 6.93 ], [ 17.82, 8.08 ], [ 27.50, 0.50 ], [ 15.29, 11.85 ]
[2026-07-07 14:58:00] Generated sentinel field info: 0xa5 0x36 0x00 0x00 0xcc 0x01 0x03 0x02 0x02 0x6d 0x00 0x6b 0x00 0x28 0x9c 0x76 0x40 0xdd 0x6e 0x12 0x41 0x00 0x00 0x00 0x00 0x00 0x00 0x00 0x00 0x56 0x65 0x19 0x40 0x3d 0x0a 0x17 0x40 0x6c 0x84 0x10 0x41 0x02 0xd1 0x54 0x41 0x00 0x00 0x00 0x3f 0x00 0x00 0x68 0x41 0x98 0xdb 0xe5 0x40 0x11 0x0c 0xa6 0x40 0x61 0x75
[2026-07-07 14:58:00] Send self decision info: 0xa5 0x0e 0x00 0x00 0x37 0x01 0x03 0x21 0x01 0x6d 0x00 0x80 0x80 0x00 0x02 0x31 0x32 0x33 0x34 0x35 0x36 0x9d 0x8d
[2026-07-07 14:58:00] Generated sentinel field info: 0xa5 0x36 0x00 0x00 0xcc 0x01 0x03 0x02 0x02 0x6d 0x00 0x6b 0x00 0x60 0xd0 0x8e 0x40 0x90 0xfd 0x0c 0x41 0x00 0x00 0x00 0x00 0x00 0x00 0x00 0x00 0x56 0x65 0x19 0x40 0x3d 0x0a 0x17 0x40 0x6c 0x84 0x10 0x41 0x02 0xd1 0x54 0x41 0x00 0x00 0x00 0x3f 0x00 0x00 0x68 0x41 0x10 0x32 0xe5 0x40 0xa8 0xbf 0xa5 0x40 0x2d 0xda
[2026-07-07 14:58:01] Send self decision info: 0xa5 0x0e 0x00 0x00 0x37 0x01 0x03 0x21 0x01 0x6d 0x00 0x80 0x80 0x00 0x02 0x31 0x32 0x33 0x34 0x35 0x36 0x9d 0x8d
[2026-07-07 14:58:01] Preparing to send all location info: [ 5.13, 8.26 ], [ 0.00, 0.00 ], [ 2.40, 2.36 ], [ 9.03, 13.30 ], [ 0.50, 14.50 ], [ 7.18, 5.20 ], [ 19.26, 8.58 ], [ 18.72, 10.64 ], [ 17.22, 6.17 ], [ 17.82, 8.08 ], [ 27.50, 0.50 ], [ 15.29, 11.85 ]
[2026-07-07 14:58:01] Generated sentinel field info: 0xa5 0x36 0x00 0x00 0xcc 0x01 0x03 0x02 0x02 0x6d 0x00 0x6b 0x00 0x40 0x10 0xa4 0x40 0x80 0x38 0x04 0x41 0x00 0x00 0x00 0x00 0x00 0x00 0x00 0x00 0x56 0x65 0x19 0x40 0x3d 0x0a 0x17 0x40 0x6c 0x84 0x10 0x41 0x02 0xd1 0x54 0x41 0x00 0x00 0x00 0x3f 0x00 0x00 0x68 0x41 0xc4 0xaa 0xe5 0x40 0x9c 0x5a 0xa6 0x40 0xec 0x07
[2026-07-07 14:58:01] Send self decision info: 0xa5 0x0e 0x00 0x00 0x37 0x01 0x03 0x21 0x01 0x6d 0x00 0x80 0x80 0x00 0x02 0x31 0x32 0x33 0x34 0x35 0x36 0x9d 0x8d
[2026-07-07 14:58:01] Send self decision info: 0xa5 0x0e 0x00 0x00 0x37 0x01 0x03 0x21 0x01 0x6d 0x00 0x80 0x80 0x00 0x02 0x31 0x32 0x33 0x34 0x35 0x36 0x9d 0x8d
[2026-07-07 14:58:01] Preparing to send all location info: [ 6.07, 7.51 ], [ 7.18, 5.19 ], [ 2.40, 2.36 ], [ 9.03, 13.30 ], [ 0.50, 14.50 ], [ 7.16, 5.19 ], [ 19.26, 8.58 ], [ 19.72, 10.77 ], [ 17.01, 4.59 ], [ 17.82, 8.08 ], [ 27.50, 0.50 ], [ 15.29, 11.85 ]
[2026-07-07 14:58:01] Generated sentinel field info: 0xa5 0x36 0x00 0x00 0xcc 0x01 0x03 0x02 0x02 0x6d 0x00 0x6b 0x00 0x4c 0x1c 0xc2 0x40 0xa7 0x4f 0xf0 0x40 0xb0 0xcb 0xe5 0x40 0xa6 0x25 0xa6 0x40 0x56 0x65 0x19 0x40 0x3d 0x0a 0x17 0x40 0x6c 0x84 0x10 0x41 0x02 0xd1 0x54 0x41 0x00 0x00 0x00 0x3f 0x00 0x00 0x68 0x41 0xb4 0x0f 0xe5 0x40 0xfa 0xf6 0xa5 0x40 0x27 0x5b
[2026-07-07 14:58:01] Send self decision info: 0xa5 0x0e 0x00 0x00 0x37 0x01 0x03 0x21 0x01 0x6d 0x00 0x80 0x80 0x00 0x02 0x31 0x32 0x33 0x34 0x35 0x36 0x9d 0x8d
[2026-07-07 14:58:01] Generated sentinel field info: 0xa5 0x36 0x00 0x00 0xcc 0x01 0x03 0x02 0x02 0x6d 0x00 0x6b 0x00 0x48 0x6b 0xb5 0x40 0xd0 0x91 0xfb 0x40 0xc0 0xb9 0xe5 0x40 0x84 0x42 0xa6 0x40 0x56 0x65 0x19 0x40 0x3d 0x0a 0x17 0x40 0x56 0x65 0x19 0x40 0x3d 0x0a 0x17 0x40 0x00 0x00 0x00 0x3f 0x00 0x00 0x68 0x41 0x78 0xd0 0xe4 0x40 0xd3 0x5c 0xa6 0x40 0x95 0xe3
[2026-07-07 14:58:01] Send self decision info: 0xa5 0x0e 0x00 0x00 0x37 0x01 0x03 0x21 0x01 0x6d 0x00 0x80 0x80 0x00 0x02 0x31 0x32 0x33 0x34 0x35 0x36 0x9d 0x8d
[2026-07-07 14:58:01] Preparing to send all location info: [ 5.20, 8.30 ], [ 7.18, 5.20 ], [ 2.40, 2.36 ], [ 2.40, 2.36 ], [ 0.50, 14.50 ], [ 7.18, 5.19 ], [ 19.26, 8.58 ], [ 20.07, 10.87 ], [ 17.34, 2.64 ], [ 17.82, 8.08 ], [ 27.50, 0.50 ], [ 15.29, 11.85 ]
[2026-07-07 14:58:01] Generated sentinel field info: 0xa5 0x36 0x00 0x00 0xcc 0x01 0x03 0x02 0x02 0x6d 0x00 0x6b 0x00 0x60 0x5e 0xa6 0x40 0xc8 0xd7 0x04 0x41 0x78 0xb7 0xe5 0x40 0x2f 0x46 0xa6 0x40 0x56 0x65 0x19 0x40 0x3d 0x0a 0x17 0x40 0x56 0x65 0x19 0x40 0x3d 0x0a 0x17 0x40 0x00 0x00 0x00 0x3f 0x00 0x00 0x68 0x41 0x68 0xc6 0xe5 0x40 0x26 0x2e 0xa6 0x40 0xeb 0x93
[2026-07-07 14:58:02] Send self decision info: 0xa5 0x0e 0x00 0x00 0x37 0x01 0x03 0x21 0x01 0x6d 0x00 0x80 0x80 0x00 0x02 0x31 0x32 0x33 0x34 0x35 0x36 0x9d 0x8d
[2026-07-07 14:58:02] Generated sentinel field info: 0xa5 0x36 0x00 0x00 0xcc 0x01 0x03 0x02 0x02 0x6d 0x00 0x6b 0x00 0x8c 0xf6 0x96 0x40 0x7f 0x0c 0x10 0x41 0x44 0x08 0xe5 0x40 0xf6 0x02 0xa6 0x40 0x56 0x65 0x19 0x40 0x3d 0x0a 0x17 0x40 0x56 0x65 0x19 0x40 0x3d 0x0a 0x17 0x40 0x00 0x00 0x00 0x3f 0x00 0x00 0x68 0x41 0x44 0xb6 0xe5 0x40 0x1f 0x48 0xa6 0x40 0x0c 0xdd
[2026-07-07 14:58:02] Send self decision info: 0xa5 0x0e 0x00 0x00 0x37 0x01 0x03 0x21 0x01 0x6d 0x00 0x80 0x80 0x00 0x02 0x31 0x32 0x33 0x34 0x35 0x36 0x9d 0x8d
[2026-07-07 14:58:02] Preparing to send all location info: [ 4.16, 9.64 ], [ 7.17, 5.21 ], [ 2.40, 2.36 ], [ 2.40, 2.36 ], [ 0.50, 14.50 ], [ 7.18, 5.20 ], [ 19.26, 8.58 ], [ 20.51, 10.91 ], [ 15.42, 2.46 ], [ 17.82, 8.08 ], [ 27.50, 0.50 ], [ 15.29, 11.85 ]
[2026-07-07 14:58:02] Generated sentinel field info: 0xa5 0x36 0x00 0x00 0xcc 0x01 0x03 0x02 0x02 0x6d 0x00 0x6b 0x00 0x54 0x2f 0x85 0x40 0x86 0x46 0x1a 0x41 0x50 0x5e 0xe5 0x40 0x96 0xd5 0xa6 0x40 0x56 0x65 0x19 0x40 0x3d 0x0a 0x17 0x40 0x56 0x65 0x19 0x40 0x3d 0x0a 0x17 0x40 0x00 0x00 0x00 0x3f 0x00 0x00 0x68 0x41 0x44 0xb6 0xe5 0x40 0x1f 0x48 0xa6 0x40 0x6a 0x86
[2026-07-07 14:58:02] Send self decision info: 0xa5 0x0e 0x00 0x00 0x37 0x01 0x03 0x21 0x01 0x6d 0x00 0x80 0x80 0x00 0x02 0x31 0x32 0x33 0x34 0x35 0x36 0x9d 0x8d
[2026-07-07 14:58:02] Generated sentinel field info: 0xa5 0x36 0x00 0x00 0xcc 0x01 0x03 0x02 0x02 0x6d 0x00 0x6b 0x00 0xd8 0x6c 0x6b 0x40 0x4a 0x01 0x1d 0x41 0xa0 0x0e 0xe5 0x40 0xb7 0xf8 0xa5 0x40 0x56 0x65 0x19 0x40 0x3d 0x0a 0x17 0x40 0x56 0x65 0x19 0x40 0x3d 0x0a 0x17 0x40 0x00 0x00 0x00 0x3f 0x00 0x00 0x68 0x41 0x44 0xb6 0xe5 0x40 0x1f 0x48 0xa6 0x40 0x29 0x45
[2026-07-07 14:58:02] Send self decision info: 0xa5 0x0e 0x00 0x00 0x37 0x01 0x03 0x21 0x01 0x6d 0x00 0x80 0x80 0x00 0x02 0x31 0x32 0x33 0x34 0x35 0x36 0x9d 0x8d
[2026-07-07 14:58:02] Preparing to send all location info: [ 3.27, 9.81 ], [ 7.18, 5.20 ], [ 2.40, 2.36 ], [ 9.06, 11.45 ], [ 0.50, 14.50 ], [ 7.20, 5.21 ], [ 19.26, 8.58 ], [ 20.67, 10.93 ], [ 15.32, 2.53 ], [ 17.82, 8.08 ], [ 27.50, 0.50 ], [ 15.29, 11.85 ]
[2026-07-07 14:58:02] Generated sentinel field info: 0xa5 0x36 0x00 0x00 0xcc 0x01 0x03 0x02 0x02 0x6d 0x00 0x6b 0x00 0x28 0x6a 0x51 0x40 0x5a 0xe3 0x1c 0x41 0x60 0xb7 0xe5 0x40 0x54 0x46 0xa6 0x40 0x56 0x65 0x19 0x40 0x3d 0x0a 0x17 0x40 0xb2 0xe5 0x10 0x41 0xb0 0x35 0x37 0x41 0x00 0x00 0x00 0x3f 0x00 0x00 0x68 0x41 0x14 0x43 0xe6 0x40 0x09 0xc3 0xa6 0x40 0xdb 0xf1
[2026-07-07 14:58:02] Send self decision info: 0xa5 0x0e 0x00 0x00 0x37 0x01 0x03 0x21 0x01 0x6d 0x00 0x80 0x80 0x00 0x02 0x31 0x32 0x33 0x34 0x35 0x36 0x9d 0x8d
[2026-07-07 14:58:02] Generated sentinel field info: 0xa5 0x36 0x00 0x00 0xcc 0x01 0x03 0x02 0x02 0x6d 0x00 0x6b 0x00 0x58 0x84 0x31 0x40 0xcf 0xf4 0x19 0x41 0x60 0xb7 0xe5 0x40 0x54 0x46 0xa6 0x40 0x56 0x65 0x19 0x40 0x3d 0x0a 0x17 0x40 0x52 0x77 0x0b 0x41 0x3d 0x8e 0x35 0x41 0x00 0x00 0x00 0x3f 0x00 0x00 0x68 0x41 0xcc 0xbe 0xe5 0x40 0x66 0x3a 0xa6 0x40 0xd8 0x36
[2026-07-07 14:58:03] Send self decision info: 0xa5 0x0e 0x00 0x00 0x37 0x01 0x03 0x21 0x01 0x6d 0x00 0x80 0x80 0x00 0x02 0x31 0x32 0x33 0x34 0x35 0x36 0x9d 0x8d
[2026-07-07 14:58:03] Preparing to send all location info: [ 2.08, 9.40 ], [ 7.18, 5.20 ], [ 2.40, 2.36 ], [ 8.18, 11.07 ], [ 0.50, 14.50 ], [ 7.21, 5.23 ], [ 19.26, 8.58 ], [ 20.97, 10.89 ], [ 15.90, 2.69 ], [ 17.82, 8.08 ], [ 27.50, 0.50 ], [ 15.29, 11.85 ]
[2026-07-07 14:58:03] Generated sentinel field info: 0xa5 0x36 0x00 0x00 0xcc 0x01 0x03 0x02 0x02 0x6d 0x00 0x6b 0x00 0x50 0x5c 0x05 0x40 0xfd 0x6b 0x16 0x41 0x60 0xb7 0xe5 0x40 0x54 0x46 0xa6 0x40 0x56 0x65 0x19 0x40 0x3d 0x0a 0x17 0x40 0x64 0xde 0x02 0x41 0xd0 0x1e 0x31 0x41 0x00 0x00 0x00 0x3f 0x00 0x00 0x68 0x41 0x2c 0xd0 0xe6 0x40 0xcd 0x3d 0xa7 0x40 0xc5 0x19
[2026-07-07 14:58:03] Send self decision info: 0xa5 0x0e 0x00 0x00 0x37 0x01 0x03 0x21 0x01 0x6d 0x00 0x80 0x80 0x00 0x02 0x31 0x32 0x33 0x34 0x35 0x36 0x9d 0x8d
[2026-07-07 14:58:03] Generated sentinel field info: 0xa5 0x36 0x00 0x00 0xcc 0x01 0x03 0x02 0x02 0x6d 0x00 0x6b 0x00 0x60 0x4a 0x8a 0x3f 0xea 0x9b 0x11 0x41 0x60 0xb7 0xe5 0x40 0x54 0x46 0xa6 0x40 0x56 0x65 0x19 0x40 0x3d 0x0a 0x17 0x40 0x68 0x70 0xf1 0x40 0x00 0x74 0x2b 0x41 0x00 0x00 0x00 0x3f 0x00 0x00 0x68 0x41 0x4c 0xe4 0xe4 0x40 0xe5 0x3c 0xa6 0x40 0x04 0xd8
[2026-07-07 14:58:03] Send self decision info: 0xa5 0x0e 0x00 0x00 0x37 0x01 0x03 0x21 0x01 0x6d 0x00 0x80 0x80 0x00 0x02 0x31 0x32 0x33 0x34 0x35 0x36 0x9d 0x8d
[2026-07-07 14:58:03] Preparing to send all location info: [ 0.82, 8.93 ], [ 7.18, 5.20 ], [ 2.40, 2.36 ], [ 6.93, 10.11 ], [ 0.50, 14.50 ], [ 7.24, 5.02 ], [ 19.26, 8.58 ], [ 20.96, 11.11 ], [ 15.90, 2.69 ], [ 17.82, 8.08 ], [ 27.50, 0.50 ], [ 15.29, 11.85 ]
[2026-07-07 14:58:03] Generated sentinel field info: 0xa5 0x36 0x00 0x00 0xcc 0x01 0x03 0x02 0x02 0x6d 0x00 0x6b 0x00 0xe0 0xdc 0x50 0x3f 0x3c 0xeb 0x0e 0x41 0x60 0xb7 0xe5 0x40 0x54 0x46 0xa6 0x40 0x56 0x65 0x19 0x40 0x3d 0x0a 0x17 0x40 0xc8 0xa5 0xdd 0x40 0x0c 0xc4 0x21 0x41 0x00 0x00 0x00 0x3f 0x00 0x00 0x68 0x41 0x40 0x94 0xe7 0x40 0x70 0x8a 0xa0 0x40 0xc0 0xf8
[2026-07-07 14:58:03] Send self decision info: 0xa5 0x0e 0x00 0x00 0x37 0x01 0x03 0x21 0x01 0x6d 0x00 0x80 0x80 0x00 0x02 0x31 0x32 0x33 0x34 0x35 0x36 0x9d 0x8d
[2026-07-07 14:58:03] Generated sentinel field info: 0xa5 0x36 0x00 0x00 0xcc 0x01 0x03 0x02 0x02 0x6d 0x00 0x6b 0x00 0x00 0xaf 0x47 0x3f 0x90 0x40 0x08 0x41 0x00 0x00 0x00 0x00 0x00 0x00 0x00 0x00 0x56 0x65 0x19 0x40 0x3d 0x0a 0x17 0x40 0xf4 0x3a 0xcb 0x40 0xc8 0x53 0x15 0x41 0x00 0x00 0x00 0x3f 0x00 0x00 0x68 0x41 0x4c 0xbb 0xe9 0x40 0x08 0x30 0xa1 0x40 0xde 0x6b
[2026-07-07 14:58:03] Send self decision info: 0xa5 0x0e 0x00 0x00 0x37 0x01 0x03 0x21 0x01 0x6d 0x00 0x80 0x80 0x00 0x02 0x31 0x32 0x33 0x34 0x35 0x36 0x9d 0x8d
[2026-07-07 14:58:03] Preparing to send all location info: [ 0.77, 8.37 ], [ 0.00, 0.00 ], [ 2.40, 2.36 ], [ 6.23, 8.88 ], [ 0.50, 14.50 ], [ 7.29, 5.05 ], [ 19.26, 8.58 ], [ 21.03, 11.04 ], [ 15.90, 2.69 ], [ 17.82, 8.08 ], [ 27.50, 0.50 ], [ 15.29, 11.85 ]
[2026-07-07 14:58:03] Generated sentinel field info: 0xa5 0x36 0x00 0x00 0xcc 0x01 0x03 0x02 0x02 0x6d 0x00 0x6b 0x00 0xe0 0x76 0x44 0x3f 0x58 0xda 0x05 0x41 0x00 0x00 0x00 0x00 0x00 0x00 0x00 0x00 0x56 0x65 0x19 0x40 0x3d 0x0a 0x17 0x40 0xe4 0x72 0xc7 0x40 0x14 0x19 0x0e 0x41 0x00 0x00 0x00 0x3f 0x00 0x00 0x68 0x41 0x10 0x64 0xe9 0x40 0x2d 0xbc 0xa1 0x40 0x0d 0xd2
[2026-07-07 14:58:04] Send self decision info: 0xa5 0x0e 0x00 0x00 0x37 0x01 0x03 0x21 0x01 0x6d 0x00 0x80 0x80 0x00 0x02 0x31 0x32 0x33 0x34 0x35 0x36 0x9d 0x8d
[2026-07-07 14:58:04] Send self decision info: 0xa5 0x0e 0x00 0x00 0x37 0x01 0x03 0x21 0x01 0x6d 0x00 0x80 0x80 0x00 0x02 0x31 0x32 0x33 0x34 0x35 0x36 0x9d 0x8d
[2026-07-07 14:58:04] Preparing to send all location info: [ 0.77, 8.37 ], [ 0.00, 0.00 ], [ 2.40, 2.36 ], [ 6.36, 9.36 ], [ 0.50, 14.50 ], [ 7.22, 5.04 ], [ 19.26, 8.58 ], [ 21.02, 11.16 ], [ 15.55, 2.08 ], [ 20.85, 11.30 ], [ 27.50, 0.50 ], [ 15.29, 11.85 ]
[2026-07-07 14:58:04] Generated sentinel field info: 0xa5 0x36 0x00 0x00 0xcc 0x01 0x03 0x02 0x02 0x6d 0x00 0x6b 0x00 0xe0 0x76 0x44 0x3f 0x58 0xda 0x05 0x41 0x00 0x00 0x00 0x00 0x00 0x00 0x00 0x00 0x56 0x65 0x19 0x40 0x3d 0x0a 0x17 0x40 0x14 0x92 0xcb 0x40 0xe1 0xb3 0x15 0x41 0x00 0x00 0x00 0x3f 0x00 0x00 0x68 0x41 0x70 0x13 0xe7 0x40 0x24 0x5a 0xa1 0x40 0xe5 0x38
[2026-07-07 14:58:04] Send self decision info: 0xa5 0x0e 0x00 0x00 0x37 0x01 0x03 0x21 0x01 0x6d 0x00 0x80 0x80 0x00 0x02 0x31 0x32 0x33 0x34 0x35 0x36 0x9d 0x8d
[2026-07-07 14:58:04] Generated sentinel field info: 0xa5 0x36 0x00 0x00 0xcc 0x01 0x03 0x02 0x02 0x6d 0x00 0x6b 0x00 0xe0 0x76 0x44 0x3f 0x58 0xda 0x05 0x41 0x00 0x00 0x00 0x00 0x00 0x00 0x00 0x00 0x56 0x65 0x19 0x40 0x3d 0x0a 0x17 0x40 0x84 0x94 0xcf 0x40 0xca 0x25 0x17 0x41 0x00 0x00 0x00 0x3f 0x00 0x00 0x68 0x41 0xd8 0x21 0xe7 0x40 0xe7 0x42 0xa1 0x40 0xad 0x8f
[2026-07-07 14:58:04] Send self decision info: 0xa5 0x0e 0x00 0x00 0x37 0x01 0x03 0x21 0x01 0x6d 0x00 0x80 0x80 0x00 0x02 0x31 0x32 0x33 0x34 0x35 0x36 0x9d 0x8d
[2026-07-07 14:58:04] Preparing to send all location info: [ 0.77, 8.37 ], [ 0.00, 0.00 ], [ 2.40, 2.36 ], [ 6.74, 9.74 ], [ 0.50, 14.50 ], [ 7.27, 5.05 ], [ 19.26, 8.58 ], [ 21.02, 11.16 ], [ 15.31, 2.18 ], [ 20.85, 11.30 ], [ 27.50, 0.50 ], [ 15.29, 11.85 ]
[2026-07-07 14:58:04] Generated sentinel field info: 0xa5 0x36 0x00 0x00 0xcc 0x01 0x03 0x02 0x02 0x6d 0x00 0x6b 0x00 0xe0 0x76 0x44 0x3f 0x58 0xda 0x05 0x41 0x00 0x00 0x00 0x00 0x00 0x00 0x00 0x00 0x56 0x65 0x19 0x40 0x3d 0x0a 0x17 0x40 0x98 0xc5 0xd7 0x40 0x71 0xe4 0x1b 0x41 0x00 0x00 0x00 0x3f 0x00 0x00 0x68 0x41 0x90 0xa4 0xe8 0x40 0x3f 0x91 0xa1 0x40 0xef 0x0f
[2026-07-07 14:58:04] Send self decision info: 0xa5 0x0e 0x00 0x00 0x37 0x01 0x03 0x21 0x01 0x6d 0x00 0x80 0x80 0x00 0x02 0x31 0x32 0x33 0x34 0x35 0x36 0x9d 0x8d
[2026-07-07 14:58:05] Send self decision info: 0xa5 0x0e 0x00 0x00 0x37 0x01 0x03 0x21 0x01 0x6d 0x00 0x80 0x80 0x00 0x02 0x31 0x32 0x33 0x34 0x35 0x36 0x9d 0x8d
[2026-07-07 14:58:05] Preparing to send all location info: [ 4.86, 11.92 ], [ 0.00, 0.00 ], [ 2.40, 2.36 ], [ 6.58, 9.63 ], [ 0.50, 14.50 ], [ 7.23, 5.03 ], [ 19.26, 8.58 ], [ 21.02, 11.16 ], [ 15.30, 2.15 ], [ 20.85, 11.30 ], [ 27.50, 0.50 ], [ 15.29, 11.85 ]
[2026-07-07 14:58:05] Generated sentinel field info: 0xa5 0x36 0x00 0x00 0xcc 0x01 0x03 0x02 0x02 0x6d 0x00 0x6b 0x00 0x1f 0x85 0x9b 0x40 0x52 0xb8 0x3e 0x41 0x00 0x00 0x00 0x00 0x00 0x00 0x00 0x00 0x56 0x65 0x19 0x40 0x3d 0x0a 0x17 0x40 0xc0 0x87 0xd2 0x40 0x93 0x04 0x1a 0x41 0x00 0x00 0x00 0x3f 0x00 0x00 0x68 0x41 0xcc 0x53 0xe7 0x40 0x5e 0xf2 0xa0 0x40 0x31 0xbd
[2026-07-07 14:58:05] Send self decision info: 0xa5 0x0e 0x00 0x00 0x37 0x01 0x03 0x21 0x01 0x6d 0x00 0x80 0x80 0x00 0x02 0x31 0x32 0x33 0x34 0x35 0x36 0x9d 0x8d
[2026-07-07 14:58:05] Generated sentinel field info: 0xa5 0x36 0x00 0x00 0xcc 0x01 0x03 0x02 0x02 0x6d 0x00 0x6b 0x00 0x1f 0x85 0x9b 0x40 0x52 0xb8 0x3e 0x41 0x48 0x92 0xe7 0x40 0x27 0xec 0xa1 0x40 0x56 0x65 0x19 0x40 0x3d 0x0a 0x17 0x40 0x20 0x9c 0xcb 0x40 0x3a 0x2a 0x13 0x41 0x00 0x00 0x00 0x3f 0x00 0x00 0x68 0x41 0x48 0x06 0xe8 0x40 0x54 0x31 0xa1 0x40 0x6e 0x27
[2026-07-07 14:58:05] Send self decision info: 0xa5 0x0e 0x00 0x00 0x37 0x01 0x03 0x21 0x01 0x6d 0x00 0x80 0x80 0x00 0x02 0x31 0x32 0x33 0x34 0x35 0x36 0x9d 0x8d
[2026-07-07 14:58:05] Preparing to send all location info: [ 4.86, 11.92 ], [ 7.30, 5.05 ], [ 2.40, 2.36 ], [ 6.10, 8.64 ], [ 0.50, 14.50 ], [ 7.25, 5.04 ], [ 19.26, 8.58 ], [ 21.02, 11.16 ], [ 15.23, 2.18 ], [ 20.85, 11.30 ], [ 27.50, 0.50 ], [ 15.29, 11.85 ]
[2026-07-07 14:58:05] Send self decision info: 0xa5 0x0e 0x00 0x00 0x37 0x01 0x03 0x21 0x01 0x6d 0x00 0x80 0x80 0x00 0x02 0x31 0x32 0x33 0x34 0x35 0x36 0x9d 0x8d
[2026-07-07 14:58:05] Generated sentinel field info: 0xa5 0x36 0x00 0x00 0xcc 0x01 0x03 0x02 0x02 0x6d 0x00 0x6b 0x00 0x1f 0x85 0x9b 0x40 0x52 0xb8 0x3e 0x41 0xe4 0xa2 0xe7 0x40 0x64 0xd1 0xa1 0x40 0x56 0x65 0x19 0x40 0x3d 0x0a 0x17 0x40 0x50 0x83 0xc7 0x40 0xb7 0x5d 0x08 0x41 0x00 0x00 0x00 0x3f 0x00 0x00 0x68 0x41 0x48 0x06 0xe8 0x40 0x54 0x31 0xa1 0x40 0x05 0xab
[2026-07-07 14:58:05] Send self decision info: 0xa5 0x0e 0x00 0x00 0x37 0x01 0x03 0x21 0x01 0x6d 0x00 0x80 0x80 0x00 0x02 0x31 0x32 0x33 0x34 0x35 0x36 0x9d 0x8d
[2026-07-07 14:58:05] Preparing to send all location info: [ 4.86, 11.92 ], [ 7.32, 5.06 ], [ 2.40, 2.36 ], [ 6.40, 8.79 ], [ 0.50, 14.50 ], [ 7.25, 5.04 ], [ 19.73, 7.87 ], [ 21.02, 11.16 ], [ 15.08, 2.17 ], [ 19.57, 8.18 ], [ 27.50, 0.50 ], [ 15.29, 11.85 ]
[2026-07-07 14:58:05] Generated sentinel field info: 0xa5 0x36 0x00 0x00 0xcc 0x01 0x03 0x02 0x02 0x6d 0x00 0x6b 0x00 0x1f 0x85 0x9b 0x40 0x52 0xb8 0x3e 0x41 0x68 0x34 0xea 0x40 0x96 0xcc 0xa1 0x40 0x56 0x65 0x19 0x40 0x3d 0x0a 0x17 0x40 0xe8 0xd7 0xcc 0x40 0x66 0x92 0x0c 0x41 0x00 0x00 0x00 0x3f 0x00 0x00 0x68 0x41 0x48 0x06 0xe8 0x40 0x54 0x31 0xa1 0x40 0x7d 0x9d
[2026-07-07 14:58:06] Send self decision info: 0xa5 0x0e 0x00 0x00 0x37 0x01 0x03 0x21 0x01 0x6d 0x00 0x80 0x80 0x00 0x02 0x31 0x32 0x33 0x34 0x35 0x36 0x9d 0x8d
[2026-07-07 14:58:06] Generated sentinel field info: 0xa5 0x36 0x00 0x00 0xcc 0x01 0x03 0x02 0x02 0x6d 0x00 0x6b 0x00 0x1f 0x85 0x9b 0x40 0x52 0xb8 0x3e 0x41 0x40 0xf3 0xe6 0x40 0x08 0x8e 0xa1 0x40 0x56 0x65 0x19 0x40 0x3d 0x0a 0x17 0x40 0x7c 0x9c 0xc2 0x40 0x01 0x9c 0x0e 0x41 0x00 0x00 0x00 0x3f 0x00 0x00 0x68 0x41 0x48 0x06 0xe8 0x40 0x54 0x31 0xa1 0x40 0x13 0xcd
[2026-07-07 14:58:06] Send self decision info: 0xa5 0x0e 0x00 0x00 0x37 0x01 0x03 0x21 0x01 0x6d 0x00 0x80 0x80 0x00 0x02 0x31 0x32 0x33 0x34 0x35 0x36 0x9d 0x8d
[2026-07-07 14:58:06] Preparing to send all location info: [ 4.86, 11.92 ], [ 7.24, 5.05 ], [ 2.40, 2.36 ], [ 6.09, 9.17 ], [ 0.50, 14.50 ], [ 2.40, 2.36 ], [ 19.73, 7.87 ], [ 21.02, 11.16 ], [ 14.92, 2.27 ], [ 18.65, 12.14 ], [ 27.50, 0.50 ], [ 15.29, 11.85 ]
[2026-07-07 14:58:06] Generated sentinel field info: 0xa5 0x36 0x00 0x00 0xcc 0x01 0x03 0x02 0x02 0x6d 0x00 0x6b 0x00 0x1f 0x85 0x9b 0x40 0x52 0xb8 0x3e 0x41 0xf8 0xc8 0xe7 0x40 0x13 0x94 0xa1 0x40 0x56 0x65 0x19 0x40 0x3d 0x0a 0x17 0x40 0x54 0xef 0xc2 0x40 0xfd 0xbe 0x12 0x41 0x00 0x00 0x00 0x3f 0x00 0x00 0x68 0x41 0x56 0x65 0x19 0x40 0x3d 0x0a 0x17 0x40 0x5c 0x7e
[2026-07-07 14:58:06] Send self decision info: 0xa5 0x0e 0x00 0x00 0x37 0x01 0x03 0x21 0x01 0x6d 0x00 0x80 0x80 0x00 0x02 0x31 0x32 0x33 0x34 0x35 0x36 0x9d 0x8d
[2026-07-07 14:58:06] Generated sentinel field info: 0xa5 0x36 0x00 0x00 0xcc 0x01 0x03 0x02 0x02 0x6d 0x00 0x6b 0x00 0x1f 0x85 0x9b 0x40 0x52 0xb8 0x3e 0x41 0xbc 0x40 0xe8 0x40 0xd3 0x31 0xa2 0x40 0x56 0x65 0x19 0x40 0x3d 0x0a 0x17 0x40 0x54 0x10 0xc5 0x40 0x63 0x25 0x16 0x41 0x00 0x00 0x00 0x3f 0x00 0x00 0x68 0x41 0x56 0x65 0x19 0x40 0x3d 0x0a 0x17 0x40 0xfa 0x93
[2026-07-07 14:58:06] Send self decision info: 0xa5 0x0e 0x00 0x00 0x37 0x01 0x03 0x21 0x01 0x6d 0x00 0x80 0x80 0x00 0x02 0x31 0x32 0x33 0x34 0x35 0x36 0x9d 0x8d
[2026-07-07 14:58:06] Preparing to send all location info: [ 4.86, 11.92 ], [ 7.27, 5.05 ], [ 2.40, 2.36 ], [ 6.15, 9.28 ], [ 0.50, 14.50 ], [ 2.40, 2.36 ], [ 19.85, 8.02 ], [ 21.02, 11.16 ], [ 15.40, 2.49 ], [ 18.15, 12.22 ], [ 27.50, 0.50 ], [ 15.29, 11.85 ]
[2026-07-07 14:58:06] Generated sentinel field info: 0xa5 0x36 0x00 0x00 0xcc 0x01 0x03 0x02 0x02 0x6d 0x00 0x6b 0x00 0x1f 0x85 0x9b 0x40 0x52 0xb8 0x3e 0x41 0x68 0x90 0xe8 0x40 0xae 0xb1 0xa1 0x40 0x56 0x65 0x19 0x40 0x3d 0x0a 0x17 0x40 0x88 0xb9 0xc4 0x40 0x16 0x87 0x14 0x41 0x00 0x00 0x00 0x3f 0x00 0x00 0x68 0x41 0x56 0x65 0x19 0x40 0x3d 0x0a 0x17 0x40 0xd7 0xfe
[2026-07-07 14:58:06] Send self decision info: 0xa5 0x0e 0x00 0x00 0x37 0x01 0x03 0x21 0x01 0x6d 0x00 0x80 0x80 0x00 0x02 0x31 0x32 0x33 0x34 0x35 0x36 0x9d 0x8d
[2026-07-07 14:58:07] Generated sentinel field info: 0xa5 0x36 0x00 0x00 0xcc 0x01 0x03 0x02 0x02 0x6d 0x00 0x6b 0x00 0x1f 0x85 0x9b 0x40 0x52 0xb8 0x3e 0x41 0x8c 0x03 0xe9 0x40 0x41 0x57 0xa2 0x40 0x56 0x65 0x19 0x40 0x3d 0x0a 0x17 0x40 0xd8 0xc1 0xc9 0x40 0xd3 0x88 0x19 0x41 0x00 0x00 0x00 0x3f 0x00 0x00 0x68 0x41 0x56 0x65 0x19 0x40 0x3d 0x0a 0x17 0x40 0x7e 0x36
[2026-07-07 14:58:07] Send self decision info: 0xa5 0x0e 0x00 0x00 0x37 0x01 0x03 0x21 0x01 0x6d 0x00 0x80 0x80 0x00 0x02 0x31 0x32 0x33 0x34 0x35 0x36 0x9d 0x8d
[2026-07-07 14:58:07] Preparing to send all location info: [ 4.86, 11.92 ], [ 7.29, 5.06 ], [ 2.40, 2.36 ], [ 6.55, 9.71 ], [ 0.50, 14.50 ], [ 2.40, 2.36 ], [ 19.72, 8.51 ], [ 21.02, 11.16 ], [ 16.10, 2.39 ], [ 17.62, 12.29 ], [ 27.50, 0.50 ], [ 15.29, 11.85 ]
[2026-07-07 14:58:07] Generated sentinel field info: 0xa5 0x36 0x00 0x00 0xcc 0x01 0x03 0x02 0x02 0x6d 0x00 0x6b 0x00 0x1f 0x85 0x9b 0x40 0x52 0xb8 0x3e 0x41 0xb8 0x48 0xe9 0x40 0x1b 0xe8 0xa1 0x40 0x56 0x65 0x19 0x40 0x3d 0x0a 0x17 0x40 0x14 0x8d 0xd1 0x40 0xf8 0x59 0x1b 0x41 0x00 0x00 0x00 0x3f 0x00 0x00 0x68 0x41 0x56 0x65 0x19 0x40 0x3d 0x0a 0x17 0x40 0xc0 0x28
[2026-07-07 14:58:07] Send self decision info: 0xa5 0x0e 0x00 0x00 0x37 0x01 0x03 0x21 0x01 0x6d 0x00 0x80 0x80 0x00 0x02 0x31 0x32 0x33 0x34 0x35 0x36 0x9d 0x8d
[2026-07-07 14:58:07] Send self decision info: 0xa5 0x0e 0x00 0x00 0x37 0x01 0x03 0x21 0x01 0x6d 0x00 0x80 0x80 0x00 0x02 0x31 0x32 0x33 0x34 0x35 0x36 0x9d 0x8d
[2026-07-07 14:58:07] Preparing to send all location info: [ 4.86, 11.92 ], [ 7.27, 5.05 ], [ 2.40, 2.36 ], [ 6.63, 9.71 ], [ 0.50, 14.50 ], [ 2.40, 2.36 ], [ 19.68, 8.54 ], [ 21.02, 11.16 ], [ 17.02, 2.70 ], [ 17.25, 12.33 ], [ 27.50, 0.50 ], [ 15.29, 11.85 ]
[2026-07-07 14:58:07] Generated sentinel field info: 0xa5 0x36 0x00 0x00 0xcc 0x01 0x03 0x02 0x02 0x6d 0x00 0x6b 0x00 0x1f 0x85 0x9b 0x40 0x52 0xb8 0x3e 0x41 0x04 0xa3 0xe8 0x40 0xc2 0x93 0xa1 0x40 0x56 0x65 0x19 0x40 0x3d 0x0a 0x17 0x40 0xd8 0x17 0xd4 0x40 0x6b 0x65 0x1b 0x41 0x00 0x00 0x00 0x3f 0x00 0x00 0x68 0x41 0x56 0x65 0x19 0x40 0x3d 0x0a 0x17 0x40 0xa6 0xe5
[2026-07-07 14:58:07] Send self decision info: 0xa5 0x0e 0x00 0x00 0x37 0x01 0x03 0x21 0x01 0x6d 0x00 0x80 0x80 0x00 0x02 0x31 0x32 0x33 0x34 0x35 0x36 0x9d 0x8d
[2026-07-07 14:58:08] Send self decision info: 0xa5 0x0e 0x00 0x00 0x37 0x01 0x03 0x21 0x01 0x6d 0x00 0x80 0x80 0x00 0x02 0x31 0x32 0x33 0x34 0x35 0x36 0x9d 0x8d
[2026-07-07 14:58:08] Preparing to send all location info: [ 4.86, 11.92 ], [ 3.06, 5.73 ], [ 2.40, 2.36 ], [ 6.59, 9.69 ], [ 0.50, 14.50 ], [ 7.24, 5.06 ], [ 19.68, 8.54 ], [ 21.02, 11.16 ], [ 17.81, 4.01 ], [ 17.25, 12.33 ], [ 27.50, 0.50 ], [ 15.29, 11.85 ]
[2026-07-07 14:58:08] Generated sentinel field info: 0xa5 0x36 0x00 0x00 0xcc 0x01 0x03 0x02 0x02 0x6d 0x00 0x6b 0x00 0x1f 0x85 0x9b 0x40 0x52 0xb8 0x3e 0x41 0x78 0xa0 0x43 0x40 0xc5 0x7d 0xb7 0x40 0x56 0x65 0x19 0x40 0x3d 0x0a 0x17 0x40 0x34 0xf5 0xd2 0x40 0x31 0xf6 0x1a 0x41 0x00 0x00 0x00 0x3f 0x00 0x00 0x68 0x41 0xb0 0x8a 0xe7 0x40 0x5e 0xf8 0xa1 0x40 0xdd 0x56
[2026-07-07 14:58:08] Send self decision info: 0xa5 0x0e 0x00 0x00 0x37 0x01 0x03 0x21 0x01 0x6d 0x00 0x80 0x80 0x00 0x02 0x31 0x32 0x33 0x34 0x35 0x36 0x9d 0x8d
[2026-07-07 14:58:08] Generated sentinel field info: 0xa5 0x36 0x00 0x00 0xcc 0x01 0x03 0x02 0x02 0x6d 0x00 0x6b 0x00 0x1f 0x85 0x9b 0x40 0x52 0xb8 0x3e 0x41 0x48 0xcb 0x8b 0x40 0x5e 0x09 0xbd 0x40 0x56 0x65 0x19 0x40 0x3d 0x0a 0x17 0x40 0x44 0x2f 0xd5 0x40 0x24 0x51 0x14 0x41 0x00 0x00 0x00 0x3f 0x00 0x00 0x68 0x41 0x04 0x76 0xe7 0x40 0xaa 0x19 0xa2 0x40 0x46 0xda
[2026-07-07 14:58:08] Send self decision info: 0xa5 0x0e 0x00 0x00 0x37 0x01 0x03 0x21 0x01 0x6d 0x00 0x80 0x80 0x00 0x02 0x31 0x32 0x33 0x34 0x35 0x36 0x9d 0x8d
[2026-07-07 14:58:08] Preparing to send all location info: [ 4.86, 11.92 ], [ 5.24, 6.06 ], [ 2.40, 2.36 ], [ 6.75, 8.74 ], [ 0.50, 14.50 ], [ 7.26, 5.07 ], [ 19.68, 8.54 ], [ 21.02, 11.16 ], [ 18.21, 5.47 ], [ 17.25, 12.33 ], [ 27.50, 0.50 ], [ 15.29, 11.85 ]
[2026-07-07 14:58:08] Generated sentinel field info: 0xa5 0x36 0x00 0x00 0xcc 0x01 0x03 0x02 0x02 0x6d 0x00 0x6b 0x00 0x1f 0x85 0x9b 0x40 0x52 0xb8 0x3e 0x41 0xdc 0x9d 0xa7 0x40 0xcf 0xde 0xc1 0x40 0x56 0x65 0x19 0x40 0x3d 0x0a 0x17 0x40 0x8c 0x02 0xd8 0x40 0x88 0xe5 0x0b 0x41 0x00 0x00 0x00 0x3f 0x00 0x00 0x68 0x41 0xec 0x50 0xe8 0x40 0xcd 0x17 0xa2 0x40 0x96 0xf0
[2026-07-07 14:58:08] Send self decision info: 0xa5 0x0e 0x00 0x00 0x37 0x01 0x03 0x21 0x01 0x6d 0x00 0x80 0x80 0x00 0x02 0x31 0x32 0x33 0x34 0x35 0x36 0x9d 0x8d
[2026-07-07 14:58:08] Generated sentinel field info: 0xa5 0x36 0x00 0x00 0xcc 0x01 0x03 0x02 0x02 0x6d 0x00 0x6b 0x00 0x1f 0x85 0x9b 0x40 0x52 0xb8 0x3e 0x41 0xf0 0xf1 0xb4 0x40 0x59 0xf2 0xcc 0x40 0x56 0x65 0x19 0x40 0x3d 0x0a 0x17 0x40 0xd4 0x12 0xd9 0x40 0x9b 0x1c 0x0b 0x41 0x00 0x00 0x00 0x3f 0x00 0x00 0x68 0x41 0x74 0x0b 0xe9 0x40 0x89 0x4a 0xa2 0x40 0x59 0x0c
[2026-07-07 14:58:08] Send self decision info: 0xa5 0x0e 0x00 0x00 0x37 0x01 0x03 0x21 0x01 0x6d 0x00 0x80 0x80 0x00 0x02 0x31 0x32 0x33 0x34 0x35 0x36 0x9d 0x8d
[2026-07-07 14:58:08] Preparing to send all location info: [ 4.86, 11.92 ], [ 5.70, 6.66 ], [ 2.40, 2.36 ], [ 6.61, 9.03 ], [ 0.50, 14.50 ], [ 7.23, 5.07 ], [ 19.68, 8.54 ], [ 21.02, 11.16 ], [ 18.45, 6.83 ], [ 17.25, 12.33 ], [ 27.50, 0.50 ], [ 15.29, 11.85 ]
[2026-07-07 14:58:08] Generated sentinel field info: 0xa5 0x36 0x00 0x00 0xcc 0x01 0x03 0x02 0x02 0x6d 0x00 0x6b 0x00 0x1f 0x85 0x9b 0x40 0x52 0xb8 0x3e 0x41 0xd0 0x5a 0xb6 0x40 0x1e 0xf6 0xd4 0x40 0x56 0x65 0x19 0x40 0x3d 0x0a 0x17 0x40 0xb8 0x72 0xd3 0x40 0xbc 0x87 0x10 0x41 0x00 0x00 0x00 0x3f 0x00 0x00 0x68 0x41 0xa4 0x73 0xe7 0x40 0x7e 0x1d 0xa2 0x40 0xe3 0x42
[2026-07-07 14:58:09] Send self decision info: 0xa5 0x0e 0x00 0x00 0x37 0x01 0x03 0x21 0x01 0x6d 0x00 0x80 0x80 0x00 0x02 0x31 0x32 0x33 0x34 0x35 0x36 0x9d 0x8d
[2026-07-07 14:58:09] Generated sentinel field info: 0xa5 0x36 0x00 0x00 0xcc 0x01 0x03 0x02 0x02 0x6d 0x00 0x6b 0x00 0x1f 0x85 0x9b 0x40 0x52 0xb8 0x3e 0x41 0x9c 0xd7 0xbd 0x40 0xd2 0x9b 0xd5 0x40 0x56 0x65 0x19 0x40 0x3d 0x0a 0x17 0x40 0x24 0xe8 0xcc 0x40 0xc5 0x19 0x19 0x41 0x00 0x00 0x00 0x3f 0x00 0x00 0x68 0x41 0xd4 0x98 0xe8 0x40 0xb1 0x02 0xa3 0x40 0x1d 0xfd
[2026-07-07 14:58:09] Send self decision info: 0xa5 0x0e 0x00 0x00 0x37 0x01 0x03 0x21 0x01 0x6d 0x00 0x80 0x80 0x00 0x02 0x31 0x32 0x33 0x34 0x35 0x36 0x9d 0x8d
[2026-07-07 14:58:09] Preparing to send all location info: [ 4.86, 11.92 ], [ 6.52, 7.04 ], [ 2.40, 2.36 ], [ 6.80, 9.98 ], [ 0.50, 14.50 ], [ 7.26, 5.07 ], [ 19.68, 8.54 ], [ 21.02, 11.16 ], [ 18.14, 7.97 ], [ 17.25, 12.33 ], [ 27.50, 0.50 ], [ 15.29, 11.85 ]
[2026-07-07 14:58:09] Generated sentinel field info: 0xa5 0x36 0x00 0x00 0xcc 0x01 0x03 0x02 0x02 0x6d 0x00 0x6b 0x00 0x1f 0x85 0x9b 0x40 0x52 0xb8 0x3e 0x41 0xc4 0x98 0xd0 0x40 0x66 0x3a 0xe1 0x40 0x56 0x65 0x19 0x40 0x3d 0x0a 0x17 0x40 0x24 0x8f 0xd9 0x40 0x9e 0xa2 0x1f 0x41 0x00 0x00 0x00 0x3f 0x00 0x00 0x68 0x41 0xb0 0x51 0xe8 0x40 0x90 0x16 0xa2 0x40 0x23 0xbb
[2026-07-07 14:58:09] Send self decision info: 0xa5 0x0e 0x00 0x00 0x37 0x01 0x03 0x21 0x01 0x6d 0x00 0x80 0x80 0x00 0x02 0x31 0x32 0x33 0x34 0x35 0x36 0x9d 0x8d
[2026-07-07 14:58:09] Send self decision info: 0xa5 0x0e 0x00 0x00 0x37 0x01 0x03 0x21 0x01 0x6d 0x00 0x80 0x80 0x00 0x02 0x31 0x32 0x33 0x34 0x35 0x36 0x9d 0x8d
[2026-07-07 14:58:09] Preparing to send all location info: [ 4.86, 11.92 ], [ 6.93, 7.63 ], [ 2.40, 2.36 ], [ 7.29, 10.51 ], [ 0.50, 14.50 ], [ 7.25, 5.08 ], [ 19.68, 8.54 ], [ 21.02, 11.16 ], [ 16.56, 9.14 ], [ 17.25, 12.33 ], [ 27.50, 0.50 ], [ 15.29, 11.85 ]
[2026-07-07 14:58:09] Generated sentinel field info: 0xa5 0x36 0x00 0x00 0xcc 0x01 0x03 0x02 0x02 0x6d 0x00 0x6b 0x00 0x1f 0x85 0x9b 0x40 0x52 0xb8 0x3e 0x41 0x2c 0xb3 0xdd 0x40 0xd1 0x2d 0xf4 0x40 0x56 0x65 0x19 0x40 0x3d 0x0a 0x17 0x40 0xfc 0x34 0xe9 0x40 0x99 0x34 0x28 0x41 0x00 0x00 0x00 0x3f 0x00 0x00 0x68 0x41 0x20 0x13 0xe8 0x40 0x32 0x7b 0xa2 0x40 0xc2 0x06
[2026-07-07 14:58:09] Send self decision info: 0xa5 0x0e 0x00 0x00 0x37 0x01 0x03 0x21 0x01 0x6d 0x00 0x80 0x80 0x00 0x02 0x31 0x32 0x33 0x34 0x35 0x36 0x9d 0x8d
[2026-07-07 14:58:10] Send self decision info: 0xa5 0x0e 0x00 0x00 0x37 0x01 0x03 0x21 0x01 0x6d 0x00 0x80 0x80 0x00 0x02 0x31 0x32 0x33 0x34 0x35 0x36 0x9d 0x8d
[2026-07-07 14:58:10] Preparing to send all location info: [ 4.86, 11.92 ], [ 7.99, 7.45 ], [ 2.40, 2.36 ], [ 7.91, 10.91 ], [ 0.50, 14.50 ], [ 7.25, 5.08 ], [ 19.68, 8.54 ], [ 21.02, 11.16 ], [ 14.06, 10.16 ], [ 17.25, 12.33 ], [ 27.50, 0.50 ], [ 15.29, 11.85 ]
[2026-07-07 14:58:10] Generated sentinel field info: 0xa5 0x36 0x00 0x00 0xcc 0x01 0x03 0x02 0x02 0x6d 0x00 0x6b 0x00 0x1f 0x85 0x9b 0x40 0x52 0xb8 0x3e 0x41 0x20 0xd3 0xff 0x40 0x43 0x82 0xee 0x40 0x56 0x65 0x19 0x40 0x3d 0x0a 0x17 0x40 0x78 0x0a 0xfd 0x40 0xa5 0x83 0x2e 0x41 0x00 0x00 0x00 0x3f 0x00 0x00 0x68 0x41 0x40 0x06 0xe8 0x40 0xe9 0x8f 0xa2 0x40 0x44 0xff
[2026-07-07 14:58:10] Send self decision info: 0xa5 0x0e 0x00 0x00 0x37 0x01 0x03 0x21 0x01 0x6d 0x00 0x80 0x80 0x00 0x02 0x31 0x32 0x33 0x34 0x35 0x36 0x9d 0x8d
[2026-07-07 14:58:10] Send self decision info: 0xa5 0x0e 0x00 0x00 0x37 0x01 0x03 0x21 0x01 0x6d 0x00 0x80 0x80 0x00 0x02 0x31 0x32 0x33 0x34 0x35 0x36 0x9d 0x8d
[2026-07-07 14:58:10] Preparing to send all location info: [ 4.86, 11.92 ], [ 7.95, 7.48 ], [ 2.40, 2.36 ], [ 8.60, 11.37 ], [ 0.50, 14.50 ], [ 7.25, 5.08 ], [ 19.68, 8.54 ], [ 21.02, 11.16 ], [ 12.00, 11.08 ], [ 17.25, 12.33 ], [ 27.50, 0.50 ], [ 15.29, 11.85 ]
[2026-07-07 14:58:10] Generated sentinel field info: 0xa5 0x36 0x00 0x00 0xcc 0x01 0x03 0x02 0x02 0x6d 0x00 0x6b 0x00 0x1f 0x85 0x9b 0x40 0x52 0xb8 0x3e 0x41 0xb4 0x6b 0xfe 0x40 0xf3 0x35 0xef 0x40 0x56 0x65 0x19 0x40 0x3d 0x0a 0x17 0x40 0x32 0x92 0x09 0x41 0x8f 0xff 0x35 0x41 0x00 0x00 0x00 0x3f 0x00 0x00 0x68 0x41 0x50 0x10 0xe8 0x40 0xb8 0x7f 0xa2 0x40 0x99 0x34
[2026-07-07 14:58:10] Send self decision info: 0xa5 0x0e 0x00 0x00 0x37 0x01 0x03 0x21 0x01 0x6d 0x00 0x80 0x80 0x00 0x02 0x31 0x32 0x33 0x34 0x35 0x36 0x9d 0x8d
[2026-07-07 14:58:10] Generated sentinel field info: 0xa5 0x36 0x00 0x00 0xcc 0x01 0x03 0x02 0x02 0x6d 0x00 0x6b 0x00 0x1f 0x85 0x9b 0x40 0x52 0xb8 0x3e 0x41 0x2c 0x71 0xfe 0x40 0x01 0x2e 0xef 0x40 0x56 0x65 0x19 0x40 0x3d 0x0a 0x17 0x40 0x32 0x92 0x09 0x41 0x8f 0xff 0x35 0x41 0x00 0x00 0x00 0x3f 0x00 0x00 0x68 0x41 0xd8 0x43 0xe8 0x40 0x3b 0x8b 0xa3 0x40 0xd8 0x97
[2026-07-07 14:58:10] Send self decision info: 0xa5 0x0e 0x00 0x00 0x37 0x01 0x03 0x21 0x01 0x6d 0x00 0x80 0x80 0x00 0x02 0x31 0x32 0x33 0x34 0x35 0x36 0x9d 0x8d
[2026-07-07 14:58:10] Preparing to send all location info: [ 4.86, 11.92 ], [ 7.94, 7.48 ], [ 2.40, 2.36 ], [ 8.60, 11.37 ], [ 0.50, 14.50 ], [ 7.23, 5.08 ], [ 19.68, 8.54 ], [ 21.02, 11.16 ], [ 11.15, 10.96 ], [ 17.25, 12.33 ], [ 27.50, 0.50 ], [ 15.29, 11.85 ]
[2026-07-07 14:58:10] Generated sentinel field info: 0xa5 0x36 0x00 0x00 0xcc 0x01 0x03 0x02 0x02 0x6d 0x00 0x6b 0x00 0x1f 0x85 0x9b 0x40 0x52 0xb8 0x3e 0x41 0x14 0x3a 0xfe 0x40 0x19 0x7e 0xef 0x40 0x56 0x65 0x19 0x40 0x3d 0x0a 0x17 0x40 0x32 0x92 0x09 0x41 0x8f 0xff 0x35 0x41 0x00 0x00 0x00 0x3f 0x00 0x00 0x68 0x41 0x28 0x34 0xe7 0x40 0xb9 0x83 0xa2 0x40 0xfb 0x40
[2026-07-07 14:58:11] Send self decision info: 0xa5 0x0e 0x00 0x00 0x37 0x01 0x03 0x21 0x01 0x6d 0x00 0x80 0x80 0x00 0x02 0x31 0x32 0x33 0x34 0x35 0x36 0x9d 0x8d
[2026-07-07 14:58:11] Send self decision info: 0xa5 0x0e 0x00 0x00 0x37 0x01 0x03 0x21 0x01 0x6d 0x00 0x80 0x80 0x00 0x02 0x31 0x32 0x33 0x34 0x35 0x36 0x9d 0x8d
[2026-07-07 14:58:11] Preparing to send all location info: [ 4.86, 11.92 ], [ 7.95, 7.47 ], [ 2.40, 2.36 ], [ 8.34, 11.14 ], [ 0.50, 14.50 ], [ 7.22, 5.09 ], [ 19.68, 8.54 ], [ 21.02, 11.16 ], [ 11.79, 9.58 ], [ 17.25, 12.33 ], [ 27.50, 0.50 ], [ 15.29, 11.85 ]
[2026-07-07 14:58:11] Generated sentinel field info: 0xa5 0x36 0x00 0x00 0xcc 0x01 0x03 0x02 0x02 0x6d 0x00 0x6b 0x00 0x1f 0x85 0x9b 0x40 0x52 0xb8 0x3e 0x41 0xe0 0x8a 0xfe 0x40 0xa5 0x08 0xef 0x40 0x56 0x65 0x19 0x40 0x3d 0x0a 0x17 0x40 0xf0 0x73 0x05 0x41 0x85 0x44 0x32 0x41 0x00 0x00 0x00 0x3f 0x00 0x00 0x68 0x41 0xf4 0xea 0xe6 0x40 0x9f 0xf9 0xa2 0x40 0xa7 0xc2
[2026-07-07 14:58:11] Send self decision info: 0xa5 0x0e 0x00 0x00 0x37 0x01 0x03 0x21 0x01 0x6d 0x00 0x80 0x80 0x00 0x02 0x31 0x32 0x33 0x34 0x35 0x36 0x9d 0x8d
[2026-07-07 14:58:11] Generated sentinel field info: 0xa5 0x36 0x00 0x00 0xcc 0x01 0x03 0x02 0x02 0x6d 0x00 0x6b 0x00 0x1f 0x85 0x9b 0x40 0x52 0xb8 0x3e 0x41 0xac 0x4e 0xff 0x40 0x8f 0x42 0xef 0x40 0x56 0x65 0x19 0x40 0x3d 0x0a 0x17 0x40 0x16 0x05 0x00 0x41 0x58 0x49 0x2b 0x41 0x00 0x00 0x00 0x3f 0x00 0x00 0x68 0x41 0xe0 0x37 0xe6 0x40 0x2b 0xbc 0xa2 0x40 0x51 0xfb
[2026-07-07 14:58:11] Send self decision info: 0xa5 0x0e 0x00 0x00 0x37 0x01 0x03 0x21 0x01 0x6d 0x00 0x80 0x80 0x00 0x02 0x31 0x32 0x33 0x34 0x35 0x36 0x9d 0x8d
[2026-07-07 14:58:11] Preparing to send all location info: [ 4.86, 11.92 ], [ 7.95, 7.47 ], [ 2.40, 2.36 ], [ 7.64, 9.95 ], [ 0.50, 14.50 ], [ 7.24, 5.10 ], [ 19.68, 8.54 ], [ 21.02, 11.16 ], [ 13.40, 7.56 ], [ 17.25, 12.33 ], [ 27.50, 0.50 ], [ 15.29, 11.85 ]
[2026-07-07 14:58:11] Generated sentinel field info: 0xa5 0x36 0x00 0x00 0xcc 0x01 0x03 0x02 0x02 0x6d 0x00 0x6b 0x00 0x1f 0x85 0x9b 0x40 0x52 0xb8 0x3e 0x41 0x8c 0x8d 0xfe 0x40 0xc1 0x04 0xef 0x40 0x56 0x65 0x19 0x40 0x3d 0x0a 0x17 0x40 0x24 0xa3 0xf4 0x40 0x63 0x28 0x1f 0x41 0x00 0x00 0x00 0x3f 0x00 0x00 0x68 0x41 0xb4 0xb9 0xe7 0x40 0x05 0x0b 0xa3 0x40 0x37 0x5d
[2026-07-07 14:58:11] Send self decision info: 0xa5 0x0e 0x00 0x00 0x37 0x01 0x03 0x21 0x01 0x6d 0x00 0x80 0x80 0x00 0x02 0x31 0x32 0x33 0x34 0x35 0x36 0x9d 0x8d
[2026-07-07 14:58:11] Generated sentinel field info: 0xa5 0x36 0x00 0x00 0xcc 0x01 0x03 0x02 0x02 0x6d 0x00 0x6b 0x00 0x1f 0x85 0x9b 0x40 0x52 0xb8 0x3e 0x41 0xf0 0x61 0xfe 0x40 0x25 0x44 0xef 0x40 0x56 0x65 0x19 0x40 0x3d 0x0a 0x17 0x40 0xe4 0x71 0xe0 0x40 0x34 0x0e 0x15 0x41 0x00 0x00 0x00 0x3f 0x00 0x00 0x68 0x41 0x98 0x71 0xe7 0x40 0x04 0x7f 0xa3 0x40 0x7c 0x8c
[2026-07-07 14:58:12] Send self decision info: 0xa5 0x0e 0x00 0x00 0x37 0x01 0x03 0x21 0x01 0x6d 0x00 0x80 0x80 0x00 0x02 0x31 0x32 0x33 0x34 0x35 0x36 0x9d 0x8d
[2026-07-07 14:58:12] Preparing to send all location info: [ 4.86, 11.92 ], [ 7.92, 7.47 ], [ 2.40, 2.36 ], [ 6.21, 8.52 ], [ 0.50, 14.50 ], [ 7.26, 5.11 ], [ 19.68, 8.54 ], [ 21.02, 11.16 ], [ 14.23, 5.39 ], [ 17.25, 12.33 ], [ 27.50, 0.50 ], [ 15.29, 11.85 ]
[2026-07-07 14:58:12] Generated sentinel field info: 0xa5 0x36 0x00 0x00 0xcc 0x01 0x03 0x02 0x02 0x6d 0x00 0x6b 0x00 0x1f 0x85 0x9b 0x40 0x52 0xb8 0x3e 0x41 0x4c 0x87 0xfd 0x40 0x0c 0x2c 0xef 0x40 0x56 0x65 0x19 0x40 0x3d 0x0a 0x17 0x40 0x60 0xc4 0xc6 0x40 0x0a 0x4d 0x08 0x41 0x00 0x00 0x00 0x3f 0x00 0x00 0x68 0x41 0x98 0x5e 0xe8 0x40 0x42 0x60 0xa3 0x40 0xb9 0x56
[2026-07-07 14:58:12] Send self decision info: 0xa5 0x0e 0x00 0x00 0x37 0x01 0x03 0x21 0x01 0x6d 0x00 0x80 0x80 0x00 0x02 0x31 0x32 0x33 0x34 0x35 0x36 0x9d 0x8d
[2026-07-07 14:58:12] Generated sentinel field info: 0xa5 0x36 0x00 0x00 0xcc 0x01 0x03 0x02 0x02 0x6d 0x00 0x6b 0x00 0x1f 0x85 0x9b 0x40 0x52 0xb8 0x3e 0x41 0x74 0x93 0xfd 0x40 0x58 0x1a 0xef 0x40 0x56 0x65 0x19 0x40 0x3d 0x0a 0x17 0x40 0xdc 0x96 0xac 0x40 0x3d 0xd9 0xf6 0x40 0x00 0x00 0x00 0x3f 0x00 0x00 0x68 0x41 0x2c 0x0b 0xe6 0x40 0x04 0x62 0xa4 0x40 0xf8 0xbe
[2026-07-07 14:58:12] Send self decision info: 0xa5 0x0e 0x00 0x00 0x37 0x01 0x03 0x21 0x01 0x6d 0x00 0x80 0x80 0x00 0x02 0x31 0x32 0x33 0x34 0x35 0x36 0x9d 0x8d
[2026-07-07 14:58:12] Preparing to send all location info: [ 4.86, 11.92 ], [ 7.92, 7.47 ], [ 2.40, 2.36 ], [ 5.38, 7.43 ], [ 0.50, 14.50 ], [ 7.22, 5.09 ], [ 19.68, 8.54 ], [ 21.02, 11.16 ], [ 15.35, 4.38 ], [ 17.25, 12.33 ], [ 27.50, 0.50 ], [ 15.29, 11.85 ]
[2026-07-07 14:58:12] Generated sentinel field info: 0xa5 0x36 0x00 0x00 0xcc 0x01 0x03 0x02 0x02 0x6d 0x00 0x6b 0x00 0x1f 0x85 0x9b 0x40 0x52 0xb8 0x3e 0x41 0x4c 0x8c 0xfd 0x40 0xc4 0x24 0xef 0x40 0x56 0x65 0x19 0x40 0x3d 0x0a 0x17 0x40 0x9c 0x02 0xac 0x40 0xc3 0xae 0xed 0x40 0x00 0x00 0x00 0x3f 0x00 0x00 0x68 0x41 0x94 0xfb 0xe6 0x40 0xd7 0xde 0xa2 0x40 0xcd 0xf9
[2026-07-07 14:58:12] Send self decision info: 0xa5 0x0e 0x00 0x00 0x37 0x01 0x03 0x21 0x01 0x6d 0x00 0x80 0x80 0x00 0x02 0x31 0x32 0x33 0x34 0x35 0x36 0x9d 0x8d
[2026-07-07 14:58:12] Generated sentinel field info: 0xa5 0x36 0x00 0x00 0xcc 0x01 0x03 0x02 0x02 0x6d 0x00 0x6b 0x00 0x1f 0x85 0x9b 0x40 0x52 0xb8 0x3e 0x41 0xdc 0x45 0xff 0x40 0x5e 0x4f 0xef 0x40 0x56 0x65 0x19 0x40 0x3d 0x0a 0x17 0x40 0x74 0xc3 0xae 0x40 0xa4 0x29 0xe9 0x40 0x00 0x00 0x00 0x3f 0x00 0x00 0x68 0x41 0x04 0x40 0xe7 0x40 0xc7 0xce 0xa3 0x40 0xc5 0xfd
[2026-07-07 14:58:12] Send self decision info: 0xa5 0x0e 0x00 0x00 0x37 0x01 0x03 0x21 0x01 0x6d 0x00 0x80 0x80 0x00 0x02 0x31 0x32 0x33 0x34 0x35 0x36 0x9d 0x8d
[2026-07-07 14:58:12] Preparing to send all location info: [ 4.86, 11.92 ], [ 7.98, 7.48 ], [ 2.40, 2.36 ], [ 6.02, 6.90 ], [ 0.50, 14.50 ], [ 7.22, 5.09 ], [ 19.68, 8.54 ], [ 21.02, 11.16 ], [ 15.53, 4.67 ], [ 17.25, 12.33 ], [ 27.50, 0.50 ], [ 15.29, 11.85 ]
[2026-07-07 14:58:12] Generated sentinel field info: 0xa5 0x36 0x00 0x00 0xcc 0x01 0x03 0x02 0x02 0x6d 0x00 0x6b 0x00 0x1f 0x85 0x9b 0x40 0x52 0xb8 0x3e 0x41 0xf0 0x41 0xff 0x40 0x0c 0x55 0xef 0x40 0x56 0x65 0x19 0x40 0x3d 0x0a 0x17 0x40 0x40 0x90 0xc0 0x40 0x13 0xdc 0xdc 0x40 0x00 0x00 0x00 0x3f 0x00 0x00 0x68 0x41 0x8c 0xfa 0xe6 0x40 0x85 0xe0 0xa2 0x40 0x84 0xdb
[2026-07-07 14:58:13] Send self decision info: 0xa5 0x0e 0x00 0x00 0x37 0x01 0x03 0x21 0x01 0x6d 0x00 0x80 0x80 0x00 0x02 0x31 0x32 0x33 0x34 0x35 0x36 0x9d 0x8d
[2026-07-07 14:58:13] Generated sentinel field info: 0xa5 0x36 0x00 0x00 0xcc 0x01 0x03 0x02 0x02 0x6d 0x00 0x6b 0x00 0x1f 0x85 0x9b 0x40 0x52 0xb8 0x3e 0x41 0x90 0x06 0x00 0x41 0xbb 0x84 0xef 0x40 0x56 0x65 0x19 0x40 0x3d 0x0a 0x17 0x40 0xdc 0x3c 0xc1 0x40 0x73 0xf3 0xe0 0x40 0x00 0x00 0x00 0x3f 0x00 0x00 0x68 0x41 0x18 0x3c 0xe7 0x40 0x14 0xd5 0xa3 0x40 0x37 0xe2
[2026-07-07 14:58:13] Send self decision info: 0xa5 0x0e 0x00 0x00 0x37 0x01 0x03 0x21 0x01 0x6d 0x00 0x80 0x80 0x00 0x02 0x31 0x32 0x33 0x34 0x35 0x36 0x9d 0x8d
[2026-07-07 14:58:13] Preparing to send all location info: [ 4.86, 11.92 ], [ 8.00, 7.49 ], [ 2.40, 2.36 ], [ 5.90, 7.06 ], [ 0.50, 14.50 ], [ 7.25, 5.12 ], [ 19.68, 8.54 ], [ 21.02, 11.16 ], [ 15.30, 3.98 ], [ 20.71, 6.79 ], [ 27.50, 0.50 ], [ 15.29, 11.85 ]
[2026-07-07 14:58:13] Generated sentinel field info: 0xa5 0x36 0x00 0x00 0xcc 0x01 0x03 0x02 0x02 0x6d 0x00 0x6b 0x00 0x1f 0x85 0x9b 0x40 0x52 0xb8 0x3e 0x41 0x74 0xfe 0xff 0x40 0x02 0x9a 0xef 0x40 0x56 0x65 0x19 0x40 0x3d 0x0a 0x17 0x40 0xb0 0xba 0xbc 0x40 0xa9 0xc4 0xe1 0x40 0x00 0x00 0x00 0x3f 0x00 0x00 0x68 0x41 0xe8 0x0c 0xe8 0x40 0x7c 0xe3 0xa3 0x40 0x36 0x91
[2026-07-07 14:58:13] Send self decision info: 0xa5 0x0e 0x00 0x00 0x37 0x01 0x03 0x21 0x01 0x6d 0x00 0x80 0x80 0x00 0x02 0x31 0x32 0x33 0x34 0x35 0x36 0x9d 0x8d
[2026-07-07 14:58:13] Generated sentinel field info: 0xa5 0x36 0x00 0x00 0xcc 0x01 0x03 0x02 0x02 0x6d 0x00 0x6b 0x00 0x1f 0x85 0x9b 0x40 0x52 0xb8 0x3e 0x41 0xd0 0x4e 0xfe 0x40 0xf5 0x5f 0xef 0x40 0x56 0x65 0x19 0x40 0x3d 0x0a 0x17 0x40 0xe8 0xc1 0xab 0x40 0xbc 0x8f 0xdd 0x40 0x00 0x00 0x00 0x3f 0x00 0x00 0x68 0x41 0x84 0xf2 0xe7 0x40 0xe3 0x0d 0xa4 0x40 0x84 0x80
[2026-07-07 14:58:13] Send self decision info: 0xa5 0x0e 0x00 0x00 0x37 0x01 0x03 0x21 0x01 0x6d 0x00 0x80 0x80 0x00 0x02 0x31 0x32 0x33 0x34 0x35 0x36 0x9d 0x8d
[2026-07-07 14:58:13] Preparing to send all location info: [ 4.86, 11.92 ], [ 7.40, 7.45 ], [ 2.40, 2.36 ], [ 5.16, 6.79 ], [ 0.50, 14.50 ], [ 7.20, 5.12 ], [ 19.68, 8.54 ], [ 21.02, 11.16 ], [ 15.19, 3.61 ], [ 20.59, 6.79 ], [ 27.50, 0.50 ], [ 15.29, 11.85 ]
[2026-07-07 14:58:13] Generated sentinel field info: 0xa5 0x36 0x00 0x00 0xcc 0x01 0x03 0x02 0x02 0x6d 0x00 0x6b 0x00 0x1f 0x85 0x9b 0x40 0x52 0xb8 0x3e 0x41 0x44 0xe8 0xec 0x40 0xe4 0x66 0xee 0x40 0x56 0x65 0x19 0x40 0x3d 0x0a 0x17 0x40 0xf8 0x43 0xa5 0x40 0x26 0x25 0xd9 0x40 0x00 0x00 0x00 0x3f 0x00 0x00 0x68 0x41 0x9c 0x74 0xe6 0x40 0x36 0xb8 0xa3 0x40 0x64 0x05
[2026-07-07 14:58:13] Send self decision info: 0xa5 0x0e 0x00 0x00 0x37 0x01 0x03 0x21 0x01 0x6d 0x00 0x80 0x80 0x00 0x02 0x31 0x32 0x33 0x34 0x35 0x36 0x9d 0x8d
[2026-07-07 14:58:13] Generated sentinel field info: 0xa5 0x36 0x00 0x00 0xcc 0x01 0x03 0x02 0x02 0x6d 0x00 0x6b 0x00 0x00 0x00 0x00 0x00 0xeb 0xc7 0x09 0x41 0x1c 0xa7 0xed 0x40 0x1b 0x9d 0xee 0x40 0x56 0x65 0x19 0x40 0x3d 0x0a 0x17 0x40 0x00 0x6a 0xb0 0x40 0xc3 0x80 0xdd 0x40 0x00 0x00 0x00 0x3f 0x00 0x00 0x68 0x41 0x1c 0x89 0xe6 0x40 0x32 0x97 0xa3 0x40 0x33 0x32
[2026-07-07 14:58:14] Send self decision info: 0xa5 0x0e 0x00 0x00 0x37 0x01 0x03 0x21 0x01 0x6d 0x00 0x80 0x80 0x00 0x02 0x31 0x32 0x33 0x34 0x35 0x36 0x9d 0x8d
[2026-07-07 14:58:14] Preparing to send all location info: [ 0.43, 8.86 ], [ 7.59, 7.38 ], [ 2.40, 2.36 ], [ 5.32, 7.09 ], [ 0.50, 14.50 ], [ 7.22, 5.12 ], [ 19.68, 8.54 ], [ 21.02, 11.16 ], [ 16.27, 2.39 ], [ 20.64, 6.80 ], [ 27.50, 0.50 ], [ 15.29, 11.85 ]
[2026-07-07 14:58:14] Generated sentinel field info: 0xa5 0x36 0x00 0x00 0xcc 0x01 0x03 0x02 0x02 0x6d 0x00 0x6b 0x00 0x00 0xa1 0xdb 0x3e 0xaf 0xbb 0x0d 0x41 0x94 0xed 0xf2 0x40 0x1a 0x15 0xec 0x40 0x56 0x65 0x19 0x40 0x3d 0x0a 0x17 0x40 0x8c 0x19 0xaa 0x40 0x4a 0xdf 0xe2 0x40 0x00 0x00 0x00 0x3f 0x00 0x00 0x68 0x41 0x24 0x2a 0xe7 0x40 0xf3 0xf1 0xa3 0x40 0x20 0xf1
[2026-07-07 14:58:14] Send self decision info: 0xa5 0x0e 0x00 0x00 0x37 0x01 0x03 0x21 0x01 0x6d 0x00 0x80 0x80 0x00 0x02 0x31 0x32 0x33 0x34 0x35 0x36 0x9d 0x8d
[2026-07-07 14:58:14] Generated sentinel field info: 0xa5 0x36 0x00 0x00 0xcc 0x01 0x03 0x02 0x02 0x6d 0x00 0x6b 0x00 0xb0 0x66 0xa1 0x3f 0x44 0x85 0x11 0x41 0xe4 0xd1 0xf5 0x40 0x1c 0xcc 0xeb 0x40 0x56 0x65 0x19 0x40 0x3d 0x0a 0x17 0x40 0x2c 0x0a 0x9e 0x40 0x91 0x84 0xdc 0x40 0x00 0x00 0x00 0x3f 0x00 0x00 0x68 0x41 0xf8 0x41 0xe6 0x40 0xc5 0x09 0xa4 0x40 0x6f 0xd0
[2026-07-07 14:58:14] Send self decision info: 0xa5 0x0e 0x00 0x00 0x37 0x01 0x03 0x21 0x01 0x6d 0x00 0x80 0x80 0x00 0x02 0x31 0x32 0x33 0x34 0x35 0x36 0x9d 0x8d
[2026-07-07 14:58:14] Preparing to send all location info: [ 1.48, 9.13 ], [ 7.74, 7.36 ], [ 2.40, 2.36 ], [ 4.68, 6.51 ], [ 0.50, 14.50 ], [ 7.22, 5.13 ], [ 19.68, 8.54 ], [ 21.02, 11.16 ], [ 15.07, 2.12 ], [ 20.65, 6.79 ], [ 27.50, 0.50 ], [ 15.29, 11.85 ]
[2026-07-07 14:58:14] Generated sentinel field info: 0xa5 0x36 0x00 0x00 0xcc 0x01 0x03 0x02 0x02 0x6d 0x00 0x6b 0x00 0xd0 0x30 0xbd 0x3f 0xde 0x13 0x12 0x41 0x5c 0xb5 0xf7 0x40 0xb8 0xad 0xeb 0x40 0x56 0x65 0x19 0x40 0x3d 0x0a 0x17 0x40 0x68 0xb4 0x95 0x40 0xfb 0x48 0xd0 0x40 0x00 0x00 0x00 0x3f 0x00 0x00 0x68 0x41 0x8c 0x12 0xe7 0x40 0xe8 0x17 0xa4 0x40 0x93 0x17
[2026-07-07 14:58:14] Send self decision info: 0xa5 0x0e 0x00 0x00 0x37 0x01 0x03 0x21 0x01 0x6d 0x00 0x80 0x80 0x00 0x02 0x31 0x32 0x33 0x34 0x35 0x36 0x9d 0x8d
[2026-07-07 14:58:14] Generated sentinel field info: 0xa5 0x36 0x00 0x00 0xcc 0x01 0x03 0x02 0x02 0x6d 0x00 0x6b 0x00 0x40 0x38 0xcc 0x3f 0x2d 0x6a 0x12 0x41 0xb8 0x58 0xf9 0x40 0x2a 0xf0 0xeb 0x40 0x56 0x65 0x19 0x40 0x3d 0x0a 0x17 0x40 0x8c 0x62 0x9a 0x40 0x73 0x91 0xbc 0x40 0x00 0x00 0x00 0x3f 0x00 0x00 0x68 0x41 0xe0 0x17 0xe7 0x40 0x55 0x0f 0xa4 0x40 0xde 0x83
[2026-07-07 14:58:14] Send self decision info: 0xa5 0x0e 0x00 0x00 0x37 0x01 0x03 0x21 0x01 0x6d 0x00 0x80 0x80 0x00 0x02 0x31 0x32 0x33 0x34 0x35 0x36 0x9d 0x8d
[2026-07-07 14:58:14] Preparing to send all location info: [ 1.85, 9.13 ], [ 7.82, 7.38 ], [ 2.40, 2.36 ], [ 5.17, 5.19 ], [ 0.50, 14.50 ], [ 7.24, 5.14 ], [ 19.68, 8.54 ], [ 21.02, 11.16 ], [ 14.30, 1.95 ], [ 20.64, 6.80 ], [ 27.50, 0.50 ], [ 15.29, 11.85 ]
[2026-07-07 14:58:14] Generated sentinel field info: 0xa5 0x36 0x00 0x00 0xcc 0x01 0x03 0x02 0x02 0x6d 0x00 0x6b 0x00 0xb0 0x53 0xec 0x3f 0x0e 0x26 0x12 0x41 0x84 0x2b 0xfa 0x40 0x8d 0x10 0xec 0x40 0x56 0x65 0x19 0x40 0x3d 0x0a 0x17 0x40 0xa4 0x93 0xa5 0x40 0x34 0x2f 0xa6 0x40 0x00 0x00 0x00 0x3f 0x00 0x00 0x68 0x41 0x58 0xb8 0xe7 0x40 0x56 0x6b 0xa4 0x40 0xb8 0xb4
[2026-07-07 14:58:15] Send self decision info: 0xa5 0x0e 0x00 0x00 0x37 0x01 0x03 0x21 0x01 0x6d 0x00 0x80 0x80 0x00 0x02 0x31 0x32 0x33 0x34 0x35 0x36 0x9d 0x8d
[2026-07-07 14:58:15] Send self decision info: 0xa5 0x0e 0x00 0x00 0x37 0x01 0x03 0x21 0x01 0x6d 0x00 0x80 0x80 0x00 0x02 0x31 0x32 0x33 0x34 0x35 0x36 0x9d 0x8d
[2026-07-07 14:58:15] Preparing to send all location info: [ 2.05, 9.18 ], [ 7.82, 7.38 ], [ 2.40, 2.36 ], [ 6.22, 3.03 ], [ 0.50, 14.50 ], [ 7.17, 5.13 ], [ 19.68, 8.54 ], [ 21.02, 11.16 ], [ 14.41, 1.96 ], [ 20.19, 6.75 ], [ 27.50, 0.50 ], [ 15.29, 11.85 ]
[2026-07-07 14:58:15] Generated sentinel field info: 0xa5 0x36 0x00 0x00 0xcc 0x01 0x03 0x02 0x02 0x6d 0x00 0x6b 0x00 0x38 0x40 0x03 0x40 0x91 0xd8 0x12 0x41 0xe4 0x28 0xfa 0x40 0x6a 0x14 0xec 0x40 0x56 0x65 0x19 0x40 0x3d 0x0a 0x17 0x40 0xf8 0x32 0xc7 0x40 0xc8 0xfa 0x41 0x40 0x00 0x00 0x00 0x3f 0x00 0x00 0x68 0x41 0x1c 0x5f 0xe5 0x40 0xa9 0x19 0xa4 0x40 0x83 0x00
[2026-07-07 14:58:15] Send self decision info: 0xa5 0x0e 0x00 0x00 0x37 0x01 0x03 0x21 0x01 0x6d 0x00 0x80 0x80 0x00 0x02 0x31 0x32 0x33 0x34 0x35 0x36 0x9d 0x8d
[2026-07-07 14:58:15] Generated sentinel field info: 0xa5 0x36 0x00 0x00 0xcc 0x01 0x03 0x02 0x02 0x6d 0x00 0x6b 0x00 0x10 0xef 0xf2 0x3f 0xcb 0xdd 0x12 0x41 0x40 0x19 0xfb 0x40 0x0b 0x0a 0xec 0x40 0x56 0x65 0x19 0x40 0x3d 0x0a 0x17 0x40 0x84 0xe7 0xd5 0x40 0xfc 0xd0 0x18 0x40 0x00 0x00 0x00 0x3f 0x00 0x00 0x68 0x41 0x04 0x8a 0xe7 0x40 0xc8 0xb5 0xa4 0x40 0x2a 0xcb
[2026-07-07 14:58:15] Send self decision info: 0xa5 0x0e 0x00 0x00 0x37 0x01 0x03 0x21 0x01 0x6d 0x00 0x80 0x80 0x00 0x02 0x31 0x32 0x33 0x34 0x35 0x36 0x9d 0x8d
[2026-07-07 14:58:15] Preparing to send all location info: [ 1.44, 9.20 ], [ 7.42, 7.51 ], [ 2.40, 2.36 ], [ 6.81, 2.16 ], [ 0.50, 14.50 ], [ 7.19, 5.14 ], [ 19.68, 8.54 ], [ 21.02, 11.16 ], [ 15.02, 2.35 ], [ 20.17, 6.98 ], [ 27.50, 0.50 ], [ 15.29, 11.85 ]
[2026-07-07 14:58:15] Generated sentinel field info: 0xa5 0x36 0x00 0x00 0xcc 0x01 0x03 0x02 0x02 0x6d 0x00 0x6b 0x00 0x90 0x65 0xb8 0x3f 0xf6 0x3b 0x13 0x41 0xb0 0x78 0xed 0x40 0xa0 0x34 0xf0 0x40 0x56 0x65 0x19 0x40 0x3d 0x0a 0x17 0x40 0x2c 0xf7 0xd9 0x40 0xbb 0x63 0x0a 0x40 0x00 0x00 0x00 0x3f 0x00 0x00 0x68 0x41 0xac 0xfc 0xe5 0x40 0x5f 0x79 0xa4 0x40 0x5f 0x41
[2026-07-07 14:58:15] Send self decision info: 0xa5 0x0e 0x00 0x00 0x37 0x01 0x03 0x21 0x01 0x6d 0x00 0x80 0x80 0x00 0x02 0x31 0x32 0x33 0x34 0x35 0x36 0x9d 0x8d
[2026-07-07 14:58:15] Generated sentinel field info: 0xa5 0x36 0x00 0x00 0xcc 0x01 0x03 0x02 0x02 0x6d 0x00 0x6b 0x00 0xb0 0x84 0xae 0x3f 0x98 0xd0 0x12 0x41 0x48 0x58 0xeb 0x40 0x52 0x69 0xef 0x40 0x56 0x65 0x19 0x40 0x3d 0x0a 0x17 0x40 0x9c 0xfc 0xcf 0x40 0x66 0xc7 0xd9 0x3f 0x00 0x00 0x00 0x3f 0x00 0x00 0x68 0x41 0x38 0x96 0xe7 0x40 0x2a 0xa2 0xa4 0x40 0xef 0x54
[2026-07-07 14:58:16] Send self decision info: 0xa5 0x0e 0x00 0x00 0x37 0x01 0x03 0x21 0x01 0x6d 0x00 0x80 0x80 0x00 0x02 0x31 0x32 0x33 0x34 0x35 0x36 0x9d 0x8d
[2026-07-07 14:58:16] Preparing to send all location info: [ 1.29, 9.15 ], [ 7.28, 7.48 ], [ 2.40, 2.36 ], [ 6.97, 1.11 ], [ 0.50, 14.50 ], [ 7.23, 5.16 ], [ 19.68, 8.54 ], [ 21.02, 11.16 ], [ 16.83, 3.65 ], [ 20.17, 6.98 ], [ 27.50, 0.50 ], [ 15.29, 11.85 ]
[2026-07-07 14:58:16] Generated sentinel field info: 0xa5 0x36 0x00 0x00 0xcc 0x01 0x03 0x02 0x02 0x6d 0x00 0x6b 0x00 0x70 0x82 0xa4 0x3f 0xa7 0x71 0x12 0x41 0x4c 0xd2 0xe8 0x40 0x3e 0x3a 0xef 0x40 0x56 0x65 0x19 0x40 0x3d 0x0a 0x17 0x40 0x18 0x2c 0xdf 0x40 0xab 0xd7 0x8d 0x3f 0x00 0x00 0x00 0x3f 0x00 0x00 0x68 0x41 0xf8 0x4e 0xe7 0x40 0xa1 0x14 0xa5 0x40 0x8a 0x86
[2026-07-07 14:58:16] Send self decision info: 0xa5 0x0e 0x00 0x00 0x37 0x01 0x03 0x21 0x01 0x6d 0x00 0x80 0x80 0x00 0x02 0x31 0x32 0x33 0x34 0x35 0x36 0x9d 0x8d
[2026-07-07 14:58:16] Generated sentinel field info: 0xa5 0x36 0x00 0x00 0xcc 0x01 0x03 0x02 0x02 0x6d 0x00 0x6b 0x00 0x30 0x98 0xa4 0x3f 0x5b 0x6c 0x12 0x41 0x2c 0xe0 0xeb 0x40 0x9d 0xf9 0xeb 0x40 0x56 0x65 0x19 0x40 0x3d 0x0a 0x17 0x40 0xfc 0x8b 0xed 0x40 0x0f 0x1a 0xbe 0x3f 0x00 0x00 0x00 0x3f 0x00 0x00 0x68 0x41 0x58 0x1d 0xe8 0x40 0x2a 0x27 0xa5 0x40 0xfb 0x20
[2026-07-07 14:58:16] Send self decision info: 0xa5 0x0e 0x00 0x00 0x37 0x01 0x03 0x21 0x01 0x6d 0x00 0x80 0x80 0x00 0x02 0x31 0x32 0x33 0x34 0x35 0x36 0x9d 0x8d
[2026-07-07 14:58:16] Preparing to send all location info: [ 1.30, 9.16 ], [ 7.67, 7.35 ], [ 2.40, 2.36 ], [ 7.15, 2.15 ], [ 0.50, 14.50 ], [ 7.21, 5.15 ], [ 19.68, 8.54 ], [ 21.02, 11.16 ], [ 17.66, 4.76 ], [ 20.17, 6.98 ], [ 27.50, 0.50 ], [ 14.92, 10.65 ]
[2026-07-07 14:58:16] Generated sentinel field info: 0xa5 0x36 0x00 0x00 0xcc 0x01 0x03 0x02 0x02 0x6d 0x00 0x6b 0x00 0x30 0x69 0xa6 0x3f 0x8f 0x8a 0x12 0x41 0x08 0x5a 0xf5 0x40 0x35 0x28 0xeb 0x40 0x56 0x65 0x19 0x40 0x3d 0x0a 0x17 0x40 0x7c 0xc9 0xe4 0x40 0x23 0x4e 0x09 0x40 0x00 0x00 0x00 0x3f 0x00 0x00 0x68 0x41 0x54 0xb5 0xe6 0x40 0xd7 0xad 0xa4 0x40 0xa7 0xe6
[2026-07-07 14:58:16] Send self decision info: 0xa5 0x0e 0x00 0x00 0x37 0x01 0x03 0x21 0x01 0x6d 0x00 0x80 0x80 0x00 0x02 0x31 0x32 0x33 0x34 0x35 0x36 0x9d 0x8d
[2026-07-07 14:58:16] Generated sentinel field info: 0xa5 0x36 0x00 0x00 0xcc 0x01 0x03 0x02 0x02 0x6d 0x00 0x6b 0x00 0x50 0x61 0xde 0x3f 0x8b 0x0b 0x12 0x41 0x4c 0x74 0xf8 0x40 0x3c 0xea 0xeb 0x40 0x56 0x65 0x19 0x40 0x3d 0x0a 0x17 0x40 0x74 0xda 0xdd 0x40 0x82 0x0e 0x2a 0x40 0x00 0x00 0x00 0x3f 0x00 0x00 0x68 0x41 0x38 0x46 0xe6 0x40 0x94 0x60 0xa5 0x40 0x8e 0x81
[2026-07-07 14:58:16] Send self decision info: 0xa5 0x0e 0x00 0x00 0x37 0x01 0x03 0x21 0x01 0x6d 0x00 0x80 0x80 0x00 0x02 0x31 0x32 0x33 0x34 0x35 0x36 0x9d 0x8d
[2026-07-07 14:58:16] Preparing to send all location info: [ 2.26, 9.08 ], [ 7.79, 7.38 ], [ 2.40, 2.36 ], [ 7.16, 2.75 ], [ 0.50, 14.50 ], [ 7.19, 5.14 ], [ 19.68, 8.54 ], [ 21.02, 11.16 ], [ 17.84, 6.02 ], [ 14.87, 10.56 ], [ 27.50, 0.50 ], [ 14.88, 10.55 ]
[2026-07-07 14:58:17] Send self decision info: 0xa5 0x0e 0x00 0x00 0x37 0x01 0x03 0x21 0x01 0x6d 0x00 0x80 0x80 0x00 0x02 0x31 0x32 0x33 0x34 0x35 0x36 0x9d 0x8d
[2026-07-07 14:58:17] Generated sentinel field info: 0xa5 0x36 0x00 0x00 0xcc 0x01 0x03 0x02 0x02 0x6d 0x00 0x6b 0x00 0xc8 0x6a 0x11 0x40 0x86 0x6f 0x11 0x41 0xf8 0xe9 0xfa 0x40 0x4c 0x4f 0xec 0x40 0x56 0x65 0x19 0x40 0x3d 0x0a 0x17 0x40 0x60 0xfb 0xf8 0x40 0xaf 0x04 0x31 0x40 0x00 0x00 0x00 0x3f 0x00 0x00 0x68 0x41 0x14 0xb1 0xe8 0x40 0x40 0x98 0xa5 0x40 0x8a 0x43
[2026-07-07 14:58:17] Send self decision info: 0xa5 0x0e 0x00 0x00 0x37 0x01 0x03 0x21 0x01 0x6d 0x00 0x80 0x80 0x00 0x02 0x31 0x32 0x33 0x34 0x35 0x36 0x9d 0x8d
[2026-07-07 14:58:17] Preparing to send all location info: [ 2.28, 9.19 ], [ 7.87, 7.39 ], [ 2.40, 2.36 ], [ 8.69, 2.35 ], [ 0.50, 14.50 ], [ 7.23, 5.15 ], [ 19.68, 8.54 ], [ 21.02, 11.16 ], [ 17.57, 6.92 ], [ 14.53, 10.76 ], [ 27.50, 0.50 ], [ 14.88, 10.55 ]
[2026-07-07 14:58:17] Generated sentinel field info: 0xa5 0x36 0x00 0x00 0xcc 0x01 0x03 0x02 0x02 0x6d 0x00 0x6b 0x00 0x10 0xad 0x11 0x40 0x80 0x09 0x13 0x41 0xe8 0xc0 0xfb 0x40 0xb6 0x6a 0xec 0x40 0x56 0x65 0x19 0x40 0x3d 0x0a 0x17 0x40 0x14 0x1d 0x0b 0x41 0x79 0x28 0x16 0x40 0x00 0x00 0x00 0x3f 0x00 0x00 0x68 0x41 0xe0 0x7f 0xe7 0x40 0x12 0xc6 0xa4 0x40 0x05 0x64
[2026-07-07 14:58:17] Send self decision info: 0xa5 0x0e 0x00 0x00 0x37 0x01 0x03 0x21 0x01 0x6d 0x00 0x80 0x80 0x00 0x02 0x31 0x32 0x33 0x34 0x35 0x36 0x9d 0x8d
[2026-07-07 14:58:17] Send self decision info: 0xa5 0x0e 0x00 0x00 0x37 0x01 0x03 0x21 0x01 0x6d 0x00 0x80 0x80 0x00 0x02 0x31 0x32 0x33 0x34 0x35 0x36 0x9d 0x8d
[2026-07-07 14:58:17] Preparing to send all location info: [ 1.42, 9.27 ], [ 7.89, 7.40 ], [ 2.40, 2.36 ], [ 8.84, 2.43 ], [ 0.50, 14.50 ], [ 7.20, 5.16 ], [ 19.68, 8.54 ], [ 21.02, 11.16 ], [ 17.57, 6.92 ], [ 14.39, 10.91 ], [ 27.50, 0.50 ], [ 14.88, 10.55 ]
[2026-07-07 14:58:17] Generated sentinel field info: 0xa5 0x36 0x00 0x00 0xcc 0x01 0x03 0x02 0x02 0x6d 0x00 0x6b 0x00 0x30 0x5f 0xb6 0x3f 0xc5 0x48 0x14 0x41 0x90 0x7b 0xfc 0x40 0x03 0xb0 0xec 0x40 0x56 0x65 0x19 0x40 0x3d 0x0a 0x17 0x40 0x90 0x76 0x0d 0x41 0x77 0x7f 0x1b 0x40 0x00 0x00 0x00 0x3f 0x00 0x00 0x68 0x41 0xbc 0x62 0xe6 0x40 0xb5 0x32 0xa5 0x40 0xc4 0xb3
[2026-07-07 14:58:17] Send self decision info: 0xa5 0x0e 0x00 0x00 0x37 0x01 0x03 0x21 0x01 0x6d 0x00 0x80 0x80 0x00 0x02 0x31 0x32 0x33 0x34 0x35 0x36 0x9d 0x8d
[2026-07-07 14:58:17] Generated sentinel field info: 0xa5 0x36 0x00 0x00 0xcc 0x01 0x03 0x02 0x02 0x6d 0x00 0x6b 0x00 0x40 0x93 0xe7 0x3e 0xe9 0x6b 0x17 0x41 0xde 0xab 0x00 0x41 0x80 0xf6 0xea 0x40 0x56 0x65 0x19 0x40 0x3d 0x0a 0x17 0x40 0x7a 0x2b 0x05 0x41 0xb3 0x24 0x34 0x40 0x00 0x00 0x00 0x3f 0x00 0x00 0x68 0x41 0x84 0x3c 0xe7 0x40 0x4c 0x32 0xa5 0x40 0xae 0x79
[2026-07-07 14:58:18] Send self decision info: 0xa5 0x0e 0x00 0x00 0x37 0x01 0x03 0x21 0x01 0x6d 0x00 0x80 0x80 0x00 0x02 0x31 0x32 0x33 0x34 0x35 0x36 0x9d 0x8d
[2026-07-07 14:58:18] Preparing to send all location info: [ 0.24, 9.53 ], [ 8.04, 7.35 ], [ 2.40, 2.36 ], [ 8.47, 2.94 ], [ 0.50, 14.50 ], [ 7.20, 5.17 ], [ 19.68, 8.54 ], [ 21.02, 11.16 ], [ 17.57, 6.92 ], [ 14.35, 10.94 ], [ 27.50, 0.50 ], [ 14.88, 10.55 ]
[2026-07-07 14:58:18] Generated sentinel field info: 0xa5 0x36 0x00 0x00 0xcc 0x01 0x03 0x02 0x02 0x6d 0x00 0x6b 0x00 0x80 0x8f 0x74 0x3e 0xfc 0x6c 0x18 0x41 0x58 0xa2 0x00 0x41 0x30 0x12 0xeb 0x40 0x56 0x65 0x19 0x40 0x3d 0x0a 0x17 0x40 0x2a 0x8c 0x07 0x41 0x77 0xdc 0x3b 0x40 0x00 0x00 0x00 0x3f 0x00 0x00 0x68 0x41 0x44 0x4e 0xe6 0x40 0xa3 0x53 0xa5 0x40 0x79 0x1e
[2026-07-07 14:58:18] Send self decision info: 0xa5 0x0e 0x00 0x00 0x37 0x01 0x03 0x21 0x01 0x6d 0x00 0x80 0x80 0x00 0x02 0x31 0x32 0x33 0x34 0x35 0x36 0x9d 0x8d
[2026-07-07 14:58:18] Send self decision info: 0xa5 0x0e 0x00 0x00 0x37 0x01 0x03 0x21 0x01 0x6d 0x00 0x80 0x80 0x00 0x02 0x31 0x32 0x33 0x34 0x35 0x36 0x9d 0x8d
[2026-07-07 14:58:18] Preparing to send all location info: [ 0.00, 9.45 ], [ 8.07, 7.35 ], [ 2.40, 2.36 ], [ 9.28, 2.74 ], [ 0.50, 14.50 ], [ 7.24, 5.19 ], [ 19.68, 8.54 ], [ 21.02, 11.16 ], [ 17.57, 6.92 ], [ 14.35, 10.94 ], [ 27.50, 0.50 ], [ 14.88, 10.55 ]
[2026-07-07 14:58:18] Generated sentinel field info: 0xa5 0x36 0x00 0x00 0xcc 0x01 0x03 0x02 0x02 0x6d 0x00 0x6b 0x00 0x00 0x00 0x00 0x00 0x2d 0x22 0x17 0x41 0x52 0x0e 0x01 0x41 0x1e 0x30 0xeb 0x40 0x56 0x65 0x19 0x40 0x3d 0x0a 0x17 0x40 0x26 0x7a 0x14 0x41 0x01 0xa1 0x2f 0x40 0x00 0x00 0x00 0x3f 0x00 0x00 0x68 0x41 0x3c 0x8c 0xe7 0x40 0x07 0x10 0xa6 0x40 0x08 0xbe
[2026-07-07 14:58:18] Send self decision info: 0xa5 0x0e 0x00 0x00 0x37 0x01 0x03 0x21 0x01 0x6d 0x00 0x80 0x80 0x00 0x02 0x31 0x32 0x33 0x34 0x35 0x36 0x9d 0x8d
[2026-07-07 14:58:18] Generated sentinel field info: 0xa5 0x36 0x00 0x00 0xcc 0x01 0x03 0x02 0x02 0x6d 0x00 0x6b 0x00 0x00 0x00 0x00 0x00 0x5f 0xe3 0x16 0x41 0x1e 0xac 0x00 0x41 0xc3 0xf5 0xea 0x40 0x56 0x65 0x19 0x40 0x3d 0x0a 0x17 0x40 0xc2 0x72 0x0e 0x41 0x39 0x3f 0x0f 0x40 0x00 0x00 0x00 0x3f 0x00 0x00 0x68 0x41 0x74 0x78 0xe5 0x40 0x4d 0x4e 0xa5 0x40 0xb5 0x97
[2026-07-07 14:58:18] Send self decision info: 0xa5 0x0e 0x00 0x00 0x37 0x01 0x03 0x21 0x01 0x6d 0x00 0x80 0x80 0x00 0x02 0x31 0x32 0x33 0x34 0x35 0x36 0x9d 0x8d
[2026-07-07 14:58:18] Preparing to send all location info: [ 0.00, 9.40 ], [ 8.04, 7.34 ], [ 2.40, 2.36 ], [ 8.59, 1.87 ], [ 0.50, 14.50 ], [ 7.18, 5.15 ], [ 19.68, 8.54 ], [ 21.02, 11.16 ], [ 17.90, 8.35 ], [ 14.35, 10.94 ], [ 27.50, 0.50 ], [ 14.88, 10.55 ]
[2026-07-07 14:58:18] Generated sentinel field info: 0xa5 0x36 0x00 0x00 0xcc 0x01 0x03 0x02 0x02 0x6d 0x00 0x6b 0x00 0x00 0x00 0x00 0x00 0xe7 0x5f 0x16 0x41 0xb6 0xb1 0x00 0x41 0x84 0xe5 0xea 0x40 0x56 0x65 0x19 0x40 0x3d 0x0a 0x17 0x40 0x3e 0x78 0x09 0x41 0x1d 0x80 0xef 0x3f 0x00 0x00 0x00 0x3f 0x00 0x00 0x68 0x41 0xc8 0xbc 0xe5 0x40 0x43 0xe0 0xa4 0x40 0xa9 0x7d
[2026-07-07 14:58:19] Send self decision info: 0xa5 0x0e 0x00 0x00 0x37 0x01 0x03 0x21 0x01 0x6d 0x00 0x80 0x80 0x00 0x02 0x31 0x32 0x33 0x34 0x35 0x36 0x9d 0x8d
[2026-07-07 14:58:19] Generated sentinel field info: 0xa5 0x36 0x00 0x00 0xcc 0x01 0x03 0x02 0x02 0x6d 0x00 0x6b 0x00 0x00 0x00 0x00 0x00 0xcc 0x66 0x13 0x41 0x66 0xae 0x00 0x41 0x21 0xef 0xea 0x40 0x56 0x65 0x19 0x40 0x3d 0x0a 0x17 0x40 0xf8 0x84 0xfd 0x40 0x1b 0xe8 0xbd 0x3f 0x00 0x00 0x00 0x3f 0x00 0x00 0x68 0x41 0x48 0xa5 0xe5 0x40 0x19 0x06 0xa5 0x40 0x09 0xf3
[2026-07-07 14:58:19] Send self decision info: 0xa5 0x0e 0x00 0x00 0x37 0x01 0x03 0x21 0x01 0x6d 0x00 0x80 0x80 0x00 0x02 0x31 0x32 0x33 0x34 0x35 0x36 0x9d 0x8d
[2026-07-07 14:58:19] Preparing to send all location info: [ 0.00, 9.12 ], [ 8.07, 7.35 ], [ 2.40, 2.36 ], [ 7.00, 0.93 ], [ 0.50, 14.50 ], [ 7.22, 5.17 ], [ 19.68, 8.54 ], [ 21.02, 11.16 ], [ 17.90, 8.35 ], [ 14.35, 10.94 ], [ 27.50, 0.50 ], [ 14.88, 10.55 ]
[2026-07-07 14:58:19] Generated sentinel field info: 0xa5 0x36 0x00 0x00 0xcc 0x01 0x03 0x02 0x02 0x6d 0x00 0x6b 0x00 0x00 0x00 0x00 0x00 0x67 0xd9 0x11 0x41 0xd4 0x0d 0x01 0x41 0x90 0x31 0xeb 0x40 0x56 0x65 0x19 0x40 0x3d 0x0a 0x17 0x40 0x80 0xf2 0xdf 0x40 0xab 0x9a 0x6d 0x3f 0x00 0x00 0x00 0x3f 0x00 0x00 0x68 0x41 0x34 0x0d 0xe7 0x40 0x4d 0x7e 0xa5 0x40 0x6e 0x5d
[2026-07-07 14:58:19] Send self decision info: 0xa5 0x0e 0x00 0x00 0x37 0x01 0x03 0x21 0x01 0x6d 0x00 0x80 0x80 0x00 0x02 0x31 0x32 0x33 0x34 0x35 0x36 0x9d 0x8d
[2026-07-07 14:58:19] Send self decision info: 0xa5 0x0e 0x00 0x00 0x37 0x01 0x03 0x21 0x01 0x6d 0x00 0x80 0x80 0x00 0x02 0x31 0x32 0x33 0x34 0x35 0x36 0x9d 0x8d
[2026-07-07 14:58:19] Preparing to send all location info: [ 0.41, 8.93 ], [ 8.09, 7.35 ], [ 2.40, 2.36 ], [ 4.92, 0.62 ], [ 0.50, 14.50 ], [ 7.29, 5.19 ], [ 19.68, 8.54 ], [ 21.02, 11.16 ], [ 15.90, 9.18 ], [ 14.35, 10.94 ], [ 27.50, 0.50 ], [ 14.88, 10.55 ]
[2026-07-07 14:58:19] Generated sentinel field info: 0xa5 0x36 0x00 0x00 0xcc 0x01 0x03 0x02 0x02 0x6d 0x00 0x6b 0x00 0x40 0xc3 0xd2 0x3e 0xd4 0xdc 0x0e 0x41 0xd2 0x78 0x01 0x41 0xee 0x52 0xeb 0x40 0x56 0x65 0x19 0x40 0x3d 0x0a 0x17 0x40 0xb0 0x89 0x9d 0x40 0x99 0xf6 0x1d 0x3f 0x00 0x00 0x00 0x3f 0x00 0x00 0x68 0x41 0xc8 0x41 0xe9 0x40 0x86 0x0e 0xa6 0x40 0x51 0x8b
[2026-07-07 14:58:19] Send self decision info: 0xa5 0x0e 0x00 0x00 0x37 0x01 0x03 0x21 0x01 0x6d 0x00 0x80 0x80 0x00 0x02 0x31 0x32 0x33 0x34 0x35 0x36 0x9d 0x8d
[2026-07-07 14:58:20] Send self decision info: 0xa5 0x0e 0x00 0x00 0x37 0x01 0x03 0x21 0x01 0x6d 0x00 0x80 0x80 0x00 0x02 0x31 0x32 0x33 0x34 0x35 0x36 0x9d 0x8d
[2026-07-07 14:58:20] Preparing to send all location info: [ 0.55, 9.02 ], [ 8.07, 7.35 ], [ 2.40, 2.36 ], [ 4.79, 0.31 ], [ 0.50, 14.50 ], [ 7.20, 5.17 ], [ 19.68, 8.54 ], [ 21.02, 11.16 ], [ 15.55, 9.16 ], [ 14.35, 10.94 ], [ 27.50, 0.50 ], [ 14.88, 10.55 ]
[2026-07-07 14:58:20] Generated sentinel field info: 0xa5 0x36 0x00 0x00 0xcc 0x01 0x03 0x02 0x02 0x6d 0x00 0x6b 0x00 0x00 0x54 0x0d 0x3f 0xef 0x4d 0x10 0x41 0x66 0x15 0x01 0x41 0x94 0x1b 0xeb 0x40 0x56 0x65 0x19 0x40 0x3d 0x0a 0x17 0x40 0x24 0x64 0x99 0x40 0xcc 0xd5 0x9d 0x3e 0x00 0x00 0x00 0x3f 0x00 0x00 0x68 0x41 0xf0 0x4e 0xe6 0x40 0x89 0x52 0xa5 0x40 0x8b 0x24
[2026-07-07 14:58:20] Send self decision info: 0xa5 0x0e 0x00 0x00 0x37 0x01 0x03 0x21 0x01 0x6d 0x00 0x80 0x80 0x00 0x02 0x31 0x32 0x33 0x34 0x35 0x36 0x9d 0x8d
[2026-07-07 14:58:20] Generated sentinel field info: 0xa5 0x36 0x00 0x00 0xcc 0x01 0x03 0x02 0x02 0x6d 0x00 0x6b 0x00 0x00 0x54 0x0d 0x3f 0xef 0x4d 0x10 0x41 0x66 0x15 0x01 0x41 0x94 0x1b 0xeb 0x40 0x56 0x65 0x19 0x40 0x3d 0x0a 0x17 0x40 0x24 0x64 0x99 0x40 0xcc 0xd5 0x9d 0x3e 0x00 0x00 0x00 0x3f 0x00 0x00 0x68 0x41 0xf0 0x4e 0xe6 0x40 0x89 0x52 0xa5 0x40 0x8b 0x24
[2026-07-07 14:58:20] Send self decision info: 0xa5 0x0e 0x00 0x00 0x37 0x01 0x03 0x21 0x01 0x6d 0x00 0x80 0x80 0x00 0x02 0x31 0x32 0x33 0x34 0x35 0x36 0x9d 0x8d
[2026-07-07 14:58:20] Preparing to send all location info: [ 0.55, 9.02 ], [ 8.07, 7.35 ], [ 2.40, 2.36 ], [ 4.79, 0.31 ], [ 0.50, 14.50 ], [ 7.20, 5.17 ], [ 19.68, 8.54 ], [ 21.02, 11.16 ], [ 15.55, 9.16 ], [ 14.35, 10.94 ], [ 27.50, 0.50 ], [ 14.88, 10.55 ]
[2026-07-07 14:58:20] Generated sentinel field info: 0xa5 0x36 0x00 0x00 0xcc 0x01 0x03 0x02 0x02 0x6d 0x00 0x6b 0x00 0x00 0x54 0x0d 0x3f 0xef 0x4d 0x10 0x41 0x66 0x15 0x01 0x41 0x94 0x1b 0xeb 0x40 0x56 0x65 0x19 0x40 0x3d 0x0a 0x17 0x40 0x24 0x64 0x99 0x40 0xcc 0xd5 0x9d 0x3e 0x00 0x00 0x00 0x3f 0x00 0x00 0x68 0x41 0xf0 0x4e 0xe6 0x40 0x89 0x52 0xa5 0x40 0x8b 0x24
