[2026-07-07 13:14:37] Send self decision info: 0xa5 0x0e 0x00 0x00 0x37 0x01 0x03 0x21 0x01 0x6d 0x00 0x80 0x80 0x00 0x02 0x31 0x32 0x33 0x34 0x35 0x36 0x9d 0x8d
[2026-07-07 13:14:37] Preparing to send all location info: [ 0.00, 0.00 ], [ 0.00, 0.00 ], [ 2.40, 2.36 ], [ 2.40, 2.36 ], [ 0.50, 14.50 ], [ 2.40, 2.36 ], [ 0.00, 0.00 ], [ 0.00, 0.00 ], [ 0.00, 0.00 ], [ 0.00, 0.00 ], [ 27.50, 0.50 ], [ 0.00, 0.00 ]
[2026-07-07 13:14:37] Generated sentinel field info: 0xa5 0x36 0x00 0x00 0xcc 0x01 0x03 0x02 0x02 0x6d 0x00 0x6b 0x00 0x00 0x00 0x00 0x00 0x00 0x00 0x00 0x00 0x00 0x00 0x00 0x00 0x00 0x00 0x00 0x00 0x56 0x65 0x19 0x40 0x3d 0x0a 0x17 0x40 0x56 0x65 0x19 0x40 0x3d 0x0a 0x17 0x40 0x00 0x00 0x00 0x3f 0x00 0x00 0x68 0x41 0x56 0x65 0x19 0x40 0x3d 0x0a 0x17 0x40 0x17 0x55
[2026-07-07 13:14:37] Send self decision info: 0xa5 0x0e 0x00 0x00 0x37 0x01 0x03 0x21 0x01 0x6d 0x00 0x80 0x80 0x00 0x02 0x31 0x32 0x33 0x34 0x35 0x36 0x9d 0x8d
[2026-07-07 13:14:37] Send self decision info: 0xa5 0x0e 0x00 0x00 0x37 0x01 0x03 0x21 0x01 0x6d 0x00 0x80 0x80 0x00 0x02 0x31 0x32 0x33 0x34 0x35 0x36 0x9d 0x8d
[2026-07-07 13:14:37] Preparing to send all location info: [ 0.00, 0.00 ], [ 0.00, 0.00 ], [ 2.40, 2.36 ], [ 2.40, 2.36 ], [ 0.50, 14.50 ], [ 2.40, 2.36 ], [ 0.00, 0.00 ], [ 0.00, 0.00 ], [ 0.00, 0.00 ], [ 0.00, 0.00 ], [ 27.50, 0.50 ], [ 0.00, 0.00 ]
[2026-07-07 13:14:37] Generated sentinel field info: 0xa5 0x36 0x00 0x00 0xcc 0x01 0x03 0x02 0x02 0x6d 0x00 0x6b 0x00 0x00 0x00 0x00 0x00 0x00 0x00 0x00 0x00 0x00 0x00 0x00 0x00 0x00 0x00 0x00 0x00 0x56 0x65 0x19 0x40 0x3d 0x0a 0x17 0x40 0x56 0x65 0x19 0x40 0x3d 0x0a 0x17 0x40 0x00 0x00 0x00 0x3f 0x00 0x00 0x68 0x41 0x56 0x65 0x19 0x40 0x3d 0x0a 0x17 0x40 0x17 0x55
[2026-07-07 13:14:38] Send self decision info: 0xa5 0x0e 0x00 0x00 0x37 0x01 0x03 0x21 0x01 0x6d 0x00 0x80 0x80 0x00 0x02 0x31 0x32 0x33 0x34 0x35 0x36 0x9d 0x8d
[2026-07-07 13:14:38] Send self decision info: 0xa5 0x0e 0x00 0x00 0x37 0x01 0x03 0x21 0x01 0x6d 0x00 0x80 0x80 0x00 0x02 0x31 0x32 0x33 0x34 0x35 0x36 0x9d 0x8d
[2026-07-07 13:14:38] Preparing to send all location info: [ 0.00, 0.00 ], [ 0.00, 0.00 ], [ 2.40, 2.36 ], [ 2.40, 2.36 ], [ 0.50, 14.50 ], [ 2.40, 2.36 ], [ 0.00, 0.00 ], [ 0.00, 0.00 ], [ 0.00, 0.00 ], [ 0.00, 0.00 ], [ 27.50, 0.50 ], [ 0.00, 0.00 ]
[2026-07-07 13:14:38] Generated sentinel field info: 0xa5 0x36 0x00 0x00 0xcc 0x01 0x03 0x02 0x02 0x6d 0x00 0x6b 0x00 0x00 0x00 0x00 0x00 0x00 0x00 0x00 0x00 0x00 0x00 0x00 0x00 0x00 0x00 0x00 0x00 0x56 0x65 0x19 0x40 0x3d 0x0a 0x17 0x40 0x56 0x65 0x19 0x40 0x3d 0x0a 0x17 0x40 0x00 0x00 0x00 0x3f 0x00 0x00 0x68 0x41 0x56 0x65 0x19 0x40 0x3d 0x0a 0x17 0x40 0x17 0x55
[2026-07-07 13:14:38] Send self decision info: 0xa5 0x0e 0x00 0x00 0x37 0x01 0x03 0x21 0x01 0x6d 0x00 0x80 0x80 0x00 0x02 0x31 0x32 0x33 0x34 0x35 0x36 0x9d 0x8d
[2026-07-07 13:14:38] Generated sentinel field info: 0xa5 0x36 0x00 0x00 0xcc 0x01 0x03 0x02 0x02 0x6d 0x00 0x6b 0x00 0x00 0x00 0x00 0x00 0x00 0x00 0x00 0x00 0x96 0x79 0x01 0x41 0x18 0x12 0xc4 0x40 0x56 0x65 0x19 0x40 0x3d 0x0a 0x17 0x40 0x56 0x65 0x19 0x40 0x3d 0x0a 0x17 0x40 0x00 0x00 0x00 0x3f 0x00 0x00 0x68 0x41 0xec 0x3b 0xe3 0x40 0x3e 0x16 0xa0 0x40 0x4d 0x2a
[2026-07-07 13:14:38] Send self decision info: 0xa5 0x0e 0x00 0x00 0x37 0x01 0x03 0x21 0x01 0x6d 0x00 0x80 0x80 0x00 0x02 0x31 0x32 0x33 0x34 0x35 0x36 0x9d 0x8d
[2026-07-07 13:14:38] Preparing to send all location info: [ 0.00, 0.00 ], [ 8.11, 6.10 ], [ 2.40, 2.36 ], [ 2.40, 2.36 ], [ 0.50, 14.50 ], [ 7.15, 5.01 ], [ 0.00, 0.00 ], [ 11.17, 10.64 ], [ 11.10, 10.59 ], [ 16.58, 6.59 ], [ 27.50, 0.50 ], [ 0.00, 0.00 ]
[2026-07-07 13:14:38] Generated sentinel field info: 0xa5 0x36 0x00 0x00 0xcc 0x01 0x03 0x02 0x02 0x6d 0x00 0x6b 0x00 0x00 0x00 0x00 0x00 0x00 0x00 0x00 0x00 0x6c 0xcf 0x01 0x41 0xc0 0x0c 0xc3 0x40 0x56 0x65 0x19 0x40 0x3d 0x0a 0x17 0x40 0x56 0x65 0x19 0x40 0x3d 0x0a 0x17 0x40 0x00 0x00 0x00 0x3f 0x00 0x00 0x68 0x41 0xbc 0xc4 0xe4 0x40 0xe1 0x58 0xa0 0x40 0x44 0x64
[2026-07-07 13:14:38] Send self decision info: 0xa5 0x0e 0x00 0x00 0x37 0x01 0x03 0x21 0x01 0x6d 0x00 0x80 0x80 0x00 0x02 0x31 0x32 0x33 0x34 0x35 0x36 0x9d 0x8d
[2026-07-07 13:14:38] Generated sentinel field info: 0xa5 0x36 0x00 0x00 0xcc 0x01 0x03 0x02 0x02 0x6d 0x00 0x6b 0x00 0x00 0x00 0x00 0x00 0x00 0x00 0x00 0x00 0xa2 0xb2 0x01 0x41 0x68 0x64 0xc3 0x40 0x56 0x65 0x19 0x40 0x3d 0x0a 0x17 0x40 0x56 0x65 0x19 0x40 0x3d 0x0a 0x17 0x40 0x00 0x00 0x00 0x3f 0x00 0x00 0x68 0x41 0xa8 0x7b 0xe5 0x40 0x11 0x91 0xa0 0x40 0x81 0x84
[2026-07-07 13:14:39] Send self decision info: 0xa5 0x0e 0x00 0x00 0x37 0x01 0x03 0x21 0x01 0x6d 0x00 0x80 0x80 0x00 0x02 0x31 0x32 0x33 0x34 0x35 0x36 0x9d 0x8d
[2026-07-07 13:14:39] Preparing to send all location info: [ 0.00, 0.00 ], [ 8.11, 6.11 ], [ 2.40, 2.36 ], [ 2.40, 2.36 ], [ 0.50, 14.50 ], [ 7.19, 5.03 ], [ 0.00, 0.00 ], [ 11.00, 10.53 ], [ 11.01, 10.53 ], [ 16.53, 6.58 ], [ 27.50, 0.50 ], [ 0.00, 0.00 ]
[2026-07-07 13:14:39] Generated sentinel field info: 0xa5 0x36 0x00 0x00 0xcc 0x01 0x03 0x02 0x02 0x6d 0x00 0x6b 0x00 0x00 0x00 0x00 0x00 0x00 0x00 0x00 0x00 0xf4 0xae 0x01 0x41 0x9c 0x6f 0xc3 0x40 0x56 0x65 0x19 0x40 0x3d 0x0a 0x17 0x40 0x56 0x65 0x19 0x40 0x3d 0x0a 0x17 0x40 0x00 0x00 0x00 0x3f 0x00 0x00 0x68 0x41 0xc8 0x28 0xe6 0x40 0xbb 0xd9 0xa0 0x40 0x17 0x2c
[2026-07-07 13:14:39] Send self decision info: 0xa5 0x0e 0x00 0x00 0x37 0x01 0x03 0x21 0x01 0x6d 0x00 0x80 0x80 0x00 0x02 0x31 0x32 0x33 0x34 0x35 0x36 0x9d 0x8d
[2026-07-07 13:14:39] Generated sentinel field info: 0xa5 0x36 0x00 0x00 0xcc 0x01 0x03 0x02 0x02 0x6d 0x00 0x6b 0x00 0x00 0x00 0x00 0x00 0x00 0x00 0x00 0x00 0x08 0x92 0x01 0x41 0xa9 0xc7 0xc3 0x40 0x56 0x65 0x19 0x40 0x3d 0x0a 0x17 0x40 0x56 0x65 0x19 0x40 0x3d 0x0a 0x17 0x40 0x00 0x00 0x00 0x3f 0x00 0x00 0x68 0x41 0x54 0x3b 0xe3 0x40 0x33 0x17 0xa0 0x40 0x42 0xa6
[2026-07-07 13:14:39] Send self decision info: 0xa5 0x0e 0x00 0x00 0x37 0x01 0x03 0x21 0x01 0x6d 0x00 0x80 0x80 0x00 0x02 0x31 0x32 0x33 0x34 0x35 0x36 0x9d 0x8d
[2026-07-07 13:14:39] Preparing to send all location info: [ 0.00, 0.00 ], [ 8.12, 6.13 ], [ 2.40, 2.36 ], [ 2.40, 2.36 ], [ 0.50, 14.50 ], [ 7.17, 5.02 ], [ 0.00, 0.00 ], [ 10.94, 10.52 ], [ 10.90, 10.52 ], [ 16.56, 6.55 ], [ 27.50, 0.50 ], [ 0.00, 0.00 ]
[2026-07-07 13:14:39] Generated sentinel field info: 0xa5 0x36 0x00 0x00 0xcc 0x01 0x03 0x02 0x02 0x6d 0x00 0x6b 0x00 0x00 0x00 0x00 0x00 0x00 0x00 0x00 0x00 0x3a 0xdf 0x01 0x41 0xff 0x40 0xc4 0x40 0x56 0x65 0x19 0x40 0x3d 0x0a 0x17 0x40 0x56 0x65 0x19 0x40 0x3d 0x0a 0x17 0x40 0x00 0x00 0x00 0x3f 0x00 0x00 0x68 0x41 0xb8 0x62 0xe5 0x40 0xda 0xb9 0xa0 0x40 0x02 0xde
[2026-07-07 13:14:39] Send self decision info: 0xa5 0x0e 0x00 0x00 0x37 0x01 0x03 0x21 0x01 0x6d 0x00 0x80 0x80 0x00 0x02 0x31 0x32 0x33 0x34 0x35 0x36 0x9d 0x8d
[2026-07-07 13:14:39] Generated sentinel field info: 0xa5 0x36 0x00 0x00 0xcc 0x01 0x03 0x02 0x02 0x6d 0x00 0x6b 0x00 0x00 0x00 0x00 0x00 0x00 0x00 0x00 0x00 0x18 0xc4 0x01 0x41 0x7d 0x93 0xc4 0x40 0x56 0x65 0x19 0x40 0x3d 0x0a 0x17 0x40 0x56 0x65 0x19 0x40 0x3d 0x0a 0x17 0x40 0x00 0x00 0x00 0x3f 0x00 0x00 0x68 0x41 0x4c 0xc2 0xe5 0x40 0x2e 0x81 0xa1 0x40 0x1e 0x1b
[2026-07-07 13:14:39] Send self decision info: 0xa5 0x0e 0x00 0x00 0x37 0x01 0x03 0x21 0x01 0x6d 0x00 0x80 0x80 0x00 0x02 0x31 0x32 0x33 0x34 0x35 0x36 0x9d 0x8d
[2026-07-07 13:14:39] Preparing to send all location info: [ 0.00, 0.00 ], [ 8.12, 6.13 ], [ 2.40, 2.36 ], [ 2.40, 2.36 ], [ 0.50, 14.50 ], [ 7.11, 5.03 ], [ 0.00, 0.00 ], [ 10.78, 10.54 ], [ 10.81, 10.50 ], [ 16.57, 6.54 ], [ 27.50, 0.50 ], [ 0.00, 0.00 ]
[2026-07-07 13:14:39] Generated sentinel field info: 0xa5 0x36 0x00 0x00 0xcc 0x01 0x03 0x02 0x02 0x6d 0x00 0x6b 0x00 0x00 0x00 0x00 0x00 0x00 0x00 0x00 0x00 0xfa 0xde 0x01 0x41 0xc0 0x41 0xc4 0x40 0x56 0x65 0x19 0x40 0x3d 0x0a 0x17 0x40 0x56 0x65 0x19 0x40 0x3d 0x0a 0x17 0x40 0x00 0x00 0x00 0x3f 0x00 0x00 0x68 0x41 0x14 0x8d 0xe3 0x40 0x49 0xf4 0xa0 0x40 0xf0 0xde
[2026-07-07 13:14:40] Send self decision info: 0xa5 0x0e 0x00 0x00 0x37 0x01 0x03 0x21 0x01 0x6d 0x00 0x80 0x80 0x00 0x02 0x31 0x32 0x33 0x34 0x35 0x36 0x9d 0x8d
[2026-07-07 13:14:40] Generated sentinel field info: 0xa5 0x36 0x00 0x00 0xcc 0x01 0x03 0x02 0x02 0x6d 0x00 0x6b 0x00 0x00 0x00 0x00 0x00 0x00 0x00 0x00 0x00 0x8c 0xe1 0x01 0x41 0xf2 0x39 0xc4 0x40 0x56 0x65 0x19 0x40 0x3d 0x0a 0x17 0x40 0x56 0x65 0x19 0x40 0x3d 0x0a 0x17 0x40 0x00 0x00 0x00 0x3f 0x00 0x00 0x68 0x41 0xc8 0xbd 0xe3 0x40 0x69 0xa4 0xa0 0x40 0x83 0xd3
[2026-07-07 13:14:40] Send self decision info: 0xa5 0x0e 0x00 0x00 0x37 0x01 0x03 0x21 0x01 0x6d 0x00 0x80 0x80 0x00 0x02 0x31 0x32 0x33 0x34 0x35 0x36 0x9d 0x8d
[2026-07-07 13:14:40] Preparing to send all location info: [ 0.00, 0.00 ], [ 8.08, 6.14 ], [ 2.40, 2.36 ], [ 2.40, 2.36 ], [ 0.50, 14.50 ], [ 7.15, 5.02 ], [ 0.00, 0.00 ], [ 10.64, 10.58 ], [ 10.81, 10.50 ], [ 16.60, 6.51 ], [ 27.50, 0.50 ], [ 0.00, 0.00 ]
[2026-07-07 13:14:40] Generated sentinel field info: 0xa5 0x36 0x00 0x00 0xcc 0x01 0x03 0x02 0x02 0x6d 0x00 0x6b 0x00 0x00 0x00 0x00 0x00 0x00 0x00 0x00 0x00 0x16 0x50 0x01 0x41 0x70 0x90 0xc4 0x40 0x56 0x65 0x19 0x40 0x3d 0x0a 0x17 0x40 0x56 0x65 0x19 0x40 0x3d 0x0a 0x17 0x40 0x00 0x00 0x00 0x3f 0x00 0x00 0x68 0x41 0x68 0xad 0xe4 0x40 0x17 0x7f 0xa0 0x40 0x1e 0xcf
[2026-07-07 13:14:40] Send self decision info: 0xa5 0x0e 0x00 0x00 0x37 0x01 0x03 0x21 0x01 0x6d 0x00 0x80 0x80 0x00 0x02 0x31 0x32 0x33 0x34 0x35 0x36 0x9d 0x8d
[2026-07-07 13:14:40] Send self decision info: 0xa5 0x0e 0x00 0x00 0x37 0x01 0x03 0x21 0x01 0x6d 0x00 0x80 0x80 0x00 0x02 0x31 0x32 0x33 0x34 0x35 0x36 0x9d 0x8d
[2026-07-07 13:14:40] Preparing to send all location info: [ 0.00, 0.00 ], [ 8.13, 6.12 ], [ 2.40, 2.36 ], [ 2.40, 2.36 ], [ 0.50, 14.50 ], [ 7.19, 5.02 ], [ 0.00, 0.00 ], [ 10.57, 10.62 ], [ 10.81, 10.50 ], [ 16.57, 6.54 ], [ 27.50, 0.50 ], [ 0.00, 0.00 ]
[2026-07-07 13:14:40] Generated sentinel field info: 0xa5 0x36 0x00 0x00 0xcc 0x01 0x03 0x02 0x02 0x6d 0x00 0x6b 0x00 0x00 0x00 0x00 0x00 0x00 0x00 0x00 0x00 0x2a 0x0b 0x02 0x41 0x67 0xbb 0xc3 0x40 0x56 0x65 0x19 0x40 0x3d 0x0a 0x17 0x40 0x56 0x65 0x19 0x40 0x3d 0x0a 0x17 0x40 0x00 0x00 0x00 0x3f 0x00 0x00 0x68 0x41 0x40 0x31 0xe6 0x40 0xe2 0xcb 0xa0 0x40 0xd7 0x25
[2026-07-07 13:14:40] Send self decision info: 0xa5 0x0e 0x00 0x00 0x37 0x01 0x03 0x21 0x01 0x6d 0x00 0x80 0x80 0x00 0x02 0x31 0x32 0x33 0x34 0x35 0x36 0x9d 0x8d
[2026-07-07 13:14:40] Generated sentinel field info: 0xa5 0x36 0x00 0x00 0xcc 0x01 0x03 0x02 0x02 0x6d 0x00 0x6b 0x00 0x00 0x00 0x00 0x00 0x00 0x00 0x00 0x00 0x18 0xa9 0x06 0x41 0x49 0x22 0xbe 0x40 0x56 0x65 0x19 0x40 0x3d 0x0a 0x17 0x40 0x56 0x65 0x19 0x40 0x3d 0x0a 0x17 0x40 0x00 0x00 0x00 0x3f 0x00 0x00 0x68 0x41 0x98 0x89 0xe4 0x40 0xbf 0xb9 0xa0 0x40 0x05 0xc6
[2026-07-07 13:14:41] Send self decision info: 0xa5 0x0e 0x00 0x00 0x37 0x01 0x03 0x21 0x01 0x6d 0x00 0x80 0x80 0x00 0x02 0x31 0x32 0x33 0x34 0x35 0x36 0x9d 0x8d
[2026-07-07 13:14:41] Preparing to send all location info: [ 0.00, 0.00 ], [ 8.50, 5.94 ], [ 2.40, 2.36 ], [ 2.40, 2.36 ], [ 0.50, 14.50 ], [ 7.16, 5.03 ], [ 0.00, 0.00 ], [ 10.55, 10.69 ], [ 10.81, 10.50 ], [ 16.54, 6.57 ], [ 27.50, 0.50 ], [ 0.00, 0.00 ]
[2026-07-07 13:14:41] Generated sentinel field info: 0xa5 0x36 0x00 0x00 0xcc 0x01 0x03 0x02 0x02 0x6d 0x00 0x6b 0x00 0x00 0x00 0x00 0x00 0x00 0x00 0x00 0x00 0x2a 0x0f 0x08 0x41 0xce 0x22 0xbe 0x40 0x56 0x65 0x19 0x40 0x3d 0x0a 0x17 0x40 0x56 0x65 0x19 0x40 0x3d 0x0a 0x17 0x40 0x00 0x00 0x00 0x3f 0x00 0x00 0x68 0x41 0x6c 0x28 0xe5 0x40 0x36 0x19 0xa1 0x40 0x33 0xae
[2026-07-07 13:14:41] Send self decision info: 0xa5 0x0e 0x00 0x00 0x37 0x01 0x03 0x21 0x01 0x6d 0x00 0x80 0x80 0x00 0x02 0x31 0x32 0x33 0x34 0x35 0x36 0x9d 0x8d
[2026-07-07 13:14:41] Generated sentinel field info: 0xa5 0x36 0x00 0x00 0xcc 0x01 0x03 0x02 0x02 0x6d 0x00 0x6b 0x00 0x00 0x00 0x00 0x00 0x00 0x00 0x00 0x00 0x5a 0xed 0x08 0x41 0x02 0x58 0xbe 0x40 0x56 0x65 0x19 0x40 0x3d 0x0a 0x17 0x40 0x56 0x65 0x19 0x40 0x3d 0x0a 0x17 0x40 0x00 0x00 0x00 0x3f 0x00 0x00 0x68 0x41 0x7c 0xc5 0xe4 0x40 0x0f 0xbb 0xa1 0x40 0xdd 0xc6
[2026-07-07 13:14:41] Send self decision info: 0xa5 0x0e 0x00 0x00 0x37 0x01 0x03 0x21 0x01 0x6d 0x00 0x80 0x80 0x00 0x02 0x31 0x32 0x33 0x34 0x35 0x36 0x9d 0x8d
[2026-07-07 13:14:41] Preparing to send all location info: [ 0.00, 0.00 ], [ 8.58, 5.95 ], [ 2.40, 2.36 ], [ 2.40, 2.36 ], [ 0.50, 14.50 ], [ 7.13, 5.05 ], [ 0.00, 0.00 ], [ 10.54, 10.74 ], [ 10.81, 10.50 ], [ 16.53, 6.59 ], [ 27.50, 0.50 ], [ 13.30, 7.15 ]
[2026-07-07 13:14:41] Generated sentinel field info: 0xa5 0x36 0x00 0x00 0xcc 0x01 0x03 0x02 0x02 0x6d 0x00 0x6b 0x00 0x00 0x00 0x00 0x00 0x00 0x00 0x00 0x00 0x84 0x53 0x09 0x41 0x43 0x8e 0xbe 0x40 0x56 0x65 0x19 0x40 0x3d 0x0a 0x17 0x40 0x56 0x65 0x19 0x40 0x3d 0x0a 0x17 0x40 0x00 0x00 0x00 0x3f 0x00 0x00 0x68 0x41 0x44 0x18 0xe4 0x40 0x5a 0x73 0xa1 0x40 0xa5 0xd1
[2026-07-07 13:14:41] Send self decision info: 0xa5 0x0e 0x00 0x00 0x37 0x01 0x03 0x21 0x01 0x6d 0x00 0x80 0x80 0x00 0x02 0x31 0x32 0x33 0x34 0x35 0x36 0x9d 0x8d
[2026-07-07 13:14:41] Generated sentinel field info: 0xa5 0x36 0x00 0x00 0xcc 0x01 0x03 0x02 0x02 0x6d 0x00 0x6b 0x00 0x00 0x00 0x00 0x00 0x00 0x00 0x00 0x00 0x3e 0x54 0x09 0x41 0x17 0x8c 0xbe 0x40 0x56 0x65 0x19 0x40 0x3d 0x0a 0x17 0x40 0x56 0x65 0x19 0x40 0x3d 0x0a 0x17 0x40 0x00 0x00 0x00 0x3f 0x00 0x00 0x68 0x41 0x18 0x02 0xe4 0x40 0xab 0x97 0xa1 0x40 0x45 0x7f
[2026-07-07 13:14:41] Send self decision info: 0xa5 0x0e 0x00 0x00 0x37 0x01 0x03 0x21 0x01 0x6d 0x00 0x80 0x80 0x00 0x02 0x31 0x32 0x33 0x34 0x35 0x36 0x9d 0x8d
[2026-07-07 13:14:41] Preparing to send all location info: [ 0.00, 0.00 ], [ 8.61, 5.96 ], [ 2.40, 2.36 ], [ 2.40, 2.36 ], [ 0.50, 14.50 ], [ 7.11, 5.03 ], [ 0.00, 0.00 ], [ 10.58, 10.74 ], [ 10.81, 10.50 ], [ 16.55, 6.66 ], [ 27.50, 0.50 ], [ 13.30, 7.16 ]
[2026-07-07 13:14:41] Generated sentinel field info: 0xa5 0x36 0x00 0x00 0xcc 0x01 0x03 0x02 0x02 0x6d 0x00 0x6b 0x00 0x00 0x00 0x00 0x00 0x00 0x00 0x00 0x00 0x22 0xc2 0x09 0x41 0xba 0xab 0xbe 0x40 0x56 0x65 0x19 0x40 0x3d 0x0a 0x17 0x40 0x56 0x65 0x19 0x40 0x3d 0x0a 0x17 0x40 0x00 0x00 0x00 0x3f 0x00 0x00 0x68 0x41 0x0c 0x81 0xe3 0x40 0x00 0x08 0xa1 0x40 0x29 0x0f
[2026-07-07 13:14:42] Send self decision info: 0xa5 0x0e 0x00 0x00 0x37 0x01 0x03 0x21 0x01 0x6d 0x00 0x80 0x80 0x00 0x02 0x31 0x32 0x33 0x34 0x35 0x36 0x9d 0x8d
[2026-07-07 13:14:42] Send self decision info: 0xa5 0x0e 0x00 0x00 0x37 0x01 0x03 0x21 0x01 0x6d 0x00 0x80 0x80 0x00 0x02 0x31 0x32 0x33 0x34 0x35 0x36 0x9d 0x8d
[2026-07-07 13:14:42] Preparing to send all location info: [ 0.00, 0.00 ], [ 8.61, 5.96 ], [ 2.40, 2.36 ], [ 2.40, 2.36 ], [ 0.50, 14.50 ], [ 7.14, 5.02 ], [ 0.00, 0.00 ], [ 10.63, 10.68 ], [ 10.81, 10.50 ], [ 16.58, 6.53 ], [ 27.50, 0.50 ], [ 13.26, 7.16 ]
[2026-07-07 13:14:42] Generated sentinel field info: 0xa5 0x36 0x00 0x00 0xcc 0x01 0x03 0x02 0x02 0x6d 0x00 0x6b 0x00 0x00 0x00 0x00 0x00 0x00 0x00 0x00 0x00 0x22 0xb1 0x09 0x41 0x9a 0xde 0xbe 0x40 0x56 0x65 0x19 0x40 0x3d 0x0a 0x17 0x40 0x56 0x65 0x19 0x40 0x3d 0x0a 0x17 0x40 0x00 0x00 0x00 0x3f 0x00 0x00 0x68 0x41 0xec 0x8a 0xe4 0x40 0x8f 0xb7 0xa0 0x40 0x84 0x66
[2026-07-07 13:14:42] Send self decision info: 0xa5 0x0e 0x00 0x00 0x37 0x01 0x03 0x21 0x01 0x6d 0x00 0x80 0x80 0x00 0x02 0x31 0x32 0x33 0x34 0x35 0x36 0x9d 0x8d
[2026-07-07 13:14:42] Generated sentinel field info: 0xa5 0x36 0x00 0x00 0xcc 0x01 0x03 0x02 0x02 0x6d 0x00 0x6b 0x00 0x00 0x00 0x00 0x00 0x00 0x00 0x00 0x00 0x20 0x20 0x0a 0x41 0x7b 0xfb 0xbe 0x40 0x56 0x65 0x19 0x40 0x3d 0x0a 0x17 0x40 0x56 0x65 0x19 0x40 0x3d 0x0a 0x17 0x40 0x00 0x00 0x00 0x3f 0x00 0x00 0x68 0x41 0xc8 0x83 0xe5 0x40 0xc5 0x83 0xa0 0x40 0xa5 0x0f
[2026-07-07 13:14:42] Send self decision info: 0xa5 0x0e 0x00 0x00 0x37 0x01 0x03 0x21 0x01 0x6d 0x00 0x80 0x80 0x00 0x02 0x31 0x32 0x33 0x34 0x35 0x36 0x9d 0x8d
[2026-07-07 13:14:42] Preparing to send all location info: [ 0.00, 0.00 ], [ 8.63, 5.97 ], [ 2.40, 2.36 ], [ 2.40, 2.36 ], [ 0.50, 14.50 ], [ 7.21, 5.03 ], [ 0.00, 0.00 ], [ 10.63, 10.68 ], [ 10.71, 10.63 ], [ 16.59, 6.52 ], [ 27.50, 0.50 ], [ 13.23, 7.15 ]
[2026-07-07 13:14:42] Generated sentinel field info: 0xa5 0x36 0x00 0x00 0xcc 0x01 0x03 0x02 0x02 0x6d 0x00 0x6b 0x00 0x00 0x00 0x00 0x00 0x00 0x00 0x00 0x00 0xd8 0x28 0x0a 0x41 0x6b 0xe1 0xbe 0x40 0x56 0x65 0x19 0x40 0x3d 0x0a 0x17 0x40 0x56 0x65 0x19 0x40 0x3d 0x0a 0x17 0x40 0x00 0x00 0x00 0x3f 0x00 0x00 0x68 0x41 0x48 0xe0 0xe6 0x40 0xe7 0x11 0xa1 0x40 0x2a 0xca
[2026-07-07 13:14:42] Send self decision info: 0xa5 0x0e 0x00 0x00 0x37 0x01 0x03 0x21 0x01 0x6d 0x00 0x80 0x80 0x00 0x02 0x31 0x32 0x33 0x34 0x35 0x36 0x9d 0x8d
[2026-07-07 13:14:42] Generated sentinel field info: 0xa5 0x36 0x00 0x00 0xcc 0x01 0x03 0x02 0x02 0x6d 0x00 0x6b 0x00 0x00 0x00 0x00 0x00 0x00 0x00 0x00 0x00 0xc8 0x1c 0x0a 0x41 0x7b 0x05 0xbf 0x40 0x56 0x65 0x19 0x40 0x3d 0x0a 0x17 0x40 0x56 0x65 0x19 0x40 0x3d 0x0a 0x17 0x40 0x00 0x00 0x00 0x3f 0x00 0x00 0x68 0x41 0xf8 0x6e 0xe4 0x40 0x58 0xe5 0xa0 0x40 0xf1 0x3e
[2026-07-07 13:14:43] Send self decision info: 0xa5 0x0e 0x00 0x00 0x37 0x01 0x03 0x21 0x01 0x6d 0x00 0x80 0x80 0x00 0x02 0x31 0x32 0x33 0x34 0x35 0x36 0x9d 0x8d
[2026-07-07 13:14:43] Preparing to send all location info: [ 0.00, 0.00 ], [ 8.66, 5.97 ], [ 2.40, 2.36 ], [ 2.40, 2.36 ], [ 0.50, 14.50 ], [ 7.16, 5.04 ], [ 0.00, 0.00 ], [ 10.63, 10.68 ], [ 10.75, 10.57 ], [ 16.52, 6.60 ], [ 27.50, 0.50 ], [ 13.23, 7.15 ]
[2026-07-07 13:14:43] Generated sentinel field info: 0xa5 0x36 0x00 0x00 0xcc 0x01 0x03 0x02 0x02 0x6d 0x00 0x6b 0x00 0x00 0x00 0x00 0x00 0x00 0x00 0x00 0x00 0xaa 0x8c 0x0a 0x41 0x46 0x20 0xbf 0x40 0x56 0x65 0x19 0x40 0x3d 0x0a 0x17 0x40 0x56 0x65 0x19 0x40 0x3d 0x0a 0x17 0x40 0x00 0x00 0x00 0x3f 0x00 0x00 0x68 0x41 0xd8 0x14 0xe5 0x40 0x42 0x39 0xa1 0x40 0x73 0xa3
[2026-07-07 13:14:43] Send self decision info: 0xa5 0x0e 0x00 0x00 0x37 0x01 0x03 0x21 0x01 0x6d 0x00 0x80 0x80 0x00 0x02 0x31 0x32 0x33 0x34 0x35 0x36 0x9d 0x8d
[2026-07-07 13:14:43] Generated sentinel field info: 0xa5 0x36 0x00 0x00 0xcc 0x01 0x03 0x02 0x02 0x6d 0x00 0x6b 0x00 0x00 0x00 0x00 0x00 0x00 0x00 0x00 0x00 0x96 0x9e 0x0a 0x41 0xc9 0xea 0xbe 0x40 0x56 0x65 0x19 0x40 0x3d 0x0a 0x17 0x40 0x56 0x65 0x19 0x40 0x3d 0x0a 0x17 0x40 0x00 0x00 0x00 0x3f 0x00 0x00 0x68 0x41 0x60 0x63 0xe3 0x40 0xaa 0x38 0xa1 0x40 0xa1 0x5e
[2026-07-07 13:14:43] Send self decision info: 0xa5 0x0e 0x00 0x00 0x37 0x01 0x03 0x21 0x01 0x6d 0x00 0x80 0x80 0x00 0x02 0x31 0x32 0x33 0x34 0x35 0x36 0x9d 0x8d
[2026-07-07 13:14:43] Preparing to send all location info: [ 0.00, 0.00 ], [ 8.44, 6.09 ], [ 2.40, 2.36 ], [ 2.40, 2.36 ], [ 0.50, 14.50 ], [ 7.11, 5.04 ], [ 0.00, 0.00 ], [ 10.63, 10.68 ], [ 10.79, 10.49 ], [ 16.61, 6.49 ], [ 27.50, 0.50 ], [ 13.28, 7.13 ]
[2026-07-07 13:14:43] Generated sentinel field info: 0xa5 0x36 0x00 0x00 0xcc 0x01 0x03 0x02 0x02 0x6d 0x00 0x6b 0x00 0x00 0x00 0x00 0x00 0x00 0x00 0x00 0x00 0x30 0xf7 0x06 0x41 0x8b 0xd3 0xc2 0x40 0x56 0x65 0x19 0x40 0x3d 0x0a 0x17 0x40 0x56 0x65 0x19 0x40 0x3d 0x0a 0x17 0x40 0x00 0x00 0x00 0x3f 0x00 0x00 0x68 0x41 0x30 0x67 0xe3 0x40 0x67 0x32 0xa1 0x40 0x29 0xa5
[2026-07-07 13:14:43] Send self decision info: 0xa5 0x0e 0x00 0x00 0x37 0x01 0x03 0x21 0x01 0x6d 0x00 0x80 0x80 0x00 0x02 0x31 0x32 0x33 0x34 0x35 0x36 0x9d 0x8d
[2026-07-07 13:14:43] Send self decision info: 0xa5 0x0e 0x00 0x00 0x37 0x01 0x03 0x21 0x01 0x6d 0x00 0x80 0x80 0x00 0x02 0x31 0x32 0x33 0x34 0x35 0x36 0x9d 0x8d
[2026-07-07 13:14:43] Preparing to send all location info: [ 0.00, 0.00 ], [ 8.23, 6.13 ], [ 2.40, 2.36 ], [ 2.40, 2.36 ], [ 0.50, 14.50 ], [ 7.15, 5.02 ], [ 0.00, 0.00 ], [ 10.76, 10.47 ], [ 10.80, 10.43 ], [ 16.64, 6.42 ], [ 27.50, 0.50 ], [ 13.27, 7.15 ]
[2026-07-07 13:14:43] Generated sentinel field info: 0xa5 0x36 0x00 0x00 0xcc 0x01 0x03 0x02 0x02 0x6d 0x00 0x6b 0x00 0x00 0x00 0x00 0x00 0x00 0x00 0x00 0x00 0x88 0xb9 0x03 0x41 0xf0 0x34 0xc4 0x40 0x56 0x65 0x19 0x40 0x3d 0x0a 0x17 0x40 0x56 0x65 0x19 0x40 0x3d 0x0a 0x17 0x40 0x00 0x00 0x00 0x3f 0x00 0x00 0x68 0x41 0xf8 0xae 0xe4 0x40 0x88 0x7c 0xa0 0x40 0x36 0x58
[2026-07-07 13:14:44] Send self decision info: 0xa5 0x0e 0x00 0x00 0x37 0x01 0x03 0x21 0x01 0x6d 0x00 0x80 0x80 0x00 0x02 0x31 0x32 0x33 0x34 0x35 0x36 0x9d 0x8d
[2026-07-07 13:14:44] Generated sentinel field info: 0xa5 0x36 0x00 0x00 0xcc 0x01 0x03 0x02 0x02 0x6d 0x00 0x6b 0x00 0x00 0x00 0x00 0x00 0x00 0x00 0x00 0x00 0xe2 0xb7 0x02 0x41 0xd6 0x77 0xc4 0x40 0x56 0x65 0x19 0x40 0x3d 0x0a 0x17 0x40 0x56 0x65 0x19 0x40 0x3d 0x0a 0x17 0x40 0x00 0x00 0x00 0x3f 0x00 0x00 0x68 0x41 0x8c 0xd2 0xe4 0x40 0x45 0x42 0xa0 0x40 0x01 0xbf
[2026-07-07 13:14:44] Send self decision info: 0xa5 0x0e 0x00 0x00 0x37 0x01 0x03 0x21 0x01 0x6d 0x00 0x80 0x80 0x00 0x02 0x31 0x32 0x33 0x34 0x35 0x36 0x9d 0x8d
[2026-07-07 13:14:44] Preparing to send all location info: [ 0.00, 0.00 ], [ 8.39, 5.98 ], [ 2.40, 2.36 ], [ 2.40, 2.36 ], [ 0.50, 14.50 ], [ 7.19, 5.03 ], [ 0.00, 0.00 ], [ 10.76, 10.47 ], [ 10.79, 10.40 ], [ 16.57, 6.49 ], [ 27.50, 0.50 ], [ 13.21, 7.17 ]
[2026-07-07 13:14:44] Generated sentinel field info: 0xa5 0x36 0x00 0x00 0xcc 0x01 0x03 0x02 0x02 0x6d 0x00 0x6b 0x00 0x00 0x00 0x00 0x00 0x00 0x00 0x00 0x00 0xf0 0x34 0x06 0x41 0xdc 0x80 0xbf 0x40 0x56 0x65 0x19 0x40 0x3d 0x0a 0x17 0x40 0x56 0x65 0x19 0x40 0x3d 0x0a 0x17 0x40 0x00 0x00 0x00 0x3f 0x00 0x00 0x68 0x41 0x40 0x16 0xe6 0x40 0x00 0xf8 0xa0 0x40 0x1c 0x18
[2026-07-07 13:14:44] Send self decision info: 0xa5 0x0e 0x00 0x00 0x37 0x01 0x03 0x21 0x01 0x6d 0x00 0x80 0x80 0x00 0x02 0x31 0x32 0x33 0x34 0x35 0x36 0x9d 0x8d
[2026-07-07 13:14:44] Generated sentinel field info: 0xa5 0x36 0x00 0x00 0xcc 0x01 0x03 0x02 0x02 0x6d 0x00 0x6b 0x00 0x00 0x00 0x00 0x00 0x00 0x00 0x00 0x00 0x52 0x9b 0x07 0x41 0x66 0x17 0xbe 0x40 0x56 0x65 0x19 0x40 0x3d 0x0a 0x17 0x40 0x56 0x65 0x19 0x40 0x3d 0x0a 0x17 0x40 0x00 0x00 0x00 0x3f 0x00 0x00 0x68 0x41 0xd0 0x9a 0xe3 0x40 0xc0 0xdd 0xa0 0x40 0x7a 0x2c
[2026-07-07 13:14:44] Send self decision info: 0xa5 0x0e 0x00 0x00 0x37 0x01 0x03 0x21 0x01 0x6d 0x00 0x80 0x80 0x00 0x02 0x31 0x32 0x33 0x34 0x35 0x36 0x9d 0x8d
[2026-07-07 13:14:44] Preparing to send all location info: [ 0.00, 0.00 ], [ 8.51, 5.97 ], [ 2.40, 2.36 ], [ 2.40, 2.36 ], [ 0.50, 14.50 ], [ 7.18, 5.05 ], [ 0.00, 0.00 ], [ 10.76, 10.47 ], [ 10.81, 10.38 ], [ 16.66, 6.39 ], [ 27.50, 0.50 ], [ 13.18, 7.16 ]
[2026-07-07 13:14:44] Generated sentinel field info: 0xa5 0x36 0x00 0x00 0xcc 0x01 0x03 0x02 0x02 0x6d 0x00 0x6b 0x00 0x00 0x00 0x00 0x00 0x00 0x00 0x00 0x00 0x94 0x3b 0x08 0x41 0x5f 0x05 0xbf 0x40 0x56 0x65 0x19 0x40 0x3d 0x0a 0x17 0x40 0x56 0x65 0x19 0x40 0x3d 0x0a 0x17 0x40 0x00 0x00 0x00 0x3f 0x00 0x00 0x68 0x41 0xb0 0xbb 0xe5 0x40 0xf9 0x8b 0xa1 0x40 0x3d 0xcd
[2026-07-07 13:14:44] Send self decision info: 0xa5 0x0e 0x00 0x00 0x37 0x01 0x03 0x21 0x01 0x6d 0x00 0x80 0x80 0x00 0x02 0x31 0x32 0x33 0x34 0x35 0x36 0x9d 0x8d
[2026-07-07 13:14:44] Generated sentinel field info: 0xa5 0x36 0x00 0x00 0xcc 0x01 0x03 0x02 0x02 0x6d 0x00 0x6b 0x00 0x00 0x00 0x00 0x00 0x00 0x00 0x00 0x00 0xd2 0xae 0x07 0x41 0x12 0xac 0xc0 0x40 0x56 0x65 0x19 0x40 0x3d 0x0a 0x17 0x40 0x56 0x65 0x19 0x40 0x3d 0x0a 0x17 0x40 0x00 0x00 0x00 0x3f 0x00 0x00 0x68 0x41 0x2c 0xec 0xe4 0x40 0xc5 0x7b 0xa1 0x40 0x7e 0x78
[2026-07-07 13:14:45] Send self decision info: 0xa5 0x0e 0x00 0x00 0x37 0x01 0x03 0x21 0x01 0x6d 0x00 0x80 0x80 0x00 0x02 0x31 0x32 0x33 0x34 0x35 0x36 0x9d 0x8d
[2026-07-07 13:14:45] Preparing to send all location info: [ 0.00, 0.00 ], [ 8.40, 6.06 ], [ 2.40, 2.36 ], [ 2.40, 2.36 ], [ 0.50, 14.50 ], [ 7.11, 5.04 ], [ 0.00, 0.00 ], [ 10.76, 10.47 ], [ 10.78, 10.33 ], [ 16.68, 6.37 ], [ 27.50, 0.50 ], [ 13.16, 7.23 ]
[2026-07-07 13:14:45] Generated sentinel field info: 0xa5 0x36 0x00 0x00 0xcc 0x01 0x03 0x02 0x02 0x6d 0x00 0x6b 0x00 0x00 0x00 0x00 0x00 0x00 0x00 0x00 0x00 0x4a 0x60 0x06 0x41 0xd9 0xcb 0xc1 0x40 0x56 0x65 0x19 0x40 0x3d 0x0a 0x17 0x40 0x56 0x65 0x19 0x40 0x3d 0x0a 0x17 0x40 0x00 0x00 0x00 0x3f 0x00 0x00 0x68 0x41 0x7c 0x68 0xe3 0x40 0x49 0x30 0xa1 0x40 0xfa 0x4b
[2026-07-07 13:14:45] Send self decision info: 0xa5 0x0e 0x00 0x00 0x37 0x01 0x03 0x21 0x01 0x6d 0x00 0x80 0x80 0x00 0x02 0x31 0x32 0x33 0x34 0x35 0x36 0x9d 0x8d
[2026-07-07 13:14:45] Generated sentinel field info: 0xa5 0x36 0x00 0x00 0xcc 0x01 0x03 0x02 0x02 0x6d 0x00 0x6b 0x00 0x00 0x00 0x00 0x00 0x00 0x00 0x00 0x00 0xfe 0x15 0x05 0x41 0xe9 0xe2 0xc2 0x40 0x56 0x65 0x19 0x40 0x3d 0x0a 0x17 0x40 0x56 0x65 0x19 0x40 0x3d 0x0a 0x17 0x40 0x00 0x00 0x00 0x3f 0x00 0x00 0x68 0x41 0x88 0x83 0xe3 0x40 0xed 0x03 0xa1 0x40 0xc9 0x60
[2026-07-07 13:14:45] Send self decision info: 0xa5 0x0e 0x00 0x00 0x37 0x01 0x03 0x21 0x01 0x6d 0x00 0x80 0x80 0x00 0x02 0x31 0x32 0x33 0x34 0x35 0x36 0x9d 0x8d
[2026-07-07 13:14:45] Preparing to send all location info: [ 0.00, 0.00 ], [ 8.23, 6.09 ], [ 2.40, 2.36 ], [ 2.40, 2.36 ], [ 0.50, 14.50 ], [ 7.17, 5.03 ], [ 0.00, 0.00 ], [ 10.76, 10.47 ], [ 10.76, 10.31 ], [ 16.67, 6.38 ], [ 27.50, 0.50 ], [ 13.11, 7.38 ]
[2026-07-07 13:14:45] Generated sentinel field info: 0xa5 0x36 0x00 0x00 0xcc 0x01 0x03 0x02 0x02 0x6d 0x00 0x6b 0x00 0x00 0x00 0x00 0x00 0x00 0x00 0x00 0x00 0x0e 0xb2 0x03 0x41 0x68 0xe6 0xc2 0x40 0x56 0x65 0x19 0x40 0x3d 0x0a 0x17 0x40 0x56 0x65 0x19 0x40 0x3d 0x0a 0x17 0x40 0x00 0x00 0x00 0x3f 0x00 0x00 0x68 0x41 0xc8 0x53 0xe5 0x40 0x48 0xd2 0xa0 0x40 0x5e 0x36
[2026-07-07 13:14:45] Send self decision info: 0xa5 0x0e 0x00 0x00 0x37 0x01 0x03 0x21 0x01 0x6d 0x00 0x80 0x80 0x00 0x02 0x31 0x32 0x33 0x34 0x35 0x36 0x9d 0x8d
[2026-07-07 13:14:45] Generated sentinel field info: 0xa5 0x36 0x00 0x00 0xcc 0x01 0x03 0x02 0x02 0x6d 0x00 0x6b 0x00 0x00 0x00 0x00 0x00 0x00 0x00 0x00 0x00 0x02 0x89 0x03 0x41 0xc0 0x62 0xc3 0x40 0x56 0x65 0x19 0x40 0x3d 0x0a 0x17 0x40 0x56 0x65 0x19 0x40 0x3d 0x0a 0x17 0x40 0x00 0x00 0x00 0x3f 0x00 0x00 0x68 0x41 0x24 0x9b 0xe4 0x40 0x02 0x9d 0xa0 0x40 0xcd 0x63
[2026-07-07 13:14:45] Send self decision info: 0xa5 0x0e 0x00 0x00 0x37 0x01 0x03 0x21 0x01 0x6d 0x00 0x80 0x80 0x00 0x02 0x31 0x32 0x33 0x34 0x35 0x36 0x9d 0x8d
[2026-07-07 13:14:45] Preparing to send all location info: [ 0.00, 0.00 ], [ 8.19, 6.10 ], [ 2.40, 2.36 ], [ 2.40, 2.36 ], [ 0.50, 14.50 ], [ 7.17, 5.03 ], [ 0.00, 0.00 ], [ 10.76, 10.47 ], [ 10.73, 10.26 ], [ 16.64, 6.47 ], [ 27.50, 0.50 ], [ 13.10, 7.49 ]
[2026-07-07 13:14:45] Generated sentinel field info: 0xa5 0x36 0x00 0x00 0xcc 0x01 0x03 0x02 0x02 0x6d 0x00 0x6b 0x00 0x00 0x00 0x00 0x00 0x00 0x00 0x00 0x00 0x4a 0x17 0x03 0x41 0x6e 0x56 0xc3 0x40 0x56 0x65 0x19 0x40 0x3d 0x0a 0x17 0x40 0x56 0x65 0x19 0x40 0x3d 0x0a 0x17 0x40 0x00 0x00 0x00 0x3f 0x00 0x00 0x68 0x41 0x9c 0x4e 0xe5 0x40 0xc3 0xda 0xa0 0x40 0x1c 0x59
[2026-07-07 13:14:46] Send self decision info: 0xa5 0x0e 0x00 0x00 0x37 0x01 0x03 0x21 0x01 0x6d 0x00 0x80 0x80 0x00 0x02 0x31 0x32 0x33 0x34 0x35 0x36 0x9d 0x8d
[2026-07-07 13:14:46] Send self decision info: 0xa5 0x0e 0x00 0x00 0x37 0x01 0x03 0x21 0x01 0x6d 0x00 0x80 0x80 0x00 0x02 0x31 0x32 0x33 0x34 0x35 0x36 0x9d 0x8d
[2026-07-07 13:14:46] Preparing to send all location info: [ 0.00, 0.00 ], [ 8.17, 6.10 ], [ 2.40, 2.36 ], [ 2.40, 2.36 ], [ 0.50, 14.50 ], [ 7.12, 5.02 ], [ 0.00, 0.00 ], [ 10.76, 10.47 ], [ 10.89, 10.24 ], [ 16.52, 6.65 ], [ 27.50, 0.50 ], [ 13.05, 7.65 ]
[2026-07-07 13:14:46] Generated sentinel field info: 0xa5 0x36 0x00 0x00 0xcc 0x01 0x03 0x02 0x02 0x6d 0x00 0x6b 0x00 0x00 0x00 0x00 0x00 0x00 0x00 0x00 0x00 0x6c 0xac 0x02 0x41 0xf2 0x35 0xc3 0x40 0x56 0x65 0x19 0x40 0x3d 0x0a 0x17 0x40 0x56 0x65 0x19 0x40 0x3d 0x0a 0x17 0x40 0x00 0x00 0x00 0x3f 0x00 0x00 0x68 0x41 0x48 0xc1 0xe3 0x40 0xaf 0x9e 0xa0 0x40 0x75 0x52
[2026-07-07 13:14:46] Send self decision info: 0xa5 0x0e 0x00 0x00 0x37 0x01 0x03 0x21 0x01 0x6d 0x00 0x80 0x80 0x00 0x02 0x31 0x32 0x33 0x34 0x35 0x36 0x9d 0x8d
[2026-07-07 13:14:46] Send self decision info: 0xa5 0x0e 0x00 0x00 0x37 0x01 0x03 0x21 0x01 0x6d 0x00 0x80 0x80 0x00 0x02 0x31 0x32 0x33 0x34 0x35 0x36 0x9d 0x8d
[2026-07-07 13:14:46] Preparing to send all location info: [ 0.00, 0.00 ], [ 8.14, 6.09 ], [ 2.40, 2.36 ], [ 2.40, 2.36 ], [ 0.50, 14.50 ], [ 7.16, 5.04 ], [ 0.00, 0.00 ], [ 10.76, 10.47 ], [ 11.23, 10.27 ], [ 16.60, 6.82 ], [ 27.50, 0.50 ], [ 13.03, 7.71 ]
[2026-07-07 13:14:46] Generated sentinel field info: 0xa5 0x36 0x00 0x00 0xcc 0x01 0x03 0x02 0x02 0x6d 0x00 0x6b 0x00 0x00 0x00 0x00 0x00 0x00 0x00 0x00 0x00 0x52 0x4b 0x02 0x41 0x50 0xf8 0xc2 0x40 0x56 0x65 0x19 0x40 0x3d 0x0a 0x17 0x40 0x56 0x65 0x19 0x40 0x3d 0x0a 0x17 0x40 0x00 0x00 0x00 0x3f 0x00 0x00 0x68 0x41 0xa0 0xfe 0xe4 0x40 0x9a 0x5d 0xa1 0x40 0x8c 0x8c
[2026-07-07 13:14:46] Send self decision info: 0xa5 0x0e 0x00 0x00 0x37 0x01 0x03 0x21 0x01 0x6d 0x00 0x80 0x80 0x00 0x02 0x31 0x32 0x33 0x34 0x35 0x36 0x9d 0x8d
[2026-07-07 13:14:46] Generated sentinel field info: 0xa5 0x36 0x00 0x00 0xcc 0x01 0x03 0x02 0x02 0x6d 0x00 0x6b 0x00 0x00 0x00 0x00 0x00 0x00 0x00 0x00 0x00 0xe6 0x3b 0x02 0x41 0x32 0x27 0xc3 0x40 0x56 0x65 0x19 0x40 0x3d 0x0a 0x17 0x40 0x56 0x65 0x19 0x40 0x3d 0x0a 0x17 0x40 0x00 0x00 0x00 0x3f 0x00 0x00 0x68 0x41 0xa4 0x10 0xe4 0x40 0xdb 0x7f 0xa1 0x40 0x9a 0x01
[2026-07-07 13:14:47] Send self decision info: 0xa5 0x0e 0x00 0x00 0x37 0x01 0x03 0x21 0x01 0x6d 0x00 0x80 0x80 0x00 0x02 0x31 0x32 0x33 0x34 0x35 0x36 0x9d 0x8d
[2026-07-07 13:14:47] Preparing to send all location info: [ 0.00, 0.00 ], [ 8.14, 6.09 ], [ 2.40, 2.36 ], [ 2.40, 2.36 ], [ 0.50, 14.50 ], [ 7.09, 5.02 ], [ 0.00, 0.00 ], [ 10.76, 10.47 ], [ 11.65, 10.34 ], [ 16.60, 6.82 ], [ 27.50, 0.50 ], [ 12.99, 7.81 ]
[2026-07-07 13:14:47] Generated sentinel field info: 0xa5 0x36 0x00 0x00 0xcc 0x01 0x03 0x02 0x02 0x6d 0x00 0x6b 0x00 0x00 0x00 0x00 0x00 0x00 0x00 0x00 0x00 0xe0 0x4a 0x02 0x41 0xac 0xf9 0xc2 0x40 0x56 0x65 0x19 0x40 0x3d 0x0a 0x17 0x40 0x56 0x65 0x19 0x40 0x3d 0x0a 0x17 0x40 0x00 0x00 0x00 0x3f 0x00 0x00 0x68 0x41 0xd4 0xce 0xe2 0x40 0x58 0xc9 0xa0 0x40 0xc3 0xe3
[2026-07-07 13:14:47] Send self decision info: 0xa5 0x0e 0x00 0x00 0x37 0x01 0x03 0x21 0x01 0x6d 0x00 0x80 0x80 0x00 0x02 0x31 0x32 0x33 0x34 0x35 0x36 0x9d 0x8d
[2026-07-07 13:14:47] Generated sentinel field info: 0xa5 0x36 0x00 0x00 0xcc 0x01 0x03 0x02 0x02 0x6d 0x00 0x6b 0x00 0x00 0x00 0x00 0x00 0x00 0x00 0x00 0x00 0x04 0x54 0x02 0x41 0xe0 0xdd 0xc2 0x40 0x56 0x65 0x19 0x40 0x3d 0x0a 0x17 0x40 0x56 0x65 0x19 0x40 0x3d 0x0a 0x17 0x40 0x00 0x00 0x00 0x3f 0x00 0x00 0x68 0x41 0xac 0xbd 0xe3 0x40 0x99 0xa4 0xa0 0x40 0x0d 0x2c
[2026-07-07 13:14:47] Send self decision info: 0xa5 0x0e 0x00 0x00 0x37 0x01 0x03 0x21 0x01 0x6d 0x00 0x80 0x80 0x00 0x02 0x31 0x32 0x33 0x34 0x35 0x36 0x9d 0x8d
[2026-07-07 13:14:47] Preparing to send all location info: [ 0.00, 0.00 ], [ 8.15, 6.08 ], [ 2.40, 2.36 ], [ 2.40, 2.36 ], [ 0.50, 14.50 ], [ 7.12, 5.01 ], [ 0.00, 0.00 ], [ 10.76, 10.47 ], [ 12.08, 10.43 ], [ 16.60, 6.82 ], [ 27.50, 0.50 ], [ 12.99, 7.86 ]
[2026-07-07 13:14:47] Generated sentinel field info: 0xa5 0x36 0x00 0x00 0xcc 0x01 0x03 0x02 0x02 0x6d 0x00 0x6b 0x00 0x00 0x00 0x00 0x00 0x00 0x00 0x00 0x00 0xfe 0x6c 0x02 0x41 0xed 0x91 0xc2 0x40 0x56 0x65 0x19 0x40 0x3d 0x0a 0x17 0x40 0x56 0x65 0x19 0x40 0x3d 0x0a 0x17 0x40 0x00 0x00 0x00 0x3f 0x00 0x00 0x68 0x41 0x2c 0xd9 0xe3 0x40 0x80 0x77 0xa0 0x40 0xa8 0x14
[2026-07-07 13:14:47] Send self decision info: 0xa5 0x0e 0x00 0x00 0x37 0x01 0x03 0x21 0x01 0x6d 0x00 0x80 0x80 0x00 0x02 0x31 0x32 0x33 0x34 0x35 0x36 0x9d 0x8d
[2026-07-07 13:14:47] Send self decision info: 0xa5 0x0e 0x00 0x00 0x37 0x01 0x03 0x21 0x01 0x6d 0x00 0x80 0x80 0x00 0x02 0x31 0x32 0x33 0x34 0x35 0x36 0x9d 0x8d
[2026-07-07 13:14:47] Preparing to send all location info: [ 0.00, 0.00 ], [ 8.21, 6.08 ], [ 2.40, 2.36 ], [ 2.40, 2.36 ], [ 0.50, 14.50 ], [ 7.18, 5.04 ], [ 0.00, 0.00 ], [ 10.76, 10.47 ], [ 12.59, 10.56 ], [ 16.60, 6.82 ], [ 27.50, 0.50 ], [ 12.91, 7.90 ]
[2026-07-07 13:14:47] Generated sentinel field info: 0xa5 0x36 0x00 0x00 0xcc 0x01 0x03 0x02 0x02 0x6d 0x00 0x6b 0x00 0x00 0x00 0x00 0x00 0x00 0x00 0x00 0x00 0xb0 0x5a 0x03 0x41 0x00 0x8a 0xc2 0x40 0x56 0x65 0x19 0x40 0x3d 0x0a 0x17 0x40 0x56 0x65 0x19 0x40 0x3d 0x0a 0x17 0x40 0x00 0x00 0x00 0x3f 0x00 0x00 0x68 0x41 0xa4 0xe5 0xe5 0x40 0x70 0x47 0xa1 0x40 0x2a 0x28
[2026-07-07 13:14:48] Send self decision info: 0xa5 0x0e 0x00 0x00 0x37 0x01 0x03 0x21 0x01 0x6d 0x00 0x80 0x80 0x00 0x02 0x31 0x32 0x33 0x34 0x35 0x36 0x9d 0x8d
[2026-07-07 13:14:48] Generated sentinel field info: 0xa5 0x36 0x00 0x00 0xcc 0x01 0x03 0x02 0x02 0x6d 0x00 0x6b 0x00 0x00 0x00 0x00 0x00 0x00 0x00 0x00 0x00 0x42 0xf0 0x03 0x41 0xf7 0x29 0xc2 0x40 0x56 0x65 0x19 0x40 0x3d 0x0a 0x17 0x40 0x56 0x65 0x19 0x40 0x3d 0x0a 0x17 0x40 0x00 0x00 0x00 0x3f 0x00 0x00 0x68 0x41 0x0c 0xb2 0xe3 0x40 0xa7 0xb7 0xa0 0x40 0x8d 0xc0
[2026-07-07 13:14:48] Send self decision info: 0xa5 0x0e 0x00 0x00 0x37 0x01 0x03 0x21 0x01 0x6d 0x00 0x80 0x80 0x00 0x02 0x31 0x32 0x33 0x34 0x35 0x36 0x9d 0x8d
[2026-07-07 13:14:48] Preparing to send all location info: [ 0.00, 0.00 ], [ 8.28, 6.06 ], [ 2.40, 2.36 ], [ 2.40, 2.36 ], [ 0.50, 14.50 ], [ 7.16, 5.04 ], [ 0.00, 0.00 ], [ 10.76, 10.47 ], [ 13.22, 10.72 ], [ 16.53, 6.64 ], [ 27.50, 0.50 ], [ 13.00, 7.94 ]
[2026-07-07 13:14:48] Generated sentinel field info: 0xa5 0x36 0x00 0x00 0xcc 0x01 0x03 0x02 0x02 0x6d 0x00 0x6b 0x00 0x00 0x00 0x00 0x00 0x00 0x00 0x00 0x00 0xf6 0x7b 0x04 0x41 0xac 0xe8 0xc1 0x40 0x56 0x65 0x19 0x40 0x3d 0x0a 0x17 0x40 0x56 0x65 0x19 0x40 0x3d 0x0a 0x17 0x40 0x00 0x00 0x00 0x3f 0x00 0x00 0x68 0x41 0xc8 0xf7 0xe4 0x40 0xca 0x68 0xa1 0x40 0x58 0x4b
[2026-07-07 13:14:48] Send self decision info: 0xa5 0x0e 0x00 0x00 0x37 0x01 0x03 0x21 0x01 0x6d 0x00 0x80 0x80 0x00 0x02 0x31 0x32 0x33 0x34 0x35 0x36 0x9d 0x8d
[2026-07-07 13:14:48] Generated sentinel field info: 0xa5 0x36 0x00 0x00 0xcc 0x01 0x03 0x02 0x02 0x6d 0x00 0x6b 0x00 0x00 0x00 0x00 0x00 0x00 0x00 0x00 0x00 0x34 0x79 0x04 0x41 0x00 0xf1 0xc1 0x40 0x56 0x65 0x19 0x40 0x3d 0x0a 0x17 0x40 0x56 0x65 0x19 0x40 0x3d 0x0a 0x17 0x40 0x00 0x00 0x00 0x3f 0x00 0x00 0x68 0x41 0xc8 0x1e 0xe4 0x40 0xb2 0x68 0xa1 0x40 0x6b 0x53
[2026-07-07 13:14:48] Send self decision info: 0xa5 0x0e 0x00 0x00 0x37 0x01 0x03 0x21 0x01 0x6d 0x00 0x80 0x80 0x00 0x02 0x31 0x32 0x33 0x34 0x35 0x36 0x9d 0x8d
[2026-07-07 13:14:48] Preparing to send all location info: [ 0.00, 0.00 ], [ 8.30, 6.08 ], [ 2.40, 2.36 ], [ 2.40, 2.36 ], [ 0.50, 14.50 ], [ 7.08, 5.04 ], [ 0.00, 0.00 ], [ 10.76, 10.47 ], [ 13.75, 10.88 ], [ 16.42, 6.60 ], [ 27.50, 0.50 ], [ 13.02, 8.01 ]
[2026-07-07 13:14:48] Generated sentinel field info: 0xa5 0x36 0x00 0x00 0xcc 0x01 0x03 0x02 0x02 0x6d 0x00 0x6b 0x00 0x00 0x00 0x00 0x00 0x00 0x00 0x00 0x00 0xaa 0xc1 0x04 0x41 0xb7 0x7b 0xc2 0x40 0x56 0x65 0x19 0x40 0x3d 0x0a 0x17 0x40 0x56 0x65 0x19 0x40 0x3d 0x0a 0x17 0x40 0x00 0x00 0x00 0x3f 0x00 0x00 0x68 0x41 0x54 0x7c 0xe2 0x40 0xcd 0x50 0xa1 0x40 0x59 0x87
[2026-07-07 13:14:48] Send self decision info: 0xa5 0x0e 0x00 0x00 0x37 0x01 0x03 0x21 0x01 0x6d 0x00 0x80 0x80 0x00 0x02 0x31 0x32 0x33 0x34 0x35 0x36 0x9d 0x8d
[2026-07-07 13:14:48] Generated sentinel field info: 0xa5 0x36 0x00 0x00 0xcc 0x01 0x03 0x02 0x02 0x6d 0x00 0x6b 0x00 0x00 0x00 0x00 0x00 0x00 0x00 0x00 0x00 0xba 0x18 0x05 0x41 0xa7 0xda 0xc2 0x40 0x56 0x65 0x19 0x40 0x3d 0x0a 0x17 0x40 0x56 0x65 0x19 0x40 0x3d 0x0a 0x17 0x40 0x00 0x00 0x00 0x3f 0x00 0x00 0x68 0x41 0xb4 0x57 0xe4 0x40 0x75 0x0b 0xa1 0x40 0x52 0x93
[2026-07-07 13:14:49] Send self decision info: 0xa5 0x0e 0x00 0x00 0x37 0x01 0x03 0x21 0x01 0x6d 0x00 0x80 0x80 0x00 0x02 0x31 0x32 0x33 0x34 0x35 0x36 0x9d 0x8d
[2026-07-07 13:14:49] Preparing to send all location info: [ 0.00, 0.00 ], [ 8.31, 6.10 ], [ 2.40, 2.36 ], [ 2.40, 2.36 ], [ 0.50, 14.50 ], [ 7.14, 5.02 ], [ 0.00, 0.00 ], [ 10.76, 10.47 ], [ 14.44, 11.09 ], [ 16.49, 6.63 ], [ 27.50, 0.50 ], [ 13.12, 8.12 ]
[2026-07-07 13:14:49] Send self decision info: 0xa5 0x0e 0x00 0x00 0x37 0x01 0x03 0x21 0x01 0x6d 0x00 0x80 0x80 0x00 0x02 0x31 0x32 0x33 0x34 0x35 0x36 0x9d 0x8d
[2026-07-07 13:14:49] Generated sentinel field info: 0xa5 0x36 0x00 0x00 0xcc 0x01 0x03 0x02 0x02 0x6d 0x00 0x6b 0x00 0x00 0x00 0x00 0x00 0x00 0x00 0x00 0x00 0x92 0xfe 0x04 0x41 0x9b 0x29 0xc3 0x40 0x56 0x65 0x19 0x40 0x3d 0x0a 0x17 0x40 0x56 0x65 0x19 0x40 0x3d 0x0a 0x17 0x40 0x00 0x00 0x00 0x3f 0x00 0x00 0x68 0x41 0x6c 0xa2 0xe4 0x40 0x17 0x91 0xa0 0x40 0xe3 0x38
[2026-07-07 13:14:49] Send self decision info: 0xa5 0x0e 0x00 0x00 0x37 0x01 0x03 0x21 0x01 0x6d 0x00 0x80 0x80 0x00 0x02 0x31 0x32 0x33 0x34 0x35 0x36 0x9d 0x8d
[2026-07-07 13:14:49] Preparing to send all location info: [ 0.00, 0.00 ], [ 8.31, 6.10 ], [ 2.40, 2.36 ], [ 2.40, 2.36 ], [ 0.50, 14.50 ], [ 7.21, 5.05 ], [ 0.00, 0.00 ], [ 10.76, 10.47 ], [ 14.89, 11.24 ], [ 16.57, 6.80 ], [ 27.50, 0.50 ], [ 13.13, 8.25 ]
[2026-07-07 13:14:49] Generated sentinel field info: 0xa5 0x36 0x00 0x00 0xcc 0x01 0x03 0x02 0x02 0x6d 0x00 0x6b 0x00 0x00 0x00 0x00 0x00 0x00 0x00 0x00 0x00 0xbe 0xfb 0x04 0x41 0x20 0x32 0xc3 0x40 0x56 0x65 0x19 0x40 0x3d 0x0a 0x17 0x40 0x56 0x65 0x19 0x40 0x3d 0x0a 0x17 0x40 0x00 0x00 0x00 0x3f 0x00 0x00 0x68 0x41 0xfc 0xa4 0xe6 0x40 0xa7 0x72 0xa1 0x40 0xd8 0xa4
[2026-07-07 13:14:49] Send self decision info: 0xa5 0x0e 0x00 0x00 0x37 0x01 0x03 0x21 0x01 0x6d 0x00 0x80 0x80 0x00 0x02 0x31 0x32 0x33 0x34 0x35 0x36 0x9d 0x8d
[2026-07-07 13:14:49] Generated sentinel field info: 0xa5 0x36 0x00 0x00 0xcc 0x01 0x03 0x02 0x02 0x6d 0x00 0x6b 0x00 0x00 0x00 0x00 0x00 0x00 0x00 0x00 0x00 0x46 0x04 0x05 0x41 0x62 0x18 0xc3 0x40 0x56 0x65 0x19 0x40 0x3d 0x0a 0x17 0x40 0x56 0x65 0x19 0x40 0x3d 0x0a 0x17 0x40 0x00 0x00 0x00 0x3f 0x00 0x00 0x68 0x41 0xd4 0x1e 0xe5 0x40 0xe8 0x28 0xa1 0x40 0xbf 0x08
[2026-07-07 13:14:49] Send self decision info: 0xa5 0x0e 0x00 0x00 0x37 0x01 0x03 0x21 0x01 0x6d 0x00 0x80 0x80 0x00 0x02 0x31 0x32 0x33 0x34 0x35 0x36 0x9d 0x8d
[2026-07-07 13:14:49] Preparing to send all location info: [ 0.00, 0.00 ], [ 8.29, 6.09 ], [ 2.40, 2.36 ], [ 2.40, 2.36 ], [ 0.50, 14.50 ], [ 7.13, 5.04 ], [ 0.00, 0.00 ], [ 10.76, 10.47 ], [ 15.40, 11.38 ], [ 16.57, 6.80 ], [ 27.50, 0.50 ], [ 13.23, 8.37 ]
[2026-07-07 13:14:49] Generated sentinel field info: 0xa5 0x36 0x00 0x00 0xcc 0x01 0x03 0x02 0x02 0x6d 0x00 0x6b 0x00 0x00 0x00 0x00 0x00 0x00 0x00 0x00 0x00 0x1c 0x98 0x04 0x41 0x49 0xf9 0xc2 0x40 0x56 0x65 0x19 0x40 0x3d 0x0a 0x17 0x40 0x56 0x65 0x19 0x40 0x3d 0x0a 0x17 0x40 0x00 0x00 0x00 0x3f 0x00 0x00 0x68 0x41 0xb8 0x35 0xe4 0x40 0x1f 0x43 0xa1 0x40 0x5b 0x6f
[2026-07-07 13:14:50] Send self decision info: 0xa5 0x0e 0x00 0x00 0x37 0x01 0x03 0x21 0x01 0x6d 0x00 0x80 0x80 0x00 0x02 0x31 0x32 0x33 0x34 0x35 0x36 0x9d 0x8d
[2026-07-07 13:14:50] Send self decision info: 0xa5 0x0e 0x00 0x00 0x37 0x01 0x03 0x21 0x01 0x6d 0x00 0x80 0x80 0x00 0x02 0x31 0x32 0x33 0x34 0x35 0x36 0x9d 0x8d
[2026-07-07 13:14:50] Preparing to send all location info: [ 0.00, 0.00 ], [ 8.31, 6.05 ], [ 2.40, 2.36 ], [ 2.40, 2.36 ], [ 0.50, 14.50 ], [ 7.15, 5.06 ], [ 0.00, 0.00 ], [ 10.76, 10.47 ], [ 15.68, 11.58 ], [ 16.61, 6.81 ], [ 27.50, 0.50 ], [ 13.45, 8.39 ]
[2026-07-07 13:14:50] Generated sentinel field info: 0xa5 0x36 0x00 0x00 0xcc 0x01 0x03 0x02 0x02 0x6d 0x00 0x6b 0x00 0x00 0x00 0x00 0x00 0x00 0x00 0x00 0x00 0x22 0x04 0x05 0x41 0xdb 0xb2 0xc1 0x40 0x56 0x65 0x19 0x40 0x3d 0x0a 0x17 0x40 0x56 0x65 0x19 0x40 0x3d 0x0a 0x17 0x40 0x00 0x00 0x00 0x3f 0x00 0x00 0x68 0x41 0xdc 0xb7 0xe4 0x40 0x5d 0xd1 0xa1 0x40 0xba 0xf8
[2026-07-07 13:14:50] Send self decision info: 0xa5 0x0e 0x00 0x00 0x37 0x01 0x03 0x21 0x01 0x6d 0x00 0x80 0x80 0x00 0x02 0x31 0x32 0x33 0x34 0x35 0x36 0x9d 0x8d
[2026-07-07 13:14:50] Generated sentinel field info: 0xa5 0x36 0x00 0x00 0xcc 0x01 0x03 0x02 0x02 0x6d 0x00 0x6b 0x00 0x00 0x00 0x00 0x00 0x00 0x00 0x00 0x00 0x32 0x65 0x05 0x41 0x8a 0x8d 0xc0 0x40 0x56 0x65 0x19 0x40 0x3d 0x0a 0x17 0x40 0x56 0x65 0x19 0x40 0x3d 0x0a 0x17 0x40 0x00 0x00 0x00 0x3f 0x00 0x00 0x68 0x41 0x70 0xf0 0xe3 0x40 0x95 0xb4 0xa1 0x40 0x15 0xc8
[2026-07-07 13:14:50] Send self decision info: 0xa5 0x0e 0x00 0x00 0x37 0x01 0x03 0x21 0x01 0x6d 0x00 0x80 0x80 0x00 0x02 0x31 0x32 0x33 0x34 0x35 0x36 0x9d 0x8d
[2026-07-07 13:14:50] Preparing to send all location info: [ 0.00, 0.00 ], [ 8.35, 5.95 ], [ 2.40, 2.36 ], [ 2.40, 2.36 ], [ 0.50, 14.50 ], [ 7.08, 5.04 ], [ 0.00, 0.00 ], [ 10.76, 10.47 ], [ 15.60, 11.84 ], [ 16.56, 6.61 ], [ 27.50, 0.50 ], [ 13.74, 8.44 ]
[2026-07-07 13:14:50] Generated sentinel field info: 0xa5 0x36 0x00 0x00 0xcc 0x01 0x03 0x02 0x02 0x6d 0x00 0x6b 0x00 0x00 0x00 0x00 0x00 0x00 0x00 0x00 0x00 0x08 0x9c 0x05 0x41 0x0b 0x81 0xbe 0x40 0x56 0x65 0x19 0x40 0x3d 0x0a 0x17 0x40 0x56 0x65 0x19 0x40 0x3d 0x0a 0x17 0x40 0x00 0x00 0x00 0x3f 0x00 0x00 0x68 0x41 0xcc 0x93 0xe2 0x40 0x42 0x2a 0xa1 0x40 0x5d 0xca
[2026-07-07 13:14:50] Send self decision info: 0xa5 0x0e 0x00 0x00 0x37 0x01 0x03 0x21 0x01 0x6d 0x00 0x80 0x80 0x00 0x02 0x31 0x32 0x33 0x34 0x35 0x36 0x9d 0x8d
[2026-07-07 13:14:50] Generated sentinel field info: 0xa5 0x36 0x00 0x00 0xcc 0x01 0x03 0x02 0x02 0x6d 0x00 0x6b 0x00 0x00 0x00 0x00 0x00 0x00 0x00 0x00 0x00 0x94 0x22 0x06 0x41 0xf5 0xe9 0xbc 0x40 0x56 0x65 0x19 0x40 0x3d 0x0a 0x17 0x40 0x56 0x65 0x19 0x40 0x3d 0x0a 0x17 0x40 0x00 0x00 0x00 0x3f 0x00 0x00 0x68 0x41 0x54 0x4c 0xe4 0x40 0x17 0x1e 0xa1 0x40 0x9c 0x64
[2026-07-07 13:14:51] Send self decision info: 0xa5 0x0e 0x00 0x00 0x37 0x01 0x03 0x21 0x01 0x6d 0x00 0x80 0x80 0x00 0x02 0x31 0x32 0x33 0x34 0x35 0x36 0x9d 0x8d
[2026-07-07 13:14:51] Preparing to send all location info: [ 0.00, 0.00 ], [ 8.36, 5.90 ], [ 2.40, 2.36 ], [ 2.40, 2.36 ], [ 0.50, 14.50 ], [ 7.14, 5.03 ], [ 0.00, 0.00 ], [ 10.76, 10.47 ], [ 15.51, 12.12 ], [ 16.41, 6.36 ], [ 27.50, 0.50 ], [ 13.87, 8.53 ]
[2026-07-07 13:14:51] Generated sentinel field info: 0xa5 0x36 0x00 0x00 0xcc 0x01 0x03 0x02 0x02 0x6d 0x00 0x6b 0x00 0x00 0x00 0x00 0x00 0x00 0x00 0x00 0x00 0x36 0xb0 0x05 0x41 0xe8 0xdc 0xbc 0x40 0x56 0x65 0x19 0x40 0x3d 0x0a 0x17 0x40 0x56 0x65 0x19 0x40 0x3d 0x0a 0x17 0x40 0x00 0x00 0x00 0x3f 0x00 0x00 0x68 0x41 0x60 0x72 0xe4 0x40 0xc7 0xdf 0xa0 0x40 0x1a 0xa7
[2026-07-07 13:14:51] Send self decision info: 0xa5 0x0e 0x00 0x00 0x37 0x01 0x03 0x21 0x01 0x6d 0x00 0x80 0x80 0x00 0x02 0x31 0x32 0x33 0x34 0x35 0x36 0x9d 0x8d
[2026-07-07 13:14:51] Send self decision info: 0xa5 0x0e 0x00 0x00 0x37 0x01 0x03 0x21 0x01 0x6d 0x00 0x80 0x80 0x00 0x02 0x31 0x32 0x33 0x34 0x35 0x36 0x9d 0x8d
[2026-07-07 13:14:51] Preparing to send all location info: [ 0.00, 0.00 ], [ 8.42, 5.85 ], [ 2.40, 2.36 ], [ 2.40, 2.36 ], [ 0.50, 14.50 ], [ 7.19, 5.03 ], [ 0.00, 0.00 ], [ 10.76, 10.47 ], [ 15.69, 12.45 ], [ 16.51, 6.10 ], [ 27.50, 0.50 ], [ 14.08, 8.57 ]
[2026-07-07 13:14:51] Generated sentinel field info: 0xa5 0x36 0x00 0x00 0xcc 0x01 0x03 0x02 0x02 0x6d 0x00 0x6b 0x00 0x00 0x00 0x00 0x00 0x00 0x00 0x00 0x00 0x70 0xac 0x06 0x41 0xd9 0x48 0xbb 0x40 0x56 0x65 0x19 0x40 0x3d 0x0a 0x17 0x40 0x56 0x65 0x19 0x40 0x3d 0x0a 0x17 0x40 0x00 0x00 0x00 0x3f 0x00 0x00 0x68 0x41 0x54 0x0d 0xe6 0x40 0x95 0x06 0xa1 0x40 0x12 0xfb
[2026-07-07 13:14:51] Send self decision info: 0xa5 0x0e 0x00 0x00 0x37 0x01 0x03 0x21 0x01 0x6d 0x00 0x80 0x80 0x00 0x02 0x31 0x32 0x33 0x34 0x35 0x36 0x9d 0x8d
[2026-07-07 13:14:51] Generated sentinel field info: 0xa5 0x36 0x00 0x00 0xcc 0x01 0x03 0x02 0x02 0x6d 0x00 0x6b 0x00 0x00 0x00 0x00 0x00 0x00 0x00 0x00 0x00 0x6a 0x79 0x07 0x41 0x38 0x45 0xba 0x40 0x56 0x65 0x19 0x40 0x3d 0x0a 0x17 0x40 0x56 0x65 0x19 0x40 0x3d 0x0a 0x17 0x40 0x00 0x00 0x00 0x3f 0x00 0x00 0x68 0x41 0x64 0x38 0xe5 0x40 0x1a 0xff 0xa0 0x40 0x6e 0x58
[2026-07-07 13:14:51] Send self decision info: 0xa5 0x0e 0x00 0x00 0x37 0x01 0x03 0x21 0x01 0x6d 0x00 0x80 0x80 0x00 0x02 0x31 0x32 0x33 0x34 0x35 0x36 0x9d 0x8d
[2026-07-07 13:14:51] Preparing to send all location info: [ 0.00, 0.00 ], [ 8.56, 5.77 ], [ 2.40, 2.36 ], [ 2.40, 2.36 ], [ 0.50, 14.50 ], [ 7.15, 5.05 ], [ 0.00, 0.00 ], [ 10.76, 10.47 ], [ 15.92, 12.62 ], [ 16.53, 6.07 ], [ 27.50, 0.50 ], [ 14.00, 8.66 ]
[2026-07-07 13:14:51] Generated sentinel field info: 0xa5 0x36 0x00 0x00 0xcc 0x01 0x03 0x02 0x02 0x6d 0x00 0x6b 0x00 0x00 0x00 0x00 0x00 0x00 0x00 0x00 0x00 0x22 0xec 0x08 0x41 0x22 0xb8 0xb8 0x40 0x56 0x65 0x19 0x40 0x3d 0x0a 0x17 0x40 0x56 0x65 0x19 0x40 0x3d 0x0a 0x17 0x40 0x00 0x00 0x00 0x3f 0x00 0x00 0x68 0x41 0x14 0xe2 0xe4 0x40 0x49 0x8c 0xa1 0x40 0xdf 0xd3
[2026-07-07 13:14:52] Send self decision info: 0xa5 0x0e 0x00 0x00 0x37 0x01 0x03 0x21 0x01 0x6d 0x00 0x80 0x80 0x00 0x02 0x31 0x32 0x33 0x34 0x35 0x36 0x9d 0x8d
[2026-07-07 13:14:52] Generated sentinel field info: 0xa5 0x36 0x00 0x00 0xcc 0x01 0x03 0x02 0x02 0x6d 0x00 0x6b 0x00 0xf0 0xcd 0x90 0x3f 0x65 0x93 0x8b 0x40 0xf0 0x15 0x0a 0x41 0xcd 0xa0 0xb6 0x40 0x56 0x65 0x19 0x40 0x3d 0x0a 0x17 0x40 0x56 0x65 0x19 0x40 0x3d 0x0a 0x17 0x40 0x00 0x00 0x00 0x3f 0x00 0x00 0x68 0x41 0x18 0xc0 0xe3 0x40 0xc5 0x03 0xa2 0x40 0xff 0x05
[2026-07-07 13:14:52] Send self decision info: 0xa5 0x0e 0x00 0x00 0x37 0x01 0x03 0x21 0x01 0x6d 0x00 0x80 0x80 0x00 0x02 0x31 0x32 0x33 0x34 0x35 0x36 0x9d 0x8d
[2026-07-07 13:14:52] Preparing to send all location info: [ 1.39, 4.29 ], [ 8.63, 5.67 ], [ 2.40, 2.36 ], [ 2.40, 2.36 ], [ 0.50, 14.50 ], [ 7.09, 5.06 ], [ 0.00, 0.00 ], [ 10.76, 10.47 ], [ 16.39, 12.75 ], [ 16.49, 6.12 ], [ 27.50, 0.50 ], [ 13.75, 8.85 ]
[2026-07-07 13:14:52] Generated sentinel field info: 0xa5 0x36 0x00 0x00 0xcc 0x01 0x03 0x02 0x02 0x6d 0x00 0x6b 0x00 0x90 0xc7 0xb1 0x3f 0x9b 0x20 0x89 0x40 0x98 0x0b 0x0a 0x41 0x9d 0x55 0xb5 0x40 0x56 0x65 0x19 0x40 0x3d 0x0a 0x17 0x40 0x56 0x65 0x19 0x40 0x3d 0x0a 0x17 0x40 0x00 0x00 0x00 0x3f 0x00 0x00 0x68 0x41 0xf0 0x03 0xe3 0x40 0x2b 0xd5 0xa1 0x40 0x39 0xa7
[2026-07-07 13:14:52] Send self decision info: 0xa5 0x0e 0x00 0x00 0x37 0x01 0x03 0x21 0x01 0x6d 0x00 0x80 0x80 0x00 0x02 0x31 0x32 0x33 0x34 0x35 0x36 0x9d 0x8d
[2026-07-07 13:14:52] Generated sentinel field info: 0xa5 0x36 0x00 0x00 0xcc 0x01 0x03 0x02 0x02 0x6d 0x00 0x6b 0x00 0x70 0x78 0xdd 0x3f 0x70 0x6a 0x87 0x40 0x0e 0xe9 0x09 0x41 0xb7 0xbd 0xb5 0x40 0x56 0x65 0x19 0x40 0x3d 0x0a 0x17 0x40 0x56 0x65 0x19 0x40 0x3d 0x0a 0x17 0x40 0x00 0x00 0x00 0x3f 0x00 0x00 0x68 0x41 0x50 0xaa 0xe4 0x40 0x88 0xe7 0xa1 0x40 0xde 0xee
[2026-07-07 13:14:52] Send self decision info: 0xa5 0x0e 0x00 0x00 0x37 0x01 0x03 0x21 0x01 0x6d 0x00 0x80 0x80 0x00 0x02 0x31 0x32 0x33 0x34 0x35 0x36 0x9d 0x8d
[2026-07-07 13:14:52] Preparing to send all location info: [ 2.40, 4.13 ], [ 8.64, 5.69 ], [ 2.40, 2.36 ], [ 2.40, 2.36 ], [ 0.50, 14.50 ], [ 7.13, 5.04 ], [ 0.00, 0.00 ], [ 10.76, 10.47 ], [ 16.88, 12.78 ], [ 16.44, 6.18 ], [ 27.50, 0.50 ], [ 13.60, 9.02 ]
[2026-07-07 13:14:52] Generated sentinel field info: 0xa5 0x36 0x00 0x00 0xcc 0x01 0x03 0x02 0x02 0x6d 0x00 0x6b 0x00 0x28 0x97 0x19 0x40 0xda 0x2f 0x84 0x40 0x52 0x38 0x0a 0x41 0x45 0x39 0xb6 0x40 0x56 0x65 0x19 0x40 0x3d 0x0a 0x17 0x40 0x56 0x65 0x19 0x40 0x3d 0x0a 0x17 0x40 0x00 0x00 0x00 0x3f 0x00 0x00 0x68 0x41 0x6c 0x25 0xe4 0x40 0xd2 0x5d 0xa1 0x40 0x3d 0x91
[2026-07-07 13:14:52] Send self decision info: 0xa5 0x0e 0x00 0x00 0x37 0x01 0x03 0x21 0x01 0x6d 0x00 0x80 0x80 0x00 0x02 0x31 0x32 0x33 0x34 0x35 0x36 0x9d 0x8d
[2026-07-07 13:14:52] Generated sentinel field info: 0xa5 0x36 0x00 0x00 0xcc 0x01 0x03 0x02 0x02 0x6d 0x00 0x6b 0x00 0x10 0x2f 0x46 0x40 0x98 0x25 0x80 0x40 0xfa 0x36 0x0a 0x41 0x53 0x3d 0xb6 0x40 0x56 0x65 0x19 0x40 0x3d 0x0a 0x17 0x40 0x56 0x65 0x19 0x40 0x3d 0x0a 0x17 0x40 0x00 0x00 0x00 0x3f 0x00 0x00 0x68 0x41 0x90 0xc7 0xe5 0x40 0x8f 0x78 0xa1 0x40 0xc1 0xa0
[2026-07-07 13:14:53] Send self decision info: 0xa5 0x0e 0x00 0x00 0x37 0x01 0x03 0x21 0x01 0x6d 0x00 0x80 0x80 0x00 0x02 0x31 0x32 0x33 0x34 0x35 0x36 0x9d 0x8d
[2026-07-07 13:14:53] Preparing to send all location info: [ 3.46, 3.95 ], [ 8.66, 5.70 ], [ 2.40, 2.36 ], [ 2.40, 2.36 ], [ 0.50, 14.50 ], [ 7.09, 5.03 ], [ 0.00, 0.00 ], [ 10.76, 10.47 ], [ 17.50, 12.65 ], [ 16.56, 5.99 ], [ 27.50, 0.50 ], [ 13.31, 9.16 ]
[2026-07-07 13:14:53] Generated sentinel field info: 0xa5 0x36 0x00 0x00 0xcc 0x01 0x03 0x02 0x02 0x6d 0x00 0x6b 0x00 0xa0 0x9c 0x5d 0x40 0x0a 0x03 0x7d 0x40 0x8e 0x9b 0x0a 0x41 0x24 0x79 0xb6 0x40 0x56 0x65 0x19 0x40 0x3d 0x0a 0x17 0x40 0x56 0x65 0x19 0x40 0x3d 0x0a 0x17 0x40 0x00 0x00 0x00 0x3f 0x00 0x00 0x68 0x41 0xa0 0xbc 0xe2 0x40 0x38 0xe7 0xa0 0x40 0xe2 0xcd
[2026-07-07 13:14:53] Send self decision info: 0xa5 0x0e 0x00 0x00 0x37 0x01 0x03 0x21 0x01 0x6d 0x00 0x80 0x80 0x00 0x02 0x31 0x32 0x33 0x34 0x35 0x36 0x9d 0x8d
[2026-07-07 13:14:53] Generated sentinel field info: 0xa5 0x36 0x00 0x00 0xcc 0x01 0x03 0x02 0x02 0x6d 0x00 0x6b 0x00 0x10 0x69 0x61 0x40 0x07 0x3d 0x7d 0x40 0xa4 0x24 0x0b 0x41 0xd4 0x47 0xb6 0x40 0x56 0x65 0x19 0x40 0x3d 0x0a 0x17 0x40 0x56 0x65 0x19 0x40 0x3d 0x0a 0x17 0x40 0x00 0x00 0x00 0x3f 0x00 0x00 0x68 0x41 0x30 0xbf 0xe4 0x40 0x61 0xc5 0xa1 0x40 0x29 0xcc
[2026-07-07 13:14:53] Send self decision info: 0xa5 0x0e 0x00 0x00 0x37 0x01 0x03 0x21 0x01 0x6d 0x00 0x80 0x80 0x00 0x02 0x31 0x32 0x33 0x34 0x35 0x36 0x9d 0x8d
[2026-07-07 13:14:53] Preparing to send all location info: [ 3.37, 3.93 ], [ 8.67, 5.69 ], [ 2.40, 2.36 ], [ 2.40, 2.36 ], [ 0.50, 14.50 ], [ 7.14, 5.07 ], [ 0.00, 0.00 ], [ 10.76, 10.47 ], [ 18.00, 12.51 ], [ 16.64, 5.70 ], [ 27.50, 0.50 ], [ 13.37, 9.28 ]
[2026-07-07 13:14:53] Generated sentinel field info: 0xa5 0x36 0x00 0x00 0xcc 0x01 0x03 0x02 0x02 0x6d 0x00 0x6b 0x00 0x48 0xc5 0x57 0x40 0x8c 0xb6 0x7b 0x40 0xc6 0xbe 0x0a 0x41 0x3d 0x0f 0xb6 0x40 0x56 0x65 0x19 0x40 0x3d 0x0a 0x17 0x40 0x56 0x65 0x19 0x40 0x3d 0x0a 0x17 0x40 0x00 0x00 0x00 0x3f 0x00 0x00 0x68 0x41 0xcc 0x63 0xe4 0x40 0xe3 0x5a 0xa2 0x40 0xdc 0x01
[2026-07-07 13:14:53] Send self decision info: 0xa5 0x0e 0x00 0x00 0x37 0x01 0x03 0x21 0x01 0x6d 0x00 0x80 0x80 0x00 0x02 0x31 0x32 0x33 0x34 0x35 0x36 0x9d 0x8d
[2026-07-07 13:14:53] Send self decision info: 0xa5 0x0e 0x00 0x00 0x37 0x01 0x03 0x21 0x01 0x6d 0x00 0x80 0x80 0x00 0x02 0x31 0x32 0x33 0x34 0x35 0x36 0x9d 0x8d
[2026-07-07 13:14:53] Preparing to send all location info: [ 3.21, 3.97 ], [ 8.64, 5.69 ], [ 2.40, 2.36 ], [ 2.40, 2.36 ], [ 0.50, 14.50 ], [ 7.05, 5.04 ], [ 0.00, 0.00 ], [ 10.76, 10.47 ], [ 18.45, 12.41 ], [ 16.67, 5.56 ], [ 27.50, 0.50 ], [ 13.45, 9.37 ]
[2026-07-07 13:14:53] Generated sentinel field info: 0xa5 0x36 0x00 0x00 0xcc 0x01 0x03 0x02 0x02 0x6d 0x00 0x6b 0x00 0x08 0x83 0x4d 0x40 0x60 0x4d 0x7e 0x40 0x36 0x48 0x0a 0x41 0x72 0x09 0xb6 0x40 0x56 0x65 0x19 0x40 0x3d 0x0a 0x17 0x40 0x56 0x65 0x19 0x40 0x3d 0x0a 0x17 0x40 0x00 0x00 0x00 0x3f 0x00 0x00 0x68 0x41 0x94 0xb3 0xe1 0x40 0xc7 0x37 0xa1 0x40 0xea 0xbb
[2026-07-07 13:14:54] Send self decision info: 0xa5 0x0e 0x00 0x00 0x37 0x01 0x03 0x21 0x01 0x6d 0x00 0x80 0x80 0x00 0x02 0x31 0x32 0x33 0x34 0x35 0x36 0x9d 0x8d
[2026-07-07 13:14:54] Send self decision info: 0xa5 0x0e 0x00 0x00 0x37 0x01 0x03 0x21 0x01 0x6d 0x00 0x80 0x80 0x00 0x02 0x31 0x32 0x33 0x34 0x35 0x36 0x9d 0x8d
[2026-07-07 13:14:54] Preparing to send all location info: [ 3.16, 4.19 ], [ 8.63, 5.71 ], [ 2.40, 2.36 ], [ 2.40, 2.36 ], [ 0.50, 14.50 ], [ 7.13, 5.04 ], [ 0.00, 0.00 ], [ 10.76, 10.47 ], [ 18.98, 12.21 ], [ 16.79, 5.38 ], [ 27.50, 0.50 ], [ 13.62, 9.56 ]
[2026-07-07 13:14:54] Generated sentinel field info: 0xa5 0x36 0x00 0x00 0xcc 0x01 0x03 0x02 0x02 0x6d 0x00 0x6b 0x00 0x68 0x7d 0x4a 0x40 0xca 0x29 0x86 0x40 0x1c 0x1a 0x0a 0x41 0x3a 0x94 0xb6 0x40 0x56 0x65 0x19 0x40 0x3d 0x0a 0x17 0x40 0x56 0x65 0x19 0x40 0x3d 0x0a 0x17 0x40 0x00 0x00 0x00 0x3f 0x00 0x00 0x68 0x41 0x70 0x3f 0xe4 0x40 0x34 0x33 0xa1 0x40 0x4f 0xf8
[2026-07-07 13:14:54] Send self decision info: 0xa5 0x0e 0x00 0x00 0x37 0x01 0x03 0x21 0x01 0x6d 0x00 0x80 0x80 0x00 0x02 0x31 0x32 0x33 0x34 0x35 0x36 0x9d 0x8d
[2026-07-07 13:14:54] Generated sentinel field info: 0xa5 0x36 0x00 0x00 0xcc 0x01 0x03 0x02 0x02 0x6d 0x00 0x6b 0x00 0xc8 0xc8 0x48 0x40 0xfe 0x34 0x89 0x40 0x5c 0x1b 0x0a 0x41 0x7a 0x90 0xb6 0x40 0x56 0x65 0x19 0x40 0x3d 0x0a 0x17 0x40 0x56 0x65 0x19 0x40 0x3d 0x0a 0x17 0x40 0x00 0x00 0x00 0x3f 0x00 0x00 0x68 0x41 0x9c 0x35 0xe4 0x40 0x4a 0x43 0xa1 0x40 0x82 0x98
[2026-07-07 13:14:54] Send self decision info: 0xa5 0x0e 0x00 0x00 0x37 0x01 0x03 0x21 0x01 0x6d 0x00 0x80 0x80 0x00 0x02 0x31 0x32 0x33 0x34 0x35 0x36 0x9d 0x8d
[2026-07-07 13:14:54] Preparing to send all location info: [ 3.05, 4.47 ], [ 8.64, 5.70 ], [ 2.40, 2.36 ], [ 2.40, 2.36 ], [ 0.50, 14.50 ], [ 7.17, 5.06 ], [ 0.00, 0.00 ], [ 10.76, 10.47 ], [ 19.48, 12.03 ], [ 16.89, 5.10 ], [ 27.50, 0.50 ], [ 13.72, 9.68 ]
[2026-07-07 13:14:54] Generated sentinel field info: 0xa5 0x36 0x00 0x00 0xcc 0x01 0x03 0x02 0x02 0x6d 0x00 0x6b 0x00 0x20 0xf0 0x42 0x40 0xb5 0x2c 0x8f 0x40 0xca 0x2e 0x0a 0x41 0xf8 0x55 0xb6 0x40 0x56 0x65 0x19 0x40 0x3d 0x0a 0x17 0x40 0x56 0x65 0x19 0x40 0x3d 0x0a 0x17 0x40 0x00 0x00 0x00 0x3f 0x00 0x00 0x68 0x41 0x30 0x87 0xe5 0x40 0xc1 0xe1 0xa1 0x40 0xa6 0x3f
[2026-07-07 13:14:54] Send self decision info: 0xa5 0x0e 0x00 0x00 0x37 0x01 0x03 0x21 0x01 0x6d 0x00 0x80 0x80 0x00 0x02 0x31 0x32 0x33 0x34 0x35 0x36 0x9d 0x8d
[2026-07-07 13:14:54] Generated sentinel field info: 0xa5 0x36 0x00 0x00 0xcc 0x01 0x03 0x02 0x02 0x6d 0x00 0x6b 0x00 0x80 0xdb 0x3f 0x40 0xb9 0x51 0x92 0x40 0x00 0x9e 0x0a 0x41 0xc6 0x71 0xb6 0x40 0x56 0x65 0x19 0x40 0x3d 0x0a 0x17 0x40 0x56 0x65 0x19 0x40 0x3d 0x0a 0x17 0x40 0x00 0x00 0x00 0x3f 0x00 0x00 0x68 0x41 0x74 0xae 0xe5 0x40 0x99 0xa1 0xa1 0x40 0x95 0x32
[2026-07-07 13:14:55] Send self decision info: 0xa5 0x0e 0x00 0x00 0x37 0x01 0x03 0x21 0x01 0x6d 0x00 0x80 0x80 0x00 0x02 0x31 0x32 0x33 0x34 0x35 0x36 0x9d 0x8d
[2026-07-07 13:14:55] Preparing to send all location info: [ 2.90, 4.77 ], [ 8.66, 5.70 ], [ 2.40, 2.36 ], [ 2.40, 2.36 ], [ 0.50, 14.50 ], [ 7.15, 5.06 ], [ 0.00, 0.00 ], [ 10.76, 10.47 ], [ 19.81, 11.96 ], [ 16.84, 4.85 ], [ 27.50, 0.50 ], [ 13.75, 9.78 ]
[2026-07-07 13:14:55] Generated sentinel field info: 0xa5 0x36 0x00 0x00 0xcc 0x01 0x03 0x02 0x02 0x6d 0x00 0x6b 0x00 0xe0 0xcc 0x39 0x40 0x8d 0x80 0x98 0x40 0xa8 0x97 0x0a 0x41 0xdf 0x84 0xb6 0x40 0x56 0x65 0x19 0x40 0x3d 0x0a 0x17 0x40 0x56 0x65 0x19 0x40 0x3d 0x0a 0x17 0x40 0x00 0x00 0x00 0x3f 0x00 0x00 0x68 0x41 0x98 0xbf 0xe4 0x40 0xb6 0xc4 0xa1 0x40 0x67 0x72
[2026-07-07 13:14:55] Send self decision info: 0xa5 0x0e 0x00 0x00 0x37 0x01 0x03 0x21 0x01 0x6d 0x00 0x80 0x80 0x00 0x02 0x31 0x32 0x33 0x34 0x35 0x36 0x9d 0x8d
[2026-07-07 13:14:55] Send self decision info: 0xa5 0x0e 0x00 0x00 0x37 0x01 0x03 0x21 0x01 0x6d 0x00 0x80 0x80 0x00 0x02 0x31 0x32 0x33 0x34 0x35 0x36 0x9d 0x8d
[2026-07-07 13:14:55] Preparing to send all location info: [ 2.70, 5.10 ], [ 8.66, 5.70 ], [ 2.40, 2.36 ], [ 2.40, 2.36 ], [ 0.50, 14.50 ], [ 7.13, 5.09 ], [ 0.00, 0.00 ], [ 10.76, 10.47 ], [ 19.81, 11.96 ], [ 16.78, 4.60 ], [ 27.50, 0.50 ], [ 13.73, 9.85 ]
[2026-07-07 13:14:55] Generated sentinel field info: 0xa5 0x36 0x00 0x00 0xcc 0x01 0x03 0x02 0x02 0x6d 0x00 0x6b 0x00 0x78 0xe9 0x2c 0x40 0x49 0x1e 0xa3 0x40 0x90 0x9d 0x0a 0x41 0x17 0x73 0xb6 0x40 0x56 0x65 0x19 0x40 0x3d 0x0a 0x17 0x40 0x56 0x65 0x19 0x40 0x3d 0x0a 0x17 0x40 0x00 0x00 0x00 0x3f 0x00 0x00 0x68 0x41 0x68 0x1d 0xe4 0x40 0x05 0xce 0xa2 0x40 0x22 0x7b
[2026-07-07 13:14:55] Send self decision info: 0xa5 0x0e 0x00 0x00 0x37 0x01 0x03 0x21 0x01 0x6d 0x00 0x80 0x80 0x00 0x02 0x31 0x32 0x33 0x34 0x35 0x36 0x9d 0x8d
[2026-07-07 13:14:55] Generated sentinel field info: 0xa5 0x36 0x00 0x00 0xcc 0x01 0x03 0x02 0x02 0x6d 0x00 0x6b 0x00 0xb8 0x55 0x2a 0x40 0x3d 0xc1 0xa5 0x40 0x3e 0xb7 0x0a 0x41 0xe3 0x25 0xb6 0x40 0x56 0x65 0x19 0x40 0x3d 0x0a 0x17 0x40 0x56 0x65 0x19 0x40 0x3d 0x0a 0x17 0x40 0x00 0x00 0x00 0x3f 0x00 0x00 0x68 0x41 0x78 0xda 0xe2 0x40 0x29 0x19 0xa2 0x40 0x94 0xcb
[2026-07-07 13:14:55] Send self decision info: 0xa5 0x0e 0x00 0x00 0x37 0x01 0x03 0x21 0x01 0x6d 0x00 0x80 0x80 0x00 0x02 0x31 0x32 0x33 0x34 0x35 0x36 0x9d 0x8d
[2026-07-07 13:14:55] Preparing to send all location info: [ 2.64, 5.18 ], [ 8.67, 5.69 ], [ 2.40, 2.36 ], [ 2.40, 2.36 ], [ 0.50, 14.50 ], [ 7.09, 5.06 ], [ 0.00, 0.00 ], [ 10.76, 10.47 ], [ 19.81, 11.96 ], [ 16.80, 4.63 ], [ 27.50, 0.50 ], [ 13.65, 9.89 ]
[2026-07-07 13:14:55] Generated sentinel field info: 0xa5 0x36 0x00 0x00 0xcc 0x01 0x03 0x02 0x02 0x6d 0x00 0x6b 0x00 0xf0 0x16 0x29 0x40 0x03 0xc3 0xa5 0x40 0xa8 0xbb 0x0a 0x41 0x9c 0x18 0xb6 0x40 0x56 0x65 0x19 0x40 0x3d 0x0a 0x17 0x40 0x56 0x65 0x19 0x40 0x3d 0x0a 0x17 0x40 0x00 0x00 0x00 0x3f 0x00 0x00 0x68 0x41 0xcc 0x06 0xe3 0x40 0x79 0xd0 0xa1 0x40 0x5c 0x3b
[2026-07-07 13:14:56] Send self decision info: 0xa5 0x0e 0x00 0x00 0x37 0x01 0x03 0x21 0x01 0x6d 0x00 0x80 0x80 0x00 0x02 0x31 0x32 0x33 0x34 0x35 0x36 0x9d 0x8d
[2026-07-07 13:14:56] Generated sentinel field info: 0xa5 0x36 0x00 0x00 0xcc 0x01 0x03 0x02 0x02 0x6d 0x00 0x6b 0x00 0x18 0xbc 0x28 0x40 0x0b 0x20 0xa6 0x40 0xc8 0xac 0x0a 0x41 0x57 0x45 0xb6 0x40 0x56 0x65 0x19 0x40 0x3d 0x0a 0x17 0x40 0x56 0x65 0x19 0x40 0x3d 0x0a 0x17 0x40 0x00 0x00 0x00 0x3f 0x00 0x00 0x68 0x41 0xc0 0x0b 0xe4 0x40 0xda 0x87 0xa1 0x40 0xb7 0x5e
[2026-07-07 13:14:56] Send self decision info: 0xa5 0x0e 0x00 0x00 0x37 0x01 0x03 0x21 0x01 0x6d 0x00 0x80 0x80 0x00 0x02 0x31 0x32 0x33 0x34 0x35 0x36 0x9d 0x8d
[2026-07-07 13:14:56] Preparing to send all location info: [ 2.60, 5.27 ], [ 8.67, 5.68 ], [ 2.40, 2.36 ], [ 2.40, 2.36 ], [ 0.50, 14.50 ], [ 7.13, 5.05 ], [ 0.00, 0.00 ], [ 10.76, 10.47 ], [ 19.81, 11.96 ], [ 16.76, 4.68 ], [ 27.50, 0.50 ], [ 13.63, 9.96 ]
[2026-07-07 13:14:56] Generated sentinel field info: 0xa5 0x36 0x00 0x00 0xcc 0x01 0x03 0x02 0x02 0x6d 0x00 0x6b 0x00 0x18 0x5e 0x26 0x40 0xb2 0x8c 0xa8 0x40 0xd2 0xca 0x0a 0x41 0x04 0xeb 0xb5 0x40 0x56 0x65 0x19 0x40 0x3d 0x0a 0x17 0x40 0x56 0x65 0x19 0x40 0x3d 0x0a 0x17 0x40 0x00 0x00 0x00 0x3f 0x00 0x00 0x68 0x41 0xcc 0x08 0xe4 0x40 0xb2 0x8c 0xa1 0x40 0x4c 0xf8
[2026-07-07 13:14:56] Send self decision info: 0xa5 0x0e 0x00 0x00 0x37 0x01 0x03 0x21 0x01 0x6d 0x00 0x80 0x80 0x00 0x02 0x31 0x32 0x33 0x34 0x35 0x36 0x9d 0x8d
[2026-07-07 13:14:56] Generated sentinel field info: 0xa5 0x36 0x00 0x00 0xcc 0x01 0x03 0x02 0x02 0x6d 0x00 0x6b 0x00 0xc0 0xfe 0x23 0x40 0xb2 0xfa 0xaa 0x40 0x3e 0x32 0x0a 0x41 0x91 0x4b 0xb6 0x40 0x56 0x65 0x19 0x40 0x3d 0x0a 0x17 0x40 0x56 0x65 0x19 0x40 0x3d 0x0a 0x17 0x40 0x00 0x00 0x00 0x3f 0x00 0x00 0x68 0x41 0x2c 0xb4 0xe4 0x40 0x64 0xd7 0xa1 0x40 0x43 0xcb
[2026-07-07 13:14:56] Send self decision info: 0xa5 0x0e 0x00 0x00 0x37 0x01 0x03 0x21 0x01 0x6d 0x00 0x80 0x80 0x00 0x02 0x31 0x32 0x33 0x34 0x35 0x36 0x9d 0x8d
[2026-07-07 13:14:56] Preparing to send all location info: [ 2.53, 5.41 ], [ 8.64, 5.69 ], [ 2.40, 2.36 ], [ 2.40, 2.36 ], [ 0.50, 14.50 ], [ 7.09, 5.06 ], [ 0.00, 0.00 ], [ 10.76, 10.47 ], [ 19.81, 11.96 ], [ 16.76, 4.89 ], [ 27.50, 0.50 ], [ 13.57, 9.98 ]
[2026-07-07 13:14:56] Generated sentinel field info: 0xa5 0x36 0x00 0x00 0xcc 0x01 0x03 0x02 0x02 0x6d 0x00 0x6b 0x00 0x80 0xc7 0x21 0x40 0xa2 0x3f 0xad 0x40 0x74 0x4a 0x0a 0x41 0xad 0x02 0xb6 0x40 0x56 0x65 0x19 0x40 0x3d 0x0a 0x17 0x40 0x56 0x65 0x19 0x40 0x3d 0x0a 0x17 0x40 0x00 0x00 0x00 0x3f 0x00 0x00 0x68 0x41 0x94 0xfb 0xe2 0x40 0xe3 0xe2 0xa1 0x40 0x1b 0x6d
[2026-07-07 13:14:56] Send self decision info: 0xa5 0x0e 0x00 0x00 0x37 0x01 0x03 0x21 0x01 0x6d 0x00 0x80 0x80 0x00 0x02 0x31 0x32 0x33 0x34 0x35 0x36 0x9d 0x8d
[2026-07-07 13:14:56] Generated sentinel field info: 0xa5 0x36 0x00 0x00 0xcc 0x01 0x03 0x02 0x02 0x6d 0x00 0x6b 0x00 0xe8 0xb4 0x23 0x40 0xa5 0xcb 0xad 0x40 0x18 0x3b 0x0a 0x41 0xed 0x30 0xb6 0x40 0x56 0x65 0x19 0x40 0x3d 0x0a 0x17 0x40 0x56 0x65 0x19 0x40 0x3d 0x0a 0x17 0x40 0x00 0x00 0x00 0x3f 0x00 0x00 0x68 0x41 0x64 0x73 0xe3 0x40 0x65 0x81 0xa2 0x40 0x39 0x4e
[2026-07-07 13:14:57] Send self decision info: 0xa5 0x0e 0x00 0x00 0x37 0x01 0x03 0x21 0x01 0x6d 0x00 0x80 0x80 0x00 0x02 0x31 0x32 0x33 0x34 0x35 0x36 0x9d 0x8d
[2026-07-07 13:14:57] Preparing to send all location info: [ 2.73, 5.43 ], [ 8.61, 5.69 ], [ 2.40, 2.36 ], [ 2.40, 2.36 ], [ 0.50, 14.50 ], [ 7.06, 5.07 ], [ 0.00, 0.00 ], [ 20.54, 10.93 ], [ 19.81, 11.96 ], [ 16.66, 5.31 ], [ 27.50, 0.50 ], [ 13.55, 10.00 ]
[2026-07-07 13:14:57] Generated sentinel field info: 0xa5 0x36 0x00 0x00 0xcc 0x01 0x03 0x02 0x02 0x6d 0x00 0x6b 0x00 0x50 0xf2 0x2e 0x40 0xc8 0xb8 0xad 0x40 0x34 0xc8 0x09 0x41 0xbe 0x20 0xb6 0x40 0x56 0x65 0x19 0x40 0x3d 0x0a 0x17 0x40 0x56 0x65 0x19 0x40 0x3d 0x0a 0x17 0x40 0x00 0x00 0x00 0x3f 0x00 0x00 0x68 0x41 0xd0 0xe5 0xe1 0x40 0xe6 0x47 0xa2 0x40 0xa0 0x39
[2026-07-07 13:14:57] Send self decision info: 0xa5 0x0e 0x00 0x00 0x37 0x01 0x03 0x21 0x01 0x6d 0x00 0x80 0x80 0x00 0x02 0x31 0x32 0x33 0x34 0x35 0x36 0x9d 0x8d
[2026-07-07 13:14:57] Send self decision info: 0xa5 0x0e 0x00 0x00 0x37 0x01 0x03 0x21 0x01 0x6d 0x00 0x80 0x80 0x00 0x02 0x31 0x32 0x33 0x34 0x35 0x36 0x9d 0x8d
[2026-07-07 13:14:57] Preparing to send all location info: [ 3.27, 5.47 ], [ 8.70, 5.65 ], [ 2.40, 2.36 ], [ 2.40, 2.36 ], [ 0.50, 14.50 ], [ 7.12, 5.06 ], [ 0.00, 0.00 ], [ 20.52, 10.89 ], [ 19.81, 11.96 ], [ 16.59, 5.65 ], [ 27.50, 0.50 ], [ 13.51, 10.00 ]
[2026-07-07 13:14:57] Generated sentinel field info: 0xa5 0x36 0x00 0x00 0xcc 0x01 0x03 0x02 0x02 0x6d 0x00 0x6b 0x00 0xb8 0x50 0x51 0x40 0x09 0x0c 0xaf 0x40 0x1e 0x24 0x0b 0x41 0x83 0xde 0xb4 0x40 0x56 0x65 0x19 0x40 0x3d 0x0a 0x17 0x40 0x56 0x65 0x19 0x40 0x3d 0x0a 0x17 0x40 0x00 0x00 0x00 0x3f 0x00 0x00 0x68 0x41 0x70 0xbd 0xe3 0x40 0x1e 0x08 0xa2 0x40 0xcb 0xb3
[2026-07-07 13:14:57] Send self decision info: 0xa5 0x0e 0x00 0x00 0x37 0x01 0x03 0x21 0x01 0x6d 0x00 0x80 0x80 0x00 0x02 0x31 0x32 0x33 0x34 0x35 0x36 0x9d 0x8d
[2026-07-07 13:14:57] Generated sentinel field info: 0xa5 0x36 0x00 0x00 0xcc 0x01 0x03 0x02 0x02 0x6d 0x00 0x6b 0x00 0xf0 0x23 0x62 0x40 0x00 0x04 0xae 0x40 0x7a 0x25 0x0c 0x41 0x23 0xb0 0xb4 0x40 0x56 0x65 0x19 0x40 0x3d 0x0a 0x17 0x40 0x56 0x65 0x19 0x40 0x3d 0x0a 0x17 0x40 0x00 0x00 0x00 0x3f 0x00 0x00 0x68 0x41 0xd0 0x92 0xe2 0x40 0xe1 0x2b 0xa1 0x40 0xa5 0x48
[2026-07-07 13:14:57] Send self decision info: 0xa5 0x0e 0x00 0x00 0x37 0x01 0x03 0x21 0x01 0x6d 0x00 0x80 0x80 0x00 0x02 0x31 0x32 0x33 0x34 0x35 0x36 0x9d 0x8d
[2026-07-07 13:14:57] Preparing to send all location info: [ 3.56, 5.42 ], [ 8.83, 5.64 ], [ 2.40, 2.36 ], [ 2.40, 2.36 ], [ 0.50, 14.50 ], [ 7.13, 5.04 ], [ 0.00, 0.00 ], [ 20.33, 10.85 ], [ 19.81, 11.96 ], [ 16.69, 5.90 ], [ 27.50, 0.50 ], [ 13.54, 10.01 ]
[2026-07-07 13:14:57] Generated sentinel field info: 0xa5 0x36 0x00 0x00 0xcc 0x01 0x03 0x02 0x02 0x6d 0x00 0x6b 0x00 0x68 0x02 0x64 0x40 0xfe 0x7d 0xad 0x40 0xf6 0x33 0x0d 0x41 0x5f 0x5d 0xb4 0x40 0x56 0x65 0x19 0x40 0x3d 0x0a 0x17 0x40 0x56 0x65 0x19 0x40 0x3d 0x0a 0x17 0x40 0x00 0x00 0x00 0x3f 0x00 0x00 0x68 0x41 0xa8 0x3a 0xe4 0x40 0x09 0x3b 0xa1 0x40 0x13 0x56
[2026-07-07 13:14:58] Send self decision info: 0xa5 0x0e 0x00 0x00 0x37 0x01 0x03 0x21 0x01 0x6d 0x00 0x80 0x80 0x00 0x02 0x31 0x32 0x33 0x34 0x35 0x36 0x9d 0x8d
[2026-07-07 13:14:58] Generated sentinel field info: 0xa5 0x36 0x00 0x00 0xcc 0x01 0x03 0x02 0x02 0x6d 0x00 0x6b 0x00 0xd8 0xe2 0x63 0x40 0x80 0x9c 0xad 0x40 0x5a 0x6c 0x0e 0x41 0xa5 0x90 0xb3 0x40 0x56 0x65 0x19 0x40 0x3d 0x0a 0x17 0x40 0x56 0x65 0x19 0x40 0x3d 0x0a 0x17 0x40 0x00 0x00 0x00 0x3f 0x00 0x00 0x68 0x41 0x80 0xab 0xe5 0x40 0x6b 0xa6 0xa1 0x40 0xc1 0xfd
[2026-07-07 13:14:58] Send self decision info: 0xa5 0x0e 0x00 0x00 0x37 0x01 0x03 0x21 0x01 0x6d 0x00 0x80 0x80 0x00 0x02 0x31 0x32 0x33 0x34 0x35 0x36 0x9d 0x8d
[2026-07-07 13:14:58] Preparing to send all location info: [ 3.55, 5.41 ], [ 8.99, 5.62 ], [ 2.40, 2.36 ], [ 2.40, 2.36 ], [ 0.50, 14.50 ], [ 7.10, 5.05 ], [ 0.00, 0.00 ], [ 20.02, 10.91 ], [ 19.73, 10.95 ], [ 16.46, 6.31 ], [ 27.50, 0.50 ], [ 13.55, 10.01 ]
[2026-07-07 13:14:58] Generated sentinel field info: 0xa5 0x36 0x00 0x00 0xcc 0x01 0x03 0x02 0x02 0x6d 0x00 0x6b 0x00 0x88 0xeb 0x62 0x40 0xd9 0x42 0xad 0x40 0x52 0xcd 0x0f 0x41 0x40 0xbc 0xb3 0x40 0x56 0x65 0x19 0x40 0x3d 0x0a 0x17 0x40 0x56 0x65 0x19 0x40 0x3d 0x0a 0x17 0x40 0x00 0x00 0x00 0x3f 0x00 0x00 0x68 0x41 0x10 0x31 0xe3 0x40 0x29 0x8b 0xa1 0x40 0x4e 0x7b
[2026-07-07 13:14:58] Send self decision info: 0xa5 0x0e 0x00 0x00 0x37 0x01 0x03 0x21 0x01 0x6d 0x00 0x80 0x80 0x00 0x02 0x31 0x32 0x33 0x34 0x35 0x36 0x9d 0x8d
[2026-07-07 13:14:58] Send self decision info: 0xa5 0x0e 0x00 0x00 0x37 0x01 0x03 0x21 0x01 0x6d 0x00 0x80 0x80 0x00 0x02 0x31 0x32 0x33 0x34 0x35 0x36 0x9d 0x8d
[2026-07-07 13:14:58] Preparing to send all location info: [ 3.51, 5.28 ], [ 9.05, 5.61 ], [ 2.40, 2.36 ], [ 2.40, 2.36 ], [ 0.50, 14.50 ], [ 7.15, 5.10 ], [ 0.00, 0.00 ], [ 20.02, 10.91 ], [ 19.49, 10.96 ], [ 16.48, 6.49 ], [ 27.50, 0.50 ], [ 13.55, 10.01 ]
[2026-07-07 13:14:58] Generated sentinel field info: 0xa5 0x36 0x00 0x00 0xcc 0x01 0x03 0x02 0x02 0x6d 0x00 0x6b 0x00 0x28 0xa6 0x60 0x40 0x6c 0x09 0xa9 0x40 0x42 0xd1 0x10 0x41 0x75 0x93 0xb3 0x40 0x56 0x65 0x19 0x40 0x3d 0x0a 0x17 0x40 0x56 0x65 0x19 0x40 0x3d 0x0a 0x17 0x40 0x00 0x00 0x00 0x3f 0x00 0x00 0x68 0x41 0xf0 0xc5 0xe4 0x40 0x83 0x1d 0xa3 0x40 0x67 0xf9
[2026-07-07 13:14:58] Send self decision info: 0xa5 0x0e 0x00 0x00 0x37 0x01 0x03 0x21 0x01 0x6d 0x00 0x80 0x80 0x00 0x02 0x31 0x32 0x33 0x34 0x35 0x36 0x9d 0x8d
[2026-07-07 13:14:58] Generated sentinel field info: 0xa5 0x36 0x00 0x00 0xcc 0x01 0x03 0x02 0x02 0x6d 0x00 0x6b 0x00 0x10 0x3e 0x62 0x40 0x7b 0x7c 0xa7 0x40 0x42 0xd6 0x10 0x41 0xa5 0x84 0xb3 0x40 0x56 0x65 0x19 0x40 0x3d 0x0a 0x17 0x40 0x56 0x65 0x19 0x40 0x3d 0x0a 0x17 0x40 0x00 0x00 0x00 0x3f 0x00 0x00 0x68 0x41 0xfc 0x43 0xe3 0x40 0x0d 0xcf 0xa2 0x40 0x2b 0x04
[2026-07-07 13:14:59] Send self decision info: 0xa5 0x0e 0x00 0x00 0x37 0x01 0x03 0x21 0x01 0x6d 0x00 0x80 0x80 0x00 0x02 0x31 0x32 0x33 0x34 0x35 0x36 0x9d 0x8d
[2026-07-07 13:14:59] Preparing to send all location info: [ 3.52, 5.22 ], [ 9.05, 5.61 ], [ 2.40, 2.36 ], [ 2.40, 2.36 ], [ 0.50, 14.50 ], [ 7.09, 5.07 ], [ 0.00, 0.00 ], [ 20.02, 10.91 ], [ 19.49, 10.96 ], [ 16.62, 6.69 ], [ 27.50, 0.50 ], [ 13.54, 10.01 ]
[2026-07-07 13:14:59] Generated sentinel field info: 0xa5 0x36 0x00 0x00 0xcc 0x01 0x03 0x02 0x02 0x6d 0x00 0x6b 0x00 0x98 0x45 0x61 0x40 0x96 0x24 0xa7 0x40 0x5a 0xd3 0x10 0x41 0x3f 0x8d 0xb3 0x40 0x56 0x65 0x19 0x40 0x3d 0x0a 0x17 0x40 0x56 0x65 0x19 0x40 0x3d 0x0a 0x17 0x40 0x00 0x00 0x00 0x3f 0x00 0x00 0x68 0x41 0xb8 0xcc 0xe2 0x40 0xb5 0x2f 0xa2 0x40 0x17 0x26
[2026-07-07 13:14:59] Send self decision info: 0xa5 0x0e 0x00 0x00 0x37 0x01 0x03 0x21 0x01 0x6d 0x00 0x80 0x80 0x00 0x02 0x31 0x32 0x33 0x34 0x35 0x36 0x9d 0x8d
[2026-07-07 13:14:59] Generated sentinel field info: 0xa5 0x36 0x00 0x00 0xcc 0x01 0x03 0x02 0x02 0x6d 0x00 0x6b 0x00 0x68 0xd5 0x5f 0x40 0xc9 0x41 0xa7 0x40 0xc2 0xbf 0x0f 0x41 0xb3 0x51 0xb5 0x40 0x56 0x65 0x19 0x40 0x3d 0x0a 0x17 0x40 0x56 0x65 0x19 0x40 0x3d 0x0a 0x17 0x40 0x00 0x00 0x00 0x3f 0x00 0x00 0x68 0x41 0x84 0x0a 0xe3 0x40 0x5e 0xca 0xa1 0x40 0xc9 0x1b
[2026-07-07 13:14:59] Send self decision info: 0xa5 0x0e 0x00 0x00 0x37 0x01 0x03 0x21 0x01 0x6d 0x00 0x80 0x80 0x00 0x02 0x31 0x32 0x33 0x34 0x35 0x36 0x9d 0x8d
[2026-07-07 13:14:59] Preparing to send all location info: [ 3.48, 5.22 ], [ 8.89, 5.72 ], [ 2.40, 2.36 ], [ 2.40, 2.36 ], [ 0.50, 14.50 ], [ 7.15, 5.05 ], [ 0.00, 0.00 ], [ 18.24, 10.61 ], [ 19.49, 10.96 ], [ 16.62, 6.84 ], [ 27.50, 0.50 ], [ 13.58, 10.01 ]
[2026-07-07 13:14:59] Generated sentinel field info: 0xa5 0x36 0x00 0x00 0xcc 0x01 0x03 0x02 0x02 0x6d 0x00 0x6b 0x00 0x48 0xa3 0x5e 0x40 0xf2 0x22 0xa7 0x40 0xb4 0x43 0x0e 0x41 0x99 0xe2 0xb6 0x40 0x56 0x65 0x19 0x40 0x3d 0x0a 0x17 0x40 0x56 0x65 0x19 0x40 0x3d 0x0a 0x17 0x40 0x00 0x00 0x00 0x3f 0x00 0x00 0x68 0x41 0xd8 0xe1 0xe4 0x40 0xb1 0x8c 0xa1 0x40 0x75 0x30
[2026-07-07 13:14:59] Send self decision info: 0xa5 0x0e 0x00 0x00 0x37 0x01 0x03 0x21 0x01 0x6d 0x00 0x80 0x80 0x00 0x02 0x31 0x32 0x33 0x34 0x35 0x36 0x9d 0x8d
[2026-07-07 13:14:59] Generated sentinel field info: 0xa5 0x36 0x00 0x00 0xcc 0x01 0x03 0x02 0x02 0x6d 0x00 0x6b 0x00 0x08 0xd7 0x5d 0x40 0x49 0x57 0xa5 0x40 0xa6 0x29 0x0c 0x41 0x28 0x7a 0xb7 0x40 0x56 0x65 0x19 0x40 0x3d 0x0a 0x17 0x40 0x56 0x65 0x19 0x40 0x3d 0x0a 0x17 0x40 0x00 0x00 0x00 0x3f 0x00 0x00 0x68 0x41 0x18 0x1b 0xe4 0x40 0xb9 0x6e 0xa1 0x40 0xe1 0xc5
[2026-07-07 13:14:59] Send self decision info: 0xa5 0x0e 0x00 0x00 0x37 0x01 0x03 0x21 0x01 0x6d 0x00 0x80 0x80 0x00 0x02 0x31 0x32 0x33 0x34 0x35 0x36 0x9d 0x8d
[2026-07-07 13:14:59] Preparing to send all location info: [ 3.42, 5.10 ], [ 8.75, 5.75 ], [ 2.40, 2.36 ], [ 2.40, 2.36 ], [ 0.50, 14.50 ], [ 7.19, 5.07 ], [ 0.00, 0.00 ], [ 18.21, 10.59 ], [ 18.20, 10.51 ], [ 16.59, 6.83 ], [ 27.50, 0.50 ], [ 13.58, 10.01 ]
[2026-07-07 13:14:59] Generated sentinel field info: 0xa5 0x36 0x00 0x00 0xcc 0x01 0x03 0x02 0x02 0x6d 0x00 0x6b 0x00 0x48 0xb0 0x5a 0x40 0x4d 0x47 0xa3 0x40 0xfa 0xf9 0x0b 0x41 0xca 0x08 0xb8 0x40 0x56 0x65 0x19 0x40 0x3d 0x0a 0x17 0x40 0x56 0x65 0x19 0x40 0x3d 0x0a 0x17 0x40 0x00 0x00 0x00 0x3f 0x00 0x00 0x68 0x41 0xa4 0x3b 0xe6 0x40 0x92 0x1e 0xa2 0x40 0x29 0x6f
[2026-07-07 13:15:00] Send self decision info: 0xa5 0x0e 0x00 0x00 0x37 0x01 0x03 0x21 0x01 0x6d 0x00 0x80 0x80 0x00 0x02 0x31 0x32 0x33 0x34 0x35 0x36 0x9d 0x8d
[2026-07-07 13:15:00] Generated sentinel field info: 0xa5 0x36 0x00 0x00 0xcc 0x01 0x03 0x02 0x02 0x6d 0x00 0x6b 0x00 0xe8 0x14 0x5e 0x40 0x88 0xa6 0x9e 0x40 0xd6 0x3f 0x0a 0x41 0xf5 0xf6 0xb8 0x40 0x56 0x65 0x19 0x40 0x3d 0x0a 0x17 0x40 0x56 0x65 0x19 0x40 0x3d 0x0a 0x17 0x40 0x00 0x00 0x00 0x3f 0x00 0x00 0x68 0x41 0x50 0x9e 0xe4 0x40 0x26 0xfb 0xa1 0x40 0x47 0xde
[2026-07-07 13:15:00] Send self decision info: 0xa5 0x0e 0x00 0x00 0x37 0x01 0x03 0x21 0x01 0x6d 0x00 0x80 0x80 0x00 0x02 0x31 0x32 0x33 0x34 0x35 0x36 0x9d 0x8d
[2026-07-07 13:15:00] Preparing to send all location info: [ 3.48, 4.82 ], [ 8.59, 5.81 ], [ 2.40, 2.36 ], [ 2.40, 2.36 ], [ 0.50, 14.50 ], [ 7.15, 5.09 ], [ 0.00, 0.00 ], [ 18.21, 10.59 ], [ 18.33, 10.53 ], [ 16.56, 6.81 ], [ 27.50, 0.50 ], [ 13.58, 10.01 ]
[2026-07-07 13:15:00] Generated sentinel field info: 0xa5 0x36 0x00 0x00 0xcc 0x01 0x03 0x02 0x02 0x6d 0x00 0x6b 0x00 0xd8 0x80 0x5e 0x40 0xc4 0x59 0x9a 0x40 0x58 0x6f 0x09 0x41 0xd9 0xff 0xb9 0x40 0x56 0x65 0x19 0x40 0x3d 0x0a 0x17 0x40 0x56 0x65 0x19 0x40 0x3d 0x0a 0x17 0x40 0x00 0x00 0x00 0x3f 0x00 0x00 0x68 0x41 0xb0 0xdf 0xe4 0x40 0x6d 0xf3 0xa2 0x40 0xda 0xa9
[2026-07-07 13:15:00] Send self decision info: 0xa5 0x0e 0x00 0x00 0x37 0x01 0x03 0x21 0x01 0x6d 0x00 0x80 0x80 0x00 0x02 0x31 0x32 0x33 0x34 0x35 0x36 0x9d 0x8d
[2026-07-07 13:15:00] Generated sentinel field info: 0xa5 0x36 0x00 0x00 0xcc 0x01 0x03 0x02 0x02 0x6d 0x00 0x6b 0x00 0xb8 0xe7 0x64 0x40 0x7b 0xef 0x97 0x40 0x80 0xb5 0x08 0x41 0xd3 0x5c 0xb9 0x40 0x56 0x65 0x19 0x40 0x3d 0x0a 0x17 0x40 0x56 0x65 0x19 0x40 0x3d 0x0a 0x17 0x40 0x00 0x00 0x00 0x3f 0x00 0x00 0x68 0x41 0x9c 0xe7 0xe4 0x40 0x7e 0xe6 0xa2 0x40 0x3d 0x2e
[2026-07-07 13:15:00] Send self decision info: 0xa5 0x0e 0x00 0x00 0x37 0x01 0x03 0x21 0x01 0x6d 0x00 0x80 0x80 0x00 0x02 0x31 0x32 0x33 0x34 0x35 0x36 0x9d 0x8d
[2026-07-07 13:15:00] Preparing to send all location info: [ 3.82, 4.63 ], [ 8.58, 5.78 ], [ 2.40, 2.36 ], [ 2.40, 2.36 ], [ 0.50, 14.50 ], [ 7.13, 5.08 ], [ 0.00, 0.00 ], [ 18.21, 10.59 ], [ 18.46, 10.51 ], [ 16.57, 6.80 ], [ 27.50, 0.50 ], [ 13.58, 10.01 ]
[2026-07-07 13:15:00] Generated sentinel field info: 0xa5 0x36 0x00 0x00 0xcc 0x01 0x03 0x02 0x02 0x6d 0x00 0x6b 0x00 0xa0 0xb3 0x74 0x40 0xa9 0x36 0x94 0x40 0xa6 0x4a 0x09 0x41 0xd4 0x04 0xb9 0x40 0x56 0x65 0x19 0x40 0x3d 0x0a 0x17 0x40 0x56 0x65 0x19 0x40 0x3d 0x0a 0x17 0x40 0x00 0x00 0x00 0x3f 0x00 0x00 0x68 0x41 0x44 0x37 0xe4 0x40 0xb7 0xa3 0xa2 0x40 0xe5 0x8f
[2026-07-07 13:15:00] Send self decision info: 0xa5 0x0e 0x00 0x00 0x37 0x01 0x03 0x21 0x01 0x6d 0x00 0x80 0x80 0x00 0x02 0x31 0x32 0x33 0x34 0x35 0x36 0x9d 0x8d
[2026-07-07 13:15:00] Generated sentinel field info: 0xa5 0x36 0x00 0x00 0xcc 0x01 0x03 0x02 0x02 0x6d 0x00 0x6b 0x00 0x40 0x35 0x82 0x40 0x19 0xce 0x90 0x40 0xc8 0xe4 0x08 0x41 0x83 0x37 0xba 0x40 0x56 0x65 0x19 0x40 0x3d 0x0a 0x17 0x40 0x56 0x65 0x19 0x40 0x3d 0x0a 0x17 0x40 0x00 0x00 0x00 0x3f 0x00 0x00 0x68 0x41 0xd4 0x4e 0xe5 0x40 0xda 0x3d 0xa2 0x40 0x3f 0xae
[2026-07-07 13:15:01] Send self decision info: 0xa5 0x0e 0x00 0x00 0x37 0x01 0x03 0x21 0x01 0x6d 0x00 0x80 0x80 0x00 0x02 0x31 0x32 0x33 0x34 0x35 0x36 0x9d 0x8d
[2026-07-07 13:15:01] Preparing to send all location info: [ 4.29, 4.48 ], [ 8.54, 5.80 ], [ 2.40, 2.36 ], [ 2.40, 2.36 ], [ 0.50, 14.50 ], [ 7.13, 5.05 ], [ 0.00, 0.00 ], [ 18.21, 10.59 ], [ 18.73, 10.42 ], [ 16.56, 6.66 ], [ 27.50, 0.50 ], [ 13.58, 10.01 ]
[2026-07-07 13:15:01] Generated sentinel field info: 0xa5 0x36 0x00 0x00 0xcc 0x01 0x03 0x02 0x02 0x6d 0x00 0x6b 0x00 0x7c 0x3b 0x89 0x40 0xb3 0x37 0x8f 0x40 0x90 0x9c 0x08 0x41 0xfc 0xa7 0xb9 0x40 0x56 0x65 0x19 0x40 0x3d 0x0a 0x17 0x40 0x56 0x65 0x19 0x40 0x3d 0x0a 0x17 0x40 0x00 0x00 0x00 0x3f 0x00 0x00 0x68 0x41 0xfc 0x07 0xe4 0x40 0x03 0x8e 0xa1 0x40 0xb0 0x58
[2026-07-07 13:15:01] Send self decision info: 0xa5 0x0e 0x00 0x00 0x37 0x01 0x03 0x21 0x01 0x6d 0x00 0x80 0x80 0x00 0x02 0x31 0x32 0x33 0x34 0x35 0x36 0x9d 0x8d
[2026-07-07 13:15:01] Generated sentinel field info: 0xa5 0x36 0x00 0x00 0xcc 0x01 0x03 0x02 0x02 0x6d 0x00 0x6b 0x00 0x14 0xea 0x95 0x40 0xc5 0xd9 0x8d 0x40 0xac 0x6b 0x07 0x41 0xbf 0x6e 0xba 0x40 0x56 0x65 0x19 0x40 0x3d 0x0a 0x17 0x40 0x56 0x65 0x19 0x40 0x3d 0x0a 0x17 0x40 0x00 0x00 0x00 0x3f 0x00 0x00 0x68 0x41 0x7c 0x2a 0xe6 0x40 0x94 0x3a 0xa2 0x40 0x6b 0x41
[2026-07-07 13:15:01] Send self decision info: 0xa5 0x0e 0x00 0x00 0x37 0x01 0x03 0x21 0x01 0x6d 0x00 0x80 0x80 0x00 0x02 0x31 0x32 0x33 0x34 0x35 0x36 0x9d 0x8d
[2026-07-07 13:15:01] Preparing to send all location info: [ 5.04, 4.36 ], [ 8.41, 5.82 ], [ 2.40, 2.36 ], [ 2.40, 2.36 ], [ 0.50, 14.50 ], [ 7.16, 5.07 ], [ 0.00, 0.00 ], [ 18.21, 10.59 ], [ 19.14, 10.24 ], [ 16.30, 6.44 ], [ 27.50, 0.50 ], [ 13.58, 10.01 ]
[2026-07-07 13:15:01] Generated sentinel field info: 0xa5 0x36 0x00 0x00 0xcc 0x01 0x03 0x02 0x02 0x6d 0x00 0x6b 0x00 0x8c 0x56 0xa1 0x40 0x6b 0x67 0x8b 0x40 0x8e 0x8c 0x06 0x41 0x65 0x41 0xba 0x40 0x56 0x65 0x19 0x40 0x3d 0x0a 0x17 0x40 0x56 0x65 0x19 0x40 0x3d 0x0a 0x17 0x40 0x00 0x00 0x00 0x3f 0x00 0x00 0x68 0x41 0x44 0x3b 0xe5 0x40 0xcc 0x5d 0xa2 0x40 0xe7 0x29
[2026-07-07 13:15:01] Send self decision info: 0xa5 0x0e 0x00 0x00 0x37 0x01 0x03 0x21 0x01 0x6d 0x00 0x80 0x80 0x00 0x02 0x31 0x32 0x33 0x34 0x35 0x36 0x9d 0x8d
[2026-07-07 13:15:01] Send self decision info: 0xa5 0x0e 0x00 0x00 0x37 0x01 0x03 0x21 0x01 0x6d 0x00 0x80 0x80 0x00 0x02 0x31 0x32 0x33 0x34 0x35 0x36 0x9d 0x8d
[2026-07-07 13:15:01] Preparing to send all location info: [ 5.53, 4.13 ], [ 8.33, 5.86 ], [ 2.40, 2.36 ], [ 2.40, 2.36 ], [ 0.50, 14.50 ], [ 7.13, 5.09 ], [ 0.00, 0.00 ], [ 18.21, 10.59 ], [ 19.80, 10.07 ], [ 16.25, 6.13 ], [ 27.50, 0.50 ], [ 13.58, 10.01 ]
[2026-07-07 13:15:01] Generated sentinel field info: 0xa5 0x36 0x00 0x00 0xcc 0x01 0x03 0x02 0x02 0x6d 0x00 0x6b 0x00 0x64 0x19 0xb1 0x40 0x27 0x4f 0x84 0x40 0x56 0x3b 0x05 0x41 0xf9 0x70 0xbb 0x40 0x56 0x65 0x19 0x40 0x3d 0x0a 0x17 0x40 0x56 0x65 0x19 0x40 0x3d 0x0a 0x17 0x40 0x00 0x00 0x00 0x3f 0x00 0x00 0x68 0x41 0xc0 0x14 0xe4 0x40 0x2f 0xdc 0xa2 0x40 0x2b 0x0b
[2026-07-07 13:15:02] Send self decision info: 0xa5 0x0e 0x00 0x00 0x37 0x01 0x03 0x21 0x01 0x6d 0x00 0x80 0x80 0x00 0x02 0x31 0x32 0x33 0x34 0x35 0x36 0x9d 0x8d
[2026-07-07 13:15:02] Generated sentinel field info: 0xa5 0x36 0x00 0x00 0xcc 0x01 0x03 0x02 0x02 0x6d 0x00 0x6b 0x00 0x64 0x66 0xb8 0x40 0x87 0xb7 0x7e 0x40 0xde 0x00 0x05 0x41 0x64 0xbb 0xba 0x40 0x56 0x65 0x19 0x40 0x3d 0x0a 0x17 0x40 0x56 0x65 0x19 0x40 0x3d 0x0a 0x17 0x40 0x00 0x00 0x00 0x3f 0x00 0x00 0x68 0x41 0x50 0x45 0xe3 0x40 0xde 0xcc 0xa2 0x40 0xb5 0x95
[2026-07-07 13:15:02] Send self decision info: 0xa5 0x0e 0x00 0x00 0x37 0x01 0x03 0x21 0x01 0x6d 0x00 0x80 0x80 0x00 0x02 0x31 0x32 0x33 0x34 0x35 0x36 0x9d 0x8d
[2026-07-07 13:15:02] Preparing to send all location info: [ 5.95, 3.82 ], [ 8.32, 5.83 ], [ 2.40, 2.36 ], [ 2.40, 2.36 ], [ 0.50, 14.50 ], [ 7.08, 5.08 ], [ 0.00, 0.00 ], [ 18.21, 10.59 ], [ 19.90, 10.03 ], [ 16.44, 5.76 ], [ 27.50, 0.50 ], [ 13.58, 10.01 ]
[2026-07-07 13:15:02] Generated sentinel field info: 0xa5 0x36 0x00 0x00 0xcc 0x01 0x03 0x02 0x02 0x6d 0x00 0x6b 0x00 0x48 0x55 0xbe 0x40 0x24 0x77 0x74 0x40 0x08 0x1a 0x05 0x41 0xe4 0x6e 0xba 0x40 0x56 0x65 0x19 0x40 0x3d 0x0a 0x17 0x40 0x56 0x65 0x19 0x40 0x3d 0x0a 0x17 0x40 0x00 0x00 0x00 0x3f 0x00 0x00 0x68 0x41 0x14 0xa6 0xe2 0x40 0x13 0x6f 0xa2 0x40 0x13 0x90
[2026-07-07 13:15:02] Send self decision info: 0xa5 0x0e 0x00 0x00 0x37 0x01 0x03 0x21 0x01 0x6d 0x00 0x80 0x80 0x00 0x02 0x31 0x32 0x33 0x34 0x35 0x36 0x9d 0x8d
[2026-07-07 13:15:02] Generated sentinel field info: 0xa5 0x36 0x00 0x00 0xcc 0x01 0x03 0x02 0x02 0x6d 0x00 0x6b 0x00 0x8c 0xb3 0xc1 0x40 0x0a 0xbe 0x70 0x40 0x88 0x21 0x05 0x41 0x12 0x58 0xba 0x40 0x56 0x65 0x19 0x40 0x3d 0x0a 0x17 0x40 0x56 0x65 0x19 0x40 0x3d 0x0a 0x17 0x40 0x00 0x00 0x00 0x3f 0x00 0x00 0x68 0x41 0xdc 0x10 0xe2 0x40 0x38 0x01 0xa2 0x40 0x1d 0x41
[2026-07-07 13:15:02] Send self decision info: 0xa5 0x0e 0x00 0x00 0x37 0x01 0x03 0x21 0x01 0x6d 0x00 0x80 0x80 0x00 0x02 0x31 0x32 0x33 0x34 0x35 0x36 0x9d 0x8d
[2026-07-07 13:15:02] Preparing to send all location info: [ 6.04, 3.74 ], [ 8.34, 5.83 ], [ 2.40, 2.36 ], [ 2.40, 2.36 ], [ 0.50, 14.50 ], [ 7.14, 5.06 ], [ 0.00, 0.00 ], [ 18.21, 10.59 ], [ 19.90, 10.03 ], [ 16.63, 5.40 ], [ 27.50, 0.50 ], [ 13.58, 10.01 ]
[2026-07-07 13:15:02] Generated sentinel field info: 0xa5 0x36 0x00 0x00 0xcc 0x01 0x03 0x02 0x02 0x6d 0x00 0x6b 0x00 0x88 0x5f 0xc1 0x40 0xb3 0x23 0x6f 0x40 0x92 0x80 0x05 0x41 0xb6 0x9e 0xba 0x40 0x56 0x65 0x19 0x40 0x3d 0x0a 0x17 0x40 0x56 0x65 0x19 0x40 0x3d 0x0a 0x17 0x40 0x00 0x00 0x00 0x3f 0x00 0x00 0x68 0x41 0xa8 0x99 0xe4 0x40 0xc4 0x02 0xa2 0x40 0xc4 0x30
[2026-07-07 13:15:02] Send self decision info: 0xa5 0x0e 0x00 0x00 0x37 0x01 0x03 0x21 0x01 0x6d 0x00 0x80 0x80 0x00 0x02 0x31 0x32 0x33 0x34 0x35 0x36 0x9d 0x8d
[2026-07-07 13:15:02] Generated sentinel field info: 0xa5 0x36 0x00 0x00 0xcc 0x01 0x03 0x02 0x02 0x6d 0x00 0x6b 0x00 0xc8 0xfe 0xbb 0x40 0x39 0x07 0x6f 0x40 0x2e 0x94 0x05 0x41 0x27 0x63 0xba 0x40 0x56 0x65 0x19 0x40 0x3d 0x0a 0x17 0x40 0x56 0x65 0x19 0x40 0x3d 0x0a 0x17 0x40 0x00 0x00 0x00 0x3f 0x00 0x00 0x68 0x41 0x00 0x6d 0xe5 0x40 0x89 0x0c 0xa2 0x40 0x46 0xae
[2026-07-07 13:15:03] Send self decision info: 0xa5 0x0e 0x00 0x00 0x37 0x01 0x03 0x21 0x01 0x6d 0x00 0x80 0x80 0x00 0x02 0x31 0x32 0x33 0x34 0x35 0x36 0x9d 0x8d
[2026-07-07 13:15:03] Preparing to send all location info: [ 5.72, 3.75 ], [ 8.32, 5.82 ], [ 2.40, 2.36 ], [ 2.40, 2.36 ], [ 0.50, 14.50 ], [ 7.17, 5.07 ], [ 0.00, 0.00 ], [ 18.21, 10.59 ], [ 19.90, 10.03 ], [ 17.01, 5.02 ], [ 27.50, 0.50 ], [ 13.58, 10.01 ]
[2026-07-07 13:15:03] Generated sentinel field info: 0xa5 0x36 0x00 0x00 0xcc 0x01 0x03 0x02 0x02 0x6d 0x00 0x6b 0x00 0xf4 0x2b 0xb7 0x40 0xac 0xe1 0x6f 0x40 0xc8 0x2e 0x05 0x41 0xc7 0x2f 0xba 0x40 0x56 0x65 0x19 0x40 0x3d 0x0a 0x17 0x40 0x56 0x65 0x19 0x40 0x3d 0x0a 0x17 0x40 0x00 0x00 0x00 0x3f 0x00 0x00 0x68 0x41 0x40 0x5b 0xe5 0x40 0x8a 0x29 0xa2 0x40 0x22 0x22
[2026-07-07 13:15:03] Send self decision info: 0xa5 0x0e 0x00 0x00 0x37 0x01 0x03 0x21 0x01 0x6d 0x00 0x80 0x80 0x00 0x02 0x31 0x32 0x33 0x34 0x35 0x36 0x9d 0x8d
[2026-07-07 13:15:03] Generated sentinel field info: 0xa5 0x36 0x00 0x00 0xcc 0x01 0x03 0x02 0x02 0x6d 0x00 0x6b 0x00 0x5c 0x2d 0xb1 0x40 0x75 0x6f 0x72 0x40 0xb6 0x24 0x05 0x41 0x67 0x4e 0xba 0x40 0x56 0x65 0x19 0x40 0x3d 0x0a 0x17 0x40 0x56 0x65 0x19 0x40 0x3d 0x0a 0x17 0x40 0x00 0x00 0x00 0x3f 0x00 0x00 0x68 0x41 0xc8 0xf8 0xe5 0x40 0xb1 0x8b 0xa2 0x40 0x2a 0x09
[2026-07-07 13:15:03] Send self decision info: 0xa5 0x0e 0x00 0x00 0x37 0x01 0x03 0x21 0x01 0x6d 0x00 0x80 0x80 0x00 0x02 0x31 0x32 0x33 0x34 0x35 0x36 0x9d 0x8d
[2026-07-07 13:15:03] Preparing to send all location info: [ 5.37, 3.91 ], [ 8.22, 5.89 ], [ 2.40, 2.36 ], [ 2.40, 2.36 ], [ 0.50, 14.50 ], [ 7.14, 5.07 ], [ 0.00, 0.00 ], [ 18.21, 10.59 ], [ 19.90, 10.03 ], [ 17.13, 4.52 ], [ 27.50, 0.50 ], [ 13.58, 10.01 ]
[2026-07-07 13:15:03] Generated sentinel field info: 0xa5 0x36 0x00 0x00 0xcc 0x01 0x03 0x02 0x02 0x6d 0x00 0x6b 0x00 0xe8 0xff 0xab 0x40 0xce 0x70 0x7a 0x40 0x2e 0x87 0x03 0x41 0xb7 0x6b 0xbc 0x40 0x56 0x65 0x19 0x40 0x3d 0x0a 0x17 0x40 0x56 0x65 0x19 0x40 0x3d 0x0a 0x17 0x40 0x00 0x00 0x00 0x3f 0x00 0x00 0x68 0x41 0x54 0x5e 0xe4 0x40 0xd1 0x63 0xa2 0x40 0x2c 0xb9
[2026-07-07 13:15:03] Send self decision info: 0xa5 0x0e 0x00 0x00 0x37 0x01 0x03 0x21 0x01 0x6d 0x00 0x80 0x80 0x00 0x02 0x31 0x32 0x33 0x34 0x35 0x36 0x9d 0x8d
[2026-07-07 13:15:03] Generated sentinel field info: 0xa5 0x36 0x00 0x00 0xcc 0x01 0x03 0x02 0x02 0x6d 0x00 0x6b 0x00 0x9c 0xa9 0xa7 0x40 0xec 0x1a 0x81 0x40 0xb2 0x7a 0x02 0x41 0xb9 0x38 0xbe 0x40 0x56 0x65 0x19 0x40 0x3d 0x0a 0x17 0x40 0x56 0x65 0x19 0x40 0x3d 0x0a 0x17 0x40 0x00 0x00 0x00 0x3f 0x00 0x00 0x68 0x41 0xb8 0x01 0xe4 0x40 0x50 0xfb 0xa2 0x40 0xf3 0x5b
[2026-07-07 13:15:03] Send self decision info: 0xa5 0x0e 0x00 0x00 0x37 0x01 0x03 0x21 0x01 0x6d 0x00 0x80 0x80 0x00 0x02 0x31 0x32 0x33 0x34 0x35 0x36 0x9d 0x8d
[2026-07-07 13:15:03] Preparing to send all location info: [ 5.16, 4.14 ], [ 8.03, 5.91 ], [ 2.40, 2.36 ], [ 2.40, 2.36 ], [ 0.50, 14.50 ], [ 7.12, 5.11 ], [ 0.00, 0.00 ], [ 18.21, 10.59 ], [ 19.90, 10.03 ], [ 17.20, 4.12 ], [ 27.50, 0.50 ], [ 13.58, 10.01 ]
[2026-07-07 13:15:03] Generated sentinel field info: 0xa5 0x36 0x00 0x00 0xcc 0x01 0x03 0x02 0x02 0x6d 0x00 0x6b 0x00 0x10 0x17 0xa5 0x40 0xca 0x7c 0x84 0x40 0x28 0x8f 0x00 0x41 0x99 0x1f 0xbd 0x40 0x56 0x65 0x19 0x40 0x3d 0x0a 0x17 0x40 0x56 0x65 0x19 0x40 0x3d 0x0a 0x17 0x40 0x00 0x00 0x00 0x3f 0x00 0x00 0x68 0x41 0x50 0xbd 0xe3 0x40 0x37 0x6b 0xa3 0x40 0x5e 0x9e
[2026-07-07 13:15:04] Send self decision info: 0xa5 0x0e 0x00 0x00 0x37 0x01 0x03 0x21 0x01 0x6d 0x00 0x80 0x80 0x00 0x02 0x31 0x32 0x33 0x34 0x35 0x36 0x9d 0x8d
[2026-07-07 13:15:04] Generated sentinel field info: 0xa5 0x36 0x00 0x00 0xcc 0x01 0x03 0x02 0x02 0x6d 0x00 0x6b 0x00 0x98 0xe0 0xa1 0x40 0xb7 0x0f 0x89 0x40 0xe6 0x58 0x01 0x41 0xd2 0x7e 0xbd 0x40 0x56 0x65 0x19 0x40 0x3d 0x0a 0x17 0x40 0x56 0x65 0x19 0x40 0x3d 0x0a 0x17 0x40 0x00 0x00 0x00 0x3f 0x00 0x00 0x68 0x41 0xe8 0x20 0xe3 0x40 0x7d 0x08 0xa3 0x40 0x6d 0xd2
[2026-07-07 13:15:04] Send self decision info: 0xa5 0x0e 0x00 0x00 0x37 0x01 0x03 0x21 0x01 0x6d 0x00 0x80 0x80 0x00 0x02 0x31 0x32 0x33 0x34 0x35 0x36 0x9d 0x8d
[2026-07-07 13:15:04] Preparing to send all location info: [ 4.89, 4.43 ], [ 8.13, 5.94 ], [ 2.40, 2.36 ], [ 2.40, 2.36 ], [ 0.50, 14.50 ], [ 7.11, 5.08 ], [ 0.00, 0.00 ], [ 18.21, 10.59 ], [ 19.90, 10.03 ], [ 17.33, 3.70 ], [ 27.50, 0.50 ], [ 13.55, 10.01 ]
[2026-07-07 13:15:04] Generated sentinel field info: 0xa5 0x36 0x00 0x00 0xcc 0x01 0x03 0x02 0x02 0x6d 0x00 0x6b 0x00 0xc0 0x68 0x9c 0x40 0x99 0xcb 0x8d 0x40 0xf0 0x05 0x02 0x41 0xdb 0x37 0xbe 0x40 0x56 0x65 0x19 0x40 0x3d 0x0a 0x17 0x40 0x56 0x65 0x19 0x40 0x3d 0x0a 0x17 0x40 0x00 0x00 0x00 0x3f 0x00 0x00 0x68 0x41 0x70 0x5c 0xe3 0x40 0xfb 0xa6 0xa2 0x40 0xb0 0xc6
[2026-07-07 13:15:04] Send self decision info: 0xa5 0x0e 0x00 0x00 0x37 0x01 0x03 0x21 0x01 0x6d 0x00 0x80 0x80 0x00 0x02 0x31 0x32 0x33 0x34 0x35 0x36 0x9d 0x8d
[2026-07-07 13:15:04] Send self decision info: 0xa5 0x0e 0x00 0x00 0x37 0x01 0x03 0x21 0x01 0x6d 0x00 0x80 0x80 0x00 0x02 0x31 0x32 0x33 0x34 0x35 0x36 0x9d 0x8d
[2026-07-07 13:15:04] Preparing to send all location info: [ 4.58, 4.71 ], [ 8.18, 5.95 ], [ 2.40, 2.36 ], [ 2.40, 2.36 ], [ 0.50, 14.50 ], [ 7.18, 5.09 ], [ 0.00, 0.00 ], [ 18.21, 10.59 ], [ 19.90, 10.03 ], [ 17.40, 3.62 ], [ 27.50, 0.50 ], [ 13.55, 10.00 ]
[2026-07-07 13:15:04] Generated sentinel field info: 0xa5 0x36 0x00 0x00 0xcc 0x01 0x03 0x02 0x02 0x6d 0x00 0x6b 0x00 0xfc 0x8a 0x92 0x40 0x48 0xd2 0x96 0x40 0xf6 0xdb 0x02 0x41 0xa6 0x75 0xbe 0x40 0x56 0x65 0x19 0x40 0x3d 0x0a 0x17 0x40 0x56 0x65 0x19 0x40 0x3d 0x0a 0x17 0x40 0x00 0x00 0x00 0x3f 0x00 0x00 0x68 0x41 0x3c 0xc8 0xe5 0x40 0xe9 0xda 0xa2 0x40 0xe8 0x50
[2026-07-07 13:15:04] Send self decision info: 0xa5 0x0e 0x00 0x00 0x37 0x01 0x03 0x21 0x01 0x6d 0x00 0x80 0x80 0x00 0x02 0x31 0x32 0x33 0x34 0x35 0x36 0x9d 0x8d
[2026-07-07 13:15:04] Generated sentinel field info: 0xa5 0x36 0x00 0x00 0xcc 0x01 0x03 0x02 0x02 0x6d 0x00 0x6b 0x00 0xe4 0x9a 0x8d 0x40 0xb4 0xc6 0x9a 0x40 0x84 0x4d 0x03 0x41 0x77 0x81 0xbe 0x40 0x56 0x65 0x19 0x40 0x3d 0x0a 0x17 0x40 0x56 0x65 0x19 0x40 0x3d 0x0a 0x17 0x40 0x00 0x00 0x00 0x3f 0x00 0x00 0x68 0x41 0x78 0x2c 0xe7 0x40 0x1f 0x5d 0xa3 0x40 0x0d 0x5b
[2026-07-07 13:15:05] Send self decision info: 0xa5 0x0e 0x00 0x00 0x37 0x01 0x03 0x21 0x01 0x6d 0x00 0x80 0x80 0x00 0x02 0x31 0x32 0x33 0x34 0x35 0x36 0x9d 0x8d
[2026-07-07 13:15:05] Preparing to send all location info: [ 4.22, 4.94 ], [ 8.14, 5.93 ], [ 2.40, 2.36 ], [ 2.40, 2.36 ], [ 0.50, 14.50 ], [ 7.14, 5.08 ], [ 0.00, 0.00 ], [ 18.21, 10.59 ], [ 19.90, 10.03 ], [ 17.40, 3.62 ], [ 27.50, 0.50 ], [ 13.58, 10.01 ]
[2026-07-07 13:15:05] Send self decision info: 0xa5 0x0e 0x00 0x00 0x37 0x01 0x03 0x21 0x01 0x6d 0x00 0x80 0x80 0x00 0x02 0x31 0x32 0x33 0x34 0x35 0x36 0x9d 0x8d
[2026-07-07 13:15:05] Generated sentinel field info: 0xa5 0x36 0x00 0x00 0xcc 0x01 0x03 0x02 0x02 0x6d 0x00 0x6b 0x00 0xdc 0xf6 0x80 0x40 0x10 0x9e 0xa1 0x40 0x58 0xe2 0x01 0x41 0x55 0x3f 0xbd 0x40 0x56 0x65 0x19 0x40 0x3d 0x0a 0x17 0x40 0x56 0x65 0x19 0x40 0x3d 0x0a 0x17 0x40 0x00 0x00 0x00 0x3f 0x00 0x00 0x68 0x41 0x98 0x26 0xe4 0x40 0x01 0xbf 0xa2 0x40 0x15 0x78
[2026-07-07 13:15:05] Send self decision info: 0xa5 0x0e 0x00 0x00 0x37 0x01 0x03 0x21 0x01 0x6d 0x00 0x80 0x80 0x00 0x02 0x31 0x32 0x33 0x34 0x35 0x36 0x9d 0x8d
[2026-07-07 13:15:05] Preparing to send all location info: [ 4.02, 5.20 ], [ 8.20, 5.92 ], [ 2.40, 2.36 ], [ 2.40, 2.36 ], [ 0.50, 14.50 ], [ 7.12, 5.10 ], [ 0.00, 0.00 ], [ 18.21, 10.59 ], [ 19.90, 10.03 ], [ 17.77, 2.43 ], [ 27.50, 0.50 ], [ 13.58, 10.01 ]
[2026-07-07 13:15:05] Generated sentinel field info: 0xa5 0x36 0x00 0x00 0xcc 0x01 0x03 0x02 0x02 0x6d 0x00 0x6b 0x00 0x30 0x90 0x80 0x40 0x55 0x4a 0xa6 0x40 0xc4 0x31 0x03 0x41 0x17 0x70 0xbd 0x40 0x56 0x65 0x19 0x40 0x3d 0x0a 0x17 0x40 0x56 0x65 0x19 0x40 0x3d 0x0a 0x17 0x40 0x00 0x00 0x00 0x3f 0x00 0x00 0x68 0x41 0xd4 0xec 0xe3 0x40 0x7f 0x1d 0xa3 0x40 0xe4 0x4f
[2026-07-07 13:15:05] Send self decision info: 0xa5 0x0e 0x00 0x00 0x37 0x01 0x03 0x21 0x01 0x6d 0x00 0x80 0x80 0x00 0x02 0x31 0x32 0x33 0x34 0x35 0x36 0x9d 0x8d
[2026-07-07 13:15:05] Send self decision info: 0xa5 0x0e 0x00 0x00 0x37 0x01 0x03 0x21 0x01 0x6d 0x00 0x80 0x80 0x00 0x02 0x31 0x32 0x33 0x34 0x35 0x36 0x9d 0x8d
[2026-07-07 13:15:05] Preparing to send all location info: [ 4.16, 5.46 ], [ 8.10, 5.94 ], [ 2.40, 2.36 ], [ 2.40, 2.36 ], [ 0.50, 14.50 ], [ 7.04, 5.06 ], [ 0.00, 0.00 ], [ 18.21, 10.59 ], [ 19.90, 10.03 ], [ 17.68, 2.10 ], [ 27.50, 0.50 ], [ 13.58, 10.01 ]
[2026-07-07 13:15:05] Generated sentinel field info: 0xa5 0x36 0x00 0x00 0xcc 0x01 0x03 0x02 0x02 0x6d 0x00 0x6b 0x00 0xa0 0xf9 0x84 0x40 0xeb 0xe0 0xae 0x40 0xb0 0x92 0x01 0x41 0x09 0x33 0xbe 0x40 0x56 0x65 0x19 0x40 0x3d 0x0a 0x17 0x40 0x56 0x65 0x19 0x40 0x3d 0x0a 0x17 0x40 0x00 0x00 0x00 0x3f 0x00 0x00 0x68 0x41 0x78 0x38 0xe1 0x40 0x26 0x02 0xa2 0x40 0xe9 0x26
[2026-07-07 13:15:06] Send self decision info: 0xa5 0x0e 0x00 0x00 0x37 0x01 0x03 0x21 0x01 0x6d 0x00 0x80 0x80 0x00 0x02 0x31 0x32 0x33 0x34 0x35 0x36 0x9d 0x8d
[2026-07-07 13:15:06] Send self decision info: 0xa5 0x0e 0x00 0x00 0x37 0x01 0x03 0x21 0x01 0x6d 0x00 0x80 0x80 0x00 0x02 0x31 0x32 0x33 0x34 0x35 0x36 0x9d 0x8d
[2026-07-07 13:15:06] Preparing to send all location info: [ 4.39, 5.76 ], [ 8.17, 5.96 ], [ 2.40, 2.36 ], [ 2.40, 2.36 ], [ 0.50, 14.50 ], [ 7.10, 5.05 ], [ 0.00, 0.00 ], [ 18.21, 10.59 ], [ 19.90, 10.03 ], [ 17.48, 1.69 ], [ 27.50, 0.50 ], [ 13.58, 10.01 ]
[2026-07-07 13:15:06] Generated sentinel field info: 0xa5 0x36 0x00 0x00 0xcc 0x01 0x03 0x02 0x02 0x6d 0x00 0x6b 0x00 0xb8 0x73 0x8c 0x40 0xba 0x68 0xb8 0x40 0x16 0xcb 0x02 0x41 0x13 0xa9 0xbe 0x40 0x56 0x65 0x19 0x40 0x3d 0x0a 0x17 0x40 0x56 0x65 0x19 0x40 0x3d 0x0a 0x17 0x40 0x00 0x00 0x00 0x3f 0x00 0x00 0x68 0x41 0xf0 0x19 0xe3 0x40 0x14 0xb1 0xa1 0x40 0xfd 0xf1
[2026-07-07 13:15:06] Send self decision info: 0xa5 0x0e 0x00 0x00 0x37 0x01 0x03 0x21 0x01 0x6d 0x00 0x80 0x80 0x00 0x02 0x31 0x32 0x33 0x34 0x35 0x36 0x9d 0x8d
[2026-07-07 13:15:06] Generated sentinel field info: 0xa5 0x36 0x00 0x00 0xcc 0x01 0x03 0x02 0x02 0x6d 0x00 0x6b 0x00 0x04 0x91 0x91 0x40 0xb8 0xad 0xbe 0x40 0xd2 0x2a 0x00 0x41 0xbe 0x53 0xbe 0x40 0x56 0x65 0x19 0x40 0x3d 0x0a 0x17 0x40 0x56 0x65 0x19 0x40 0x3d 0x0a 0x17 0x40 0x00 0x00 0x00 0x3f 0x00 0x00 0x68 0x41 0x68 0x91 0xe4 0x40 0x42 0x10 0xa2 0x40 0xba 0xd5
[2026-07-07 13:15:06] Send self decision info: 0xa5 0x0e 0x00 0x00 0x37 0x01 0x03 0x21 0x01 0x6d 0x00 0x80 0x80 0x00 0x02 0x31 0x32 0x33 0x34 0x35 0x36 0x9d 0x8d
[2026-07-07 13:15:06] Preparing to send all location info: [ 4.70, 6.17 ], [ 7.98, 5.96 ], [ 2.40, 2.36 ], [ 2.40, 2.36 ], [ 0.50, 14.50 ], [ 7.13, 5.08 ], [ 0.00, 0.00 ], [ 18.21, 10.59 ], [ 19.90, 10.03 ], [ 17.10, 1.38 ], [ 27.50, 0.50 ], [ 13.58, 10.01 ]
[2026-07-07 13:15:06] Generated sentinel field info: 0xa5 0x36 0x00 0x00 0xcc 0x01 0x03 0x02 0x02 0x6d 0x00 0x6b 0x00 0x28 0x74 0x96 0x40 0x6c 0x7a 0xc5 0x40 0xe0 0x44 0xff 0x40 0x7f 0x92 0xbe 0x40 0x56 0x65 0x19 0x40 0x3d 0x0a 0x17 0x40 0x56 0x65 0x19 0x40 0x3d 0x0a 0x17 0x40 0x00 0x00 0x00 0x3f 0x00 0x00 0x68 0x41 0x4c 0x44 0xe4 0x40 0x6a 0x8e 0xa2 0x40 0x2c 0x19
[2026-07-07 13:15:06] Send self decision info: 0xa5 0x0e 0x00 0x00 0x37 0x01 0x03 0x21 0x01 0x6d 0x00 0x80 0x80 0x00 0x02 0x31 0x32 0x33 0x34 0x35 0x36 0x9d 0x8d
[2026-07-07 13:15:07] Send self decision info: 0xa5 0x0e 0x00 0x00 0x37 0x01 0x03 0x21 0x01 0x6d 0x00 0x80 0x80 0x00 0x02 0x31 0x32 0x33 0x34 0x35 0x36 0x9d 0x8d
[2026-07-07 13:15:07] Preparing to send all location info: [ 4.91, 6.48 ], [ 7.89, 5.96 ], [ 2.40, 2.36 ], [ 2.40, 2.36 ], [ 0.50, 14.50 ], [ 7.05, 5.08 ], [ 0.00, 0.00 ], [ 18.21, 10.59 ], [ 19.90, 10.03 ], [ 16.98, 1.37 ], [ 27.50, 0.50 ], [ 13.58, 10.01 ]
[2026-07-07 13:15:07] Generated sentinel field info: 0xa5 0x36 0x00 0x00 0xcc 0x01 0x03 0x02 0x02 0x6d 0x00 0x6b 0x00 0x6c 0x45 0x9d 0x40 0x13 0x7d 0xcf 0x40 0x4c 0x82 0xfc 0x40 0x28 0xa7 0xbe 0x40 0x56 0x65 0x19 0x40 0x3d 0x0a 0x17 0x40 0x56 0x65 0x19 0x40 0x3d 0x0a 0x17 0x40 0x00 0x00 0x00 0x3f 0x00 0x00 0x68 0x41 0xf4 0xa2 0xe1 0x40 0xaa 0xb5 0xa2 0x40 0xd7 0x20
[2026-07-07 13:15:07] Send self decision info: 0xa5 0x0e 0x00 0x00 0x37 0x01 0x03 0x21 0x01 0x6d 0x00 0x80 0x80 0x00 0x02 0x31 0x32 0x33 0x34 0x35 0x36 0x9d 0x8d
[2026-07-07 13:15:07] Generated sentinel field info: 0xa5 0x36 0x00 0x00 0xcc 0x01 0x03 0x02 0x02 0x6d 0x00 0x6b 0x00 0xdc 0x99 0xa0 0x40 0x2b 0xa7 0xd6 0x40 0x60 0xa3 0xfe 0x40 0xc9 0x8a 0xbf 0x40 0x56 0x65 0x19 0x40 0x3d 0x0a 0x17 0x40 0x56 0x65 0x19 0x40 0x3d 0x0a 0x17 0x40 0x00 0x00 0x00 0x3f 0x00 0x00 0x68 0x41 0x18 0xbe 0xe3 0x40 0xf2 0x69 0xa3 0x40 0xc1 0x76
[2026-07-07 13:15:07] Send self decision info: 0xa5 0x0e 0x00 0x00 0x37 0x01 0x03 0x21 0x01 0x6d 0x00 0x80 0x80 0x00 0x02 0x31 0x32 0x33 0x34 0x35 0x36 0x9d 0x8d
[2026-07-07 13:15:07] Preparing to send all location info: [ 5.04, 6.92 ], [ 8.04, 5.85 ], [ 2.40, 2.36 ], [ 2.40, 2.36 ], [ 0.50, 14.50 ], [ 7.09, 5.11 ], [ 0.00, 0.00 ], [ 18.21, 10.59 ], [ 19.90, 10.03 ], [ 16.93, 1.37 ], [ 27.50, 0.50 ], [ 13.58, 10.01 ]
[2026-07-07 13:15:07] Generated sentinel field info: 0xa5 0x36 0x00 0x00 0xcc 0x01 0x03 0x02 0x02 0x6d 0x00 0x6b 0x00 0x18 0x37 0xa1 0x40 0xf1 0x58 0xdd 0x40 0xe8 0xb2 0x00 0x41 0xb5 0x4c 0xbb 0x40 0x56 0x65 0x19 0x40 0x3d 0x0a 0x17 0x40 0x56 0x65 0x19 0x40 0x3d 0x0a 0x17 0x40 0x00 0x00 0x00 0x3f 0x00 0x00 0x68 0x41 0x40 0xd8 0xe2 0x40 0x7e 0x7f 0xa3 0x40 0xd4 0xea
[2026-07-07 13:15:07] Send self decision info: 0xa5 0x0e 0x00 0x00 0x37 0x01 0x03 0x21 0x01 0x6d 0x00 0x80 0x80 0x00 0x02 0x31 0x32 0x33 0x34 0x35 0x36 0x9d 0x8d
[2026-07-07 13:15:07] Generated sentinel field info: 0xa5 0x36 0x00 0x00 0xcc 0x01 0x03 0x02 0x02 0x6d 0x00 0x6b 0x00 0xb0 0xc0 0xa0 0x40 0x02 0x01 0xe2 0x40 0xe8 0xb2 0x00 0x41 0xb5 0x4c 0xbb 0x40 0x56 0x65 0x19 0x40 0x3d 0x0a 0x17 0x40 0x56 0x65 0x19 0x40 0x3d 0x0a 0x17 0x40 0x00 0x00 0x00 0x3f 0x00 0x00 0x68 0x41 0xa8 0xee 0xe2 0x40 0xce 0x5a 0xa3 0x40 0x26 0x91
[2026-07-07 13:15:07] Send self decision info: 0xa5 0x0e 0x00 0x00 0x37 0x01 0x03 0x21 0x01 0x6d 0x00 0x80 0x80 0x00 0x02 0x31 0x32 0x33 0x34 0x35 0x36 0x9d 0x8d
[2026-07-07 13:15:07] Preparing to send all location info: [ 5.08, 7.08 ], [ 8.04, 5.85 ], [ 2.40, 2.36 ], [ 2.40, 2.36 ], [ 0.50, 14.50 ], [ 7.08, 5.09 ], [ 0.00, 0.00 ], [ 18.21, 10.59 ], [ 19.90, 10.03 ], [ 16.97, 1.33 ], [ 27.50, 0.50 ], [ 13.58, 10.01 ]
[2026-07-07 13:15:07] Generated sentinel field info: 0xa5 0x36 0x00 0x00 0xcc 0x01 0x03 0x02 0x02 0x6d 0x00 0x6b 0x00 0x40 0xae 0xa2 0x40 0x21 0x93 0xe2 0x40 0xe8 0xb2 0x00 0x41 0xb5 0x4c 0xbb 0x40 0x56 0x65 0x19 0x40 0x3d 0x0a 0x17 0x40 0x56 0x65 0x19 0x40 0x3d 0x0a 0x17 0x40 0x00 0x00 0x00 0x3f 0x00 0x00 0x68 0x41 0xcc 0x6a 0xe2 0x40 0x4d 0xd0 0xa2 0x40 0xf0 0x84
[2026-07-07 13:15:08] Send self decision info: 0xa5 0x0e 0x00 0x00 0x37 0x01 0x03 0x21 0x01 0x6d 0x00 0x80 0x80 0x00 0x02 0x31 0x32 0x33 0x34 0x35 0x36 0x9d 0x8d
[2026-07-07 13:15:08] Send self decision info: 0xa5 0x0e 0x00 0x00 0x37 0x01 0x03 0x21 0x01 0x6d 0x00 0x80 0x80 0x00 0x02 0x31 0x32 0x33 0x34 0x35 0x36 0x9d 0x8d
[2026-07-07 13:15:08] Preparing to send all location info: [ 5.36, 7.11 ], [ 7.78, 5.78 ], [ 2.40, 2.36 ], [ 2.40, 2.36 ], [ 0.50, 14.50 ], [ 7.14, 5.03 ], [ 0.00, 0.00 ], [ 18.21, 10.59 ], [ 19.90, 10.03 ], [ 17.00, 1.34 ], [ 27.50, 0.50 ], [ 13.58, 10.01 ]
[2026-07-07 13:15:08] Generated sentinel field info: 0xa5 0x36 0x00 0x00 0xcc 0x01 0x03 0x02 0x02 0x6d 0x00 0x6b 0x00 0x68 0x5c 0xab 0x40 0x66 0x62 0xe3 0x40 0xf8 0x01 0xf9 0x40 0xc8 0xf7 0xb8 0x40 0x56 0x65 0x19 0x40 0x3d 0x0a 0x17 0x40 0x56 0x65 0x19 0x40 0x3d 0x0a 0x17 0x40 0x00 0x00 0x00 0x3f 0x00 0x00 0x68 0x41 0xd8 0x69 0xe4 0x40 0xbe 0xed 0xa0 0x40 0xb9 0x5d
[2026-07-07 13:15:08] Send self decision info: 0xa5 0x0e 0x00 0x00 0x37 0x01 0x03 0x21 0x01 0x6d 0x00 0x80 0x80 0x00 0x02 0x31 0x32 0x33 0x34 0x35 0x36 0x9d 0x8d
[2026-07-07 13:15:08] Send self decision info: 0xa5 0x0e 0x00 0x00 0x37 0x01 0x03 0x21 0x01 0x6d 0x00 0x80 0x80 0x00 0x02 0x31 0x32 0x33 0x34 0x35 0x36 0x9d 0x8d
[2026-07-07 13:15:08] Preparing to send all location info: [ 5.33, 6.99 ], [ 7.63, 6.02 ], [ 2.40, 2.36 ], [ 2.40, 2.36 ], [ 0.50, 14.50 ], [ 7.15, 5.06 ], [ 0.00, 0.00 ], [ 18.21, 10.59 ], [ 19.90, 10.03 ], [ 17.03, 1.31 ], [ 27.50, 0.50 ], [ 13.58, 10.01 ]
[2026-07-07 13:15:08] Generated sentinel field info: 0xa5 0x36 0x00 0x00 0xcc 0x01 0x03 0x02 0x02 0x6d 0x00 0x6b 0x00 0xa0 0x85 0xaa 0x40 0x9b 0x9d 0xdf 0x40 0x38 0x2a 0xf4 0x40 0xc8 0x83 0xc0 0x40 0x56 0x65 0x19 0x40 0x3d 0x0a 0x17 0x40 0x56 0x65 0x19 0x40 0x3d 0x0a 0x17 0x40 0x00 0x00 0x00 0x3f 0x00 0x00 0x68 0x41 0x84 0xab 0xe4 0x40 0x8f 0xe5 0xa1 0x40 0x8e 0xcb
[2026-07-07 13:15:08] Send self decision info: 0xa5 0x0e 0x00 0x00 0x37 0x01 0x03 0x21 0x01 0x6d 0x00 0x80 0x80 0x00 0x02 0x31 0x32 0x33 0x34 0x35 0x36 0x9d 0x8d
[2026-07-07 13:15:08] Generated sentinel field info: 0xa5 0x36 0x00 0x00 0xcc 0x01 0x03 0x02 0x02 0x6d 0x00 0x6b 0x00 0x18 0x12 0xa9 0x40 0x5b 0xe2 0xdc 0x40 0x60 0x52 0xed 0x40 0xc1 0xb3 0xc5 0x40 0x56 0x65 0x19 0x40 0x3d 0x0a 0x17 0x40 0x56 0x65 0x19 0x40 0x3d 0x0a 0x17 0x40 0x00 0x00 0x00 0x3f 0x00 0x00 0x68 0x41 0x88 0x01 0xe3 0x40 0x1f 0xd9 0xa1 0x40 0x41 0xed
[2026-07-07 13:15:09] Send self decision info: 0xa5 0x0e 0x00 0x00 0x37 0x01 0x03 0x21 0x01 0x6d 0x00 0x80 0x80 0x00 0x02 0x31 0x32 0x33 0x34 0x35 0x36 0x9d 0x8d
[2026-07-07 13:15:09] Preparing to send all location info: [ 5.24, 6.86 ], [ 7.36, 6.31 ], [ 2.40, 2.36 ], [ 2.40, 2.36 ], [ 0.50, 14.50 ], [ 7.11, 5.07 ], [ 0.00, 0.00 ], [ 18.21, 10.59 ], [ 19.90, 10.03 ], [ 17.15, 1.27 ], [ 27.50, 0.50 ], [ 13.58, 10.01 ]
[2026-07-07 13:15:09] Generated sentinel field info: 0xa5 0x36 0x00 0x00 0xcc 0x01 0x03 0x02 0x02 0x6d 0x00 0x6b 0x00 0xf8 0xa1 0xa7 0x40 0xb0 0x6f 0xdb 0x40 0xcc 0x8e 0xeb 0x40 0xf1 0xd4 0xc9 0x40 0x56 0x65 0x19 0x40 0x3d 0x0a 0x17 0x40 0x56 0x65 0x19 0x40 0x3d 0x0a 0x17 0x40 0x00 0x00 0x00 0x3f 0x00 0x00 0x68 0x41 0xb4 0x84 0xe3 0x40 0x0e 0x65 0xa2 0x40 0xc3 0x5a
[2026-07-07 13:15:09] Send self decision info: 0xa5 0x0e 0x00 0x00 0x37 0x01 0x03 0x21 0x01 0x6d 0x00 0x80 0x80 0x00 0x02 0x31 0x32 0x33 0x34 0x35 0x36 0x9d 0x8d
[2026-07-07 13:15:09] Send self decision info: 0xa5 0x0e 0x00 0x00 0x37 0x01 0x03 0x21 0x01 0x6d 0x00 0x80 0x80 0x00 0x02 0x31 0x32 0x33 0x34 0x35 0x36 0x9d 0x8d
[2026-07-07 13:15:09] Preparing to send all location info: [ 5.15, 6.76 ], [ 7.17, 6.32 ], [ 2.40, 2.36 ], [ 2.40, 2.36 ], [ 0.50, 14.50 ], [ 7.05, 5.08 ], [ 0.00, 0.00 ], [ 18.21, 10.59 ], [ 19.90, 10.03 ], [ 17.33, 1.21 ], [ 27.50, 0.50 ], [ 13.58, 10.01 ]
[2026-07-07 13:15:09] Generated sentinel field info: 0xa5 0x36 0x00 0x00 0xcc 0x01 0x03 0x02 0x02 0x6d 0x00 0x6b 0x00 0xb0 0xe2 0xa4 0x40 0x0c 0x59 0xd8 0x40 0x44 0x4e 0xe5 0x40 0xf3 0x1a 0xca 0x40 0x56 0x65 0x19 0x40 0x3d 0x0a 0x17 0x40 0x56 0x65 0x19 0x40 0x3d 0x0a 0x17 0x40 0x00 0x00 0x00 0x3f 0x00 0x00 0x68 0x41 0xdc 0xbf 0xe1 0x40 0x37 0x86 0xa2 0x40 0x35 0x68
[2026-07-07 13:15:09] Send self decision info: 0xa5 0x0e 0x00 0x00 0x37 0x01 0x03 0x21 0x01 0x6d 0x00 0x80 0x80 0x00 0x02 0x31 0x32 0x33 0x34 0x35 0x36 0x9d 0x8d
[2026-07-07 13:15:09] Generated sentinel field info: 0xa5 0x36 0x00 0x00 0xcc 0x01 0x03 0x02 0x02 0x6d 0x00 0x6b 0x00 0xec 0x3e 0xa1 0x40 0x77 0xd5 0xd6 0x40 0x44 0x4e 0xe5 0x40 0xf3 0x1a 0xca 0x40 0x56 0x65 0x19 0x40 0x3d 0x0a 0x17 0x40 0x56 0x65 0x19 0x40 0x3d 0x0a 0x17 0x40 0x00 0x00 0x00 0x3f 0x00 0x00 0x68 0x41 0x1c 0x16 0xe2 0x40 0x9a 0xf8 0xa1 0x40 0x14 0x9b
[2026-07-07 13:15:09] Send self decision info: 0xa5 0x0e 0x00 0x00 0x37 0x01 0x03 0x21 0x01 0x6d 0x00 0x80 0x80 0x00 0x02 0x31 0x32 0x33 0x34 0x35 0x36 0x9d 0x8d
[2026-07-07 13:15:09] Preparing to send all location info: [ 4.94, 6.69 ], [ 7.17, 6.32 ], [ 2.40, 2.36 ], [ 2.40, 2.36 ], [ 0.50, 14.50 ], [ 7.09, 5.06 ], [ 0.00, 0.00 ], [ 18.21, 10.59 ], [ 19.90, 10.03 ], [ 17.56, 1.14 ], [ 27.50, 0.50 ], [ 13.58, 10.01 ]
[2026-07-07 13:15:09] Generated sentinel field info: 0xa5 0x36 0x00 0x00 0xcc 0x01 0x03 0x02 0x02 0x6d 0x00 0x6b 0x00 0x14 0xef 0x9d 0x40 0x6b 0x19 0xd6 0x40 0x44 0x4e 0xe5 0x40 0xf3 0x1a 0xca 0x40 0x56 0x65 0x19 0x40 0x3d 0x0a 0x17 0x40 0x56 0x65 0x19 0x40 0x3d 0x0a 0x17 0x40 0x00 0x00 0x00 0x3f 0x00 0x00 0x68 0x41 0x88 0xfe 0xe2 0x40 0x07 0xde 0xa1 0x40 0x22 0x8d
[2026-07-07 13:15:10] Send self decision info: 0xa5 0x0e 0x00 0x00 0x37 0x01 0x03 0x21 0x01 0x6d 0x00 0x80 0x80 0x00 0x02 0x31 0x32 0x33 0x34 0x35 0x36 0x9d 0x8d
[2026-07-07 13:15:10] Generated sentinel field info: 0xa5 0x36 0x00 0x00 0xcc 0x01 0x03 0x02 0x02 0x6d 0x00 0x6b 0x00 0x34 0x64 0x99 0x40 0xee 0x8e 0xd7 0x40 0x44 0x4e 0xe5 0x40 0xf3 0x1a 0xca 0x40 0x56 0x65 0x19 0x40 0x3d 0x0a 0x17 0x40 0x56 0x65 0x19 0x40 0x3d 0x0a 0x17 0x40 0x00 0x00 0x00 0x3f 0x00 0x00 0x68 0x41 0x7c 0xf1 0xe2 0x40 0x6b 0xf3 0xa1 0x40 0xe4 0x1e
[2026-07-07 13:15:10] Send self decision info: 0xa5 0x0e 0x00 0x00 0x37 0x01 0x03 0x21 0x01 0x6d 0x00 0x80 0x80 0x00 0x02 0x31 0x32 0x33 0x34 0x35 0x36 0x9d 0x8d
[2026-07-07 13:15:10] Preparing to send all location info: [ 4.76, 6.79 ], [ 7.17, 6.32 ], [ 2.40, 2.36 ], [ 2.40, 2.36 ], [ 0.50, 14.50 ], [ 7.12, 5.05 ], [ 0.00, 0.00 ], [ 18.21, 10.59 ], [ 19.90, 10.03 ], [ 17.66, 1.13 ], [ 27.50, 0.50 ], [ 13.58, 10.01 ]
[2026-07-07 13:15:10] Generated sentinel field info: 0xa5 0x36 0x00 0x00 0xcc 0x01 0x03 0x02 0x02 0x6d 0x00 0x6b 0x00 0x2c 0x65 0x98 0x40 0x36 0x4c 0xd9 0x40 0x44 0x4e 0xe5 0x40 0xf3 0x1a 0xca 0x40 0x56 0x65 0x19 0x40 0x3d 0x0a 0x17 0x40 0x56 0x65 0x19 0x40 0x3d 0x0a 0x17 0x40 0x00 0x00 0x00 0x3f 0x00 0x00 0x68 0x41 0xac 0xfb 0xe3 0x40 0x32 0xa2 0xa1 0x40 0x7a 0xf0
[2026-07-07 13:15:10] Send self decision info: 0xa5 0x0e 0x00 0x00 0x37 0x01 0x03 0x21 0x01 0x6d 0x00 0x80 0x80 0x00 0x02 0x31 0x32 0x33 0x34 0x35 0x36 0x9d 0x8d
[2026-07-07 13:15:10] Generated sentinel field info: 0xa5 0x36 0x00 0x00 0xcc 0x01 0x03 0x02 0x02 0x6d 0x00 0x6b 0x00 0x84 0x7f 0x97 0x40 0x2d 0xdd 0xda 0x40 0x44 0x4e 0xe5 0x40 0xf3 0x1a 0xca 0x40 0x56 0x65 0x19 0x40 0x3d 0x0a 0x17 0x40 0x56 0x65 0x19 0x40 0x3d 0x0a 0x17 0x40 0x00 0x00 0x00 0x3f 0x00 0x00 0x68 0x41 0x54 0x8e 0xe4 0x40 0x4b 0x15 0xa2 0x40 0x18 0xb8
[2026-07-07 13:15:10] Send self decision info: 0xa5 0x0e 0x00 0x00 0x37 0x01 0x03 0x21 0x01 0x6d 0x00 0x80 0x80 0x00 0x02 0x31 0x32 0x33 0x34 0x35 0x36 0x9d 0x8d
[2026-07-07 13:15:10] Preparing to send all location info: [ 4.65, 6.82 ], [ 7.17, 6.32 ], [ 2.40, 2.36 ], [ 2.40, 2.36 ], [ 0.50, 14.50 ], [ 7.09, 5.06 ], [ 0.00, 0.00 ], [ 18.21, 10.59 ], [ 19.90, 10.03 ], [ 17.32, 1.28 ], [ 27.50, 0.50 ], [ 13.58, 10.01 ]
[2026-07-07 13:15:10] Generated sentinel field info: 0xa5 0x36 0x00 0x00 0xcc 0x01 0x03 0x02 0x02 0x6d 0x00 0x6b 0x00 0xb0 0xe9 0x94 0x40 0xff 0x41 0xda 0x40 0x44 0x4e 0xe5 0x40 0xf3 0x1a 0xca 0x40 0x56 0x65 0x19 0x40 0x3d 0x0a 0x17 0x40 0x56 0x65 0x19 0x40 0x3d 0x0a 0x17 0x40 0x00 0x00 0x00 0x3f 0x00 0x00 0x68 0x41 0x50 0xf8 0xe2 0x40 0x37 0xe8 0xa1 0x40 0x47 0xc8
[2026-07-07 13:15:10] Send self decision info: 0xa5 0x0e 0x00 0x00 0x37 0x01 0x03 0x21 0x01 0x6d 0x00 0x80 0x80 0x00 0x02 0x31 0x32 0x33 0x34 0x35 0x36 0x9d 0x8d
[2026-07-07 13:15:11] Send self decision info: 0xa5 0x0e 0x00 0x00 0x37 0x01 0x03 0x21 0x01 0x6d 0x00 0x80 0x80 0x00 0x02 0x31 0x32 0x33 0x34 0x35 0x36 0x9d 0x8d
[2026-07-07 13:15:11] Preparing to send all location info: [ 4.70, 6.78 ], [ 7.17, 6.32 ], [ 2.40, 2.36 ], [ 2.40, 2.36 ], [ 0.50, 14.50 ], [ 7.04, 5.02 ], [ 0.00, 0.00 ], [ 18.21, 10.59 ], [ 19.90, 10.03 ], [ 17.28, 1.27 ], [ 27.50, 0.50 ], [ 13.58, 10.01 ]
[2026-07-07 13:15:11] Generated sentinel field info: 0xa5 0x36 0x00 0x00 0xcc 0x01 0x03 0x02 0x02 0x6d 0x00 0x6b 0x00 0xbc 0x5f 0x96 0x40 0xa1 0xfa 0xd8 0x40 0x44 0x4e 0xe5 0x40 0xf3 0x1a 0xca 0x40 0x56 0x65 0x19 0x40 0x3d 0x0a 0x17 0x40 0x56 0x65 0x19 0x40 0x3d 0x0a 0x17 0x40 0x00 0x00 0x00 0x3f 0x00 0x00 0x68 0x41 0x3c 0x2b 0xe1 0x40 0x55 0xb5 0xa0 0x40 0x2b 0xfb
[2026-07-07 13:15:11] Send self decision info: 0xa5 0x0e 0x00 0x00 0x37 0x01 0x03 0x21 0x01 0x6d 0x00 0x80 0x80 0x00 0x02 0x31 0x32 0x33 0x34 0x35 0x36 0x9d 0x8d
[2026-07-07 13:15:11] Generated sentinel field info: 0xa5 0x36 0x00 0x00 0xcc 0x01 0x03 0x02 0x02 0x6d 0x00 0x6b 0x00 0xa0 0x97 0x9b 0x40 0xf0 0x29 0xda 0x40 0x44 0x4e 0xe5 0x40 0xf3 0x1a 0xca 0x40 0x56 0x65 0x19 0x40 0x3d 0x0a 0x17 0x40 0x56 0x65 0x19 0x40 0x3d 0x0a 0x17 0x40 0x00 0x00 0x00 0x3f 0x00 0x00 0x68 0x41 0x44 0x13 0xe5 0x40 0x2a 0x9f 0xa2 0x40 0xe4 0xe7
[2026-07-07 13:15:11] Send self decision info: 0xa5 0x0e 0x00 0x00 0x37 0x01 0x03 0x21 0x01 0x6d 0x00 0x80 0x80 0x00 0x02 0x31 0x32 0x33 0x34 0x35 0x36 0x9d 0x8d
[2026-07-07 13:15:11] Preparing to send all location info: [ 4.96, 6.85 ], [ 7.17, 6.32 ], [ 2.40, 2.36 ], [ 2.40, 2.36 ], [ 0.50, 14.50 ], [ 7.15, 5.09 ], [ 0.00, 0.00 ], [ 18.21, 10.59 ], [ 19.90, 10.03 ], [ 17.40, 1.18 ], [ 27.50, 0.50 ], [ 13.58, 10.01 ]
[2026-07-07 13:15:11] Generated sentinel field info: 0xa5 0x36 0x00 0x00 0xcc 0x01 0x03 0x02 0x02 0x6d 0x00 0x6b 0x00 0xec 0xb6 0x9e 0x40 0xb4 0x33 0xdb 0x40 0x44 0x4e 0xe5 0x40 0xf3 0x1a 0xca 0x40 0x56 0x65 0x19 0x40 0x3d 0x0a 0x17 0x40 0x56 0x65 0x19 0x40 0x3d 0x0a 0x17 0x40 0x00 0x00 0x00 0x3f 0x00 0x00 0x68 0x41 0x48 0xd3 0xe4 0x40 0xb6 0x07 0xa3 0x40 0xdb 0x99
[2026-07-07 13:15:11] Send self decision info: 0xa5 0x0e 0x00 0x00 0x37 0x01 0x03 0x21 0x01 0x6d 0x00 0x80 0x80 0x00 0x02 0x31 0x32 0x33 0x34 0x35 0x36 0x9d 0x8d
[2026-07-07 13:15:11] Generated sentinel field info: 0xa5 0x36 0x00 0x00 0xcc 0x01 0x03 0x02 0x02 0x6d 0x00 0x6b 0x00 0x44 0x88 0xa0 0x40 0xad 0xf0 0xdb 0x40 0x00 0x00 0x00 0x00 0x00 0x00 0x00 0x00 0x56 0x65 0x19 0x40 0x3d 0x0a 0x17 0x40 0x56 0x65 0x19 0x40 0x3d 0x0a 0x17 0x40 0x00 0x00 0x00 0x3f 0x00 0x00 0x68 0x41 0x20 0x5d 0xe3 0x40 0xde 0xa5 0xa2 0x40 0xfa 0x08
[2026-07-07 13:15:11] Send self decision info: 0xa5 0x0e 0x00 0x00 0x37 0x01 0x03 0x21 0x01 0x6d 0x00 0x80 0x80 0x00 0x02 0x31 0x32 0x33 0x34 0x35 0x36 0x9d 0x8d
[2026-07-07 13:15:11] Preparing to send all location info: [ 5.06, 6.92 ], [ 0.00, 0.00 ], [ 2.40, 2.36 ], [ 2.40, 2.36 ], [ 0.50, 14.50 ], [ 7.07, 5.06 ], [ 0.00, 0.00 ], [ 18.21, 10.59 ], [ 19.90, 10.03 ], [ 17.43, 1.19 ], [ 27.50, 0.50 ], [ 13.58, 10.01 ]
[2026-07-07 13:15:11] Generated sentinel field info: 0xa5 0x36 0x00 0x00 0xcc 0x01 0x03 0x02 0x02 0x6d 0x00 0x6b 0x00 0xcc 0xf8 0xa1 0x40 0x22 0x57 0xdd 0x40 0x00 0x00 0x00 0x00 0x00 0x00 0x00 0x00 0x56 0x65 0x19 0x40 0x3d 0x0a 0x17 0x40 0x56 0x65 0x19 0x40 0x3d 0x0a 0x17 0x40 0x00 0x00 0x00 0x3f 0x00 0x00 0x68 0x41 0xc4 0x27 0xe2 0x40 0xa1 0xdb 0xa1 0x40 0x07 0x5d
[2026-07-07 13:15:12] Send self decision info: 0xa5 0x0e 0x00 0x00 0x37 0x01 0x03 0x21 0x01 0x6d 0x00 0x80 0x80 0x00 0x02 0x31 0x32 0x33 0x34 0x35 0x36 0x9d 0x8d
[2026-07-07 13:15:12] Generated sentinel field info: 0xa5 0x36 0x00 0x00 0xcc 0x01 0x03 0x02 0x02 0x6d 0x00 0x6b 0x00 0xdc 0xb0 0xa5 0x40 0x83 0xbd 0xde 0x40 0x00 0x00 0x00 0x00 0x00 0x00 0x00 0x00 0x56 0x65 0x19 0x40 0x3d 0x0a 0x17 0x40 0x56 0x65 0x19 0x40 0x3d 0x0a 0x17 0x40 0x00 0x00 0x00 0x3f 0x00 0x00 0x68 0x41 0xbc 0x08 0xe0 0x40 0x2e 0x31 0xa1 0x40 0x53 0xa6
[2026-07-07 13:15:12] Send self decision info: 0xa5 0x0e 0x00 0x00 0x37 0x01 0x03 0x21 0x01 0x6d 0x00 0x80 0x80 0x00 0x02 0x31 0x32 0x33 0x34 0x35 0x36 0x9d 0x8d
[2026-07-07 13:15:12] Preparing to send all location info: [ 5.40, 7.07 ], [ 0.00, 0.00 ], [ 2.40, 2.36 ], [ 2.40, 2.36 ], [ 0.50, 14.50 ], [ 7.10, 5.05 ], [ 0.00, 0.00 ], [ 18.21, 10.59 ], [ 19.90, 10.03 ], [ 17.34, 1.25 ], [ 27.50, 0.50 ], [ 13.58, 10.01 ]
[2026-07-07 13:15:12] Generated sentinel field info: 0xa5 0x36 0x00 0x00 0xcc 0x01 0x03 0x02 0x02 0x6d 0x00 0x6b 0x00 0x9c 0xdf 0xac 0x40 0x26 0x24 0xe2 0x40 0x00 0x00 0x00 0x00 0x00 0x00 0x00 0x00 0x56 0x65 0x19 0x40 0x3d 0x0a 0x17 0x40 0x56 0x65 0x19 0x40 0x3d 0x0a 0x17 0x40 0x00 0x00 0x00 0x3f 0x00 0x00 0x68 0x41 0x54 0x26 0xe3 0x40 0xc5 0x9c 0xa1 0x40 0x74 0x2b
[2026-07-07 13:15:12] Send self decision info: 0xa5 0x0e 0x00 0x00 0x37 0x01 0x03 0x21 0x01 0x6d 0x00 0x80 0x80 0x00 0x02 0x31 0x32 0x33 0x34 0x35 0x36 0x9d 0x8d
[2026-07-07 13:15:12] Send self decision info: 0xa5 0x0e 0x00 0x00 0x37 0x01 0x03 0x21 0x01 0x6d 0x00 0x80 0x80 0x00 0x02 0x31 0x32 0x33 0x34 0x35 0x36 0x9d 0x8d
[2026-07-07 13:15:12] Preparing to send all location info: [ 5.62, 7.24 ], [ 0.00, 0.00 ], [ 2.40, 2.36 ], [ 2.40, 2.36 ], [ 0.50, 14.50 ], [ 7.07, 5.05 ], [ 0.00, 0.00 ], [ 18.21, 10.59 ], [ 19.90, 10.03 ], [ 17.24, 1.27 ], [ 27.50, 0.50 ], [ 13.58, 10.01 ]
[2026-07-07 13:15:12] Generated sentinel field info: 0xa5 0x36 0x00 0x00 0xcc 0x01 0x03 0x02 0x02 0x6d 0x00 0x6b 0x00 0x88 0xae 0xb3 0x40 0x14 0xad 0xe7 0x40 0x00 0x00 0x00 0x00 0x00 0x00 0x00 0x00 0x56 0x65 0x19 0x40 0x3d 0x0a 0x17 0x40 0x56 0x65 0x19 0x40 0x3d 0x0a 0x17 0x40 0x00 0x00 0x00 0x3f 0x00 0x00 0x68 0x41 0xf4 0x64 0xe2 0x40 0x2a 0x77 0xa1 0x40 0x52 0xaf
[2026-07-07 13:15:12] Send self decision info: 0xa5 0x0e 0x00 0x00 0x37 0x01 0x03 0x21 0x01 0x6d 0x00 0x80 0x80 0x00 0x02 0x31 0x32 0x33 0x34 0x35 0x36 0x9d 0x8d
[2026-07-07 13:15:12] Generated sentinel field info: 0xa5 0x36 0x00 0x00 0xcc 0x01 0x03 0x02 0x02 0x6d 0x00 0x6b 0x00 0x44 0x07 0xb8 0x40 0xe2 0xec 0xea 0x40 0x00 0x00 0x00 0x00 0x00 0x00 0x00 0x00 0x56 0x65 0x19 0x40 0x3d 0x0a 0x17 0x40 0x56 0x65 0x19 0x40 0x3d 0x0a 0x17 0x40 0x00 0x00 0x00 0x3f 0x00 0x00 0x68 0x41 0x64 0x7d 0xe3 0x40 0x08 0x71 0xa2 0x40 0x7d 0x58
[2026-07-07 13:15:13] Send self decision info: 0xa5 0x0e 0x00 0x00 0x37 0x01 0x03 0x21 0x01 0x6d 0x00 0x80 0x80 0x00 0x02 0x31 0x32 0x33 0x34 0x35 0x36 0x9d 0x8d
[2026-07-07 13:15:13] Preparing to send all location info: [ 5.88, 7.45 ], [ 0.00, 0.00 ], [ 2.40, 2.36 ], [ 2.40, 2.36 ], [ 0.50, 14.50 ], [ 7.05, 5.09 ], [ 0.00, 0.00 ], [ 18.21, 10.59 ], [ 19.90, 10.03 ], [ 17.43, 1.14 ], [ 27.50, 0.50 ], [ 13.58, 10.01 ]
[2026-07-07 13:15:13] Generated sentinel field info: 0xa5 0x36 0x00 0x00 0xcc 0x01 0x03 0x02 0x02 0x6d 0x00 0x6b 0x00 0x98 0x4c 0xbc 0x40 0xa4 0x60 0xee 0x40 0x00 0x00 0x00 0x00 0x00 0x00 0x00 0x00 0x56 0x65 0x19 0x40 0x3d 0x0a 0x17 0x40 0x56 0x65 0x19 0x40 0x3d 0x0a 0x17 0x40 0x00 0x00 0x00 0x3f 0x00 0x00 0x68 0x41 0x50 0x8d 0xe1 0x40 0x36 0xd9 0xa2 0x40 0x46 0x4a
[2026-07-07 13:15:13] Send self decision info: 0xa5 0x0e 0x00 0x00 0x37 0x01 0x03 0x21 0x01 0x6d 0x00 0x80 0x80 0x00 0x02 0x31 0x32 0x33 0x34 0x35 0x36 0x9d 0x8d
[2026-07-07 13:15:13] Generated sentinel field info: 0xa5 0x36 0x00 0x00 0xcc 0x01 0x03 0x02 0x02 0x6d 0x00 0x6b 0x00 0x8c 0x16 0xbe 0x40 0xfc 0xb0 0xf0 0x40 0x00 0x00 0x00 0x00 0x00 0x00 0x00 0x00 0x56 0x65 0x19 0x40 0x3d 0x0a 0x17 0x40 0x56 0x65 0x19 0x40 0x3d 0x0a 0x17 0x40 0x00 0x00 0x00 0x3f 0x00 0x00 0x68 0x41 0x74 0x25 0xe0 0x40 0x29 0x64 0xa2 0x40 0x19 0xa1
[2026-07-07 13:15:13] Send self decision info: 0xa5 0x0e 0x00 0x00 0x37 0x01 0x03 0x21 0x01 0x6d 0x00 0x80 0x80 0x00 0x02 0x31 0x32 0x33 0x34 0x35 0x36 0x9d 0x8d
[2026-07-07 13:15:13] Preparing to send all location info: [ 6.01, 7.58 ], [ 0.00, 0.00 ], [ 2.40, 2.36 ], [ 2.40, 2.36 ], [ 0.50, 14.50 ], [ 7.04, 5.07 ], [ 0.00, 0.00 ], [ 18.21, 10.59 ], [ 19.90, 10.03 ], [ 17.21, 1.09 ], [ 27.50, 0.50 ], [ 13.58, 10.01 ]
[2026-07-07 13:15:13] Generated sentinel field info: 0xa5 0x36 0x00 0x00 0xcc 0x01 0x03 0x02 0x02 0x6d 0x00 0x6b 0x00 0x4c 0x29 0xc0 0x40 0x0c 0x90 0xf2 0x40 0x00 0x00 0x00 0x00 0x00 0x00 0x00 0x00 0x56 0x65 0x19 0x40 0x3d 0x0a 0x17 0x40 0x56 0x65 0x19 0x40 0x3d 0x0a 0x17 0x40 0x00 0x00 0x00 0x3f 0x00 0x00 0x68 0x41 0xb8 0x2b 0xe1 0x40 0x1c 0x17 0xa2 0x40 0xed 0x67
[2026-07-07 13:15:13] Send self decision info: 0xa5 0x0e 0x00 0x00 0x37 0x01 0x03 0x21 0x01 0x6d 0x00 0x80 0x80 0x00 0x02 0x31 0x32 0x33 0x34 0x35 0x36 0x9d 0x8d
[2026-07-07 13:15:13] Generated sentinel field info: 0xa5 0x36 0x00 0x00 0xcc 0x01 0x03 0x02 0x02 0x6d 0x00 0x6b 0x00 0x0c 0x82 0xc2 0x40 0xfe 0x03 0xf4 0x40 0x00 0x00 0x00 0x00 0x00 0x00 0x00 0x00 0x56 0x65 0x19 0x40 0x3d 0x0a 0x17 0x40 0x56 0x65 0x19 0x40 0x3d 0x0a 0x17 0x40 0x00 0x00 0x00 0x3f 0x00 0x00 0x68 0x41 0x48 0x29 0xe2 0x40 0x24 0xd9 0xa1 0x40 0x04 0xea
[2026-07-07 13:15:13] Send self decision info: 0xa5 0x0e 0x00 0x00 0x37 0x01 0x03 0x21 0x01 0x6d 0x00 0x80 0x80 0x00 0x02 0x31 0x32 0x33 0x34 0x35 0x36 0x9d 0x8d
[2026-07-07 13:15:13] Preparing to send all location info: [ 6.09, 7.69 ], [ 0.00, 0.00 ], [ 2.40, 2.36 ], [ 2.40, 2.36 ], [ 0.50, 14.50 ], [ 7.12, 5.06 ], [ 0.00, 0.00 ], [ 18.21, 10.59 ], [ 19.90, 10.03 ], [ 17.10, 0.95 ], [ 27.50, 0.50 ], [ 13.58, 10.01 ]
[2026-07-07 13:15:13] Generated sentinel field info: 0xa5 0x36 0x00 0x00 0xcc 0x01 0x03 0x02 0x02 0x6d 0x00 0x6b 0x00 0x78 0xea 0xc2 0x40 0x43 0xf8 0xf5 0x40 0x00 0x00 0x00 0x00 0x00 0x00 0x00 0x00 0x56 0x65 0x19 0x40 0x3d 0x0a 0x17 0x40 0x56 0x65 0x19 0x40 0x3d 0x0a 0x17 0x40 0x00 0x00 0x00 0x3f 0x00 0x00 0x68 0x41 0xd4 0xe3 0xe3 0x40 0x40 0xc9 0xa1 0x40 0x32 0x34
[2026-07-07 13:15:14] Send self decision info: 0xa5 0x0e 0x00 0x00 0x37 0x01 0x03 0x21 0x01 0x6d 0x00 0x80 0x80 0x00 0x02 0x31 0x32 0x33 0x34 0x35 0x36 0x9d 0x8d
[2026-07-07 13:15:14] Send self decision info: 0xa5 0x0e 0x00 0x00 0x37 0x01 0x03 0x21 0x01 0x6d 0x00 0x80 0x80 0x00 0x02 0x31 0x32 0x33 0x34 0x35 0x36 0x9d 0x8d
[2026-07-07 13:15:14] Preparing to send all location info: [ 6.08, 7.90 ], [ 0.00, 0.00 ], [ 2.40, 2.36 ], [ 2.40, 2.36 ], [ 0.50, 14.50 ], [ 7.09, 5.07 ], [ 0.00, 0.00 ], [ 18.21, 10.59 ], [ 19.90, 10.03 ], [ 17.09, 0.96 ], [ 27.50, 0.50 ], [ 13.58, 10.01 ]
[2026-07-07 13:15:14] Generated sentinel field info: 0xa5 0x36 0x00 0x00 0xcc 0x01 0x03 0x02 0x02 0x6d 0x00 0x6b 0x00 0x04 0xa8 0xc2 0x40 0x19 0xe1 0xfc 0x40 0x00 0x00 0x00 0x00 0x00 0x00 0x00 0x00 0x56 0x65 0x19 0x40 0x3d 0x0a 0x17 0x40 0x56 0x65 0x19 0x40 0x3d 0x0a 0x17 0x40 0x00 0x00 0x00 0x3f 0x00 0x00 0x68 0x41 0x3c 0xce 0xe2 0x40 0x38 0x2d 0xa2 0x40 0x07 0xa3
[2026-07-07 13:15:14] Send self decision info: 0xa5 0x0e 0x00 0x00 0x37 0x01 0x03 0x21 0x01 0x6d 0x00 0x80 0x80 0x00 0x02 0x31 0x32 0x33 0x34 0x35 0x36 0x9d 0x8d
[2026-07-07 13:15:14] Send self decision info: 0xa5 0x0e 0x00 0x00 0x37 0x01 0x03 0x21 0x01 0x6d 0x00 0x80 0x80 0x00 0x02 0x31 0x32 0x33 0x34 0x35 0x36 0x9d 0x8d
[2026-07-07 13:15:14] Preparing to send all location info: [ 6.08, 8.07 ], [ 0.00, 0.00 ], [ 2.40, 2.36 ], [ 2.40, 2.36 ], [ 0.50, 14.50 ], [ 7.12, 5.10 ], [ 0.00, 0.00 ], [ 18.21, 10.59 ], [ 19.90, 10.03 ], [ 17.03, 0.98 ], [ 27.50, 0.50 ], [ 13.58, 10.01 ]
[2026-07-07 13:15:14] Generated sentinel field info: 0xa5 0x36 0x00 0x00 0xcc 0x01 0x03 0x02 0x02 0x6d 0x00 0x6b 0x00 0x30 0x79 0xc2 0x40 0xa2 0x2c 0x01 0x41 0x00 0x00 0x00 0x00 0x00 0x00 0x00 0x00 0x56 0x65 0x19 0x40 0x3d 0x0a 0x17 0x40 0x56 0x65 0x19 0x40 0x3d 0x0a 0x17 0x40 0x00 0x00 0x00 0x3f 0x00 0x00 0x68 0x41 0x5c 0xd0 0xe3 0x40 0x11 0x4c 0xa3 0x40 0x88 0x7f
[2026-07-07 13:15:14] Send self decision info: 0xa5 0x0e 0x00 0x00 0x37 0x01 0x03 0x21 0x01 0x6d 0x00 0x80 0x80 0x00 0x02 0x31 0x32 0x33 0x34 0x35 0x36 0x9d 0x8d
[2026-07-07 13:15:14] Generated sentinel field info: 0xa5 0x36 0x00 0x00 0xcc 0x01 0x03 0x02 0x02 0x6d 0x00 0x6b 0x00 0x9c 0xab 0xc1 0x40 0x08 0x19 0x03 0x41 0x00 0x00 0x00 0x00 0x00 0x00 0x00 0x00 0x56 0x65 0x19 0x40 0x3d 0x0a 0x17 0x40 0x00 0x2f 0x18 0x40 0x71 0x31 0x38 0x40 0x00 0x00 0x00 0x3f 0x00 0x00 0x68 0x41 0x48 0x54 0xe2 0x40 0x33 0xf5 0xa2 0x40 0x11 0x33
[2026-07-07 13:15:15] Send self decision info: 0xa5 0x0e 0x00 0x00 0x37 0x01 0x03 0x21 0x01 0x6d 0x00 0x80 0x80 0x00 0x02 0x31 0x32 0x33 0x34 0x35 0x36 0x9d 0x8d
[2026-07-07 13:15:15] Preparing to send all location info: [ 6.02, 8.32 ], [ 0.00, 0.00 ], [ 2.40, 2.36 ], [ 2.72, 2.78 ], [ 0.50, 14.50 ], [ 7.07, 5.09 ], [ 0.00, 0.00 ], [ 18.21, 10.59 ], [ 19.90, 10.03 ], [ 17.07, 0.99 ], [ 27.50, 0.50 ], [ 13.58, 10.01 ]
[2026-07-07 13:15:15] Generated sentinel field info: 0xa5 0x36 0x00 0x00 0xcc 0x01 0x03 0x02 0x02 0x6d 0x00 0x6b 0x00 0x3c 0xc0 0xc0 0x40 0x8e 0x1b 0x05 0x41 0x00 0x00 0x00 0x00 0x00 0x00 0x00 0x00 0x56 0x65 0x19 0x40 0x3d 0x0a 0x17 0x40 0xa0 0x60 0x2e 0x40 0x58 0xc4 0x31 0x40 0x00 0x00 0x00 0x3f 0x00 0x00 0x68 0x41 0x08 0x61 0xe2 0x40 0x4b 0xe0 0xa2 0x40 0xb3 0x64
[2026-07-07 13:15:15] Send self decision info: 0xa5 0x0e 0x00 0x00 0x37 0x01 0x03 0x21 0x01 0x6d 0x00 0x80 0x80 0x00 0x02 0x31 0x32 0x33 0x34 0x35 0x36 0x9d 0x8d
[2026-07-07 13:15:15] Generated sentinel field info: 0xa5 0x36 0x00 0x00 0xcc 0x01 0x03 0x02 0x02 0x6d 0x00 0x6b 0x00 0x58 0xf3 0xbe 0x40 0x0b 0x29 0x07 0x41 0x00 0x00 0x00 0x00 0x00 0x00 0x00 0x00 0x56 0x65 0x19 0x40 0x3d 0x0a 0x17 0x40 0xd8 0x30 0x5a 0x40 0xb9 0xf7 0x2e 0x40 0x00 0x00 0x00 0x3f 0x00 0x00 0x68 0x41 0xac 0x58 0xe3 0x40 0x2b 0xad 0xa2 0x40 0xc3 0x86
[2026-07-07 13:15:15] Send self decision info: 0xa5 0x0e 0x00 0x00 0x37 0x01 0x03 0x21 0x01 0x6d 0x00 0x80 0x80 0x00 0x02 0x31 0x32 0x33 0x34 0x35 0x36 0x9d 0x8d
[2026-07-07 13:15:15] Preparing to send all location info: [ 5.92, 8.52 ], [ 0.00, 0.00 ], [ 2.40, 2.36 ], [ 4.03, 2.75 ], [ 0.50, 14.50 ], [ 7.13, 5.09 ], [ 0.00, 0.00 ], [ 18.21, 10.59 ], [ 19.90, 10.03 ], [ 17.20, 0.98 ], [ 27.50, 0.50 ], [ 13.58, 10.01 ]
[2026-07-07 13:15:15] Send self decision info: 0xa5 0x0e 0x00 0x00 0x37 0x01 0x03 0x21 0x01 0x6d 0x00 0x80 0x80 0x00 0x02 0x31 0x32 0x33 0x34 0x35 0x36 0x9d 0x8d
[2026-07-07 13:15:15] Generated sentinel field info: 0xa5 0x36 0x00 0x00 0xcc 0x01 0x03 0x02 0x02 0x6d 0x00 0x6b 0x00 0x9c 0x65 0xbb 0x40 0x8f 0x94 0x0a 0x41 0x00 0x00 0x00 0x00 0x00 0x00 0x00 0x00 0x56 0x65 0x19 0x40 0x3d 0x0a 0x17 0x40 0x20 0xd9 0x9f 0x40 0x73 0x8c 0x37 0x40 0x00 0x00 0x00 0x3f 0x00 0x00 0x68 0x41 0x00 0x59 0xe3 0x40 0xa2 0xac 0xa2 0x40 0x94 0xdb
[2026-07-07 13:15:15] Send self decision info: 0xa5 0x0e 0x00 0x00 0x37 0x01 0x03 0x21 0x01 0x6d 0x00 0x80 0x80 0x00 0x02 0x31 0x32 0x33 0x34 0x35 0x36 0x9d 0x8d
[2026-07-07 13:15:15] Preparing to send all location info: [ 5.80, 8.79 ], [ 0.00, 0.00 ], [ 2.40, 2.36 ], [ 5.73, 3.01 ], [ 0.50, 14.50 ], [ 7.13, 5.08 ], [ 0.00, 0.00 ], [ 18.21, 10.59 ], [ 19.90, 10.03 ], [ 17.52, 0.98 ], [ 27.50, 0.50 ], [ 13.58, 10.01 ]
[2026-07-07 13:15:15] Generated sentinel field info: 0xa5 0x36 0x00 0x00 0xcc 0x01 0x03 0x02 0x02 0x6d 0x00 0x6b 0x00 0x80 0x8f 0xb9 0x40 0xd5 0xa6 0x0c 0x41 0x00 0x00 0x00 0x00 0x00 0x00 0x00 0x00 0x56 0x65 0x19 0x40 0x3d 0x0a 0x17 0x40 0xd4 0x42 0xb7 0x40 0xaa 0x67 0x40 0x40 0x00 0x00 0x00 0x3f 0x00 0x00 0x68 0x41 0xd4 0x2e 0xe4 0x40 0x89 0xb1 0xa2 0x40 0x2c 0xc0
[2026-07-07 13:15:16] Send self decision info: 0xa5 0x0e 0x00 0x00 0x37 0x01 0x03 0x21 0x01 0x6d 0x00 0x80 0x80 0x00 0x02 0x31 0x32 0x33 0x34 0x35 0x36 0x9d 0x8d
[2026-07-07 13:15:16] Generated sentinel field info: 0xa5 0x36 0x00 0x00 0xcc 0x01 0x03 0x02 0x02 0x6d 0x00 0x6b 0x00 0x34 0x5f 0xb8 0x40 0xdd 0xd8 0x0e 0x41 0x00 0x00 0x00 0x00 0x00 0x00 0x00 0x00 0x56 0x65 0x19 0x40 0x3d 0x0a 0x17 0x40 0xc4 0xa4 0xcd 0x40 0x87 0x28 0x46 0x40 0x00 0x00 0x00 0x3f 0x00 0x00 0x68 0x41 0x94 0xce 0xe4 0x40 0x61 0x0f 0xa3 0x40 0x9d 0xc7
[2026-07-07 13:15:16] Send self decision info: 0xa5 0x0e 0x00 0x00 0x37 0x01 0x03 0x21 0x01 0x6d 0x00 0x80 0x80 0x00 0x02 0x31 0x32 0x33 0x34 0x35 0x36 0x9d 0x8d
[2026-07-07 13:15:16] Preparing to send all location info: [ 5.81, 9.01 ], [ 0.00, 0.00 ], [ 2.40, 2.36 ], [ 6.81, 3.16 ], [ 0.50, 14.50 ], [ 7.08, 5.08 ], [ 0.00, 0.00 ], [ 18.21, 10.59 ], [ 19.90, 10.03 ], [ 17.91, 0.99 ], [ 27.50, 0.50 ], [ 13.58, 10.01 ]
[2026-07-07 13:15:16] Generated sentinel field info: 0xa5 0x36 0x00 0x00 0xcc 0x01 0x03 0x02 0x02 0x6d 0x00 0x6b 0x00 0x0c 0xf6 0xb9 0x40 0xc8 0x24 0x10 0x41 0x00 0x00 0x00 0x00 0x00 0x00 0x00 0x00 0x56 0x65 0x19 0x40 0x3d 0x0a 0x17 0x40 0x14 0x0e 0xda 0x40 0xa6 0x79 0x4a 0x40 0x00 0x00 0x00 0x3f 0x00 0x00 0x68 0x41 0xcc 0x7f 0xe2 0x40 0xd9 0xad 0xa2 0x40 0xfa 0x87
[2026-07-07 13:15:16] Send self decision info: 0xa5 0x0e 0x00 0x00 0x37 0x01 0x03 0x21 0x01 0x6d 0x00 0x80 0x80 0x00 0x02 0x31 0x32 0x33 0x34 0x35 0x36 0x9d 0x8d
[2026-07-07 13:15:16] Generated sentinel field info: 0xa5 0x36 0x00 0x00 0xcc 0x01 0x03 0x02 0x02 0x6d 0x00 0x6b 0x00 0x5c 0xf2 0xbe 0x40 0xdf 0xff 0x11 0x41 0x00 0x00 0x00 0x00 0x00 0x00 0x00 0x00 0x56 0x65 0x19 0x40 0x3d 0x0a 0x17 0x40 0xf0 0x62 0xf0 0x40 0xfe 0x93 0x50 0x40 0x00 0x00 0x00 0x3f 0x00 0x00 0x68 0x41 0xe4 0x9e 0xe3 0x40 0x01 0x9d 0xa3 0x40 0xd0 0xc6
[2026-07-07 13:15:16] Send self decision info: 0xa5 0x0e 0x00 0x00 0x37 0x01 0x03 0x21 0x01 0x6d 0x00 0x80 0x80 0x00 0x02 0x31 0x32 0x33 0x34 0x35 0x36 0x9d 0x8d
[2026-07-07 13:15:16] Preparing to send all location info: [ 6.08, 9.23 ], [ 0.00, 0.00 ], [ 2.40, 2.36 ], [ 8.10, 3.41 ], [ 0.50, 14.50 ], [ 7.09, 5.11 ], [ 0.00, 0.00 ], [ 18.21, 10.59 ], [ 19.90, 10.03 ], [ 18.62, 0.97 ], [ 27.50, 0.50 ], [ 13.58, 10.01 ]
[2026-07-07 13:15:16] Generated sentinel field info: 0xa5 0x36 0x00 0x00 0xcc 0x01 0x03 0x02 0x02 0x6d 0x00 0x6b 0x00 0x18 0x89 0xc2 0x40 0x9c 0xb2 0x13 0x41 0x00 0x00 0x00 0x00 0x00 0x00 0x00 0x00 0x56 0x65 0x19 0x40 0x3d 0x0a 0x17 0x40 0xd4 0x9d 0x01 0x41 0xd6 0x00 0x5a 0x40 0x00 0x00 0x00 0x3f 0x00 0x00 0x68 0x41 0x78 0xd0 0xe2 0x40 0x3d 0x8c 0xa3 0x40 0x91 0x96
[2026-07-07 13:15:16] Send self decision info: 0xa5 0x0e 0x00 0x00 0x37 0x01 0x03 0x21 0x01 0x6d 0x00 0x80 0x80 0x00 0x02 0x31 0x32 0x33 0x34 0x35 0x36 0x9d 0x8d
[2026-07-07 13:15:17] Send self decision info: 0xa5 0x0e 0x00 0x00 0x37 0x01 0x03 0x21 0x01 0x6d 0x00 0x80 0x80 0x00 0x02 0x31 0x32 0x33 0x34 0x35 0x36 0x9d 0x8d
[2026-07-07 13:15:17] Preparing to send all location info: [ 6.42, 9.31 ], [ 0.00, 0.00 ], [ 2.40, 2.36 ], [ 9.05, 3.67 ], [ 0.50, 14.50 ], [ 7.07, 5.10 ], [ 0.00, 0.00 ], [ 18.21, 10.59 ], [ 19.90, 10.03 ], [ 18.93, 1.00 ], [ 27.50, 0.50 ], [ 13.58, 10.01 ]
[2026-07-07 13:15:17] Generated sentinel field info: 0xa5 0x36 0x00 0x00 0xcc 0x01 0x03 0x02 0x02 0x6d 0x00 0x6b 0x00 0x74 0x82 0xcd 0x40 0xfc 0xf9 0x14 0x41 0x00 0x00 0x00 0x00 0x00 0x00 0x00 0x00 0x56 0x65 0x19 0x40 0x3d 0x0a 0x17 0x40 0x72 0xc8 0x10 0x41 0xda 0xb6 0x6a 0x40 0x00 0x00 0x00 0x3f 0x00 0x00 0x68 0x41 0xb0 0x31 0xe2 0x40 0xf3 0x2d 0xa3 0x40 0x79 0x30
[2026-07-07 13:15:17] Send self decision info: 0xa5 0x0e 0x00 0x00 0x37 0x01 0x03 0x21 0x01 0x6d 0x00 0x80 0x80 0x00 0x02 0x31 0x32 0x33 0x34 0x35 0x36 0x9d 0x8d
[2026-07-07 13:15:17] Generated sentinel field info: 0xa5 0x36 0x00 0x00 0xcc 0x01 0x03 0x02 0x02 0x6d 0x00 0x6b 0x00 0xf8 0x46 0xd5 0x40 0x54 0x9d 0x15 0x41 0x00 0x00 0x00 0x00 0x00 0x00 0x00 0x00 0x56 0x65 0x19 0x40 0x3d 0x0a 0x17 0x40 0x82 0x41 0x19 0x41 0x0b 0x60 0x74 0x40 0x00 0x00 0x00 0x3f 0x00 0x00 0x68 0x41 0x80 0x7d 0xe2 0x40 0xa0 0xb1 0xa2 0x40 0x0b 0x94
[2026-07-07 13:15:17] Send self decision info: 0xa5 0x0e 0x00 0x00 0x37 0x01 0x03 0x21 0x01 0x6d 0x00 0x80 0x80 0x00 0x02 0x31 0x32 0x33 0x34 0x35 0x36 0x9d 0x8d
[2026-07-07 13:15:17] Preparing to send all location info: [ 6.87, 9.45 ], [ 0.00, 0.00 ], [ 2.40, 2.36 ], [ 9.98, 3.96 ], [ 0.50, 14.50 ], [ 7.09, 5.07 ], [ 0.00, 0.00 ], [ 18.21, 10.59 ], [ 19.90, 10.03 ], [ 19.03, 1.16 ], [ 27.50, 0.50 ], [ 13.58, 10.01 ]
[2026-07-07 13:15:17] Generated sentinel field info: 0xa5 0x36 0x00 0x00 0xcc 0x01 0x03 0x02 0x02 0x6d 0x00 0x6b 0x00 0xcc 0xd8 0xdb 0x40 0xe5 0x39 0x17 0x41 0x00 0x00 0x00 0x00 0x00 0x00 0x00 0x00 0x56 0x65 0x19 0x40 0x3d 0x0a 0x17 0x40 0xd0 0x9c 0x1f 0x41 0xee 0x8c 0x7d 0x40 0x00 0x00 0x00 0x3f 0x00 0x00 0x68 0x41 0x80 0xbe 0xe2 0x40 0x0b 0x47 0xa2 0x40 0x51 0x6c
[2026-07-07 13:15:17] Send self decision info: 0xa5 0x0e 0x00 0x00 0x37 0x01 0x03 0x21 0x01 0x6d 0x00 0x80 0x80 0x00 0x02 0x31 0x32 0x33 0x34 0x35 0x36 0x9d 0x8d
[2026-07-07 13:15:17] Send self decision info: 0xa5 0x0e 0x00 0x00 0x37 0x01 0x03 0x21 0x01 0x6d 0x00 0x80 0x80 0x00 0x02 0x31 0x32 0x33 0x34 0x35 0x36 0x9d 0x8d
[2026-07-07 13:15:17] Preparing to send all location info: [ 7.04, 9.60 ], [ 0.00, 0.00 ], [ 2.40, 2.36 ], [ 10.60, 4.31 ], [ 0.50, 14.50 ], [ 7.05, 5.08 ], [ 0.00, 0.00 ], [ 18.21, 10.59 ], [ 19.90, 10.03 ], [ 19.14, 1.20 ], [ 27.50, 0.50 ], [ 13.58, 10.01 ]
[2026-07-07 13:15:17] Generated sentinel field info: 0xa5 0x36 0x00 0x00 0xcc 0x01 0x03 0x02 0x02 0x6d 0x00 0x6b 0x00 0x48 0x6c 0xe1 0x40 0x5a 0xa1 0x19 0x41 0x00 0x00 0x00 0x00 0x00 0x00 0x00 0x00 0x56 0x65 0x19 0x40 0x3d 0x0a 0x17 0x40 0x54 0x97 0x29 0x41 0x95 0xd3 0x89 0x40 0x00 0x00 0x00 0x3f 0x00 0x00 0x68 0x41 0xdc 0xc0 0xe1 0x40 0x94 0x84 0xa2 0x40 0xc9 0x3c
[2026-07-07 13:15:18] Send self decision info: 0xa5 0x0e 0x00 0x00 0x37 0x01 0x03 0x21 0x01 0x6d 0x00 0x80 0x80 0x00 0x02 0x31 0x32 0x33 0x34 0x35 0x36 0x9d 0x8d
[2026-07-07 13:15:18] Generated sentinel field info: 0xa5 0x36 0x00 0x00 0xcc 0x01 0x03 0x02 0x02 0x6d 0x00 0x6b 0x00 0xdc 0x29 0xe4 0x40 0x74 0x88 0x1b 0x41 0x00 0x00 0x00 0x00 0x00 0x00 0x00 0x00 0x56 0x65 0x19 0x40 0x3d 0x0a 0x17 0x40 0x98 0xd8 0x2b 0x41 0xf8 0x58 0x8c 0x40 0x00 0x00 0x00 0x3f 0x00 0x00 0x68 0x41 0xb4 0xfb 0xe2 0x40 0x6f 0x45 0xa3 0x40 0x09 0x8d
[2026-07-07 13:15:18] Send self decision info: 0xa5 0x0e 0x00 0x00 0x37 0x01 0x03 0x21 0x01 0x6d 0x00 0x80 0x80 0x00 0x02 0x31 0x32 0x33 0x34 0x35 0x36 0x9d 0x8d
[2026-07-07 13:15:18] Preparing to send all location info: [ 7.14, 9.75 ], [ 0.00, 0.00 ], [ 2.40, 2.36 ], [ 10.74, 4.39 ], [ 0.50, 14.50 ], [ 7.07, 5.10 ], [ 0.00, 0.00 ], [ 19.23, 10.17 ], [ 19.90, 10.03 ], [ 19.08, 10.20 ], [ 27.50, 0.50 ], [ 13.58, 10.01 ]
[2026-07-07 13:15:18] Generated sentinel field info: 0xa5 0x36 0x00 0x00 0xcc 0x01 0x03 0x02 0x02 0x6d 0x00 0x6b 0x00 0x24 0x58 0xe4 0x40 0x4f 0x0c 0x1c 0x41 0x00 0x00 0x00 0x00 0x00 0x00 0x00 0x00 0x56 0x65 0x19 0x40 0x3d 0x0a 0x17 0x40 0x98 0xd8 0x2b 0x41 0xf8 0x58 0x8c 0x40 0x00 0x00 0x00 0x3f 0x00 0x00 0x68 0x41 0x84 0x2e 0xe2 0x40 0x21 0x33 0xa3 0x40 0xcd 0x48
[2026-07-07 13:15:18] Send self decision info: 0xa5 0x0e 0x00 0x00 0x37 0x01 0x03 0x21 0x01 0x6d 0x00 0x80 0x80 0x00 0x02 0x31 0x32 0x33 0x34 0x35 0x36 0x9d 0x8d
[2026-07-07 13:15:18] Generated sentinel field info: 0xa5 0x36 0x00 0x00 0xcc 0x01 0x03 0x02 0x02 0x6d 0x00 0x6b 0x00 0xb4 0xcd 0xe3 0x40 0x25 0xca 0x1b 0x41 0x00 0x00 0x00 0x00 0x00 0x00 0x00 0x00 0x56 0x65 0x19 0x40 0x3d 0x0a 0x17 0x40 0x98 0xd8 0x2b 0x41 0xf8 0x58 0x8c 0x40 0x00 0x00 0x00 0x3f 0x00 0x00 0x68 0x41 0x00 0x8f 0xe0 0x40 0xb8 0x18 0xa3 0x40 0x8e 0xf2
[2026-07-07 13:15:18] Send self decision info: 0xa5 0x0e 0x00 0x00 0x37 0x01 0x03 0x21 0x01 0x6d 0x00 0x80 0x80 0x00 0x02 0x31 0x32 0x33 0x34 0x35 0x36 0x9d 0x8d
[2026-07-07 13:15:18] Preparing to send all location info: [ 7.10, 9.72 ], [ 0.00, 0.00 ], [ 2.40, 2.36 ], [ 13.02, 5.00 ], [ 0.50, 14.50 ], [ 7.00, 5.08 ], [ 0.00, 0.00 ], [ 18.44, 10.48 ], [ 19.90, 10.03 ], [ 19.08, 10.20 ], [ 27.50, 0.50 ], [ 13.58, 10.01 ]
[2026-07-07 13:15:18] Generated sentinel field info: 0xa5 0x36 0x00 0x00 0xcc 0x01 0x03 0x02 0x02 0x6d 0x00 0x6b 0x00 0x54 0x30 0xe3 0x40 0xa7 0x95 0x1b 0x41 0x00 0x00 0x00 0x00 0x00 0x00 0x00 0x00 0x56 0x65 0x19 0x40 0x3d 0x0a 0x17 0x40 0x06 0x66 0x50 0x41 0x1f 0x0b 0xa0 0x40 0x00 0x00 0x00 0x3f 0x00 0x00 0x68 0x41 0x58 0xf4 0xdf 0x40 0xfa 0xb4 0xa2 0x40 0xe8 0xa4
[2026-07-07 13:15:18] Send self decision info: 0xa5 0x0e 0x00 0x00 0x37 0x01 0x03 0x21 0x01 0x6d 0x00 0x80 0x80 0x00 0x02 0x31 0x32 0x33 0x34 0x35 0x36 0x9d 0x8d
[2026-07-07 13:15:19] Send self decision info: 0xa5 0x0e 0x00 0x00 0x37 0x01 0x03 0x21 0x01 0x6d 0x00 0x80 0x80 0x00 0x02 0x31 0x32 0x33 0x34 0x35 0x36 0x9d 0x8d
[2026-07-07 13:15:19] Preparing to send all location info: [ 7.08, 9.71 ], [ 0.00, 0.00 ], [ 2.40, 2.36 ], [ 13.59, 5.30 ], [ 0.50, 14.50 ], [ 7.09, 5.07 ], [ 0.00, 0.00 ], [ 17.83, 10.60 ], [ 19.90, 10.03 ], [ 19.08, 10.20 ], [ 27.50, 0.50 ], [ 13.58, 10.01 ]
[2026-07-07 13:15:19] Generated sentinel field info: 0xa5 0x36 0x00 0x00 0xcc 0x01 0x03 0x02 0x02 0x6d 0x00 0x6b 0x00 0xa4 0xa0 0xe2 0x40 0x8f 0x57 0x1b 0x41 0x00 0x00 0x00 0x00 0x00 0x00 0x00 0x00 0x56 0x65 0x19 0x40 0x3d 0x0a 0x17 0x40 0xea 0x7f 0x59 0x41 0xc7 0x9b 0xa9 0x40 0x00 0x00 0x00 0x3f 0x00 0x00 0x68 0x41 0xd4 0xba 0xe2 0x40 0x0e 0x4d 0xa2 0x40 0xec 0xbc
[2026-07-07 13:15:19] Send self decision info: 0xa5 0x0e 0x00 0x00 0x37 0x01 0x03 0x21 0x01 0x6d 0x00 0x80 0x80 0x00 0x02 0x31 0x32 0x33 0x34 0x35 0x36 0x9d 0x8d
[2026-07-07 13:15:19] Generated sentinel field info: 0xa5 0x36 0x00 0x00 0xcc 0x01 0x03 0x02 0x02 0x6d 0x00 0x6b 0x00 0xb8 0xa1 0xe2 0x40 0xcb 0x56 0x1b 0x41 0x00 0x00 0x00 0x00 0x00 0x00 0x00 0x00 0x56 0x65 0x19 0x40 0x3d 0x0a 0x17 0x40 0x9c 0xf0 0x5c 0x41 0x5d 0xb0 0xb0 0x40 0x00 0x00 0x00 0x3f 0x00 0x00 0x68 0x41 0x0c 0xac 0xe2 0x40 0x47 0x65 0xa2 0x40 0xfc 0x4b
[2026-07-07 13:15:19] Send self decision info: 0xa5 0x0e 0x00 0x00 0x37 0x01 0x03 0x21 0x01 0x6d 0x00 0x80 0x80 0x00 0x02 0x31 0x32 0x33 0x34 0x35 0x36 0x9d 0x8d
[2026-07-07 13:15:19] Preparing to send all location info: [ 7.06, 9.70 ], [ 0.00, 0.00 ], [ 2.40, 2.36 ], [ 13.88, 5.77 ], [ 0.50, 14.50 ], [ 7.10, 5.10 ], [ 0.00, 0.00 ], [ 17.74, 10.63 ], [ 19.90, 10.03 ], [ 17.48, 10.73 ], [ 27.50, 0.50 ], [ 13.58, 10.01 ]
[2026-07-07 13:15:19] Generated sentinel field info: 0xa5 0x36 0x00 0x00 0xcc 0x01 0x03 0x02 0x02 0x6d 0x00 0x6b 0x00 0x38 0xd5 0xe1 0x40 0x5c 0x44 0x1b 0x41 0x00 0x00 0x00 0x00 0x00 0x00 0x00 0x00 0x56 0x65 0x19 0x40 0x3d 0x0a 0x17 0x40 0xe7 0x1b 0x5e 0x41 0x46 0xc5 0xb8 0x40 0x00 0x00 0x00 0x3f 0x00 0x00 0x68 0x41 0x6c 0x14 0xe3 0x40 0xf2 0x1c 0xa3 0x40 0x3a 0xc8
[2026-07-07 13:15:19] Send self decision info: 0xa5 0x0e 0x00 0x00 0x37 0x01 0x03 0x21 0x01 0x6d 0x00 0x80 0x80 0x00 0x02 0x31 0x32 0x33 0x34 0x35 0x36 0x9d 0x8d
[2026-07-07 13:15:19] Generated sentinel field info: 0xa5 0x36 0x00 0x00 0xcc 0x01 0x03 0x02 0x02 0x6d 0x00 0x6b 0x00 0xf8 0xce 0xe1 0x40 0xd7 0x48 0x1b 0x41 0x00 0x00 0x00 0x00 0x00 0x00 0x00 0x00 0x56 0x65 0x19 0x40 0x3d 0x0a 0x17 0x40 0x55 0xfc 0x5c 0x41 0x03 0xc5 0xc1 0x40 0x00 0x00 0x00 0x3f 0x00 0x00 0x68 0x41 0xa0 0x3f 0xe3 0x40 0x30 0xd6 0xa2 0x40 0x01 0x54
[2026-07-07 13:15:19] Send self decision info: 0xa5 0x0e 0x00 0x00 0x37 0x01 0x03 0x21 0x01 0x6d 0x00 0x80 0x80 0x00 0x02 0x31 0x32 0x33 0x34 0x35 0x36 0x9d 0x8d
[2026-07-07 13:15:19] Preparing to send all location info: [ 7.06, 9.71 ], [ 0.00, 0.00 ], [ 2.40, 2.36 ], [ 13.75, 6.23 ], [ 0.50, 14.50 ], [ 7.03, 5.08 ], [ 0.00, 0.00 ], [ 17.74, 10.63 ], [ 19.90, 10.03 ], [ 17.43, 10.73 ], [ 27.50, 0.50 ], [ 13.58, 10.01 ]
[2026-07-07 13:15:19] Generated sentinel field info: 0xa5 0x36 0x00 0x00 0xcc 0x01 0x03 0x02 0x02 0x6d 0x00 0x6b 0x00 0xd4 0xc6 0xe1 0x40 0xaa 0x4e 0x1b 0x41 0x00 0x00 0x00 0x00 0x00 0x00 0x00 0x00 0x56 0x65 0x19 0x40 0x3d 0x0a 0x17 0x40 0x3c 0xee 0x5b 0x41 0x44 0x74 0xc7 0x40 0x00 0x00 0x00 0x3f 0x00 0x00 0x68 0x41 0xf8 0xf2 0xe0 0x40 0x61 0x74 0xa2 0x40 0xbf 0x09
[2026-07-07 13:15:20] Send self decision info: 0xa5 0x0e 0x00 0x00 0x37 0x01 0x03 0x21 0x01 0x6d 0x00 0x80 0x80 0x00 0x02 0x31 0x32 0x33 0x34 0x35 0x36 0x9d 0x8d
[2026-07-07 13:15:20] Generated sentinel field info: 0xa5 0x36 0x00 0x00 0xcc 0x01 0x03 0x02 0x02 0x6d 0x00 0x6b 0x00 0x54 0xde 0xe1 0x40 0xd8 0x3d 0x1b 0x41 0x00 0x00 0x00 0x00 0x00 0x00 0x00 0x00 0x56 0x65 0x19 0x40 0x3d 0x0a 0x17 0x40 0x1b 0x14 0x5a 0x41 0xd3 0x99 0xd0 0x40 0x00 0x00 0x00 0x3f 0x00 0x00 0x68 0x41 0xe0 0xf3 0xe2 0x40 0x41 0x52 0xa3 0x40 0x4a 0x04
[2026-07-07 13:15:20] Send self decision info: 0xa5 0x0e 0x00 0x00 0x37 0x01 0x03 0x21 0x01 0x6d 0x00 0x80 0x80 0x00 0x02 0x31 0x32 0x33 0x34 0x35 0x36 0x9d 0x8d
[2026-07-07 13:15:20] Preparing to send all location info: [ 7.06, 9.70 ], [ 0.00, 0.00 ], [ 2.40, 2.36 ], [ 13.51, 6.85 ], [ 0.50, 14.50 ], [ 7.04, 5.11 ], [ 0.00, 0.00 ], [ 17.74, 10.63 ], [ 19.90, 10.03 ], [ 17.43, 10.73 ], [ 27.50, 0.50 ], [ 13.58, 10.01 ]
[2026-07-07 13:15:20] Generated sentinel field info: 0xa5 0x36 0x00 0x00 0xcc 0x01 0x03 0x02 0x02 0x6d 0x00 0x6b 0x00 0x90 0xde 0xe1 0x40 0xac 0x3d 0x1b 0x41 0x00 0x00 0x00 0x00 0x00 0x00 0x00 0x00 0x56 0x65 0x19 0x40 0x3d 0x0a 0x17 0x40 0x49 0x38 0x58 0x41 0x2c 0x40 0xdb 0x40 0x00 0x00 0x00 0x3f 0x00 0x00 0x68 0x41 0x94 0x3c 0xe1 0x40 0xc3 0x5d 0xa3 0x40 0x8e 0xbb
[2026-07-07 13:15:20] Send self decision info: 0xa5 0x0e 0x00 0x00 0x37 0x01 0x03 0x21 0x01 0x6d 0x00 0x80 0x80 0x00 0x02 0x31 0x32 0x33 0x34 0x35 0x36 0x9d 0x8d
[2026-07-07 13:15:20] Send self decision info: 0xa5 0x0e 0x00 0x00 0x37 0x01 0x03 0x21 0x01 0x6d 0x00 0x80 0x80 0x00 0x02 0x31 0x32 0x33 0x34 0x35 0x36 0x9d 0x8d
[2026-07-07 13:15:20] Preparing to send all location info: [ 7.03, 9.70 ], [ 0.00, 0.00 ], [ 2.40, 2.36 ], [ 13.16, 7.33 ], [ 0.50, 14.50 ], [ 6.99, 5.09 ], [ 0.00, 0.00 ], [ 17.74, 10.63 ], [ 19.90, 10.03 ], [ 17.43, 10.73 ], [ 27.50, 0.50 ], [ 13.58, 10.01 ]
[2026-07-07 13:15:20] Generated sentinel field info: 0xa5 0x36 0x00 0x00 0xcc 0x01 0x03 0x02 0x02 0x6d 0x00 0x6b 0x00 0x94 0x10 0xe1 0x40 0x92 0x2c 0x1b 0x41 0x00 0x00 0x00 0x00 0x00 0x00 0x00 0x00 0x56 0x65 0x19 0x40 0x3d 0x0a 0x17 0x40 0xd3 0x88 0x52 0x41 0x0b 0x7c 0xea 0x40 0x00 0x00 0x00 0x3f 0x00 0x00 0x68 0x41 0xd8 0xc0 0xdf 0x40 0xbc 0x09 0xa3 0x40 0x2b 0x8c
[2026-07-07 13:15:20] Send self decision info: 0xa5 0x0e 0x00 0x00 0x37 0x01 0x03 0x21 0x01 0x6d 0x00 0x80 0x80 0x00 0x02 0x31 0x32 0x33 0x34 0x35 0x36 0x9d 0x8d
[2026-07-07 13:15:21] Send self decision info: 0xa5 0x0e 0x00 0x00 0x37 0x01 0x03 0x21 0x01 0x6d 0x00 0x80 0x80 0x00 0x02 0x31 0x32 0x33 0x34 0x35 0x36 0x9d 0x8d
[2026-07-07 13:15:21] Preparing to send all location info: [ 7.04, 9.69 ], [ 0.00, 0.00 ], [ 2.40, 2.36 ], [ 12.82, 7.97 ], [ 0.50, 14.50 ], [ 7.06, 5.07 ], [ 0.00, 0.00 ], [ 17.74, 10.63 ], [ 19.90, 10.03 ], [ 17.43, 10.73 ], [ 27.50, 0.50 ], [ 13.58, 10.01 ]
[2026-07-07 13:15:21] Generated sentinel field info: 0xa5 0x36 0x00 0x00 0xcc 0x01 0x03 0x02 0x02 0x6d 0x00 0x6b 0x00 0x58 0x2d 0xe1 0x40 0xf6 0x17 0x1b 0x41 0x00 0x00 0x00 0x00 0x00 0x00 0x00 0x00 0x56 0x65 0x19 0x40 0x3d 0x0a 0x17 0x40 0x5e 0x20 0x4d 0x41 0x8c 0xfa 0xfe 0x40 0x00 0x00 0x00 0x3f 0x00 0x00 0x68 0x41 0xe8 0xeb 0xe1 0x40 0xe4 0x3d 0xa2 0x40 0xf3 0x40
[2026-07-07 13:15:21] Send self decision info: 0xa5 0x0e 0x00 0x00 0x37 0x01 0x03 0x21 0x01 0x6d 0x00 0x80 0x80 0x00 0x02 0x31 0x32 0x33 0x34 0x35 0x36 0x9d 0x8d
[2026-07-07 13:15:21] Send self decision info: 0xa5 0x0e 0x00 0x00 0x37 0x01 0x03 0x21 0x01 0x6d 0x00 0x80 0x80 0x00 0x02 0x31 0x32 0x33 0x34 0x35 0x36 0x9d 0x8d
[2026-07-07 13:15:21] Preparing to send all location info: [ 7.04, 9.69 ], [ 0.00, 0.00 ], [ 2.40, 2.36 ], [ 12.76, 8.41 ], [ 0.50, 14.50 ], [ 7.10, 5.09 ], [ 0.00, 0.00 ], [ 17.74, 10.63 ], [ 19.90, 10.03 ], [ 17.43, 10.73 ], [ 27.50, 0.50 ], [ 13.58, 10.01 ]
[2026-07-07 13:15:21] Generated sentinel field info: 0xa5 0x36 0x00 0x00 0xcc 0x01 0x03 0x02 0x02 0x6d 0x00 0x6b 0x00 0xec 0x29 0xe1 0x40 0x6b 0x1a 0x1b 0x41 0x00 0x00 0x00 0x00 0x00 0x00 0x00 0x00 0x56 0x65 0x19 0x40 0x3d 0x0a 0x17 0x40 0x14 0x2d 0x4c 0x41 0xf4 0x8e 0x06 0x41 0x00 0x00 0x00 0x3f 0x00 0x00 0x68 0x41 0xbc 0x4f 0xe3 0x40 0xd0 0xbb 0xa2 0x40 0xcb 0x34
[2026-07-07 13:15:21] Send self decision info: 0xa5 0x0e 0x00 0x00 0x37 0x01 0x03 0x21 0x01 0x6d 0x00 0x80 0x80 0x00 0x02 0x31 0x32 0x33 0x34 0x35 0x36 0x9d 0x8d
[2026-07-07 13:15:21] Send self decision info: 0xa5 0x0e 0x00 0x00 0x37 0x01 0x03 0x21 0x01 0x6d 0x00 0x80 0x80 0x00 0x02 0x31 0x32 0x33 0x34 0x35 0x36 0x9d 0x8d
[2026-07-07 13:15:21] Preparing to send all location info: [ 7.04, 9.70 ], [ 0.00, 0.00 ], [ 2.40, 2.36 ], [ 12.61, 8.91 ], [ 0.50, 14.50 ], [ 7.04, 5.10 ], [ 0.00, 0.00 ], [ 17.74, 10.63 ], [ 19.90, 10.03 ], [ 17.43, 10.73 ], [ 27.50, 0.50 ], [ 13.58, 10.01 ]
[2026-07-07 13:15:21] Generated sentinel field info: 0xa5 0x36 0x00 0x00 0xcc 0x01 0x03 0x02 0x02 0x6d 0x00 0x6b 0x00 0xa8 0x21 0xe1 0x40 0x57 0x20 0x1b 0x41 0x00 0x00 0x00 0x00 0x00 0x00 0x00 0x00 0x56 0x65 0x19 0x40 0x3d 0x0a 0x17 0x40 0x2d 0xc7 0x49 0x41 0xb0 0x88 0x0e 0x41 0x00 0x00 0x00 0x3f 0x00 0x00 0x68 0x41 0xec 0x52 0xe1 0x40 0x11 0x39 0xa3 0x40 0x3b 0x19
[2026-07-07 13:15:22] Send self decision info: 0xa5 0x0e 0x00 0x00 0x37 0x01 0x03 0x21 0x01 0x6d 0x00 0x80 0x80 0x00 0x02 0x31 0x32 0x33 0x34 0x35 0x36 0x9d 0x8d
[2026-07-07 13:15:22] Generated sentinel field info: 0xa5 0x36 0x00 0x00 0xcc 0x01 0x03 0x02 0x02 0x6d 0x00 0x6b 0x00 0xec 0x1e 0xe1 0x40 0x4c 0x22 0x1b 0x41 0x00 0x00 0x00 0x00 0x00 0x00 0x00 0x00 0x56 0x65 0x19 0x40 0x3d 0x0a 0x17 0x40 0x1f 0xde 0x47 0x41 0xc4 0x3a 0x12 0x41 0x00 0x00 0x00 0x3f 0x00 0x00 0x68 0x41 0x38 0x00 0xdf 0x40 0x07 0xe5 0xa2 0x40 0x40 0x08
[2026-07-07 13:15:22] Send self decision info: 0xa5 0x0e 0x00 0x00 0x37 0x01 0x03 0x21 0x01 0x6d 0x00 0x80 0x80 0x00 0x02 0x31 0x32 0x33 0x34 0x35 0x36 0x9d 0x8d
[2026-07-07 13:15:22] Preparing to send all location info: [ 7.04, 9.70 ], [ 0.00, 0.00 ], [ 2.40, 2.36 ], [ 12.38, 9.36 ], [ 0.50, 14.50 ], [ 7.02, 5.09 ], [ 0.00, 0.00 ], [ 17.74, 10.63 ], [ 19.90, 10.03 ], [ 17.43, 10.73 ], [ 27.50, 0.50 ], [ 13.58, 10.01 ]
[2026-07-07 13:15:22] Generated sentinel field info: 0xa5 0x36 0x00 0x00 0xcc 0x01 0x03 0x02 0x02 0x6d 0x00 0x6b 0x00 0x34 0x20 0xe1 0x40 0x5f 0x21 0x1b 0x41 0x00 0x00 0x00 0x00 0x00 0x00 0x00 0x00 0x56 0x65 0x19 0x40 0x3d 0x0a 0x17 0x40 0xf5 0x25 0x46 0x41 0x2f 0xb0 0x15 0x41 0x00 0x00 0x00 0x3f 0x00 0x00 0x68 0x41 0xa0 0xbe 0xe0 0x40 0x6e 0xca 0xa2 0x40 0x65 0x5e
[2026-07-07 13:15:22] Send self decision info: 0xa5 0x0e 0x00 0x00 0x37 0x01 0x03 0x21 0x01 0x6d 0x00 0x80 0x80 0x00 0x02 0x31 0x32 0x33 0x34 0x35 0x36 0x9d 0x8d
[2026-07-07 13:15:22] Send self decision info: 0xa5 0x0e 0x00 0x00 0x37 0x01 0x03 0x21 0x01 0x6d 0x00 0x80 0x80 0x00 0x02 0x31 0x32 0x33 0x34 0x35 0x36 0x9d 0x8d
[2026-07-07 13:15:22] Preparing to send all location info: [ 7.03, 9.70 ], [ 0.00, 0.00 ], [ 2.40, 2.36 ], [ 12.28, 9.65 ], [ 0.50, 14.50 ], [ 7.08, 5.08 ], [ 0.00, 0.00 ], [ 17.74, 10.63 ], [ 19.90, 10.03 ], [ 17.43, 10.73 ], [ 27.50, 0.50 ], [ 13.58, 10.01 ]
[2026-07-07 13:15:22] Generated sentinel field info: 0xa5 0x36 0x00 0x00 0xcc 0x01 0x03 0x02 0x02 0x6d 0x00 0x6b 0x00 0xdc 0x19 0xe1 0x40 0xed 0x25 0x1b 0x41 0x00 0x00 0x00 0x00 0x00 0x00 0x00 0x00 0x56 0x65 0x19 0x40 0x3d 0x0a 0x17 0x40 0xba 0x8b 0x44 0x41 0x63 0x70 0x1a 0x41 0x00 0x00 0x00 0x3f 0x00 0x00 0x68 0x41 0xac 0xa1 0xe2 0x40 0x4b 0x76 0xa2 0x40 0x94 0x8f
[2026-07-07 13:15:22] Send self decision info: 0xa5 0x0e 0x00 0x00 0x37 0x01 0x03 0x21 0x01 0x6d 0x00 0x80 0x80 0x00 0x02 0x31 0x32 0x33 0x34 0x35 0x36 0x9d 0x8d
[2026-07-07 13:15:22] Generated sentinel field info: 0xa5 0x36 0x00 0x00 0xcc 0x01 0x03 0x02 0x02 0x6d 0x00 0x6b 0x00 0xdc 0x21 0xe1 0x40 0x30 0x20 0x1b 0x41 0x00 0x00 0x00 0x00 0x00 0x00 0x00 0x00 0x56 0x65 0x19 0x40 0x3d 0x0a 0x17 0x40 0x29 0x95 0x44 0x41 0xf8 0xd5 0x1b 0x41 0x00 0x00 0x00 0x3f 0x00 0x00 0x68 0x41 0x40 0x35 0xe3 0x40 0x2c 0xe7 0xa2 0x40 0x76 0x89
[2026-07-07 13:15:23] Send self decision info: 0xa5 0x0e 0x00 0x00 0x37 0x01 0x03 0x21 0x01 0x6d 0x00 0x80 0x80 0x00 0x02 0x31 0x32 0x33 0x34 0x35 0x36 0x9d 0x8d
[2026-07-07 13:15:23] Preparing to send all location info: [ 7.04, 9.69 ], [ 0.00, 0.00 ], [ 2.40, 2.36 ], [ 12.29, 9.92 ], [ 0.50, 14.50 ], [ 7.08, 5.08 ], [ 0.00, 0.00 ], [ 17.74, 10.63 ], [ 19.90, 10.03 ], [ 20.53, 11.15 ], [ 27.50, 0.50 ], [ 13.58, 10.01 ]
[2026-07-07 13:15:23] Generated sentinel field info: 0xa5 0x36 0x00 0x00 0xcc 0x01 0x03 0x02 0x02 0x6d 0x00 0x6b 0x00 0x30 0x24 0xe1 0x40 0x86 0x1e 0x1b 0x41 0x00 0x00 0x00 0x00 0x00 0x00 0x00 0x00 0x56 0x65 0x19 0x40 0x3d 0x0a 0x17 0x40 0x2b 0x90 0x44 0x41 0x58 0xbb 0x1e 0x41 0x00 0x00 0x00 0x3f 0x00 0x00 0x68 0x41 0x10 0x90 0xe2 0x40 0x2f 0x93 0xa2 0x40 0x34 0x10
[2026-07-07 13:15:23] Send self decision info: 0xa5 0x0e 0x00 0x00 0x37 0x01 0x03 0x21 0x01 0x6d 0x00 0x80 0x80 0x00 0x02 0x31 0x32 0x33 0x34 0x35 0x36 0x9d 0x8d
[2026-07-07 13:15:23] Generated sentinel field info: 0xa5 0x36 0x00 0x00 0xcc 0x01 0x03 0x02 0x02 0x6d 0x00 0x6b 0x00 0x6c 0x1e 0xe1 0x40 0xa7 0x22 0x1b 0x41 0x00 0x00 0x00 0x00 0x00 0x00 0x00 0x00 0x56 0x65 0x19 0x40 0x3d 0x0a 0x17 0x40 0xba 0x72 0x43 0x41 0x51 0x71 0x21 0x41 0x00 0x00 0x00 0x3f 0x00 0x00 0x68 0x41 0x88 0xfe 0xe0 0x40 0x62 0x61 0xa2 0x40 0x03 0x90
[2026-07-07 13:15:23] Send self decision info: 0xa5 0x0e 0x00 0x00 0x37 0x01 0x03 0x21 0x01 0x6d 0x00 0x80 0x80 0x00 0x02 0x31 0x32 0x33 0x34 0x35 0x36 0x9d 0x8d
[2026-07-07 13:15:23] Preparing to send all location info: [ 7.03, 9.70 ], [ 0.00, 0.00 ], [ 2.40, 2.36 ], [ 12.10, 10.27 ], [ 0.50, 14.50 ], [ 7.05, 5.09 ], [ 0.00, 0.00 ], [ 17.74, 10.63 ], [ 19.90, 10.03 ], [ 20.65, 11.20 ], [ 27.50, 0.50 ], [ 13.58, 10.01 ]
[2026-07-07 13:15:23] Generated sentinel field info: 0xa5 0x36 0x00 0x00 0xcc 0x01 0x03 0x02 0x02 0x6d 0x00 0x6b 0x00 0x4c 0x1c 0xe1 0x40 0x2e 0x24 0x1b 0x41 0x00 0x00 0x00 0x00 0x00 0x00 0x00 0x00 0x56 0x65 0x19 0x40 0x3d 0x0a 0x17 0x40 0xf3 0x8a 0x41 0x41 0xf8 0x55 0x24 0x41 0x00 0x00 0x00 0x3f 0x00 0x00 0x68 0x41 0x8c 0x76 0xe1 0x40 0x96 0xfe 0xa2 0x40 0xc9 0x57
[2026-07-07 13:15:23] Send self decision info: 0xa5 0x0e 0x00 0x00 0x37 0x01 0x03 0x21 0x01 0x6d 0x00 0x80 0x80 0x00 0x02 0x31 0x32 0x33 0x34 0x35 0x36 0x9d 0x8d
[2026-07-07 13:15:23] Generated sentinel field info: 0xa5 0x36 0x00 0x00 0xcc 0x01 0x03 0x02 0x02 0x6d 0x00 0x6b 0x00 0x48 0x21 0xe1 0x40 0x9a 0x20 0x1b 0x41 0x00 0x00 0x00 0x00 0x00 0x00 0x00 0x00 0x56 0x65 0x19 0x40 0x3d 0x0a 0x17 0x40 0xe6 0xba 0x40 0x41 0x84 0xf9 0x25 0x41 0x00 0x00 0x00 0x3f 0x00 0x00 0x68 0x41 0x94 0x78 0xe1 0x40 0x42 0xfb 0xa2 0x40 0x8f 0xff
[2026-07-07 13:15:23] Send self decision info: 0xa5 0x0e 0x00 0x00 0x37 0x01 0x03 0x21 0x01 0x6d 0x00 0x80 0x80 0x00 0x02 0x31 0x32 0x33 0x34 0x35 0x36 0x9d 0x8d
[2026-07-07 13:15:23] Preparing to send all location info: [ 7.04, 9.70 ], [ 0.00, 0.00 ], [ 2.40, 2.36 ], [ 12.03, 10.39 ], [ 0.50, 14.50 ], [ 7.04, 5.10 ], [ 0.00, 0.00 ], [ 17.74, 10.63 ], [ 19.90, 10.03 ], [ 20.67, 11.33 ], [ 27.50, 0.50 ], [ 13.58, 10.01 ]
[2026-07-07 13:15:23] Generated sentinel field info: 0xa5 0x36 0x00 0x00 0xcc 0x01 0x03 0x02 0x02 0x6d 0x00 0x6b 0x00 0xa0 0x1f 0xe1 0x40 0xcb 0x21 0x1b 0x41 0x00 0x00 0x00 0x00 0x00 0x00 0x00 0x00 0x56 0x65 0x19 0x40 0x3d 0x0a 0x17 0x40 0x67 0x8b 0x40 0x41 0xbf 0x2f 0x26 0x41 0x00 0x00 0x00 0x3f 0x00 0x00 0x68 0x41 0x58 0x6d 0xe1 0x40 0xb0 0x0d 0xa3 0x40 0x8a 0xad
[2026-07-07 13:15:24] Send self decision info: 0xa5 0x0e 0x00 0x00 0x37 0x01 0x03 0x21 0x01 0x6d 0x00 0x80 0x80 0x00 0x02 0x31 0x32 0x33 0x34 0x35 0x36 0x9d 0x8d
[2026-07-07 13:15:24] Send self decision info: 0xa5 0x0e 0x00 0x00 0x37 0x01 0x03 0x21 0x01 0x6d 0x00 0x80 0x80 0x00 0x02 0x31 0x32 0x33 0x34 0x35 0x36 0x9d 0x8d
[2026-07-07 13:15:24] Preparing to send all location info: [ 7.06, 9.70 ], [ 0.00, 0.00 ], [ 2.40, 2.36 ], [ 11.91, 10.40 ], [ 0.50, 14.50 ], [ 7.00, 5.08 ], [ 0.00, 0.00 ], [ 17.74, 10.63 ], [ 19.90, 10.03 ], [ 20.70, 11.36 ], [ 27.50, 0.50 ], [ 13.58, 10.01 ]
[2026-07-07 13:15:24] Generated sentinel field info: 0xa5 0x36 0x00 0x00 0xcc 0x01 0x03 0x02 0x02 0x6d 0x00 0x6b 0x00 0x58 0xe1 0xe1 0x40 0xb0 0x3b 0x1b 0x41 0x00 0x00 0x00 0x00 0x00 0x00 0x00 0x00 0x56 0x65 0x19 0x40 0x3d 0x0a 0x17 0x40 0x1e 0x84 0x3e 0x41 0x1e 0x62 0x26 0x41 0x00 0x00 0x00 0x3f 0x00 0x00 0x68 0x41 0xb0 0x13 0xe0 0x40 0x65 0x81 0xa2 0x40 0x45 0x8d
[2026-07-07 13:15:24] Send self decision info: 0xa5 0x0e 0x00 0x00 0x37 0x01 0x03 0x21 0x01 0x6d 0x00 0x80 0x80 0x00 0x02 0x31 0x32 0x33 0x34 0x35 0x36 0x9d 0x8d
[2026-07-07 13:15:24] Generated sentinel field info: 0xa5 0x36 0x00 0x00 0xcc 0x01 0x03 0x02 0x02 0x6d 0x00 0x6b 0x00 0x24 0xe4 0xe1 0x40 0xaf 0x39 0x1b 0x41 0x00 0x00 0x00 0x00 0x00 0x00 0x00 0x00 0x56 0x65 0x19 0x40 0x3d 0x0a 0x17 0x40 0x00 0x11 0x3d 0x41 0xfa 0xed 0x25 0x41 0x00 0x00 0x00 0x3f 0x00 0x00 0x68 0x41 0xf0 0xb3 0xe1 0x40 0xcc 0x99 0xa2 0x40 0xd4 0x26
[2026-07-07 13:15:24] Send self decision info: 0xa5 0x0e 0x00 0x00 0x37 0x01 0x03 0x21 0x01 0x6d 0x00 0x80 0x80 0x00 0x02 0x31 0x32 0x33 0x34 0x35 0x36 0x9d 0x8d
[2026-07-07 13:15:24] Preparing to send all location info: [ 7.06, 9.70 ], [ 0.00, 0.00 ], [ 2.40, 2.36 ], [ 11.78, 10.33 ], [ 0.50, 14.50 ], [ 7.10, 5.09 ], [ 0.00, 0.00 ], [ 17.74, 10.63 ], [ 19.90, 10.03 ], [ 20.70, 11.36 ], [ 27.50, 0.50 ], [ 13.58, 10.01 ]
[2026-07-07 13:15:24] Generated sentinel field info: 0xa5 0x36 0x00 0x00 0xcc 0x01 0x03 0x02 0x02 0x6d 0x00 0x6b 0x00 0x50 0xed 0xe1 0x40 0x1f 0x33 0x1b 0x41 0x00 0x00 0x00 0x00 0x00 0x00 0x00 0x00 0x56 0x65 0x19 0x40 0x3d 0x0a 0x17 0x40 0x50 0x6f 0x3c 0x41 0x07 0x3f 0x25 0x41 0x00 0x00 0x00 0x3f 0x00 0x00 0x68 0x41 0x6c 0x44 0xe3 0x40 0x56 0xce 0xa2 0x40 0xbb 0x46
[2026-07-07 13:15:24] Send self decision info: 0xa5 0x0e 0x00 0x00 0x37 0x01 0x03 0x21 0x01 0x6d 0x00 0x80 0x80 0x00 0x02 0x31 0x32 0x33 0x34 0x35 0x36 0x9d 0x8d
[2026-07-07 13:15:24] Generated sentinel field info: 0xa5 0x36 0x00 0x00 0xcc 0x01 0x03 0x02 0x02 0x6d 0x00 0x6b 0x00 0xcc 0xf5 0xe1 0x40 0x0c 0x2d 0x1b 0x41 0x00 0x00 0x00 0x00 0x00 0x00 0x00 0x00 0x56 0x65 0x19 0x40 0x3d 0x0a 0x17 0x40 0x32 0xa8 0x3b 0x41 0x64 0x07 0x24 0x41 0x00 0x00 0x00 0x3f 0x00 0x00 0x68 0x41 0x38 0x17 0xe3 0x40 0x5a 0x18 0xa3 0x40 0x21 0x42
[2026-07-07 13:15:25] Send self decision info: 0xa5 0x0e 0x00 0x00 0x37 0x01 0x03 0x21 0x01 0x6d 0x00 0x80 0x80 0x00 0x02 0x31 0x32 0x33 0x34 0x35 0x36 0x9d 0x8d
[2026-07-07 13:15:25] Preparing to send all location info: [ 7.04, 9.69 ], [ 0.00, 0.00 ], [ 2.40, 2.36 ], [ 11.78, 10.20 ], [ 0.50, 14.50 ], [ 7.07, 5.09 ], [ 0.00, 0.00 ], [ 17.74, 10.63 ], [ 19.90, 10.03 ], [ 20.05, 12.17 ], [ 27.50, 0.50 ], [ 13.58, 10.01 ]
[2026-07-07 13:15:25] Send self decision info: 0xa5 0x0e 0x00 0x00 0x37 0x01 0x03 0x21 0x01 0x6d 0x00 0x80 0x80 0x00 0x02 0x31 0x32 0x33 0x34 0x35 0x36 0x9d 0x8d
[2026-07-07 13:15:25] Generated sentinel field info: 0xa5 0x36 0x00 0x00 0xcc 0x01 0x03 0x02 0x02 0x6d 0x00 0x6b 0x00 0xac 0xea 0xe1 0x40 0x03 0x35 0x1b 0x41 0x00 0x00 0x00 0x00 0x00 0x00 0x00 0x00 0x56 0x65 0x19 0x40 0x3d 0x0a 0x17 0x40 0xf6 0x2e 0x3d 0x41 0xbc 0x8c 0x21 0x41 0x00 0x00 0x00 0x3f 0x00 0x00 0x68 0x41 0x58 0xa7 0xe0 0x40 0xaf 0xf0 0xa2 0x40 0x8c 0xaa
[2026-07-07 13:15:25] Send self decision info: 0xa5 0x0e 0x00 0x00 0x37 0x01 0x03 0x21 0x01 0x6d 0x00 0x80 0x80 0x00 0x02 0x31 0x32 0x33 0x34 0x35 0x36 0x9d 0x8d
[2026-07-07 13:15:25] Preparing to send all location info: [ 7.06, 9.70 ], [ 0.00, 0.00 ], [ 2.40, 2.36 ], [ 11.87, 9.95 ], [ 0.50, 14.50 ], [ 6.99, 5.09 ], [ 0.00, 0.00 ], [ 17.74, 10.63 ], [ 19.90, 10.03 ], [ 19.77, 12.35 ], [ 27.50, 0.50 ], [ 13.58, 10.01 ]
[2026-07-07 13:15:25] Generated sentinel field info: 0xa5 0x36 0x00 0x00 0xcc 0x01 0x03 0x02 0x02 0x6d 0x00 0x6b 0x00 0x80 0xf4 0xe1 0x40 0xfa 0x2d 0x1b 0x41 0x00 0x00 0x00 0x00 0x00 0x00 0x00 0x00 0x56 0x65 0x19 0x40 0x3d 0x0a 0x17 0x40 0x88 0xee 0x3d 0x41 0x6c 0x42 0x1f 0x41 0x00 0x00 0x00 0x3f 0x00 0x00 0x68 0x41 0x0c 0xc7 0xdf 0x40 0x85 0xff 0xa2 0x40 0xe9 0xb8
[2026-07-07 13:15:25] Send self decision info: 0xa5 0x0e 0x00 0x00 0x37 0x01 0x03 0x21 0x01 0x6d 0x00 0x80 0x80 0x00 0x02 0x31 0x32 0x33 0x34 0x35 0x36 0x9d 0x8d
[2026-07-07 13:15:25] Generated sentinel field info: 0xa5 0x36 0x00 0x00 0xcc 0x01 0x03 0x02 0x02 0x6d 0x00 0x6b 0x00 0x30 0xfe 0xe1 0x40 0x0c 0x27 0x1b 0x41 0x00 0x00 0x00 0x00 0x00 0x00 0x00 0x00 0x56 0x65 0x19 0x40 0x3d 0x0a 0x17 0x40 0x55 0xe6 0x40 0x41 0x5a 0xcd 0x1b 0x41 0x00 0x00 0x00 0x3f 0x00 0x00 0x68 0x41 0xdc 0x6b 0xe0 0x40 0x7b 0x52 0xa3 0x40 0x29 0x8b
[2026-07-07 13:15:25] Send self decision info: 0xa5 0x0e 0x00 0x00 0x37 0x01 0x03 0x21 0x01 0x6d 0x00 0x80 0x80 0x00 0x02 0x31 0x32 0x33 0x34 0x35 0x36 0x9d 0x8d
[2026-07-07 13:15:25] Preparing to send all location info: [ 7.06, 9.70 ], [ 0.00, 0.00 ], [ 2.40, 2.36 ], [ 12.11, 9.72 ], [ 0.50, 14.50 ], [ 7.02, 5.10 ], [ 0.00, 0.00 ], [ 17.74, 10.63 ], [ 19.90, 10.03 ], [ 19.77, 12.35 ], [ 27.50, 0.50 ], [ 13.58, 10.01 ]
[2026-07-07 13:15:25] Generated sentinel field info: 0xa5 0x36 0x00 0x00 0xcc 0x01 0x03 0x02 0x02 0x6d 0x00 0x6b 0x00 0x68 0x05 0xe2 0x40 0xe2 0x21 0x1b 0x41 0x00 0x00 0x00 0x00 0x00 0x00 0x00 0x00 0x56 0x65 0x19 0x40 0x3d 0x0a 0x17 0x40 0x0e 0xc6 0x41 0x41 0x51 0x80 0x1b 0x41 0x00 0x00 0x00 0x3f 0x00 0x00 0x68 0x41 0x0c 0x91 0xe0 0x40 0x59 0x15 0xa3 0x40 0x7a 0x97
[2026-07-07 13:15:26] Send self decision info: 0xa5 0x0e 0x00 0x00 0x37 0x01 0x03 0x21 0x01 0x6d 0x00 0x80 0x80 0x00 0x02 0x31 0x32 0x33 0x34 0x35 0x36 0x9d 0x8d
[2026-07-07 13:15:26] Generated sentinel field info: 0xa5 0x36 0x00 0x00 0xcc 0x01 0x03 0x02 0x02 0x6d 0x00 0x6b 0x00 0xd0 0xfb 0xe1 0x40 0xbe 0x28 0x1b 0x41 0x00 0x00 0x00 0x00 0x00 0x00 0x00 0x00 0x56 0x65 0x19 0x40 0x3d 0x0a 0x17 0x40 0x0c 0x76 0x43 0x41 0xfe 0x41 0x1a 0x41 0x00 0x00 0x00 0x3f 0x00 0x00 0x68 0x41 0x98 0x47 0xe2 0x40 0x02 0x0a 0xa3 0x40 0x5c 0x02
[2026-07-07 13:15:26] Send self decision info: 0xa5 0x0e 0x00 0x00 0x37 0x01 0x03 0x21 0x01 0x6d 0x00 0x80 0x80 0x00 0x02 0x31 0x32 0x33 0x34 0x35 0x36 0x9d 0x8d
[2026-07-07 13:15:26] Preparing to send all location info: [ 7.07, 9.69 ], [ 0.00, 0.00 ], [ 2.40, 2.36 ], [ 12.33, 9.56 ], [ 0.50, 14.50 ], [ 7.08, 5.09 ], [ 0.00, 0.00 ], [ 17.74, 10.63 ], [ 19.90, 10.03 ], [ 19.77, 12.35 ], [ 27.50, 0.50 ], [ 13.58, 10.01 ]
[2026-07-07 13:15:26] Generated sentinel field info: 0xa5 0x36 0x00 0x00 0xcc 0x01 0x03 0x02 0x02 0x6d 0x00 0x6b 0x00 0xac 0x18 0xe2 0x40 0x17 0x14 0x1b 0x41 0x00 0x00 0x00 0x00 0x00 0x00 0x00 0x00 0x56 0x65 0x19 0x40 0x3d 0x0a 0x17 0x40 0x4c 0x43 0x45 0x41 0x0d 0xe3 0x18 0x41 0x00 0x00 0x00 0x3f 0x00 0x00 0x68 0x41 0xb4 0x71 0xe2 0x40 0xf5 0xc4 0xa2 0x40 0x38 0x61
[2026-07-07 13:15:26] Send self decision info: 0xa5 0x0e 0x00 0x00 0x37 0x01 0x03 0x21 0x01 0x6d 0x00 0x80 0x80 0x00 0x02 0x31 0x32 0x33 0x34 0x35 0x36 0x9d 0x8d
[2026-07-07 13:15:26] Send self decision info: 0xa5 0x0e 0x00 0x00 0x37 0x01 0x03 0x21 0x01 0x6d 0x00 0x80 0x80 0x00 0x02 0x31 0x32 0x33 0x34 0x35 0x36 0x9d 0x8d
[2026-07-07 13:15:26] Preparing to send all location info: [ 7.07, 9.69 ], [ 0.00, 0.00 ], [ 2.40, 2.36 ], [ 12.55, 9.39 ], [ 0.50, 14.50 ], [ 7.08, 5.09 ], [ 0.00, 0.00 ], [ 17.74, 10.63 ], [ 19.90, 10.03 ], [ 18.58, 12.45 ], [ 27.50, 0.50 ], [ 13.58, 10.01 ]
[2026-07-07 13:15:26] Generated sentinel field info: 0xa5 0x36 0x00 0x00 0xcc 0x01 0x03 0x02 0x02 0x6d 0x00 0x6b 0x00 0x68 0x17 0xe2 0x40 0x00 0x15 0x1b 0x41 0x00 0x00 0x00 0x00 0x00 0x00 0x00 0x00 0x56 0x65 0x19 0x40 0x3d 0x0a 0x17 0x40 0x5b 0xbf 0x48 0x41 0x9b 0x4c 0x16 0x41 0x00 0x00 0x00 0x3f 0x00 0x00 0x68 0x41 0x90 0x68 0xe2 0x40 0xf4 0xd3 0xa2 0x40 0x26 0x08
[2026-07-07 13:15:26] Send self decision info: 0xa5 0x0e 0x00 0x00 0x37 0x01 0x03 0x21 0x01 0x6d 0x00 0x80 0x80 0x00 0x02 0x31 0x32 0x33 0x34 0x35 0x36 0x9d 0x8d
[2026-07-07 13:15:26] Generated sentinel field info: 0xa5 0x36 0x00 0x00 0xcc 0x01 0x03 0x02 0x02 0x6d 0x00 0x6b 0x00 0x00 0x11 0xe3 0x40 0x40 0x07 0x1b 0x41 0x00 0x00 0x00 0x00 0x00 0x00 0x00 0x00 0x56 0x65 0x19 0x40 0x3d 0x0a 0x17 0x40 0x8b 0x78 0x4b 0x41 0x56 0x9c 0x14 0x41 0x00 0x00 0x00 0x3f 0x00 0x00 0x68 0x41 0xdc 0x3f 0xe1 0x40 0x5f 0x58 0xa3 0x40 0x5f 0xf6
[2026-07-07 13:15:27] Send self decision info: 0xa5 0x0e 0x00 0x00 0x37 0x01 0x03 0x21 0x01 0x6d 0x00 0x80 0x80 0x00 0x02 0x31 0x32 0x33 0x34 0x35 0x36 0x9d 0x8d
[2026-07-07 13:15:27] Preparing to send all location info: [ 7.10, 9.69 ], [ 0.00, 0.00 ], [ 2.40, 2.36 ], [ 12.92, 9.19 ], [ 0.50, 14.50 ], [ 7.03, 5.12 ], [ 0.00, 0.00 ], [ 17.74, 10.63 ], [ 19.90, 10.03 ], [ 18.17, 12.46 ], [ 27.50, 0.50 ], [ 13.58, 10.01 ]
[2026-07-07 13:15:27] Generated sentinel field info: 0xa5 0x36 0x00 0x00 0xcc 0x01 0x03 0x02 0x02 0x6d 0x00 0x6b 0x00 0x34 0x1d 0xe3 0x40 0x88 0xfe 0x1a 0x41 0x00 0x00 0x00 0x00 0x00 0x00 0x00 0x00 0x56 0x65 0x19 0x40 0x3d 0x0a 0x17 0x40 0x01 0xb6 0x4e 0x41 0x1c 0x14 0x13 0x41 0x00 0x00 0x00 0x3f 0x00 0x00 0x68 0x41 0x60 0xe1 0xe0 0x40 0x7b 0xf3 0xa3 0x40 0x5f 0x3c
[2026-07-07 13:15:27] Send self decision info: 0xa5 0x0e 0x00 0x00 0x37 0x01 0x03 0x21 0x01 0x6d 0x00 0x80 0x80 0x00 0x02 0x31 0x32 0x33 0x34 0x35 0x36 0x9d 0x8d
[2026-07-07 13:15:27] Generated sentinel field info: 0xa5 0x36 0x00 0x00 0xcc 0x01 0x03 0x02 0x02 0x6d 0x00 0x6b 0x00 0xc4 0x15 0xe3 0x40 0xd8 0x03 0x1b 0x41 0x00 0x00 0x00 0x00 0x00 0x00 0x00 0x00 0x56 0x65 0x19 0x40 0x3d 0x0a 0x17 0x40 0xf3 0x75 0x51 0x41 0xb9 0x65 0x11 0x41 0x00 0x00 0x00 0x3f 0x00 0x00 0x68 0x41 0x3c 0xb9 0xde 0x40 0xf9 0x59 0xa3 0x40 0x32 0x23
[2026-07-07 13:15:27] Send self decision info: 0xa5 0x0e 0x00 0x00 0x37 0x01 0x03 0x21 0x01 0x6d 0x00 0x80 0x80 0x00 0x02 0x31 0x32 0x33 0x34 0x35 0x36 0x9d 0x8d
[2026-07-07 13:15:27] Preparing to send all location info: [ 7.12, 9.69 ], [ 0.00, 0.00 ], [ 2.40, 2.36 ], [ 13.23, 9.03 ], [ 0.50, 14.50 ], [ 6.96, 5.10 ], [ 0.00, 0.00 ], [ 17.74, 10.63 ], [ 19.90, 10.03 ], [ 17.74, 12.45 ], [ 27.50, 0.50 ], [ 13.55, 10.00 ]
[2026-07-07 13:15:27] Generated sentinel field info: 0xa5 0x36 0x00 0x00 0xcc 0x01 0x03 0x02 0x02 0x6d 0x00 0x6b 0x00 0xd4 0xdf 0xe3 0x40 0x62 0x18 0x1b 0x41 0x00 0x00 0x00 0x00 0x00 0x00 0x00 0x00 0x56 0x65 0x19 0x40 0x3d 0x0a 0x17 0x40 0x50 0x9f 0x53 0x41 0x70 0x67 0x10 0x41 0x00 0x00 0x00 0x3f 0x00 0x00 0x68 0x41 0xe8 0xd6 0xde 0x40 0x14 0x29 0xa3 0x40 0x2e 0x75
[2026-07-07 13:15:27] Send self decision info: 0xa5 0x0e 0x00 0x00 0x37 0x01 0x03 0x21 0x01 0x6d 0x00 0x80 0x80 0x00 0x02 0x31 0x32 0x33 0x34 0x35 0x36 0x9d 0x8d
[2026-07-07 13:15:27] Send self decision info: 0xa5 0x0e 0x00 0x00 0x37 0x01 0x03 0x21 0x01 0x6d 0x00 0x80 0x80 0x00 0x02 0x31 0x32 0x33 0x34 0x35 0x36 0x9d 0x8d
[2026-07-07 13:15:27] Preparing to send all location info: [ 7.12, 9.69 ], [ 0.00, 0.00 ], [ 2.40, 2.36 ], [ 13.60, 8.97 ], [ 0.50, 14.50 ], [ 7.05, 5.09 ], [ 0.00, 0.00 ], [ 17.74, 10.63 ], [ 19.90, 10.03 ], [ 17.07, 12.41 ], [ 27.50, 0.50 ], [ 13.51, 9.99 ]
[2026-07-07 13:15:27] Generated sentinel field info: 0xa5 0x36 0x00 0x00 0xcc 0x01 0x03 0x02 0x02 0x6d 0x00 0x6b 0x00 0x3c 0xf6 0xe3 0x40 0x63 0x08 0x1b 0x41 0x00 0x00 0x00 0x00 0x00 0x00 0x00 0x00 0x56 0x65 0x19 0x40 0x3d 0x0a 0x17 0x40 0xb9 0xad 0x59 0x41 0x3f 0x7a 0x0f 0x41 0x00 0x00 0x00 0x3f 0x00 0x00 0x68 0x41 0x30 0x8a 0xe1 0x40 0x55 0xde 0xa2 0x40 0xdf 0xe6
[2026-07-07 13:15:28] Send self decision info: 0xa5 0x0e 0x00 0x00 0x37 0x01 0x03 0x21 0x01 0x6d 0x00 0x80 0x80 0x00 0x02 0x31 0x32 0x33 0x34 0x35 0x36 0x9d 0x8d
[2026-07-07 13:15:28] Send self decision info: 0xa5 0x0e 0x00 0x00 0x37 0x01 0x03 0x21 0x01 0x6d 0x00 0x80 0x80 0x00 0x02 0x31 0x32 0x33 0x34 0x35 0x36 0x9d 0x8d
[2026-07-07 13:15:28] Preparing to send all location info: [ 7.15, 9.70 ], [ 0.00, 0.00 ], [ 2.40, 2.36 ], [ 13.92, 8.94 ], [ 0.50, 14.50 ], [ 7.07, 5.09 ], [ 0.00, 0.00 ], [ 17.74, 10.63 ], [ 19.90, 10.03 ], [ 16.58, 12.38 ], [ 27.50, 0.50 ], [ 13.51, 9.99 ]
[2026-07-07 13:15:28] Generated sentinel field info: 0xa5 0x36 0x00 0x00 0xcc 0x01 0x03 0x02 0x02 0x6d 0x00 0x6b 0x00 0xd4 0xb8 0xe4 0x40 0x87 0x22 0x1b 0x41 0x00 0x00 0x00 0x00 0x00 0x00 0x00 0x00 0x56 0x65 0x19 0x40 0x3d 0x0a 0x17 0x40 0x81 0xb0 0x5e 0x41 0x44 0x18 0x0f 0x41 0x00 0x00 0x00 0x3f 0x00 0x00 0x68 0x41 0xa0 0x4d 0xe2 0x40 0x1f 0x00 0xa3 0x40 0x4e 0xa9
[2026-07-07 13:15:28] Send self decision info: 0xa5 0x0e 0x00 0x00 0x37 0x01 0x03 0x21 0x01 0x6d 0x00 0x80 0x80 0x00 0x02 0x31 0x32 0x33 0x34 0x35 0x36 0x9d 0x8d
[2026-07-07 13:15:28] Generated sentinel field info: 0xa5 0x36 0x00 0x00 0xcc 0x01 0x03 0x02 0x02 0x6d 0x00 0x6b 0x00 0x10 0xb9 0xe4 0x40 0x5c 0x22 0x1b 0x41 0x00 0x00 0x00 0x00 0x00 0x00 0x00 0x00 0x56 0x65 0x19 0x40 0x3d 0x0a 0x17 0x40 0xf3 0x01 0x60 0x41 0xf5 0x20 0x0f 0x41 0x00 0x00 0x00 0x3f 0x00 0x00 0x68 0x41 0x98 0x28 0xe3 0x40 0xe6 0xfb 0xa2 0x40 0xea 0xb5
[2026-07-07 13:15:28] Send self decision info: 0xa5 0x0e 0x00 0x00 0x37 0x01 0x03 0x21 0x01 0x6d 0x00 0x80 0x80 0x00 0x02 0x31 0x32 0x33 0x34 0x35 0x36 0x9d 0x8d
[2026-07-07 13:15:28] Preparing to send all location info: [ 7.15, 9.70 ], [ 0.00, 0.00 ], [ 2.40, 2.36 ], [ 13.98, 8.97 ], [ 0.50, 14.50 ], [ 7.03, 5.08 ], [ 0.00, 0.00 ], [ 17.74, 10.63 ], [ 19.90, 10.03 ], [ 16.01, 12.35 ], [ 27.50, 0.50 ], [ 13.52, 9.98 ]
[2026-07-07 13:15:28] Generated sentinel field info: 0xa5 0x36 0x00 0x00 0xcc 0x01 0x03 0x02 0x02 0x6d 0x00 0x6b 0x00 0x10 0xb6 0xe4 0x40 0x81 0x24 0x1b 0x41 0x00 0x00 0x00 0x00 0x00 0x00 0x00 0x00 0x56 0x65 0x19 0x40 0x3d 0x0a 0x17 0x40 0xf8 0xae 0x5f 0x41 0x65 0x7d 0x0f 0x41 0x00 0x00 0x00 0x3f 0x00 0x00 0x68 0x41 0xf0 0xcf 0xe0 0x40 0xf8 0xad 0xa2 0x40 0x34 0x42
[2026-07-07 13:15:28] Send self decision info: 0xa5 0x0e 0x00 0x00 0x37 0x01 0x03 0x21 0x01 0x6d 0x00 0x80 0x80 0x00 0x02 0x31 0x32 0x33 0x34 0x35 0x36 0x9d 0x8d
[2026-07-07 13:15:28] Generated sentinel field info: 0xa5 0x36 0x00 0x00 0xcc 0x01 0x03 0x02 0x02 0x6d 0x00 0x6b 0x00 0x1c 0xb6 0xe4 0x40 0x77 0x24 0x1b 0x41 0x00 0x00 0x00 0x00 0x00 0x00 0x00 0x00 0x56 0x65 0x19 0x40 0x3d 0x0a 0x17 0x40 0xf0 0xdb 0x5e 0x41 0x7a 0x68 0x10 0x41 0x00 0x00 0x00 0x3f 0x00 0x00 0x68 0x41 0x24 0x52 0xe1 0x40 0x59 0x3a 0xa3 0x40 0xa2 0x67
[2026-07-07 13:15:29] Send self decision info: 0xa5 0x0e 0x00 0x00 0x37 0x01 0x03 0x21 0x01 0x6d 0x00 0x80 0x80 0x00 0x02 0x31 0x32 0x33 0x34 0x35 0x36 0x9d 0x8d
[2026-07-07 13:15:29] Preparing to send all location info: [ 7.15, 9.70 ], [ 0.00, 0.00 ], [ 2.40, 2.36 ], [ 13.82, 9.06 ], [ 0.50, 14.50 ], [ 7.03, 5.11 ], [ 0.00, 0.00 ], [ 17.74, 10.63 ], [ 19.90, 10.03 ], [ 15.38, 12.28 ], [ 27.50, 0.50 ], [ 13.56, 9.99 ]
[2026-07-07 13:15:29] Generated sentinel field info: 0xa5 0x36 0x00 0x00 0xcc 0x01 0x03 0x02 0x02 0x6d 0x00 0x6b 0x00 0xa0 0xb4 0xe4 0x40 0x86 0x25 0x1b 0x41 0x00 0x00 0x00 0x00 0x00 0x00 0x00 0x00 0x56 0x65 0x19 0x40 0x3d 0x0a 0x17 0x40 0x16 0x11 0x5d 0x41 0x63 0xe8 0x10 0x41 0x00 0x00 0x00 0x3f 0x00 0x00 0x68 0x41 0x18 0x1b 0xe1 0x40 0xbc 0x94 0xa3 0x40 0x03 0x2d
[2026-07-07 13:15:29] Send self decision info: 0xa5 0x0e 0x00 0x00 0x37 0x01 0x03 0x21 0x01 0x6d 0x00 0x80 0x80 0x00 0x02 0x31 0x32 0x33 0x34 0x35 0x36 0x9d 0x8d
[2026-07-07 13:15:29] Generated sentinel field info: 0xa5 0x36 0x00 0x00 0xcc 0x01 0x03 0x02 0x02 0x6d 0x00 0x6b 0x00 0xac 0xba 0xe4 0x40 0x38 0x21 0x1b 0x41 0x00 0x00 0x00 0x00 0x00 0x00 0x00 0x00 0x56 0x65 0x19 0x40 0x3d 0x0a 0x17 0x40 0xf4 0xf3 0x5b 0x41 0x9b 0x67 0x11 0x41 0x00 0x00 0x00 0x3f 0x00 0x00 0x68 0x41 0xb8 0x48 0xe0 0x40 0x3d 0x8c 0xa3 0x40 0xfb 0xa1
[2026-07-07 13:15:29] Send self decision info: 0xa5 0x0e 0x00 0x00 0x37 0x01 0x03 0x21 0x01 0x6d 0x00 0x80 0x80 0x00 0x02 0x31 0x32 0x33 0x34 0x35 0x36 0x9d 0x8d
[2026-07-07 13:15:29] Preparing to send all location info: [ 7.15, 9.70 ], [ 0.00, 0.00 ], [ 2.40, 2.36 ], [ 13.66, 9.14 ], [ 0.50, 14.50 ], [ 7.02, 5.10 ], [ 0.00, 0.00 ], [ 17.74, 10.63 ], [ 19.90, 10.03 ], [ 14.96, 12.23 ], [ 27.50, 0.50 ], [ 13.55, 10.00 ]
[2026-07-07 13:15:29] Generated sentinel field info: 0xa5 0x36 0x00 0x00 0xcc 0x01 0x03 0x02 0x02 0x6d 0x00 0x6b 0x00 0xec 0xb2 0xe4 0x40 0xbd 0x26 0x1b 0x41 0x00 0x00 0x00 0x00 0x00 0x00 0x00 0x00 0x56 0x65 0x19 0x40 0x3d 0x0a 0x17 0x40 0xe7 0x7b 0x5a 0x41 0x83 0x4d 0x12 0x41 0x00 0x00 0x00 0x3f 0x00 0x00 0x68 0x41 0xe0 0x95 0xe0 0x40 0x68 0x0d 0xa3 0x40 0x4f 0x8a
[2026-07-07 13:15:29] Send self decision info: 0xa5 0x0e 0x00 0x00 0x37 0x01 0x03 0x21 0x01 0x6d 0x00 0x80 0x80 0x00 0x02 0x31 0x32 0x33 0x34 0x35 0x36 0x9d 0x8d
[2026-07-07 13:15:29] Generated sentinel field info: 0xa5 0x36 0x00 0x00 0xcc 0x01 0x03 0x02 0x02 0x6d 0x00 0x6b 0x00 0x54 0xc6 0xe4 0x40 0xe8 0x18 0x1b 0x41 0x00 0x00 0x00 0x00 0x00 0x00 0x00 0x00 0x56 0x65 0x19 0x40 0x3d 0x0a 0x17 0x40 0xf7 0x55 0x5a 0x41 0xce 0x36 0x13 0x41 0x00 0x00 0x00 0x3f 0x00 0x00 0x68 0x41 0xe4 0x8b 0xe1 0x40 0x8c 0xdb 0xa2 0x40 0x81 0xa7
[2026-07-07 13:15:29] Send self decision info: 0xa5 0x0e 0x00 0x00 0x37 0x01 0x03 0x21 0x01 0x6d 0x00 0x80 0x80 0x00 0x02 0x31 0x32 0x33 0x34 0x35 0x36 0x9d 0x8d
[2026-07-07 13:15:29] Preparing to send all location info: [ 7.15, 9.69 ], [ 0.00, 0.00 ], [ 2.40, 2.36 ], [ 13.67, 9.22 ], [ 0.50, 14.50 ], [ 7.02, 5.08 ], [ 0.00, 0.00 ], [ 17.74, 10.63 ], [ 19.90, 10.03 ], [ 14.58, 12.14 ], [ 27.50, 0.50 ], [ 13.51, 9.99 ]
[2026-07-07 13:15:29] Generated sentinel field info: 0xa5 0x36 0x00 0x00 0xcc 0x01 0x03 0x02 0x02 0x6d 0x00 0x6b 0x00 0xfc 0xd8 0xe4 0x40 0x9b 0x0b 0x1b 0x41 0x00 0x00 0x00 0x00 0x00 0x00 0x00 0x00 0x56 0x65 0x19 0x40 0x3d 0x0a 0x17 0x40 0xae 0xc8 0x5a 0x41 0x4d 0x75 0x13 0x41 0x00 0x00 0x00 0x3f 0x00 0x00 0x68 0x41 0x00 0xcc 0xe0 0x40 0x6f 0xb4 0xa2 0x40 0x19 0x53
[2026-07-07 13:15:30] Send self decision info: 0xa5 0x0e 0x00 0x00 0x37 0x01 0x03 0x21 0x01 0x6d 0x00 0x80 0x80 0x00 0x02 0x31 0x32 0x33 0x34 0x35 0x36 0x9d 0x8d
[2026-07-07 13:15:30] Generated sentinel field info: 0xa5 0x36 0x00 0x00 0xcc 0x01 0x03 0x02 0x02 0x6d 0x00 0x6b 0x00 0x30 0xd2 0xe4 0x40 0x75 0x10 0x1b 0x41 0x00 0x00 0x00 0x00 0x00 0x00 0x00 0x00 0x56 0x65 0x19 0x40 0x3d 0x0a 0x17 0x40 0x8f 0xc0 0x5b 0x41 0x7f 0x1f 0x13 0x41 0x00 0x00 0x00 0x3f 0x00 0x00 0x68 0x41 0x64 0x34 0xe2 0x40 0x7f 0x29 0xa3 0x40 0x81 0xe1
[2026-07-07 13:15:30] Send self decision info: 0xa5 0x0e 0x00 0x00 0x37 0x01 0x03 0x21 0x01 0x6d 0x00 0x80 0x80 0x00 0x02 0x31 0x32 0x33 0x34 0x35 0x36 0x9d 0x8d
[2026-07-07 13:15:30] Preparing to send all location info: [ 7.15, 9.69 ], [ 0.00, 0.00 ], [ 2.40, 2.36 ], [ 13.79, 9.18 ], [ 0.50, 14.50 ], [ 6.99, 5.09 ], [ 0.00, 0.00 ], [ 17.74, 10.63 ], [ 19.90, 10.03 ], [ 14.10, 12.12 ], [ 27.50, 0.50 ], [ 13.51, 10.00 ]
[2026-07-07 13:15:30] Generated sentinel field info: 0xa5 0x36 0x00 0x00 0xcc 0x01 0x03 0x02 0x02 0x6d 0x00 0x6b 0x00 0x04 0xc4 0xe4 0x40 0x8f 0x1a 0x1b 0x41 0x00 0x00 0x00 0x00 0x00 0x00 0x00 0x00 0x56 0x65 0x19 0x40 0x3d 0x0a 0x17 0x40 0x08 0xb5 0x5c 0x41 0x2d 0xce 0x12 0x41 0x00 0x00 0x00 0x3f 0x00 0x00 0x68 0x41 0x74 0xd1 0xdf 0x40 0x66 0xee 0xa2 0x40 0x86 0xf2
[2026-07-07 13:15:30] Send self decision info: 0xa5 0x0e 0x00 0x00 0x37 0x01 0x03 0x21 0x01 0x6d 0x00 0x80 0x80 0x00 0x02 0x31 0x32 0x33 0x34 0x35 0x36 0x9d 0x8d
[2026-07-07 13:15:30] Generated sentinel field info: 0xa5 0x36 0x00 0x00 0xcc 0x01 0x03 0x02 0x02 0x6d 0x00 0x6b 0x00 0x9c 0xbd 0xe4 0x40 0x20 0x1f 0x1b 0x41 0x00 0x00 0x00 0x00 0x00 0x00 0x00 0x00 0x56 0x65 0x19 0x40 0x3d 0x0a 0x17 0x40 0xf2 0xff 0x5c 0x41 0x24 0x3a 0x13 0x41 0x00 0x00 0x00 0x3f 0x00 0x00 0x68 0x41 0x4c 0x36 0xe1 0x40 0x0d 0x68 0xa3 0x40 0x00 0x14
[2026-07-07 13:15:30] Send self decision info: 0xa5 0x0e 0x00 0x00 0x37 0x01 0x03 0x21 0x01 0x6d 0x00 0x80 0x80 0x00 0x02 0x31 0x32 0x33 0x34 0x35 0x36 0x9d 0x8d
[2026-07-07 13:15:30] Preparing to send all location info: [ 7.15, 9.69 ], [ 0.00, 0.00 ], [ 2.40, 2.36 ], [ 13.76, 9.22 ], [ 0.50, 14.50 ], [ 7.01, 5.11 ], [ 0.00, 0.00 ], [ 17.74, 10.63 ], [ 19.90, 10.03 ], [ 13.77, 12.18 ], [ 27.50, 0.50 ], [ 13.53, 10.02 ]
[2026-07-07 13:15:30] Generated sentinel field info: 0xa5 0x36 0x00 0x00 0xcc 0x01 0x03 0x02 0x02 0x6d 0x00 0x6b 0x00 0xc8 0xbf 0xe4 0x40 0x94 0x1d 0x1b 0x41 0x00 0x00 0x00 0x00 0x00 0x00 0x00 0x00 0x56 0x65 0x19 0x40 0x3d 0x0a 0x17 0x40 0x1c 0x1f 0x5c 0x41 0x2f 0x75 0x13 0x41 0x00 0x00 0x00 0x3f 0x00 0x00 0x68 0x41 0x28 0x48 0xe0 0x40 0x2b 0x8d 0xa3 0x40 0xe6 0x02
[2026-07-07 13:15:30] Send self decision info: 0xa5 0x0e 0x00 0x00 0x37 0x01 0x03 0x21 0x01 0x6d 0x00 0x80 0x80 0x00 0x02 0x31 0x32 0x33 0x34 0x35 0x36 0x9d 0x8d
[2026-07-07 13:15:30] Generated sentinel field info: 0xa5 0x36 0x00 0x00 0xcc 0x01 0x03 0x02 0x02 0x6d 0x00 0x6b 0x00 0xc4 0xcd 0xe4 0x40 0x9b 0x13 0x1b 0x41 0x00 0x00 0x00 0x00 0x00 0x00 0x00 0x00 0x56 0x65 0x19 0x40 0x3d 0x0a 0x17 0x40 0xcb 0xaf 0x5a 0x41 0x1b 0x91 0x13 0x41 0x00 0x00 0x00 0x3f 0x00 0x00 0x68 0x41 0x78 0xaf 0xdf 0x40 0x53 0x26 0xa3 0x40 0x29 0xd6
[2026-07-07 13:15:31] Send self decision info: 0xa5 0x0e 0x00 0x00 0x37 0x01 0x03 0x21 0x01 0x6d 0x00 0x80 0x80 0x00 0x02 0x31 0x32 0x33 0x34 0x35 0x36 0x9d 0x8d
[2026-07-07 13:15:31] Preparing to send all location info: [ 7.15, 9.69 ], [ 0.00, 0.00 ], [ 2.40, 2.36 ], [ 13.57, 9.23 ], [ 0.50, 14.50 ], [ 6.97, 5.09 ], [ 0.00, 0.00 ], [ 17.74, 10.63 ], [ 19.90, 10.03 ], [ 13.40, 12.24 ], [ 27.50, 0.50 ], [ 13.48, 10.03 ]
[2026-07-07 13:15:31] Generated sentinel field info: 0xa5 0x36 0x00 0x00 0xcc 0x01 0x03 0x02 0x02 0x6d 0x00 0x6b 0x00 0xa8 0xd1 0xe4 0x40 0xd5 0x10 0x1b 0x41 0x00 0x00 0x00 0x00 0x00 0x00 0x00 0x00 0x56 0x65 0x19 0x40 0x3d 0x0a 0x17 0x40 0x03 0x2f 0x59 0x41 0x84 0xc2 0x13 0x41 0x00 0x00 0x00 0x3f 0x00 0x00 0x68 0x41 0x5c 0x09 0xdf 0x40 0xf8 0xd5 0xa2 0x40 0x68 0x87
[2026-07-07 13:15:31] Send self decision info: 0xa5 0x0e 0x00 0x00 0x37 0x01 0x03 0x21 0x01 0x6d 0x00 0x80 0x80 0x00 0x02 0x31 0x32 0x33 0x34 0x35 0x36 0x9d 0x8d
[2026-07-07 13:15:31] Send self decision info: 0xa5 0x0e 0x00 0x00 0x37 0x01 0x03 0x21 0x01 0x6d 0x00 0x80 0x80 0x00 0x02 0x31 0x32 0x33 0x34 0x35 0x36 0x9d 0x8d
[2026-07-07 13:15:31] Preparing to send all location info: [ 7.15, 9.69 ], [ 0.00, 0.00 ], [ 2.40, 2.36 ], [ 13.35, 9.26 ], [ 0.50, 14.50 ], [ 7.02, 5.09 ], [ 0.00, 0.00 ], [ 17.74, 10.63 ], [ 19.90, 10.03 ], [ 13.15, 12.36 ], [ 27.50, 0.50 ], [ 13.47, 10.09 ]
[2026-07-07 13:15:31] Generated sentinel field info: 0xa5 0x36 0x00 0x00 0xcc 0x01 0x03 0x02 0x02 0x6d 0x00 0x6b 0x00 0xe0 0xbe 0xe4 0x40 0x37 0x1e 0x1b 0x41 0x00 0x00 0x00 0x00 0x00 0x00 0x00 0x00 0x56 0x65 0x19 0x40 0x3d 0x0a 0x17 0x40 0x89 0x98 0x55 0x41 0xe7 0x15 0x14 0x41 0x00 0x00 0x00 0x3f 0x00 0x00 0x68 0x41 0xc4 0xbe 0xe0 0x40 0x33 0xca 0xa2 0x40 0x91 0x00
[2026-07-07 13:15:31] Send self decision info: 0xa5 0x0e 0x00 0x00 0x37 0x01 0x03 0x21 0x01 0x6d 0x00 0x80 0x80 0x00 0x02 0x31 0x32 0x33 0x34 0x35 0x36 0x9d 0x8d
[2026-07-07 13:15:31] Generated sentinel field info: 0xa5 0x36 0x00 0x00 0xcc 0x01 0x03 0x02 0x02 0x6d 0x00 0x6b 0x00 0x54 0xc4 0xe4 0x40 0x54 0x1a 0x1b 0x41 0x00 0x00 0x00 0x00 0x00 0x00 0x00 0x00 0x56 0x65 0x19 0x40 0x3d 0x0a 0x17 0x40 0x6f 0x66 0x52 0x41 0xe6 0xbf 0x14 0x41 0x00 0x00 0x00 0x3f 0x00 0x00 0x68 0x41 0xac 0xdf 0xe2 0x40 0x59 0x73 0xa3 0x40 0x95 0x7b
[2026-07-07 13:15:31] Send self decision info: 0xa5 0x0e 0x00 0x00 0x37 0x01 0x03 0x21 0x01 0x6d 0x00 0x80 0x80 0x00 0x02 0x31 0x32 0x33 0x34 0x35 0x36 0x9d 0x8d
[2026-07-07 13:15:31] Preparing to send all location info: [ 7.15, 9.70 ], [ 0.00, 0.00 ], [ 2.40, 2.36 ], [ 13.03, 9.35 ], [ 0.50, 14.50 ], [ 7.09, 5.10 ], [ 0.00, 0.00 ], [ 17.74, 10.63 ], [ 19.90, 10.03 ], [ 13.16, 12.40 ], [ 27.50, 0.50 ], [ 13.48, 10.17 ]
[2026-07-07 13:15:31] Generated sentinel field info: 0xa5 0x36 0x00 0x00 0xcc 0x01 0x03 0x02 0x02 0x6d 0x00 0x6b 0x00 0x98 0xbd 0xe4 0x40 0x23 0x1f 0x1b 0x41 0x00 0x00 0x00 0x00 0x00 0x00 0x00 0x00 0x56 0x65 0x19 0x40 0x3d 0x0a 0x17 0x40 0x57 0x6c 0x50 0x41 0xb3 0x86 0x15 0x41 0x00 0x00 0x00 0x3f 0x00 0x00 0x68 0x41 0x14 0xfa 0xe2 0x40 0x17 0x48 0xa3 0x40 0xda 0x10
[2026-07-07 13:15:32] Send self decision info: 0xa5 0x0e 0x00 0x00 0x37 0x01 0x03 0x21 0x01 0x6d 0x00 0x80 0x80 0x00 0x02 0x31 0x32 0x33 0x34 0x35 0x36 0x9d 0x8d
[2026-07-07 13:15:32] Send self decision info: 0xa5 0x0e 0x00 0x00 0x37 0x01 0x03 0x21 0x01 0x6d 0x00 0x80 0x80 0x00 0x02 0x31 0x32 0x33 0x34 0x35 0x36 0x9d 0x8d
[2026-07-07 13:15:32] Preparing to send all location info: [ 7.15, 9.69 ], [ 0.00, 0.00 ], [ 2.40, 2.36 ], [ 12.67, 9.57 ], [ 0.50, 14.50 ], [ 7.03, 5.12 ], [ 0.00, 0.00 ], [ 17.74, 10.63 ], [ 19.90, 10.03 ], [ 13.49, 12.28 ], [ 27.50, 0.50 ], [ 13.53, 10.25 ]
[2026-07-07 13:15:32] Generated sentinel field info: 0xa5 0x36 0x00 0x00 0xcc 0x01 0x03 0x02 0x02 0x6d 0x00 0x6b 0x00 0x6c 0xc3 0xe4 0x40 0xfb 0x1a 0x1b 0x41 0x00 0x00 0x00 0x00 0x00 0x00 0x00 0x00 0x56 0x65 0x19 0x40 0x3d 0x0a 0x17 0x40 0x99 0xae 0x4a 0x41 0xcf 0x28 0x19 0x41 0x00 0x00 0x00 0x3f 0x00 0x00 0x68 0x41 0x70 0xf1 0xe0 0x40 0x1e 0xd9 0xa3 0x40 0x78 0x0a
[2026-07-07 13:15:32] Send self decision info: 0xa5 0x0e 0x00 0x00 0x37 0x01 0x03 0x21 0x01 0x6d 0x00 0x80 0x80 0x00 0x02 0x31 0x32 0x33 0x34 0x35 0x36 0x9d 0x8d
[2026-07-07 13:15:32] Generated sentinel field info: 0xa5 0x36 0x00 0x00 0xcc 0x01 0x03 0x02 0x02 0x6d 0x00 0x6b 0x00 0x3c 0xc5 0xe4 0x40 0xae 0x19 0x1b 0x41 0x00 0x00 0x00 0x00 0x00 0x00 0x00 0x00 0x56 0x65 0x19 0x40 0x3d 0x0a 0x17 0x40 0xce 0xb4 0x48 0x41 0xb8 0xb2 0x1a 0x41 0x00 0x00 0x00 0x3f 0x00 0x00 0x68 0x41 0xa0 0xeb 0xe0 0x40 0xab 0xe2 0xa3 0x40 0x60 0x08
[2026-07-07 13:15:32] Send self decision info: 0xa5 0x0e 0x00 0x00 0x37 0x01 0x03 0x21 0x01 0x6d 0x00 0x80 0x80 0x00 0x02 0x31 0x32 0x33 0x34 0x35 0x36 0x9d 0x8d
[2026-07-07 13:15:32] Preparing to send all location info: [ 7.15, 9.69 ], [ 0.00, 0.00 ], [ 2.40, 2.36 ], [ 12.46, 9.81 ], [ 0.50, 14.50 ], [ 7.01, 5.11 ], [ 0.00, 0.00 ], [ 17.74, 10.63 ], [ 19.90, 10.03 ], [ 13.85, 12.19 ], [ 27.50, 0.50 ], [ 13.57, 10.35 ]
[2026-07-07 13:15:32] Generated sentinel field info: 0xa5 0x36 0x00 0x00 0xcc 0x01 0x03 0x02 0x02 0x6d 0x00 0x6b 0x00 0xe8 0xbf 0xe4 0x40 0x7b 0x1d 0x1b 0x41 0x00 0x00 0x00 0x00 0x00 0x00 0x00 0x00 0x56 0x65 0x19 0x40 0x3d 0x0a 0x17 0x40 0x65 0x5d 0x47 0x41 0x32 0xf5 0x1c 0x41 0x00 0x00 0x00 0x3f 0x00 0x00 0x68 0x41 0xa4 0x47 0xe0 0x40 0xff 0x8d 0xa3 0x40 0xac 0xf2
[2026-07-07 13:15:32] Send self decision info: 0xa5 0x0e 0x00 0x00 0x37 0x01 0x03 0x21 0x01 0x6d 0x00 0x80 0x80 0x00 0x02 0x31 0x32 0x33 0x34 0x35 0x36 0x9d 0x8d
[2026-07-07 13:15:32] Generated sentinel field info: 0xa5 0x36 0x00 0x00 0xcc 0x01 0x03 0x02 0x02 0x6d 0x00 0x6b 0x00 0x84 0xc3 0xe4 0x40 0xea 0x1a 0x1b 0x41 0x00 0x00 0x00 0x00 0x00 0x00 0x00 0x00 0x56 0x65 0x19 0x40 0x3d 0x0a 0x17 0x40 0xab 0x3c 0x45 0x41 0xf1 0x64 0x1f 0x41 0x00 0x00 0x00 0x3f 0x00 0x00 0x68 0x41 0x4c 0x40 0xde 0x40 0xa9 0xbf 0xa2 0x40 0xec 0x8a
[2026-07-07 13:15:33] Send self decision info: 0xa5 0x0e 0x00 0x00 0x37 0x01 0x03 0x21 0x01 0x6d 0x00 0x80 0x80 0x00 0x02 0x31 0x32 0x33 0x34 0x35 0x36 0x9d 0x8d
[2026-07-07 13:15:33] Preparing to send all location info: [ 7.15, 9.69 ], [ 0.00, 0.00 ], [ 2.40, 2.36 ], [ 12.23, 10.12 ], [ 0.50, 14.50 ], [ 7.02, 5.10 ], [ 0.00, 0.00 ], [ 17.74, 10.63 ], [ 19.90, 10.03 ], [ 13.91, 12.12 ], [ 27.50, 0.50 ], [ 13.55, 10.46 ]
[2026-07-07 13:15:33] Generated sentinel field info: 0xa5 0x36 0x00 0x00 0xcc 0x01 0x03 0x02 0x02 0x6d 0x00 0x6b 0x00 0x90 0xbf 0xe4 0x40 0xbc 0x1d 0x1b 0x41 0x00 0x00 0x00 0x00 0x00 0x00 0x00 0x00 0x56 0x65 0x19 0x40 0x3d 0x0a 0x17 0x40 0x0d 0xa6 0x43 0x41 0x8c 0xed 0x21 0x41 0x00 0x00 0x00 0x3f 0x00 0x00 0x68 0x41 0x48 0x8e 0xe0 0x40 0xe3 0x19 0xa3 0x40 0x70 0x22
[2026-07-07 13:15:33] Send self decision info: 0xa5 0x0e 0x00 0x00 0x37 0x01 0x03 0x21 0x01 0x6d 0x00 0x80 0x80 0x00 0x02 0x31 0x32 0x33 0x34 0x35 0x36 0x9d 0x8d
[2026-07-07 13:15:33] Send self decision info: 0xa5 0x0e 0x00 0x00 0x37 0x01 0x03 0x21 0x01 0x6d 0x00 0x80 0x80 0x00 0x02 0x31 0x32 0x33 0x34 0x35 0x36 0x9d 0x8d
[2026-07-07 13:15:33] Preparing to send all location info: [ 7.15, 9.69 ], [ 0.00, 0.00 ], [ 2.40, 2.36 ], [ 12.18, 10.40 ], [ 0.50, 14.50 ], [ 7.06, 5.11 ], [ 0.00, 0.00 ], [ 17.74, 10.63 ], [ 19.90, 10.03 ], [ 13.70, 12.11 ], [ 27.50, 0.50 ], [ 13.31, 10.45 ]
[2026-07-07 13:15:33] Generated sentinel field info: 0xa5 0x36 0x00 0x00 0xcc 0x01 0x03 0x02 0x02 0x6d 0x00 0x6b 0x00 0x28 0xc0 0xe4 0x40 0x4f 0x1d 0x1b 0x41 0x00 0x00 0x00 0x00 0x00 0x00 0x00 0x00 0x56 0x65 0x19 0x40 0x3d 0x0a 0x17 0x40 0xea 0xe7 0x42 0x41 0xb6 0x56 0x26 0x41 0x00 0x00 0x00 0x3f 0x00 0x00 0x68 0x41 0x88 0x13 0xe2 0x40 0x64 0x5f 0xa3 0x40 0x36 0x8a
[2026-07-07 13:15:33] Send self decision info: 0xa5 0x0e 0x00 0x00 0x37 0x01 0x03 0x21 0x01 0x6d 0x00 0x80 0x80 0x00 0x02 0x31 0x32 0x33 0x34 0x35 0x36 0x9d 0x8d
[2026-07-07 13:15:33] Generated sentinel field info: 0xa5 0x36 0x00 0x00 0xcc 0x01 0x03 0x02 0x02 0x6d 0x00 0x6b 0x00 0x28 0xc6 0xe4 0x40 0x07 0x19 0x1b 0x41 0x00 0x00 0x00 0x00 0x00 0x00 0x00 0x00 0x56 0x65 0x19 0x40 0x3d 0x0a 0x17 0x40 0xef 0x50 0x42 0x41 0x11 0x23 0x29 0x41 0x00 0x00 0x00 0x3f 0x00 0x00 0x68 0x41 0xd4 0x47 0xe1 0x40 0x4a 0x4b 0xa3 0x40 0x9a 0xa2
[2026-07-07 13:15:33] Send self decision info: 0xa5 0x0e 0x00 0x00 0x37 0x01 0x03 0x21 0x01 0x6d 0x00 0x80 0x80 0x00 0x02 0x31 0x32 0x33 0x34 0x35 0x36 0x9d 0x8d
[2026-07-07 13:15:33] Preparing to send all location info: [ 7.15, 9.70 ], [ 0.00, 0.00 ], [ 2.40, 2.36 ], [ 12.21, 10.63 ], [ 0.50, 14.50 ], [ 7.04, 5.11 ], [ 0.00, 0.00 ], [ 17.74, 10.63 ], [ 19.90, 10.03 ], [ 13.52, 12.08 ], [ 27.50, 0.50 ], [ 13.91, 10.58 ]
[2026-07-07 13:15:34] Send self decision info: 0xa5 0x0e 0x00 0x00 0x37 0x01 0x03 0x21 0x01 0x6d 0x00 0x80 0x80 0x00 0x02 0x31 0x32 0x33 0x34 0x35 0x36 0x9d 0x8d
[2026-07-07 13:15:34] Generated sentinel field info: 0xa5 0x36 0x00 0x00 0xcc 0x01 0x03 0x02 0x02 0x6d 0x00 0x6b 0x00 0x38 0xc2 0xe4 0x40 0xd5 0x1b 0x1b 0x41 0x00 0x00 0x00 0x00 0x00 0x00 0x00 0x00 0x56 0x65 0x19 0x40 0x3d 0x0a 0x17 0x40 0x39 0x90 0x43 0x41 0xb1 0xdb 0x29 0x41 0x00 0x00 0x00 0x3f 0x00 0x00 0x68 0x41 0x14 0xf7 0xe0 0x40 0xd8 0xcf 0xa3 0x40 0x15 0x8c
[2026-07-07 13:15:34] Send self decision info: 0xa5 0x0e 0x00 0x00 0x37 0x01 0x03 0x21 0x01 0x6d 0x00 0x80 0x80 0x00 0x02 0x31 0x32 0x33 0x34 0x35 0x36 0x9d 0x8d
[2026-07-07 13:15:34] Preparing to send all location info: [ 7.15, 9.69 ], [ 0.00, 0.00 ], [ 2.40, 2.36 ], [ 12.33, 10.58 ], [ 0.50, 14.50 ], [ 7.01, 5.11 ], [ 0.00, 0.00 ], [ 17.74, 10.63 ], [ 19.90, 10.03 ], [ 13.47, 12.07 ], [ 27.50, 0.50 ], [ 14.09, 10.66 ]
[2026-07-07 13:15:34] Generated sentinel field info: 0xa5 0x36 0x00 0x00 0xcc 0x01 0x03 0x02 0x02 0x6d 0x00 0x6b 0x00 0x98 0xc6 0xe4 0x40 0xb8 0x18 0x1b 0x41 0x00 0x00 0x00 0x00 0x00 0x00 0x00 0x00 0x56 0x65 0x19 0x40 0x3d 0x0a 0x17 0x40 0x7a 0x4b 0x45 0x41 0x6c 0x55 0x29 0x41 0x00 0x00 0x00 0x3f 0x00 0x00 0x68 0x41 0x08 0x3d 0xe0 0x40 0x70 0x9f 0xa3 0x40 0x4d 0xe6
[2026-07-07 13:15:34] Send self decision info: 0xa5 0x0e 0x00 0x00 0x37 0x01 0x03 0x21 0x01 0x6d 0x00 0x80 0x80 0x00 0x02 0x31 0x32 0x33 0x34 0x35 0x36 0x9d 0x8d
[2026-07-07 13:15:34] Generated sentinel field info: 0xa5 0x36 0x00 0x00 0xcc 0x01 0x03 0x02 0x02 0x6d 0x00 0x6b 0x00 0xb8 0xc5 0xe4 0x40 0x56 0x19 0x1b 0x41 0x00 0x00 0x00 0x00 0x00 0x00 0x00 0x00 0x56 0x65 0x19 0x40 0x3d 0x0a 0x17 0x40 0x00 0x28 0x46 0x41 0x71 0x14 0x29 0x41 0x00 0x00 0x00 0x3f 0x00 0x00 0x68 0x41 0x74 0xac 0xdf 0x40 0x49 0x2b 0xa3 0x40 0x68 0xcd
[2026-07-07 13:15:34] Send self decision info: 0xa5 0x0e 0x00 0x00 0x37 0x01 0x03 0x21 0x01 0x6d 0x00 0x80 0x80 0x00 0x02 0x31 0x32 0x33 0x34 0x35 0x36 0x9d 0x8d
[2026-07-07 13:15:34] Preparing to send all location info: [ 7.15, 9.69 ], [ 0.00, 0.00 ], [ 2.40, 2.36 ], [ 12.48, 10.50 ], [ 0.50, 14.50 ], [ 7.02, 5.10 ], [ 0.00, 0.00 ], [ 17.74, 10.63 ], [ 19.90, 10.03 ], [ 13.63, 12.00 ], [ 27.50, 0.50 ], [ 14.17, 10.67 ]
[2026-07-07 13:15:34] Generated sentinel field info: 0xa5 0x36 0x00 0x00 0xcc 0x01 0x03 0x02 0x02 0x6d 0x00 0x6b 0x00 0x88 0xc6 0xe4 0x40 0xc4 0x18 0x1b 0x41 0x00 0x00 0x00 0x00 0x00 0x00 0x00 0x00 0x56 0x65 0x19 0x40 0x3d 0x0a 0x17 0x40 0xd1 0xb2 0x47 0x41 0x0e 0x11 0x28 0x41 0x00 0x00 0x00 0x3f 0x00 0x00 0x68 0x41 0xf4 0x87 0xe0 0x40 0x4a 0x24 0xa3 0x40 0x3c 0x06
[2026-07-07 13:15:34] Send self decision info: 0xa5 0x0e 0x00 0x00 0x37 0x01 0x03 0x21 0x01 0x6d 0x00 0x80 0x80 0x00 0x02 0x31 0x32 0x33 0x34 0x35 0x36 0x9d 0x8d
[2026-07-07 13:15:35] Send self decision info: 0xa5 0x0e 0x00 0x00 0x37 0x01 0x03 0x21 0x01 0x6d 0x00 0x80 0x80 0x00 0x02 0x31 0x32 0x33 0x34 0x35 0x36 0x9d 0x8d
[2026-07-07 13:15:35] Preparing to send all location info: [ 7.15, 9.70 ], [ 0.00, 0.00 ], [ 2.40, 2.36 ], [ 12.48, 10.50 ], [ 0.50, 14.50 ], [ 7.06, 5.11 ], [ 0.00, 0.00 ], [ 17.74, 10.63 ], [ 19.90, 10.03 ], [ 13.78, 11.98 ], [ 27.50, 0.50 ], [ 13.24, 10.30 ]
[2026-07-07 13:15:35] Generated sentinel field info: 0xa5 0x36 0x00 0x00 0xcc 0x01 0x03 0x02 0x02 0x6d 0x00 0x6b 0x00 0x94 0xae 0xe4 0x40 0xd8 0x29 0x1b 0x41 0x00 0x00 0x00 0x00 0x00 0x00 0x00 0x00 0x56 0x65 0x19 0x40 0x3d 0x0a 0x17 0x40 0xd1 0xb2 0x47 0x41 0x0e 0x11 0x28 0x41 0x00 0x00 0x00 0x3f 0x00 0x00 0x68 0x41 0x6c 0x04 0xe2 0x40 0x2a 0x78 0xa3 0x40 0xb8 0x92
[2026-07-07 13:15:35] Send self decision info: 0xa5 0x0e 0x00 0x00 0x37 0x01 0x03 0x21 0x01 0x6d 0x00 0x80 0x80 0x00 0x02 0x31 0x32 0x33 0x34 0x35 0x36 0x9d 0x8d
[2026-07-07 13:15:35] Generated sentinel field info: 0xa5 0x36 0x00 0x00 0xcc 0x01 0x03 0x02 0x02 0x6d 0x00 0x6b 0x00 0x2c 0xb9 0xe4 0x40 0x48 0x22 0x1b 0x41 0x00 0x00 0x00 0x00 0x00 0x00 0x00 0x00 0x56 0x65 0x19 0x40 0x3d 0x0a 0x17 0x40 0xd9 0xdd 0x4c 0x41 0x8f 0x73 0x24 0x41 0x00 0x00 0x00 0x3f 0x00 0x00 0x68 0x41 0x1c 0x03 0xdf 0x40 0x40 0xe0 0xa2 0x40 0x2a 0x7f
[2026-07-07 13:15:35] Send self decision info: 0xa5 0x0e 0x00 0x00 0x37 0x01 0x03 0x21 0x01 0x6d 0x00 0x80 0x80 0x00 0x02 0x31 0x32 0x33 0x34 0x35 0x36 0x9d 0x8d
[2026-07-07 13:15:35] Preparing to send all location info: [ 7.14, 9.70 ], [ 0.00, 0.00 ], [ 2.40, 2.36 ], [ 12.95, 10.20 ], [ 0.50, 14.50 ], [ 6.98, 5.12 ], [ 0.00, 0.00 ], [ 17.74, 10.63 ], [ 19.90, 10.03 ], [ 13.80, 11.97 ], [ 27.50, 0.50 ], [ 14.45, 10.66 ]
[2026-07-07 13:15:35] Generated sentinel field info: 0xa5 0x36 0x00 0x00 0xcc 0x01 0x03 0x02 0x02 0x6d 0x00 0x6b 0x00 0x18 0xa2 0xe4 0x40 0xbe 0x32 0x1b 0x41 0x00 0x00 0x00 0x00 0x00 0x00 0x00 0x00 0x56 0x65 0x19 0x40 0x3d 0x0a 0x17 0x40 0x99 0x38 0x4f 0x41 0x5c 0x47 0x23 0x41 0x00 0x00 0x00 0x3f 0x00 0x00 0x68 0x41 0xb8 0x51 0xdf 0x40 0x9c 0xc0 0xa3 0x40 0x91 0x31
[2026-07-07 13:15:35] Send self decision info: 0xa5 0x0e 0x00 0x00 0x37 0x01 0x03 0x21 0x01 0x6d 0x00 0x80 0x80 0x00 0x02 0x31 0x32 0x33 0x34 0x35 0x36 0x9d 0x8d
[2026-07-07 13:15:35] Generated sentinel field info: 0xa5 0x36 0x00 0x00 0xcc 0x01 0x03 0x02 0x02 0x6d 0x00 0x6b 0x00 0x60 0xbe 0xe4 0x40 0x94 0x1e 0x1b 0x41 0x00 0x00 0x00 0x00 0x00 0x00 0x00 0x00 0x56 0x65 0x19 0x40 0x3d 0x0a 0x17 0x40 0x13 0xb1 0x51 0x41 0xb3 0xfd 0x21 0x41 0x00 0x00 0x00 0x3f 0x00 0x00 0x68 0x41 0xb8 0xda 0xe0 0x40 0x69 0xfe 0xa3 0x40 0x12 0x32
[2026-07-07 13:15:35] Send self decision info: 0xa5 0x0e 0x00 0x00 0x37 0x01 0x03 0x21 0x01 0x6d 0x00 0x80 0x80 0x00 0x02 0x31 0x32 0x33 0x34 0x35 0x36 0x9d 0x8d
[2026-07-07 13:15:35] Preparing to send all location info: [ 7.15, 9.69 ], [ 0.00, 0.00 ], [ 2.40, 2.36 ], [ 13.29, 10.06 ], [ 0.50, 14.50 ], [ 6.98, 5.12 ], [ 0.00, 0.00 ], [ 17.74, 10.63 ], [ 19.90, 10.03 ], [ 13.68, 12.00 ], [ 27.50, 0.50 ], [ 14.58, 10.61 ]
[2026-07-07 13:15:35] Generated sentinel field info: 0xa5 0x36 0x00 0x00 0xcc 0x01 0x03 0x02 0x02 0x6d 0x00 0x6b 0x00 0xdc 0xd6 0xe4 0x40 0x20 0x0d 0x1b 0x41 0x00 0x00 0x00 0x00 0x00 0x00 0x00 0x00 0x56 0x65 0x19 0x40 0x3d 0x0a 0x17 0x40 0x96 0x92 0x54 0x41 0xe9 0xfe 0x20 0x41 0x00 0x00 0x00 0x3f 0x00 0x00 0x68 0x41 0xc4 0x45 0xdf 0x40 0x44 0xd4 0xa3 0x40 0x1f 0x24
[2026-07-07 13:15:36] Send self decision info: 0xa5 0x0e 0x00 0x00 0x37 0x01 0x03 0x21 0x01 0x6d 0x00 0x80 0x80 0x00 0x02 0x31 0x32 0x33 0x34 0x35 0x36 0x9d 0x8d
[2026-07-07 13:15:36] Generated sentinel field info: 0xa5 0x36 0x00 0x00 0xcc 0x01 0x03 0x02 0x02 0x6d 0x00 0x6b 0x00 0x60 0xcf 0xe4 0x40 0x76 0x12 0x1b 0x41 0x00 0x00 0x00 0x00 0x00 0x00 0x00 0x00 0x56 0x65 0x19 0x40 0x3d 0x0a 0x17 0x40 0xcc 0xcf 0x56 0x41 0xd3 0xfe 0x1f 0x41 0x00 0x00 0x00 0x3f 0x00 0x00 0x68 0x41 0xfc 0xb4 0xde 0x40 0xfd 0x60 0xa3 0x40 0x71 0x81
[2026-07-07 13:15:36] Send self decision info: 0xa5 0x0e 0x00 0x00 0x37 0x01 0x03 0x21 0x01 0x6d 0x00 0x80 0x80 0x00 0x02 0x31 0x32 0x33 0x34 0x35 0x36 0x9d 0x8d
[2026-07-07 13:15:36] Preparing to send all location info: [ 7.15, 9.69 ], [ 0.00, 0.00 ], [ 2.40, 2.36 ], [ 13.58, 9.97 ], [ 0.50, 14.50 ], [ 6.96, 5.10 ], [ 0.00, 0.00 ], [ 17.74, 10.63 ], [ 19.90, 10.03 ], [ 13.53, 12.11 ], [ 27.50, 0.50 ], [ 14.77, 10.61 ]
[2026-07-07 13:15:36] Generated sentinel field info: 0xa5 0x36 0x00 0x00 0xcc 0x01 0x03 0x02 0x02 0x6d 0x00 0x6b 0x00 0x8c 0xd1 0xe4 0x40 0xe9 0x10 0x1b 0x41 0x00 0x00 0x00 0x00 0x00 0x00 0x00 0x00 0x56 0x65 0x19 0x40 0x3d 0x0a 0x17 0x40 0xb6 0x39 0x59 0x41 0x8b 0x8d 0x1f 0x41 0x00 0x00 0x00 0x3f 0x00 0x00 0x68 0x41 0xe4 0xd2 0xde 0x40 0xb7 0x2f 0xa3 0x40 0x2e 0xae
[2026-07-07 13:15:36] Send self decision info: 0xa5 0x0e 0x00 0x00 0x37 0x01 0x03 0x21 0x01 0x6d 0x00 0x80 0x80 0x00 0x02 0x31 0x32 0x33 0x34 0x35 0x36 0x9d 0x8d
[2026-07-07 13:15:36] Send self decision info: 0xa5 0x0e 0x00 0x00 0x37 0x01 0x03 0x21 0x01 0x6d 0x00 0x80 0x80 0x00 0x02 0x31 0x32 0x33 0x34 0x35 0x36 0x9d 0x8d
[2026-07-07 13:15:36] Preparing to send all location info: [ 7.15, 9.69 ], [ 0.00, 0.00 ], [ 2.40, 2.36 ], [ 14.01, 9.92 ], [ 0.50, 14.50 ], [ 7.04, 5.10 ], [ 0.00, 0.00 ], [ 17.74, 10.63 ], [ 19.90, 10.03 ], [ 13.27, 12.29 ], [ 27.50, 0.50 ], [ 14.89, 10.62 ]
[2026-07-07 13:15:36] Generated sentinel field info: 0xa5 0x36 0x00 0x00 0xcc 0x01 0x03 0x02 0x02 0x6d 0x00 0x6b 0x00 0x0c 0xcd 0xe4 0x40 0x1d 0x14 0x1b 0x41 0x00 0x00 0x00 0x00 0x00 0x00 0x00 0x00 0x56 0x65 0x19 0x40 0x3d 0x0a 0x17 0x40 0x0a 0x1a 0x60 0x41 0x31 0xbc 0x1e 0x41 0x00 0x00 0x00 0x3f 0x00 0x00 0x68 0x41 0x3c 0x54 0xe1 0x40 0xe7 0x36 0xa3 0x40 0x1b 0x87
[2026-07-07 13:15:36] Send self decision info: 0xa5 0x0e 0x00 0x00 0x37 0x01 0x03 0x21 0x01 0x6d 0x00 0x80 0x80 0x00 0x02 0x31 0x32 0x33 0x34 0x35 0x36 0x9d 0x8d
[2026-07-07 13:15:37] Send self decision info: 0xa5 0x0e 0x00 0x00 0x37 0x01 0x03 0x21 0x01 0x6d 0x00 0x80 0x80 0x00 0x02 0x31 0x32 0x33 0x34 0x35 0x36 0x9d 0x8d
[2026-07-07 13:15:37] Preparing to send all location info: [ 7.15, 9.69 ], [ 0.00, 0.00 ], [ 2.40, 2.36 ], [ 14.32, 9.86 ], [ 0.50, 14.50 ], [ 7.06, 5.12 ], [ 0.00, 0.00 ], [ 17.74, 10.63 ], [ 19.90, 10.03 ], [ 13.18, 12.47 ], [ 27.50, 0.50 ], [ 15.05, 10.60 ]
[2026-07-07 13:15:37] Generated sentinel field info: 0xa5 0x36 0x00 0x00 0xcc 0x01 0x03 0x02 0x02 0x6d 0x00 0x6b 0x00 0x70 0xc3 0xe4 0x40 0xf7 0x1a 0x1b 0x41 0x00 0x00 0x00 0x00 0x00 0x00 0x00 0x00 0x56 0x65 0x19 0x40 0x3d 0x0a 0x17 0x40 0x5b 0x31 0x65 0x41 0xc3 0xbc 0x1d 0x41 0x00 0x00 0x00 0x3f 0x00 0x00 0x68 0x41 0x9c 0xdb 0xe1 0x40 0x16 0xbb 0xa3 0x40 0xf4 0x8a
[2026-07-07 13:15:37] Send self decision info: 0xa5 0x0e 0x00 0x00 0x37 0x01 0x03 0x21 0x01 0x6d 0x00 0x80 0x80 0x00 0x02 0x31 0x32 0x33 0x34 0x35 0x36 0x9d 0x8d
[2026-07-07 13:15:37] Send self decision info: 0xa5 0x0e 0x00 0x00 0x37 0x01 0x03 0x21 0x01 0x6d 0x00 0x80 0x80 0x00 0x02 0x31 0x32 0x33 0x34 0x35 0x36 0x9d 0x8d
[2026-07-07 13:15:37] Preparing to send all location info: [ 7.15, 9.69 ], [ 0.00, 0.00 ], [ 2.40, 2.36 ], [ 14.87, 9.80 ], [ 0.50, 14.50 ], [ 7.02, 5.14 ], [ 0.00, 0.00 ], [ 17.74, 10.63 ], [ 19.90, 10.03 ], [ 13.06, 12.58 ], [ 27.50, 0.50 ], [ 15.17, 10.66 ]
[2026-07-07 13:15:37] Generated sentinel field info: 0xa5 0x36 0x00 0x00 0xcc 0x01 0x03 0x02 0x02 0x6d 0x00 0x6b 0x00 0x68 0xdb 0xe4 0x40 0xe2 0x09 0x1b 0x41 0x00 0x00 0x00 0x00 0x00 0x00 0x00 0x00 0x56 0x65 0x19 0x40 0x3d 0x0a 0x17 0x40 0xcf 0xdd 0x6d 0x41 0x49 0xd0 0x1c 0x41 0x00 0x00 0x00 0x3f 0x00 0x00 0x68 0x41 0x44 0x9e 0xe0 0x40 0xa8 0x61 0xa4 0x40 0x6d 0xc0
[2026-07-07 13:15:37] Send self decision info: 0xa5 0x0e 0x00 0x00 0x37 0x01 0x03 0x21 0x01 0x6d 0x00 0x80 0x80 0x00 0x02 0x31 0x32 0x33 0x34 0x35 0x36 0x9d 0x8d
[2026-07-07 13:15:37] Send self decision info: 0xa5 0x0e 0x00 0x00 0x37 0x01 0x03 0x21 0x01 0x6d 0x00 0x80 0x80 0x00 0x02 0x31 0x32 0x33 0x34 0x35 0x36 0x9d 0x8d
[2026-07-07 13:15:37] Preparing to send all location info: [ 7.15, 9.69 ], [ 0.00, 0.00 ], [ 2.40, 2.36 ], [ 15.21, 9.72 ], [ 0.50, 14.50 ], [ 6.98, 5.11 ], [ 0.00, 0.00 ], [ 17.74, 10.63 ], [ 19.90, 10.03 ], [ 13.20, 12.45 ], [ 27.50, 0.50 ], [ 15.28, 10.70 ]
[2026-07-07 13:15:37] Generated sentinel field info: 0xa5 0x36 0x00 0x00 0xcc 0x01 0x03 0x02 0x02 0x6d 0x00 0x6b 0x00 0xc4 0xe0 0xe4 0x40 0x11 0x06 0x1b 0x41 0x00 0x00 0x00 0x00 0x00 0x00 0x00 0x00 0x56 0x65 0x19 0x40 0x3d 0x0a 0x17 0x40 0x46 0x6c 0x73 0x41 0x8e 0x8d 0x1b 0x41 0x00 0x00 0x00 0x3f 0x00 0x00 0x68 0x41 0x08 0x5f 0xdf 0x40 0xb5 0xaa 0xa3 0x40 0x96 0xb1
[2026-07-07 13:15:38] Send self decision info: 0xa5 0x0e 0x00 0x00 0x37 0x01 0x03 0x21 0x01 0x6d 0x00 0x80 0x80 0x00 0x02 0x31 0x32 0x33 0x34 0x35 0x36 0x9d 0x8d
[2026-07-07 13:15:38] Send self decision info: 0xa5 0x0e 0x00 0x00 0x37 0x01 0x03 0x21 0x01 0x6d 0x00 0x80 0x80 0x00 0x02 0x31 0x32 0x33 0x34 0x35 0x36 0x9d 0x8d
[2026-07-07 13:15:38] Preparing to send all location info: [ 7.15, 9.69 ], [ 0.00, 0.00 ], [ 2.40, 2.36 ], [ 15.26, 9.77 ], [ 0.50, 14.50 ], [ 7.04, 5.11 ], [ 0.00, 0.00 ], [ 17.74, 10.63 ], [ 19.90, 10.03 ], [ 13.48, 12.34 ], [ 27.50, 0.50 ], [ 15.36, 10.76 ]
[2026-07-07 13:15:38] Generated sentinel field info: 0xa5 0x36 0x00 0x00 0xcc 0x01 0x03 0x02 0x02 0x6d 0x00 0x6b 0x00 0x48 0xcc 0xe4 0x40 0xaa 0x14 0x1b 0x41 0x00 0x00 0x00 0x00 0x00 0x00 0x00 0x00 0x56 0x65 0x19 0x40 0x3d 0x0a 0x17 0x40 0xdf 0x27 0x74 0x41 0x1d 0x51 0x1c 0x41 0x00 0x00 0x00 0x3f 0x00 0x00 0x68 0x41 0x90 0x26 0xe1 0x40 0xe5 0x81 0xa3 0x40 0x4e 0x60
[2026-07-07 13:15:38] Send self decision info: 0xa5 0x0e 0x00 0x00 0x37 0x01 0x03 0x21 0x01 0x6d 0x00 0x80 0x80 0x00 0x02 0x31 0x32 0x33 0x34 0x35 0x36 0x9d 0x8d
[2026-07-07 13:15:38] Generated sentinel field info: 0xa5 0x36 0x00 0x00 0xcc 0x01 0x03 0x02 0x02 0x6d 0x00 0x6b 0x00 0x10 0xc0 0xe4 0x40 0x61 0x1d 0x1b 0x41 0x00 0x00 0x00 0x00 0x00 0x00 0x00 0x00 0x56 0x65 0x19 0x40 0x3d 0x0a 0x17 0x40 0x1b 0x0d 0x74 0x41 0x63 0x30 0x1d 0x41 0x00 0x00 0x00 0x3f 0x00 0x00 0x68 0x41 0x48 0x0c 0xe1 0x40 0x0e 0xad 0xa3 0x40 0x27 0xb1
[2026-07-07 13:15:38] Send self decision info: 0xa5 0x0e 0x00 0x00 0x37 0x01 0x03 0x21 0x01 0x6d 0x00 0x80 0x80 0x00 0x02 0x31 0x32 0x33 0x34 0x35 0x36 0x9d 0x8d
[2026-07-07 13:15:38] Preparing to send all location info: [ 7.17, 9.70 ], [ 0.00, 0.00 ], [ 2.40, 2.36 ], [ 15.14, 9.90 ], [ 0.50, 14.50 ], [ 6.99, 5.10 ], [ 0.00, 0.00 ], [ 17.74, 10.63 ], [ 19.90, 10.03 ], [ 13.82, 12.31 ], [ 27.50, 0.50 ], [ 15.36, 10.76 ]
[2026-07-07 13:15:38] Generated sentinel field info: 0xa5 0x36 0x00 0x00 0xcc 0x01 0x03 0x02 0x02 0x6d 0x00 0x6b 0x00 0x0c 0x8f 0xe5 0x40 0xf3 0x2e 0x1b 0x41 0x00 0x00 0x00 0x00 0x00 0x00 0x00 0x00 0x56 0x65 0x19 0x40 0x3d 0x0a 0x17 0x40 0x42 0x38 0x72 0x41 0xa9 0x54 0x1e 0x41 0x00 0x00 0x00 0x3f 0x00 0x00 0x68 0x41 0xa0 0xaa 0xdf 0x40 0x49 0x2e 0xa3 0x40 0x4e 0x94
[2026-07-07 13:15:38] Send self decision info: 0xa5 0x0e 0x00 0x00 0x37 0x01 0x03 0x21 0x01 0x6d 0x00 0x80 0x80 0x00 0x02 0x31 0x32 0x33 0x34 0x35 0x36 0x9d 0x8d
[2026-07-07 13:15:38] Generated sentinel field info: 0xa5 0x36 0x00 0x00 0xcc 0x01 0x03 0x02 0x02 0x6d 0x00 0x6b 0x00 0xec 0xc5 0xe4 0x40 0x33 0x19 0x1b 0x41 0x00 0x00 0x00 0x00 0x00 0x00 0x00 0x00 0x56 0x65 0x19 0x40 0x3d 0x0a 0x17 0x40 0x19 0xe2 0x70 0x41 0x94 0xb8 0x1f 0x41 0x00 0x00 0x00 0x3f 0x00 0x00 0x68 0x41 0x78 0xd1 0xe0 0x40 0x99 0x0d 0xa4 0x40 0xf0 0xe1
[2026-07-07 13:15:39] Send self decision info: 0xa5 0x0e 0x00 0x00 0x37 0x01 0x03 0x21 0x01 0x6d 0x00 0x80 0x80 0x00 0x02 0x31 0x32 0x33 0x34 0x35 0x36 0x9d 0x8d
[2026-07-07 13:15:39] Preparing to send all location info: [ 7.15, 9.70 ], [ 0.00, 0.00 ], [ 2.40, 2.36 ], [ 15.05, 10.03 ], [ 0.50, 14.50 ], [ 7.02, 5.13 ], [ 0.00, 0.00 ], [ 17.74, 10.63 ], [ 19.90, 10.03 ], [ 13.96, 12.30 ], [ 27.50, 0.50 ], [ 15.48, 10.83 ]
[2026-07-07 13:15:39] Generated sentinel field info: 0xa5 0x36 0x00 0x00 0xcc 0x01 0x03 0x02 0x02 0x6d 0x00 0x6b 0x00 0x78 0xac 0xe4 0x40 0x57 0x2b 0x1b 0x41 0x00 0x00 0x00 0x00 0x00 0x00 0x00 0x00 0x56 0x65 0x19 0x40 0x3d 0x0a 0x17 0x40 0xd0 0xd5 0x70 0x41 0x7b 0x87 0x20 0x41 0x00 0x00 0x00 0x3f 0x00 0x00 0x68 0x41 0x4c 0xc7 0xe0 0x40 0x4d 0x1e 0xa4 0x40 0x5a 0x77
[2026-07-07 13:15:39] Send self decision info: 0xa5 0x0e 0x00 0x00 0x37 0x01 0x03 0x21 0x01 0x6d 0x00 0x80 0x80 0x00 0x02 0x31 0x32 0x33 0x34 0x35 0x36 0x9d 0x8d
[2026-07-07 13:15:39] Generated sentinel field info: 0xa5 0x36 0x00 0x00 0xcc 0x01 0x03 0x02 0x02 0x6d 0x00 0x6b 0x00 0x64 0xaa 0xe4 0x40 0xd3 0x2c 0x1b 0x41 0x00 0x00 0x00 0x00 0x00 0x00 0x00 0x00 0x56 0x65 0x19 0x40 0x3d 0x0a 0x17 0x40 0x27 0xdf 0x71 0x41 0xa1 0xf8 0x20 0x41 0x00 0x00 0x00 0x3f 0x00 0x00 0x68 0x41 0x2c 0xe1 0xdf 0x40 0x73 0x36 0xa4 0x40 0x10 0xf1
[2026-07-07 13:15:39] Send self decision info: 0xa5 0x0e 0x00 0x00 0x37 0x01 0x03 0x21 0x01 0x6d 0x00 0x80 0x80 0x00 0x02 0x31 0x32 0x33 0x34 0x35 0x36 0x9d 0x8d
[2026-07-07 13:15:39] Preparing to send all location info: [ 7.15, 9.70 ], [ 0.00, 0.00 ], [ 2.40, 2.36 ], [ 15.22, 10.10 ], [ 0.50, 14.50 ], [ 6.96, 5.10 ], [ 0.00, 0.00 ], [ 17.74, 10.63 ], [ 19.90, 10.03 ], [ 14.11, 12.42 ], [ 27.50, 0.50 ], [ 15.48, 10.92 ]
[2026-07-07 13:15:39] Generated sentinel field info: 0xa5 0x36 0x00 0x00 0xcc 0x01 0x03 0x02 0x02 0x6d 0x00 0x6b 0x00 0xec 0xb7 0xe4 0x40 0x2f 0x23 0x1b 0x41 0x00 0x00 0x00 0x00 0x00 0x00 0x00 0x00 0x56 0x65 0x19 0x40 0x3d 0x0a 0x17 0x40 0xd9 0x76 0x73 0x41 0x9f 0x9a 0x21 0x41 0x00 0x00 0x00 0x3f 0x00 0x00 0x68 0x41 0xdc 0xcd 0xde 0x40 0x02 0x38 0xa3 0x40 0xfe 0xdb
[2026-07-07 13:15:39] Send self decision info: 0xa5 0x0e 0x00 0x00 0x37 0x01 0x03 0x21 0x01 0x6d 0x00 0x80 0x80 0x00 0x02 0x31 0x32 0x33 0x34 0x35 0x36 0x9d 0x8d
[2026-07-07 13:15:39] Generated sentinel field info: 0xa5 0x36 0x00 0x00 0xcc 0x01 0x03 0x02 0x02 0x6d 0x00 0x6b 0x00 0x40 0xad 0xe4 0x40 0xc9 0x2a 0x1b 0x41 0x00 0x00 0x00 0x00 0x00 0x00 0x00 0x00 0x56 0x65 0x19 0x40 0x3d 0x0a 0x17 0x40 0x60 0x34 0x75 0x41 0x95 0x18 0x22 0x41 0x00 0x00 0x00 0x3f 0x00 0x00 0x68 0x41 0xd0 0x3d 0xe1 0x40 0xbb 0x5b 0xa3 0x40 0x26 0xf5
[2026-07-07 13:15:39] Send self decision info: 0xa5 0x0e 0x00 0x00 0x37 0x01 0x03 0x21 0x01 0x6d 0x00 0x80 0x80 0x00 0x02 0x31 0x32 0x33 0x34 0x35 0x36 0x9d 0x8d
[2026-07-07 13:15:39] Preparing to send all location info: [ 7.15, 9.70 ], [ 0.00, 0.00 ], [ 2.40, 2.36 ], [ 15.44, 10.16 ], [ 0.50, 14.50 ], [ 7.01, 5.10 ], [ 0.00, 0.00 ], [ 17.74, 10.63 ], [ 19.90, 10.03 ], [ 14.33, 12.52 ], [ 27.50, 0.50 ], [ 15.43, 11.02 ]
[2026-07-07 13:15:39] Generated sentinel field info: 0xa5 0x36 0x00 0x00 0xcc 0x01 0x03 0x02 0x02 0x6d 0x00 0x6b 0x00 0x98 0xbd 0xe4 0x40 0x21 0x1f 0x1b 0x41 0x00 0x00 0x00 0x00 0x00 0x00 0x00 0x00 0x56 0x65 0x19 0x40 0x3d 0x0a 0x17 0x40 0x22 0x09 0x77 0x41 0xf7 0x81 0x22 0x41 0x00 0x00 0x00 0x3f 0x00 0x00 0x68 0x41 0x34 0x75 0xe0 0x40 0x1e 0x43 0xa3 0x40 0x4c 0xb3
[2026-07-07 13:15:40] Send self decision info: 0xa5 0x0e 0x00 0x00 0x37 0x01 0x03 0x21 0x01 0x6d 0x00 0x80 0x80 0x00 0x02 0x31 0x32 0x33 0x34 0x35 0x36 0x9d 0x8d
[2026-07-07 13:15:40] Generated sentinel field info: 0xa5 0x36 0x00 0x00 0xcc 0x01 0x03 0x02 0x02 0x6d 0x00 0x6b 0x00 0xa0 0xb6 0xe4 0x40 0x1b 0x24 0x1b 0x41 0x00 0x00 0x00 0x00 0x00 0x00 0x00 0x00 0x56 0x65 0x19 0x40 0x3d 0x0a 0x17 0x40 0x50 0xac 0x77 0x41 0xc5 0x9e 0x22 0x41 0x00 0x00 0x00 0x3f 0x00 0x00 0x68 0x41 0xa4 0x37 0xe1 0x40 0xd9 0x65 0xa3 0x40 0x59 0xcc
[2026-07-07 13:15:40] Send self decision info: 0xa5 0x0e 0x00 0x00 0x37 0x01 0x03 0x21 0x01 0x6d 0x00 0x80 0x80 0x00 0x02 0x31 0x32 0x33 0x34 0x35 0x36 0x9d 0x8d
[2026-07-07 13:15:40] Preparing to send all location info: [ 7.15, 9.69 ], [ 0.00, 0.00 ], [ 2.40, 2.36 ], [ 15.47, 10.17 ], [ 0.50, 14.50 ], [ 7.06, 5.12 ], [ 0.00, 0.00 ], [ 17.74, 10.63 ], [ 19.90, 10.03 ], [ 14.50, 12.58 ], [ 27.50, 0.50 ], [ 15.45, 11.10 ]
[2026-07-07 13:15:40] Generated sentinel field info: 0xa5 0x36 0x00 0x00 0xcc 0x01 0x03 0x02 0x02 0x6d 0x00 0x6b 0x00 0x44 0xcb 0xe4 0x40 0x63 0x15 0x1b 0x41 0x00 0x00 0x00 0x00 0x00 0x00 0x00 0x00 0x56 0x65 0x19 0x40 0x3d 0x0a 0x17 0x40 0x25 0x91 0x77 0x41 0x79 0xba 0x22 0x41 0x00 0x00 0x00 0x3f 0x00 0x00 0x68 0x41 0xb0 0xd8 0xe1 0x40 0xe5 0xbf 0xa3 0x40 0x80 0xd5
[2026-07-07 13:15:40] Send self decision info: 0xa5 0x0e 0x00 0x00 0x37 0x01 0x03 0x21 0x01 0x6d 0x00 0x80 0x80 0x00 0x02 0x31 0x32 0x33 0x34 0x35 0x36 0x9d 0x8d
[2026-07-07 13:15:40] Generated sentinel field info: 0xa5 0x36 0x00 0x00 0xcc 0x01 0x03 0x02 0x02 0x6d 0x00 0x6b 0x00 0xd4 0xc6 0xe4 0x40 0x8d 0x18 0x1b 0x41 0x00 0x00 0x00 0x00 0x00 0x00 0x00 0x00 0x56 0x65 0x19 0x40 0x3d 0x0a 0x17 0x40 0xd2 0x0c 0x77 0x41 0x69 0x41 0x23 0x41 0x00 0x00 0x00 0x3f 0x00 0x00 0x68 0x41 0x9c 0x91 0xdf 0x40 0x78 0x57 0xa3 0x40 0x51 0x4d
[2026-07-07 13:15:40] Send self decision info: 0xa5 0x0e 0x00 0x00 0x37 0x01 0x03 0x21 0x01 0x6d 0x00 0x80 0x80 0x00 0x02 0x31 0x32 0x33 0x34 0x35 0x36 0x9d 0x8d
[2026-07-07 13:15:40] Preparing to send all location info: [ 7.15, 9.69 ], [ 0.00, 0.00 ], [ 2.40, 2.36 ], [ 15.39, 10.26 ], [ 0.50, 14.50 ], [ 7.05, 5.14 ], [ 0.00, 0.00 ], [ 17.74, 10.63 ], [ 19.90, 10.03 ], [ 14.67, 12.60 ], [ 27.50, 0.50 ], [ 15.27, 11.18 ]
[2026-07-07 13:15:40] Send self decision info: 0xa5 0x0e 0x00 0x00 0x37 0x01 0x03 0x21 0x01 0x6d 0x00 0x80 0x80 0x00 0x02 0x31 0x32 0x33 0x34 0x35 0x36 0x9d 0x8d
[2026-07-07 13:15:40] Generated sentinel field info: 0xa5 0x36 0x00 0x00 0xcc 0x01 0x03 0x02 0x02 0x6d 0x00 0x6b 0x00 0x6c 0xc8 0xe4 0x40 0x69 0x17 0x1b 0x41 0x00 0x00 0x00 0x00 0x00 0x00 0x00 0x00 0x56 0x65 0x19 0x40 0x3d 0x0a 0x17 0x40 0x00 0x8e 0x75 0x41 0xca 0xc7 0x24 0x41 0x00 0x00 0x00 0x3f 0x00 0x00 0x68 0x41 0x8c 0x9e 0xe0 0x40 0x34 0x61 0xa4 0x40 0xd5 0x8f
[2026-07-07 13:15:41] Send self decision info: 0xa5 0x0e 0x00 0x00 0x37 0x01 0x03 0x21 0x01 0x6d 0x00 0x80 0x80 0x00 0x02 0x31 0x32 0x33 0x34 0x35 0x36 0x9d 0x8d
[2026-07-07 13:15:41] Preparing to send all location info: [ 7.15, 9.69 ], [ 0.00, 0.00 ], [ 2.40, 2.36 ], [ 15.24, 10.36 ], [ 0.50, 14.50 ], [ 7.00, 5.13 ], [ 0.00, 0.00 ], [ 17.74, 10.63 ], [ 19.90, 10.03 ], [ 14.86, 12.59 ], [ 27.50, 0.50 ], [ 15.35, 11.24 ]
[2026-07-07 13:15:41] Generated sentinel field info: 0xa5 0x36 0x00 0x00 0xcc 0x01 0x03 0x02 0x02 0x6d 0x00 0x6b 0x00 0xc8 0xc6 0xe4 0x40 0x96 0x18 0x1b 0x41 0x00 0x00 0x00 0x00 0x00 0x00 0x00 0x00 0x56 0x65 0x19 0x40 0x3d 0x0a 0x17 0x40 0x34 0xe0 0x73 0x41 0x21 0xbc 0x25 0x41 0x00 0x00 0x00 0x3f 0x00 0x00 0x68 0x41 0xd0 0xdf 0xdf 0x40 0xaa 0x38 0xa4 0x40 0x1c 0x37
[2026-07-07 13:15:41] Send self decision info: 0xa5 0x0e 0x00 0x00 0x37 0x01 0x03 0x21 0x01 0x6d 0x00 0x80 0x80 0x00 0x02 0x31 0x32 0x33 0x34 0x35 0x36 0x9d 0x8d
[2026-07-07 13:15:41] Generated sentinel field info: 0xa5 0x36 0x00 0x00 0xcc 0x01 0x03 0x02 0x02 0x6d 0x00 0x6b 0x00 0xec 0xc6 0xe4 0x40 0x7b 0x18 0x1b 0x41 0x00 0x00 0x00 0x00 0x00 0x00 0x00 0x00 0x56 0x65 0x19 0x40 0x3d 0x0a 0x17 0x40 0xd8 0x75 0x71 0x41 0x60 0xb1 0x26 0x41 0x00 0x00 0x00 0x3f 0x00 0x00 0x68 0x41 0xd8 0x88 0xde 0x40 0xb6 0xa9 0xa3 0x40 0x21 0xb6
[2026-07-07 13:15:41] Send self decision info: 0xa5 0x0e 0x00 0x00 0x37 0x01 0x03 0x21 0x01 0x6d 0x00 0x80 0x80 0x00 0x02 0x31 0x32 0x33 0x34 0x35 0x36 0x9d 0x8d
[2026-07-07 13:15:41] Preparing to send all location info: [ 7.15, 9.69 ], [ 0.00, 0.00 ], [ 2.40, 2.36 ], [ 14.95, 10.47 ], [ 0.50, 14.50 ], [ 7.03, 5.12 ], [ 0.00, 0.00 ], [ 17.74, 10.63 ], [ 19.90, 10.03 ], [ 15.11, 12.54 ], [ 27.50, 0.50 ], [ 15.34, 11.29 ]
[2026-07-07 13:15:41] Generated sentinel field info: 0xa5 0x36 0x00 0x00 0xcc 0x01 0x03 0x02 0x02 0x6d 0x00 0x6b 0x00 0xe4 0xc7 0xe4 0x40 0xca 0x17 0x1b 0x41 0x00 0x00 0x00 0x00 0x00 0x00 0x00 0x00 0x56 0x65 0x19 0x40 0x3d 0x0a 0x17 0x40 0x01 0x29 0x6f 0x41 0xb5 0x8b 0x27 0x41 0x00 0x00 0x00 0x3f 0x00 0x00 0x68 0x41 0xa4 0xf0 0xe0 0x40 0x6e 0xda 0xa3 0x40 0x71 0x4c
[2026-07-07 13:15:41] Send self decision info: 0xa5 0x0e 0x00 0x00 0x37 0x01 0x03 0x21 0x01 0x6d 0x00 0x80 0x80 0x00 0x02 0x31 0x32 0x33 0x34 0x35 0x36 0x9d 0x8d
[2026-07-07 13:15:41] Generated sentinel field info: 0xa5 0x36 0x00 0x00 0xcc 0x01 0x03 0x02 0x02 0x6d 0x00 0x6b 0x00 0x2c 0xcd 0xe4 0x40 0x08 0x14 0x1b 0x41 0x00 0x00 0x00 0x00 0x00 0x00 0x00 0x00 0x56 0x65 0x19 0x40 0x3d 0x0a 0x17 0x40 0x0c 0x54 0x6e 0x41 0x40 0xa6 0x27 0x41 0x00 0x00 0x00 0x3f 0x00 0x00 0x68 0x41 0x70 0x0a 0xe1 0x40 0x0f 0xb0 0xa3 0x40 0xb2 0x0b
[2026-07-07 13:15:41] Send self decision info: 0xa5 0x0e 0x00 0x00 0x37 0x01 0x03 0x21 0x01 0x6d 0x00 0x80 0x80 0x00 0x02 0x31 0x32 0x33 0x34 0x35 0x36 0x9d 0x8d
[2026-07-07 13:15:41] Preparing to send all location info: [ 7.15, 9.70 ], [ 0.00, 0.00 ], [ 2.40, 2.36 ], [ 14.95, 10.47 ], [ 0.50, 14.50 ], [ 7.03, 5.12 ], [ 0.00, 0.00 ], [ 17.74, 10.63 ], [ 19.90, 10.03 ], [ 15.27, 12.48 ], [ 27.50, 0.50 ], [ 15.39, 11.29 ]
[2026-07-07 13:15:41] Generated sentinel field info: 0xa5 0x36 0x00 0x00 0xcc 0x01 0x03 0x02 0x02 0x6d 0x00 0x6b 0x00 0xf4 0xbb 0xe4 0x40 0x4c 0x20 0x1b 0x41 0x00 0x00 0x00 0x00 0x00 0x00 0x00 0x00 0x56 0x65 0x19 0x40 0x3d 0x0a 0x17 0x40 0xda 0x3d 0x6f 0x41 0x49 0x76 0x27 0x41 0x00 0x00 0x00 0x3f 0x00 0x00 0x68 0x41 0xcc 0xf5 0xe0 0x40 0xf6 0xd1 0xa3 0x40 0xd2 0x7c
[2026-07-07 13:15:42] Send self decision info: 0xa5 0x0e 0x00 0x00 0x37 0x01 0x03 0x21 0x01 0x6d 0x00 0x80 0x80 0x00 0x02 0x31 0x32 0x33 0x34 0x35 0x36 0x9d 0x8d
[2026-07-07 13:15:42] Generated sentinel field info: 0xa5 0x36 0x00 0x00 0xcc 0x01 0x03 0x02 0x02 0x6d 0x00 0x6b 0x00 0x10 0xb9 0xe4 0x40 0x5c 0x22 0x1b 0x41 0x00 0x00 0x00 0x00 0x00 0x00 0x00 0x00 0x56 0x65 0x19 0x40 0x3d 0x0a 0x17 0x40 0x38 0xdc 0x6f 0x41 0x57 0x94 0x27 0x41 0x00 0x00 0x00 0x3f 0x00 0x00 0x68 0x41 0x4c 0xf3 0xe0 0x40 0x11 0xd6 0xa3 0x40 0xdf 0x79
[2026-07-07 13:15:42] Send self decision info: 0xa5 0x0e 0x00 0x00 0x37 0x01 0x03 0x21 0x01 0x6d 0x00 0x80 0x80 0x00 0x02 0x31 0x32 0x33 0x34 0x35 0x36 0x9d 0x8d
[2026-07-07 13:15:42] Preparing to send all location info: [ 7.15, 9.70 ], [ 0.00, 0.00 ], [ 2.40, 2.36 ], [ 15.13, 10.47 ], [ 0.50, 14.50 ], [ 7.00, 5.13 ], [ 0.00, 0.00 ], [ 17.74, 10.63 ], [ 19.90, 10.03 ], [ 15.50, 12.40 ], [ 27.50, 0.50 ], [ 15.42, 11.31 ]
[2026-07-07 13:15:42] Generated sentinel field info: 0xa5 0x36 0x00 0x00 0xcc 0x01 0x03 0x02 0x02 0x6d 0x00 0x6b 0x00 0xec 0xb2 0xe4 0x40 0xbd 0x26 0x1b 0x41 0x00 0x00 0x00 0x00 0x00 0x00 0x00 0x00 0x56 0x65 0x19 0x40 0x3d 0x0a 0x17 0x40 0xb4 0x15 0x72 0x41 0x66 0x90 0x27 0x41 0x00 0x00 0x00 0x3f 0x00 0x00 0x68 0x41 0x34 0xee 0xdf 0x40 0x03 0x21 0xa4 0x40 0xe0 0x17
[2026-07-07 13:15:42] Send self decision info: 0xa5 0x0e 0x00 0x00 0x37 0x01 0x03 0x21 0x01 0x6d 0x00 0x80 0x80 0x00 0x02 0x31 0x32 0x33 0x34 0x35 0x36 0x9d 0x8d
[2026-07-07 13:15:42] Send self decision info: 0xa5 0x0e 0x00 0x00 0x37 0x01 0x03 0x21 0x01 0x6d 0x00 0x80 0x80 0x00 0x02 0x31 0x32 0x33 0x34 0x35 0x36 0x9d 0x8d
[2026-07-07 13:15:42] Preparing to send all location info: [ 7.15, 9.70 ], [ 0.00, 0.00 ], [ 2.40, 2.36 ], [ 15.35, 10.44 ], [ 0.50, 14.50 ], [ 6.99, 5.14 ], [ 0.00, 0.00 ], [ 17.74, 10.63 ], [ 19.90, 10.03 ], [ 15.52, 12.38 ], [ 27.50, 0.50 ], [ 15.38, 11.30 ]
[2026-07-07 13:15:42] Generated sentinel field info: 0xa5 0x36 0x00 0x00 0xcc 0x01 0x03 0x02 0x02 0x6d 0x00 0x6b 0x00 0xe0 0xbd 0xe4 0x40 0xee 0x1e 0x1b 0x41 0x00 0x00 0x00 0x00 0x00 0x00 0x00 0x00 0x56 0x65 0x19 0x40 0x3d 0x0a 0x17 0x40 0x72 0x99 0x75 0x41 0x4d 0x03 0x27 0x41 0x00 0x00 0x00 0x3f 0x00 0x00 0x68 0x41 0x2c 0xa9 0xdf 0x40 0x80 0x92 0xa4 0x40 0x39 0x96
[2026-07-07 13:15:42] Send self decision info: 0xa5 0x0e 0x00 0x00 0x37 0x01 0x03 0x21 0x01 0x6d 0x00 0x80 0x80 0x00 0x02 0x31 0x32 0x33 0x34 0x35 0x36 0x9d 0x8d
[2026-07-07 13:15:42] Generated sentinel field info: 0xa5 0x36 0x00 0x00 0xcc 0x01 0x03 0x02 0x02 0x6d 0x00 0x6b 0x00 0xf8 0xc2 0xe4 0x40 0x4d 0x1b 0x1b 0x41 0x00 0x00 0x00 0x00 0x00 0x00 0x00 0x00 0x56 0x65 0x19 0x40 0x3d 0x0a 0x17 0x40 0xe0 0xd7 0x77 0x41 0x3d 0x42 0x26 0x41 0x00 0x00 0x00 0x3f 0x00 0x00 0x68 0x41 0x34 0xe5 0xdf 0x40 0xd2 0x2f 0xa4 0x40 0xba 0x93
[2026-07-07 13:15:43] Send self decision info: 0xa5 0x0e 0x00 0x00 0x37 0x01 0x03 0x21 0x01 0x6d 0x00 0x80 0x80 0x00 0x02 0x31 0x32 0x33 0x34 0x35 0x36 0x9d 0x8d
[2026-07-07 13:15:43] Preparing to send all location info: [ 7.15, 9.70 ], [ 0.00, 0.00 ], [ 2.40, 2.36 ], [ 15.59, 10.34 ], [ 0.50, 14.50 ], [ 7.01, 5.11 ], [ 0.00, 0.00 ], [ 17.74, 10.63 ], [ 19.90, 10.03 ], [ 15.51, 12.44 ], [ 27.50, 0.50 ], [ 15.43, 11.30 ]
[2026-07-07 13:15:43] Generated sentinel field info: 0xa5 0x36 0x00 0x00 0xcc 0x01 0x03 0x02 0x02 0x6d 0x00 0x6b 0x00 0x7c 0xbd 0xe4 0x40 0x37 0x1f 0x1b 0x41 0x00 0x00 0x00 0x00 0x00 0x00 0x00 0x00 0x56 0x65 0x19 0x40 0x3d 0x0a 0x17 0x40 0x35 0x76 0x79 0x41 0x71 0x62 0x25 0x41 0x00 0x00 0x00 0x3f 0x00 0x00 0x68 0x41 0xac 0x3b 0xe0 0x40 0xb0 0xa1 0xa3 0x40 0x6f 0xcf
[2026-07-07 13:15:43] Send self decision info: 0xa5 0x0e 0x00 0x00 0x37 0x01 0x03 0x21 0x01 0x6d 0x00 0x80 0x80 0x00 0x02 0x31 0x32 0x33 0x34 0x35 0x36 0x9d 0x8d
[2026-07-07 13:15:43] Send self decision info: 0xa5 0x0e 0x00 0x00 0x37 0x01 0x03 0x21 0x01 0x6d 0x00 0x80 0x80 0x00 0x02 0x31 0x32 0x33 0x34 0x35 0x36 0x9d 0x8d
[2026-07-07 13:15:43] Preparing to send all location info: [ 7.17, 9.70 ], [ 0.00, 0.00 ], [ 2.40, 2.36 ], [ 15.67, 10.31 ], [ 0.50, 14.50 ], [ 7.05, 5.13 ], [ 0.00, 0.00 ], [ 17.74, 10.63 ], [ 19.90, 10.03 ], [ 15.40, 12.49 ], [ 27.50, 0.50 ], [ 15.43, 11.30 ]
[2026-07-07 13:15:43] Generated sentinel field info: 0xa5 0x36 0x00 0x00 0xcc 0x01 0x03 0x02 0x02 0x6d 0x00 0x6b 0x00 0x94 0x86 0xe5 0x40 0xf9 0x34 0x1b 0x41 0x00 0x00 0x00 0x00 0x00 0x00 0x00 0x00 0x56 0x65 0x19 0x40 0x3d 0x0a 0x17 0x40 0xc3 0xb7 0x7a 0x41 0x6a 0xe1 0x24 0x41 0x00 0x00 0x00 0x3f 0x00 0x00 0x68 0x41 0x3c 0x90 0xe1 0x40 0xae 0x36 0xa4 0x40 0x28 0xf3
[2026-07-07 13:15:43] Send self decision info: 0xa5 0x0e 0x00 0x00 0x37 0x01 0x03 0x21 0x01 0x6d 0x00 0x80 0x80 0x00 0x02 0x31 0x32 0x33 0x34 0x35 0x36 0x9d 0x8d
[2026-07-07 13:15:43] Generated sentinel field info: 0xa5 0x36 0x00 0x00 0xcc 0x01 0x03 0x02 0x02 0x6d 0x00 0x6b 0x00 0x3c 0xc0 0xe4 0x40 0x41 0x1d 0x1b 0x41 0x00 0x00 0x00 0x00 0x00 0x00 0x00 0x00 0x56 0x65 0x19 0x40 0x3d 0x0a 0x17 0x40 0x1c 0x6f 0x7b 0x41 0x7b 0xec 0x24 0x41 0x00 0x00 0x00 0x3f 0x00 0x00 0x68 0x41 0xf4 0x5f 0xdf 0x40 0x2b 0xa9 0xa3 0x40 0x94 0x95
[2026-07-07 13:15:43] Send self decision info: 0xa5 0x0e 0x00 0x00 0x37 0x01 0x03 0x21 0x01 0x6d 0x00 0x80 0x80 0x00 0x02 0x31 0x32 0x33 0x34 0x35 0x36 0x9d 0x8d
[2026-07-07 13:15:43] Preparing to send all location info: [ 7.15, 9.70 ], [ 0.00, 0.00 ], [ 2.40, 2.36 ], [ 15.72, 10.30 ], [ 0.50, 14.50 ], [ 6.95, 5.12 ], [ 0.00, 0.00 ], [ 17.74, 10.63 ], [ 19.90, 10.03 ], [ 15.29, 12.55 ], [ 27.50, 0.50 ], [ 15.39, 11.29 ]
[2026-07-07 13:15:43] Generated sentinel field info: 0xa5 0x36 0x00 0x00 0xcc 0x01 0x03 0x02 0x02 0x6d 0x00 0x6b 0x00 0x88 0xb7 0xe4 0x40 0x76 0x23 0x1b 0x41 0x00 0x00 0x00 0x00 0x00 0x00 0x00 0x00 0x56 0x65 0x19 0x40 0x3d 0x0a 0x17 0x40 0xfb 0x7d 0x7b 0x41 0x81 0xdd 0x24 0x41 0x00 0x00 0x00 0x3f 0x00 0x00 0x68 0x41 0xc8 0x6a 0xde 0x40 0x42 0xdb 0xa3 0x40 0x59 0x23
[2026-07-07 13:15:44] Send self decision info: 0xa5 0x0e 0x00 0x00 0x37 0x01 0x03 0x21 0x01 0x6d 0x00 0x80 0x80 0x00 0x02 0x31 0x32 0x33 0x34 0x35 0x36 0x9d 0x8d
[2026-07-07 13:15:44] Generated sentinel field info: 0xa5 0x36 0x00 0x00 0xcc 0x01 0x03 0x02 0x02 0x6d 0x00 0x6b 0x00 0x34 0xbe 0xe4 0x40 0xb3 0x1e 0x1b 0x41 0x00 0x00 0x00 0x00 0x00 0x00 0x00 0x00 0x56 0x65 0x19 0x40 0x3d 0x0a 0x17 0x40 0x9f 0x87 0x7b 0x41 0xcb 0xd3 0x24 0x41 0x00 0x00 0x00 0x3f 0x00 0x00 0x68 0x41 0xe4 0xa0 0xe0 0x40 0x5c 0x5d 0xa4 0x40 0xf1 0xf8
[2026-07-07 13:15:44] Send self decision info: 0xa5 0x0e 0x00 0x00 0x37 0x01 0x03 0x21 0x01 0x6d 0x00 0x80 0x80 0x00 0x02 0x31 0x32 0x33 0x34 0x35 0x36 0x9d 0x8d
[2026-07-07 13:15:44] Preparing to send all location info: [ 7.15, 9.69 ], [ 0.00, 0.00 ], [ 2.40, 2.36 ], [ 15.63, 10.30 ], [ 0.50, 14.50 ], [ 7.01, 5.15 ], [ 0.00, 0.00 ], [ 17.74, 10.63 ], [ 19.90, 10.03 ], [ 15.23, 12.61 ], [ 27.50, 0.50 ], [ 15.40, 11.29 ]
[2026-07-07 13:15:44] Generated sentinel field info: 0xa5 0x36 0x00 0x00 0xcc 0x01 0x03 0x02 0x02 0x6d 0x00 0x6b 0x00 0xec 0xc3 0xe4 0x40 0x9f 0x1a 0x1b 0x41 0x00 0x00 0x00 0x00 0x00 0x00 0x00 0x00 0x56 0x65 0x19 0x40 0x3d 0x0a 0x17 0x40 0xd7 0x09 0x7a 0x41 0x48 0xcd 0x24 0x41 0x00 0x00 0x00 0x3f 0x00 0x00 0x68 0x41 0x0c 0x69 0xe0 0x40 0x0d 0xb9 0xa4 0x40 0x0b 0x1d
[2026-07-07 13:15:44] Send self decision info: 0xa5 0x0e 0x00 0x00 0x37 0x01 0x03 0x21 0x01 0x6d 0x00 0x80 0x80 0x00 0x02 0x31 0x32 0x33 0x34 0x35 0x36 0x9d 0x8d
[2026-07-07 13:15:44] Generated sentinel field info: 0xa5 0x36 0x00 0x00 0xcc 0x01 0x03 0x02 0x02 0x6d 0x00 0x6b 0x00 0x80 0xc2 0xe4 0x40 0xa3 0x1b 0x1b 0x41 0x00 0x00 0x00 0x00 0x00 0x00 0x00 0x00 0x56 0x65 0x19 0x40 0x3d 0x0a 0x17 0x40 0x53 0xe5 0x78 0x41 0x95 0x31 0x25 0x41 0x00 0x00 0x00 0x3f 0x00 0x00 0x68 0x41 0x18 0x79 0xe0 0x40 0xae 0x9e 0xa4 0x40 0xe6 0x6f
[2026-07-07 13:15:44] Send self decision info: 0xa5 0x0e 0x00 0x00 0x37 0x01 0x03 0x21 0x01 0x6d 0x00 0x80 0x80 0x00 0x02 0x31 0x32 0x33 0x34 0x35 0x36 0x9d 0x8d
[2026-07-07 13:15:44] Preparing to send all location info: [ 7.15, 9.69 ], [ 0.00, 0.00 ], [ 2.40, 2.36 ], [ 15.51, 10.32 ], [ 0.50, 14.50 ], [ 6.99, 5.14 ], [ 0.00, 0.00 ], [ 15.24, 12.60 ], [ 19.90, 10.03 ], [ 15.24, 12.60 ], [ 27.50, 0.50 ], [ 15.40, 11.29 ]
[2026-07-07 13:15:44] Generated sentinel field info: 0xa5 0x36 0x00 0x00 0xcc 0x01 0x03 0x02 0x02 0x6d 0x00 0x6b 0x00 0x78 0xc2 0xe4 0x40 0xa8 0x1b 0x1b 0x41 0x00 0x00 0x00 0x00 0x00 0x00 0x00 0x00 0x56 0x65 0x19 0x40 0x3d 0x0a 0x17 0x40 0x9a 0x2b 0x78 0x41 0x71 0x2a 0x25 0x41 0x00 0x00 0x00 0x3f 0x00 0x00 0x68 0x41 0x88 0xce 0xdf 0x40 0x16 0x55 0xa4 0x40 0x98 0xf9
[2026-07-07 13:15:44] Send self decision info: 0xa5 0x0e 0x00 0x00 0x37 0x01 0x03 0x21 0x01 0x6d 0x00 0x80 0x80 0x00 0x02 0x31 0x32 0x33 0x34 0x35 0x36 0x9d 0x8d
[2026-07-07 13:15:44] Generated sentinel field info: 0xa5 0x36 0x00 0x00 0xcc 0x01 0x03 0x02 0x02 0x6d 0x00 0x6b 0x00 0x94 0xc0 0xe4 0x40 0x01 0x1d 0x1b 0x41 0x00 0x00 0x00 0x00 0x00 0x00 0x00 0x00 0x56 0x65 0x19 0x40 0x3d 0x0a 0x17 0x40 0x91 0xfb 0x76 0x41 0xdb 0x9b 0x25 0x41 0x00 0x00 0x00 0x3f 0x00 0x00 0x68 0x41 0xe8 0xe1 0xdf 0x40 0x3c 0x35 0xa4 0x40 0x40 0x3d
[2026-07-07 13:15:45] Send self decision info: 0xa5 0x0e 0x00 0x00 0x37 0x01 0x03 0x21 0x01 0x6d 0x00 0x80 0x80 0x00 0x02 0x31 0x32 0x33 0x34 0x35 0x36 0x9d 0x8d
[2026-07-07 13:15:45] Preparing to send all location info: [ 7.15, 9.69 ], [ 0.00, 0.00 ], [ 2.40, 2.36 ], [ 15.38, 10.36 ], [ 0.50, 14.50 ], [ 7.03, 5.12 ], [ 0.00, 0.00 ], [ 15.32, 12.62 ], [ 19.90, 10.03 ], [ 15.24, 12.60 ], [ 27.50, 0.50 ], [ 15.40, 11.29 ]
[2026-07-07 13:15:45] Generated sentinel field info: 0xa5 0x36 0x00 0x00 0xcc 0x01 0x03 0x02 0x02 0x6d 0x00 0x6b 0x00 0x90 0xc3 0xe4 0x40 0xe1 0x1a 0x1b 0x41 0x00 0x00 0x00 0x00 0x00 0x00 0x00 0x00 0x56 0x65 0x19 0x40 0x3d 0x0a 0x17 0x40 0xa0 0x10 0x76 0x41 0xde 0xc7 0x25 0x41 0x00 0x00 0x00 0x3f 0x00 0x00 0x68 0x41 0x18 0xef 0xe0 0x40 0xf7 0xdc 0xa3 0x40 0xbd 0x6f
[2026-07-07 13:15:45] Send self decision info: 0xa5 0x0e 0x00 0x00 0x37 0x01 0x03 0x21 0x01 0x6d 0x00 0x80 0x80 0x00 0x02 0x31 0x32 0x33 0x34 0x35 0x36 0x9d 0x8d
[2026-07-07 13:15:45] Send self decision info: 0xa5 0x0e 0x00 0x00 0x37 0x01 0x03 0x21 0x01 0x6d 0x00 0x80 0x80 0x00 0x02 0x31 0x32 0x33 0x34 0x35 0x36 0x9d 0x8d
[2026-07-07 13:15:45] Preparing to send all location info: [ 7.15, 9.70 ], [ 0.00, 0.00 ], [ 2.40, 2.36 ], [ 15.26, 10.43 ], [ 0.50, 14.50 ], [ 7.08, 5.13 ], [ 0.00, 0.00 ], [ 15.32, 12.62 ], [ 19.90, 10.03 ], [ 15.46, 12.62 ], [ 27.50, 0.50 ], [ 15.40, 11.29 ]
[2026-07-07 13:15:45] Generated sentinel field info: 0xa5 0x36 0x00 0x00 0xcc 0x01 0x03 0x02 0x02 0x6d 0x00 0x6b 0x00 0xd8 0xb6 0xe4 0x40 0xf3 0x23 0x1b 0x41 0x00 0x00 0x00 0x00 0x00 0x00 0x00 0x00 0x56 0x65 0x19 0x40 0x3d 0x0a 0x17 0x40 0x6e 0x34 0x74 0x41 0x22 0xea 0x26 0x41 0x00 0x00 0x00 0x3f 0x00 0x00 0x68 0x41 0x2c 0x6f 0xe2 0x40 0x99 0x2b 0xa4 0x40 0xc2 0x81
[2026-07-07 13:15:45] Send self decision info: 0xa5 0x0e 0x00 0x00 0x37 0x01 0x03 0x21 0x01 0x6d 0x00 0x80 0x80 0x00 0x02 0x31 0x32 0x33 0x34 0x35 0x36 0x9d 0x8d
[2026-07-07 13:15:45] Generated sentinel field info: 0xa5 0x36 0x00 0x00 0xcc 0x01 0x03 0x02 0x02 0x6d 0x00 0x6b 0x00 0xec 0xbe 0xe4 0x40 0x30 0x1e 0x1b 0x41 0x00 0x00 0x00 0x00 0x00 0x00 0x00 0x00 0x56 0x65 0x19 0x40 0x3d 0x0a 0x17 0x40 0x73 0xd9 0x71 0x41 0xf0 0xcd 0x27 0x41 0x00 0x00 0x00 0x3f 0x00 0x00 0x68 0x41 0x90 0x15 0xe0 0x40 0x51 0xe0 0xa3 0x40 0xe5 0x4e
[2026-07-07 13:15:45] Send self decision info: 0xa5 0x0e 0x00 0x00 0x37 0x01 0x03 0x21 0x01 0x6d 0x00 0x80 0x80 0x00 0x02 0x31 0x32 0x33 0x34 0x35 0x36 0x9d 0x8d
[2026-07-07 13:15:45] Preparing to send all location info: [ 7.15, 9.69 ], [ 0.00, 0.00 ], [ 2.40, 2.36 ], [ 15.02, 10.54 ], [ 0.50, 14.50 ], [ 6.98, 5.12 ], [ 0.00, 0.00 ], [ 15.32, 12.62 ], [ 19.90, 10.03 ], [ 15.59, 12.64 ], [ 27.50, 0.50 ], [ 15.40, 11.29 ]
[2026-07-07 13:15:45] Generated sentinel field info: 0xa5 0x36 0x00 0x00 0xcc 0x01 0x03 0x02 0x02 0x6d 0x00 0x6b 0x00 0x40 0xc4 0xe4 0x40 0x64 0x1a 0x1b 0x41 0x00 0x00 0x00 0x00 0x00 0x00 0x00 0x00 0x56 0x65 0x19 0x40 0x3d 0x0a 0x17 0x40 0x28 0x59 0x70 0x41 0xc7 0x95 0x28 0x41 0x00 0x00 0x00 0x3f 0x00 0x00 0x68 0x41 0x78 0x3d 0xdf 0x40 0xf1 0xe1 0xa3 0x40 0x71 0x03
[2026-07-07 13:15:46] Send self decision info: 0xa5 0x0e 0x00 0x00 0x37 0x01 0x03 0x21 0x01 0x6d 0x00 0x80 0x80 0x00 0x02 0x31 0x32 0x33 0x34 0x35 0x36 0x9d 0x8d
[2026-07-07 13:15:46] Generated sentinel field info: 0xa5 0x36 0x00 0x00 0xcc 0x01 0x03 0x02 0x02 0x6d 0x00 0x6b 0x00 0x68 0xc0 0xe4 0x40 0x20 0x1d 0x1b 0x41 0x00 0x00 0x00 0x00 0x00 0x00 0x00 0x00 0x56 0x65 0x19 0x40 0x3d 0x0a 0x17 0x40 0x88 0x45 0x6d 0x41 0x85 0x7c 0x29 0x41 0x00 0x00 0x00 0x3f 0x00 0x00 0x68 0x41 0x58 0xa5 0xdf 0x40 0xc6 0x98 0xa4 0x40 0x6d 0xae
[2026-07-07 13:15:46] Send self decision info: 0xa5 0x0e 0x00 0x00 0x37 0x01 0x03 0x21 0x01 0x6d 0x00 0x80 0x80 0x00 0x02 0x31 0x32 0x33 0x34 0x35 0x36 0x9d 0x8d
[2026-07-07 13:15:46] Preparing to send all location info: [ 7.15, 9.70 ], [ 0.00, 0.00 ], [ 2.40, 2.36 ], [ 14.70, 10.64 ], [ 0.50, 14.50 ], [ 6.97, 5.14 ], [ 0.00, 0.00 ], [ 15.32, 12.62 ], [ 19.90, 10.03 ], [ 15.78, 12.65 ], [ 27.50, 0.50 ], [ 15.40, 11.29 ]
[2026-07-07 13:15:46] Generated sentinel field info: 0xa5 0x36 0x00 0x00 0xcc 0x01 0x03 0x02 0x02 0x6d 0x00 0x6b 0x00 0x00 0xbe 0xe4 0x40 0xd8 0x1e 0x1b 0x41 0x00 0x00 0x00 0x00 0x00 0x00 0x00 0x00 0x56 0x65 0x19 0x40 0x3d 0x0a 0x17 0x40 0xed 0x22 0x6b 0x41 0x14 0x30 0x2a 0x41 0x00 0x00 0x00 0x3f 0x00 0x00 0x68 0x41 0x3c 0xec 0xde 0x40 0xa1 0x67 0xa4 0x40 0x03 0x9d
[2026-07-07 13:15:46] Send self decision info: 0xa5 0x0e 0x00 0x00 0x37 0x01 0x03 0x21 0x01 0x6d 0x00 0x80 0x80 0x00 0x02 0x31 0x32 0x33 0x34 0x35 0x36 0x9d 0x8d
[2026-07-07 13:15:46] Generated sentinel field info: 0xa5 0x36 0x00 0x00 0xcc 0x01 0x03 0x02 0x02 0x6d 0x00 0x6b 0x00 0x44 0xc0 0xe4 0x40 0x3b 0x1d 0x1b 0x41 0x00 0x00 0x00 0x00 0x00 0x00 0x00 0x00 0x56 0x65 0x19 0x40 0x3d 0x0a 0x17 0x40 0x39 0x04 0x69 0x41 0x15 0xa1 0x2b 0x41 0x00 0x00 0x00 0x3f 0x00 0x00 0x68 0x41 0x24 0xf7 0xde 0x40 0xae 0x55 0xa4 0x40 0xfe 0x58
[2026-07-07 13:15:46] Send self decision info: 0xa5 0x0e 0x00 0x00 0x37 0x01 0x03 0x21 0x01 0x6d 0x00 0x80 0x80 0x00 0x02 0x31 0x32 0x33 0x34 0x35 0x36 0x9d 0x8d
[2026-07-07 13:15:46] Preparing to send all location info: [ 7.15, 9.70 ], [ 0.00, 0.00 ], [ 2.40, 2.36 ], [ 14.46, 10.83 ], [ 0.50, 14.50 ], [ 7.02, 5.14 ], [ 0.00, 0.00 ], [ 15.32, 12.62 ], [ 19.90, 10.03 ], [ 16.14, 12.64 ], [ 27.50, 0.50 ], [ 15.40, 11.29 ]
[2026-07-07 13:15:46] Generated sentinel field info: 0xa5 0x36 0x00 0x00 0xcc 0x01 0x03 0x02 0x02 0x6d 0x00 0x6b 0x00 0xb8 0xbc 0xe4 0x40 0xc3 0x1f 0x1b 0x41 0x00 0x00 0x00 0x00 0x00 0x00 0x00 0x00 0x56 0x65 0x19 0x40 0x3d 0x0a 0x17 0x40 0x05 0x5d 0x67 0x41 0xf7 0x55 0x2d 0x41 0x00 0x00 0x00 0x3f 0x00 0x00 0x68 0x41 0x60 0x9c 0xe0 0x40 0xc3 0x64 0xa4 0x40 0x39 0xdf
[2026-07-07 13:15:46] Send self decision info: 0xa5 0x0e 0x00 0x00 0x37 0x01 0x03 0x21 0x01 0x6d 0x00 0x80 0x80 0x00 0x02 0x31 0x32 0x33 0x34 0x35 0x36 0x9d 0x8d
[2026-07-07 13:15:47] Send self decision info: 0xa5 0x0e 0x00 0x00 0x37 0x01 0x03 0x21 0x01 0x6d 0x00 0x80 0x80 0x00 0x02 0x31 0x32 0x33 0x34 0x35 0x36 0x9d 0x8d
[2026-07-07 13:15:47] Preparing to send all location info: [ 7.15, 9.69 ], [ 0.00, 0.00 ], [ 2.40, 2.36 ], [ 14.34, 11.00 ], [ 0.50, 14.50 ], [ 7.05, 5.13 ], [ 0.00, 0.00 ], [ 15.32, 12.62 ], [ 19.90, 10.03 ], [ 16.46, 12.58 ], [ 27.50, 0.50 ], [ 15.40, 11.29 ]
[2026-07-07 13:15:47] Generated sentinel field info: 0xa5 0x36 0x00 0x00 0xcc 0x01 0x03 0x02 0x02 0x6d 0x00 0x6b 0x00 0xd8 0xc1 0xe4 0x40 0x1a 0x1c 0x1b 0x41 0x00 0x00 0x00 0x00 0x00 0x00 0x00 0x00 0x56 0x65 0x19 0x40 0x3d 0x0a 0x17 0x40 0xca 0x83 0x65 0x41 0x76 0xfb 0x2f 0x41 0x00 0x00 0x00 0x3f 0x00 0x00 0x68 0x41 0xc0 0x9a 0xe1 0x40 0x70 0x25 0xa4 0x40 0xf5 0x32
[2026-07-07 13:15:47] Send self decision info: 0xa5 0x0e 0x00 0x00 0x37 0x01 0x03 0x21 0x01 0x6d 0x00 0x80 0x80 0x00 0x02 0x31 0x32 0x33 0x34 0x35 0x36 0x9d 0x8d
[2026-07-07 13:15:47] Send self decision info: 0xa5 0x0e 0x00 0x00 0x37 0x01 0x03 0x21 0x01 0x6d 0x00 0x80 0x80 0x00 0x02 0x31 0x32 0x33 0x34 0x35 0x36 0x9d 0x8d
[2026-07-07 13:15:47] Preparing to send all location info: [ 7.15, 9.69 ], [ 0.00, 0.00 ], [ 2.40, 2.36 ], [ 14.25, 11.19 ], [ 0.50, 14.50 ], [ 7.02, 5.14 ], [ 0.00, 0.00 ], [ 15.32, 12.62 ], [ 19.90, 10.03 ], [ 17.05, 12.53 ], [ 27.50, 0.50 ], [ 15.40, 11.29 ]
[2026-07-07 13:15:47] Generated sentinel field info: 0xa5 0x36 0x00 0x00 0xcc 0x01 0x03 0x02 0x02 0x6d 0x00 0x6b 0x00 0x28 0xd5 0xe4 0x40 0x55 0x0e 0x1b 0x41 0x00 0x00 0x00 0x00 0x00 0x00 0x00 0x00 0x56 0x65 0x19 0x40 0x3d 0x0a 0x17 0x40 0x45 0x06 0x64 0x41 0x1a 0xfd 0x32 0x41 0x00 0x00 0x00 0x3f 0x00 0x00 0x68 0x41 0x44 0x86 0xe0 0x40 0x12 0x89 0xa4 0x40 0x4d 0xb1
[2026-07-07 13:15:47] Send self decision info: 0xa5 0x0e 0x00 0x00 0x37 0x01 0x03 0x21 0x01 0x6d 0x00 0x80 0x80 0x00 0x02 0x31 0x32 0x33 0x34 0x35 0x36 0x9d 0x8d
[2026-07-07 13:15:47] Generated sentinel field info: 0xa5 0x36 0x00 0x00 0xcc 0x01 0x03 0x02 0x02 0x6d 0x00 0x6b 0x00 0xb4 0xcf 0xe4 0x40 0x3a 0x12 0x1b 0x41 0x00 0x00 0x00 0x00 0x00 0x00 0x00 0x00 0x56 0x65 0x19 0x40 0x3d 0x0a 0x17 0x40 0x47 0x0c 0x62 0x41 0x0e 0x05 0x35 0x41 0x00 0x00 0x00 0x3f 0x00 0x00 0x68 0x41 0xc0 0x19 0xe1 0x40 0xfc 0xf8 0xa4 0x40 0x35 0xc3
[2026-07-07 13:15:47] Send self decision info: 0xa5 0x0e 0x00 0x00 0x37 0x01 0x03 0x21 0x01 0x6d 0x00 0x80 0x80 0x00 0x02 0x31 0x32 0x33 0x34 0x35 0x36 0x9d 0x8d
[2026-07-07 13:15:47] Preparing to send all location info: [ 7.15, 9.69 ], [ 0.00, 0.00 ], [ 2.40, 2.36 ], [ 14.07, 11.38 ], [ 0.50, 14.50 ], [ 7.01, 5.15 ], [ 0.00, 0.00 ], [ 15.32, 12.62 ], [ 19.90, 10.03 ], [ 17.55, 12.46 ], [ 27.50, 0.50 ], [ 15.40, 11.29 ]
[2026-07-07 13:15:47] Generated sentinel field info: 0xa5 0x36 0x00 0x00 0xcc 0x01 0x03 0x02 0x02 0x6d 0x00 0x6b 0x00 0x54 0xc7 0xe4 0x40 0x32 0x18 0x1b 0x41 0x00 0x00 0x00 0x00 0x00 0x00 0x00 0x00 0x56 0x65 0x19 0x40 0x3d 0x0a 0x17 0x40 0xbb 0x0a 0x61 0x41 0xb6 0x0d 0x36 0x41 0x00 0x00 0x00 0x3f 0x00 0x00 0x68 0x41 0x10 0x44 0xe0 0x40 0xc1 0xf5 0xa4 0x40 0x99 0x31
[2026-07-07 13:15:48] Send self decision info: 0xa5 0x0e 0x00 0x00 0x37 0x01 0x03 0x21 0x01 0x6d 0x00 0x80 0x80 0x00 0x02 0x31 0x32 0x33 0x34 0x35 0x36 0x9d 0x8d
[2026-07-07 13:15:48] Send self decision info: 0xa5 0x0e 0x00 0x00 0x37 0x01 0x03 0x21 0x01 0x6d 0x00 0x80 0x80 0x00 0x02 0x31 0x32 0x33 0x34 0x35 0x36 0x9d 0x8d
[2026-07-07 13:15:48] Preparing to send all location info: [ 7.15, 9.70 ], [ 0.00, 0.00 ], [ 2.40, 2.36 ], [ 14.19, 11.57 ], [ 0.50, 14.50 ], [ 6.99, 5.14 ], [ 0.00, 0.00 ], [ 15.32, 12.62 ], [ 19.90, 10.03 ], [ 18.32, 12.28 ], [ 27.50, 0.50 ], [ 15.40, 11.29 ]
[2026-07-07 13:15:48] Generated sentinel field info: 0xa5 0x36 0x00 0x00 0xcc 0x01 0x03 0x02 0x02 0x6d 0x00 0x6b 0x00 0x08 0xb5 0xe4 0x40 0x3c 0x25 0x1b 0x41 0x00 0x00 0x00 0x00 0x00 0x00 0x00 0x00 0x56 0x65 0x19 0x40 0x3d 0x0a 0x17 0x40 0xa6 0x0a 0x63 0x41 0xb1 0x1e 0x39 0x41 0x00 0x00 0x00 0x3f 0x00 0x00 0x68 0x41 0x6c 0xb3 0xdf 0x40 0xa4 0x81 0xa4 0x40 0x79 0x7f
[2026-07-07 13:15:48] Send self decision info: 0xa5 0x0e 0x00 0x00 0x37 0x01 0x03 0x21 0x01 0x6d 0x00 0x80 0x80 0x00 0x02 0x31 0x32 0x33 0x34 0x35 0x36 0x9d 0x8d
[2026-07-07 13:15:48] Send self decision info: 0xa5 0x0e 0x00 0x00 0x37 0x01 0x03 0x21 0x01 0x6d 0x00 0x80 0x80 0x00 0x02 0x31 0x32 0x33 0x34 0x35 0x36 0x9d 0x8d
[2026-07-07 13:15:48] Preparing to send all location info: [ 7.15, 9.70 ], [ 0.00, 0.00 ], [ 2.40, 2.36 ], [ 14.34, 11.69 ], [ 0.50, 14.50 ], [ 7.03, 5.13 ], [ 0.00, 0.00 ], [ 15.32, 12.62 ], [ 19.90, 10.03 ], [ 18.90, 12.17 ], [ 27.50, 0.50 ], [ 15.40, 11.29 ]
[2026-07-07 13:15:48] Generated sentinel field info: 0xa5 0x36 0x00 0x00 0xcc 0x01 0x03 0x02 0x02 0x6d 0x00 0x6b 0x00 0xc0 0xb2 0xe4 0x40 0xdd 0x26 0x1b 0x41 0x00 0x00 0x00 0x00 0x00 0x00 0x00 0x00 0x56 0x65 0x19 0x40 0x3d 0x0a 0x17 0x40 0x0f 0x6e 0x65 0x41 0x30 0x16 0x3b 0x41 0x00 0x00 0x00 0x3f 0x00 0x00 0x68 0x41 0xf0 0xd2 0xe0 0x40 0x30 0x0b 0xa4 0x40 0xdf 0x79
[2026-07-07 13:15:48] Send self decision info: 0xa5 0x0e 0x00 0x00 0x37 0x01 0x03 0x21 0x01 0x6d 0x00 0x80 0x80 0x00 0x02 0x31 0x32 0x33 0x34 0x35 0x36 0x9d 0x8d
[2026-07-07 13:15:48] Generated sentinel field info: 0xa5 0x36 0x00 0x00 0xcc 0x01 0x03 0x02 0x02 0x6d 0x00 0x6b 0x00 0x54 0x7a 0xe5 0x40 0xb3 0x3d 0x1b 0x41 0x00 0x00 0x00 0x00 0x00 0x00 0x00 0x00 0x56 0x65 0x19 0x40 0x3d 0x0a 0x17 0x40 0xe1 0x36 0x68 0x41 0xe0 0xaf 0x3c 0x41 0x00 0x00 0x00 0x3f 0x00 0x00 0x68 0x41 0xa8 0xa5 0xe0 0x40 0x88 0x55 0xa4 0x40 0xbf 0xbb
[2026-07-07 13:15:49] Send self decision info: 0xa5 0x0e 0x00 0x00 0x37 0x01 0x03 0x21 0x01 0x6d 0x00 0x80 0x80 0x00 0x02 0x31 0x32 0x33 0x34 0x35 0x36 0x9d 0x8d
[2026-07-07 13:15:49] Preparing to send all location info: [ 7.17, 9.70 ], [ 0.00, 0.00 ], [ 2.40, 2.36 ], [ 14.55, 11.89 ], [ 0.50, 14.50 ], [ 7.06, 5.16 ], [ 0.00, 0.00 ], [ 15.32, 12.62 ], [ 19.90, 10.03 ], [ 19.30, 12.08 ], [ 27.50, 0.50 ], [ 15.40, 11.29 ]
[2026-07-07 13:15:49] Generated sentinel field info: 0xa5 0x36 0x00 0x00 0xcc 0x01 0x03 0x02 0x02 0x6d 0x00 0x6b 0x00 0x18 0x79 0xe5 0x40 0x93 0x3e 0x1b 0x41 0x00 0x00 0x00 0x00 0x00 0x00 0x00 0x00 0x56 0x65 0x19 0x40 0x3d 0x0a 0x17 0x40 0x29 0xd6 0x68 0x41 0xf9 0x43 0x3e 0x41 0x00 0x00 0x00 0x3f 0x00 0x00 0x68 0x41 0x0c 0xee 0xe1 0x40 0x13 0xff 0xa4 0x40 0x86 0x88
[2026-07-07 13:15:49] Send self decision info: 0xa5 0x0e 0x00 0x00 0x37 0x01 0x03 0x21 0x01 0x6d 0x00 0x80 0x80 0x00 0x02 0x31 0x32 0x33 0x34 0x35 0x36 0x9d 0x8d
[2026-07-07 13:15:49] Send self decision info: 0xa5 0x0e 0x00 0x00 0x37 0x01 0x03 0x21 0x01 0x6d 0x00 0x80 0x80 0x00 0x02 0x31 0x32 0x33 0x34 0x35 0x36 0x9d 0x8d
[2026-07-07 13:15:49] Preparing to send all location info: [ 7.17, 9.70 ], [ 0.00, 0.00 ], [ 2.40, 2.36 ], [ 14.46, 12.08 ], [ 0.50, 14.50 ], [ 6.97, 5.14 ], [ 0.00, 0.00 ], [ 15.32, 12.62 ], [ 19.90, 10.03 ], [ 19.65, 12.04 ], [ 27.50, 0.50 ], [ 15.40, 11.29 ]
[2026-07-07 13:15:49] Generated sentinel field info: 0xa5 0x36 0x00 0x00 0xcc 0x01 0x03 0x02 0x02 0x6d 0x00 0x6b 0x00 0x98 0x78 0xe5 0x40 0xee 0x3e 0x1b 0x41 0x00 0x00 0x00 0x00 0x00 0x00 0x00 0x00 0x56 0x65 0x19 0x40 0x3d 0x0a 0x17 0x40 0x34 0x49 0x67 0x41 0xcc 0x43 0x41 0x41 0x00 0x00 0x00 0x3f 0x00 0x00 0x68 0x41 0xa4 0xf2 0xde 0x40 0x12 0x5d 0xa4 0x40 0xef 0x2f
[2026-07-07 13:15:49] Send self decision info: 0xa5 0x0e 0x00 0x00 0x37 0x01 0x03 0x21 0x01 0x6d 0x00 0x80 0x80 0x00 0x02 0x31 0x32 0x33 0x34 0x35 0x36 0x9d 0x8d
[2026-07-07 13:15:49] Generated sentinel field info: 0xa5 0x36 0x00 0x00 0xcc 0x01 0x03 0x02 0x02 0x6d 0x00 0x6b 0x00 0x84 0xb5 0xe4 0x40 0xe3 0x24 0x1b 0x41 0x00 0x00 0x00 0x00 0x00 0x00 0x00 0x00 0x56 0x65 0x19 0x40 0x3d 0x0a 0x17 0x40 0x62 0xd9 0x67 0x41 0x36 0xe5 0x42 0x41 0x00 0x00 0x00 0x3f 0x00 0x00 0x68 0x41 0x30 0x32 0xe0 0x40 0x19 0x13 0xa5 0x40 0xcd 0xc0
[2026-07-07 13:15:49] Send self decision info: 0xa5 0x0e 0x00 0x00 0x37 0x01 0x03 0x21 0x01 0x6d 0x00 0x80 0x80 0x00 0x02 0x31 0x32 0x33 0x34 0x35 0x36 0x9d 0x8d
[2026-07-07 13:15:49] Preparing to send all location info: [ 7.15, 9.70 ], [ 0.00, 0.00 ], [ 2.40, 2.36 ], [ 14.58, 12.27 ], [ 0.50, 14.50 ], [ 6.98, 5.16 ], [ 0.00, 0.00 ], [ 15.32, 12.62 ], [ 19.90, 10.03 ], [ 19.85, 11.97 ], [ 27.50, 0.50 ], [ 15.40, 11.29 ]
[2026-07-07 13:15:49] Generated sentinel field info: 0xa5 0x36 0x00 0x00 0xcc 0x01 0x03 0x02 0x02 0x6d 0x00 0x6b 0x00 0xb4 0xa7 0xe4 0x40 0xbd 0x2e 0x1b 0x41 0x00 0x00 0x00 0x00 0x00 0x00 0x00 0x00 0x56 0x65 0x19 0x40 0x3d 0x0a 0x17 0x40 0x6d 0x50 0x69 0x41 0x44 0x5f 0x44 0x41 0x00 0x00 0x00 0x3f 0x00 0x00 0x68 0x41 0x40 0x61 0xdf 0x40 0xb7 0x08 0xa5 0x40 0x32 0x0f
[2026-07-07 13:15:50] Send self decision info: 0xa5 0x0e 0x00 0x00 0x37 0x01 0x03 0x21 0x01 0x6d 0x00 0x80 0x80 0x00 0x02 0x31 0x32 0x33 0x34 0x35 0x36 0x9d 0x8d
[2026-07-07 13:15:50] Generated sentinel field info: 0xa5 0x36 0x00 0x00 0xcc 0x01 0x03 0x02 0x02 0x6d 0x00 0x6b 0x00 0x34 0xa2 0xe4 0x40 0xaa 0x32 0x1b 0x41 0x00 0x00 0x00 0x00 0x00 0x00 0x00 0x00 0x56 0x65 0x19 0x40 0x3d 0x0a 0x17 0x40 0x5c 0x79 0x6c 0x41 0xaf 0xac 0x45 0x41 0x00 0x00 0x00 0x3f 0x00 0x00 0x68 0x41 0x6c 0x72 0xdf 0x40 0x7b 0xec 0xa4 0x40 0x1d 0x5d
[2026-07-07 13:15:50] Send self decision info: 0xa5 0x0e 0x00 0x00 0x37 0x01 0x03 0x21 0x01 0x6d 0x00 0x80 0x80 0x00 0x02 0x31 0x32 0x33 0x34 0x35 0x36 0x9d 0x8d
[2026-07-07 13:15:50] Preparing to send all location info: [ 7.14, 9.70 ], [ 0.00, 0.00 ], [ 2.40, 2.36 ], [ 14.93, 12.39 ], [ 0.50, 14.50 ], [ 6.99, 5.14 ], [ 0.00, 0.00 ], [ 15.32, 12.62 ], [ 19.90, 10.03 ], [ 19.85, 11.97 ], [ 27.50, 0.50 ], [ 15.40, 11.29 ]
[2026-07-07 13:15:50] Generated sentinel field info: 0xa5 0x36 0x00 0x00 0xcc 0x01 0x03 0x02 0x02 0x6d 0x00 0x6b 0x00 0x3c 0x9b 0xe4 0x40 0xa0 0x37 0x1b 0x41 0x00 0x00 0x00 0x00 0x00 0x00 0x00 0x00 0x56 0x65 0x19 0x40 0x3d 0x0a 0x17 0x40 0x94 0xe7 0x6e 0x41 0x15 0x41 0x46 0x41 0x00 0x00 0x00 0x3f 0x00 0x00 0x68 0x41 0x68 0xb4 0xdf 0x40 0x06 0x80 0xa4 0x40 0x80 0xc9
[2026-07-07 13:15:50] Send self decision info: 0xa5 0x0e 0x00 0x00 0x37 0x01 0x03 0x21 0x01 0x6d 0x00 0x80 0x80 0x00 0x02 0x31 0x32 0x33 0x34 0x35 0x36 0x9d 0x8d
[2026-07-07 13:15:50] Generated sentinel field info: 0xa5 0x36 0x00 0x00 0xcc 0x01 0x03 0x02 0x02 0x6d 0x00 0x6b 0x00 0xdc 0xa1 0xe4 0x40 0xe7 0x32 0x1b 0x41 0x00 0x00 0x00 0x00 0x00 0x00 0x00 0x00 0x56 0x65 0x19 0x40 0x3d 0x0a 0x17 0x40 0xa3 0x2d 0x72 0x41 0x25 0xc9 0x46 0x41 0x00 0x00 0x00 0x3f 0x00 0x00 0x68 0x41 0xb0 0x78 0xe1 0x40 0x4e 0x5d 0xa4 0x40 0x7b 0xf2
[2026-07-07 13:15:50] Send self decision info: 0xa5 0x0e 0x00 0x00 0x37 0x01 0x03 0x21 0x01 0x6d 0x00 0x80 0x80 0x00 0x02 0x31 0x32 0x33 0x34 0x35 0x36 0x9d 0x8d
[2026-07-07 13:15:50] Preparing to send all location info: [ 7.15, 9.70 ], [ 0.00, 0.00 ], [ 2.40, 2.36 ], [ 15.45, 12.45 ], [ 0.50, 14.50 ], [ 7.05, 5.13 ], [ 0.00, 0.00 ], [ 15.32, 12.62 ], [ 19.90, 10.03 ], [ 19.85, 11.97 ], [ 27.50, 0.50 ], [ 15.40, 11.29 ]
[2026-07-07 13:15:50] Generated sentinel field info: 0xa5 0x36 0x00 0x00 0xcc 0x01 0x03 0x02 0x02 0x6d 0x00 0x6b 0x00 0x1c 0xaa 0xe4 0x40 0x05 0x2d 0x1b 0x41 0x00 0x00 0x00 0x00 0x00 0x00 0x00 0x00 0x56 0x65 0x19 0x40 0x3d 0x0a 0x17 0x40 0x24 0x21 0x77 0x41 0x58 0x3f 0x47 0x41 0x00 0x00 0x00 0x3f 0x00 0x00 0x68 0x41 0x04 0x81 0xe1 0x40 0xa5 0x4f 0xa4 0x40 0x20 0x94
[2026-07-07 13:15:50] Send self decision info: 0xa5 0x0e 0x00 0x00 0x37 0x01 0x03 0x21 0x01 0x6d 0x00 0x80 0x80 0x00 0x02 0x31 0x32 0x33 0x34 0x35 0x36 0x9d 0x8d
[2026-07-07 13:15:50] Generated sentinel field info: 0xa5 0x36 0x00 0x00 0xcc 0x01 0x03 0x02 0x02 0x6d 0x00 0x6b 0x00 0xf4 0xae 0xe4 0x40 0x92 0x29 0x1b 0x41 0x00 0x00 0x00 0x00 0x00 0x00 0x00 0x00 0x56 0x65 0x19 0x40 0x3d 0x0a 0x17 0x40 0x14 0xca 0x7b 0x41 0x0b 0x52 0x47 0x41 0x00 0x00 0x00 0x3f 0x00 0x00 0x68 0x41 0xe8 0x6e 0xe1 0x40 0x5b 0x6d 0xa4 0x40 0x4a 0x11
[2026-07-07 13:15:51] Send self decision info: 0xa5 0x0e 0x00 0x00 0x37 0x01 0x03 0x21 0x01 0x6d 0x00 0x80 0x80 0x00 0x02 0x31 0x32 0x33 0x34 0x35 0x36 0x9d 0x8d
[2026-07-07 13:15:51] Preparing to send all location info: [ 7.15, 9.70 ], [ 0.00, 0.00 ], [ 2.40, 2.36 ], [ 15.84, 12.41 ], [ 0.50, 14.50 ], [ 6.98, 5.12 ], [ 0.00, 0.00 ], [ 15.32, 12.62 ], [ 19.90, 10.03 ], [ 19.85, 11.97 ], [ 27.50, 0.50 ], [ 15.40, 11.29 ]
[2026-07-07 13:15:51] Send self decision info: 0xa5 0x0e 0x00 0x00 0x37 0x01 0x03 0x21 0x01 0x6d 0x00 0x80 0x80 0x00 0x02 0x31 0x32 0x33 0x34 0x35 0x36 0x9d 0x8d
[2026-07-07 13:15:51] Generated sentinel field info: 0xa5 0x36 0x00 0x00 0xcc 0x01 0x03 0x02 0x02 0x6d 0x00 0x6b 0x00 0x90 0xb1 0xe4 0x40 0xb6 0x27 0x1b 0x41 0x00 0x00 0x00 0x00 0x00 0x00 0x00 0x00 0x56 0x65 0x19 0x40 0x3d 0x0a 0x17 0x40 0x01 0xb9 0x80 0x41 0x28 0x09 0x45 0x41 0x00 0x00 0x00 0x3f 0x00 0x00 0x68 0x41 0xbc 0x72 0xe0 0x40 0x21 0xa9 0xa4 0x40 0xfb 0xc6
[2026-07-07 13:15:51] Send self decision info: 0xa5 0x0e 0x00 0x00 0x37 0x01 0x03 0x21 0x01 0x6d 0x00 0x80 0x80 0x00 0x02 0x31 0x32 0x33 0x34 0x35 0x36 0x9d 0x8d
[2026-07-07 13:15:51] Preparing to send all location info: [ 7.15, 9.70 ], [ 0.00, 0.00 ], [ 2.40, 2.36 ], [ 16.37, 12.20 ], [ 0.50, 14.50 ], [ 7.01, 5.15 ], [ 0.00, 0.00 ], [ 21.04, 10.76 ], [ 19.90, 10.03 ], [ 20.88, 10.90 ], [ 27.50, 0.50 ], [ 15.40, 11.29 ]
[2026-07-07 13:15:51] Generated sentinel field info: 0xa5 0x36 0x00 0x00 0xcc 0x01 0x03 0x02 0x02 0x6d 0x00 0x6b 0x00 0x40 0xb5 0xe4 0x40 0x14 0x25 0x1b 0x41 0x00 0x00 0x00 0x00 0x00 0x00 0x00 0x00 0x56 0x65 0x19 0x40 0x3d 0x0a 0x17 0x40 0xd8 0xf5 0x82 0x41 0x81 0x25 0x43 0x41 0x00 0x00 0x00 0x3f 0x00 0x00 0x68 0x41 0x5c 0x50 0xe0 0x40 0x96 0xe1 0xa4 0x40 0xd4 0x88
[2026-07-07 13:15:51] Send self decision info: 0xa5 0x0e 0x00 0x00 0x37 0x01 0x03 0x21 0x01 0x6d 0x00 0x80 0x80 0x00 0x02 0x31 0x32 0x33 0x34 0x35 0x36 0x9d 0x8d
[2026-07-07 13:15:51] Generated sentinel field info: 0xa5 0x36 0x00 0x00 0xcc 0x01 0x03 0x02 0x02 0x6d 0x00 0x6b 0x00 0x48 0xae 0xe4 0x40 0x0c 0x2a 0x1b 0x41 0x00 0x00 0x00 0x00 0x00 0x00 0x00 0x00 0x56 0x65 0x19 0x40 0x3d 0x0a 0x17 0x40 0x2c 0x4e 0x84 0x41 0xd6 0x6a 0x41 0x41 0x00 0x00 0x00 0x3f 0x00 0x00 0x68 0x41 0xf0 0x6b 0xdf 0x40 0x23 0xf7 0xa4 0x40 0x03 0x8b
[2026-07-07 13:15:51] Send self decision info: 0xa5 0x0e 0x00 0x00 0x37 0x01 0x03 0x21 0x01 0x6d 0x00 0x80 0x80 0x00 0x02 0x31 0x32 0x33 0x34 0x35 0x36 0x9d 0x8d
[2026-07-07 13:15:51] Preparing to send all location info: [ 7.15, 9.70 ], [ 0.00, 0.00 ], [ 2.40, 2.36 ], [ 16.58, 12.05 ], [ 0.50, 14.50 ], [ 6.99, 5.14 ], [ 0.00, 0.00 ], [ 21.04, 10.76 ], [ 19.90, 10.03 ], [ 20.88, 10.90 ], [ 27.50, 0.50 ], [ 15.40, 11.29 ]
[2026-07-07 13:15:51] Generated sentinel field info: 0xa5 0x36 0x00 0x00 0xcc 0x01 0x03 0x02 0x02 0x6d 0x00 0x6b 0x00 0x64 0xb4 0xe4 0x40 0xb1 0x25 0x1b 0x41 0x00 0x00 0x00 0x00 0x00 0x00 0x00 0x00 0x56 0x65 0x19 0x40 0x3d 0x0a 0x17 0x40 0x3b 0xa1 0x84 0x41 0x4e 0xd1 0x40 0x41 0x00 0x00 0x00 0x3f 0x00 0x00 0x68 0x41 0x58 0xa7 0xdf 0x40 0x80 0x95 0xa4 0x40 0xf6 0x08
[2026-07-07 13:15:52] Send self decision info: 0xa5 0x0e 0x00 0x00 0x37 0x01 0x03 0x21 0x01 0x6d 0x00 0x80 0x80 0x00 0x02 0x31 0x32 0x33 0x34 0x35 0x36 0x9d 0x8d
[2026-07-07 13:15:52] Generated sentinel field info: 0xa5 0x36 0x00 0x00 0xcc 0x01 0x03 0x02 0x02 0x6d 0x00 0x6b 0x00 0x0c 0xb4 0xe4 0x40 0xf1 0x25 0x1b 0x41 0x00 0x00 0x00 0x00 0x00 0x00 0x00 0x00 0x56 0x65 0x19 0x40 0x3d 0x0a 0x17 0x40 0xec 0x8d 0x84 0x41 0x00 0xf5 0x40 0x41 0x00 0x00 0x00 0x3f 0x00 0x00 0x68 0x41 0xf4 0xb4 0xe0 0x40 0x6d 0x3c 0xa4 0x40 0x66 0xc2
[2026-07-07 13:15:52] Send self decision info: 0xa5 0x0e 0x00 0x00 0x37 0x01 0x03 0x21 0x01 0x6d 0x00 0x80 0x80 0x00 0x02 0x31 0x32 0x33 0x34 0x35 0x36 0x9d 0x8d
[2026-07-07 13:15:52] Preparing to send all location info: [ 7.15, 9.70 ], [ 0.00, 0.00 ], [ 2.40, 2.36 ], [ 16.59, 12.09 ], [ 0.50, 14.50 ], [ 7.02, 5.14 ], [ 0.00, 0.00 ], [ 21.04, 10.76 ], [ 19.90, 10.03 ], [ 20.88, 10.90 ], [ 27.50, 0.50 ], [ 15.40, 11.29 ]
[2026-07-07 13:15:52] Generated sentinel field info: 0xa5 0x36 0x00 0x00 0xcc 0x01 0x03 0x02 0x02 0x6d 0x00 0x6b 0x00 0xa8 0xb3 0xe4 0x40 0x36 0x26 0x1b 0x41 0x00 0x00 0x00 0x00 0x00 0x00 0x00 0x00 0x56 0x65 0x19 0x40 0x3d 0x0a 0x17 0x40 0xd6 0xb0 0x84 0x41 0x85 0x77 0x41 0x41 0x00 0x00 0x00 0x3f 0x00 0x00 0x68 0x41 0x40 0xa7 0xe0 0x40 0xe8 0x52 0xa4 0x40 0x39 0xc5
[2026-07-07 13:15:52] Send self decision info: 0xa5 0x0e 0x00 0x00 0x37 0x01 0x03 0x21 0x01 0x6d 0x00 0x80 0x80 0x00 0x02 0x31 0x32 0x33 0x34 0x35 0x36 0x9d 0x8d
[2026-07-07 13:15:52] Generated sentinel field info: 0xa5 0x36 0x00 0x00 0xcc 0x01 0x03 0x02 0x02 0x6d 0x00 0x6b 0x00 0xf8 0xc8 0xe4 0x40 0x06 0x17 0x1b 0x41 0x00 0x00 0x00 0x00 0x00 0x00 0x00 0x00 0x56 0x65 0x19 0x40 0x3d 0x0a 0x17 0x40 0x50 0xa5 0x84 0x41 0xc7 0x8c 0x41 0x41 0x00 0x00 0x00 0x3f 0x00 0x00 0x68 0x41 0x0c 0x28 0xe2 0x40 0x16 0xa0 0xa4 0x40 0xb2 0x25
[2026-07-07 13:15:52] Send self decision info: 0xa5 0x0e 0x00 0x00 0x37 0x01 0x03 0x21 0x01 0x6d 0x00 0x80 0x80 0x00 0x02 0x31 0x32 0x33 0x34 0x35 0x36 0x9d 0x8d
[2026-07-07 13:15:52] Preparing to send all location info: [ 7.15, 9.69 ], [ 0.00, 0.00 ], [ 2.40, 2.36 ], [ 16.55, 12.08 ], [ 0.50, 14.50 ], [ 7.04, 5.14 ], [ 0.00, 0.00 ], [ 21.04, 10.76 ], [ 19.90, 10.03 ], [ 20.88, 10.90 ], [ 27.50, 0.50 ], [ 15.40, 11.29 ]
[2026-07-07 13:15:52] Generated sentinel field info: 0xa5 0x36 0x00 0x00 0xcc 0x01 0x03 0x02 0x02 0x6d 0x00 0x6b 0x00 0x90 0xc7 0xe4 0x40 0x08 0x18 0x1b 0x41 0x00 0x00 0x00 0x00 0x00 0x00 0x00 0x00 0x56 0x65 0x19 0x40 0x3d 0x0a 0x17 0x40 0x94 0x61 0x84 0x41 0xf7 0x46 0x41 0x41 0x00 0x00 0x00 0x3f 0x00 0x00 0x68 0x41 0x20 0x6a 0xe1 0x40 0x2c 0x75 0xa4 0x40 0xbf 0x27
[2026-07-07 13:15:52] Send self decision info: 0xa5 0x0e 0x00 0x00 0x37 0x01 0x03 0x21 0x01 0x6d 0x00 0x80 0x80 0x00 0x02 0x31 0x32 0x33 0x34 0x35 0x36 0x9d 0x8d
[2026-07-07 13:15:52] Generated sentinel field info: 0xa5 0x36 0x00 0x00 0xcc 0x01 0x03 0x02 0x02 0x6d 0x00 0x6b 0x00 0xc0 0x91 0xe5 0x40 0x07 0x2d 0x1b 0x41 0x00 0x00 0x00 0x00 0x00 0x00 0x00 0x00 0x56 0x65 0x19 0x40 0x3d 0x0a 0x17 0x40 0x04 0x65 0x84 0x41 0x9e 0x40 0x41 0x41 0x00 0x00 0x00 0x3f 0x00 0x00 0x68 0x41 0xdc 0x8e 0xe0 0x40 0xf5 0x7a 0xa4 0x40 0xbe 0x5e
[2026-07-07 13:15:53] Send self decision info: 0xa5 0x0e 0x00 0x00 0x37 0x01 0x03 0x21 0x01 0x6d 0x00 0x80 0x80 0x00 0x02 0x31 0x32 0x33 0x34 0x35 0x36 0x9d 0x8d
[2026-07-07 13:15:53] Preparing to send all location info: [ 7.17, 9.70 ], [ 0.00, 0.00 ], [ 2.40, 2.36 ], [ 16.57, 12.11 ], [ 0.50, 14.50 ], [ 7.03, 5.16 ], [ 0.00, 0.00 ], [ 21.04, 10.76 ], [ 19.90, 10.03 ], [ 20.88, 10.90 ], [ 27.50, 0.50 ], [ 15.40, 11.29 ]
[2026-07-07 13:15:53] Generated sentinel field info: 0xa5 0x36 0x00 0x00 0xcc 0x01 0x03 0x02 0x02 0x6d 0x00 0x6b 0x00 0x9c 0x8f 0xe5 0x40 0x8b 0x2e 0x1b 0x41 0x00 0x00 0x00 0x00 0x00 0x00 0x00 0x00 0x56 0x65 0x19 0x40 0x3d 0x0a 0x17 0x40 0x0d 0x93 0x84 0x41 0x7c 0xae 0x41 0x41 0x00 0x00 0x00 0x3f 0x00 0x00 0x68 0x41 0x1c 0x01 0xe1 0x40 0x63 0x21 0xa5 0x40 0xfb 0x80
[2026-07-07 13:15:53] Send self decision info: 0xa5 0x0e 0x00 0x00 0x37 0x01 0x03 0x21 0x01 0x6d 0x00 0x80 0x80 0x00 0x02 0x31 0x32 0x33 0x34 0x35 0x36 0x9d 0x8d
[2026-07-07 13:15:53] Generated sentinel field info: 0xa5 0x36 0x00 0x00 0xcc 0x01 0x03 0x02 0x02 0x6d 0x00 0x6b 0x00 0x74 0x81 0xe5 0x40 0xa0 0x38 0x1b 0x41 0x00 0x00 0x00 0x00 0x00 0x00 0x00 0x00 0x56 0x65 0x19 0x40 0x3d 0x0a 0x17 0x40 0xe3 0xc1 0x84 0x41 0xeb 0xdd 0x42 0x41 0x00 0x00 0x00 0x3f 0x00 0x00 0x68 0x41 0x4c 0xbc 0xe0 0x40 0x3c 0x92 0xa5 0x40 0x79 0x05
[2026-07-07 13:15:53] Send self decision info: 0xa5 0x0e 0x00 0x00 0x37 0x01 0x03 0x21 0x01 0x6d 0x00 0x80 0x80 0x00 0x02 0x31 0x32 0x33 0x34 0x35 0x36 0x9d 0x8d
[2026-07-07 13:15:53] Preparing to send all location info: [ 7.17, 9.70 ], [ 0.00, 0.00 ], [ 2.40, 2.36 ], [ 16.61, 12.21 ], [ 0.50, 14.50 ], [ 6.98, 5.17 ], [ 0.00, 0.00 ], [ 21.04, 10.76 ], [ 19.90, 10.03 ], [ 20.88, 10.90 ], [ 27.50, 0.50 ], [ 15.40, 11.29 ]
[2026-07-07 13:15:53] Generated sentinel field info: 0xa5 0x36 0x00 0x00 0xcc 0x01 0x03 0x02 0x02 0x6d 0x00 0x6b 0x00 0x7c 0x7b 0xe5 0x40 0xdf 0x3c 0x1b 0x41 0x00 0x00 0x00 0x00 0x00 0x00 0x00 0x00 0x56 0x65 0x19 0x40 0x3d 0x0a 0x17 0x40 0xb8 0xdc 0x84 0x41 0x67 0x6f 0x43 0x41 0x00 0x00 0x00 0x3f 0x00 0x00 0x68 0x41 0x34 0x36 0xdf 0x40 0x77 0x4f 0xa5 0x40 0x7a 0x49
[2026-07-07 13:15:53] Send self decision info: 0xa5 0x0e 0x00 0x00 0x37 0x01 0x03 0x21 0x01 0x6d 0x00 0x80 0x80 0x00 0x02 0x31 0x32 0x33 0x34 0x35 0x36 0x9d 0x8d
[2026-07-07 13:15:53] Generated sentinel field info: 0xa5 0x36 0x00 0x00 0xcc 0x01 0x03 0x02 0x02 0x6d 0x00 0x6b 0x00 0x9c 0x79 0xe5 0x40 0x36 0x3e 0x1b 0x41 0x00 0x00 0x00 0x00 0x00 0x00 0x00 0x00 0x56 0x65 0x19 0x40 0x3d 0x0a 0x17 0x40 0xb8 0x68 0x85 0x41 0x7c 0xf4 0x43 0x41 0x00 0x00 0x00 0x3f 0x00 0x00 0x68 0x41 0xac 0xa0 0xde 0x40 0xfb 0xe3 0xa4 0x40 0x6b 0x7f
[2026-07-07 13:15:53] Send self decision info: 0xa5 0x0e 0x00 0x00 0x37 0x01 0x03 0x21 0x01 0x6d 0x00 0x80 0x80 0x00 0x02 0x31 0x32 0x33 0x34 0x35 0x36 0x9d 0x8d
[2026-07-07 13:15:53] Preparing to send all location info: [ 7.17, 9.70 ], [ 0.00, 0.00 ], [ 2.40, 2.36 ], [ 16.68, 12.24 ], [ 0.50, 14.50 ], [ 6.98, 5.15 ], [ 0.00, 0.00 ], [ 21.04, 10.76 ], [ 19.90, 10.03 ], [ 20.88, 10.90 ], [ 27.50, 0.50 ], [ 15.40, 11.29 ]
[2026-07-07 13:15:53] Generated sentinel field info: 0xa5 0x36 0x00 0x00 0xcc 0x01 0x03 0x02 0x02 0x6d 0x00 0x6b 0x00 0x20 0x74 0xe5 0x40 0x1e 0x42 0x1b 0x41 0x00 0x00 0x00 0x00 0x00 0x00 0x00 0x00 0x56 0x65 0x19 0x40 0x3d 0x0a 0x17 0x40 0xc8 0x6d 0x85 0x41 0x3a 0xeb 0x43 0x41 0x00 0x00 0x00 0x3f 0x00 0x00 0x68 0x41 0xec 0x71 0xdf 0x40 0x4c 0xed 0xa4 0x40 0xda 0x44
[2026-07-07 13:15:54] Send self decision info: 0xa5 0x0e 0x00 0x00 0x37 0x01 0x03 0x21 0x01 0x6d 0x00 0x80 0x80 0x00 0x02 0x31 0x32 0x33 0x34 0x35 0x36 0x9d 0x8d
[2026-07-07 13:15:54] Send self decision info: 0xa5 0x0e 0x00 0x00 0x37 0x01 0x03 0x21 0x01 0x6d 0x00 0x80 0x80 0x00 0x02 0x31 0x32 0x33 0x34 0x35 0x36 0x9d 0x8d
[2026-07-07 13:15:54] Preparing to send all location info: [ 7.17, 9.70 ], [ 0.00, 0.00 ], [ 2.40, 2.36 ], [ 16.68, 12.24 ], [ 0.50, 14.50 ], [ 7.02, 5.14 ], [ 0.00, 0.00 ], [ 21.04, 10.76 ], [ 19.90, 10.03 ], [ 20.88, 10.90 ], [ 27.50, 0.50 ], [ 15.40, 11.29 ]
[2026-07-07 13:15:54] Generated sentinel field info: 0xa5 0x36 0x00 0x00 0xcc 0x01 0x03 0x02 0x02 0x6d 0x00 0x6b 0x00 0x30 0x7b 0xe5 0x40 0x15 0x3d 0x1b 0x41 0x00 0x00 0x00 0x00 0x00 0x00 0x00 0x00 0x56 0x65 0x19 0x40 0x3d 0x0a 0x17 0x40 0xea 0x74 0x85 0x41 0x2c 0xde 0x43 0x41 0x00 0x00 0x00 0x3f 0x00 0x00 0x68 0x41 0xe0 0x97 0xe0 0x40 0x27 0x6c 0xa4 0x40 0x2f 0x25
[2026-07-07 13:15:54] Send self decision info: 0xa5 0x0e 0x00 0x00 0x37 0x01 0x03 0x21 0x01 0x6d 0x00 0x80 0x80 0x00 0x02 0x31 0x32 0x33 0x34 0x35 0x36 0x9d 0x8d
[2026-07-07 13:15:54] Generated sentinel field info: 0xa5 0x36 0x00 0x00 0xcc 0x01 0x03 0x02 0x02 0x6d 0x00 0x6b 0x00 0xc4 0x7d 0xe5 0x40 0x3f 0x3b 0x1b 0x41 0x00 0x00 0x00 0x00 0x00 0x00 0x00 0x00 0x56 0x65 0x19 0x40 0x3d 0x0a 0x17 0x40 0x39 0x88 0x85 0x41 0xd3 0xba 0x43 0x41 0x00 0x00 0x00 0x3f 0x00 0x00 0x68 0x41 0x08 0x1a 0xe1 0x40 0x87 0xf8 0xa4 0x40 0x5a 0x87
[2026-07-07 13:15:54] Send self decision info: 0xa5 0x0e 0x00 0x00 0x37 0x01 0x03 0x21 0x01 0x6d 0x00 0x80 0x80 0x00 0x02 0x31 0x32 0x33 0x34 0x35 0x36 0x9d 0x8d
[2026-07-07 13:15:54] Preparing to send all location info: [ 7.15, 9.70 ], [ 0.00, 0.00 ], [ 2.40, 2.36 ], [ 16.69, 12.23 ], [ 0.50, 14.50 ], [ 7.04, 5.15 ], [ 0.00, 0.00 ], [ 21.04, 10.76 ], [ 19.90, 10.03 ], [ 20.88, 10.90 ], [ 27.50, 0.50 ], [ 15.40, 11.29 ]
[2026-07-07 13:15:54] Generated sentinel field info: 0xa5 0x36 0x00 0x00 0xcc 0x01 0x03 0x02 0x02 0x6d 0x00 0x6b 0x00 0x08 0xbe 0xe4 0x40 0xd1 0x1e 0x1b 0x41 0x00 0x00 0x00 0x00 0x00 0x00 0x00 0x00 0x56 0x65 0x19 0x40 0x3d 0x0a 0x17 0x40 0x98 0x89 0x85 0x41 0x50 0xb8 0x43 0x41 0x00 0x00 0x00 0x3f 0x00 0x00 0x68 0x41 0x9c 0x37 0xe1 0x40 0x05 0xc8 0xa4 0x40 0x66 0xc2
[2026-07-07 13:15:54] Send self decision info: 0xa5 0x0e 0x00 0x00 0x37 0x01 0x03 0x21 0x01 0x6d 0x00 0x80 0x80 0x00 0x02 0x31 0x32 0x33 0x34 0x35 0x36 0x9d 0x8d
[2026-07-07 13:15:54] Generated sentinel field info: 0xa5 0x36 0x00 0x00 0xcc 0x01 0x03 0x02 0x02 0x6d 0x00 0x6b 0x00 0x28 0xbc 0xe4 0x40 0x29 0x20 0x1b 0x41 0x00 0x00 0x00 0x00 0x00 0x00 0x00 0x00 0x56 0x65 0x19 0x40 0x3d 0x0a 0x17 0x40 0xf7 0x80 0x85 0x41 0x1c 0xc8 0x43 0x41 0x00 0x00 0x00 0x3f 0x00 0x00 0x68 0x41 0xa4 0x6a 0xe0 0x40 0x69 0xb6 0xa4 0x40 0xc9 0xff
[2026-07-07 13:15:55] Send self decision info: 0xa5 0x0e 0x00 0x00 0x37 0x01 0x03 0x21 0x01 0x6d 0x00 0x80 0x80 0x00 0x02 0x31 0x32 0x33 0x34 0x35 0x36 0x9d 0x8d
[2026-07-07 13:15:55] Preparing to send all location info: [ 7.17, 9.70 ], [ 0.00, 0.00 ], [ 2.40, 2.36 ], [ 16.69, 12.24 ], [ 0.50, 14.50 ], [ 7.06, 5.16 ], [ 0.00, 0.00 ], [ 21.04, 10.76 ], [ 19.90, 10.03 ], [ 20.88, 10.90 ], [ 27.50, 0.50 ], [ 15.40, 11.29 ]
[2026-07-07 13:15:55] Generated sentinel field info: 0xa5 0x36 0x00 0x00 0xcc 0x01 0x03 0x02 0x02 0x6d 0x00 0x6b 0x00 0x2c 0x89 0xe5 0x40 0x20 0x33 0x1b 0x41 0x00 0x00 0x00 0x00 0x00 0x00 0x00 0x00 0x56 0x65 0x19 0x40 0x3d 0x0a 0x17 0x40 0x37 0x82 0x85 0x41 0xd2 0xc5 0x43 0x41 0x00 0x00 0x00 0x3f 0x00 0x00 0x68 0x41 0x1c 0xc4 0xe1 0x40 0xc9 0x43 0xa5 0x40 0x5a 0x2c
[2026-07-07 13:15:55] Send self decision info: 0xa5 0x0e 0x00 0x00 0x37 0x01 0x03 0x21 0x01 0x6d 0x00 0x80 0x80 0x00 0x02 0x31 0x32 0x33 0x34 0x35 0x36 0x9d 0x8d
[2026-07-07 13:15:55] Generated sentinel field info: 0xa5 0x36 0x00 0x00 0xcc 0x01 0x03 0x02 0x02 0x6d 0x00 0x6b 0x00 0x40 0xbd 0xe4 0x40 0x60 0x1f 0x1b 0x41 0x00 0x00 0x00 0x00 0x00 0x00 0x00 0x00 0x56 0x65 0x19 0x40 0x3d 0x0a 0x17 0x40 0x62 0x85 0x85 0x41 0x06 0xc0 0x43 0x41 0x00 0x00 0x00 0x3f 0x00 0x00 0x68 0x41 0x20 0x24 0xe0 0x40 0x32 0x2a 0xa5 0x40 0xa2 0x1d
[2026-07-07 13:15:55] Send self decision info: 0xa5 0x0e 0x00 0x00 0x37 0x01 0x03 0x21 0x01 0x6d 0x00 0x80 0x80 0x00 0x02 0x31 0x32 0x33 0x34 0x35 0x36 0x9d 0x8d
[2026-07-07 13:15:55] Preparing to send all location info: [ 7.17, 9.70 ], [ 0.00, 0.00 ], [ 2.40, 2.36 ], [ 16.68, 12.24 ], [ 0.50, 14.50 ], [ 6.98, 5.16 ], [ 0.00, 0.00 ], [ 21.04, 10.76 ], [ 19.90, 10.03 ], [ 20.88, 10.90 ], [ 27.50, 0.50 ], [ 15.40, 11.29 ]
[2026-07-07 13:15:55] Generated sentinel field info: 0xa5 0x36 0x00 0x00 0xcc 0x01 0x03 0x02 0x02 0x6d 0x00 0x6b 0x00 0x5c 0x86 0xe5 0x40 0x21 0x35 0x1b 0x41 0x00 0x00 0x00 0x00 0x00 0x00 0x00 0x00 0x56 0x65 0x19 0x40 0x3d 0x0a 0x17 0x40 0x9c 0x79 0x85 0x41 0x93 0xd5 0x43 0x41 0x00 0x00 0x00 0x3f 0x00 0x00 0x68 0x41 0x68 0x48 0xdf 0x40 0x8f 0x31 0xa5 0x40 0xca 0x32
[2026-07-07 13:15:55] Send self decision info: 0xa5 0x0e 0x00 0x00 0x37 0x01 0x03 0x21 0x01 0x6d 0x00 0x80 0x80 0x00 0x02 0x31 0x32 0x33 0x34 0x35 0x36 0x9d 0x8d
[2026-07-07 13:15:55] Generated sentinel field info: 0xa5 0x36 0x00 0x00 0xcc 0x01 0x03 0x02 0x02 0x6d 0x00 0x6b 0x00 0x7c 0xbc 0xe4 0x40 0xec 0x1f 0x1b 0x41 0x00 0x00 0x00 0x00 0x00 0x00 0x00 0x00 0x56 0x65 0x19 0x40 0x3d 0x0a 0x17 0x40 0xd4 0xb2 0x85 0x41 0xfb 0x2f 0x44 0x41 0x00 0x00 0x00 0x3f 0x00 0x00 0x68 0x41 0xcc 0x9f 0xdf 0x40 0xe5 0xa1 0xa4 0x40 0x3f 0x7e
[2026-07-07 13:15:55] Send self decision info: 0xa5 0x0e 0x00 0x00 0x37 0x01 0x03 0x21 0x01 0x6d 0x00 0x80 0x80 0x00 0x02 0x31 0x32 0x33 0x34 0x35 0x36 0x9d 0x8d
[2026-07-07 13:15:55] Preparing to send all location info: [ 7.17, 9.70 ], [ 0.00, 0.00 ], [ 2.40, 2.36 ], [ 16.73, 12.29 ], [ 0.50, 14.50 ], [ 7.02, 5.14 ], [ 0.00, 0.00 ], [ 21.04, 10.76 ], [ 19.90, 10.03 ], [ 20.88, 10.90 ], [ 27.50, 0.50 ], [ 15.40, 11.29 ]
[2026-07-07 13:15:55] Generated sentinel field info: 0xa5 0x36 0x00 0x00 0xcc 0x01 0x03 0x02 0x02 0x6d 0x00 0x6b 0x00 0xc4 0x87 0xe5 0x40 0x22 0x34 0x1b 0x41 0x00 0x00 0x00 0x00 0x00 0x00 0x00 0x00 0x56 0x65 0x19 0x40 0x3d 0x0a 0x17 0x40 0x0e 0xd4 0x85 0x41 0x63 0xb6 0x44 0x41 0x00 0x00 0x00 0x3f 0x00 0x00 0x68 0x41 0x70 0x85 0xe0 0x40 0x6c 0x8a 0xa4 0x40 0x79 0x08
[2026-07-07 13:15:56] Send self decision info: 0xa5 0x0e 0x00 0x00 0x37 0x01 0x03 0x21 0x01 0x6d 0x00 0x80 0x80 0x00 0x02 0x31 0x32 0x33 0x34 0x35 0x36 0x9d 0x8d
[2026-07-07 13:15:56] Generated sentinel field info: 0xa5 0x36 0x00 0x00 0xcc 0x01 0x03 0x02 0x02 0x6d 0x00 0x6b 0x00 0x70 0x8c 0xe5 0x40 0xcd 0x30 0x1b 0x41 0x00 0x00 0x00 0x00 0x00 0x00 0x00 0x00 0x56 0x65 0x19 0x40 0x3d 0x0a 0x17 0x40 0xce 0x32 0x86 0x41 0xd1 0xcc 0x44 0x41 0x00 0x00 0x00 0x3f 0x00 0x00 0x68 0x41 0xe0 0x4f 0xe1 0x40 0x3b 0xa0 0xa4 0x40 0x7b 0xb1
[2026-07-07 13:15:56] Send self decision info: 0xa5 0x0e 0x00 0x00 0x37 0x01 0x03 0x21 0x01 0x6d 0x00 0x80 0x80 0x00 0x02 0x31 0x32 0x33 0x34 0x35 0x36 0x9d 0x8d
[2026-07-07 13:15:56] Preparing to send all location info: [ 7.15, 9.69 ], [ 0.00, 0.00 ], [ 2.40, 2.36 ], [ 16.81, 12.31 ], [ 0.50, 14.50 ], [ 7.06, 5.15 ], [ 0.00, 0.00 ], [ 21.04, 10.76 ], [ 19.90, 10.03 ], [ 20.88, 10.90 ], [ 27.50, 0.50 ], [ 15.40, 11.29 ]
[2026-07-07 13:15:56] Generated sentinel field info: 0xa5 0x36 0x00 0x00 0xcc 0x01 0x03 0x02 0x02 0x6d 0x00 0x6b 0x00 0x30 0xc7 0xe4 0x40 0x4c 0x18 0x1b 0x41 0x00 0x00 0x00 0x00 0x00 0x00 0x00 0x00 0x56 0x65 0x19 0x40 0x3d 0x0a 0x17 0x40 0x8e 0x82 0x86 0x41 0xfc 0xfe 0x44 0x41 0x00 0x00 0x00 0x3f 0x00 0x00 0x68 0x41 0x1c 0xf9 0xe1 0x40 0xf6 0xec 0xa4 0x40 0xac 0x77
[2026-07-07 13:15:56] Send self decision info: 0xa5 0x0e 0x00 0x00 0x37 0x01 0x03 0x21 0x01 0x6d 0x00 0x80 0x80 0x00 0x02 0x31 0x32 0x33 0x34 0x35 0x36 0x9d 0x8d
[2026-07-07 13:15:56] Send self decision info: 0xa5 0x0e 0x00 0x00 0x37 0x01 0x03 0x21 0x01 0x6d 0x00 0x80 0x80 0x00 0x02 0x31 0x32 0x33 0x34 0x35 0x36 0x9d 0x8d
[2026-07-07 13:15:56] Preparing to send all location info: [ 7.17, 9.70 ], [ 0.00, 0.00 ], [ 2.40, 2.36 ], [ 17.04, 12.40 ], [ 0.50, 14.50 ], [ 7.03, 5.16 ], [ 0.00, 0.00 ], [ 21.04, 10.76 ], [ 19.90, 10.03 ], [ 20.88, 10.90 ], [ 27.50, 0.50 ], [ 15.40, 11.29 ]
[2026-07-07 13:15:56] Generated sentinel field info: 0xa5 0x36 0x00 0x00 0xcc 0x01 0x03 0x02 0x02 0x6d 0x00 0x6b 0x00 0x9c 0x8f 0xe5 0x40 0x8b 0x2e 0x1b 0x41 0x00 0x00 0x00 0x00 0x00 0x00 0x00 0x00 0x56 0x65 0x19 0x40 0x3d 0x0a 0x17 0x40 0x38 0x4a 0x88 0x41 0xb3 0x5c 0x46 0x41 0x00 0x00 0x00 0x3f 0x00 0x00 0x68 0x41 0x1c 0x00 0xe1 0x40 0x0a 0x23 0xa5 0x40 0xd4 0x31
[2026-07-07 13:15:56] Send self decision info: 0xa5 0x0e 0x00 0x00 0x37 0x01 0x03 0x21 0x01 0x6d 0x00 0x80 0x80 0x00 0x02 0x31 0x32 0x33 0x34 0x35 0x36 0x9d 0x8d
[2026-07-07 13:15:56] Generated sentinel field info: 0xa5 0x36 0x00 0x00 0xcc 0x01 0x03 0x02 0x02 0x6d 0x00 0x6b 0x00 0x5c 0x87 0xe5 0x40 0x6c 0x34 0x1b 0x41 0x00 0x00 0x00 0x00 0x00 0x00 0x00 0x00 0x56 0x65 0x19 0x40 0x3d 0x0a 0x17 0x40 0xe2 0x83 0x89 0x41 0xee 0x3a 0x47 0x41 0x00 0x00 0x00 0x3f 0x00 0x00 0x68 0x41 0xc8 0xec 0xe0 0x40 0xba 0x42 0xa5 0x40 0x5c 0xf1
[2026-07-07 13:15:57] Send self decision info: 0xa5 0x0e 0x00 0x00 0x37 0x01 0x03 0x21 0x01 0x6d 0x00 0x80 0x80 0x00 0x02 0x31 0x32 0x33 0x34 0x35 0x36 0x9d 0x8d
[2026-07-07 13:15:57] Preparing to send all location info: [ 7.17, 9.70 ], [ 0.00, 0.00 ], [ 2.40, 2.36 ], [ 17.20, 12.44 ], [ 0.50, 14.50 ], [ 7.00, 5.16 ], [ 0.00, 0.00 ], [ 21.04, 10.76 ], [ 19.90, 10.03 ], [ 19.21, 1.18 ], [ 27.50, 0.50 ], [ 15.40, 11.29 ]
[2026-07-07 13:15:57] Generated sentinel field info: 0xa5 0x36 0x00 0x00 0xcc 0x01 0x03 0x02 0x02 0x6d 0x00 0x6b 0x00 0xc4 0x7e 0xe5 0x40 0x8a 0x3a 0x1b 0x41 0x00 0x00 0x00 0x00 0x00 0x00 0x00 0x00 0x56 0x65 0x19 0x40 0x3d 0x0a 0x17 0x40 0x4d 0x9e 0x89 0x41 0xb0 0x0b 0x47 0x41 0x00 0x00 0x00 0x3f 0x00 0x00 0x68 0x41 0xa8 0x1e 0xe0 0x40 0x2e 0x33 0xa5 0x40 0xc6 0x59
[2026-07-07 13:15:57] Send self decision info: 0xa5 0x0e 0x00 0x00 0x37 0x01 0x03 0x21 0x01 0x6d 0x00 0x80 0x80 0x00 0x02 0x31 0x32 0x33 0x34 0x35 0x36 0x9d 0x8d
[2026-07-07 13:15:57] Send self decision info: 0xa5 0x0e 0x00 0x00 0x37 0x01 0x03 0x21 0x01 0x6d 0x00 0x80 0x80 0x00 0x02 0x31 0x32 0x33 0x34 0x35 0x36 0x9d 0x8d
[2026-07-07 13:15:57] Preparing to send all location info: [ 7.17, 9.70 ], [ 0.00, 0.00 ], [ 2.40, 2.36 ], [ 17.22, 12.42 ], [ 0.50, 14.50 ], [ 7.01, 5.15 ], [ 0.00, 0.00 ], [ 21.04, 10.76 ], [ 19.90, 10.03 ], [ 19.10, 1.08 ], [ 27.50, 0.50 ], [ 15.40, 11.29 ]
[2026-07-07 13:15:57] Generated sentinel field info: 0xa5 0x36 0x00 0x00 0xcc 0x01 0x03 0x02 0x02 0x6d 0x00 0x6b 0x00 0x40 0x81 0xe5 0x40 0xc4 0x38 0x1b 0x41 0x00 0x00 0x00 0x00 0x00 0x00 0x00 0x00 0x56 0x65 0x19 0x40 0x3d 0x0a 0x17 0x40 0x40 0xc7 0x89 0x41 0x74 0xc2 0x46 0x41 0x00 0x00 0x00 0x3f 0x00 0x00 0x68 0x41 0xf8 0x6b 0xe0 0x40 0x3f 0xb4 0xa4 0x40 0x02 0x45
[2026-07-07 13:15:57] Send self decision info: 0xa5 0x0e 0x00 0x00 0x37 0x01 0x03 0x21 0x01 0x6d 0x00 0x80 0x80 0x00 0x02 0x31 0x32 0x33 0x34 0x35 0x36 0x9d 0x8d
[2026-07-07 13:15:57] Generated sentinel field info: 0xa5 0x36 0x00 0x00 0xcc 0x01 0x03 0x02 0x02 0x6d 0x00 0x6b 0x00 0x9c 0xba 0xe4 0x40 0x41 0x21 0x1b 0x41 0x00 0x00 0x00 0x00 0x00 0x00 0x00 0x00 0x56 0x65 0x19 0x40 0x3d 0x0a 0x17 0x40 0xfb 0xf8 0x88 0x41 0xef 0xaa 0x46 0x41 0x00 0x00 0x00 0x3f 0x00 0x00 0x68 0x41 0xfc 0x6a 0xe1 0x40 0xc3 0x73 0xa4 0x40 0xb3 0x3d
[2026-07-07 13:15:57] Send self decision info: 0xa5 0x0e 0x00 0x00 0x37 0x01 0x03 0x21 0x01 0x6d 0x00 0x80 0x80 0x00 0x02 0x31 0x32 0x33 0x34 0x35 0x36 0x9d 0x8d
[2026-07-07 13:15:57] Preparing to send all location info: [ 7.17, 9.70 ], [ 0.00, 0.00 ], [ 2.40, 2.36 ], [ 17.04, 12.40 ], [ 0.50, 14.50 ], [ 7.06, 5.15 ], [ 0.00, 0.00 ], [ 21.04, 10.76 ], [ 19.90, 10.03 ], [ 19.13, 0.93 ], [ 27.50, 0.50 ], [ 15.40, 11.29 ]
[2026-07-07 13:15:57] Generated sentinel field info: 0xa5 0x36 0x00 0x00 0xcc 0x01 0x03 0x02 0x02 0x6d 0x00 0x6b 0x00 0xe8 0x7a 0xe5 0x40 0x4a 0x3d 0x1b 0x41 0x00 0x00 0x00 0x00 0x00 0x00 0x00 0x00 0x56 0x65 0x19 0x40 0x3d 0x0a 0x17 0x40 0x56 0x4b 0x88 0x41 0xb0 0x5a 0x46 0x41 0x00 0x00 0x00 0x3f 0x00 0x00 0x68 0x41 0x88 0x11 0xe2 0x40 0xf7 0xc4 0xa4 0x40 0x20 0x51
[2026-07-07 13:15:58] Send self decision info: 0xa5 0x0e 0x00 0x00 0x37 0x01 0x03 0x21 0x01 0x6d 0x00 0x80 0x80 0x00 0x02 0x31 0x32 0x33 0x34 0x35 0x36 0x9d 0x8d
[2026-07-07 13:15:58] Generated sentinel field info: 0xa5 0x36 0x00 0x00 0xcc 0x01 0x03 0x02 0x02 0x6d 0x00 0x6b 0x00 0xf0 0x7c 0xe5 0x40 0xd7 0x3b 0x1b 0x41 0x00 0x00 0x00 0x00 0x00 0x00 0x00 0x00 0x56 0x65 0x19 0x40 0x3d 0x0a 0x17 0x40 0x9a 0x3f 0x87 0x41 0x7d 0xf2 0x45 0x41 0x00 0x00 0x00 0x3f 0x00 0x00 0x68 0x41 0xac 0x41 0xe1 0x40 0x87 0xb7 0xa4 0x40 0x63 0xf1
[2026-07-07 13:15:58] Send self decision info: 0xa5 0x0e 0x00 0x00 0x37 0x01 0x03 0x21 0x01 0x6d 0x00 0x80 0x80 0x00 0x02 0x31 0x32 0x33 0x34 0x35 0x36 0x9d 0x8d
[2026-07-07 13:15:58] Preparing to send all location info: [ 7.15, 9.70 ], [ 0.00, 0.00 ], [ 2.40, 2.36 ], [ 16.78, 12.39 ], [ 0.50, 14.50 ], [ 7.04, 5.15 ], [ 0.00, 0.00 ], [ 21.04, 10.76 ], [ 19.90, 10.03 ], [ 18.72, 0.91 ], [ 27.50, 0.50 ], [ 15.40, 11.29 ]
[2026-07-07 13:15:58] Generated sentinel field info: 0xa5 0x36 0x00 0x00 0xcc 0x01 0x03 0x02 0x02 0x6d 0x00 0x6b 0x00 0x78 0xb7 0xe4 0x40 0x7f 0x23 0x1b 0x41 0x00 0x00 0x00 0x00 0x00 0x00 0x00 0x00 0x56 0x65 0x19 0x40 0x3d 0x0a 0x17 0x40 0x3e 0x37 0x86 0x41 0x03 0x4b 0x46 0x41 0x00 0x00 0x00 0x3f 0x00 0x00 0x68 0x41 0xb4 0x33 0xe1 0x40 0x6b 0xce 0xa4 0x40 0x71 0xd2
[2026-07-07 13:15:58] Send self decision info: 0xa5 0x0e 0x00 0x00 0x37 0x01 0x03 0x21 0x01 0x6d 0x00 0x80 0x80 0x00 0x02 0x31 0x32 0x33 0x34 0x35 0x36 0x9d 0x8d
[2026-07-07 13:15:58] Send self decision info: 0xa5 0x0e 0x00 0x00 0x37 0x01 0x03 0x21 0x01 0x6d 0x00 0x80 0x80 0x00 0x02 0x31 0x32 0x33 0x34 0x35 0x36 0x9d 0x8d
[2026-07-07 13:15:58] Preparing to send all location info: [ 7.15, 9.70 ], [ 0.00, 0.00 ], [ 2.40, 2.36 ], [ 16.43, 12.42 ], [ 0.50, 14.50 ], [ 7.05, 5.17 ], [ 0.00, 0.00 ], [ 21.04, 10.76 ], [ 19.90, 10.03 ], [ 18.17, 0.96 ], [ 27.50, 0.50 ], [ 15.40, 11.29 ]
[2026-07-07 13:15:58] Generated sentinel field info: 0xa5 0x36 0x00 0x00 0xcc 0x01 0x03 0x02 0x02 0x6d 0x00 0x6b 0x00 0xe8 0xb3 0xe4 0x40 0x09 0x26 0x1b 0x41 0x00 0x00 0x00 0x00 0x00 0x00 0x00 0x00 0x56 0x65 0x19 0x40 0x3d 0x0a 0x17 0x40 0x34 0x78 0x83 0x41 0xca 0xbf 0x46 0x41 0x00 0x00 0x00 0x3f 0x00 0x00 0x68 0x41 0xd8 0x9c 0xe1 0x40 0x16 0x84 0xa5 0x40 0x8f 0xa2
[2026-07-07 13:15:58] Send self decision info: 0xa5 0x0e 0x00 0x00 0x37 0x01 0x03 0x21 0x01 0x6d 0x00 0x80 0x80 0x00 0x02 0x31 0x32 0x33 0x34 0x35 0x36 0x9d 0x8d
[2026-07-07 13:15:58] Generated sentinel field info: 0xa5 0x36 0x00 0x00 0xcc 0x01 0x03 0x02 0x02 0x6d 0x00 0x6b 0x00 0x14 0xd2 0xe4 0x40 0x88 0x10 0x1b 0x41 0x00 0x00 0x00 0x00 0x00 0x00 0x00 0x00 0x56 0x65 0x19 0x40 0x3d 0x0a 0x17 0x40 0x9c 0x7f 0x81 0x41 0x21 0x9b 0x46 0x41 0x00 0x00 0x00 0x3f 0x00 0x00 0x68 0x41 0x90 0x04 0xe0 0x40 0x05 0x5e 0xa5 0x40 0xd9 0xa1
[2026-07-07 13:15:59] Send self decision info: 0xa5 0x0e 0x00 0x00 0x37 0x01 0x03 0x21 0x01 0x6d 0x00 0x80 0x80 0x00 0x02 0x31 0x32 0x33 0x34 0x35 0x36 0x9d 0x8d
[2026-07-07 13:15:59] Preparing to send all location info: [ 7.15, 9.69 ], [ 0.00, 0.00 ], [ 2.40, 2.36 ], [ 16.01, 12.39 ], [ 0.50, 14.50 ], [ 7.00, 5.17 ], [ 0.00, 0.00 ], [ 21.04, 10.76 ], [ 19.90, 10.03 ], [ 17.64, 1.11 ], [ 27.50, 0.50 ], [ 15.40, 11.29 ]
[2026-07-07 13:15:59] Generated sentinel field info: 0xa5 0x36 0x00 0x00 0xcc 0x01 0x03 0x02 0x02 0x6d 0x00 0x6b 0x00 0xc4 0xd8 0xe4 0x40 0xc3 0x0b 0x1b 0x41 0x00 0x00 0x00 0x00 0x00 0x00 0x00 0x00 0x56 0x65 0x19 0x40 0x3d 0x0a 0x17 0x40 0x51 0x19 0x80 0x41 0x46 0x32 0x46 0x41 0x00 0x00 0x00 0x3f 0x00 0x00 0x68 0x41 0x8c 0x0f 0xe0 0x40 0xfe 0x4b 0xa5 0x40 0x8b 0xe1
[2026-07-07 13:15:59] Send self decision info: 0xa5 0x0e 0x00 0x00 0x37 0x01 0x03 0x21 0x01 0x6d 0x00 0x80 0x80 0x00 0x02 0x31 0x32 0x33 0x34 0x35 0x36 0x9d 0x8d
[2026-07-07 13:15:59] Generated sentinel field info: 0xa5 0x36 0x00 0x00 0xcc 0x01 0x03 0x02 0x02 0x6d 0x00 0x6b 0x00 0xbc 0x9b 0xe5 0x40 0xe9 0x25 0x1b 0x41 0x00 0x00 0x00 0x00 0x00 0x00 0x00 0x00 0x56 0x65 0x19 0x40 0x3d 0x0a 0x17 0x40 0x89 0x9b 0x7d 0x41 0x32 0x9e 0x45 0x41 0x00 0x00 0x00 0x3f 0x00 0x00 0x68 0x41 0xc8 0x5d 0xdf 0x40 0x67 0x0e 0xa5 0x40 0xfc 0xee
[2026-07-07 13:15:59] Send self decision info: 0xa5 0x0e 0x00 0x00 0x37 0x01 0x03 0x21 0x01 0x6d 0x00 0x80 0x80 0x00 0x02 0x31 0x32 0x33 0x34 0x35 0x36 0x9d 0x8d
[2026-07-07 13:15:59] Preparing to send all location info: [ 7.17, 9.70 ], [ 0.00, 0.00 ], [ 2.40, 2.36 ], [ 15.68, 12.32 ], [ 0.50, 14.50 ], [ 7.01, 5.15 ], [ 0.00, 0.00 ], [ 21.04, 10.76 ], [ 19.90, 10.03 ], [ 17.43, 1.42 ], [ 27.50, 0.50 ], [ 15.40, 11.29 ]
[2026-07-07 13:15:59] Generated sentinel field info: 0xa5 0x36 0x00 0x00 0xcc 0x01 0x03 0x02 0x02 0x6d 0x00 0x6b 0x00 0x50 0x80 0xe5 0x40 0x70 0x39 0x1b 0x41 0x00 0x00 0x00 0x00 0x00 0x00 0x00 0x00 0x56 0x65 0x19 0x40 0x3d 0x0a 0x17 0x40 0xa9 0xee 0x7a 0x41 0xde 0x24 0x45 0x41 0x00 0x00 0x00 0x3f 0x00 0x00 0x68 0x41 0x90 0x73 0xe0 0x40 0xc7 0xa7 0xa4 0x40 0x99 0xa1
[2026-07-07 13:15:59] Send self decision info: 0xa5 0x0e 0x00 0x00 0x37 0x01 0x03 0x21 0x01 0x6d 0x00 0x80 0x80 0x00 0x02 0x31 0x32 0x33 0x34 0x35 0x36 0x9d 0x8d
[2026-07-07 13:15:59] Generated sentinel field info: 0xa5 0x36 0x00 0x00 0xcc 0x01 0x03 0x02 0x02 0x6d 0x00 0x6b 0x00 0x90 0xb2 0xe4 0x40 0xff 0x26 0x1b 0x41 0x00 0x00 0x00 0x00 0x00 0x00 0x00 0x00 0x56 0x65 0x19 0x40 0x3d 0x0a 0x17 0x40 0x78 0x52 0x78 0x41 0x7f 0x60 0x45 0x41 0x00 0x00 0x00 0x3f 0x00 0x00 0x68 0x41 0xf0 0xfb 0xe1 0x40 0x57 0xe8 0xa4 0x40 0x97 0x8f
[2026-07-07 13:15:59] Send self decision info: 0xa5 0x0e 0x00 0x00 0x37 0x01 0x03 0x21 0x01 0x6d 0x00 0x80 0x80 0x00 0x02 0x31 0x32 0x33 0x34 0x35 0x36 0x9d 0x8d
[2026-07-07 13:15:59] Preparing to send all location info: [ 7.15, 9.70 ], [ 0.00, 0.00 ], [ 2.40, 2.36 ], [ 15.35, 12.36 ], [ 0.50, 14.50 ], [ 7.06, 5.16 ], [ 0.00, 0.00 ], [ 21.04, 10.76 ], [ 19.90, 10.03 ], [ 17.50, 1.76 ], [ 27.50, 0.50 ], [ 15.40, 11.29 ]
[2026-07-07 13:15:59] Generated sentinel field info: 0xa5 0x36 0x00 0x00 0xcc 0x01 0x03 0x02 0x02 0x6d 0x00 0x6b 0x00 0x10 0xb5 0xe4 0x40 0x38 0x25 0x1b 0x41 0x00 0x00 0x00 0x00 0x00 0x00 0x00 0x00 0x56 0x65 0x19 0x40 0x3d 0x0a 0x17 0x40 0xc5 0x8f 0x75 0x41 0xdd 0xc5 0x45 0x41 0x00 0x00 0x00 0x3f 0x00 0x00 0x68 0x41 0x98 0xec 0xe1 0x40 0x75 0x01 0xa5 0x40 0x2b 0x7e
[2026-07-07 13:16:00] Send self decision info: 0xa5 0x0e 0x00 0x00 0x37 0x01 0x03 0x21 0x01 0x6d 0x00 0x80 0x80 0x00 0x02 0x31 0x32 0x33 0x34 0x35 0x36 0x9d 0x8d
[2026-07-07 13:16:00] Generated sentinel field info: 0xa5 0x36 0x00 0x00 0xcc 0x01 0x03 0x02 0x02 0x6d 0x00 0x6b 0x00 0xd4 0xb9 0xe4 0x40 0xd2 0x21 0x1b 0x41 0x00 0x00 0x00 0x00 0x00 0x00 0x00 0x00 0x56 0x65 0x19 0x40 0x3d 0x0a 0x17 0x40 0xc1 0xd6 0x71 0x41 0xd0 0x5f 0x46 0x41 0x00 0x00 0x00 0x3f 0x00 0x00 0x68 0x41 0x2c 0x56 0xdf 0x40 0xee 0x1a 0xa5 0x40 0xfb 0x03
[2026-07-07 13:16:00] Send self decision info: 0xa5 0x0e 0x00 0x00 0x37 0x01 0x03 0x21 0x01 0x6d 0x00 0x80 0x80 0x00 0x02 0x31 0x32 0x33 0x34 0x35 0x36 0x9d 0x8d
[2026-07-07 13:16:00] Preparing to send all location info: [ 7.17, 9.70 ], [ 0.00, 0.00 ], [ 2.40, 2.36 ], [ 14.97, 12.40 ], [ 0.50, 14.50 ], [ 7.04, 5.19 ], [ 0.00, 0.00 ], [ 21.04, 10.76 ], [ 19.90, 10.03 ], [ 17.71, 2.01 ], [ 27.50, 0.50 ], [ 15.40, 11.29 ]
[2026-07-07 13:16:00] Generated sentinel field info: 0xa5 0x36 0x00 0x00 0xcc 0x01 0x03 0x02 0x02 0x6d 0x00 0x6b 0x00 0x3c 0x8b 0xe5 0x40 0xa8 0x31 0x1b 0x41 0x00 0x00 0x00 0x00 0x00 0x00 0x00 0x00 0x56 0x65 0x19 0x40 0x3d 0x0a 0x17 0x40 0x49 0x7d 0x6f 0x41 0xb8 0x6c 0x46 0x41 0x00 0x00 0x00 0x3f 0x00 0x00 0x68 0x41 0x70 0x59 0xe1 0x40 0x7c 0xf2 0xa5 0x40 0x08 0x53
[2026-07-07 13:16:00] Send self decision info: 0xa5 0x0e 0x00 0x00 0x37 0x01 0x03 0x21 0x01 0x6d 0x00 0x80 0x80 0x00 0x02 0x31 0x32 0x33 0x34 0x35 0x36 0x9d 0x8d
[2026-07-07 13:16:00] Generated sentinel field info: 0xa5 0x36 0x00 0x00 0xcc 0x01 0x03 0x02 0x02 0x6d 0x00 0x6b 0x00 0x30 0x86 0xe5 0x40 0x41 0x35 0x1b 0x41 0x00 0x00 0x00 0x00 0x00 0x00 0x00 0x00 0x56 0x65 0x19 0x40 0x3d 0x0a 0x17 0x40 0x4f 0x6b 0x6d 0x41 0x90 0x7d 0x45 0x41 0x00 0x00 0x00 0x3f 0x00 0x00 0x68 0x41 0x74 0xa1 0xe0 0x40 0x43 0xbe 0xa5 0x40 0x8d 0xe4
[2026-07-07 13:16:00] Send self decision info: 0xa5 0x0e 0x00 0x00 0x37 0x01 0x03 0x21 0x01 0x6d 0x00 0x80 0x80 0x00 0x02 0x31 0x32 0x33 0x34 0x35 0x36 0x9d 0x8d
[2026-07-07 13:16:00] Preparing to send all location info: [ 7.17, 9.70 ], [ 0.00, 0.00 ], [ 2.40, 2.36 ], [ 14.79, 12.30 ], [ 0.50, 14.50 ], [ 6.97, 5.17 ], [ 0.00, 0.00 ], [ 21.04, 10.76 ], [ 19.90, 10.03 ], [ 17.88, 2.24 ], [ 27.50, 0.50 ], [ 15.40, 11.29 ]
[2026-07-07 13:16:00] Generated sentinel field info: 0xa5 0x36 0x00 0x00 0xcc 0x01 0x03 0x02 0x02 0x6d 0x00 0x6b 0x00 0xcc 0x88 0xe5 0x40 0x65 0x33 0x1b 0x41 0x00 0x00 0x00 0x00 0x00 0x00 0x00 0x00 0x56 0x65 0x19 0x40 0x3d 0x0a 0x17 0x40 0xdd 0x95 0x6c 0x41 0xad 0xd5 0x44 0x41 0x00 0x00 0x00 0x3f 0x00 0x00 0x68 0x41 0xa8 0x32 0xdf 0x40 0x4f 0x55 0xa5 0x40 0x7d 0x71
[2026-07-07 13:16:00] Send self decision info: 0xa5 0x0e 0x00 0x00 0x37 0x01 0x03 0x21 0x01 0x6d 0x00 0x80 0x80 0x00 0x02 0x31 0x32 0x33 0x34 0x35 0x36 0x9d 0x8d
[2026-07-07 13:16:00] Generated sentinel field info: 0xa5 0x36 0x00 0x00 0xcc 0x01 0x03 0x02 0x02 0x6d 0x00 0x6b 0x00 0x1c 0xb7 0xe4 0x40 0xc2 0x23 0x1b 0x41 0x00 0x00 0x00 0x00 0x00 0x00 0x00 0x00 0x56 0x65 0x19 0x40 0x3d 0x0a 0x17 0x40 0x01 0x1a 0x6b 0x41 0xbc 0x15 0x44 0x41 0x00 0x00 0x00 0x3f 0x00 0x00 0x68 0x41 0x0c 0xf5 0xe0 0x40 0x2b 0x35 0xa5 0x40 0xb0 0x4f
[2026-07-07 13:16:01] Send self decision info: 0xa5 0x0e 0x00 0x00 0x37 0x01 0x03 0x21 0x01 0x6d 0x00 0x80 0x80 0x00 0x02 0x31 0x32 0x33 0x34 0x35 0x36 0x9d 0x8d
[2026-07-07 13:16:01] Preparing to send all location info: [ 7.15, 9.70 ], [ 0.00, 0.00 ], [ 2.40, 2.36 ], [ 14.55, 12.17 ], [ 0.50, 14.50 ], [ 7.04, 5.15 ], [ 0.00, 0.00 ], [ 21.04, 10.76 ], [ 19.90, 10.03 ], [ 18.03, 2.39 ], [ 27.50, 0.50 ], [ 15.40, 11.29 ]
[2026-07-07 13:16:01] Generated sentinel field info: 0xa5 0x36 0x00 0x00 0xcc 0x01 0x03 0x02 0x02 0x6d 0x00 0x6b 0x00 0xdc 0xa5 0xe4 0x40 0x0e 0x30 0x1b 0x41 0x00 0x00 0x00 0x00 0x00 0x00 0x00 0x00 0x56 0x65 0x19 0x40 0x3d 0x0a 0x17 0x40 0x25 0xbd 0x68 0x41 0x9e 0xbf 0x42 0x41 0x00 0x00 0x00 0x3f 0x00 0x00 0x68 0x41 0x44 0x32 0xe1 0x40 0xc9 0xd0 0xa4 0x40 0xeb 0x14
[2026-07-07 13:16:01] Send self decision info: 0xa5 0x0e 0x00 0x00 0x37 0x01 0x03 0x21 0x01 0x6d 0x00 0x80 0x80 0x00 0x02 0x31 0x32 0x33 0x34 0x35 0x36 0x9d 0x8d
[2026-07-07 13:16:01] Generated sentinel field info: 0xa5 0x36 0x00 0x00 0xcc 0x01 0x03 0x02 0x02 0x6d 0x00 0x6b 0x00 0x68 0x9e 0xe4 0x40 0x5d 0x35 0x1b 0x41 0x00 0x00 0x00 0x00 0x00 0x00 0x00 0x00 0x56 0x65 0x19 0x40 0x3d 0x0a 0x17 0x40 0x3f 0xde 0x67 0x41 0xcd 0x25 0x42 0x41 0x00 0x00 0x00 0x3f 0x00 0x00 0x68 0x41 0x5c 0x5d 0xe0 0x40 0x38 0xcc 0xa4 0x40 0xba 0xbb
[2026-07-07 13:16:01] Send self decision info: 0xa5 0x0e 0x00 0x00 0x37 0x01 0x03 0x21 0x01 0x6d 0x00 0x80 0x80 0x00 0x02 0x31 0x32 0x33 0x34 0x35 0x36 0x9d 0x8d
[2026-07-07 13:16:01] Preparing to send all location info: [ 7.14, 9.70 ], [ 0.00, 0.00 ], [ 2.40, 2.36 ], [ 14.35, 12.09 ], [ 0.50, 14.50 ], [ 7.06, 5.15 ], [ 0.00, 0.00 ], [ 21.04, 10.76 ], [ 19.90, 10.03 ], [ 18.23, 2.50 ], [ 27.50, 0.50 ], [ 15.40, 11.29 ]
[2026-07-07 13:16:01] Generated sentinel field info: 0xa5 0x36 0x00 0x00 0xcc 0x01 0x03 0x02 0x02 0x6d 0x00 0x6b 0x00 0x48 0x98 0xe4 0x40 0xbc 0x39 0x1b 0x41 0x00 0x00 0x00 0x00 0x00 0x00 0x00 0x00 0x56 0x65 0x19 0x40 0x3d 0x0a 0x17 0x40 0x51 0x95 0x65 0x41 0x29 0x7f 0x41 0x41 0x00 0x00 0x00 0x3f 0x00 0x00 0x68 0x41 0x08 0xf5 0xe1 0x40 0xa8 0xf3 0xa4 0x40 0x76 0xe1
[2026-07-07 13:16:01] Send self decision info: 0xa5 0x0e 0x00 0x00 0x37 0x01 0x03 0x21 0x01 0x6d 0x00 0x80 0x80 0x00 0x02 0x31 0x32 0x33 0x34 0x35 0x36 0x9d 0x8d
[2026-07-07 13:16:01] Generated sentinel field info: 0xa5 0x36 0x00 0x00 0xcc 0x01 0x03 0x02 0x02 0x6d 0x00 0x6b 0x00 0xf8 0x91 0xe4 0x40 0x3b 0x3e 0x1b 0x41 0x00 0x00 0x00 0x00 0x00 0x00 0x00 0x00 0x56 0x65 0x19 0x40 0x3d 0x0a 0x17 0x40 0x8a 0xe0 0x63 0x41 0xd9 0x03 0x41 0x41 0x00 0x00 0x00 0x3f 0x00 0x00 0x68 0x41 0x5c 0x19 0xe1 0x40 0x9f 0xf9 0xa4 0x40 0x7f 0xef
[2026-07-07 13:16:01] Send self decision info: 0xa5 0x0e 0x00 0x00 0x37 0x01 0x03 0x21 0x01 0x6d 0x00 0x80 0x80 0x00 0x02 0x31 0x32 0x33 0x34 0x35 0x36 0x9d 0x8d
[2026-07-07 13:16:01] Preparing to send all location info: [ 7.14, 9.70 ], [ 0.00, 0.00 ], [ 2.40, 2.36 ], [ 14.06, 12.02 ], [ 0.50, 14.50 ], [ 7.00, 5.17 ], [ 0.00, 0.00 ], [ 21.04, 10.76 ], [ 19.90, 10.03 ], [ 18.59, 2.68 ], [ 27.50, 0.50 ], [ 15.40, 11.29 ]
[2026-07-07 13:16:01] Generated sentinel field info: 0xa5 0x36 0x00 0x00 0xcc 0x01 0x03 0x02 0x02 0x6d 0x00 0x6b 0x00 0x00 0x89 0xe4 0x40 0xa1 0x44 0x1b 0x41 0x00 0x00 0x00 0x00 0x00 0x00 0x00 0x00 0x56 0x65 0x19 0x40 0x3d 0x0a 0x17 0x40 0xb3 0xf6 0x60 0x41 0x22 0x4f 0x40 0x41 0x00 0x00 0x00 0x3f 0x00 0x00 0x68 0x41 0xac 0xfc 0xdf 0x40 0xf8 0x6a 0xa5 0x40 0x66 0xaf
[2026-07-07 13:16:02] Send self decision info: 0xa5 0x0e 0x00 0x00 0x37 0x01 0x03 0x21 0x01 0x6d 0x00 0x80 0x80 0x00 0x02 0x31 0x32 0x33 0x34 0x35 0x36 0x9d 0x8d
[2026-07-07 13:16:02] Send self decision info: 0xa5 0x0e 0x00 0x00 0x37 0x01 0x03 0x21 0x01 0x6d 0x00 0x80 0x80 0x00 0x02 0x31 0x32 0x33 0x34 0x35 0x36 0x9d 0x8d
[2026-07-07 13:16:02] Preparing to send all location info: [ 7.14, 9.70 ], [ 0.00, 0.00 ], [ 2.40, 2.36 ], [ 13.78, 11.98 ], [ 0.50, 14.50 ], [ 7.00, 5.17 ], [ 0.00, 0.00 ], [ 21.04, 10.76 ], [ 19.90, 10.03 ], [ 18.59, 2.68 ], [ 27.50, 0.50 ], [ 15.40, 11.29 ]
[2026-07-07 13:16:02] Generated sentinel field info: 0xa5 0x36 0x00 0x00 0xcc 0x01 0x03 0x02 0x02 0x6d 0x00 0x6b 0x00 0x84 0x98 0xe4 0x40 0x90 0x39 0x1b 0x41 0x00 0x00 0x00 0x00 0x00 0x00 0x00 0x00 0x56 0x65 0x19 0x40 0x3d 0x0a 0x17 0x40 0x2b 0x86 0x5c 0x41 0xe0 0xbe 0x3f 0x41 0x00 0x00 0x00 0x3f 0x00 0x00 0x68 0x41 0x80 0xe4 0xdf 0x40 0xa4 0x92 0xa5 0x40 0xc4 0xcd
[2026-07-07 13:16:02] Send self decision info: 0xa5 0x0e 0x00 0x00 0x37 0x01 0x03 0x21 0x01 0x6d 0x00 0x80 0x80 0x00 0x02 0x31 0x32 0x33 0x34 0x35 0x36 0x9d 0x8d
[2026-07-07 13:16:02] Generated sentinel field info: 0xa5 0x36 0x00 0x00 0xcc 0x01 0x03 0x02 0x02 0x6d 0x00 0x6b 0x00 0xd0 0x5a 0xe5 0x40 0x23 0x54 0x1b 0x41 0x00 0x00 0x00 0x00 0x00 0x00 0x00 0x00 0x56 0x65 0x19 0x40 0x3d 0x0a 0x17 0x40 0xf6 0x67 0x5a 0x41 0x7a 0x07 0x3f 0x41 0x00 0x00 0x00 0x3f 0x00 0x00 0x68 0x41 0x44 0x1b 0xdf 0x40 0xbd 0x7b 0xa5 0x40 0x70 0x90
[2026-07-07 13:16:02] Send self decision info: 0xa5 0x0e 0x00 0x00 0x37 0x01 0x03 0x21 0x01 0x6d 0x00 0x80 0x80 0x00 0x02 0x31 0x32 0x33 0x34 0x35 0x36 0x9d 0x8d
[2026-07-07 13:16:02] Preparing to send all location info: [ 7.17, 9.71 ], [ 0.00, 0.00 ], [ 2.40, 2.36 ], [ 13.58, 11.88 ], [ 0.50, 14.50 ], [ 6.95, 5.16 ], [ 0.00, 0.00 ], [ 21.04, 10.76 ], [ 19.90, 10.03 ], [ 18.59, 2.68 ], [ 27.50, 0.50 ], [ 15.40, 11.29 ]
[2026-07-07 13:16:02] Generated sentinel field info: 0xa5 0x36 0x00 0x00 0xcc 0x01 0x03 0x02 0x02 0x6d 0x00 0x6b 0x00 0x70 0x63 0xe5 0x40 0xfd 0x4d 0x1b 0x41 0x00 0x00 0x00 0x00 0x00 0x00 0x00 0x00 0x56 0x65 0x19 0x40 0x3d 0x0a 0x17 0x40 0xcf 0x39 0x59 0x41 0xd7 0x15 0x3e 0x41 0x00 0x00 0x00 0x3f 0x00 0x00 0x68 0x41 0xc4 0x82 0xde 0x40 0x35 0x15 0xa5 0x40 0xb7 0x95
[2026-07-07 13:16:02] Send self decision info: 0xa5 0x0e 0x00 0x00 0x37 0x01 0x03 0x21 0x01 0x6d 0x00 0x80 0x80 0x00 0x02 0x31 0x32 0x33 0x34 0x35 0x36 0x9d 0x8d
[2026-07-07 13:16:02] Generated sentinel field info: 0xa5 0x36 0x00 0x00 0xcc 0x01 0x03 0x02 0x02 0x6d 0x00 0x6b 0x00 0xa0 0x63 0xe5 0x40 0xdc 0x4d 0x1b 0x41 0x00 0x00 0x00 0x00 0x00 0x00 0x00 0x00 0x56 0x65 0x19 0x40 0x3d 0x0a 0x17 0x40 0x5d 0xa8 0x57 0x41 0x77 0x1d 0x3c 0x41 0x00 0x00 0x00 0x3f 0x00 0x00 0x68 0x41 0x20 0xfb 0xe0 0x40 0x34 0x2b 0xa5 0x40 0x76 0x5e
[2026-07-07 13:16:03] Send self decision info: 0xa5 0x0e 0x00 0x00 0x37 0x01 0x03 0x21 0x01 0x6d 0x00 0x80 0x80 0x00 0x02 0x31 0x32 0x33 0x34 0x35 0x36 0x9d 0x8d
[2026-07-07 13:16:03] Preparing to send all location info: [ 7.17, 9.71 ], [ 0.00, 0.00 ], [ 2.40, 2.36 ], [ 13.51, 11.68 ], [ 0.50, 14.50 ], [ 7.04, 5.15 ], [ 0.00, 0.00 ], [ 21.04, 10.76 ], [ 19.90, 10.03 ], [ 18.07, 3.71 ], [ 27.50, 0.50 ], [ 15.40, 11.29 ]
[2026-07-07 13:16:03] Generated sentinel field info: 0xa5 0x36 0x00 0x00 0xcc 0x01 0x03 0x02 0x02 0x6d 0x00 0x6b 0x00 0x20 0x68 0xe5 0x40 0xa7 0x4a 0x1b 0x41 0x00 0x00 0x00 0x00 0x00 0x00 0x00 0x00 0x56 0x65 0x19 0x40 0x3d 0x0a 0x17 0x40 0xb7 0x24 0x58 0x41 0xcb 0xe4 0x3a 0x41 0x00 0x00 0x00 0x3f 0x00 0x00 0x68 0x41 0x30 0x24 0xe1 0x40 0xe1 0xe7 0xa4 0x40 0x8e 0x2c
[2026-07-07 13:16:03] Send self decision info: 0xa5 0x0e 0x00 0x00 0x37 0x01 0x03 0x21 0x01 0x6d 0x00 0x80 0x80 0x00 0x02 0x31 0x32 0x33 0x34 0x35 0x36 0x9d 0x8d
[2026-07-07 13:16:03] Generated sentinel field info: 0xa5 0x36 0x00 0x00 0xcc 0x01 0x03 0x02 0x02 0x6d 0x00 0x6b 0x00 0xa0 0x66 0xe5 0x40 0xbb 0x4b 0x1b 0x41 0x00 0x00 0x00 0x00 0x00 0x00 0x00 0x00 0x56 0x65 0x19 0x40 0x3d 0x0a 0x17 0x40 0xc4 0x1f 0x58 0x41 0x8c 0xc1 0x38 0x41 0x00 0x00 0x00 0x3f 0x00 0x00 0x68 0x41 0xc4 0xb3 0xe2 0x40 0xa4 0x1d 0xa5 0x40 0x60 0xb6
[2026-07-07 13:16:03] Send self decision info: 0xa5 0x0e 0x00 0x00 0x37 0x01 0x03 0x21 0x01 0x6d 0x00 0x80 0x80 0x00 0x02 0x31 0x32 0x33 0x34 0x35 0x36 0x9d 0x8d
[2026-07-07 13:16:03] Preparing to send all location info: [ 7.14, 9.71 ], [ 0.00, 0.00 ], [ 2.40, 2.36 ], [ 13.44, 11.39 ], [ 0.50, 14.50 ], [ 6.99, 5.15 ], [ 0.00, 0.00 ], [ 21.04, 10.76 ], [ 19.90, 10.03 ], [ 17.56, 3.91 ], [ 27.50, 0.50 ], [ 15.40, 11.29 ]
[2026-07-07 13:16:03] Generated sentinel field info: 0xa5 0x36 0x00 0x00 0xcc 0x01 0x03 0x02 0x02 0x6d 0x00 0x6b 0x00 0x1c 0x5b 0xe4 0x40 0x57 0x65 0x1b 0x41 0x00 0x00 0x00 0x00 0x00 0x00 0x00 0x00 0x56 0x65 0x19 0x40 0x3d 0x0a 0x17 0x40 0x35 0x03 0x57 0x41 0x60 0x51 0x36 0x41 0x00 0x00 0x00 0x3f 0x00 0x00 0x68 0x41 0xf0 0x8a 0xdf 0x40 0x2f 0xc4 0xa4 0x40 0x2c 0xb4
[2026-07-07 13:16:03] Send self decision info: 0xa5 0x0e 0x00 0x00 0x37 0x01 0x03 0x21 0x01 0x6d 0x00 0x80 0x80 0x00 0x02 0x31 0x32 0x33 0x34 0x35 0x36 0x9d 0x8d
[2026-07-07 13:16:03] Send self decision info: 0xa5 0x0e 0x00 0x00 0x37 0x01 0x03 0x21 0x01 0x6d 0x00 0x80 0x80 0x00 0x02 0x31 0x32 0x33 0x34 0x35 0x36 0x9d 0x8d
[2026-07-07 13:16:03] Preparing to send all location info: [ 7.17, 9.70 ], [ 0.00, 0.00 ], [ 2.40, 2.36 ], [ 13.35, 11.17 ], [ 0.50, 14.50 ], [ 7.04, 5.19 ], [ 0.00, 0.00 ], [ 21.04, 10.76 ], [ 19.90, 10.03 ], [ 17.09, 4.14 ], [ 27.50, 0.50 ], [ 15.40, 11.29 ]
[2026-07-07 13:16:03] Generated sentinel field info: 0xa5 0x36 0x00 0x00 0xcc 0x01 0x03 0x02 0x02 0x6d 0x00 0x6b 0x00 0xd0 0x82 0xe5 0x40 0xa8 0x37 0x1b 0x41 0x00 0x00 0x00 0x00 0x00 0x00 0x00 0x00 0x56 0x65 0x19 0x40 0x3d 0x0a 0x17 0x40 0x25 0x9d 0x55 0x41 0xa2 0xbf 0x32 0x41 0x00 0x00 0x00 0x3f 0x00 0x00 0x68 0x41 0x90 0x37 0xe1 0x40 0xf9 0x29 0xa6 0x40 0x37 0x9e
[2026-07-07 13:16:04] Send self decision info: 0xa5 0x0e 0x00 0x00 0x37 0x01 0x03 0x21 0x01 0x6d 0x00 0x80 0x80 0x00 0x02 0x31 0x32 0x33 0x34 0x35 0x36 0x9d 0x8d
[2026-07-07 13:16:04] Generated sentinel field info: 0xa5 0x36 0x00 0x00 0xcc 0x01 0x03 0x02 0x02 0x6d 0x00 0x6b 0x00 0xf0 0x8e 0xe5 0x40 0x05 0x2f 0x1b 0x41 0x00 0x00 0x00 0x00 0x00 0x00 0x00 0x00 0x56 0x65 0x19 0x40 0x3d 0x0a 0x17 0x40 0xf4 0xf7 0x54 0x41 0x87 0x8c 0x30 0x41 0x00 0x00 0x00 0x3f 0x00 0x00 0x68 0x41 0x14 0xb5 0xdf 0x40 0x85 0xe0 0xa5 0x40 0x8e 0x38
[2026-07-07 13:16:04] Send self decision info: 0xa5 0x0e 0x00 0x00 0x37 0x01 0x03 0x21 0x01 0x6d 0x00 0x80 0x80 0x00 0x02 0x31 0x32 0x33 0x34 0x35 0x36 0x9d 0x8d
[2026-07-07 13:16:04] Preparing to send all location info: [ 7.15, 9.69 ], [ 0.00, 0.00 ], [ 2.40, 2.36 ], [ 13.36, 10.94 ], [ 0.50, 14.50 ], [ 6.97, 5.17 ], [ 0.00, 0.00 ], [ 21.04, 10.76 ], [ 19.90, 10.03 ], [ 16.61, 4.38 ], [ 27.50, 0.50 ], [ 15.40, 11.29 ]
[2026-07-07 13:16:04] Generated sentinel field info: 0xa5 0x36 0x00 0x00 0xcc 0x01 0x03 0x02 0x02 0x6d 0x00 0x6b 0x00 0x50 0xd5 0xe4 0x40 0x3a 0x0e 0x1b 0x41 0x00 0x00 0x00 0x00 0x00 0x00 0x00 0x00 0x56 0x65 0x19 0x40 0x3d 0x0a 0x17 0x40 0xe3 0xb6 0x55 0x41 0x96 0x07 0x2f 0x41 0x00 0x00 0x00 0x3f 0x00 0x00 0x68 0x41 0xc8 0x10 0xdf 0x40 0xf9 0x8c 0xa5 0x40 0xc0 0x08
[2026-07-07 13:16:04] Send self decision info: 0xa5 0x0e 0x00 0x00 0x37 0x01 0x03 0x21 0x01 0x6d 0x00 0x80 0x80 0x00 0x02 0x31 0x32 0x33 0x34 0x35 0x36 0x9d 0x8d
[2026-07-07 13:16:04] Generated sentinel field info: 0xa5 0x36 0x00 0x00 0xcc 0x01 0x03 0x02 0x02 0x6d 0x00 0x6b 0x00 0xa0 0xca 0xe4 0x40 0xd9 0x15 0x1b 0x41 0x00 0x00 0x00 0x00 0x00 0x00 0x00 0x00 0x56 0x65 0x19 0x40 0x3d 0x0a 0x17 0x40 0xb5 0xcf 0x56 0x41 0xda 0x67 0x2c 0x41 0x00 0x00 0x00 0x3f 0x00 0x00 0x68 0x41 0x50 0xd1 0xe1 0x40 0x23 0x2e 0xa5 0x40 0x9a 0xd4
[2026-07-07 13:16:04] Send self decision info: 0xa5 0x0e 0x00 0x00 0x37 0x01 0x03 0x21 0x01 0x6d 0x00 0x80 0x80 0x00 0x02 0x31 0x32 0x33 0x34 0x35 0x36 0x9d 0x8d
[2026-07-07 13:16:04] Preparing to send all location info: [ 7.15, 9.69 ], [ 0.00, 0.00 ], [ 2.40, 2.36 ], [ 13.47, 10.59 ], [ 0.50, 14.50 ], [ 7.08, 5.16 ], [ 0.00, 0.00 ], [ 21.04, 10.76 ], [ 19.90, 10.03 ], [ 16.24, 4.81 ], [ 27.50, 0.50 ], [ 15.40, 11.29 ]
[2026-07-07 13:16:04] Generated sentinel field info: 0xa5 0x36 0x00 0x00 0xcc 0x01 0x03 0x02 0x02 0x6d 0x00 0x6b 0x00 0x54 0xbf 0xe4 0x40 0xe5 0x1d 0x1b 0x41 0x00 0x00 0x00 0x00 0x00 0x00 0x00 0x00 0x56 0x65 0x19 0x40 0x3d 0x0a 0x17 0x40 0x9a 0x86 0x57 0x41 0xac 0x74 0x29 0x41 0x00 0x00 0x00 0x3f 0x00 0x00 0x68 0x41 0xdc 0xa0 0xe2 0x40 0x8f 0x3c 0xa5 0x40 0x53 0xdc
[2026-07-07 13:16:04] Send self decision info: 0xa5 0x0e 0x00 0x00 0x37 0x01 0x03 0x21 0x01 0x6d 0x00 0x80 0x80 0x00 0x02 0x31 0x32 0x33 0x34 0x35 0x36 0x9d 0x8d
[2026-07-07 13:16:04] Generated sentinel field info: 0xa5 0x36 0x00 0x00 0xcc 0x01 0x03 0x02 0x02 0x6d 0x00 0x6b 0x00 0xa8 0xbc 0xe4 0x40 0xcc 0x1f 0x1b 0x41 0x00 0x00 0x00 0x00 0x00 0x00 0x00 0x00 0x56 0x65 0x19 0x40 0x3d 0x0a 0x17 0x40 0x15 0x5b 0x59 0x41 0xd9 0xc0 0x26 0x41 0x00 0x00 0x00 0x3f 0x00 0x00 0x68 0x41 0x18 0x5f 0xe2 0x40 0x27 0xa8 0xa5 0x40 0x48 0x43
[2026-07-07 13:16:05] Send self decision info: 0xa5 0x0e 0x00 0x00 0x37 0x01 0x03 0x21 0x01 0x6d 0x00 0x80 0x80 0x00 0x02 0x31 0x32 0x33 0x34 0x35 0x36 0x9d 0x8d
[2026-07-07 13:16:05] Preparing to send all location info: [ 7.14, 9.70 ], [ 0.00, 0.00 ], [ 2.40, 2.36 ], [ 13.65, 10.31 ], [ 0.50, 14.50 ], [ 7.05, 5.17 ], [ 0.00, 0.00 ], [ 21.04, 10.76 ], [ 19.90, 10.03 ], [ 15.94, 5.22 ], [ 27.50, 0.50 ], [ 15.40, 11.29 ]
[2026-07-07 13:16:05] Generated sentinel field info: 0xa5 0x36 0x00 0x00 0xcc 0x01 0x03 0x02 0x02 0x6d 0x00 0x6b 0x00 0x10 0x86 0xe4 0x40 0xb9 0x46 0x1b 0x41 0x00 0x00 0x00 0x00 0x00 0x00 0x00 0x00 0x56 0x65 0x19 0x40 0x3d 0x0a 0x17 0x40 0x0b 0x5f 0x5a 0x41 0x9d 0xec 0x24 0x41 0x00 0x00 0x00 0x3f 0x00 0x00 0x68 0x41 0x28 0x98 0xe1 0x40 0xc5 0x8b 0xa5 0x40 0xdd 0x23
[2026-07-07 13:16:05] Send self decision info: 0xa5 0x0e 0x00 0x00 0x37 0x01 0x03 0x21 0x01 0x6d 0x00 0x80 0x80 0x00 0x02 0x31 0x32 0x33 0x34 0x35 0x36 0x9d 0x8d
[2026-07-07 13:16:05] Generated sentinel field info: 0xa5 0x36 0x00 0x00 0xcc 0x01 0x03 0x02 0x02 0x6d 0x00 0x6b 0x00 0xdc 0xb2 0xe2 0x40 0x89 0x4a 0x1b 0x41 0x00 0x00 0x00 0x00 0x00 0x00 0x00 0x00 0x56 0x65 0x19 0x40 0x3d 0x0a 0x17 0x40 0xa4 0x74 0x5a 0x41 0x78 0xe4 0x21 0x41 0x00 0x00 0x00 0x3f 0x00 0x00 0x68 0x41 0xbc 0x7d 0xe0 0x40 0xd5 0xf8 0xa5 0x40 0xed 0x3d
[2026-07-07 13:16:05] Send self decision info: 0xa5 0x0e 0x00 0x00 0x37 0x01 0x03 0x21 0x01 0x6d 0x00 0x80 0x80 0x00 0x02 0x31 0x32 0x33 0x34 0x35 0x36 0x9d 0x8d
[2026-07-07 13:16:05] Preparing to send all location info: [ 7.12, 9.70 ], [ 0.00, 0.00 ], [ 2.40, 2.36 ], [ 13.67, 9.92 ], [ 0.50, 14.50 ], [ 7.06, 5.20 ], [ 0.00, 0.00 ], [ 21.04, 10.76 ], [ 19.90, 10.03 ], [ 15.54, 5.73 ], [ 27.50, 0.50 ], [ 15.40, 11.29 ]
[2026-07-07 13:16:05] Generated sentinel field info: 0xa5 0x36 0x00 0x00 0xcc 0x01 0x03 0x02 0x02 0x6d 0x00 0x6b 0x00 0xc8 0xb8 0xe3 0x40 0x42 0x34 0x1b 0x41 0x00 0x00 0x00 0x00 0x00 0x00 0x00 0x00 0x56 0x65 0x19 0x40 0x3d 0x0a 0x17 0x40 0x86 0xa6 0x5a 0x41 0x48 0xbb 0x1e 0x41 0x00 0x00 0x00 0x3f 0x00 0x00 0x68 0x41 0x4c 0xe9 0xe1 0x40 0xdb 0x68 0xa6 0x40 0x03 0x35
[2026-07-07 13:16:05] Send self decision info: 0xa5 0x0e 0x00 0x00 0x37 0x01 0x03 0x21 0x01 0x6d 0x00 0x80 0x80 0x00 0x02 0x31 0x32 0x33 0x34 0x35 0x36 0x9d 0x8d
[2026-07-07 13:16:05] Send self decision info: 0xa5 0x0e 0x00 0x00 0x37 0x01 0x03 0x21 0x01 0x6d 0x00 0x80 0x80 0x00 0x02 0x31 0x32 0x33 0x34 0x35 0x36 0x9d 0x8d
[2026-07-07 13:16:05] Preparing to send all location info: [ 7.14, 9.71 ], [ 0.00, 0.00 ], [ 2.40, 2.36 ], [ 13.62, 9.60 ], [ 0.50, 14.50 ], [ 7.02, 5.19 ], [ 0.00, 0.00 ], [ 21.04, 10.76 ], [ 19.90, 10.03 ], [ 15.17, 6.01 ], [ 27.50, 0.50 ], [ 15.40, 11.29 ]
[2026-07-07 13:16:05] Generated sentinel field info: 0xa5 0x36 0x00 0x00 0xcc 0x01 0x03 0x02 0x02 0x6d 0x00 0x6b 0x00 0x30 0x74 0xe4 0x40 0x76 0x53 0x1b 0x41 0x00 0x00 0x00 0x00 0x00 0x00 0x00 0x00 0x56 0x65 0x19 0x40 0x3d 0x0a 0x17 0x40 0x99 0xff 0x59 0x41 0x50 0x88 0x19 0x41 0x00 0x00 0x00 0x3f 0x00 0x00 0x68 0x41 0xbc 0x80 0xe0 0x40 0xe5 0xf3 0xa5 0x40 0x56 0x26
[2026-07-07 13:16:06] Send self decision info: 0xa5 0x0e 0x00 0x00 0x37 0x01 0x03 0x21 0x01 0x6d 0x00 0x80 0x80 0x00 0x02 0x31 0x32 0x33 0x34 0x35 0x36 0x9d 0x8d
[2026-07-07 13:16:06] Generated sentinel field info: 0xa5 0x36 0x00 0x00 0xcc 0x01 0x03 0x02 0x02 0x6d 0x00 0x6b 0x00 0x64 0x6b 0xe4 0x40 0xbb 0x59 0x1b 0x41 0x00 0x00 0x00 0x00 0x00 0x00 0x00 0x00 0x56 0x65 0x19 0x40 0x3d 0x0a 0x17 0x40 0xcb 0xd8 0x59 0x41 0xd7 0x37 0x18 0x41 0x00 0x00 0x00 0x3f 0x00 0x00 0x68 0x41 0xb4 0x09 0xdf 0x40 0x9f 0x98 0xa5 0x40 0x7c 0xb8
[2026-07-07 13:16:06] Send self decision info: 0xa5 0x0e 0x00 0x00 0x37 0x01 0x03 0x21 0x01 0x6d 0x00 0x80 0x80 0x00 0x02 0x31 0x32 0x33 0x34 0x35 0x36 0x9d 0x8d
[2026-07-07 13:16:06] Preparing to send all location info: [ 7.12, 9.70 ], [ 0.00, 0.00 ], [ 2.40, 2.36 ], [ 13.63, 9.50 ], [ 0.50, 14.50 ], [ 7.02, 5.18 ], [ 0.00, 0.00 ], [ 21.04, 10.76 ], [ 19.90, 10.03 ], [ 15.26, 6.05 ], [ 27.50, 0.50 ], [ 15.40, 11.29 ]
[2026-07-07 13:16:06] Generated sentinel field info: 0xa5 0x36 0x00 0x00 0xcc 0x01 0x03 0x02 0x02 0x6d 0x00 0x6b 0x00 0x84 0xc2 0xe3 0x40 0x4d 0x2d 0x1b 0x41 0x00 0x00 0x00 0x00 0x00 0x00 0x00 0x00 0x56 0x65 0x19 0x40 0x3d 0x0a 0x17 0x40 0x68 0x0a 0x5a 0x41 0xcf 0x00 0x18 0x41 0x00 0x00 0x00 0x3f 0x00 0x00 0x68 0x41 0x60 0x8d 0xe0 0x40 0x2b 0xdf 0xa5 0x40 0x94 0xf8
[2026-07-07 13:16:06] Send self decision info: 0xa5 0x0e 0x00 0x00 0x37 0x01 0x03 0x21 0x01 0x6d 0x00 0x80 0x80 0x00 0x02 0x31 0x32 0x33 0x34 0x35 0x36 0x9d 0x8d
[2026-07-07 13:16:06] Generated sentinel field info: 0xa5 0x36 0x00 0x00 0xcc 0x01 0x03 0x02 0x02 0x6d 0x00 0x6b 0x00 0x78 0xf6 0xe2 0x40 0x36 0x1a 0x1b 0x41 0x00 0x00 0x00 0x00 0x00 0x00 0x00 0x00 0x56 0x65 0x19 0x40 0x3d 0x0a 0x17 0x40 0x0a 0x36 0x59 0x41 0x05 0x71 0x17 0x41 0x00 0x00 0x00 0x3f 0x00 0x00 0x68 0x41 0x04 0xf7 0xdf 0x40 0x3f 0x74 0xa5 0x40 0xb8 0xad
[2026-07-07 13:16:06] Send self decision info: 0xa5 0x0e 0x00 0x00 0x37 0x01 0x03 0x21 0x01 0x6d 0x00 0x80 0x80 0x00 0x02 0x31 0x32 0x33 0x34 0x35 0x36 0x9d 0x8d
[2026-07-07 13:16:06] Preparing to send all location info: [ 7.09, 9.69 ], [ 0.00, 0.00 ], [ 2.40, 2.36 ], [ 13.50, 9.36 ], [ 0.50, 14.50 ], [ 7.03, 5.16 ], [ 0.00, 0.00 ], [ 21.04, 10.76 ], [ 19.90, 10.03 ], [ 15.30, 6.06 ], [ 27.50, 0.50 ], [ 15.40, 11.29 ]
[2026-07-07 13:16:06] Generated sentinel field info: 0xa5 0x36 0x00 0x00 0xcc 0x01 0x03 0x02 0x02 0x6d 0x00 0x6b 0x00 0x68 0x00 0xe3 0x40 0x1e 0x13 0x1b 0x41 0x00 0x00 0x00 0x00 0x00 0x00 0x00 0x00 0x56 0x65 0x19 0x40 0x3d 0x0a 0x17 0x40 0x5b 0x04 0x58 0x41 0xf8 0xce 0x15 0x41 0x00 0x00 0x00 0x3f 0x00 0x00 0x68 0x41 0x68 0xed 0xe0 0x40 0xb1 0x41 0xa5 0x40 0xf2 0x9d
[2026-07-07 13:16:06] Send self decision info: 0xa5 0x0e 0x00 0x00 0x37 0x01 0x03 0x21 0x01 0x6d 0x00 0x80 0x80 0x00 0x02 0x31 0x32 0x33 0x34 0x35 0x36 0x9d 0x8d
[2026-07-07 13:16:06] Generated sentinel field info: 0xa5 0x36 0x00 0x00 0xcc 0x01 0x03 0x02 0x02 0x6d 0x00 0x6b 0x00 0x98 0x09 0xe3 0x40 0x8d 0x0c 0x1b 0x41 0x00 0x00 0x00 0x00 0x00 0x00 0x00 0x00 0x56 0x65 0x19 0x40 0x3d 0x0a 0x17 0x40 0x95 0x47 0x58 0x41 0xcb 0x07 0x14 0x41 0x00 0x00 0x00 0x3f 0x00 0x00 0x68 0x41 0xcc 0x33 0xe3 0x40 0x92 0xae 0xa5 0x40 0xa5 0x01
[2026-07-07 13:16:07] Send self decision info: 0xa5 0x0e 0x00 0x00 0x37 0x01 0x03 0x21 0x01 0x6d 0x00 0x80 0x80 0x00 0x02 0x31 0x32 0x33 0x34 0x35 0x36 0x9d 0x8d
[2026-07-07 13:16:07] Preparing to send all location info: [ 7.07, 9.69 ], [ 0.00, 0.00 ], [ 2.40, 2.36 ], [ 13.44, 9.10 ], [ 0.50, 14.50 ], [ 6.97, 5.17 ], [ 0.00, 0.00 ], [ 21.04, 10.76 ], [ 19.90, 10.03 ], [ 15.45, 6.08 ], [ 27.50, 0.50 ], [ 15.40, 11.29 ]
[2026-07-07 13:16:07] Generated sentinel field info: 0xa5 0x36 0x00 0x00 0xcc 0x01 0x03 0x02 0x02 0x6d 0x00 0x6b 0x00 0x68 0x33 0xe2 0x40 0xf6 0x00 0x1b 0x41 0x00 0x00 0x00 0x00 0x00 0x00 0x00 0x00 0x56 0x65 0x19 0x40 0x3d 0x0a 0x17 0x40 0xec 0x19 0x57 0x41 0xcd 0xa4 0x11 0x41 0x00 0x00 0x00 0x3f 0x00 0x00 0x68 0x41 0xf0 0x0d 0xdf 0x40 0xa8 0x91 0xa5 0x40 0xbf 0x39
[2026-07-07 13:16:07] Send self decision info: 0xa5 0x0e 0x00 0x00 0x37 0x01 0x03 0x21 0x01 0x6d 0x00 0x80 0x80 0x00 0x02 0x31 0x32 0x33 0x34 0x35 0x36 0x9d 0x8d
[2026-07-07 13:16:07] Send self decision info: 0xa5 0x0e 0x00 0x00 0x37 0x01 0x03 0x21 0x01 0x6d 0x00 0x80 0x80 0x00 0x02 0x31 0x32 0x33 0x34 0x35 0x36 0x9d 0x8d
[2026-07-07 13:16:07] Preparing to send all location info: [ 7.11, 9.70 ], [ 0.00, 0.00 ], [ 2.40, 2.36 ], [ 13.42, 8.76 ], [ 0.50, 14.50 ], [ 6.99, 5.18 ], [ 0.00, 0.00 ], [ 21.04, 10.76 ], [ 19.90, 10.03 ], [ 15.41, 6.08 ], [ 27.50, 0.50 ], [ 15.40, 11.29 ]
[2026-07-07 13:16:07] Generated sentinel field info: 0xa5 0x36 0x00 0x00 0xcc 0x01 0x03 0x02 0x02 0x6d 0x00 0x6b 0x00 0x58 0x9e 0xe3 0x40 0x21 0x47 0x1b 0x41 0x00 0x00 0x00 0x00 0x00 0x00 0x00 0x00 0x56 0x65 0x19 0x40 0x3d 0x0a 0x17 0x40 0x33 0xa5 0x56 0x41 0xf3 0x34 0x0c 0x41 0x00 0x00 0x00 0x3f 0x00 0x00 0x68 0x41 0x4c 0xb2 0xdf 0x40 0x12 0xe5 0xa5 0x40 0x63 0xc0
[2026-07-07 13:16:07] Send self decision info: 0xa5 0x0e 0x00 0x00 0x37 0x01 0x03 0x21 0x01 0x6d 0x00 0x80 0x80 0x00 0x02 0x31 0x32 0x33 0x34 0x35 0x36 0x9d 0x8d
[2026-07-07 13:16:07] Generated sentinel field info: 0xa5 0x36 0x00 0x00 0xcc 0x01 0x03 0x02 0x02 0x6d 0x00 0x6b 0x00 0x3c 0xdc 0xe2 0x40 0xf7 0x2c 0x1b 0x41 0x00 0x00 0x00 0x00 0x00 0x00 0x00 0x00 0x56 0x65 0x19 0x40 0x3d 0x0a 0x17 0x40 0x15 0x0f 0x55 0x41 0x77 0xce 0x08 0x41 0x00 0x00 0x00 0x3f 0x00 0x00 0x68 0x41 0xe0 0xb4 0xdf 0x40 0xd6 0xe0 0xa5 0x40 0x01 0xcf
[2026-07-07 13:16:07] Send self decision info: 0xa5 0x0e 0x00 0x00 0x37 0x01 0x03 0x21 0x01 0x6d 0x00 0x80 0x80 0x00 0x02 0x31 0x32 0x33 0x34 0x35 0x36 0x9d 0x8d
[2026-07-07 13:16:07] Preparing to send all location info: [ 7.07, 9.69 ], [ 0.00, 0.00 ], [ 2.40, 2.36 ], [ 13.25, 8.44 ], [ 0.50, 14.50 ], [ 6.97, 5.17 ], [ 0.00, 0.00 ], [ 21.04, 10.76 ], [ 19.90, 10.03 ], [ 15.39, 6.05 ], [ 27.50, 0.50 ], [ 15.40, 11.29 ]
[2026-07-07 13:16:07] Generated sentinel field info: 0xa5 0x36 0x00 0x00 0xcc 0x01 0x03 0x02 0x02 0x6d 0x00 0x6b 0x00 0x54 0x27 0xe2 0x40 0x9c 0x09 0x1b 0x41 0x00 0x00 0x00 0x00 0x00 0x00 0x00 0x00 0x56 0x65 0x19 0x40 0x3d 0x0a 0x17 0x40 0x66 0x04 0x54 0x41 0xdd 0x06 0x07 0x41 0x00 0x00 0x00 0x3f 0x00 0x00 0x68 0x41 0x24 0x1f 0xdf 0x40 0x62 0x75 0xa5 0x40 0x23 0x47
[2026-07-07 13:16:08] Send self decision info: 0xa5 0x0e 0x00 0x00 0x37 0x01 0x03 0x21 0x01 0x6d 0x00 0x80 0x80 0x00 0x02 0x31 0x32 0x33 0x34 0x35 0x36 0x9d 0x8d
[2026-07-07 13:16:08] Generated sentinel field info: 0xa5 0x36 0x00 0x00 0xcc 0x01 0x03 0x02 0x02 0x6d 0x00 0x6b 0x00 0xd4 0xfe 0xe2 0x40 0x3d 0x14 0x1b 0x41 0x00 0x00 0x00 0x00 0x00 0x00 0x00 0x00 0x56 0x65 0x19 0x40 0x3d 0x0a 0x17 0x40 0x78 0x48 0x51 0x41 0xda 0xbd 0x05 0x41 0x00 0x00 0x00 0x3f 0x00 0x00 0x68 0x41 0x9c 0xf4 0xdf 0x40 0x34 0x78 0xa5 0x40 0x0e 0x2c
[2026-07-07 13:16:08] Send self decision info: 0xa5 0x0e 0x00 0x00 0x37 0x01 0x03 0x21 0x01 0x6d 0x00 0x80 0x80 0x00 0x02 0x31 0x32 0x33 0x34 0x35 0x36 0x9d 0x8d
[2026-07-07 13:16:08] Preparing to send all location info: [ 7.09, 9.70 ], [ 0.00, 0.00 ], [ 2.40, 2.36 ], [ 12.93, 8.36 ], [ 0.50, 14.50 ], [ 7.03, 5.17 ], [ 0.00, 0.00 ], [ 21.04, 10.76 ], [ 19.90, 10.03 ], [ 15.27, 6.04 ], [ 27.50, 0.50 ], [ 15.40, 11.29 ]
[2026-07-07 13:16:08] Generated sentinel field info: 0xa5 0x36 0x00 0x00 0xcc 0x01 0x03 0x02 0x02 0x6d 0x00 0x6b 0x00 0x20 0xba 0xe2 0x40 0x57 0x45 0x1b 0x41 0x00 0x00 0x00 0x00 0x00 0x00 0x00 0x00 0x56 0x65 0x19 0x40 0x3d 0x0a 0x17 0x40 0xfe 0xcc 0x4e 0x41 0xd3 0xae 0x05 0x41 0x00 0x00 0x00 0x3f 0x00 0x00 0x68 0x41 0xfc 0xda 0xe0 0x40 0xe7 0x5f 0xa5 0x40 0x28 0x90
[2026-07-07 13:16:08] Send self decision info: 0xa5 0x0e 0x00 0x00 0x37 0x01 0x03 0x21 0x01 0x6d 0x00 0x80 0x80 0x00 0x02 0x31 0x32 0x33 0x34 0x35 0x36 0x9d 0x8d
[2026-07-07 13:16:08] Send self decision info: 0xa5 0x0e 0x00 0x00 0x37 0x01 0x03 0x21 0x01 0x6d 0x00 0x80 0x80 0x00 0x02 0x31 0x32 0x33 0x34 0x35 0x36 0x9d 0x8d
[2026-07-07 13:16:08] Preparing to send all location info: [ 7.08, 9.71 ], [ 0.00, 0.00 ], [ 2.40, 2.36 ], [ 12.33, 8.46 ], [ 0.50, 14.50 ], [ 6.97, 5.17 ], [ 0.00, 0.00 ], [ 21.04, 10.76 ], [ 19.90, 10.03 ], [ 14.89, 5.99 ], [ 27.50, 0.50 ], [ 15.40, 11.29 ]
[2026-07-07 13:16:08] Generated sentinel field info: 0xa5 0x36 0x00 0x00 0xcc 0x01 0x03 0x02 0x02 0x6d 0x00 0x6b 0x00 0x58 0x9c 0xe2 0x40 0xa0 0x5a 0x1b 0x41 0x00 0x00 0x00 0x00 0x00 0x00 0x00 0x00 0x56 0x65 0x19 0x40 0x3d 0x0a 0x17 0x40 0x07 0x4b 0x45 0x41 0xe3 0x65 0x07 0x41 0x00 0x00 0x00 0x3f 0x00 0x00 0x68 0x41 0x78 0x1c 0xdf 0x40 0xc3 0x79 0xa5 0x40 0x9f 0x16
[2026-07-07 13:16:08] Send self decision info: 0xa5 0x0e 0x00 0x00 0x37 0x01 0x03 0x21 0x01 0x6d 0x00 0x80 0x80 0x00 0x02 0x31 0x32 0x33 0x34 0x35 0x36 0x9d 0x8d
[2026-07-07 13:16:08] Generated sentinel field info: 0xa5 0x36 0x00 0x00 0xcc 0x01 0x03 0x02 0x02 0x6d 0x00 0x6b 0x00 0x88 0x7d 0xe2 0x40 0xa6 0x70 0x1b 0x41 0x00 0x00 0x00 0x00 0x00 0x00 0x00 0x00 0x56 0x65 0x19 0x40 0x3d 0x0a 0x17 0x40 0x25 0xb3 0x42 0x41 0xb9 0x97 0x07 0x41 0x00 0x00 0x00 0x3f 0x00 0x00 0x68 0x41 0x24 0x6d 0xe0 0x40 0x06 0x14 0xa6 0x40 0x2f 0x03
[2026-07-07 13:16:09] Send self decision info: 0xa5 0x0e 0x00 0x00 0x37 0x01 0x03 0x21 0x01 0x6d 0x00 0x80 0x80 0x00 0x02 0x31 0x32 0x33 0x34 0x35 0x36 0x9d 0x8d
[2026-07-07 13:16:09] Preparing to send all location info: [ 7.05, 9.71 ], [ 0.00, 0.00 ], [ 2.40, 2.36 ], [ 11.98, 8.43 ], [ 0.50, 14.50 ], [ 7.01, 5.19 ], [ 0.00, 0.00 ], [ 21.04, 10.76 ], [ 19.90, 10.03 ], [ 14.52, 6.03 ], [ 27.50, 0.50 ], [ 15.40, 11.29 ]
[2026-07-07 13:16:09] Generated sentinel field info: 0xa5 0x36 0x00 0x00 0xcc 0x01 0x03 0x02 0x02 0x6d 0x00 0x6b 0x00 0x4c 0xb0 0xe1 0x40 0xca 0x5e 0x1b 0x41 0x00 0x00 0x00 0x00 0x00 0x00 0x00 0x00 0x56 0x65 0x19 0x40 0x3d 0x0a 0x17 0x40 0x06 0xa5 0x3f 0x41 0xb2 0xeb 0x06 0x41 0x00 0x00 0x00 0x3f 0x00 0x00 0x68 0x41 0x14 0x5b 0xe0 0x40 0xa9 0x31 0xa6 0x40 0xef 0x81
[2026-07-07 13:16:09] Send self decision info: 0xa5 0x0e 0x00 0x00 0x37 0x01 0x03 0x21 0x01 0x6d 0x00 0x80 0x80 0x00 0x02 0x31 0x32 0x33 0x34 0x35 0x36 0x9d 0x8d
[2026-07-07 13:16:09] Generated sentinel field info: 0xa5 0x36 0x00 0x00 0xcc 0x01 0x03 0x02 0x02 0x6d 0x00 0x6b 0x00 0x7c 0xde 0xe1 0x40 0xbb 0x3d 0x1b 0x41 0x00 0x00 0x00 0x00 0x00 0x00 0x00 0x00 0x56 0x65 0x19 0x40 0x3d 0x0a 0x17 0x40 0x8e 0xfe 0x3b 0x41 0x25 0x93 0x05 0x41 0x00 0x00 0x00 0x3f 0x00 0x00 0x68 0x41 0x30 0xe7 0xe0 0x40 0xe3 0x4b 0xa5 0x40 0x93 0xa3
[2026-07-07 13:16:09] Send self decision info: 0xa5 0x0e 0x00 0x00 0x37 0x01 0x03 0x21 0x01 0x6d 0x00 0x80 0x80 0x00 0x02 0x31 0x32 0x33 0x34 0x35 0x36 0x9d 0x8d
[2026-07-07 13:16:09] Preparing to send all location info: [ 7.03, 9.70 ], [ 0.00, 0.00 ], [ 2.40, 2.36 ], [ 11.54, 8.29 ], [ 0.50, 14.50 ], [ 7.04, 5.10 ], [ 0.00, 0.00 ], [ 21.04, 10.76 ], [ 19.90, 10.03 ], [ 14.41, 6.12 ], [ 27.50, 0.50 ], [ 15.40, 11.29 ]
[2026-07-07 13:16:09] Generated sentinel field info: 0xa5 0x36 0x00 0x00 0xcc 0x01 0x03 0x02 0x02 0x6d 0x00 0x6b 0x00 0x28 0x0c 0xe1 0x40 0xbd 0x2f 0x1b 0x41 0x00 0x00 0x00 0x00 0x00 0x00 0x00 0x00 0x56 0x65 0x19 0x40 0x3d 0x0a 0x17 0x40 0x1c 0xb1 0x38 0x41 0xdf 0x96 0x04 0x41 0x00 0x00 0x00 0x3f 0x00 0x00 0x68 0x41 0xb8 0x5c 0xe1 0x40 0xfb 0x28 0xa3 0x40 0x15 0x8b
[2026-07-07 13:16:09] Send self decision info: 0xa5 0x0e 0x00 0x00 0x37 0x01 0x03 0x21 0x01 0x6d 0x00 0x80 0x80 0x00 0x02 0x31 0x32 0x33 0x34 0x35 0x36 0x9d 0x8d
[2026-07-07 13:16:09] Generated sentinel field info: 0xa5 0x36 0x00 0x00 0xcc 0x01 0x03 0x02 0x02 0x6d 0x00 0x6b 0x00 0x7c 0x15 0xe0 0x40 0x1b 0x3c 0x1b 0x41 0x00 0x00 0x00 0x00 0x00 0x00 0x00 0x00 0x56 0x65 0x19 0x40 0x3d 0x0a 0x17 0x40 0xd4 0x07 0x34 0x41 0x53 0x35 0x03 0x41 0x00 0x00 0x00 0x3f 0x00 0x00 0x68 0x41 0x7c 0xa0 0xe4 0x40 0x3f 0x94 0xa0 0x40 0xd2 0x44
[2026-07-07 13:16:09] Send self decision info: 0xa5 0x0e 0x00 0x00 0x37 0x01 0x03 0x21 0x01 0x6d 0x00 0x80 0x80 0x00 0x02 0x31 0x32 0x33 0x34 0x35 0x36 0x9d 0x8d
[2026-07-07 13:16:09] Preparing to send all location info: [ 7.00, 9.71 ], [ 0.00, 0.00 ], [ 2.40, 2.36 ], [ 11.02, 8.13 ], [ 0.50, 14.50 ], [ 7.18, 5.01 ], [ 0.00, 0.00 ], [ 21.04, 10.76 ], [ 19.90, 10.03 ], [ 14.41, 6.11 ], [ 27.50, 0.50 ], [ 15.40, 11.29 ]
[2026-07-07 13:16:09] Generated sentinel field info: 0xa5 0x36 0x00 0x00 0xcc 0x01 0x03 0x02 0x02 0x6d 0x00 0x6b 0x00 0xd0 0xe3 0xdf 0x40 0xbe 0x5f 0x1b 0x41 0x00 0x00 0x00 0x00 0x00 0x00 0x00 0x00 0x56 0x65 0x19 0x40 0x3d 0x0a 0x17 0x40 0x42 0x53 0x30 0x41 0xe0 0x27 0x02 0x41 0x00 0x00 0x00 0x3f 0x00 0x00 0x68 0x41 0x24 0x9b 0xe5 0x40 0x8c 0x5d 0xa0 0x40 0xbe 0x4e
[2026-07-07 13:16:10] Send self decision info: 0xa5 0x0e 0x00 0x00 0x37 0x01 0x03 0x21 0x01 0x6d 0x00 0x80 0x80 0x00 0x02 0x31 0x32 0x33 0x34 0x35 0x36 0x9d 0x8d
[2026-07-07 13:16:10] Generated sentinel field info: 0xa5 0x36 0x00 0x00 0xcc 0x01 0x03 0x02 0x02 0x6d 0x00 0x6b 0x00 0xd8 0xf3 0xdf 0x40 0x3d 0x54 0x1b 0x41 0x00 0x00 0x00 0x00 0x00 0x00 0x00 0x00 0x56 0x65 0x19 0x40 0x3d 0x0a 0x17 0x40 0xee 0xa5 0x2c 0x41 0xd8 0x23 0x01 0x41 0x00 0x00 0x00 0x3f 0x00 0x00 0x68 0x41 0x54 0x5b 0xe5 0x40 0xf2 0xc5 0xa0 0x40 0x35 0xc8
[2026-07-07 13:16:10] Send self decision info: 0xa5 0x0e 0x00 0x00 0x37 0x01 0x03 0x21 0x01 0x6d 0x00 0x80 0x80 0x00 0x02 0x31 0x32 0x33 0x34 0x35 0x36 0x9d 0x8d
[2026-07-07 13:16:10] Preparing to send all location info: [ 7.02, 9.71 ], [ 0.00, 0.00 ], [ 2.40, 2.36 ], [ 10.34, 7.95 ], [ 0.50, 14.50 ], [ 7.17, 5.02 ], [ 0.00, 0.00 ], [ 21.04, 10.76 ], [ 19.90, 10.03 ], [ 14.38, 6.11 ], [ 27.50, 0.50 ], [ 15.40, 11.29 ]
[2026-07-07 13:16:10] Generated sentinel field info: 0xa5 0x36 0x00 0x00 0xcc 0x01 0x03 0x02 0x02 0x6d 0x00 0x6b 0x00 0x38 0xbe 0xe0 0x40 0x95 0x67 0x1b 0x41 0x00 0x00 0x00 0x00 0x00 0x00 0x00 0x00 0x56 0x65 0x19 0x40 0x3d 0x0a 0x17 0x40 0x5a 0x5f 0x25 0x41 0x13 0x73 0xfe 0x40 0x00 0x00 0x00 0x3f 0x00 0x00 0x68 0x41 0x20 0x66 0xe5 0x40 0x49 0xb4 0xa0 0x40 0x14 0x17
[2026-07-07 13:16:10] Send self decision info: 0xa5 0x0e 0x00 0x00 0x37 0x01 0x03 0x21 0x01 0x6d 0x00 0x80 0x80 0x00 0x02 0x31 0x32 0x33 0x34 0x35 0x36 0x9d 0x8d
[2026-07-07 13:16:10] Generated sentinel field info: 0xa5 0x36 0x00 0x00 0xcc 0x01 0x03 0x02 0x02 0x6d 0x00 0x6b 0x00 0x38 0x30 0xe0 0x40 0xed 0x28 0x1b 0x41 0x00 0x00 0x00 0x00 0x00 0x00 0x00 0x00 0x56 0x65 0x19 0x40 0x3d 0x0a 0x17 0x40 0x64 0x46 0x18 0x41 0xc4 0x5b 0xf7 0x40 0x00 0x00 0x00 0x3f 0x00 0x00 0x68 0x41 0x34 0x64 0xe5 0x40 0x6a 0xb7 0xa0 0x40 0xea 0x38
[2026-07-07 13:16:10] Send self decision info: 0xa5 0x0e 0x00 0x00 0x37 0x01 0x03 0x21 0x01 0x6d 0x00 0x80 0x80 0x00 0x02 0x31 0x32 0x33 0x34 0x35 0x36 0x9d 0x8d
[2026-07-07 13:16:10] Preparing to send all location info: [ 7.01, 9.74 ], [ 0.00, 0.00 ], [ 2.40, 2.36 ], [ 8.86, 7.56 ], [ 0.50, 14.50 ], [ 7.17, 5.02 ], [ 0.00, 0.00 ], [ 21.04, 10.76 ], [ 19.90, 10.03 ], [ 14.42, 6.10 ], [ 27.50, 0.50 ], [ 15.40, 11.29 ]
[2026-07-07 13:16:10] Generated sentinel field info: 0xa5 0x36 0x00 0x00 0xcc 0x01 0x03 0x02 0x02 0x6d 0x00 0x6b 0x00 0x4c 0x34 0xe0 0x40 0x6b 0xca 0x1b 0x41 0x00 0x00 0x00 0x00 0x00 0x00 0x00 0x00 0x56 0x65 0x19 0x40 0x3d 0x0a 0x17 0x40 0xa4 0xc4 0x0d 0x41 0x85 0xd1 0xf1 0x40 0x00 0x00 0x00 0x3f 0x00 0x00 0x68 0x41 0x44 0x75 0xe5 0x40 0x81 0x9b 0xa0 0x40 0xb2 0xc5
[2026-07-07 13:16:10] Send self decision info: 0xa5 0x0e 0x00 0x00 0x37 0x01 0x03 0x21 0x01 0x6d 0x00 0x80 0x80 0x00 0x02 0x31 0x32 0x33 0x34 0x35 0x36 0x9d 0x8d
[2026-07-07 13:16:10] Generated sentinel field info: 0xa5 0x36 0x00 0x00 0xcc 0x01 0x03 0x02 0x02 0x6d 0x00 0x6b 0x00 0x28 0x88 0xda 0x40 0xcb 0x06 0x1c 0x41 0x00 0x00 0x00 0x00 0x00 0x00 0x00 0x00 0x56 0x65 0x19 0x40 0x3d 0x0a 0x17 0x40 0x84 0x74 0xf5 0x40 0x1e 0xef 0xe8 0x40 0x00 0x00 0x00 0x3f 0x00 0x00 0x68 0x41 0xc8 0x57 0xe6 0x40 0xef 0x8c 0xa0 0x40 0x71 0xa0
[2026-07-07 13:16:11] Send self decision info: 0xa5 0x0e 0x00 0x00 0x37 0x01 0x03 0x21 0x01 0x6d 0x00 0x80 0x80 0x00 0x02 0x31 0x32 0x33 0x34 0x35 0x36 0x9d 0x8d
[2026-07-07 13:16:11] Preparing to send all location info: [ 6.74, 9.76 ], [ 0.00, 0.00 ], [ 2.40, 2.36 ], [ 7.20, 7.11 ], [ 0.50, 14.50 ], [ 7.17, 5.02 ], [ 0.00, 0.00 ], [ 21.04, 10.76 ], [ 19.90, 10.03 ], [ 14.68, 6.09 ], [ 27.50, 0.50 ], [ 15.40, 11.29 ]
[2026-07-07 13:16:11] Generated sentinel field info: 0xa5 0x36 0x00 0x00 0xcc 0x01 0x03 0x02 0x02 0x6d 0x00 0x6b 0x00 0xd4 0xb3 0xd7 0x40 0x46 0x28 0x1c 0x41 0x00 0x00 0x00 0x00 0x00 0x00 0x00 0x00 0x56 0x65 0x19 0x40 0x3d 0x0a 0x17 0x40 0x2c 0x53 0xe6 0x40 0xc1 0x93 0xe3 0x40 0x00 0x00 0x00 0x3f 0x00 0x00 0x68 0x41 0xf4 0x85 0xe5 0x40 0x34 0x80 0xa0 0x40 0xd4 0xdf
[2026-07-07 13:16:11] Send self decision info: 0xa5 0x0e 0x00 0x00 0x37 0x01 0x03 0x21 0x01 0x6d 0x00 0x80 0x80 0x00 0x02 0x31 0x32 0x33 0x34 0x35 0x36 0x9d 0x8d
[2026-07-07 13:16:11] Generated sentinel field info: 0xa5 0x36 0x00 0x00 0xcc 0x01 0x03 0x02 0x02 0x6d 0x00 0x6b 0x00 0xfc 0xb8 0xd3 0x40 0x4c 0x80 0x1c 0x41 0x00 0x00 0x00 0x00 0x00 0x00 0x00 0x00 0x56 0x65 0x19 0x40 0x3d 0x0a 0x17 0x40 0x04 0xc2 0xd4 0x40 0x8b 0x8d 0xdd 0x40 0x00 0x00 0x00 0x3f 0x00 0x00 0x68 0x41 0x64 0x59 0xe6 0x40 0x4c 0x8a 0xa0 0x40 0x37 0xeb
[2026-07-07 13:16:11] Send self decision info: 0xa5 0x0e 0x00 0x00 0x37 0x01 0x03 0x21 0x01 0x6d 0x00 0x80 0x80 0x00 0x02 0x31 0x32 0x33 0x34 0x35 0x36 0x9d 0x8d
[2026-07-07 13:16:11] Preparing to send all location info: [ 6.50, 9.79 ], [ 0.00, 0.00 ], [ 2.40, 2.36 ], [ 6.33, 6.78 ], [ 0.50, 14.50 ], [ 7.20, 5.02 ], [ 0.00, 0.00 ], [ 21.04, 10.76 ], [ 19.90, 10.03 ], [ 14.97, 6.10 ], [ 27.50, 0.50 ], [ 15.40, 11.29 ]
[2026-07-07 13:16:11] Generated sentinel field info: 0xa5 0x36 0x00 0x00 0xcc 0x01 0x03 0x02 0x02 0x6d 0x00 0x6b 0x00 0x70 0x1b 0xd0 0x40 0xcf 0x99 0x1c 0x41 0x00 0x00 0x00 0x00 0x00 0x00 0x00 0x00 0x56 0x65 0x19 0x40 0x3d 0x0a 0x17 0x40 0x70 0x68 0xca 0x40 0xc0 0xd8 0xd8 0x40 0x00 0x00 0x00 0x3f 0x00 0x00 0x68 0x41 0xa8 0x4e 0xe6 0x40 0xd8 0x9b 0xa0 0x40 0xf8 0x8e
[2026-07-07 13:16:11] Send self decision info: 0xa5 0x0e 0x00 0x00 0x37 0x01 0x03 0x21 0x01 0x6d 0x00 0x80 0x80 0x00 0x02 0x31 0x32 0x33 0x34 0x35 0x36 0x9d 0x8d
[2026-07-07 13:16:11] Send self decision info: 0xa5 0x0e 0x00 0x00 0x37 0x01 0x03 0x21 0x01 0x6d 0x00 0x80 0x80 0x00 0x02 0x31 0x32 0x33 0x34 0x35 0x36 0x9d 0x8d
[2026-07-07 13:16:11] Preparing to send all location info: [ 6.39, 9.64 ], [ 0.00, 0.00 ], [ 2.40, 2.36 ], [ 5.48, 6.27 ], [ 0.50, 14.50 ], [ 7.18, 5.04 ], [ 0.00, 0.00 ], [ 21.04, 10.76 ], [ 19.90, 10.03 ], [ 15.47, 6.11 ], [ 27.50, 0.50 ], [ 15.40, 11.29 ]
[2026-07-07 13:16:11] Generated sentinel field info: 0xa5 0x36 0x00 0x00 0xcc 0x01 0x03 0x02 0x02 0x6d 0x00 0x6b 0x00 0xf0 0x82 0xcc 0x40 0x05 0x2c 0x1a 0x41 0x00 0x00 0x00 0x00 0x00 0x00 0x00 0x00 0x56 0x65 0x19 0x40 0x3d 0x0a 0x17 0x40 0x3c 0x81 0xaf 0x40 0x0d 0xc9 0xc8 0x40 0x00 0x00 0x00 0x3f 0x00 0x00 0x68 0x41 0xe0 0xd3 0xe5 0x40 0x74 0x64 0xa1 0x40 0xc8 0x10
[2026-07-07 13:16:12] Send self decision info: 0xa5 0x0e 0x00 0x00 0x37 0x01 0x03 0x21 0x01 0x6d 0x00 0x80 0x80 0x00 0x02 0x31 0x32 0x33 0x34 0x35 0x36 0x9d 0x8d
[2026-07-07 13:16:12] Generated sentinel field info: 0xa5 0x36 0x00 0x00 0xcc 0x01 0x03 0x02 0x02 0x6d 0x00 0x6b 0x00 0x0c 0xe8 0xcb 0x40 0xdc 0x59 0x19 0x41 0x00 0x00 0x00 0x00 0x00 0x00 0x00 0x00 0x56 0x65 0x19 0x40 0x3d 0x0a 0x17 0x40 0x08 0xc1 0xa3 0x40 0xbc 0xd8 0xc2 0x40 0x00 0x00 0x00 0x3f 0x00 0x00 0x68 0x41 0x10 0xbc 0xe5 0x40 0x5a 0x8b 0xa1 0x40 0x6a 0xcc
[2026-07-07 13:16:12] Send self decision info: 0xa5 0x0e 0x00 0x00 0x37 0x01 0x03 0x21 0x01 0x6d 0x00 0x80 0x80 0x00 0x02 0x31 0x32 0x33 0x34 0x35 0x36 0x9d 0x8d
[2026-07-07 13:16:12] Preparing to send all location info: [ 6.38, 9.53 ], [ 0.00, 0.00 ], [ 2.40, 2.36 ], [ 4.80, 5.83 ], [ 0.50, 14.50 ], [ 7.07, 5.01 ], [ 0.00, 0.00 ], [ 17.96, 10.77 ], [ 19.90, 10.03 ], [ 15.64, 6.27 ], [ 27.50, 0.50 ], [ 15.40, 11.29 ]
[2026-07-07 13:16:12] Generated sentinel field info: 0xa5 0x36 0x00 0x00 0xcc 0x01 0x03 0x02 0x02 0x6d 0x00 0x6b 0x00 0xf0 0x46 0xcc 0x40 0xe6 0x70 0x18 0x41 0x00 0x00 0x00 0x00 0x00 0x00 0x00 0x00 0x56 0x65 0x19 0x40 0x3d 0x0a 0x17 0x40 0x24 0xb6 0x99 0x40 0x21 0x72 0xba 0x40 0x00 0x00 0x00 0x3f 0x00 0x00 0x68 0x41 0xec 0x48 0xe2 0x40 0x4c 0x42 0xa0 0x40 0x6e 0x40
[2026-07-07 13:16:12] Send self decision info: 0xa5 0x0e 0x00 0x00 0x37 0x01 0x03 0x21 0x01 0x6d 0x00 0x80 0x80 0x00 0x02 0x31 0x32 0x33 0x34 0x35 0x36 0x9d 0x8d
[2026-07-07 13:16:12] Generated sentinel field info: 0xa5 0x36 0x00 0x00 0xcc 0x01 0x03 0x02 0x02 0x6d 0x00 0x6b 0x00 0xd8 0x7e 0xca 0x40 0xb1 0x39 0x17 0x41 0x00 0x00 0x00 0x00 0x00 0x00 0x00 0x00 0x56 0x65 0x19 0x40 0x3d 0x0a 0x17 0x40 0x48 0x53 0x8e 0x40 0x47 0xc2 0xaf 0x40 0x00 0x00 0x00 0x3f 0x00 0x00 0x68 0x41 0x1c 0x1f 0xe3 0x40 0x8d 0x45 0xa0 0x40 0x58 0x5d
[2026-07-07 13:16:12] Send self decision info: 0xa5 0x0e 0x00 0x00 0x37 0x01 0x03 0x21 0x01 0x6d 0x00 0x80 0x80 0x00 0x02 0x31 0x32 0x33 0x34 0x35 0x36 0x9d 0x8d
[2026-07-07 13:16:12] Preparing to send all location info: [ 6.37, 9.43 ], [ 0.00, 0.00 ], [ 2.40, 2.36 ], [ 4.25, 5.32 ], [ 0.50, 14.50 ], [ 7.15, 5.01 ], [ 0.00, 0.00 ], [ 17.94, 10.79 ], [ 19.90, 10.03 ], [ 15.66, 6.30 ], [ 27.50, 0.50 ], [ 15.40, 11.29 ]
[2026-07-07 13:16:12] Generated sentinel field info: 0xa5 0x36 0x00 0x00 0xcc 0x01 0x03 0x02 0x02 0x6d 0x00 0x6b 0x00 0xc0 0xbb 0xcb 0x40 0x26 0xf0 0x16 0x41 0x00 0x00 0x00 0x00 0x00 0x00 0x00 0x00 0x56 0x65 0x19 0x40 0x3d 0x0a 0x17 0x40 0x48 0x1f 0x88 0x40 0xbc 0x4b 0xaa 0x40 0x00 0x00 0x00 0x3f 0x00 0x00 0x68 0x41 0xfc 0xbc 0xe4 0x40 0x90 0x65 0xa0 0x40 0xe7 0x32
[2026-07-07 13:16:12] Send self decision info: 0xa5 0x0e 0x00 0x00 0x37 0x01 0x03 0x21 0x01 0x6d 0x00 0x80 0x80 0x00 0x02 0x31 0x32 0x33 0x34 0x35 0x36 0x9d 0x8d
[2026-07-07 13:16:13] Send self decision info: 0xa5 0x0e 0x00 0x00 0x37 0x01 0x03 0x21 0x01 0x6d 0x00 0x80 0x80 0x00 0x02 0x31 0x32 0x33 0x34 0x35 0x36 0x9d 0x8d
[2026-07-07 13:16:13] Preparing to send all location info: [ 6.34, 9.36 ], [ 0.00, 0.00 ], [ 2.40, 2.36 ], [ 3.37, 4.92 ], [ 0.50, 14.50 ], [ 7.23, 5.04 ], [ 0.00, 0.00 ], [ 17.94, 10.79 ], [ 19.90, 10.03 ], [ 15.69, 6.21 ], [ 27.50, 0.50 ], [ 15.40, 11.29 ]
[2026-07-07 13:16:13] Generated sentinel field info: 0xa5 0x36 0x00 0x00 0xcc 0x01 0x03 0x02 0x02 0x6d 0x00 0x6b 0x00 0x78 0xd5 0xca 0x40 0x59 0xb3 0x15 0x41 0x00 0x00 0x00 0x00 0x00 0x00 0x00 0x00 0x56 0x65 0x19 0x40 0x3d 0x0a 0x17 0x40 0xc0 0x8d 0x57 0x40 0xa8 0x57 0x9d 0x40 0x00 0x00 0x00 0x3f 0x00 0x00 0x68 0x41 0xcc 0x83 0xe7 0x40 0x1b 0x6b 0xa1 0x40 0xdb 0xb3
[2026-07-07 13:16:13] Send self decision info: 0xa5 0x0e 0x00 0x00 0x37 0x01 0x03 0x21 0x01 0x6d 0x00 0x80 0x80 0x00 0x02 0x31 0x32 0x33 0x34 0x35 0x36 0x9d 0x8d
[2026-07-07 13:16:13] Send self decision info: 0xa5 0x0e 0x00 0x00 0x37 0x01 0x03 0x21 0x01 0x6d 0x00 0x80 0x80 0x00 0x02 0x31 0x32 0x33 0x34 0x35 0x36 0x9d 0x8d
[2026-07-07 13:16:13] Preparing to send all location info: [ 6.33, 9.36 ], [ 0.00, 0.00 ], [ 2.40, 2.36 ], [ 2.85, 4.68 ], [ 0.50, 14.50 ], [ 7.20, 5.06 ], [ 0.00, 0.00 ], [ 17.94, 10.79 ], [ 19.90, 10.03 ], [ 15.66, 6.14 ], [ 27.50, 0.50 ], [ 15.40, 11.29 ]
[2026-07-07 13:16:13] Generated sentinel field info: 0xa5 0x36 0x00 0x00 0xcc 0x01 0x03 0x02 0x02 0x6d 0x00 0x6b 0x00 0xc4 0xa6 0xca 0x40 0x48 0xd6 0x15 0x41 0x00 0x00 0x00 0x00 0x00 0x00 0x00 0x00 0x56 0x65 0x19 0x40 0x3d 0x0a 0x17 0x40 0x78 0x1d 0x36 0x40 0x12 0xdb 0x95 0x40 0x00 0x00 0x00 0x3f 0x00 0x00 0x68 0x41 0x04 0x64 0xe6 0x40 0xb1 0xdc 0xa1 0x40 0xd4 0xbf
[2026-07-07 13:16:13] Send self decision info: 0xa5 0x0e 0x00 0x00 0x37 0x01 0x03 0x21 0x01 0x6d 0x00 0x80 0x80 0x00 0x02 0x31 0x32 0x33 0x34 0x35 0x36 0x9d 0x8d
[2026-07-07 13:16:13] Send self decision info: 0xa5 0x0e 0x00 0x00 0x37 0x01 0x03 0x21 0x01 0x6d 0x00 0x80 0x80 0x00 0x02 0x31 0x32 0x33 0x34 0x35 0x36 0x9d 0x8d
[2026-07-07 13:16:13] Preparing to send all location info: [ 6.36, 9.37 ], [ 0.00, 0.00 ], [ 2.40, 2.36 ], [ 2.71, 4.52 ], [ 0.50, 14.50 ], [ 7.11, 5.02 ], [ 0.00, 0.00 ], [ 17.94, 10.79 ], [ 19.90, 10.03 ], [ 15.64, 6.12 ], [ 27.50, 0.50 ], [ 15.40, 11.29 ]
[2026-07-07 13:16:13] Generated sentinel field info: 0xa5 0x36 0x00 0x00 0xcc 0x01 0x03 0x02 0x02 0x6d 0x00 0x6b 0x00 0xac 0x7b 0xcb 0x40 0x19 0xda 0x15 0x41 0x00 0x00 0x00 0x00 0x00 0x00 0x00 0x00 0x56 0x65 0x19 0x40 0x3d 0x0a 0x17 0x40 0x98 0x5e 0x2d 0x40 0xd0 0xc2 0x90 0x40 0x00 0x00 0x00 0x3f 0x00 0x00 0x68 0x41 0x44 0xa7 0xe3 0x40 0x53 0xc9 0xa0 0x40 0x0a 0x02
[2026-07-07 13:16:14] Send self decision info: 0xa5 0x0e 0x00 0x00 0x37 0x01 0x03 0x21 0x01 0x6d 0x00 0x80 0x80 0x00 0x02 0x31 0x32 0x33 0x34 0x35 0x36 0x9d 0x8d
[2026-07-07 13:16:14] Generated sentinel field info: 0xa5 0x36 0x00 0x00 0xcc 0x01 0x03 0x02 0x02 0x6d 0x00 0x6b 0x00 0xf0 0x2f 0xcc 0x40 0x8e 0xf6 0x15 0x41 0x00 0x00 0x00 0x00 0x00 0x00 0x00 0x00 0x56 0x65 0x19 0x40 0x3d 0x0a 0x17 0x40 0x98 0x5e 0x2d 0x40 0xd0 0xc2 0x90 0x40 0x00 0x00 0x00 0x3f 0x00 0x00 0x68 0x41 0xc0 0x66 0xe4 0x40 0xcd 0xf2 0xa0 0x40 0x8f 0x4d
[2026-07-07 13:16:14] Send self decision info: 0xa5 0x0e 0x00 0x00 0x37 0x01 0x03 0x21 0x01 0x6d 0x00 0x80 0x80 0x00 0x02 0x31 0x32 0x33 0x34 0x35 0x36 0x9d 0x8d
[2026-07-07 13:16:14] Preparing to send all location info: [ 6.38, 9.37 ], [ 0.00, 0.00 ], [ 2.40, 2.36 ], [ 2.71, 4.52 ], [ 0.50, 14.50 ], [ 7.15, 5.02 ], [ 0.00, 0.00 ], [ 20.19, 11.12 ], [ 19.90, 10.03 ], [ 15.79, 6.20 ], [ 27.50, 0.50 ], [ 15.40, 11.29 ]
[2026-07-07 13:16:14] Send self decision info: 0xa5 0x0e 0x00 0x00 0x37 0x01 0x03 0x21 0x01 0x6d 0x00 0x80 0x80 0x00 0x02 0x31 0x32 0x33 0x34 0x35 0x36 0x9d 0x8d
[2026-07-07 13:16:14] Generated sentinel field info: 0xa5 0x36 0x00 0x00 0xcc 0x01 0x03 0x02 0x02 0x6d 0x00 0x6b 0x00 0xa0 0x32 0xcc 0x40 0x8a 0xf4 0x15 0x41 0x00 0x00 0x00 0x00 0x00 0x00 0x00 0x00 0x56 0x65 0x19 0x40 0x3d 0x0a 0x17 0x40 0x98 0x5e 0x2d 0x40 0xd0 0xc2 0x90 0x40 0x00 0x00 0x00 0x3f 0x00 0x00 0x68 0x41 0xb0 0x93 0xe5 0x40 0xc2 0x69 0xa0 0x40 0xb3 0x08
[2026-07-07 13:16:14] Send self decision info: 0xa5 0x0e 0x00 0x00 0x37 0x01 0x03 0x21 0x01 0x6d 0x00 0x80 0x80 0x00 0x02 0x31 0x32 0x33 0x34 0x35 0x36 0x9d 0x8d
[2026-07-07 13:16:14] Preparing to send all location info: [ 6.40, 9.38 ], [ 0.00, 0.00 ], [ 2.40, 2.36 ], [ 2.71, 4.52 ], [ 0.50, 14.50 ], [ 7.13, 5.00 ], [ 0.00, 0.00 ], [ 20.66, 11.03 ], [ 19.90, 10.03 ], [ 15.97, 6.45 ], [ 27.50, 0.50 ], [ 15.40, 11.29 ]
[2026-07-07 13:16:14] Generated sentinel field info: 0xa5 0x36 0x00 0x00 0xcc 0x01 0x03 0x02 0x02 0x6d 0x00 0x6b 0x00 0x80 0xd5 0xcc 0x40 0x32 0x1e 0x16 0x41 0x00 0x00 0x00 0x00 0x00 0x00 0x00 0x00 0x56 0x65 0x19 0x40 0x3d 0x0a 0x17 0x40 0x98 0x5e 0x2d 0x40 0xd0 0xc2 0x90 0x40 0x00 0x00 0x00 0x3f 0x00 0x00 0x68 0x41 0x0c 0x1e 0xe4 0x40 0x90 0x06 0xa0 0x40 0x06 0xbc
[2026-07-07 13:16:14] Send self decision info: 0xa5 0x0e 0x00 0x00 0x37 0x01 0x03 0x21 0x01 0x6d 0x00 0x80 0x80 0x00 0x02 0x31 0x32 0x33 0x34 0x35 0x36 0x9d 0x8d
[2026-07-07 13:16:15] Send self decision info: 0xa5 0x0e 0x00 0x00 0x37 0x01 0x03 0x21 0x01 0x6d 0x00 0x80 0x80 0x00 0x02 0x31 0x32 0x33 0x34 0x35 0x36 0x9d 0x8d
[2026-07-07 13:16:15] Preparing to send all location info: [ 6.38, 9.38 ], [ 0.00, 0.00 ], [ 2.40, 2.36 ], [ 2.71, 4.52 ], [ 0.50, 14.50 ], [ 7.17, 5.02 ], [ 0.00, 0.00 ], [ 20.78, 11.03 ], [ 19.90, 10.03 ], [ 16.20, 6.60 ], [ 27.50, 0.50 ], [ 15.40, 11.29 ]
[2026-07-07 13:16:15] Generated sentinel field info: 0xa5 0x36 0x00 0x00 0xcc 0x01 0x03 0x02 0x02 0x6d 0x00 0x6b 0x00 0xc8 0x20 0xcc 0x40 0xdc 0x01 0x16 0x41 0x00 0x00 0x00 0x00 0x00 0x00 0x00 0x00 0x56 0x65 0x19 0x40 0x3d 0x0a 0x17 0x40 0x98 0x5e 0x2d 0x40 0xd0 0xc2 0x90 0x40 0x00 0x00 0x00 0x3f 0x00 0x00 0x68 0x41 0xf4 0x63 0xe5 0x40 0xd7 0xb7 0xa0 0x40 0x27 0xb7
[2026-07-07 13:16:15] Send self decision info: 0xa5 0x0e 0x00 0x00 0x37 0x01 0x03 0x21 0x01 0x6d 0x00 0x80 0x80 0x00 0x02 0x31 0x32 0x33 0x34 0x35 0x36 0x9d 0x8d
[2026-07-07 13:16:15] Generated sentinel field info: 0xa5 0x36 0x00 0x00 0xcc 0x01 0x03 0x02 0x02 0x6d 0x00 0x6b 0x00 0x70 0x34 0xcc 0x40 0x31 0xf3 0x15 0x41 0x00 0x00 0x00 0x00 0x00 0x00 0x00 0x00 0x56 0x65 0x19 0x40 0x3d 0x0a 0x17 0x40 0x98 0x5e 0x2d 0x40 0xd0 0xc2 0x90 0x40 0x00 0x00 0x00 0x3f 0x00 0x00 0x68 0x41 0x38 0x80 0xe4 0x40 0x18 0xc9 0xa0 0x40 0xf1 0x2b
[2026-07-07 13:16:15] Send self decision info: 0xa5 0x0e 0x00 0x00 0x37 0x01 0x03 0x21 0x01 0x6d 0x00 0x80 0x80 0x00 0x02 0x31 0x32 0x33 0x34 0x35 0x36 0x9d 0x8d
[2026-07-07 13:16:15] Preparing to send all location info: [ 6.36, 9.37 ], [ 0.00, 0.00 ], [ 2.40, 2.36 ], [ 2.71, 4.52 ], [ 0.50, 14.50 ], [ 7.14, 5.02 ], [ 0.00, 0.00 ], [ 20.89, 11.16 ], [ 19.90, 10.03 ], [ 16.29, 6.60 ], [ 27.50, 0.50 ], [ 15.40, 11.29 ]
[2026-07-07 13:16:15] Generated sentinel field info: 0xa5 0x36 0x00 0x00 0xcc 0x01 0x03 0x02 0x02 0x6d 0x00 0x6b 0x00 0x14 0x7e 0xcb 0x40 0x4c 0xd8 0x15 0x41 0x00 0x00 0x00 0x00 0x00 0x00 0x00 0x00 0x56 0x65 0x19 0x40 0x3d 0x0a 0x17 0x40 0x98 0x5e 0x2d 0x40 0xd0 0xc2 0x90 0x40 0x00 0x00 0x00 0x3f 0x00 0x00 0x68 0x41 0xf4 0x7e 0xe4 0x40 0x2b 0xcb 0xa0 0x40 0x5c 0x66
[2026-07-07 13:16:15] Send self decision info: 0xa5 0x0e 0x00 0x00 0x37 0x01 0x03 0x21 0x01 0x6d 0x00 0x80 0x80 0x00 0x02 0x31 0x32 0x33 0x34 0x35 0x36 0x9d 0x8d
[2026-07-07 13:16:15] Generated sentinel field info: 0xa5 0x36 0x00 0x00 0xcc 0x01 0x03 0x02 0x02 0x6d 0x00 0x6b 0x00 0x00 0x34 0xcc 0x40 0x84 0xf3 0x15 0x41 0x00 0x00 0x00 0x00 0x00 0x00 0x00 0x00 0x56 0x65 0x19 0x40 0x3d 0x0a 0x17 0x40 0x98 0x5e 0x2d 0x40 0xd0 0xc2 0x90 0x40 0x00 0x00 0x00 0x3f 0x00 0x00 0x68 0x41 0x8c 0xc2 0xe5 0x40 0xc6 0x80 0xa1 0x40 0x54 0x86
[2026-07-07 13:16:15] Send self decision info: 0xa5 0x0e 0x00 0x00 0x37 0x01 0x03 0x21 0x01 0x6d 0x00 0x80 0x80 0x00 0x02 0x31 0x32 0x33 0x34 0x35 0x36 0x9d 0x8d
[2026-07-07 13:16:15] Preparing to send all location info: [ 6.38, 9.37 ], [ 0.00, 0.00 ], [ 2.40, 2.36 ], [ 2.71, 4.52 ], [ 0.50, 14.50 ], [ 7.13, 5.04 ], [ 0.00, 0.00 ], [ 20.81, 11.32 ], [ 19.90, 10.03 ], [ 16.31, 6.62 ], [ 27.50, 0.50 ], [ 15.40, 11.29 ]
[2026-07-07 13:16:15] Generated sentinel field info: 0xa5 0x36 0x00 0x00 0xcc 0x01 0x03 0x02 0x02 0x6d 0x00 0x6b 0x00 0x00 0x25 0xcc 0x40 0xb6 0xfe 0x15 0x41 0x00 0x00 0x00 0x00 0x00 0x00 0x00 0x00 0x56 0x65 0x19 0x40 0x3d 0x0a 0x17 0x40 0x98 0x5e 0x2d 0x40 0xd0 0xc2 0x90 0x40 0x00 0x00 0x00 0x3f 0x00 0x00 0x68 0x41 0xa0 0x23 0xe4 0x40 0xc0 0x60 0xa1 0x40 0x95 0xe6
[2026-07-07 13:16:16] Send self decision info: 0xa5 0x0e 0x00 0x00 0x37 0x01 0x03 0x21 0x01 0x6d 0x00 0x80 0x80 0x00 0x02 0x31 0x32 0x33 0x34 0x35 0x36 0x9d 0x8d
[2026-07-07 13:16:16] Generated sentinel field info: 0xa5 0x36 0x00 0x00 0xcc 0x01 0x03 0x02 0x02 0x6d 0x00 0x6b 0x00 0x04 0x08 0xcc 0x40 0x56 0x14 0x16 0x41 0x00 0x00 0x00 0x00 0x00 0x00 0x00 0x00 0x56 0x65 0x19 0x40 0x3d 0x0a 0x17 0x40 0x98 0x5e 0x2d 0x40 0xd0 0xc2 0x90 0x40 0x00 0x00 0x00 0x3f 0x00 0x00 0x68 0x41 0xd4 0xbb 0xe2 0x40 0x88 0xe8 0xa0 0x40 0xf6 0x74
[2026-07-07 13:16:16] Send self decision info: 0xa5 0x0e 0x00 0x00 0x37 0x01 0x03 0x21 0x01 0x6d 0x00 0x80 0x80 0x00 0x02 0x31 0x32 0x33 0x34 0x35 0x36 0x9d 0x8d
[2026-07-07 13:16:16] Preparing to send all location info: [ 6.36, 9.37 ], [ 0.00, 0.00 ], [ 2.40, 2.36 ], [ 2.40, 2.36 ], [ 0.50, 14.50 ], [ 7.12, 5.02 ], [ 0.00, 0.00 ], [ 20.81, 11.32 ], [ 19.90, 10.03 ], [ 16.62, 6.80 ], [ 27.50, 0.50 ], [ 15.40, 11.29 ]
[2026-07-07 13:16:16] Generated sentinel field info: 0xa5 0x36 0x00 0x00 0xcc 0x01 0x03 0x02 0x02 0x6d 0x00 0x6b 0x00 0x30 0x5d 0xcb 0x40 0xde 0xf0 0x15 0x41 0x00 0x00 0x00 0x00 0x00 0x00 0x00 0x00 0x56 0x65 0x19 0x40 0x3d 0x0a 0x17 0x40 0x56 0x65 0x19 0x40 0x3d 0x0a 0x17 0x40 0x00 0x00 0x00 0x3f 0x00 0x00 0x68 0x41 0xac 0xbd 0xe3 0x40 0x9b 0xa4 0xa0 0x40 0x96 0xda
[2026-07-07 13:16:16] Send self decision info: 0xa5 0x0e 0x00 0x00 0x37 0x01 0x03 0x21 0x01 0x6d 0x00 0x80 0x80 0x00 0x02 0x31 0x32 0x33 0x34 0x35 0x36 0x9d 0x8d
[2026-07-07 13:16:16] Generated sentinel field info: 0xa5 0x36 0x00 0x00 0xcc 0x01 0x03 0x02 0x02 0x6d 0x00 0x6b 0x00 0x30 0x5d 0xcb 0x40 0xde 0xf0 0x15 0x41 0x00 0x00 0x00 0x00 0x00 0x00 0x00 0x00 0x56 0x65 0x19 0x40 0x3d 0x0a 0x17 0x40 0x56 0x65 0x19 0x40 0x3d 0x0a 0x17 0x40 0x00 0x00 0x00 0x3f 0x00 0x00 0x68 0x41 0xac 0xbd 0xe3 0x40 0x9b 0xa4 0xa0 0x40 0x96 0xda
[2026-07-07 13:16:16] Send self decision info: 0xa5 0x0e 0x00 0x00 0x37 0x01 0x03 0x21 0x01 0x6d 0x00 0x80 0x80 0x00 0x02 0x31 0x32 0x33 0x34 0x35 0x36 0x9d 0x8d
[2026-07-07 13:16:16] Preparing to send all location info: [ 6.36, 9.37 ], [ 0.00, 0.00 ], [ 2.40, 2.36 ], [ 2.40, 2.36 ], [ 0.50, 14.50 ], [ 7.12, 5.02 ], [ 0.00, 0.00 ], [ 20.81, 11.32 ], [ 19.90, 10.03 ], [ 16.62, 6.80 ], [ 27.50, 0.50 ], [ 15.40, 11.29 ]
[2026-07-07 13:16:16] Generated sentinel field info: 0xa5 0x36 0x00 0x00 0xcc 0x01 0x03 0x02 0x02 0x6d 0x00 0x6b 0x00 0x30 0x5d 0xcb 0x40 0xde 0xf0 0x15 0x41 0x00 0x00 0x00 0x00 0x00 0x00 0x00 0x00 0x56 0x65 0x19 0x40 0x3d 0x0a 0x17 0x40 0x56 0x65 0x19 0x40 0x3d 0x0a 0x17 0x40 0x00 0x00 0x00 0x3f 0x00 0x00 0x68 0x41 0xac 0xbd 0xe3 0x40 0x9b 0xa4 0xa0 0x40 0x96 0xda
